anon_polygon_id,date,primary_ndvi_pred,lower_empirical90,upper_empirical90
AOI-0005,2010-05-02,0.2437635068,0.162502545766233,0.32502446783376704
AOI-0005,2010-07-28,0.2857546526,0.20449369156623298,0.367015613633767
AOI-0005,2010-08-05,0.2229307617,0.141669800666233,0.30419172273376704
AOI-0005,2010-08-29,0.2689200458,0.187659084766233,0.350181006833767
AOI-0005,2010-08-30,0.2307456038,0.149484642766233,0.312006564833767
AOI-0005,2010-09-06,0.2206534305,0.139392469466233,0.301914391533767
AOI-0005,2011-04-02,0.2770829247,0.195821963666233,0.358343885733767
AOI-0005,2011-06-06,0.7730679667,0.691807005666233,0.854328927733767
AOI-0005,2011-06-26,0.5534964197,0.47223545866623295,0.634757380733767
AOI-0005,2011-09-02,0.4085613322,0.327300371166233,0.489822293233767
AOI-0005,2012-04-04,0.166438139,0.085177177966233,0.24769910003376702
AOI-0005,2012-04-29,0.5421108766,0.460849915566233,0.623371837633767
AOI-0005,2012-05-06,0.5853470506,0.504086089566233,0.666608011633767
AOI-0005,2012-05-31,0.7969687556,0.715707794566233,0.878229716633767
AOI-0005,2012-08-10,0.1816732425,0.10041228146623299,0.262934203533767
AOI-0005,2012-08-12,0.2832817815,0.202020820466233,0.364542742533767
AOI-0005,2013-06-26,0.3649664887,0.28370552766623297,0.446227449733767
AOI-0005,2013-07-12,0.3135304136,0.232269452566233,0.394791374633767
AOI-0005,2013-08-21,0.432488827,0.351227865966233,0.513749788033767
AOI-0005,2013-08-29,0.4522754485,0.371014487466233,0.533536409533767
AOI-0005,2014-04-18,0.3820744353,0.300813474266233,0.463335396333767
AOI-0005,2014-04-27,0.5386126546,0.45735169356623295,0.619873615633767
AOI-0005,2014-05-04,0.6499624503,0.568701489266233,0.731223411333767
AOI-0005,2014-05-09,0.7591048424,0.677843881366233,0.840365803433767
AOI-0005,2014-06-10,0.6694277489,0.588166787866233,0.750688709933767
AOI-0005,2014-07-28,0.447685395,0.366424433966233,0.528946356033767
AOI-0005,2014-10-03,0.2341361567,0.15287519566623298,0.315397117733767
AOI-0005,2015-05-23,0.7349884322,0.653727471166233,0.816249393233767
AOI-0005,2015-06-10,0.7649985871,0.683737626066233,0.846259548133767
AOI-0005,2015-10-06,0.1949399285,0.11367896746623299,0.276200889533767
AOI-0005,2016-04-22,0.6463463189,0.565085357866233,0.7276072799337671
AOI-0005,2016-05-08,0.7681546994,0.686893738366233,0.849415660433767
AOI-0005,2016-09-13,0.3654408306,0.284179869566233,0.446701791633767
AOI-0005,2017-04-11,0.1635730501,0.082312089066233,0.24483401113376702
AOI-0005,2017-04-23,0.5488248497,0.467563888666233,0.630085810733767
AOI-0005,2017-04-26,0.3805848076,0.299323846566233,0.46184576863376703
AOI-0005,2017-07-23,0.5184421911,0.437181230066233,0.599703152133767
AOI-0005,2017-09-25,0.4946216461,0.41336068506623297,0.575882607133767
AOI-0005,2017-10-04,0.4350270102,0.353766049166233,0.516287971233767
AOI-0005,2018-05-01,0.593298811,0.512037849966233,0.674559772033767
AOI-0005,2018-05-16,0.6850411395,0.603780178466233,0.766302100533767
AOI-0005,2018-06-01,0.6473100602,0.566049099166233,0.728571021233767
AOI-0005,2018-07-10,0.3960918051,0.314830844066233,0.47735276613376704
AOI-0005,2018-08-27,0.3933218506,0.312060889566233,0.47458281163376703
AOI-0005,2018-09-30,0.3793630854,0.298102124366233,0.46062404643376703
AOI-0005,2019-04-26,0.617453781,0.536192819966233,0.698714742033767
AOI-0005,2019-05-11,0.7366929733,0.655432012266233,0.8179539343337671
AOI-0005,2019-05-18,0.8054061709,0.724145209866233,0.886667131933767
AOI-0005,2019-05-21,0.7959908404,0.714729879366233,0.877251801433767
AOI-0005,2019-06-11,0.6865298296,0.605268868566233,0.767790790633767
AOI-0005,2019-06-25,0.5220950279,0.44083406686623294,0.603355988933767
AOI-0005,2019-07-12,0.4801886914,0.39892773036623297,0.561449652433767
AOI-0005,2019-08-23,0.3177198165,0.23645885546623296,0.398980777533767
AOI-0005,2019-08-24,0.3253112509,0.244050289866233,0.406572211933767
AOI-0005,2019-09-03,0.3575040982,0.276243137166233,0.438765059233767
AOI-0005,2019-09-07,0.4134410293,0.332180068266233,0.494701990333767
AOI-0005,2019-09-08,0.3518782096,0.270617248566233,0.433139170633767
AOI-0005,2019-09-15,0.2978549589,0.216593997866233,0.37911591993376703
AOI-0005,2020-04-22,0.4154905374,0.334229576366233,0.49675149843376704
AOI-0005,2020-05-08,0.7128041304,0.631543169366233,0.794065091433767
AOI-0005,2020-08-16,0.4767687758,0.395507814766233,0.558029736833767
AOI-0005,2020-08-23,0.4021691951,0.320908234066233,0.483430156133767
AOI-0005,2020-08-24,0.4595581418,0.378297180766233,0.540819102833767
AOI-0005,2020-09-02,0.3666768117,0.285415850666233,0.447937772733767
AOI-0005,2020-09-17,0.3068314416,0.22557048056623297,0.388092402633767
AOI-0005,2020-09-29,0.32493428,0.243673318966233,0.40619524103376703
AOI-0005,2021-04-21,0.4782984252,0.397037464166233,0.559559386233767
AOI-0005,2021-07-12,0.5109445282,0.429683567166233,0.592205489233767
AOI-0005,2021-08-29,0.4176645937,0.33640363266623297,0.498925554733767
AOI-0005,2021-09-04,0.3304096541,0.249148693066233,0.411670615133767
AOI-0005,2021-09-30,0.388261113,0.307000151966233,0.469522074033767
AOI-0005,2021-10-14,0.3049767335,0.22371577246623298,0.386237694533767
AOI-0005,2022-05-09,0.7752886044,0.694027643366233,0.856549565433767
AOI-0005,2022-05-30,0.812650766,0.731389804966233,0.893911727033767
AOI-0005,2022-07-19,0.4614045947,0.380143633666233,0.542665555733767
AOI-0005,2022-07-21,0.4562655836,0.375004622566233,0.537526544633767
AOI-0005,2022-07-28,0.5022019348,0.42094097376623296,0.583462895833767
AOI-0005,2022-08-03,0.4074175935,0.326156632466233,0.488678554533767
AOI-0005,2022-08-14,0.4999599094,0.418698948366233,0.581220870433767
AOI-0005,2022-08-28,0.4067533938,0.32549243276623296,0.488014354833767
AOI-0005,2022-10-01,0.4126415611,0.331380600066233,0.493902522133767
AOI-0005,2023-07-14,0.5759697232,0.49470876216623294,0.657230684233767
AOI-0005,2023-07-29,0.5262220022,0.44496104116623303,0.607482963233767
AOI-0005,2023-08-08,0.5122483628,0.43098740176623296,0.593509323833767
AOI-0005,2023-08-29,0.4340068917,0.352745930666233,0.5152678527337671
AOI-0005,2023-09-12,0.3697482009,0.288487239866233,0.451009161933767
AOI-0005,2023-09-14,0.3939682925,0.312707331466233,0.475229253533767
AOI-0005,2023-09-26,0.3492432891,0.267982328066233,0.43050425013376703
AOI-0005,2023-10-17,0.2305047292,0.149243768166233,0.311765690233767
AOI-0005,2024-05-31,0.7004713098,0.619210348766233,0.7817322708337671
AOI-0005,2024-06-03,0.6858831498,0.604622188766233,0.767144110833767
AOI-0005,2024-07-28,0.3953098131,0.314048852066233,0.47657077413376703
AOI-0005,2024-08-22,0.3230962498,0.241835288766233,0.404357210833767
AOI-0005,2024-08-28,0.3724326482,0.291171687166233,0.453693609233767
AOI-0005,2024-09-16,0.3009193601,0.21965839906623297,0.382180321133767
AOI-0006,2010-04-15,0.455018842,0.37375788096623297,0.536279803033767
AOI-0006,2010-05-09,0.7893368824,0.708075921366233,0.870597843433767
AOI-0006,2010-07-13,0.2733194238,0.192058462766233,0.354580384833767
AOI-0006,2010-07-28,0.2629755855,0.181714624466233,0.344236546533767
AOI-0006,2010-07-29,0.2260196218,0.14475866076623298,0.307280582833767
AOI-0006,2010-08-05,0.1967921898,0.11553122876623298,0.278053150833767
AOI-0006,2011-04-02,0.1330240836,0.051763122566233,0.21428504463376702
AOI-0006,2011-04-19,0.1892669807,0.108006019666233,0.27052794173376704
AOI-0006,2011-05-21,0.2594908459,0.17822988486623298,0.340751806933767
AOI-0006,2011-07-16,0.7316550125,0.650394051466233,0.812915973533767
AOI-0006,2011-08-08,0.4331622399,0.351901278866233,0.514423200933767
AOI-0006,2011-08-09,0.4266313611,0.345370400066233,0.507892322133767
AOI-0006,2011-10-16,0.3475689491,0.266307988066233,0.42882991013376703
AOI-0006,2012-04-22,0.768365287,0.6871043259662329,0.849626248033767
AOI-0006,2012-06-09,0.5552276582,0.47396669716623296,0.636488619233767
AOI-0006,2012-10-15,0.3020089107,0.220747949666233,0.38326987173376703
AOI-0006,2013-07-21,0.7421991476,0.660938186566233,0.8234601086337671
AOI-0006,2013-08-21,0.3546875782,0.273426617166233,0.43594853923376703
AOI-0006,2013-10-24,0.2538606294,0.17259966836623297,0.335121590433767
AOI-0006,2014-04-07,0.6979601746,0.616699213566233,0.779221135633767
AOI-0006,2014-06-13,0.4375421724,0.356281211366233,0.518803133433767
AOI-0006,2014-06-26,0.331064709,0.249803747966233,0.412325670033767
AOI-0006,2014-07-31,0.1608860307,0.07962506966623298,0.242146991733767
AOI-0006,2014-08-29,0.2284586691,0.147197708066233,0.309719630133767
AOI-0006,2015-06-09,0.8337547561,0.752493795066233,0.9150157171337671
AOI-0006,2015-07-26,0.3181697152,0.23690875416623297,0.399430676233767
AOI-0006,2015-08-03,0.2515524903,0.17029152926623298,0.332813451333767
AOI-0006,2015-08-11,0.2844074526,0.203146491566233,0.365668413633767
AOI-0006,2015-08-12,0.2515376687,0.17027670766623298,0.332798629733767
AOI-0006,2015-10-16,0.2529435803,0.17168261926623302,0.33420454133376704
AOI-0006,2016-04-22,0.5183450967,0.43708413566623294,0.599606057733767
AOI-0006,2016-04-23,0.4348725152,0.35361155416623297,0.516133476233767
AOI-0006,2016-05-08,0.5357450537,0.454484092666233,0.617006014733767
AOI-0006,2017-04-23,0.3220141891,0.240753228066233,0.403275150133767
AOI-0006,2017-05-09,0.4547435809,0.373482619866233,0.536004541933767
AOI-0006,2017-07-25,0.7553209659,0.674060004866233,0.836581926933767
AOI-0006,2017-09-01,0.2643231699,0.18306220886623298,0.345584130933767
AOI-0006,2017-09-14,0.3304204671,0.249159506066233,0.411681428133767
AOI-0006,2017-10-04,0.1819654571,0.100704496066233,0.263226418133767
AOI-0006,2018-06-08,0.4010537851,0.319792824066233,0.482314746133767
AOI-0006,2018-08-13,0.4639800144,0.38271905336623296,0.545240975433767
AOI-0006,2018-09-20,0.2795850731,0.19832411206623302,0.36084603413376704
AOI-0006,2018-10-16,0.2895716618,0.20831070076623298,0.370832622833767
AOI-0006,2019-04-21,0.7998758244,0.718614863366233,0.8811367854337671
AOI-0006,2019-04-23,0.8216966286,0.740435667566233,0.902957589633767
AOI-0006,2019-05-21,0.8865538744,0.805292913366233,0.967814835433767
AOI-0006,2019-06-27,0.2410735237,0.15981256266623298,0.322334484733767
AOI-0006,2019-08-22,0.2072600051,0.125999044066233,0.288520966133767
AOI-0006,2019-09-03,0.1574662621,0.076205301066233,0.238727223133767
AOI-0006,2020-04-06,0.2740721222,0.19281116116623298,0.355333083233767
AOI-0006,2020-04-30,0.1871249338,0.105863972766233,0.268385894833767
AOI-0006,2020-05-20,0.2783124784,0.197051517366233,0.359573439433767
AOI-0006,2020-06-05,0.6021601524,0.520899191366233,0.683421113433767
AOI-0006,2020-08-03,0.4938763167,0.412615355666233,0.575137277733767
AOI-0006,2020-09-01,0.345816988,0.264556026966233,0.427077949033767
AOI-0006,2021-04-06,0.3034800776,0.222219116566233,0.384741038633767
AOI-0006,2021-05-20,0.879070331,0.797809369966233,0.960331292033767
AOI-0006,2021-06-16,0.7945219811,0.713261020066233,0.8757829421337671
AOI-0006,2021-08-29,0.2531981907,0.17193722966623298,0.334459151733767
AOI-0006,2021-10-02,0.2019219491,0.12066098806623299,0.283182910133767
AOI-0006,2022-04-24,0.7881574428,0.706896481766233,0.869418403833767
AOI-0006,2022-06-10,0.7596379256,0.678376964566233,0.840898886633767
AOI-0006,2022-08-23,0.1548642804,0.07360331936623299,0.236125241433767
AOI-0006,2022-09-17,0.1450813176,0.063820356566233,0.22634227863376702
AOI-0006,2022-09-30,0.2591498105,0.177888849466233,0.34041077153376703
AOI-0006,2022-10-02,0.1734074146,0.092146453566233,0.254668375633767
AOI-0006,2022-10-12,0.1702352712,0.088974310166233,0.25149623223376705
AOI-0006,2023-04-10,0.2481809019,0.166919940866233,0.329441862933767
AOI-0006,2023-04-23,0.4852365795,0.403975618466233,0.566497540533767
AOI-0006,2023-05-06,0.3220640446,0.24080308356623298,0.403325005633767
AOI-0006,2023-05-13,0.3132678726,0.232006911566233,0.394528833633767
AOI-0006,2023-06-10,0.6946690969,0.613408135866233,0.775930057933767
AOI-0006,2023-06-15,0.5617932527,0.480532291666233,0.643054213733767
AOI-0006,2023-07-16,0.8019459478,0.7206849867662329,0.883206908833767
AOI-0006,2023-08-28,0.5437848732,0.462523912166233,0.625045834233767
AOI-0006,2023-09-02,0.4570846165,0.375823655466233,0.538345577533767
AOI-0006,2023-09-14,0.3589722843,0.277711323266233,0.440233245333767
AOI-0006,2023-09-18,0.3781579715,0.296897010466233,0.45941893253376703
AOI-0006,2023-09-26,0.282681666,0.201420704966233,0.363942627033767
AOI-0006,2023-10-02,0.2095817148,0.128320753766233,0.290842675833767
AOI-0006,2023-10-16,0.2539243329,0.17266337186623298,0.335185293933767
AOI-0006,2023-10-17,0.1645247137,0.08326375266623298,0.245785674733767
AOI-0006,2024-06-03,0.7342254333,0.652964472266233,0.815486394333767
AOI-0006,2024-06-24,0.3225328791,0.241271918066233,0.403793840133767
AOI-0006,2024-07-03,0.2083591719,0.127098210866233,0.289620132933767
AOI-0006,2024-07-13,0.2018264701,0.12056550906623298,0.283087431133767
AOI-0006,2024-09-28,0.1701936164,0.08893265536623299,0.251454577433767
AOI-0006,2024-10-06,0.1501441717,0.06888321066623299,0.231405132733767
AOI-0006,2024-10-26,0.1624033974,0.081142436366233,0.24366435843376702
AOI-0009,2010-04-07,0.5103793355,0.429118374466233,0.591640296533767
AOI-0009,2010-05-18,0.6915516994,0.610290738366233,0.7728126604337671
AOI-0009,2010-06-10,0.4884977884,0.407236827366233,0.569758749433767
AOI-0009,2010-09-14,0.2764013255,0.195140364466233,0.357662286533767
AOI-0009,2010-09-30,0.2585082432,0.17724728216623298,0.339769204233767
AOI-0009,2011-05-25,0.6032215495,0.5219605884662329,0.684482510533767
AOI-0009,2011-07-12,0.678392138,0.597131176966233,0.759653099033767
AOI-0009,2011-07-28,0.5764412094,0.495180248366233,0.657702170433767
AOI-0009,2011-08-17,0.3535486637,0.272287702666233,0.434809624733767
AOI-0009,2011-09-10,0.2762506082,0.19498964716623302,0.35751156923376703
AOI-0009,2012-04-29,0.5331257333,0.451864772266233,0.614386694333767
AOI-0009,2012-05-08,0.7178605456,0.636599584566233,0.799121506633767
AOI-0009,2012-08-12,0.3339412996,0.252680338566233,0.41520226063376703
AOI-0009,2012-08-28,0.430446763,0.349185801966233,0.5117077240337671
AOI-0009,2012-09-29,0.327374407,0.24611344596623297,0.408635368033767
AOI-0009,2012-10-06,0.2150371446,0.133776183566233,0.296298105633767
AOI-0009,2013-04-07,0.3158315022,0.234570541166233,0.397092463233767
AOI-0009,2013-07-21,0.5751824786,0.49392151756623304,0.6564434396337671
AOI-0009,2013-08-13,0.3353788286,0.254117867566233,0.416639789633767
AOI-0009,2013-09-14,0.3056642327,0.22440327166623297,0.386925193733767
AOI-0009,2014-04-07,0.610440415,0.529179453966233,0.691701376033767
AOI-0009,2014-04-27,0.7841778804,0.702916919366233,0.865438841433767
AOI-0009,2014-05-29,0.873164878,0.791903916966233,0.954425839033767
AOI-0009,2014-06-10,0.5273339352,0.44607297416623304,0.6085948962337671
AOI-0009,2014-06-22,0.3930832679,0.31182230686623297,0.474344228933767
AOI-0009,2014-08-01,0.2134886904,0.13222772936623298,0.29474965143376697
AOI-0009,2014-08-09,0.1500183108,0.06875734976623299,0.231279271833767
AOI-0009,2014-08-17,0.1902681882,0.10900722716623298,0.27152914923376703
AOI-0009,2014-08-29,0.2554897192,0.174228758166233,0.33675068023376703
AOI-0009,2015-04-14,0.4212026475,0.339941686466233,0.502463608533767
AOI-0009,2015-05-24,0.8094351093,0.728174148266233,0.890696070333767
AOI-0009,2015-06-26,0.4065927124,0.325331751366233,0.487853673433767
AOI-0009,2015-10-07,0.2014048954,0.120143934366233,0.282665856433767
AOI-0009,2016-05-02,0.6528978037,0.5716368426662329,0.734158764733767
AOI-0009,2016-06-25,0.5180550432,0.43679408216623294,0.599316004233767
AOI-0009,2016-07-05,0.4270547285,0.34579376746623297,0.508315689533767
AOI-0009,2016-07-13,0.3360229623,0.254762001266233,0.417283923333767
AOI-0009,2016-10-25,0.2595651009,0.178304139866233,0.340826061933767
AOI-0009,2017-04-01,0.200348206,0.11908724496623299,0.28160916703376704
AOI-0009,2017-04-23,0.6733392958,0.592078334766233,0.754600256833767
AOI-0009,2017-05-21,0.8445040133,0.763243052266233,0.925764974333767
AOI-0009,2017-07-12,0.3226620371,0.241401076066233,0.40392299813376703
AOI-0009,2017-07-24,0.2391759359,0.157914974866233,0.320436896933767
AOI-0009,2017-08-09,0.1418236839,0.06056272286623299,0.223084644933767
AOI-0009,2017-08-11,0.137198971,0.05593800996623299,0.218459932033767
AOI-0009,2017-08-14,0.1519370742,0.07067611316623298,0.233198035233767
AOI-0009,2017-08-29,0.1758306085,0.094569647466233,0.257091569533767
AOI-0009,2017-09-05,0.1435417493,0.062280788266232984,0.224802710333767
AOI-0009,2017-09-13,0.1553895811,0.074128620066233,0.23665054213376702
AOI-0009,2017-09-15,0.1522248101,0.07096384906623299,0.233485771133767
AOI-0009,2018-04-14,0.4330472329,0.351786271866233,0.514308193933767
AOI-0009,2018-04-23,0.693861418,0.612600456966233,0.775122379033767
AOI-0009,2018-07-12,0.2670241065,0.18576314546623302,0.34828506753376703
AOI-0009,2018-09-29,0.2109628058,0.12970184476623298,0.292223766833767
AOI-0009,2018-09-30,0.2456916919,0.164430730866233,0.326952652933767
AOI-0009,2018-10-13,0.1766649605,0.09540399946623299,0.25792592153376703
AOI-0009,2019-04-01,0.2412947378,0.16003377676623298,0.322555698833767
AOI-0009,2019-04-25,0.3181359753,0.23687501426623297,0.399396936333767
AOI-0009,2019-05-09,0.6104467239,0.529185762866233,0.691707684933767
AOI-0009,2019-05-18,0.4798017166,0.398540755566233,0.561062677633767
AOI-0009,2019-05-28,0.6888206254,0.607559664366233,0.770081586433767
AOI-0009,2019-06-28,0.2565356784,0.175274717366233,0.33779663943376703
AOI-0009,2019-08-07,0.2799568568,0.19869589576623298,0.361217817833767
AOI-0009,2019-08-21,0.1852171742,0.10395621316623299,0.266478135233767
AOI-0009,2019-08-26,0.1726092309,0.09134826986623298,0.25387019193376703
AOI-0009,2019-08-31,0.1728949682,0.09163400716623299,0.254155929233767
AOI-0009,2019-10-15,0.222765666,0.141504704966233,0.30402662703376704
AOI-0009,2020-05-13,0.723416136,0.642155174966233,0.804677097033767
AOI-0009,2020-05-15,0.6759603931,0.594699432066233,0.757221354133767
AOI-0009,2020-05-24,0.7881878659,0.706926904866233,0.869448826933767
AOI-0009,2020-05-27,0.7114237041,0.630162743066233,0.792684665133767
AOI-0009,2020-05-29,0.682894709,0.601633747966233,0.764155670033767
AOI-0009,2020-06-06,0.6268112397,0.545550278666233,0.708072200733767
AOI-0009,2020-06-11,0.5406722046,0.459411243566233,0.621933165633767
AOI-0009,2020-06-29,0.2145377625,0.133276801466233,0.295798723533767
AOI-0009,2020-07-06,0.1719772177,0.09071625666623298,0.25323817873376697
AOI-0009,2020-07-24,0.1530969887,0.07183602766623298,0.234357949733767
AOI-0009,2020-07-27,0.2408924375,0.159631476466233,0.322153398533767
AOI-0009,2020-08-03,0.1304288911,0.04916793006623299,0.211689852133767
AOI-0009,2020-08-12,0.2520181303,0.17075716926623297,0.333279091333767
AOI-0009,2020-08-15,0.1459161532,0.064655192166233,0.22717711423376702
AOI-0009,2020-08-17,0.1904510603,0.10919009926623299,0.27171202133376704
AOI-0009,2020-08-28,0.2282451423,0.146984181266233,0.30950610333376705
AOI-0009,2020-09-02,0.1455054047,0.064244443666233,0.22676636573376702
AOI-0009,2020-09-29,0.2193981763,0.138137215266233,0.30065913733376703
AOI-0009,2020-10-07,0.1479057766,0.066644815566233,0.22916673763376702
AOI-0009,2020-10-15,0.2357733694,0.15451240836623298,0.317034330433767
AOI-0009,2021-04-06,0.3783832139,0.297122252866233,0.459644174933767
AOI-0009,2021-04-30,0.628756589,0.547495627966233,0.710017550033767
AOI-0009,2021-05-15,0.8403438111,0.759082850066233,0.921604772133767
AOI-0009,2021-05-16,0.8686342182,0.787373257166233,0.949895179233767
AOI-0009,2021-07-14,0.18192158,0.10066061896623299,0.26318254103376704
AOI-0009,2021-07-21,0.1502646012,0.06900364016623298,0.231525562233767
AOI-0009,2021-07-26,0.1719733532,0.090712392166233,0.253234314233767
AOI-0009,2021-07-29,0.1613551655,0.080094204466233,0.24261612653376702
AOI-0009,2021-08-20,0.1947282933,0.11346733226623298,0.275989254333767
AOI-0009,2021-09-27,0.3205290893,0.239268128266233,0.401790050333767
AOI-0009,2021-10-02,0.3501131048,0.268852143766233,0.43137406583376703
AOI-0009,2021-10-12,0.1866566697,0.10539570866623299,0.267917630733767
AOI-0009,2021-10-15,0.316189809,0.23492884796623298,0.397450770033767
AOI-0009,2022-04-02,0.4115222771,0.330261316066233,0.492783238133767
AOI-0009,2022-06-06,0.7966085659,0.715347604866233,0.877869526933767
AOI-0009,2022-06-08,0.8318875034,0.7506265423662329,0.913148464433767
AOI-0009,2022-06-11,0.7970331798,0.715772218766233,0.878294140833767
AOI-0009,2022-07-12,0.2525355049,0.17127454386623298,0.333796465933767
AOI-0009,2022-07-14,0.1795577195,0.09829675846623298,0.260818680533767
AOI-0009,2022-08-23,0.1703204383,0.08905947726623298,0.251581399333767
AOI-0009,2022-09-30,0.2686528305,0.18739186946623299,0.349913791533767
AOI-0009,2022-10-02,0.1561263162,0.074865355166233,0.237387277233767
AOI-0009,2022-10-19,0.1941346353,0.11287367426623299,0.275395596333767
AOI-0009,2022-10-22,0.1701317601,0.08887079906623299,0.251392721133767
AOI-0009,2023-05-17,0.8292376192,0.747976658166233,0.9104985802337671
AOI-0009,2023-05-25,0.779939391,0.698678429966233,0.861200352033767
AOI-0009,2023-06-19,0.680968213,0.599707251966233,0.762229174033767
AOI-0009,2023-06-26,0.4217276619,0.340466700866233,0.502988622933767
AOI-0009,2023-07-25,0.3330408233,0.251779862266233,0.414301784333767
AOI-0009,2023-08-13,0.2593967051,0.178135744066233,0.340657666133767
AOI-0009,2023-08-26,0.2823247293,0.201063768266233,0.36358569033376703
AOI-0009,2023-08-28,0.2554646085,0.174203647466233,0.33672556953376703
AOI-0009,2023-08-29,0.3335124002,0.252251439166233,0.414773361233767
AOI-0009,2023-09-14,0.2576522874,0.176391326366233,0.338913248433767
AOI-0009,2023-10-02,0.2396862902,0.158425329166233,0.320947251233767
AOI-0009,2023-10-12,0.2254264217,0.14416546066623298,0.306687382733767
AOI-0009,2024-05-08,0.4655206268,0.384259665766233,0.546781587833767
AOI-0009,2024-06-18,0.6525109494,0.571249988366233,0.733771910433767
AOI-0009,2024-06-23,0.706914466,0.625653504966233,0.788175427033767
AOI-0009,2024-06-28,0.730839614,0.649578652966233,0.812100575033767
AOI-0009,2024-07-08,0.6346285214,0.553367560366233,0.715889482433767
AOI-0009,2024-08-04,0.4243903269,0.343129365866233,0.505651287933767
AOI-0009,2024-08-09,0.5461708321,0.46490987106623294,0.627431793133767
AOI-0009,2024-08-20,0.4539964667,0.372735505666233,0.5352574277337669
AOI-0009,2024-08-27,0.3263038312,0.245042870166233,0.407564792233767
AOI-0009,2024-09-03,0.2514834245,0.170222463466233,0.332744385533767
AOI-0009,2024-09-06,0.2891084359,0.207847474866233,0.370369396933767
AOI-0009,2024-09-08,0.2560477561,0.174786795066233,0.33730871713376703
AOI-0009,2024-09-13,0.2644212637,0.183160302666233,0.34568222473376703
AOI-0009,2024-10-08,0.1669477433,0.085686782266233,0.24820870433376702
AOI-0012,2010-07-13,0.2598875242,0.178626563166233,0.341148485233767
AOI-0012,2010-08-22,0.2200345961,0.138773635066233,0.301295557133767
AOI-0012,2010-10-25,0.2611440371,0.179883076066233,0.342404998133767
AOI-0012,2011-05-21,0.689908941,0.608647979966233,0.771169902033767
AOI-0012,2011-07-12,0.4036040026,0.322343041566233,0.484864963633767
AOI-0012,2011-08-13,0.35659997,0.275339008966233,0.437860931033767
AOI-0012,2011-09-02,0.2861622093,0.20490124826623302,0.36742317033376704
AOI-0012,2012-04-22,0.4151596536,0.333898692566233,0.496420614633767
AOI-0012,2012-06-09,0.3833932135,0.302132252466233,0.464654174533767
AOI-0012,2012-06-25,0.3944255205,0.313164559466233,0.475686481533767
AOI-0012,2012-08-03,0.2476289726,0.166368011566233,0.328889933633767
AOI-0012,2012-08-28,0.3467185072,0.265457546166233,0.42797946823376704
AOI-0012,2012-09-13,0.3337593254,0.25249836436623296,0.415020286433767
AOI-0012,2012-10-06,0.2378793616,0.156618400566233,0.319140322633767
AOI-0012,2013-05-09,0.7625920897,0.681331128666233,0.843853050733767
AOI-0012,2013-06-10,0.4370973622,0.355836401166233,0.518358323233767
AOI-0012,2013-07-13,0.2871930571,0.20593209606623297,0.368454018133767
AOI-0012,2013-07-29,0.2701780666,0.18891710556623298,0.351439027633767
AOI-0012,2013-10-09,0.2425906127,0.161329651666233,0.32385157373376705
AOI-0012,2013-10-25,0.2882134983,0.20695253726623297,0.369474459333767
AOI-0012,2014-06-06,0.606242087,0.524981125966233,0.687503048033767
AOI-0012,2014-06-22,0.2702758777,0.189014916666233,0.351536838733767
AOI-0012,2014-06-26,0.3159304773,0.234669516266233,0.397191438333767
AOI-0012,2014-06-30,0.2800235154,0.19876255436623297,0.361284476433767
AOI-0012,2014-08-13,0.2692261538,0.18796519276623297,0.350487114833767
AOI-0012,2014-09-14,0.2616195643,0.180358603266233,0.342880525333767
AOI-0012,2014-10-16,0.2624850791,0.181224118066233,0.34374604013376703
AOI-0012,2014-10-28,0.170261007,0.08900004596623298,0.25152196803376703
AOI-0012,2015-05-25,0.4682363268,0.386975365766233,0.549497287833767
AOI-0012,2015-06-09,0.3244574618,0.243196500766233,0.405718422833767
AOI-0012,2015-08-12,0.2245313138,0.14327035276623298,0.30579227483376703
AOI-0012,2015-08-13,0.2943983491,0.213137388066233,0.375659310133767
AOI-0012,2015-08-20,0.24346055,0.162199588966233,0.324721511033767
AOI-0012,2015-09-14,0.3183095868,0.23704862576623298,0.399570547833767
AOI-0012,2016-08-06,0.3057432891,0.22448232806623297,0.387004250133767
AOI-0012,2017-04-03,0.3786408805,0.297379919466233,0.459901841533767
AOI-0012,2017-04-07,0.4710124557,0.389751494666233,0.5522734167337671
AOI-0012,2017-05-06,0.651808634,0.570547672966233,0.733069595033767
AOI-0012,2017-07-24,0.2340222155,0.15276125446623298,0.31528317653376703
AOI-0012,2017-08-01,0.1694155989,0.08815463786623298,0.25067655993376703
AOI-0012,2017-08-04,0.1649320257,0.083671064666233,0.24619298673376702
AOI-0012,2017-08-13,0.2976440269,0.21638306586623302,0.37890498793376703
AOI-0012,2017-08-14,0.1730031311,0.091742170066233,0.254264092133767
AOI-0012,2017-08-17,0.2006906066,0.11942964556623298,0.281951567633767
AOI-0012,2017-09-05,0.1877296938,0.106468732766233,0.26899065483376705
AOI-0012,2017-09-08,0.2211493536,0.13988839256623298,0.302410314633767
AOI-0012,2017-09-30,0.2705459041,0.189284943066233,0.351806865133767
AOI-0012,2017-10-04,0.1991155239,0.117854562866233,0.280376484933767
AOI-0012,2018-04-11,0.6376592312,0.556398270166233,0.718920192233767
AOI-0012,2018-05-24,0.8129372764,0.731676315366233,0.894198237433767
AOI-0012,2018-05-25,0.6468899771,0.565629016066233,0.728150938133767
AOI-0012,2018-06-09,0.5230268107,0.441765849666233,0.604287771733767
AOI-0012,2018-09-13,0.174305749,0.093044787966233,0.255566710033767
AOI-0012,2018-09-30,0.2743108579,0.19304989686623297,0.355571818933767
AOI-0012,2019-04-01,0.4567112734,0.375450312366233,0.537972234433767
AOI-0012,2019-06-07,0.5712289699,0.48996800886623304,0.6524899309337671
AOI-0012,2019-06-17,0.2613740031,0.18011304206623296,0.342634964133767
AOI-0012,2019-06-28,0.229657544,0.14839658296623298,0.310918505033767
AOI-0012,2019-07-22,0.2023439321,0.121082971066233,0.283604893133767
AOI-0012,2019-08-13,0.3418099085,0.26054894746623297,0.423070869533767
AOI-0012,2019-09-13,0.1774381578,0.09617719676623299,0.258699118833767
AOI-0012,2020-04-02,0.635947248,0.554686286966233,0.717208209033767
AOI-0012,2020-04-25,0.7149676055,0.633706644466233,0.7962285665337671
AOI-0012,2020-05-15,0.6310897109,0.549828749866233,0.712350671933767
AOI-0012,2020-06-09,0.5037638435,0.422502882466233,0.585024804533767
AOI-0012,2020-06-26,0.2214182541,0.14015729306623298,0.302679215133767
AOI-0012,2020-07-24,0.170751859,0.089490897966233,0.252012820033767
AOI-0012,2020-08-03,0.1674750492,0.086214088166233,0.248736010233767
AOI-0012,2020-08-05,0.1749996588,0.093738697766233,0.256260619833767
AOI-0012,2020-08-12,0.2627835501,0.18152258906623298,0.344044511133767
AOI-0012,2020-09-09,0.176059863,0.094798901966233,0.257320824033767
AOI-0012,2020-09-12,0.1656423086,0.084381347566233,0.24690326963376702
AOI-0012,2020-09-22,0.162240717,0.080979755966233,0.24350167803376702
AOI-0012,2020-09-26,0.1494871152,0.06822615416623298,0.230748076233767
AOI-0012,2020-10-17,0.1455151905,0.06425422946623299,0.226776151533767
AOI-0012,2021-05-08,0.3387615234,0.257500562366233,0.420022484433767
AOI-0012,2021-05-25,0.4091096434,0.327848682366233,0.490370604433767
AOI-0012,2021-06-06,0.2694955974,0.188234636366233,0.350756558433767
AOI-0012,2021-06-26,0.2585630477,0.17730208666623298,0.339824008733767
AOI-0012,2021-07-16,0.1628001704,0.08153920936623299,0.244061131433767
AOI-0012,2021-07-21,0.166720245,0.08545928396623298,0.247981206033767
AOI-0012,2021-07-24,0.1744488752,0.09318791416623298,0.255709836233767
AOI-0012,2021-08-18,0.1710707129,0.089809751866233,0.252331673933767
AOI-0012,2021-08-25,0.19454581,0.113284848966233,0.27580677103376705
AOI-0012,2021-08-30,0.2129078256,0.13164686456623298,0.294168786633767
AOI-0012,2021-09-07,0.2018696716,0.12060871056623299,0.28313063263376703
AOI-0012,2022-06-06,0.8252352294,0.743974268366233,0.9064961904337671
AOI-0012,2022-06-19,0.615770919,0.534509957966233,0.697031880033767
AOI-0012,2022-07-01,0.2339237936,0.152662832566233,0.31518475463376705
AOI-0012,2022-07-28,0.3059313787,0.22467041766623297,0.387192339733767
AOI-0012,2022-08-28,0.3416294227,0.260368461666233,0.42289038373376703
AOI-0012,2022-09-08,0.2628775127,0.18161655166623297,0.344138473733767
AOI-0012,2022-09-14,0.2494534728,0.16819251176623298,0.330714433833767
AOI-0012,2023-04-10,0.6886288247,0.607367863666233,0.769889785733767
AOI-0012,2023-06-06,0.7786080537,0.697347092666233,0.859869014733767
AOI-0012,2023-06-23,0.4263171248,0.345056163766233,0.5075780858337671
AOI-0012,2023-07-26,0.1631243878,0.08186342676623298,0.244385348833767
AOI-0012,2023-08-05,0.1607001446,0.079439183566233,0.24196110563376702
AOI-0012,2023-08-15,0.1595683041,0.07830734306623299,0.240829265133767
AOI-0012,2023-10-07,0.2071068068,0.12584584576623298,0.288367767833767
AOI-0012,2023-10-11,0.2491071344,0.167846173366233,0.330368095433767
AOI-0012,2024-04-01,0.621789113,0.5405281519662329,0.703050074033767
AOI-0012,2024-04-06,0.6581011752,0.576840214166233,0.739362136233767
AOI-0012,2024-05-08,0.7990224111,0.717761450066233,0.8802833721337671
AOI-0012,2024-05-09,0.8046590409,0.723398079866233,0.885920001933767
AOI-0012,2024-06-17,0.3347380782,0.253477117166233,0.415999039233767
AOI-0012,2024-07-08,0.1521368656,0.070875904566233,0.233397826633767
AOI-0012,2024-07-10,0.1537891385,0.072528177466233,0.23505009953376702
AOI-0012,2024-07-20,0.1457061275,0.064445166466233,0.22696708853376701
AOI-0012,2024-08-22,0.163405315,0.08214435396623299,0.244666276033767
AOI-0012,2024-10-07,0.2132128912,0.131951930166233,0.294473852233767
AOI-0012,2024-10-15,0.2531105262,0.171849565166233,0.33437148723376703
AOI-0016,2010-04-24,0.4623367589,0.38107579786623297,0.5435977199337669
AOI-0016,2010-08-29,0.5325876826,0.451326721566233,0.613848643633767
AOI-0016,2011-05-09,0.6810966122,0.5998356511662329,0.762357573233767
AOI-0016,2011-06-06,0.8015532155,0.720292254466233,0.882814176533767
AOI-0016,2011-06-10,0.7540347384,0.672773777366233,0.835295699433767
AOI-0016,2011-06-30,0.6726736478,0.591412686766233,0.7539346088337671
AOI-0016,2011-07-28,0.6016736157,0.520412654666233,0.682934576733767
AOI-0016,2012-04-29,0.5798999371,0.498638976066233,0.661160898133767
AOI-0016,2012-07-11,0.6782646857,0.597003724666233,0.759525646733767
AOI-0016,2012-07-27,0.6158987785,0.534637817466233,0.697159739533767
AOI-0016,2012-09-11,0.5110402219,0.42977926086623297,0.592301182933767
AOI-0016,2012-10-15,0.5155387439,0.434277782866233,0.596799704933767
AOI-0016,2013-06-03,0.7271143213,0.645853360266233,0.808375282333767
AOI-0016,2013-07-28,0.6938940226,0.612633061566233,0.775154983633767
AOI-0016,2013-08-13,0.6141161185,0.532855157466233,0.695377079533767
AOI-0016,2013-10-24,0.5995181456,0.518257184566233,0.6807791066337671
AOI-0016,2014-04-07,0.4764469108,0.395185949766233,0.557707871833767
AOI-0016,2014-05-09,0.7768321922,0.695571231166233,0.858093153233767
AOI-0016,2014-05-21,0.7690298455,0.687768884466233,0.850290806533767
AOI-0016,2014-06-29,0.610300073,0.529039111966233,0.691561034033767
AOI-0016,2014-07-08,0.6026774704,0.521416509366233,0.683938431433767
AOI-0016,2014-07-28,0.5553659773,0.474105016266233,0.636626938333767
AOI-0016,2015-04-06,0.2598116289,0.17855066786623297,0.341072589933767
AOI-0016,2015-06-24,0.7018946214,0.620633660366233,0.783155582433767
AOI-0016,2015-07-12,0.6415006366,0.560239675566233,0.722761597633767
AOI-0016,2015-10-07,0.3992932984,0.318032337366233,0.480554259433767
AOI-0016,2016-05-25,0.5290106385,0.44774967746623295,0.610271599533767
AOI-0016,2016-06-03,0.501233384,0.41997242296623294,0.582494345033767
AOI-0016,2016-06-19,0.4689749012,0.387713940166233,0.5502358622337671
AOI-0016,2016-07-04,0.5536662602,0.472405299166233,0.634927221233767
AOI-0016,2016-07-05,0.5878620253,0.506601064266233,0.669122986333767
AOI-0016,2016-07-27,0.7592035286,0.677942567566233,0.840464489633767
AOI-0016,2017-04-03,0.2267507165,0.145489755466233,0.308011677533767
AOI-0016,2017-04-13,0.1927751206,0.11151415956623298,0.274036081633767
AOI-0016,2017-08-09,0.5690377739,0.487776812866233,0.650298734933767
AOI-0016,2017-08-11,0.5453290394,0.464068078366233,0.626590000433767
AOI-0016,2017-08-17,0.4827992512,0.401538290166233,0.564060212233767
AOI-0016,2017-09-15,0.4700059159,0.388744954866233,0.551266876933767
AOI-0016,2018-04-06,0.2339984949,0.15273753386623298,0.31525945593376703
AOI-0016,2018-04-07,0.3114336352,0.230172674166233,0.392694596233767
AOI-0016,2018-04-11,0.1847299581,0.103468997066233,0.26599091913376705
AOI-0016,2018-05-16,0.2919186901,0.21065772906623298,0.373179651133767
AOI-0016,2018-06-02,0.2707468013,0.189485840266233,0.352007762333767
AOI-0016,2019-04-06,0.1878451696,0.10658420856623299,0.269106130633767
AOI-0016,2019-04-21,0.2448193964,0.163558435366233,0.326080357433767
AOI-0016,2019-05-11,0.2302246867,0.14896372566623298,0.31148564773376697
AOI-0016,2019-06-26,0.6934520075,0.612191046466233,0.774712968533767
AOI-0016,2019-07-06,0.6568444574,0.575583496366233,0.738105418433767
AOI-0016,2019-07-17,0.6620188361,0.580757875066233,0.743279797133767
AOI-0016,2019-07-28,0.7293377268,0.648076765766233,0.810598687833767
AOI-0016,2019-08-24,0.355701993,0.274441031966233,0.436962954033767
AOI-0016,2019-09-13,0.299283583,0.218022621966233,0.38054454403376703
AOI-0016,2019-09-23,0.1717726414,0.090511680366233,0.25303360243376705
AOI-0016,2020-05-04,0.288708661,0.20744769996623297,0.369969622033767
AOI-0016,2020-06-26,0.7267463738,0.645485412766233,0.808007334833767
AOI-0016,2020-07-07,0.7584415012,0.677180540166233,0.839702462233767
AOI-0016,2020-08-08,0.4816931959,0.400432234866233,0.562954156933767
AOI-0016,2020-08-24,0.3451062613,0.263845300266233,0.426367222333767
AOI-0016,2020-08-30,0.2589340908,0.177673129766233,0.340195051833767
AOI-0016,2020-09-17,0.1769304109,0.09566944986623299,0.258191371933767
AOI-0016,2020-09-19,0.1390662276,0.057805266566233,0.22032718863376702
AOI-0016,2020-10-03,0.1604809289,0.079219967866233,0.24174188993376702
AOI-0016,2020-10-17,0.1532561527,0.071995191666233,0.23451711373376702
AOI-0016,2021-04-02,0.2963541288,0.215093167766233,0.377615089833767
AOI-0016,2021-04-15,0.4758659876,0.394605026566233,0.557126948633767
AOI-0016,2021-05-12,0.8417764366,0.760515475566233,0.923037397633767
AOI-0016,2021-06-14,0.8346816364,0.753420675366233,0.915942597433767
AOI-0016,2021-07-14,0.1886252765,0.10736431546623298,0.269886237533767
AOI-0016,2021-07-24,0.1482859766,0.067025015566233,0.22954693763376702
AOI-0016,2021-08-03,0.1663000797,0.08503911866623298,0.247561040733767
AOI-0016,2021-08-29,0.3342889479,0.253027986866233,0.41554990893376703
AOI-0016,2021-09-17,0.1922487098,0.11098774876623299,0.273509670833767
AOI-0016,2021-09-29,0.2087101671,0.127449206066233,0.289971128133767
AOI-0016,2021-10-14,0.2124544198,0.13119345876623298,0.293715380833767
AOI-0016,2022-06-04,0.2678613694,0.18660040836623298,0.349122330433767
AOI-0016,2022-06-06,0.3237582134,0.24249725236623298,0.405019174433767
AOI-0016,2022-07-06,0.780090861,0.698829899966233,0.861351822033767
AOI-0016,2022-07-19,0.7766535057,0.695392544666233,0.857914466733767
AOI-0016,2022-07-21,0.7708460339,0.6895850728662329,0.852106994933767
AOI-0016,2022-07-29,0.8258781081,0.7446171470662329,0.907139069133767
AOI-0016,2022-08-03,0.7059038648,0.624642903766233,0.787164825833767
AOI-0016,2022-08-05,0.7243014201,0.643040459066233,0.805562381133767
AOI-0016,2022-08-08,0.6518980787,0.570637117666233,0.7331590397337671
AOI-0016,2022-08-13,0.5099980688,0.42873710776623297,0.591259029833767
AOI-0016,2022-08-23,0.3828694225,0.301608461466233,0.464130383533767
AOI-0016,2022-09-27,0.2061507367,0.124889775666233,0.287411697733767
AOI-0016,2022-10-19,0.1951450796,0.11388411856623298,0.276406040633767
AOI-0016,2023-04-11,0.7135006686,0.632239707566233,0.7947616296337671
AOI-0016,2023-05-05,0.841147725,0.759886763966233,0.922408686033767
AOI-0016,2023-05-25,0.7775937343,0.696332773266233,0.858854695333767
AOI-0016,2023-06-07,0.7754224743,0.694161513266233,0.856683435333767
AOI-0016,2023-06-11,0.6473689817,0.566108020666233,0.728629942733767
AOI-0016,2023-07-16,0.2717450247,0.190484063666233,0.353005985733767
AOI-0016,2023-07-17,0.265976024,0.18471506296623297,0.347236985033767
AOI-0016,2023-07-24,0.3577645235,0.276503562466233,0.439025484533767
AOI-0016,2023-07-28,0.4414634364,0.360202475366233,0.522724397433767
AOI-0016,2023-08-17,0.2461849944,0.16492403336623299,0.327445955433767
AOI-0016,2023-08-25,0.164892526,0.083631564966233,0.24615348703376702
AOI-0016,2023-09-07,0.1663756569,0.08511469586623299,0.247636617933767
AOI-0016,2023-09-26,0.2119192864,0.13065832536623298,0.293180247433767
AOI-0016,2023-10-16,0.2447709587,0.163509997666233,0.326031919733767
AOI-0016,2023-10-19,0.1832121565,0.10195119546623299,0.264473117533767
AOI-0016,2024-04-26,0.3813498762,0.300088915166233,0.462610837233767
AOI-0016,2024-05-04,0.4071405084,0.325879547366233,0.488401469433767
AOI-0016,2024-05-06,0.4369943806,0.355733419566233,0.518255341633767
AOI-0016,2024-05-09,0.4048590547,0.323598093666233,0.486120015733767
AOI-0016,2024-06-05,0.3655666078,0.284305646766233,0.446827568833767
AOI-0016,2024-06-13,0.3054246425,0.224163681466233,0.386685603533767
AOI-0016,2024-06-24,0.3342046586,0.252943697566233,0.415465619633767
AOI-0016,2024-07-10,0.243115246,0.161854284966233,0.324376207033767
AOI-0016,2024-07-18,0.1907962741,0.10953531306623299,0.272057235133767
AOI-0016,2024-09-11,0.1799264707,0.098665509666233,0.261187431733767
AOI-0016,2024-09-16,0.1841501353,0.10288917426623298,0.265411096333767
AOI-0016,2024-10-07,0.2284852701,0.147224309066233,0.309746231133767
AOI-0016,2024-10-30,0.2700207838,0.188759822766233,0.351281744833767
AOI-0018,2010-07-12,0.7277895414,0.646528580366233,0.809050502433767
AOI-0018,2010-08-29,0.5601913953,0.47893043426623294,0.641452356333767
AOI-0018,2010-09-30,0.4477233189,0.366462357866233,0.528984279933767
AOI-0018,2011-04-26,0.2301376693,0.14887670826623298,0.311398630333767
AOI-0018,2011-05-21,0.6113511337,0.530090172666233,0.6926120947337671
AOI-0018,2011-05-25,0.7534121932,0.672151232166233,0.834673154233767
AOI-0018,2011-06-22,0.7794740208,0.6982130597662329,0.860734981833767
AOI-0018,2011-06-26,0.7328608113,0.651599850266233,0.814121772333767
AOI-0018,2011-07-15,0.6686118088,0.587350847766233,0.749872769833767
AOI-0018,2011-07-28,0.657073105,0.575812143966233,0.7383340660337671
AOI-0018,2011-08-17,0.615498229,0.5342372679662329,0.696759190033767
AOI-0018,2011-10-27,0.4472136953,0.365952734266233,0.528474656333767
AOI-0018,2012-04-06,0.3756149675,0.294354006466233,0.456875928533767
AOI-0018,2012-07-25,0.7046135725,0.623352611466233,0.785874533533767
AOI-0018,2012-07-27,0.6006774557,0.519416494666233,0.681938416733767
AOI-0018,2012-09-04,0.5465958584,0.465334897366233,0.627856819433767
AOI-0018,2012-10-06,0.5875949488,0.506333987766233,0.668855909833767
AOI-0018,2012-10-15,0.5790867464,0.497825785366233,0.660347707433767
AOI-0018,2013-06-11,0.6327188752,0.551457914166233,0.713979836233767
AOI-0018,2013-08-13,0.6769115932,0.595650632166233,0.7581725542337671
AOI-0018,2013-08-21,0.7222027229,0.640941761866233,0.803463683933767
AOI-0018,2013-09-22,0.6541570505,0.5728960894662329,0.735418011533767
AOI-0018,2013-10-16,0.6078763943,0.526615433266233,0.689137355333767
AOI-0018,2014-05-09,0.7375628966,0.656301935566233,0.818823857633767
AOI-0018,2014-06-06,0.6435275853,0.562266624266233,0.724788546333767
AOI-0018,2014-06-10,0.659838699,0.578577737966233,0.741099660033767
AOI-0018,2014-09-14,0.4636985244,0.38243756336623297,0.5449594854337669
AOI-0018,2015-04-07,0.4604807621,0.379219801066233,0.541741723133767
AOI-0018,2015-05-23,0.6875689757,0.606308014666233,0.768829936733767
AOI-0018,2015-05-25,0.684450533,0.603189571966233,0.765711494033767
AOI-0018,2015-08-04,0.4828454985,0.401584537466233,0.564106459533767
AOI-0018,2015-08-11,0.4801424489,0.398881487866233,0.561403409933767
AOI-0018,2015-09-28,0.4067179668,0.325457005766233,0.487978927833767
AOI-0018,2016-05-18,0.7854421941,0.704181233066233,0.8667031551337671
AOI-0018,2016-06-03,0.7898012712,0.708540310166233,0.871062232233767
AOI-0018,2016-06-18,0.7115954252,0.630334464166233,0.792856386233767
AOI-0018,2016-07-13,0.5313181725,0.450057211466233,0.612579133533767
AOI-0018,2016-08-22,0.5726110562,0.49135009516623296,0.653872017233767
AOI-0018,2016-10-16,0.6444785584,0.563217597366233,0.725739519433767
AOI-0018,2017-07-12,0.6884834846,0.607222523566233,0.769744445633767
AOI-0018,2017-08-08,0.5852721563,0.504011195266233,0.666533117333767
AOI-0018,2017-08-13,0.5422503494,0.46098938836623304,0.6235113104337671
AOI-0018,2017-09-02,0.5507846952,0.46952373416623294,0.632045656233767
AOI-0018,2017-09-26,0.5009233848,0.419662423766233,0.582184345833767
AOI-0018,2017-10-04,0.4034374303,0.322176469266233,0.484698391333767
AOI-0018,2017-10-05,0.3677492673,0.286488306266233,0.449010228333767
AOI-0018,2017-10-08,0.3968553724,0.315594411366233,0.478116333433767
AOI-0018,2018-06-15,0.636639212,0.555378250966233,0.717900173033767
AOI-0018,2018-07-18,0.5729937606,0.49173279956623295,0.654254721633767
AOI-0018,2018-07-28,0.5282300882,0.44696912716623294,0.609491049233767
AOI-0018,2018-08-13,0.4138085198,0.332547558766233,0.495069480833767
AOI-0018,2018-08-20,0.3273512749,0.24609031386623298,0.408612235933767
AOI-0018,2018-09-05,0.2375563219,0.156295360866233,0.318817282933767
AOI-0018,2018-10-07,0.2403004377,0.159039476666233,0.321561398733767
AOI-0018,2019-04-28,0.4820248404,0.400763879366233,0.5632858014337669
AOI-0018,2019-05-02,0.4526922344,0.371431273366233,0.5339531954337671
AOI-0018,2019-05-06,0.341891143,0.260630181966233,0.423152104033767
AOI-0018,2019-05-13,0.2465018712,0.165240910166233,0.327762832233767
AOI-0018,2019-05-18,0.2530649781,0.171804017066233,0.334325939133767
AOI-0018,2019-05-21,0.244696281,0.16343531996623298,0.32595724203376697
AOI-0018,2019-05-25,0.585945377,0.504684415966233,0.667206338033767
AOI-0018,2019-06-25,0.3181318642,0.236870903166233,0.399392825233767
AOI-0018,2019-06-26,0.4757733295,0.394512368466233,0.5570342905337671
AOI-0018,2019-07-12,0.6483529475,0.567091986466233,0.7296139085337671
AOI-0018,2019-08-29,0.5171563997,0.43589543866623304,0.5984173607337671
AOI-0018,2019-09-03,0.448513116,0.367252154966233,0.529774077033767
AOI-0018,2019-09-10,0.3592562877,0.277995326666233,0.440517248733767
AOI-0018,2019-10-10,0.2268571183,0.14559615726623298,0.308118079333767
AOI-0018,2019-10-13,0.2209696546,0.139708693566233,0.302230615633767
AOI-0018,2020-06-11,0.5973225581,0.516061597066233,0.678583519133767
AOI-0018,2020-06-25,0.4483143402,0.367053379166233,0.529575301233767
AOI-0018,2020-07-14,0.1674215065,0.086160545466233,0.24868246753376702
AOI-0018,2020-08-20,0.1843768677,0.10311590666623299,0.265637828733767
AOI-0018,2020-09-02,0.1752811849,0.09402022386623299,0.256542145933767
AOI-0018,2020-09-04,0.1737980041,0.09253704306623298,0.255058965133767
AOI-0018,2020-09-12,0.1724450576,0.091184096566233,0.253706018633767
AOI-0018,2020-09-26,0.1790506195,0.097789658466233,0.260311580533767
AOI-0018,2020-10-07,0.1620365967,0.080775635666233,0.24329755773376702
AOI-0018,2020-10-09,0.1640099613,0.082749000266233,0.24527092233376702
AOI-0018,2020-10-27,0.1936688962,0.11240793516623299,0.274929857233767
AOI-0018,2021-04-02,0.2875869886,0.20632602756623297,0.368847949633767
AOI-0018,2021-04-07,0.4893556587,0.40809469766623296,0.570616619733767
AOI-0018,2021-05-09,0.8169891112,0.7357281501662329,0.898250072233767
AOI-0018,2021-05-12,0.8264034974,0.745142536366233,0.907664458433767
AOI-0018,2021-05-20,0.8492349463,0.767973985266233,0.930495907333767
AOI-0018,2021-05-23,0.8594634538,0.778202492766233,0.940724414833767
AOI-0018,2021-06-14,0.8157839572,0.734522996166233,0.897044918233767
AOI-0018,2021-07-19,0.195904394,0.114643432966233,0.27716535503376705
AOI-0018,2021-07-28,0.3717167481,0.290455787066233,0.452977709133767
AOI-0018,2021-08-12,0.0542426308,-0.027018330233767013,0.135503591833767
AOI-0018,2021-08-23,0.2333371427,0.152076181666233,0.314598103733767
AOI-0018,2021-08-25,0.2465728192,0.16531185816623298,0.32783378023376697
AOI-0018,2021-08-29,0.3544954842,0.273234523166233,0.435756445233767
AOI-0018,2021-09-13,0.2389393367,0.157678375666233,0.320200297733767
AOI-0018,2021-10-27,0.2551783993,0.17391743826623302,0.33643936033376703
AOI-0018,2022-04-05,0.2068542727,0.125593311666233,0.288115233733767
AOI-0018,2022-04-08,0.2599933999,0.17873243886623297,0.341254360933767
AOI-0018,2022-05-20,0.2249497417,0.143688780666233,0.30621070273376705
AOI-0018,2022-06-04,0.3713275567,0.290066595666233,0.452588517733767
AOI-0018,2022-06-08,0.5398913013,0.45863034026623295,0.621152262333767
AOI-0018,2022-06-19,0.6839130468,0.602652085766233,0.765174007833767
AOI-0018,2022-06-24,0.6850843327,0.603823371666233,0.766345293733767
AOI-0018,2022-07-22,0.7958984516,0.7146374905662329,0.877159412633767
AOI-0018,2022-07-30,0.7642328437,0.682971882666233,0.845493804733767
AOI-0018,2022-08-10,0.6446395057,0.5633785446662329,0.725900466733767
AOI-0018,2022-08-28,0.3285153243,0.247254363266233,0.40977628533376703
AOI-0018,2022-08-31,0.343581477,0.262320515966233,0.42484243803376703
AOI-0018,2022-10-19,0.1815972261,0.100336265066233,0.262858187133767
AOI-0018,2023-04-04,0.6617920404,0.5805310793662329,0.743053001433767
AOI-0018,2023-04-10,0.7095751783,0.628314217266233,0.7908361393337671
AOI-0018,2023-05-09,0.8385592568,0.757298295766233,0.919820217833767
AOI-0018,2023-05-15,0.8776375542,0.796376593166233,0.958898515233767
AOI-0018,2023-05-25,0.7898978469,0.708636885866233,0.871158807933767
AOI-0018,2023-06-24,0.3694407878,0.288179826766233,0.450701748833767
AOI-0018,2023-07-06,0.2704093617,0.189148400666233,0.351670322733767
AOI-0018,2023-07-16,0.2926968154,0.21143585436623297,0.373957776433767
AOI-0018,2023-07-24,0.2990993889,0.21783842786623298,0.380360349933767
AOI-0018,2023-08-02,0.2795523163,0.19829135526623298,0.360813277333767
AOI-0018,2023-08-30,0.1701626151,0.08890165406623299,0.251423576133767
AOI-0018,2023-09-12,0.1718243733,0.09056341226623299,0.253085334333767
AOI-0018,2023-09-18,0.2413549087,0.160093947666233,0.322615869733767
AOI-0018,2023-10-12,0.1817688901,0.10050792906623299,0.263029851133767
AOI-0018,2023-10-19,0.1921060551,0.110845094066233,0.273367016133767
AOI-0018,2024-04-05,0.2532588198,0.17199785876623297,0.334519780833767
AOI-0018,2024-04-29,0.2967861173,0.21552515626623298,0.378047078333767
AOI-0018,2024-05-07,0.3192561615,0.23799520046623301,0.40051712253376703
AOI-0018,2024-06-17,0.7545303885,0.673269427466233,0.835791349533767
AOI-0018,2024-06-25,0.673894626,0.592633664966233,0.7551555870337671
AOI-0018,2024-06-28,0.7447677938,0.663506832766233,0.826028754833767
AOI-0018,2024-07-05,0.6575620427,0.576301081666233,0.738823003733767
AOI-0018,2024-08-03,0.5494811666,0.468220205566233,0.630742127633767
AOI-0018,2024-08-20,0.3253409767,0.244080015666233,0.406601937733767
AOI-0018,2024-09-20,0.2547588464,0.173497885366233,0.336019807433767
AOI-0018,2024-09-23,0.1849026113,0.10364165026623298,0.266163572333767
AOI-0018,2024-10-01,0.1838731587,0.102612197666233,0.265134119733767
AOI-0018,2024-10-30,0.2423305305,0.161069569466233,0.323591491533767
AOI-0024,2010-04-23,0.261079306,0.179818344966233,0.342340267033767
AOI-0024,2010-06-19,0.2939468092,0.21268584816623298,0.375207770233767
AOI-0024,2010-07-28,0.7544061965,0.673145235466233,0.835667157533767
AOI-0024,2010-10-16,0.2904544873,0.209193526266233,0.371715448333767
AOI-0024,2011-06-14,0.3357661622,0.254505201166233,0.417027123233767
AOI-0024,2011-06-26,0.5152876657,0.43402670466623294,0.596548626733767
AOI-0024,2011-07-16,0.480290686,0.399029724966233,0.561551647033767
AOI-0024,2011-09-14,0.4320023951,0.350741434066233,0.513263356133767
AOI-0024,2011-10-16,0.3878860258,0.30662506476623297,0.469146986833767
AOI-0024,2012-04-04,0.1733850104,0.092124049366233,0.254645971433767
AOI-0024,2012-04-06,0.3047149159,0.22345395486623298,0.385975876933767
AOI-0024,2012-06-23,0.4721947416,0.390933780566233,0.553455702633767
AOI-0024,2012-07-18,0.3295473399,0.248286378866233,0.410808300933767
AOI-0024,2012-08-28,0.3343465143,0.253085553266233,0.415607475333767
AOI-0024,2012-09-04,0.2206749189,0.13941395786623298,0.301935879933767
AOI-0024,2012-09-13,0.3270586072,0.245797646166233,0.408319568233767
AOI-0024,2012-09-27,0.2302957919,0.14903483086623298,0.311556752933767
AOI-0024,2013-04-16,0.21135217,0.130091208966233,0.292613131033767
AOI-0024,2013-06-11,0.450190321,0.368929359966233,0.531451282033767
AOI-0024,2013-07-20,0.5984218801,0.517160919066233,0.679682841133767
AOI-0024,2013-07-29,0.5318969325,0.450635971466233,0.613157893533767
AOI-0024,2013-08-22,0.3787283058,0.297467344766233,0.459989266833767
AOI-0024,2013-09-14,0.4300986207,0.348837659666233,0.511359581733767
AOI-0024,2014-05-09,0.7807720321,0.699511071066233,0.862032993133767
AOI-0024,2014-07-12,0.3108850685,0.22962410746623296,0.392146029533767
AOI-0024,2014-08-09,0.1593955346,0.07813457356623299,0.240656495633767
AOI-0024,2014-08-16,0.1597437534,0.07848279236623298,0.241004714433767
AOI-0024,2014-09-30,0.2426588302,0.161397869166233,0.323919791233767
AOI-0024,2014-10-04,0.2034059295,0.12214496846623299,0.28466689053376704
AOI-0024,2015-04-14,0.3203178387,0.23905687766623301,0.40157879973376703
AOI-0024,2015-07-11,0.3293117325,0.248050771466233,0.410572693533767
AOI-0024,2015-07-12,0.3964280082,0.315167047166233,0.477688969233767
AOI-0024,2015-07-28,0.3975421013,0.316281140266233,0.478803062333767
AOI-0024,2015-09-29,0.2310509536,0.149789992566233,0.312311914633767
AOI-0024,2016-04-08,0.2649841782,0.18372321716623297,0.346245139233767
AOI-0024,2016-04-23,0.3136791786,0.232418217566233,0.394940139633767
AOI-0024,2016-06-19,0.6876430964,0.606382135366233,0.768904057433767
AOI-0024,2016-08-12,0.6862710137,0.605010052666233,0.767531974733767
AOI-0024,2016-08-22,0.6369101294,0.555649168366233,0.718171090433767
AOI-0024,2016-08-30,0.5233103123,0.442049351266233,0.604571273333767
AOI-0024,2016-09-14,0.3772958644,0.296034903366233,0.458556825433767
AOI-0024,2016-10-16,0.3397019387,0.258440977666233,0.420962899733767
AOI-0024,2017-04-26,0.5680753861,0.48681442506623296,0.649336347133767
AOI-0024,2017-05-01,0.6568484263,0.575587465266233,0.738109387333767
AOI-0024,2017-05-12,0.7709152407,0.6896542796662329,0.852176201733767
AOI-0024,2017-05-29,0.8059594291,0.724698468066233,0.887220390133767
AOI-0024,2017-06-13,0.7464413365,0.665180375466233,0.827702297533767
AOI-0024,2017-06-14,0.7286133678,0.647352406766233,0.809874328833767
AOI-0024,2017-06-29,0.4116579883,0.330397027266233,0.492918949333767
AOI-0024,2017-07-07,0.334400044,0.253139082966233,0.415661005033767
AOI-0024,2017-07-15,0.2886558048,0.20739484376623302,0.36991676583376704
AOI-0024,2017-08-01,0.1865170412,0.105256080166233,0.267778002233767
AOI-0024,2017-08-04,0.1757555926,0.094494631566233,0.257016553633767
AOI-0024,2017-08-08,0.2045530428,0.12329208176623299,0.285814003833767
AOI-0024,2017-08-16,0.2207180181,0.139457057066233,0.30197897913376703
AOI-0024,2017-08-24,0.1922811581,0.11102019706623298,0.273542119133767
AOI-0024,2017-09-02,0.1961478929,0.114886931866233,0.277408853933767
AOI-0024,2017-09-05,0.1512169582,0.06995599716623299,0.232477919233767
AOI-0024,2017-09-18,0.1787928928,0.09753193176623298,0.260053853833767
AOI-0024,2017-09-30,0.2497963166,0.168535355566233,0.331057277633767
AOI-0024,2018-04-14,0.2270495848,0.145788623766233,0.30831054583376705
AOI-0024,2018-06-24,0.3954216104,0.314160649366233,0.476682571433767
AOI-0024,2018-06-25,0.4187297949,0.337468833866233,0.499990755933767
AOI-0024,2018-08-19,0.2280188669,0.146757905866233,0.309279827933767
AOI-0024,2018-09-04,0.2091509906,0.127890029566233,0.290411951633767
AOI-0024,2018-09-29,0.2189528887,0.13769192766623298,0.30021384973376697
AOI-0024,2019-04-01,0.306076859,0.22481589796623297,0.387337820033767
AOI-0024,2019-04-21,0.4958763978,0.41461543676623297,0.5771373588337669
AOI-0024,2019-05-11,0.770077834,0.688816872966233,0.851338795033767
AOI-0024,2019-05-28,0.8663995477,0.785138586666233,0.9476605087337671
AOI-0024,2019-08-23,0.2031583447,0.12189738366623298,0.284419305733767
AOI-0024,2019-08-24,0.1952211108,0.11396014976623298,0.276482071833767
AOI-0024,2019-09-14,0.2937624653,0.212501504266233,0.375023426333767
AOI-0024,2019-09-15,0.1939053314,0.11264437036623298,0.275166292433767
AOI-0024,2019-09-16,0.2591927957,0.17793183466623297,0.340453756733767
AOI-0024,2019-10-09,0.3546903302,0.273429369166233,0.435951291233767
AOI-0024,2019-10-26,0.4067364199,0.32547545886623297,0.487997380933767
AOI-0024,2020-04-30,0.2032948565,0.122033895466233,0.284555817533767
AOI-0024,2020-05-27,0.2397505601,0.158489599066233,0.321011521133767
AOI-0024,2020-07-07,0.7163964948,0.635135533766233,0.797657455833767
AOI-0024,2020-08-09,0.3511345762,0.269873615166233,0.432395537233767
AOI-0024,2020-08-12,0.3566266468,0.275365685766233,0.437887607833767
AOI-0024,2020-09-22,0.1685889316,0.08732797056623298,0.249849892633767
AOI-0024,2020-10-15,0.234541822,0.153280860966233,0.315802783033767
AOI-0024,2021-06-10,0.759030322,0.677769360966233,0.840291283033767
AOI-0024,2021-07-12,0.3202601534,0.23899919236623302,0.40152111443376703
AOI-0024,2021-08-03,0.186794691,0.105533729966233,0.268055652033767
AOI-0024,2021-08-12,0.1737716232,0.092510662166233,0.255032584233767
AOI-0024,2021-08-23,0.1989034686,0.11764250756623298,0.280164429633767
AOI-0024,2021-08-25,0.2131503081,0.13188934706623298,0.29441126913376703
AOI-0024,2022-04-05,0.4734249267,0.392163965666233,0.554685887733767
AOI-0024,2022-05-25,0.8355009041,0.754239943066233,0.916761865133767
AOI-0024,2022-06-04,0.8658864047,0.784625443666233,0.947147365733767
AOI-0024,2022-06-30,0.3552449337,0.273983972666233,0.436505894733767
AOI-0024,2022-07-01,0.2944601104,0.21319914936623297,0.375721071433767
AOI-0024,2022-07-17,0.2976743589,0.21641339786623298,0.378935319933767
AOI-0024,2022-08-22,0.2930237542,0.21176279316623298,0.374284715233767
AOI-0024,2022-09-01,0.3220771457,0.240816184666233,0.403338106733767
AOI-0024,2022-09-30,0.3968189852,0.31555802416623296,0.478079946233767
AOI-0024,2022-10-01,0.3712421782,0.289981217166233,0.452503139233767
AOI-0024,2023-04-23,0.4600985421,0.378837581066233,0.541359503133767
AOI-0024,2023-04-27,0.2891227198,0.20786175876623297,0.370383680833767
AOI-0024,2023-05-12,0.2607901945,0.179529233466233,0.342051155533767
AOI-0024,2023-05-17,0.2792658179,0.19800485686623298,0.360526778933767
AOI-0024,2023-06-19,0.5873963748,0.5061354137662329,0.668657335833767
AOI-0024,2023-07-05,0.7915527321,0.710291771066233,0.872813693133767
AOI-0024,2023-07-21,0.793438783,0.712177821966233,0.874699744033767
AOI-0024,2023-08-01,0.7844474617,0.703186500666233,0.865708422733767
AOI-0024,2023-08-06,0.7666655518,0.685404590766233,0.847926512833767
AOI-0024,2023-08-13,0.6904342405,0.609173279466233,0.771695201533767
AOI-0024,2023-08-18,0.6134557587,0.532194797666233,0.694716719733767
AOI-0024,2023-09-22,0.2589668267,0.17770586566623298,0.340227787733767
AOI-0024,2023-09-29,0.231827353,0.150566391966233,0.313088314033767
AOI-0024,2023-10-11,0.2039376038,0.122676642766233,0.28519856483376704
AOI-0024,2023-10-12,0.1828707059,0.101609744866233,0.264131666933767
AOI-0024,2024-04-05,0.666844497,0.585583535966233,0.748105458033767
AOI-0024,2024-04-11,0.7480912887,0.666830327666233,0.829352249733767
AOI-0024,2024-05-23,0.8682534101,0.786992449066233,0.949514371133767
AOI-0024,2024-06-24,0.2977028226,0.21644186156623302,0.37896378363376704
AOI-0024,2024-06-28,0.2133056067,0.132044645666233,0.294566567733767
AOI-0024,2024-07-11,0.276531706,0.19527074496623298,0.357792667033767
AOI-0024,2024-07-15,0.1641731255,0.08291216446623298,0.245434086533767
AOI-0024,2024-07-27,0.2133549432,0.132093982166233,0.29461590423376705
AOI-0024,2024-07-30,0.1300897902,0.04882882916623299,0.211350751233767
AOI-0024,2024-08-09,0.1447154209,0.06345445986623299,0.225976381933767
AOI-0024,2024-09-21,0.1535457367,0.07228477566623298,0.234806697733767
AOI-0024,2024-10-03,0.1234604048,0.042199443766233,0.20472136583376702
AOI-0024,2024-10-08,0.1418520282,0.060591067166233,0.22311298923376702
AOI-0025,2010-06-02,0.5286788797,0.44741791866623304,0.6099398407337671
AOI-0025,2011-04-02,0.1617105054,0.080449544366233,0.24297146643376702
AOI-0025,2011-04-07,0.2692621755,0.18800121446623297,0.350523136533767
AOI-0025,2011-06-26,0.4528415617,0.371580600666233,0.534102522733767
AOI-0025,2011-08-08,0.2227209499,0.14145998886623298,0.30398191093376703
AOI-0025,2012-04-04,0.4050000265,0.323739065466233,0.486260987533767
AOI-0025,2012-05-24,0.7282503696,0.646989408566233,0.809511330633767
AOI-0025,2012-08-26,0.1873945774,0.106133616366233,0.268655538433767
AOI-0025,2013-04-07,0.4422316569,0.360970695866233,0.523492617933767
AOI-0025,2013-04-23,0.6105989289,0.529337967866233,0.691859889933767
AOI-0025,2013-08-13,0.2281783027,0.146917341666233,0.309439263733767
AOI-0025,2013-10-16,0.5416198931,0.460358932066233,0.622880854133767
AOI-0025,2014-04-18,0.8225916936,0.7413307325662329,0.903852654633767
AOI-0025,2014-05-09,0.8758784579,0.794617496866233,0.957139418933767
AOI-0025,2014-07-28,0.310809347,0.229548385966233,0.392070308033767
AOI-0025,2014-08-24,0.2304380988,0.14917713776623298,0.311699059833767
AOI-0025,2015-04-13,0.2174346037,0.136173642666233,0.298695564733767
AOI-0025,2015-05-25,0.5126028363,0.431341875266233,0.593863797333767
AOI-0025,2015-08-13,0.2946235224,0.213362561366233,0.375884483433767
AOI-0025,2015-09-14,0.2570945925,0.175833631466233,0.338355553533767
AOI-0025,2016-04-06,0.7233128103,0.642051849266233,0.8045737713337671
AOI-0025,2016-05-09,0.7922190609,0.710958099866233,0.8734800219337671
AOI-0025,2016-05-25,0.7440765813,0.662815620266233,0.825337542333767
AOI-0025,2016-06-10,0.4977666425,0.416505681466233,0.579027603533767
AOI-0025,2016-06-18,0.3749093816,0.29364842056623297,0.456170342633767
AOI-0025,2016-07-11,0.3329129333,0.251651972266233,0.414173894333767
AOI-0025,2016-07-27,0.2973144531,0.21605349206623298,0.378575414133767
AOI-0025,2016-08-12,0.2736771982,0.19241623716623302,0.35493815923376704
AOI-0025,2016-09-13,0.2548418801,0.17358091906623296,0.336102841133767
AOI-0025,2016-10-15,0.2961131144,0.21485215336623298,0.377374075433767
AOI-0025,2016-10-24,0.2148837305,0.133622769466233,0.296144691533767
AOI-0025,2017-04-02,0.154795082,0.07353412096623299,0.236056043033767
AOI-0025,2017-04-23,0.4625925805,0.381331619466233,0.5438535415337671
AOI-0025,2017-05-25,0.6541590886,0.572898127566233,0.7354200496337671
AOI-0025,2017-07-28,0.5410934845,0.45983252346623305,0.6223544455337671
AOI-0025,2017-07-31,0.627457938,0.546196976966233,0.7087188990337671
AOI-0025,2017-08-09,0.3391941087,0.257933147666233,0.420455069733767
AOI-0025,2017-08-29,0.2172139882,0.135953027166233,0.29847494923376705
AOI-0025,2018-07-26,0.2285433624,0.147282401366233,0.309804323433767
AOI-0025,2018-09-12,0.1855449977,0.10428403666623298,0.266805958733767
AOI-0025,2019-04-07,0.3581493134,0.276888352366233,0.439410274433767
AOI-0025,2019-05-02,0.2657465154,0.18448555436623298,0.347007476433767
AOI-0025,2019-06-27,0.1925417974,0.11128083636623298,0.273802758433767
AOI-0025,2019-08-06,0.195012964,0.113752002966233,0.276273925033767
AOI-0025,2019-08-19,0.144695651,0.063434689966233,0.22595661203376702
AOI-0025,2019-08-22,0.2067537781,0.125492817066233,0.288014739133767
AOI-0025,2019-08-29,0.1789524014,0.09769144036623298,0.260213362433767
AOI-0025,2019-09-14,0.2513911481,0.170130187066233,0.332652109133767
AOI-0025,2019-09-23,0.1295488795,0.04828791846623298,0.210809840533767
AOI-0025,2019-10-23,0.6088476184,0.527586657366233,0.690108579433767
AOI-0025,2020-05-30,0.8149268534,0.733665892366233,0.896187814433767
AOI-0025,2020-08-13,0.1482667232,0.067005762166233,0.22952768423376702
AOI-0025,2020-09-22,0.1415776927,0.060316731666233,0.22283865373376702
AOI-0025,2020-10-12,0.1253697134,0.04410875236623299,0.206630674433767
AOI-0025,2021-05-31,0.8001797494,0.718918788366233,0.881440710433767
AOI-0025,2021-06-24,0.6590850391,0.577824078066233,0.7403460001337671
AOI-0025,2021-07-14,0.1636961003,0.082435139266233,0.24495706133376702
AOI-0025,2021-07-28,0.2861623806,0.20490141956623298,0.367423341633767
AOI-0025,2021-09-14,0.2392985457,0.158037584666233,0.320559506733767
AOI-0025,2021-10-16,0.2918400323,0.210579071266233,0.373100993333767
AOI-0025,2022-06-09,0.8500362058,0.768775244766233,0.9312971668337671
AOI-0025,2022-06-11,0.8367400349,0.755479073866233,0.918000995933767
AOI-0025,2022-06-13,0.8259148596,0.744653898566233,0.907175820633767
AOI-0025,2022-06-29,0.3133252985,0.232064337466233,0.394586259533767
AOI-0025,2022-07-21,0.1701748871,0.088913926066233,0.251435848133767
AOI-0025,2022-08-13,0.1570350783,0.07577411726623298,0.238296039333767
AOI-0025,2022-08-14,0.1889879701,0.107727009066233,0.270248931133767
AOI-0025,2022-08-29,0.2227996092,0.141538648166233,0.304060570233767
AOI-0025,2022-09-30,0.237536565,0.156275603966233,0.318797526033767
AOI-0025,2023-05-09,0.5149003763,0.43363941526623295,0.596161337333767
AOI-0025,2023-05-15,0.2091315475,0.12787058646623298,0.29039250853376697
AOI-0025,2023-06-26,0.7404362138,0.659175252766233,0.821697174833767
AOI-0025,2023-07-16,0.7473266877,0.666065726666233,0.828587648733767
AOI-0025,2023-08-01,0.8054739099,0.724212948866233,0.886734870933767
AOI-0025,2023-08-13,0.7362199451,0.654958984066233,0.817480906133767
AOI-0025,2023-09-30,0.2815352959,0.20027433486623297,0.362796256933767
AOI-0025,2024-05-07,0.809482961,0.7282219999662329,0.890743922033767
AOI-0025,2024-05-23,0.8185068099,0.737245848866233,0.899767770933767
AOI-0025,2024-07-18,0.1528887354,0.071627774366233,0.234149696433767
AOI-0025,2024-07-28,0.1376384357,0.056377474666232996,0.21889939673376702
AOI-0025,2024-08-12,0.149600773,0.06833981196623298,0.230861734033767
AOI-0025,2024-08-17,0.1308234228,0.049562461766232996,0.21208438383376702
AOI-0025,2024-09-16,0.1359383309,0.05467736986623298,0.217199291933767
AOI-0025,2024-09-26,0.1304335866,0.049172625566233,0.21169454763376702
AOI-0025,2024-10-11,0.1272340034,0.04597304236623298,0.208494964433767
AOI-0025,2024-10-30,0.1804856601,0.09922469906623299,0.261746621133767
AOI-0029,2010-08-13,0.2079450638,0.126684102766233,0.289206024833767
AOI-0029,2010-08-29,0.1802048718,0.09894391076623299,0.261465832833767
AOI-0029,2011-04-26,0.3972801188,0.316019157766233,0.47854107983376704
AOI-0029,2012-05-24,0.6281073114,0.546846350366233,0.709368272433767
AOI-0029,2012-06-09,0.6795435418,0.598282580766233,0.760804502833767
AOI-0029,2012-07-27,0.3655265771,0.284265616066233,0.44678753813376704
AOI-0029,2012-09-27,0.1736478396,0.09238687856623298,0.254908800633767
AOI-0029,2013-04-15,0.7930581083,0.711797147266233,0.874319069333767
AOI-0029,2013-05-09,0.843113526,0.761852564966233,0.924374487033767
AOI-0029,2014-05-20,0.3362400592,0.254979098166233,0.417501020233767
AOI-0029,2014-06-10,0.3390328561,0.257771895066233,0.420293817133767
AOI-0029,2014-07-28,0.2294227834,0.148161822366233,0.310683744433767
AOI-0029,2014-08-13,0.2236324164,0.142371455366233,0.304893377433767
AOI-0029,2015-04-23,0.7953424169,0.714081455866233,0.876603377933767
AOI-0029,2016-04-07,0.2146318614,0.133370900366233,0.295892822433767
AOI-0029,2016-06-18,0.7892059924,0.707945031366233,0.870466953433767
AOI-0029,2016-07-04,0.8039030288,0.722642067766233,0.885163989833767
AOI-0029,2016-08-13,0.3804691643,0.299208203266233,0.461730125333767
AOI-0029,2016-09-29,0.3834969035,0.302235942466233,0.464757864533767
AOI-0029,2017-04-01,0.3600227079,0.278761746866233,0.441283668933767
AOI-0029,2017-04-07,0.6328845925,0.5516236314662329,0.714145553533767
AOI-0029,2017-05-01,0.7707253666,0.689464405566233,0.851986327633767
AOI-0029,2017-06-10,0.5792373225,0.49797636146623303,0.660498283533767
AOI-0029,2017-06-26,0.3915783764,0.310317415366233,0.472839337433767
AOI-0029,2017-08-04,0.1408089743,0.05954801326623299,0.222069935333767
AOI-0029,2017-08-09,0.1368616295,0.05560066846623299,0.218122590533767
AOI-0029,2017-08-13,0.2480983518,0.166837390766233,0.329359312833767
AOI-0029,2017-09-01,0.2179381395,0.13667717846623298,0.29919910053376697
AOI-0029,2017-09-30,0.2573620083,0.176101047266233,0.338622969333767
AOI-0029,2018-04-23,0.4306895527,0.34942859166623297,0.511950513733767
AOI-0029,2018-06-16,0.222140556,0.14087959496623298,0.303401517033767
AOI-0029,2018-09-12,0.1652217582,0.083960797166233,0.24648271923376702
AOI-0029,2018-09-18,0.1735796869,0.09231872586623299,0.25484064793376704
AOI-0029,2018-09-30,0.2544243474,0.17316338636623296,0.335685308433767
AOI-0029,2019-04-11,0.5084006503,0.427139689266233,0.589661611333767
AOI-0029,2019-04-23,0.7519837145,0.670722753466233,0.833244675533767
AOI-0029,2019-06-05,0.8295782667,0.748317305666233,0.910839227733767
AOI-0029,2019-06-15,0.634500669,0.553239707966233,0.715761630033767
AOI-0029,2019-06-25,0.2250197621,0.14375880106623298,0.306280723133767
AOI-0029,2019-07-25,0.1457275143,0.06446655326623299,0.226988475333767
AOI-0029,2019-07-28,0.2419212047,0.160660243666233,0.323182165733767
AOI-0029,2019-09-13,0.1567685059,0.07550754486623298,0.238029466933767
AOI-0029,2019-09-23,0.0981333974,0.016872436366232993,0.179394358433767
AOI-0029,2020-04-02,0.2223473101,0.141086349066233,0.303608271133767
AOI-0029,2020-04-06,0.3530492448,0.271788283766233,0.434310205833767
AOI-0029,2020-05-20,0.5374495208,0.45618855976623296,0.618710481833767
AOI-0029,2020-07-14,0.1448659905,0.063605029466233,0.22612695153376702
AOI-0029,2020-07-23,0.2092015169,0.12794055586623299,0.290462477933767
AOI-0029,2020-08-03,0.1378132262,0.05655226516623299,0.219074187233767
AOI-0029,2020-09-02,0.1498498605,0.06858889946623298,0.231110821533767
AOI-0029,2020-09-17,0.1537843133,0.072523352266233,0.235045274333767
AOI-0029,2020-09-25,0.1939356876,0.11267472656623298,0.275196648633767
AOI-0029,2021-04-21,0.6072199979,0.525959036866233,0.688480958933767
AOI-0029,2021-05-07,0.7975763343,0.716315373266233,0.878837295333767
AOI-0029,2021-05-23,0.8867322678,0.805471306766233,0.967993228833767
AOI-0029,2021-06-16,0.8186575345,0.737396573466233,0.899918495533767
AOI-0029,2021-06-19,0.7923207625,0.711059801466233,0.8735817235337671
AOI-0029,2021-06-26,0.5265736948,0.44531273376623304,0.6078346558337671
AOI-0029,2021-07-10,0.3080225341,0.226761573066233,0.38928349513376703
AOI-0029,2021-09-17,0.1856956285,0.10443466746623298,0.266956589533767
AOI-0029,2021-10-07,0.1902726534,0.10901169236623298,0.271533614433767
AOI-0029,2021-10-22,0.2182020043,0.136941043266233,0.29946296533376704
AOI-0029,2021-10-27,0.2526943292,0.171433368166233,0.333955290233767
AOI-0029,2022-04-10,0.1838457728,0.10258481176623299,0.26510673383376704
AOI-0029,2022-04-15,0.2193032541,0.138042293066233,0.300564215133767
AOI-0029,2022-06-09,0.3909201592,0.309659198166233,0.472181120233767
AOI-0029,2022-06-19,0.7055150223,0.624254061266233,0.786775983333767
AOI-0029,2022-07-05,0.7672910026,0.686030041566233,0.8485519636337671
AOI-0029,2022-07-12,0.6720056618,0.590744700766233,0.753266622833767
AOI-0029,2022-08-03,0.6300257688,0.548764807766233,0.7112867298337671
AOI-0029,2022-08-29,0.3376603605,0.25639939946623297,0.418921321533767
AOI-0029,2022-09-17,0.1944668185,0.11320585746623299,0.27572777953376704
AOI-0029,2023-06-30,0.4177862184,0.336525257366233,0.49904717943376703
AOI-0029,2023-07-12,0.3576096661,0.276348705066233,0.438870627133767
AOI-0029,2023-07-28,0.3601417741,0.27888081306623297,0.441402735133767
AOI-0029,2023-08-01,0.2362889741,0.15502801306623298,0.317549935133767
AOI-0029,2023-08-09,0.2797384647,0.198477503666233,0.36099942573376703
AOI-0029,2023-08-25,0.193228422,0.111967460966233,0.274489383033767
AOI-0029,2023-09-22,0.1600224066,0.07876144556623299,0.241283367633767
AOI-0029,2023-09-24,0.1721746026,0.090913641566233,0.253435563633767
AOI-0029,2024-05-24,0.2124859114,0.131224950366233,0.293746872433767
AOI-0029,2024-06-24,0.1970487768,0.11578781576623298,0.278309737833767
AOI-0029,2024-06-28,0.138558625,0.05729766396623298,0.219819586033767
AOI-0029,2024-07-03,0.1444975678,0.063236606766233,0.225758528833767
AOI-0029,2024-07-11,0.2165039612,0.135243000166233,0.29776492223376705
AOI-0029,2024-09-28,0.1733900214,0.092129060366233,0.25465098243376705
AOI-0034,2010-04-26,0.3105300016,0.22926904056623298,0.391790962633767
AOI-0034,2010-05-28,0.5696239395,0.488362978466233,0.650884900533767
AOI-0034,2010-06-12,0.6147796836,0.533518722566233,0.696040644633767
AOI-0034,2010-07-31,0.2267574104,0.145496449366233,0.308018371433767
AOI-0034,2011-04-07,0.3320689687,0.250808007666233,0.41332992973376703
AOI-0034,2011-04-28,0.3061888429,0.22492788186623297,0.387449803933767
AOI-0034,2011-06-16,0.2806427278,0.19938176676623298,0.361903688833767
AOI-0034,2011-06-26,0.280836152,0.199575190966233,0.362097113033767
AOI-0034,2011-07-26,0.1830241338,0.10176317276623298,0.264285094833767
AOI-0034,2011-08-18,0.1813566796,0.10009571856623298,0.262617640633767
AOI-0034,2011-09-27,0.2349906911,0.153729730066233,0.31625165213376705
AOI-0034,2011-09-30,0.3544996467,0.273238685666233,0.435760607733767
AOI-0034,2012-05-01,0.5877368891,0.506475928066233,0.668997850133767
AOI-0034,2012-05-17,0.5654700095,0.484209048466233,0.646730970533767
AOI-0034,2012-05-24,0.5679791539,0.48671819286623297,0.649240114933767
AOI-0034,2012-06-09,0.4016122912,0.320351330166233,0.48287325223376704
AOI-0034,2012-06-25,0.2500953229,0.16883436186623302,0.33135628393376704
AOI-0034,2012-07-27,0.1787595648,0.09749860376623298,0.260020525833767
AOI-0034,2012-08-12,0.2166260668,0.13536510576623298,0.29788702783376697
AOI-0034,2013-04-02,0.1740952133,0.09283425226623299,0.255356174333767
AOI-0034,2013-04-18,0.2651917119,0.183930750866233,0.346452672933767
AOI-0034,2013-05-11,0.3535140657,0.272253104666233,0.434775026733767
AOI-0034,2013-06-13,0.2153741117,0.134113150666233,0.296635072733767
AOI-0034,2013-06-21,0.1675922223,0.086331261266233,0.24885318333376702
AOI-0034,2013-07-14,0.1804821366,0.099221175566233,0.261743097633767
AOI-0034,2013-08-23,0.232875397,0.151614435966233,0.31413635803376705
AOI-0034,2013-10-10,0.3831794295,0.301918468466233,0.464440390533767
AOI-0034,2014-07-10,0.1286892522,0.04742829116623298,0.209950213233767
AOI-0034,2014-10-29,0.1865394704,0.10527850936623298,0.26780043143376697
AOI-0034,2015-04-24,0.1838725681,0.10261160706623298,0.265133529133767
AOI-0034,2015-05-26,0.2092287023,0.127967741266233,0.290489663333767
AOI-0034,2015-07-04,0.1547832464,0.07352228536623298,0.236044207433767
AOI-0034,2015-08-13,0.1788061733,0.097545212266233,0.26006713433376705
AOI-0034,2015-08-29,0.1797002588,0.098439297766233,0.260961219833767
AOI-0034,2015-09-07,0.1688945713,0.08763361026623298,0.250155532333767
AOI-0034,2015-09-15,0.1206305529,0.039369591866232984,0.201891513933767
AOI-0034,2015-09-22,0.1564374821,0.07517652106623299,0.237698443133767
AOI-0034,2015-10-08,0.1512750376,0.07001407656623299,0.232535998633767
AOI-0034,2016-06-12,0.516666831,0.435405869966233,0.597927792033767
AOI-0034,2016-06-21,0.2915845424,0.21032358136623297,0.372845503433767
AOI-0034,2016-07-27,0.2241295484,0.14286858736623298,0.305390509433767
AOI-0034,2016-08-31,0.1873951176,0.10613415656623298,0.268656078633767
AOI-0034,2016-10-15,0.2505831934,0.169322232366233,0.331844154433767
AOI-0034,2016-10-26,0.1790576571,0.09779669606623298,0.260318618133767
AOI-0034,2017-04-03,0.1451913463,0.06393038526623299,0.226452307333767
AOI-0034,2017-04-04,0.1361138615,0.05485290046623298,0.217374822533767
AOI-0034,2017-05-07,0.2171655733,0.135904612266233,0.298426534333767
AOI-0034,2017-06-10,0.2817190676,0.20045810656623297,0.362980028633767
AOI-0034,2017-07-17,0.190354853,0.10909389196623298,0.271615814033767
AOI-0034,2017-07-25,0.1482584378,0.066997476766233,0.229519398833767
AOI-0034,2017-08-02,0.1907943095,0.109533348466233,0.272055270533767
AOI-0034,2017-08-06,0.1278463509,0.04658538986623298,0.209107311933767
AOI-0034,2017-08-19,0.1345125802,0.053251619166233,0.21577354123376702
AOI-0034,2017-09-11,0.1532018242,0.071940863166233,0.234462785233767
AOI-0034,2017-09-28,0.3173333329,0.23607237186623298,0.398594293933767
AOI-0034,2018-04-28,0.7797372762,0.698476315166233,0.860998237233767
AOI-0034,2018-05-17,0.8262502422,0.744989281166233,0.907511203233767
AOI-0034,2018-05-30,0.696116807,0.614855845966233,0.777377768033767
AOI-0034,2018-06-11,0.4033626736,0.322101712566233,0.484623634633767
AOI-0034,2018-06-27,0.2020222354,0.12076127436623299,0.283283196433767
AOI-0034,2018-09-05,0.1160662077,0.03480524666623298,0.197327168733767
AOI-0034,2019-04-23,0.1976517434,0.11639078236623299,0.27891270443376703
AOI-0034,2019-05-18,0.1625593124,0.08129835136623298,0.243820273433767
AOI-0034,2019-05-29,0.2203076732,0.139046712166233,0.301568634233767
AOI-0034,2019-06-04,0.1423029688,0.061042007766233,0.22356392983376702
AOI-0034,2019-06-17,0.1413155429,0.060054581866233,0.22257650393376702
AOI-0034,2019-06-22,0.1344060668,0.05314510576623299,0.215667027833767
AOI-0034,2019-06-24,0.1296652717,0.04840431066623299,0.210926232733767
AOI-0034,2019-06-27,0.1309599817,0.049699020666232996,0.21222094273376702
AOI-0034,2019-07-19,0.0804216714,-0.0008392896337670042,0.16168263243376702
AOI-0034,2019-07-29,0.1235666833,0.042305722266232984,0.204827644333767
AOI-0034,2019-08-11,0.1419222135,0.060661252466232995,0.22318317453376701
AOI-0034,2019-08-13,0.1572511709,0.07599020986623298,0.238512131933767
AOI-0034,2019-09-02,0.1418062125,0.06054525146623299,0.223067173533767
AOI-0034,2019-09-14,0.2353754213,0.154114460266233,0.316636382333767
AOI-0034,2019-09-17,0.1567919046,0.075530943566233,0.238052865633767
AOI-0034,2019-10-22,0.6729502299,0.591689268866233,0.754211190933767
AOI-0034,2020-04-14,0.7347491672,0.653488206166233,0.8160101282337671
AOI-0034,2020-04-17,0.7266572235,0.6453962624662329,0.807918184533767
AOI-0034,2020-04-29,0.6889982182,0.607737257166233,0.770259179233767
AOI-0034,2020-05-04,0.6278934193,0.546632458266233,0.709154380333767
AOI-0034,2020-05-24,0.6630549016,0.581793940566233,0.744315862633767
AOI-0034,2020-05-31,0.6568897845,0.575628823466233,0.738150745533767
AOI-0034,2020-06-03,0.5945468647,0.513285903666233,0.675807825733767
AOI-0034,2020-07-10,0.1507624104,0.06950144936623298,0.232023371433767
AOI-0034,2020-07-16,0.0996215048,0.018360543766232987,0.180882465833767
AOI-0034,2020-07-23,0.0655073116,-0.015753649433767003,0.14676827263376702
AOI-0034,2020-07-25,0.1700618546,0.088800893566233,0.251322815633767
AOI-0034,2020-07-28,0.1026104319,0.021349470866232984,0.183871392933767
AOI-0034,2020-07-31,0.1092470211,0.027986060066232984,0.19050798213376702
AOI-0034,2020-08-07,0.1099380201,0.028677059066232996,0.19119898113376702
AOI-0034,2020-08-11,0.1269066099,0.045645648866232985,0.208167570933767
AOI-0034,2020-09-03,0.1220337723,0.040772811266232986,0.20329473333376702
AOI-0034,2020-09-04,0.1314950452,0.050234084166232984,0.212756006233767
AOI-0034,2020-09-29,0.1330077005,0.05174673946623298,0.214268661533767
AOI-0034,2020-10-15,0.1982876034,0.117026642366233,0.279548564433767
AOI-0034,2021-04-12,0.1212272418,0.03996628076623299,0.202488202833767
AOI-0034,2021-04-22,0.1564973163,0.07523635526623298,0.237758277333767
AOI-0034,2021-05-01,0.2036295002,0.122368539166233,0.28489046123376705
AOI-0034,2021-05-07,0.1719467782,0.090685817166233,0.25320773923376705
AOI-0034,2021-05-10,0.2028653698,0.12160440876623299,0.28412633083376704
AOI-0034,2021-05-29,0.1489156708,0.067654709766233,0.23017663183376702
AOI-0034,2021-07-26,0.1257315756,0.044470614566233,0.20699253663376702
AOI-0034,2021-07-28,0.1454327569,0.06417179586623298,0.226693717933767
AOI-0034,2021-07-31,0.1340208876,0.05275992656623299,0.215281848633767
AOI-0034,2021-08-02,0.1213441126,0.04008315156623299,0.202605073633767
AOI-0034,2021-08-06,0.1854317684,0.10417080736623299,0.266692729433767
AOI-0034,2021-08-17,0.1106839018,0.02942294076623299,0.191944862833767
AOI-0034,2021-08-29,0.1999323627,0.118671401666233,0.28119332373376704
AOI-0034,2021-09-11,0.1391693546,0.05790839356623298,0.220430315633767
AOI-0034,2021-09-14,0.1711624368,0.089901475766233,0.252423397833767
AOI-0034,2021-09-15,0.1542275896,0.07296662856623298,0.235488550633767
AOI-0034,2021-10-06,0.2738060949,0.192545133866233,0.35506705593376703
AOI-0034,2021-10-09,0.3337757729,0.252514811866233,0.415036733933767
AOI-0034,2022-04-12,0.6390145878,0.557753626766233,0.720275548833767
AOI-0034,2022-05-29,0.8176693574,0.736408396366233,0.898930318433767
AOI-0034,2022-06-11,0.5076304226,0.426369461566233,0.588891383633767
AOI-0034,2022-06-20,0.3280610188,0.24680005776623298,0.409321979833767
AOI-0034,2022-06-30,0.2494169832,0.168156022166233,0.330677944233767
AOI-0034,2022-08-25,0.142386526,0.061125564966233004,0.22364748703376702
AOI-0034,2022-09-06,0.115551446,0.03429048496623299,0.196812407033767
AOI-0034,2022-09-09,0.1227134829,0.041452521866232994,0.203974443933767
AOI-0034,2022-10-01,0.145825024,0.06456406296623299,0.227085985033767
AOI-0034,2022-10-06,0.1430955862,0.061834625166233004,0.22435654723376702
AOI-0034,2023-04-04,0.1786480319,0.097387070866233,0.259908992933767
AOI-0034,2023-04-17,0.1772416138,0.095980652766233,0.25850257483376704
AOI-0034,2023-04-23,0.3425643122,0.261303351166233,0.423825273233767
AOI-0034,2023-05-31,0.2174093386,0.136148377566233,0.298670299633767
AOI-0034,2023-07-21,0.1476456924,0.06638473136623299,0.228906653433767
AOI-0034,2023-07-23,0.131221682,0.049960720966232997,0.21248264303376702
AOI-0034,2023-07-28,0.2218418385,0.140580877466233,0.303102799533767
AOI-0034,2023-08-08,0.1753210726,0.09406011156623298,0.25658203363376697
AOI-0034,2023-08-17,0.1345856698,0.05332470876623299,0.215846630833767
AOI-0034,2023-09-26,0.2301428692,0.14888190816623298,0.311403830233767
AOI-0034,2023-09-28,0.2683816472,0.187120686166233,0.349642608233767
AOI-0034,2023-09-30,0.3881417637,0.30688080266623297,0.469402724733767
AOI-0034,2023-10-01,0.2759431076,0.194682146566233,0.357204068633767
AOI-0034,2024-04-28,0.7889253441,0.707664383066233,0.870186305133767
AOI-0034,2024-05-09,0.8101171812,0.728856220166233,0.891378142233767
AOI-0034,2024-05-10,0.8143361848,0.733075223766233,0.895597145833767
AOI-0034,2024-05-21,0.7209266587,0.6396656976662329,0.802187619733767
AOI-0034,2024-06-26,0.2533382102,0.17207724916623302,0.33459917123376703
AOI-0034,2024-08-16,0.1279278545,0.046666893466232984,0.209188815533767
AOI-0034,2024-09-06,0.1627035533,0.08144259226623299,0.243964514333767
AOI-0034,2024-09-07,0.1539364992,0.07267553816623298,0.235197460233767
AOI-0034,2024-09-13,0.1347042259,0.05344326486623299,0.215965186933767
AOI-0034,2024-09-14,0.1517295947,0.07046863366623299,0.232990555733767
AOI-0034,2024-10-05,0.1283496043,0.04708864326623299,0.209610565333767
AOI-0034,2024-10-09,0.1703873802,0.08912641916623298,0.251648341233767
AOI-0034,2024-10-15,0.1935747607,0.11231379966623298,0.274835721733767
AOI-0034,2024-10-25,0.1377174569,0.056456495866233,0.21897841793376702
AOI-0034,2024-10-30,0.1137234889,0.03246252786623299,0.194984449933767
AOI-0036,2010-05-28,0.3421275494,0.260866588366233,0.423388510433767
AOI-0036,2010-06-10,0.4480413717,0.366780410666233,0.529302332733767
AOI-0036,2010-07-06,0.2842367096,0.20297574856623302,0.36549767063376704
AOI-0036,2010-07-07,0.29286694,0.211605978966233,0.37412790103376703
AOI-0036,2010-07-28,0.2538034483,0.172542487266233,0.335064409333767
AOI-0036,2010-07-30,0.2147779606,0.133516999566233,0.296038921633767
AOI-0036,2010-09-01,0.1383638934,0.057102932366232984,0.219624854433767
AOI-0036,2010-09-14,0.2102376563,0.12897669526623298,0.29149861733376703
AOI-0036,2010-09-30,0.2157240787,0.13446311766623298,0.296985039733767
AOI-0036,2011-07-01,0.370132712,0.28887175096623297,0.451393673033767
AOI-0036,2011-07-12,0.3335845128,0.252323551766233,0.414845473833767
AOI-0036,2012-04-22,0.5030794682,0.42181850716623304,0.5843404292337671
AOI-0036,2012-07-20,0.2089861072,0.12772514616623298,0.290247068233767
AOI-0036,2012-07-27,0.1923472073,0.11108624626623298,0.273608168333767
AOI-0036,2012-09-06,0.1590076814,0.07774672036623298,0.240268642433767
AOI-0036,2012-09-13,0.1576778883,0.076416927266233,0.23893884933376702
AOI-0036,2012-09-29,0.1681775295,0.086916568466233,0.24943849053376702
AOI-0036,2012-10-15,0.1716488965,0.090387935466233,0.25290985753376705
AOI-0036,2013-04-02,0.2112467806,0.12998581956623298,0.292507741633767
AOI-0036,2013-06-10,0.3211895606,0.23992859956623297,0.402450521633767
AOI-0036,2013-06-26,0.3660110975,0.284750136466233,0.447272058533767
AOI-0036,2013-06-28,0.2670671609,0.18580619986623298,0.348328121933767
AOI-0036,2013-09-14,0.3750221813,0.29376122026623297,0.456283142333767
AOI-0036,2013-10-10,0.3097697622,0.228508801166233,0.39103072323376703
AOI-0036,2014-04-23,0.499283767,0.418022805966233,0.580544728033767
AOI-0036,2014-05-25,0.3968975354,0.315636574366233,0.478158496433767
AOI-0036,2014-06-24,0.226147125,0.144886163966233,0.307408086033767
AOI-0036,2014-08-02,0.139697301,0.058436339966232986,0.220958262033767
AOI-0036,2014-10-05,0.1549389669,0.07367800586623299,0.236199927933767
AOI-0036,2014-10-14,0.1607745386,0.07951357756623298,0.242035499633767
AOI-0036,2015-05-25,0.4514130367,0.370152075666233,0.532673997733767
AOI-0036,2015-07-28,0.1862813875,0.105020426466233,0.267542348533767
AOI-0036,2015-08-06,0.1722681458,0.09100718476623298,0.253529106833767
AOI-0036,2015-09-06,0.1230270864,0.04176612536623299,0.204288047433767
AOI-0036,2015-09-30,0.1849173831,0.10365642206623299,0.266178344133767
AOI-0036,2016-06-09,0.3691444985,0.28788353746623296,0.450405459533767
AOI-0036,2016-07-15,0.2613676406,0.180106679566233,0.342628601633767
AOI-0036,2016-07-27,0.3257623195,0.244501358466233,0.407023280533767
AOI-0036,2016-08-23,0.2061558964,0.124894935366233,0.287416857433767
AOI-0036,2016-09-25,0.1905191923,0.10925823126623299,0.27178015333376704
AOI-0036,2016-10-26,0.2252110367,0.143950075666233,0.306471997733767
AOI-0036,2017-04-12,0.3656264515,0.284365490466233,0.446887412533767
AOI-0036,2017-07-04,0.1883035733,0.10704261226623299,0.26956453433376704
AOI-0036,2017-07-25,0.2004039394,0.119142978366233,0.281664900433767
AOI-0036,2017-07-28,0.242137717,0.160876755966233,0.323398678033767
AOI-0036,2017-08-18,0.1824352184,0.10117425736623298,0.263696179433767
AOI-0036,2017-08-21,0.1495283258,0.06826736476623299,0.230789286833767
AOI-0036,2017-08-26,0.1454572288,0.064196267766233,0.22671818983376701
AOI-0036,2017-08-27,0.1914127773,0.110151816266233,0.272673738333767
AOI-0036,2017-09-04,0.1438419431,0.062580982066233,0.22510290413376702
AOI-0036,2018-06-03,0.3586351595,0.277374198466233,0.43989612053376703
AOI-0036,2018-06-26,0.2087523486,0.127491387566233,0.29001330963376704
AOI-0036,2018-07-12,0.172906342,0.09164538096623298,0.254167303033767
AOI-0036,2018-08-22,0.1471129418,0.065851980766233,0.22837390283376702
AOI-0036,2018-08-29,0.1474369802,0.066176019166233,0.22869794123376702
AOI-0036,2018-09-05,0.1248471994,0.04358623836623299,0.206108160433767
AOI-0036,2018-09-06,0.170778028,0.08951706696623299,0.252038989033767
AOI-0036,2018-10-01,0.1834647969,0.102203835866233,0.264725757933767
AOI-0036,2018-10-09,0.1616446185,0.080383657466233,0.242905579533767
AOI-0036,2018-10-12,0.1807534587,0.099492497666233,0.26201441973376705
AOI-0036,2019-05-21,0.5257019062,0.444440945166233,0.606962867233767
AOI-0036,2019-05-25,0.518996824,0.437735862966233,0.600257785033767
AOI-0036,2019-05-29,0.5031776923,0.42191673126623297,0.584438653333767
AOI-0036,2019-06-04,0.3714449242,0.290183963166233,0.45270588523376704
AOI-0036,2019-06-17,0.2004331589,0.11917219786623298,0.28169411993376703
AOI-0036,2019-07-12,0.1955763272,0.114315366166233,0.276837288233767
AOI-0036,2019-07-28,0.3138088518,0.232547890766233,0.395069812833767
AOI-0036,2019-07-29,0.1791173729,0.09785641186623298,0.26037833393376697
AOI-0036,2019-08-01,0.2085516661,0.127290705066233,0.289812627133767
AOI-0036,2019-08-26,0.1644229582,0.08316199716623299,0.245683919233767
AOI-0036,2019-08-29,0.2246107087,0.14334974766623299,0.305871669733767
AOI-0036,2019-09-15,0.1392269678,0.05796600676623298,0.220487928833767
AOI-0036,2019-10-15,0.3429756436,0.261714682566233,0.424236604633767
AOI-0036,2019-10-19,0.4001010019,0.31884004086623297,0.481361962933767
AOI-0036,2019-10-22,0.3964897618,0.315228800766233,0.477750722833767
AOI-0036,2020-04-04,0.4104355668,0.329174605766233,0.491696527833767
AOI-0036,2020-04-06,0.4724019989,0.391141037866233,0.553662959933767
AOI-0036,2020-05-24,0.4597329967,0.378472035666233,0.540993957733767
AOI-0036,2020-05-29,0.406042427,0.324781465966233,0.487303388033767
AOI-0036,2020-06-11,0.3586925273,0.277431566266233,0.439953488333767
AOI-0036,2020-08-10,0.1196412819,0.038380320866232984,0.20090224293376702
AOI-0036,2020-08-19,0.1585225233,0.07726156226623299,0.239783484333767
AOI-0036,2020-08-26,0.1592925237,0.07803156266623298,0.240553484733767
AOI-0036,2020-08-28,0.1906867204,0.109425759366233,0.271947681433767
AOI-0036,2020-09-20,0.1599023302,0.07864136916623299,0.241163291233767
AOI-0036,2020-10-19,0.097447147,0.016186185966232988,0.17870810803376702
AOI-0036,2020-10-26,0.1322269276,0.05096596656623298,0.213487888633767
AOI-0036,2021-06-26,0.2662825638,0.18502160276623297,0.347543524833767
AOI-0036,2021-07-21,0.1682635589,0.08700259786623299,0.249524519933767
AOI-0036,2021-07-26,0.1751950937,0.09393413266623299,0.256456054733767
AOI-0036,2021-08-06,0.2310270943,0.149766133266233,0.312288055333767
AOI-0036,2021-08-17,0.1877695945,0.10650863346623299,0.269030555533767
AOI-0036,2021-10-14,0.3280066687,0.246745707666233,0.409267629733767
AOI-0036,2022-04-07,0.3760607874,0.294799826366233,0.457321748433767
AOI-0036,2022-06-14,0.2970032182,0.21574225716623296,0.378264179233767
AOI-0036,2022-06-26,0.2586355808,0.17737461976623298,0.339896541833767
AOI-0036,2022-07-07,0.2197558639,0.13849490286623298,0.301016824933767
AOI-0036,2022-07-21,0.127692591,0.046431629966232985,0.208953552033767
AOI-0036,2022-08-13,0.1834938633,0.102232902266233,0.264754824333767
AOI-0036,2022-08-22,0.1369206085,0.055659647466233,0.21818156953376702
AOI-0036,2022-08-24,0.1635698352,0.082308874166233,0.24483079623376702
AOI-0036,2022-09-14,0.2027072061,0.121446245066233,0.28396816713376705
AOI-0036,2022-09-18,0.1538487704,0.07258780936623299,0.235109731433767
AOI-0036,2023-04-17,0.4124147155,0.33115375446623296,0.493675676533767
AOI-0036,2023-05-09,0.6217813233,0.540520362266233,0.703042284333767
AOI-0036,2023-06-18,0.3618152584,0.280554297366233,0.443076219433767
AOI-0036,2023-06-25,0.3857358958,0.304474934766233,0.466996856833767
AOI-0036,2023-07-02,0.4019676424,0.320706681366233,0.483228603433767
AOI-0036,2023-08-17,0.1813395645,0.10007860346623298,0.262600525533767
AOI-0036,2023-09-29,0.164516626,0.08325566496623299,0.245777587033767
AOI-0036,2023-10-16,0.2134153494,0.132154388366233,0.294676310433767
AOI-0036,2023-10-23,0.1894014734,0.10814051236623298,0.27066243443376703
AOI-0036,2024-04-13,0.3699931335,0.288732172466233,0.451254094533767
AOI-0036,2024-05-06,0.5078386949,0.426577733866233,0.589099655933767
AOI-0036,2024-05-10,0.4929098506,0.41164888956623297,0.5741708116337669
AOI-0036,2024-05-16,0.4309829233,0.349721962266233,0.512243884333767
AOI-0036,2024-05-18,0.423373766,0.342112804966233,0.504634727033767
AOI-0036,2024-05-23,0.3699331565,0.288672195466233,0.45119411753376704
AOI-0036,2024-06-07,0.2038462331,0.12258527206623299,0.285107194133767
AOI-0036,2024-07-22,0.1182994312,0.03703847016623299,0.199560392233767
AOI-0036,2024-07-25,0.1279245177,0.04666355666623298,0.209185478733767
AOI-0036,2024-08-21,0.1263864814,0.04512552036623299,0.207647442433767
AOI-0036,2024-08-28,0.1726860199,0.09142505886623298,0.253946980933767
AOI-0036,2024-09-15,0.1293045325,0.048043571466233004,0.21056549353376702
AOI-0036,2024-09-22,0.1527487457,0.07148778466623298,0.234009706733767
AOI-0036,2024-09-25,0.1225709412,0.041309980166232996,0.20383190223376701
AOI-0036,2024-09-28,0.1324656975,0.051204736466233,0.21372665853376702
AOI-0039,2010-04-07,0.4005906283,0.31932966726623296,0.481851589333767
AOI-0039,2010-05-04,0.4752347906,0.393973829566233,0.556495751633767
AOI-0039,2010-05-28,0.5421650658,0.460904104766233,0.623426026833767
AOI-0039,2010-07-15,0.4663195649,0.385058603866233,0.5475805259337669
AOI-0039,2010-09-30,0.3581854058,0.276924444766233,0.43944636683376703
AOI-0039,2012-04-06,0.4302566786,0.348995717566233,0.5115176396337671
AOI-0039,2012-09-06,0.3469187202,0.26565775916623297,0.428179681233767
AOI-0039,2013-04-05,0.3077371573,0.226476196266233,0.388998118333767
AOI-0039,2013-06-13,0.4373045517,0.356043590666233,0.5185655127337669
AOI-0039,2013-06-26,0.4306132264,0.349352265366233,0.511874187433767
AOI-0039,2013-07-12,0.3712989778,0.290038016766233,0.452559938833767
AOI-0039,2013-09-14,0.5357237863,0.45446282526623294,0.616984747333767
AOI-0039,2014-04-07,0.4969888396,0.415727878566233,0.5782498006337671
AOI-0039,2014-06-08,0.4608462182,0.379585257166233,0.5421071792337671
AOI-0039,2014-06-23,0.4638529407,0.382591979666233,0.545113901733767
AOI-0039,2014-08-02,0.2961456013,0.214884640266233,0.377406562333767
AOI-0039,2014-09-04,0.3111976893,0.22993672826623301,0.39245865033376703
AOI-0039,2015-04-24,0.4194763179,0.338215356866233,0.500737278933767
AOI-0039,2015-05-10,0.4954650691,0.414204108066233,0.576726030133767
AOI-0039,2015-06-10,0.4555355136,0.374274552566233,0.536796474633767
AOI-0039,2015-07-28,0.3882733376,0.307012376566233,0.469534298633767
AOI-0039,2015-08-14,0.3035641925,0.222303231466233,0.384825153533767
AOI-0039,2015-08-21,0.3134894436,0.23222848256623296,0.394750404633767
AOI-0039,2015-09-22,0.3991526252,0.317891664166233,0.480413586233767
AOI-0039,2015-09-23,0.436377144,0.355116182966233,0.5176381050337671
AOI-0039,2016-04-25,0.6308971015,0.549636140466233,0.712158062533767
AOI-0039,2016-05-08,0.6737569183,0.5924959572662329,0.755017879333767
AOI-0039,2016-07-06,0.3940046127,0.31274365166623297,0.475265573733767
AOI-0039,2016-09-08,0.2890262874,0.20776532636623302,0.37028724843376704
AOI-0039,2016-10-03,0.3386915775,0.257430616466233,0.419952538533767
AOI-0039,2016-10-15,0.392484052,0.311223090966233,0.47374501303376704
AOI-0039,2016-10-18,0.3920769179,0.310815956866233,0.473337878933767
AOI-0039,2017-04-13,0.4040578045,0.322796843466233,0.485318765533767
AOI-0039,2017-05-09,0.5605718586,0.479310897566233,0.641832819633767
AOI-0039,2017-08-13,0.3775799541,0.296318993066233,0.458840915133767
AOI-0039,2017-08-19,0.3328494413,0.251588480266233,0.414110402333767
AOI-0039,2017-09-10,0.4726178925,0.391356931466233,0.5538788535337671
AOI-0039,2017-09-11,0.4441676349,0.362906673866233,0.525428595933767
AOI-0039,2017-09-17,0.5337417489,0.452480787866233,0.615002709933767
AOI-0039,2017-09-22,0.5111823074,0.429921346366233,0.592443268433767
AOI-0039,2018-05-01,0.582264382,0.501003420966233,0.663525343033767
AOI-0039,2018-08-14,0.411687169,0.330426207966233,0.49294813003376703
AOI-0039,2018-08-21,0.4445414037,0.363280442666233,0.5258023647337671
AOI-0039,2018-08-29,0.3583598769,0.277098915866233,0.439620837933767
AOI-0039,2019-04-25,0.4768326883,0.39557172726623296,0.5580936493337669
AOI-0039,2019-06-02,0.6404521015,0.559191140466233,0.721713062533767
AOI-0039,2019-06-10,0.4937493171,0.41248835606623296,0.5750102781337669
AOI-0039,2019-06-14,0.4968802677,0.415619306666233,0.578141228733767
AOI-0039,2019-07-04,0.3405933902,0.259332429166233,0.421854351233767
AOI-0039,2019-07-17,0.3362834287,0.255022467666233,0.417544389733767
AOI-0039,2019-08-01,0.5024983409,0.421237379866233,0.583759301933767
AOI-0039,2019-08-09,0.4978482605,0.41658729946623296,0.579109221533767
AOI-0039,2019-08-11,0.5146457602,0.43338479916623296,0.595906721233767
AOI-0039,2019-08-31,0.3958518656,0.314590904566233,0.47711282663376703
AOI-0039,2019-09-12,0.3499273372,0.268666376166233,0.43118829823376703
AOI-0039,2019-10-02,0.3972808023,0.316019841266233,0.478541763333767
AOI-0039,2019-10-11,0.5055714337,0.424310472666233,0.586832394733767
AOI-0039,2019-10-12,0.3854322249,0.304171263866233,0.466693185933767
AOI-0039,2019-10-16,0.5433766126,0.462115651566233,0.624637573633767
AOI-0039,2019-10-17,0.4896470233,0.408386062266233,0.570907984333767
AOI-0039,2019-10-25,0.4916753079,0.410414346866233,0.572936268933767
AOI-0039,2020-04-12,0.3769736669,0.295712705866233,0.458234627933767
AOI-0039,2020-04-21,0.4275536669,0.346292705866233,0.5088146279337671
AOI-0039,2020-04-24,0.3897285158,0.308467554766233,0.470989476833767
AOI-0039,2020-05-14,0.5587520892,0.47749112816623296,0.640013050233767
AOI-0039,2020-05-29,0.5618588158,0.48059785476623296,0.643119776833767
AOI-0039,2020-06-28,0.4672599848,0.38599902376623296,0.548520945833767
AOI-0039,2020-07-23,0.318307253,0.237046291966233,0.399568214033767
AOI-0039,2020-07-25,0.3577104412,0.276449480166233,0.438971402233767
AOI-0039,2020-07-26,0.339036501,0.257775539966233,0.420297462033767
AOI-0039,2020-08-03,0.3324039134,0.25114295236623296,0.413664874433767
AOI-0039,2020-08-07,0.2757889344,0.194527973366233,0.35704989543376703
AOI-0039,2020-08-18,0.3002422043,0.21898124326623297,0.381503165333767
AOI-0039,2020-08-19,0.3392084975,0.257947536466233,0.420469458533767
AOI-0039,2020-08-27,0.3032147434,0.22195378236623298,0.384475704433767
AOI-0039,2020-09-09,0.3150464456,0.233785484566233,0.396307406633767
AOI-0039,2020-10-11,0.225194732,0.143933770966233,0.306455693033767
AOI-0039,2020-10-26,0.2518936724,0.17063271136623298,0.333154633433767
AOI-0039,2021-04-23,0.4900403481,0.408779387066233,0.5713013091337671
AOI-0039,2021-05-12,0.5756513557,0.494390394666233,0.656912316733767
AOI-0039,2021-05-17,0.6047785899,0.523517628866233,0.686039550933767
AOI-0039,2021-05-22,0.5778322922,0.496571331166233,0.659093253233767
AOI-0039,2021-06-26,0.500964832,0.41970387096623296,0.582225793033767
AOI-0039,2021-07-26,0.4874255053,0.406164544266233,0.568686466333767
AOI-0039,2021-08-07,0.4207980183,0.339537057266233,0.5020589793337671
AOI-0039,2021-08-25,0.4447820421,0.363521081066233,0.5260430031337671
AOI-0039,2021-08-29,0.4559948599,0.374733898866233,0.537255820933767
AOI-0039,2021-09-06,0.4951292637,0.413868302666233,0.576390224733767
AOI-0039,2021-09-19,0.4372014965,0.355940535466233,0.5184624575337671
AOI-0039,2021-10-09,0.4498387941,0.368577833066233,0.5310997551337671
AOI-0039,2022-04-12,0.4308460899,0.349585128866233,0.5121070509337671
AOI-0039,2022-05-28,0.7436324601,0.6623714990662329,0.824893421133767
AOI-0039,2022-06-05,0.7146116102,0.633350649166233,0.795872571233767
AOI-0039,2022-06-16,0.5754432959,0.494182334866233,0.656704256933767
AOI-0039,2022-07-06,0.5247501183,0.44348915726623295,0.606011079333767
AOI-0039,2022-07-08,0.4795398344,0.39827887336623297,0.560800795433767
AOI-0039,2022-08-13,0.3638807889,0.28261982786623296,0.445141749933767
AOI-0039,2022-08-30,0.3076811116,0.226420150566233,0.388942072633767
AOI-0039,2022-10-01,0.4186794921,0.337418531066233,0.499940453133767
AOI-0039,2023-05-09,0.6567068049,0.575445843866233,0.737967765933767
AOI-0039,2023-06-13,0.7256404925,0.644379531466233,0.806901453533767
AOI-0039,2023-06-21,0.6156879743,0.534427013266233,0.696948935333767
AOI-0039,2023-06-23,0.5888946455,0.507633684466233,0.670155606533767
AOI-0039,2023-07-28,0.3950285145,0.313767553466233,0.476289475533767
AOI-0039,2023-07-31,0.4067607232,0.325499762166233,0.488021684233767
AOI-0039,2023-08-18,0.3787427177,0.297481756666233,0.460003678733767
AOI-0039,2023-09-30,0.4088750982,0.327614137166233,0.490136059233767
AOI-0039,2023-10-06,0.4078236718,0.326562710766233,0.489084632833767
AOI-0039,2023-10-11,0.429585709,0.348324747966233,0.510846670033767
AOI-0039,2023-10-15,0.4559175411,0.374656580066233,0.5371785021337669
AOI-0039,2023-10-29,0.4316961007,0.35043513966623296,0.512957061733767
AOI-0039,2024-04-08,0.4546219099,0.373360948866233,0.5358828709337671
AOI-0039,2024-05-23,0.5882327734,0.506971812366233,0.669493734433767
AOI-0039,2024-06-09,0.4816025914,0.400341630366233,0.5628635524337671
AOI-0039,2024-06-19,0.4888096879,0.407548726866233,0.570070648933767
AOI-0039,2024-07-15,0.3382286038,0.256967642766233,0.41948956483376704
AOI-0039,2024-07-21,0.3394933071,0.25823234606623297,0.420754268133767
AOI-0039,2024-08-21,0.32283624,0.241575278966233,0.404097201033767
AOI-0039,2024-08-31,0.2903749213,0.20911396026623297,0.371635882333767
AOI-0039,2024-09-13,0.2858276387,0.204566677666233,0.367088599733767
AOI-0039,2024-09-18,0.2849107155,0.203649754466233,0.36617167653376703
AOI-0039,2024-10-30,0.2238027591,0.142541798066233,0.30506372013376704
AOI-0042,2010-06-04,0.1832348604,0.101973899366233,0.26449582143376704
AOI-0042,2010-06-05,0.184776651,0.10351568996623298,0.26603761203376697
AOI-0042,2010-07-15,0.1592978836,0.07803692256623299,0.240558844633767
AOI-0042,2010-08-15,0.1406930154,0.059432054366233,0.22195397643376702
AOI-0042,2010-08-31,0.155842365,0.074581403966233,0.23710332603376702
AOI-0042,2010-10-16,0.2246892558,0.14342829476623298,0.305950216833767
AOI-0042,2011-05-14,0.6001450172,0.518884056166233,0.681405978233767
AOI-0042,2011-05-30,0.706192463,0.624931501966233,0.7874534240337671
AOI-0042,2011-07-02,0.2217073555,0.140446394466233,0.302968316533767
AOI-0042,2011-07-28,0.2357113642,0.15445040316623299,0.316972325233767
AOI-0042,2011-08-13,0.2436316504,0.162370689366233,0.324892611433767
AOI-0042,2011-08-29,0.253034468,0.171773506966233,0.334295429033767
AOI-0042,2011-09-27,0.2526509004,0.17138993936623298,0.333911861433767
AOI-0042,2011-10-16,0.3643187651,0.283057804066233,0.445579726133767
AOI-0042,2012-06-25,0.2001849475,0.11892398646623298,0.281445908533767
AOI-0042,2012-07-20,0.2210664551,0.139805494066233,0.302327416133767
AOI-0042,2012-08-28,0.2254891313,0.144228170266233,0.30675009233376704
AOI-0042,2013-04-26,0.2100874336,0.128826472566233,0.29134839463376705
AOI-0042,2013-05-11,0.2191625771,0.137901616066233,0.300423538133767
AOI-0042,2013-06-13,0.3903129934,0.30905203236623296,0.471573954433767
AOI-0042,2013-09-08,0.2684493562,0.18718839516623298,0.349710317233767
AOI-0042,2014-04-05,0.2164773534,0.13521639236623298,0.29773831443376697
AOI-0042,2014-06-16,0.2744946835,0.193233722466233,0.355755644533767
AOI-0042,2014-10-16,0.1800168572,0.09875589616623298,0.261277818233767
AOI-0042,2015-07-13,0.1873884876,0.10612752656623298,0.268649448633767
AOI-0042,2015-08-29,0.2055444757,0.124283514666233,0.286805436733767
AOI-0042,2015-09-06,0.154658428,0.07339746696623298,0.235919389033767
AOI-0042,2015-09-23,0.2117311939,0.130470232866233,0.292992154933767
AOI-0042,2015-10-16,0.2339898182,0.152728857166233,0.315250779233767
AOI-0042,2016-06-21,0.2588794141,0.17761845306623297,0.340140375133767
AOI-0042,2016-07-15,0.1566217713,0.07536081026623298,0.237882732333767
AOI-0042,2016-08-16,0.1840199344,0.10275897336623299,0.265280895433767
AOI-0042,2017-04-13,0.1867115873,0.105450626266233,0.26797254833376705
AOI-0042,2017-04-28,0.1970602525,0.115799291466233,0.27832121353376704
AOI-0042,2017-05-07,0.2147594969,0.133498535866233,0.296020457933767
AOI-0042,2017-05-23,0.2236267121,0.142365751066233,0.304887673133767
AOI-0042,2017-06-07,0.1908010835,0.10954012246623299,0.27206204453376703
AOI-0042,2017-06-08,0.1986440395,0.117383078466233,0.279905000533767
AOI-0042,2017-07-25,0.163968989,0.082708027966233,0.24522995003376702
AOI-0042,2017-07-26,0.1960234625,0.11476250146623299,0.27728442353376703
AOI-0042,2017-08-03,0.1542695029,0.07300854186623298,0.235530463933767
AOI-0042,2017-08-06,0.1354079668,0.05414700576623299,0.216668927833767
AOI-0042,2017-08-13,0.1763439518,0.095082990766233,0.257604912833767
AOI-0042,2017-08-19,0.1477336189,0.06647265786623299,0.228994579933767
AOI-0042,2017-08-26,0.1507867019,0.06952574086623298,0.232047662933767
AOI-0042,2017-10-05,0.2385571715,0.157296210466233,0.319818132533767
AOI-0042,2018-05-05,0.6160461324,0.5347851713662329,0.697307093433767
AOI-0042,2018-05-25,0.5944640252,0.513203064166233,0.675724986233767
AOI-0042,2018-06-12,0.2955690699,0.21430810886623297,0.376830030933767
AOI-0042,2018-08-21,0.2002763156,0.119015354566233,0.28153727663376704
AOI-0042,2018-10-01,0.2259356066,0.144674645566233,0.307196567633767
AOI-0042,2019-04-10,0.1572237756,0.075962814566233,0.238484736633767
AOI-0042,2019-04-27,0.2270634937,0.145802532666233,0.308324454733767
AOI-0042,2019-06-21,0.1839529905,0.10269202946623299,0.26521395153376703
AOI-0042,2019-06-22,0.1382066828,0.056945721766233,0.21946764383376702
AOI-0042,2019-08-03,0.1377935316,0.05653257056623298,0.219054492633767
AOI-0042,2019-08-16,0.1419036545,0.060642693466232994,0.223164615533767
AOI-0042,2019-08-26,0.1378447882,0.056583827166233,0.21910574923376702
AOI-0042,2019-09-02,0.1501171745,0.068856213466233,0.23137813553376702
AOI-0042,2019-09-10,0.1453327169,0.06407175586623298,0.226593677933767
AOI-0042,2019-09-22,0.1182606924,0.036999731366232996,0.19952165343376702
AOI-0042,2019-10-19,0.4743170794,0.393056118366233,0.555578040433767
AOI-0042,2019-10-20,0.4389156621,0.357654701066233,0.520176623133767
AOI-0042,2019-10-28,0.4527714717,0.371510510666233,0.534032432733767
AOI-0042,2020-04-06,0.7209761972,0.6397152361662329,0.802237158233767
AOI-0042,2020-05-04,0.7128028081,0.631541847066233,0.794063769133767
AOI-0042,2020-07-03,0.1482907107,0.06702974966623299,0.229551671733767
AOI-0042,2020-07-25,0.1723748084,0.09111384736623299,0.253635769433767
AOI-0042,2020-08-27,0.1227672375,0.04150627646623299,0.20402819853376702
AOI-0042,2020-09-29,0.1308784948,0.049617533766232985,0.212139455833767
AOI-0042,2021-04-07,0.1829317249,0.101670763866233,0.264192685933767
AOI-0042,2021-04-12,0.1122799781,0.031019017066232987,0.19354093913376702
AOI-0042,2021-05-17,0.1671259557,0.08586499466623299,0.248386916733767
AOI-0042,2021-06-23,0.154627978,0.07336701696623299,0.235888939033767
AOI-0042,2021-07-01,0.1293314463,0.048070485266233004,0.21059240733376702
AOI-0042,2021-07-11,0.1403971882,0.059136227166232985,0.221658149233767
AOI-0042,2021-07-13,0.1348342817,0.05357332066623299,0.216095242733767
AOI-0042,2021-07-21,0.1299321756,0.048671214566232995,0.21119313663376701
AOI-0042,2021-07-28,0.1579167344,0.076655773366233,0.23917769543376702
AOI-0042,2021-07-31,0.1369733722,0.05571241116623299,0.218234333233767
AOI-0042,2021-08-17,0.1238643606,0.04260339956623299,0.205125321633767
AOI-0042,2021-09-14,0.148804614,0.06754365296623299,0.230065575033767
AOI-0042,2022-04-12,0.5574242254,0.476163264366233,0.638685186433767
AOI-0042,2022-04-27,0.7316668107,0.6504058496662329,0.812927771733767
AOI-0042,2022-05-09,0.7892171003,0.707956139266233,0.870478061333767
AOI-0042,2022-05-14,0.7912304001,0.709969439066233,0.872491361133767
AOI-0042,2022-05-25,0.7553023565,0.674041395466233,0.836563317533767
AOI-0042,2022-06-05,0.7691561584,0.687895197366233,0.850417119433767
AOI-0042,2022-06-21,0.2618944939,0.18063353286623302,0.34315545493376703
AOI-0042,2022-07-24,0.1564238156,0.07516285456623298,0.237684776633767
AOI-0042,2022-08-10,0.1371786735,0.05591771246623298,0.218439634533767
AOI-0042,2022-08-17,0.1169132912,0.035652330166232996,0.198174252233767
AOI-0042,2022-09-14,0.2038417601,0.12258079906623298,0.285102721133767
AOI-0042,2022-10-19,0.1616369218,0.08037596076623299,0.242897882833767
AOI-0042,2023-04-23,0.3294788287,0.248217867666233,0.410739789733767
AOI-0042,2023-05-02,0.1657022825,0.08444132146623298,0.246963243533767
AOI-0042,2023-05-19,0.1683525524,0.08709159136623298,0.249613513433767
AOI-0042,2023-06-08,0.1679142543,0.086653293266233,0.24917521533376702
AOI-0042,2023-06-10,0.3276931944,0.246432233366233,0.408954155433767
AOI-0042,2023-06-21,0.1402206174,0.05895965636623299,0.221481578433767
AOI-0042,2023-06-23,0.155540497,0.07427953596623299,0.236801458033767
AOI-0042,2023-06-26,0.1582934128,0.077032451766233,0.23955437383376701
AOI-0042,2023-07-03,0.1493984239,0.06813746286623298,0.230659384933767
AOI-0042,2023-07-06,0.1385194253,0.05725846426623299,0.219780386333767
AOI-0042,2023-07-28,0.216230357,0.134969395966233,0.29749131803376705
AOI-0042,2023-08-07,0.1321274219,0.050866460866233004,0.21338838293376702
AOI-0042,2023-08-08,0.1533986442,0.07213768316623298,0.234659605233767
AOI-0042,2023-08-15,0.1386616261,0.05740066506623298,0.219922587133767
AOI-0042,2023-08-20,0.138702858,0.057441896966233,0.21996381903376702
AOI-0042,2023-09-01,0.1429651592,0.06170419816623299,0.224226120233767
AOI-0042,2023-10-01,0.1330625723,0.05180161126623298,0.214323533333767
AOI-0042,2023-10-09,0.1582232004,0.076962239366233,0.23948416143376702
AOI-0042,2023-10-30,0.3954221289,0.314161167866233,0.476683089933767
AOI-0042,2024-05-17,0.7975788649,0.716317903866233,0.878839825933767
AOI-0042,2024-05-23,0.7216757879,0.640414826866233,0.802936748933767
AOI-0042,2024-06-11,0.3682303779,0.286969416866233,0.449491338933767
AOI-0042,2024-06-18,0.2956955371,0.214434576066233,0.376956498133767
AOI-0042,2024-06-19,0.2860961693,0.20483520826623297,0.367357130333767
AOI-0042,2024-07-02,0.1634404553,0.082179494266233,0.24470141633376702
AOI-0042,2024-07-20,0.1321098826,0.050848921566232996,0.21337084363376702
AOI-0042,2024-07-29,0.186669968,0.10540900696623298,0.26793092903376703
AOI-0042,2024-07-30,0.1209000781,0.03963911706623299,0.202161039133767
AOI-0042,2024-08-12,0.1640797169,0.082818755866233,0.24534067793376702
AOI-0042,2024-08-13,0.1573244145,0.076063453466233,0.23858537553376702
AOI-0042,2024-08-16,0.1295594637,0.04829850266623298,0.210820424733767
AOI-0042,2024-08-19,0.1189732786,0.037712317566232986,0.20023423963376702
AOI-0042,2024-08-21,0.132511002,0.05125004096623298,0.213771963033767
AOI-0042,2024-08-31,0.1290478127,0.04778685166623298,0.210308773733767
AOI-0042,2024-09-15,0.1370667896,0.05580582856623298,0.218327750633767
AOI-0042,2024-09-23,0.1387066669,0.05744570586623299,0.219967627933767
AOI-0042,2024-09-25,0.1398084197,0.05854745866623298,0.221069380733767
AOI-0042,2024-09-30,0.1373312326,0.05607027156623298,0.218592193633767
AOI-0042,2024-10-01,0.1590712424,0.077810281366233,0.24033220343376702
AOI-0042,2024-10-13,0.1122298573,0.03096889626623299,0.19349081833376702
AOI-0042,2024-10-30,0.1347699528,0.053508991766233,0.21603091383376702
AOI-0047,2010-04-24,0.1361627506,0.054901789566232984,0.217423711633767
AOI-0047,2010-05-09,0.3422791227,0.261018161666233,0.423540083733767
AOI-0047,2010-06-26,0.7966394562,0.715378495166233,0.877900417233767
AOI-0047,2010-07-21,0.7321049465,0.650843985466233,0.813365907533767
AOI-0047,2010-07-28,0.6385745483,0.557313587266233,0.719835509333767
AOI-0047,2011-05-25,0.6879935097,0.6067325486662329,0.769254470733767
AOI-0047,2011-07-16,0.3087958691,0.227534908066233,0.390056830133767
AOI-0047,2011-08-13,0.2735737139,0.192312752866233,0.354834674933767
AOI-0047,2011-08-29,0.2800421759,0.198781214866233,0.36130313693376703
AOI-0047,2012-07-02,0.3812432158,0.29998225476623297,0.462504176833767
AOI-0047,2012-07-18,0.3168478115,0.235586850466233,0.39810877253376703
AOI-0047,2012-09-29,0.2251472346,0.143886273566233,0.306408195633767
AOI-0047,2013-06-11,0.224454,0.14319303896623298,0.305714961033767
AOI-0047,2013-07-21,0.2933669488,0.21210598776623302,0.37462790983376704
AOI-0047,2014-06-30,0.2754473701,0.19418640906623297,0.356708331133767
AOI-0047,2014-07-12,0.2845733079,0.203312346866233,0.365834268933767
AOI-0047,2014-07-16,0.2321015882,0.15084062716623298,0.313362549233767
AOI-0047,2015-06-01,0.7975708525,0.716309891466233,0.878831813533767
AOI-0047,2015-07-11,0.3429171576,0.261656196566233,0.42417811863376703
AOI-0047,2015-09-14,0.2558701844,0.17460922336623297,0.337131145433767
AOI-0047,2016-06-25,0.7565371718,0.675276210766233,0.837798132833767
AOI-0047,2016-08-28,0.4097519185,0.32849095746623297,0.491012879533767
AOI-0047,2016-09-13,0.3440041089,0.262743147866233,0.425265069933767
AOI-0047,2016-10-09,0.2425904393,0.16132947826623298,0.323851400333767
AOI-0047,2017-04-03,0.1991024061,0.11784144506623298,0.28036336713376697
AOI-0047,2017-04-07,0.3704573596,0.28919639856623297,0.451718320633767
AOI-0047,2017-04-28,0.3412441565,0.259983195466233,0.422505117533767
AOI-0047,2017-07-28,0.2492078429,0.167946881866233,0.330468803933767
AOI-0047,2018-05-09,0.3354215759,0.254160614866233,0.416682536933767
AOI-0047,2018-06-09,0.2392743755,0.158013414466233,0.320535336533767
AOI-0047,2018-06-10,0.252498629,0.17123766796623296,0.333759590033767
AOI-0047,2018-06-15,0.1601589539,0.078897992866233,0.24141991493376702
AOI-0047,2018-07-02,0.1320130753,0.050752114266232995,0.21327403633376701
AOI-0047,2018-07-28,0.3028765821,0.221615621066233,0.384137543133767
AOI-0047,2018-09-29,0.2176287561,0.13636779506623298,0.298889717133767
AOI-0047,2018-10-07,0.1853049919,0.10404403086623298,0.266565952933767
AOI-0047,2019-05-27,0.9150028673,0.833741906266233,0.996263828333767
AOI-0047,2019-05-28,0.8839462362,0.802685275166233,0.965207197233767
AOI-0047,2019-06-15,0.5392534028,0.457992441766233,0.620514363833767
AOI-0047,2019-06-30,0.2551469213,0.173885960266233,0.336407882333767
AOI-0047,2019-08-19,0.3365297333,0.255268772266233,0.41779069433376703
AOI-0047,2019-08-29,0.2983698994,0.21710893836623302,0.37963086043376704
AOI-0047,2019-08-31,0.2608130645,0.17955210346623302,0.34207402553376703
AOI-0047,2019-09-14,0.3390983426,0.257837381566233,0.420359303633767
AOI-0047,2019-09-30,0.3365600805,0.255299119466233,0.41782104153376703
AOI-0047,2019-10-13,0.3871499337,0.305888972666233,0.468410894733767
AOI-0047,2019-10-16,0.4888267644,0.407565803366233,0.5700877254337671
AOI-0047,2020-04-06,0.2871310956,0.205870134566233,0.368392056633767
AOI-0047,2020-04-30,0.1857398693,0.10447890826623299,0.267000830333767
AOI-0047,2020-06-04,0.269918864,0.18865790296623297,0.351179825033767
AOI-0047,2020-06-16,0.1902008123,0.10893985126623298,0.271461773333767
AOI-0047,2020-07-16,0.114871251,0.033610289966232984,0.19613221203376702
AOI-0047,2020-08-03,0.1487105496,0.06744958856623298,0.229971510633767
AOI-0047,2020-08-08,0.1494065005,0.068145539466233,0.23066746153376702
AOI-0047,2020-10-05,0.1382635898,0.05700262876623299,0.219524550833767
AOI-0047,2020-10-20,0.2146483648,0.13338740376623298,0.295909325833767
AOI-0047,2020-10-22,0.1296697977,0.048408836666232996,0.21093075873376702
AOI-0047,2021-05-16,0.8437476174,0.762486656366233,0.925008578433767
AOI-0047,2021-05-17,0.7763573313,0.6950963702662329,0.857618292333767
AOI-0047,2021-05-20,0.8272844232,0.7460234621662329,0.908545384233767
AOI-0047,2021-06-09,0.8094072022,0.7281462411662329,0.890668163233767
AOI-0047,2021-07-11,0.2705874903,0.189326529266233,0.351848451333767
AOI-0047,2021-07-19,0.1993490773,0.118088116266233,0.280610038333767
AOI-0047,2021-08-30,0.2225727057,0.141311744666233,0.303833666733767
AOI-0047,2021-09-02,0.2119344993,0.13067353826623299,0.293195460333767
AOI-0047,2021-09-07,0.3639111925,0.28265023146623297,0.445172153533767
AOI-0047,2021-10-16,0.6587829463,0.577521985266233,0.740043907333767
AOI-0047,2022-04-05,0.243611178,0.162350216966233,0.324872139033767
AOI-0047,2022-04-10,0.3096205831,0.228359622066233,0.390881544133767
AOI-0047,2022-05-30,0.2177363613,0.13647540026623298,0.29899732233376697
AOI-0047,2022-06-04,0.2403652064,0.159104245366233,0.32162616743376704
AOI-0047,2022-06-08,0.2071085116,0.12584755056623298,0.288369472633767
AOI-0047,2022-06-11,0.155321176,0.074060214966233,0.23658213703376701
AOI-0047,2022-06-19,0.1749166377,0.09365567666623298,0.256177598733767
AOI-0047,2022-06-21,0.1759142756,0.094653314566233,0.257175236633767
AOI-0047,2022-07-14,0.1534652901,0.072204329066233,0.23472625113376702
AOI-0047,2022-07-30,0.1881940984,0.106933137366233,0.269455059433767
AOI-0047,2022-08-07,0.175357681,0.09409671996623298,0.256618642033767
AOI-0047,2022-08-08,0.1651090656,0.08384810456623298,0.246370026633767
AOI-0047,2022-08-10,0.1564561134,0.075195152366233,0.23771707443376702
AOI-0047,2022-08-13,0.231647342,0.150386380966233,0.31290830303376704
AOI-0047,2022-08-30,0.1569628304,0.075701869366233,0.238223791433767
AOI-0047,2022-09-01,0.1618607074,0.08059974636623299,0.243121668433767
AOI-0047,2022-10-18,0.2942318856,0.212970924566233,0.37549284663376703
AOI-0047,2023-06-16,0.7457210347,0.6644600736662329,0.826981995733767
AOI-0047,2023-07-17,0.2489658495,0.167704888466233,0.330226810533767
AOI-0047,2023-07-25,0.2423169476,0.161055986566233,0.323577908633767
AOI-0047,2023-07-26,0.1829528711,0.10169191006623299,0.26421383213376703
AOI-0047,2023-08-05,0.1720021398,0.090741178766233,0.253263100833767
AOI-0047,2023-08-15,0.1632792054,0.08201824436623298,0.244540166433767
AOI-0047,2023-09-17,0.1630864989,0.08182553786623298,0.244347459933767
AOI-0047,2023-09-22,0.1695223131,0.08826135206623298,0.250783274133767
AOI-0047,2023-09-27,0.1845659469,0.10330498586623299,0.265826907933767
AOI-0047,2023-10-04,0.1605777555,0.07931679446623299,0.241838716533767
AOI-0047,2023-10-22,0.2003565117,0.11909555066623298,0.281617472733767
AOI-0047,2024-04-29,0.2699866185,0.188725657466233,0.351247579533767
AOI-0047,2024-05-04,0.2530515776,0.171790616566233,0.33431253863376703
AOI-0047,2024-05-24,0.2720108522,0.19074989116623298,0.353271813233767
AOI-0047,2024-06-10,0.2595915777,0.178330616666233,0.34085253873376703
AOI-0047,2024-06-25,0.2833711894,0.202110228366233,0.364632150433767
AOI-0047,2024-07-30,0.2431262802,0.16186531916623298,0.324387241233767
AOI-0047,2024-09-11,0.1750288996,0.093767938566233,0.256289860633767
AOI-0047,2024-10-08,0.1360060772,0.05474511616623298,0.217267038233767
AOI-0047,2024-10-13,0.1334081785,0.05214721746623299,0.214669139533767
AOI-0047,2024-10-15,0.2417981274,0.160537166366233,0.323059088433767
AOI-0049,2010-08-04,0.5031106176,0.42184965656623297,0.584371578633767
AOI-0049,2010-08-28,0.2191624848,0.137901523766233,0.300423445833767
AOI-0049,2010-09-05,0.1774780416,0.09621708056623299,0.25873900263376703
AOI-0049,2010-09-30,0.2829574553,0.20169649426623298,0.364218416333767
AOI-0049,2011-04-26,0.5654810431,0.484220082066233,0.646742004133767
AOI-0049,2011-05-25,0.8338165504,0.752555589366233,0.915077511433767
AOI-0049,2011-05-27,0.8485096372,0.767248676166233,0.9297705982337671
AOI-0049,2011-06-12,0.7300941504,0.648833189366233,0.811355111433767
AOI-0049,2011-07-12,0.3886182376,0.307357276566233,0.46987919863376704
AOI-0049,2011-09-08,0.1971143341,0.115853373066233,0.278375295133767
AOI-0049,2011-09-24,0.1899057536,0.108644792566233,0.271166714633767
AOI-0049,2011-10-11,0.2335387146,0.152277753566233,0.314799675633767
AOI-0049,2011-10-27,0.3012547737,0.21999381266623297,0.382515734733767
AOI-0049,2012-05-06,0.2044272993,0.123166338266233,0.28568826033376704
AOI-0049,2012-05-08,0.3926353065,0.311374345466233,0.473896267533767
AOI-0049,2012-09-18,0.2413757932,0.16011483216623298,0.32263675423376703
AOI-0049,2012-10-15,0.3211569153,0.239895954266233,0.402417876333767
AOI-0049,2013-05-25,0.4301574289,0.348896467866233,0.511418389933767
AOI-0049,2013-06-17,0.5481454566,0.466884495566233,0.629406417633767
AOI-0049,2013-07-11,0.7633643691,0.682103408066233,0.8446253301337671
AOI-0049,2013-08-05,0.7167850679,0.635524106866233,0.798046028933767
AOI-0049,2013-08-20,0.3896573091,0.308396348066233,0.470918270133767
AOI-0049,2013-09-30,0.2673979451,0.18613698406623297,0.348658906133767
AOI-0049,2013-10-24,0.2283067634,0.147045802366233,0.309567724433767
AOI-0049,2014-04-18,0.758228374,0.676967412966233,0.839489335033767
AOI-0049,2014-05-09,0.8476617233,0.766400762266233,0.928922684333767
AOI-0049,2014-07-12,0.3293797009,0.248118739866233,0.410640661933767
AOI-0049,2014-09-16,0.236913569,0.15565260796623298,0.318174530033767
AOI-0049,2015-04-13,0.2163295919,0.135068630866233,0.297590552933767
AOI-0049,2015-05-22,0.296267763,0.215006801966233,0.377528724033767
AOI-0049,2015-07-12,0.7558788483,0.674617887266233,0.837139809333767
AOI-0049,2015-07-25,0.7695563497,0.688295388666233,0.850817310733767
AOI-0049,2015-07-28,0.6311800438,0.549919082766233,0.712441004833767
AOI-0049,2015-09-30,0.2100337348,0.128772773766233,0.291294695833767
AOI-0049,2015-10-30,0.1885087864,0.10724782536623298,0.269769747433767
AOI-0049,2016-04-22,0.8756249726,0.794364011566233,0.9568859336337671
AOI-0049,2016-08-28,0.2366831326,0.155422171566233,0.317944093633767
AOI-0049,2016-09-14,0.2780118991,0.196750938066233,0.359272860133767
AOI-0049,2016-09-29,0.5859130834,0.504652122366233,0.667174044433767
AOI-0049,2017-06-21,0.8250820208,0.743821059766233,0.906342981833767
AOI-0049,2017-07-14,0.7912806378,0.710019676766233,0.872541598833767
AOI-0049,2017-08-13,0.4113773403,0.330116379266233,0.492638301333767
AOI-0049,2017-09-13,0.2469417929,0.165680831866233,0.328202753933767
AOI-0049,2017-09-17,0.2796921706,0.198431209566233,0.360953131633767
AOI-0049,2018-05-09,0.8278132711,0.746552310066233,0.909074232133767
AOI-0049,2018-06-16,0.3227799299,0.24151896886623297,0.404040890933767
AOI-0049,2018-06-24,0.2356363271,0.15437536606623298,0.316897288133767
AOI-0049,2018-07-10,0.1743109567,0.09304999566623298,0.255571917733767
AOI-0049,2018-08-02,0.1606738198,0.079412858766233,0.24193478083376702
AOI-0049,2018-08-10,0.1677789258,0.086517964766233,0.24903988683376702
AOI-0049,2018-08-27,0.1554272176,0.07416625656623299,0.236688178633767
AOI-0049,2018-09-18,0.1437272238,0.06246626276623299,0.224988184833767
AOI-0049,2018-10-06,0.2015118033,0.12025084226623298,0.28277276433376697
AOI-0049,2019-04-21,0.209741734,0.128480772966233,0.291002695033767
AOI-0049,2019-07-12,0.6729824481,0.591721487066233,0.754243409133767
AOI-0049,2019-09-03,0.2600605249,0.17879956386623297,0.341321485933767
AOI-0049,2019-09-23,0.1547938785,0.073532917466233,0.23605483953376702
AOI-0049,2020-04-02,0.5546188683,0.47335790726623295,0.635879829333767
AOI-0049,2020-04-18,0.6492636882,0.568002727166233,0.730524649233767
AOI-0049,2020-04-25,0.7324819899,0.651221028866233,0.813742950933767
AOI-0049,2020-04-26,0.7196255192,0.6383645581662329,0.800886480233767
AOI-0049,2020-05-11,0.8245130137,0.743252052666233,0.905773974733767
AOI-0049,2020-05-28,0.8086502283,0.727389267266233,0.889911189333767
AOI-0049,2020-06-05,0.827755418,0.746494456966233,0.909016379033767
AOI-0049,2020-07-15,0.2047734264,0.123512465366233,0.286034387433767
AOI-0049,2020-07-31,0.1553438175,0.074082856466233,0.23660477853376702
AOI-0049,2020-08-13,0.1293607317,0.048099770666233,0.21062169273376702
AOI-0049,2020-08-15,0.1643351313,0.08307417026623298,0.245596092333767
AOI-0049,2020-08-31,0.1749694757,0.09370851466623298,0.256230436733767
AOI-0049,2020-09-02,0.1550306293,0.07376966826623299,0.236291590333767
AOI-0049,2020-09-13,0.237200017,0.155939055966233,0.31846097803376705
AOI-0049,2020-09-27,0.1361566763,0.05489571526623299,0.217417637333767
AOI-0049,2020-10-07,0.1502512849,0.068990323866233,0.231512245933767
AOI-0049,2021-04-23,0.3986139387,0.317352977666233,0.479874899733767
AOI-0049,2021-06-09,0.5610533569,0.479792395866233,0.642314317933767
AOI-0049,2021-07-18,0.7718458058,0.6905848447662329,0.853106766833767
AOI-0049,2021-07-19,0.8292505652,0.747989604166233,0.910511526233767
AOI-0049,2021-07-24,0.8250211749,0.743760213866233,0.906282135933767
AOI-0049,2021-08-08,0.6886768844,0.607415923366233,0.769937845433767
AOI-0049,2021-09-27,0.1967235523,0.11546259126623298,0.277984513333767
AOI-0049,2021-09-28,0.2620628071,0.180801846066233,0.343323768133767
AOI-0049,2022-06-24,0.3619668297,0.280705868666233,0.443227790733767
AOI-0049,2022-07-13,0.2290612628,0.147800301766233,0.310322223833767
AOI-0049,2022-08-28,0.1387229301,0.05746196906623299,0.219983891133767
AOI-0049,2022-08-30,0.1996126771,0.11835171606623299,0.280873638133767
AOI-0049,2022-09-06,0.195816189,0.11455522796623299,0.277077150033767
AOI-0049,2022-09-14,0.2259537586,0.144692797566233,0.307214719633767
AOI-0049,2022-10-08,0.2160643189,0.134803357866233,0.297325279933767
AOI-0049,2023-06-22,0.5011465564,0.41988559536623304,0.5824075174337671
AOI-0049,2023-06-23,0.4977114863,0.416450525266233,0.578972447333767
AOI-0049,2023-07-15,0.2414775952,0.160216634166233,0.322738556233767
AOI-0049,2023-07-23,0.2762112398,0.194950278766233,0.357472200833767
AOI-0049,2023-08-08,0.2842539326,0.20299297156623297,0.365514893633767
AOI-0049,2023-08-24,0.3785734996,0.29731253856623296,0.459834460633767
AOI-0049,2023-09-12,0.2350482848,0.153787323766233,0.316309245833767
AOI-0049,2023-09-14,0.2902691495,0.20900818846623298,0.371530110533767
AOI-0049,2023-09-22,0.2131997913,0.131938830266233,0.294460752333767
AOI-0049,2023-10-02,0.1907494876,0.10948852656623298,0.272010448633767
AOI-0049,2024-06-23,0.6226644336,0.541403472566233,0.703925394633767
AOI-0049,2024-08-17,0.3422227445,0.260961783466233,0.423483705533767
AOI-0049,2024-08-28,0.2698005674,0.18853960636623301,0.35106152843376703
AOI-0049,2024-09-16,0.1590777789,0.07781681786623298,0.240338739933767
AOI-0049,2024-09-29,0.2003754846,0.11911452356623298,0.281636445633767
AOI-0049,2024-10-01,0.155141104,0.07388014296623299,0.236402065033767
AOI-0054,2010-07-19,0.7568639994,0.675603038366233,0.838124960433767
AOI-0054,2010-09-06,0.5831353555,0.5018743944662329,0.664396316533767
AOI-0054,2010-09-30,0.5778292035,0.496568242466233,0.659090164533767
AOI-0054,2011-04-07,0.4364394264,0.355178465366233,0.517700387433767
AOI-0054,2011-05-09,0.7529947573,0.671733796266233,0.834255718333767
AOI-0054,2011-05-25,0.8461075403,0.764846579266233,0.927368501333767
AOI-0054,2011-05-27,0.7783194099,0.697058448866233,0.859580370933767
AOI-0054,2011-06-10,0.7912842267,0.710023265666233,0.872545187733767
AOI-0054,2011-06-20,0.7526976461,0.671436685066233,0.833958607133767
AOI-0054,2011-08-23,0.7070065047,0.625745543666233,0.788267465733767
AOI-0054,2011-10-16,0.6189568233,0.537695862266233,0.700217784333767
AOI-0054,2012-07-09,0.7750881106,0.693827149566233,0.8563490716337671
AOI-0054,2012-07-16,0.7310313711,0.649770410066233,0.8122923321337671
AOI-0054,2012-08-26,0.6633817518,0.582120790766233,0.744642712833767
AOI-0054,2012-09-29,0.651107874,0.569846912966233,0.732368835033767
AOI-0054,2012-10-20,0.6211922902,0.539931329166233,0.702453251233767
AOI-0054,2013-08-21,0.7153532531,0.634092292066233,0.796614214133767
AOI-0054,2014-04-07,0.5744756707,0.49321470966623304,0.6557366317337671
AOI-0054,2014-05-09,0.8254821368,0.744221175766233,0.906743097833767
AOI-0054,2014-06-28,0.7831505567,0.701889595666233,0.864411517733767
AOI-0054,2014-07-28,0.6864026512,0.605141690166233,0.767663612233767
AOI-0054,2014-08-07,0.6856661749,0.604405213866233,0.766927135933767
AOI-0054,2014-08-08,0.7196606571,0.638399696066233,0.800921618133767
AOI-0054,2014-08-13,0.6417651963,0.5605042352662329,0.723026157333767
AOI-0054,2014-08-15,0.6938558141,0.612594853066233,0.775116775133767
AOI-0054,2014-10-11,0.5976135136,0.516352552566233,0.678874474633767
AOI-0054,2015-07-25,0.7487772728,0.6675163117662329,0.830038233833767
AOI-0054,2015-08-26,0.7130489304,0.6317879693662329,0.794309891433767
AOI-0054,2015-08-27,0.752678299,0.671417337966233,0.8339392600337671
AOI-0054,2015-08-29,0.6465742354,0.565313274366233,0.727835196433767
AOI-0054,2015-09-20,0.6196151279,0.5383541668662329,0.700876088933767
AOI-0054,2015-10-06,0.5212504111,0.439989450066233,0.602511372133767
AOI-0054,2016-04-30,0.7448815012,0.663620540166233,0.826142462233767
AOI-0054,2016-07-03,0.8072589842,0.725998023166233,0.888519945233767
AOI-0054,2016-08-29,0.7632176666,0.681956705566233,0.844478627633767
AOI-0054,2016-09-29,0.6814964797,0.600235518666233,0.7627574407337671
AOI-0054,2017-05-03,0.7376318483,0.6563708872662329,0.818892809333767
AOI-0054,2017-05-11,0.8024288906,0.721167929566233,0.883689851633767
AOI-0054,2017-05-19,0.8196698942,0.738408933166233,0.900930855233767
AOI-0054,2017-05-27,0.8141640973,0.7329031362662329,0.895425058333767
AOI-0054,2017-06-10,0.7940604839,0.7127995228662329,0.875321444933767
AOI-0054,2017-07-06,0.8177066297,0.736445668666233,0.898967590733767
AOI-0054,2017-09-01,0.504761121,0.423500159966233,0.586022082033767
AOI-0054,2017-09-18,0.6851028049,0.603841843866233,0.766363765933767
AOI-0054,2017-09-24,0.6414553766,0.560194415566233,0.722716337633767
AOI-0054,2017-10-11,0.5851627215,0.503901760466233,0.666423682533767
AOI-0054,2018-04-04,0.3467256067,0.265464645666233,0.42798656773376703
AOI-0054,2018-04-21,0.5436868787,0.462425917666233,0.624947839733767
AOI-0054,2018-04-28,0.6651070917,0.583846130666233,0.746368052733767
AOI-0054,2018-04-29,0.7257430351,0.644482074066233,0.807003996133767
AOI-0054,2018-05-01,0.7389989255,0.657737964466233,0.820259886533767
AOI-0054,2018-05-11,0.7899449181,0.708683957066233,0.871205879133767
AOI-0054,2018-06-15,0.8104738905,0.729212929466233,0.891734851533767
AOI-0054,2018-06-16,0.785571147,0.704310185966233,0.866832108033767
AOI-0054,2018-07-09,0.7388761838,0.657615222766233,0.820137144833767
AOI-0054,2018-09-12,0.6465138501,0.5652528890662329,0.727774811133767
AOI-0054,2018-10-13,0.6963813741,0.615120413066233,0.777642335133767
AOI-0054,2018-10-29,0.6182283202,0.536967359166233,0.699489281233767
AOI-0054,2019-04-07,0.5598165046,0.478555543566233,0.641077465633767
AOI-0054,2019-05-25,0.8515285958,0.770267634766233,0.932789556833767
AOI-0054,2019-05-31,0.8511415908,0.769880629766233,0.932402551833767
AOI-0054,2019-06-15,0.8460495541,0.764788593066233,0.927310515133767
AOI-0054,2019-06-18,0.7824347669,0.701173805866233,0.863695727933767
AOI-0054,2019-06-27,0.7346236636,0.653362702566233,0.815884624633767
AOI-0054,2019-07-04,0.7167982212,0.635537260166233,0.798059182233767
AOI-0054,2019-07-05,0.7846739036,0.703412942566233,0.865934864633767
AOI-0054,2019-07-12,0.7529765457,0.671715584666233,0.8342375067337671
AOI-0054,2019-07-28,0.7649855707,0.6837246096662329,0.846246531733767
AOI-0054,2019-07-29,0.7822840544,0.701023093366233,0.863545015433767
AOI-0054,2019-08-14,0.8138315781,0.7325706170662329,0.895092539133767
AOI-0054,2019-08-29,0.7081815882,0.626920627166233,0.789442549233767
AOI-0054,2019-08-30,0.708255178,0.626994216966233,0.789516139033767
AOI-0054,2019-09-15,0.5906459413,0.509384980266233,0.671906902333767
AOI-0054,2019-10-09,0.700440081,0.619179119966233,0.781701042033767
AOI-0054,2020-04-02,0.4907263702,0.409465409166233,0.571987331233767
AOI-0054,2020-04-09,0.4880576019,0.406796640866233,0.569318562933767
AOI-0054,2020-04-10,0.4640900057,0.38282904466623296,0.545350966733767
AOI-0054,2020-04-22,0.63397231,0.552711348966233,0.715233271033767
AOI-0054,2020-04-30,0.6825121338,0.601251172766233,0.763773094833767
AOI-0054,2020-05-11,0.7900180816,0.708757120566233,0.871279042633767
AOI-0054,2020-05-30,0.7991625908,0.717901629766233,0.880423551833767
AOI-0054,2020-06-28,0.7760342532,0.694773292166233,0.857295214233767
AOI-0054,2020-08-03,0.7241627082,0.6429017471662329,0.805423669233767
AOI-0054,2020-09-07,0.7216544054,0.640393444366233,0.802915366433767
AOI-0054,2020-09-09,0.7540817984,0.672820837366233,0.835342759433767
AOI-0054,2020-10-17,0.4380443813,0.356783420266233,0.519305342333767
AOI-0054,2020-10-27,0.4767246377,0.395463676666233,0.557985598733767
AOI-0054,2021-04-29,0.6827688859,0.601507924866233,0.764029846933767
AOI-0054,2021-05-09,0.8273075191,0.746046558066233,0.908568480133767
AOI-0054,2021-05-20,0.7078576861,0.626596725066233,0.789118647133767
AOI-0054,2021-06-16,0.8102295978,0.728968636766233,0.891490558833767
AOI-0054,2021-07-02,0.7966431581,0.715382197066233,0.877904119133767
AOI-0054,2021-07-18,0.7600020832,0.678741122166233,0.841263044233767
AOI-0054,2021-07-24,0.8160676408,0.734806679766233,0.8973286018337671
AOI-0054,2021-09-07,0.807520544,0.7262595829662329,0.888781505033767
AOI-0054,2021-10-16,0.5905473464,0.5092863853662329,0.671808307433767
AOI-0054,2021-10-22,0.5894587843,0.508197823266233,0.670719745333767
AOI-0054,2021-10-30,0.6109762573,0.529715296266233,0.6922372183337671
AOI-0054,2022-06-03,0.8478718917,0.766610930666233,0.929132852733767
AOI-0054,2022-06-10,0.8092461036,0.727985142566233,0.890507064633767
AOI-0054,2022-06-26,0.7623499389,0.681088977866233,0.843610899933767
AOI-0054,2022-07-12,0.7337184283,0.652457467266233,0.814979389333767
AOI-0054,2022-07-29,0.7895287662,0.708267805166233,0.870789727233767
AOI-0054,2022-08-06,0.7808776707,0.699616709666233,0.862138631733767
AOI-0054,2022-08-18,0.7077386761,0.626477715066233,0.788999637133767
AOI-0054,2022-08-29,0.6239856295,0.542724668466233,0.705246590533767
AOI-0054,2023-04-07,0.7066003366,0.625339375566233,0.787861297633767
AOI-0054,2023-04-23,0.7820996698,0.700838708766233,0.863360630833767
AOI-0054,2023-05-28,0.7658549083,0.684593947266233,0.847115869333767
AOI-0054,2023-06-10,0.7632083017,0.681947340666233,0.844469262733767
AOI-0054,2023-06-22,0.8193857287,0.738124767666233,0.900646689733767
AOI-0054,2023-07-07,0.7368314926,0.655570531566233,0.818092453633767
AOI-0054,2023-09-07,0.7257965945,0.644535633466233,0.807057555533767
AOI-0054,2023-10-11,0.6799516211,0.598690660066233,0.761212582133767
AOI-0054,2024-04-04,0.5511851124,0.469924151366233,0.632446073433767
AOI-0054,2024-05-07,0.8285192218,0.747258260766233,0.909780182833767
AOI-0054,2024-05-08,0.8258741574,0.744613196366233,0.907135118433767
AOI-0054,2024-05-22,0.8231235375,0.741862576466233,0.904384498533767
AOI-0054,2024-05-23,0.8445811748,0.7633202137662329,0.925842135833767
AOI-0054,2024-06-24,0.7757603235,0.694499362466233,0.857021284533767
AOI-0054,2024-07-13,0.8010719093,0.719810948266233,0.8823328703337671
AOI-0054,2024-07-18,0.7880532044,0.706792243366233,0.869314165433767
AOI-0054,2024-08-18,0.7574807231,0.676219762066233,0.838741684133767
AOI-0054,2024-09-16,0.6969818792,0.615720918166233,0.778242840233767
AOI-0054,2024-09-21,0.7298634958,0.648602534766233,0.811124456833767
AOI-0054,2024-09-29,0.6021543673,0.520893406266233,0.6834153283337671
AOI-0054,2024-10-05,0.634335478,0.553074516966233,0.715596439033767
AOI-0054,2024-10-30,0.5989066332,0.517645672166233,0.680167594233767
AOI-0057,2010-04-15,0.2083757151,0.127114754066233,0.289636676133767
AOI-0057,2010-04-30,0.2658146885,0.184553727466233,0.347075649533767
AOI-0057,2010-05-01,0.2856949929,0.204434031866233,0.366955953933767
AOI-0057,2010-05-08,0.3326069592,0.251345998166233,0.413867920233767
AOI-0057,2010-06-10,0.6138849673,0.532624006266233,0.695145928333767
AOI-0057,2010-07-27,0.6128428051,0.531581844066233,0.694103766133767
AOI-0057,2010-08-05,0.5613041097,0.480043148666233,0.642565070733767
AOI-0057,2010-09-14,0.3784920506,0.297231089566233,0.45975301163376703
AOI-0057,2011-05-25,0.8779664616,0.796705500566233,0.959227422633767
AOI-0057,2011-06-10,0.7433999191,0.662138958066233,0.824660880133767
AOI-0057,2011-06-13,0.7954368051,0.714175844066233,0.876697766133767
AOI-0057,2011-07-07,0.2715132037,0.19025224266623297,0.352774164733767
AOI-0057,2011-08-08,0.3818782302,0.300617269166233,0.463139191233767
AOI-0057,2011-09-16,0.2105143094,0.12925334836623298,0.291775270433767
AOI-0057,2011-10-11,0.2349004949,0.153639533866233,0.316161455933767
AOI-0057,2012-07-16,0.8286154841,0.747354523066233,0.909876445133767
AOI-0057,2012-09-18,0.2129101257,0.131649164666233,0.294171086733767
AOI-0057,2013-04-07,0.7271416318,0.645880670766233,0.808402592833767
AOI-0057,2013-09-14,0.3181677947,0.236906833666233,0.399428755733767
AOI-0057,2013-09-22,0.2547062001,0.173445239066233,0.335967161133767
AOI-0057,2014-04-17,0.3722439915,0.290983030466233,0.453504952533767
AOI-0057,2014-04-18,0.4190256131,0.337764652066233,0.500286574133767
AOI-0057,2014-04-25,0.5353402697,0.45407930866623303,0.616601230733767
AOI-0057,2014-05-09,0.844682818,0.763421856966233,0.925943779033767
AOI-0057,2014-06-05,0.7873978387,0.706136877666233,0.868658799733767
AOI-0057,2014-07-15,0.2833515525,0.20209059146623298,0.364612513533767
AOI-0057,2014-07-23,0.3013568135,0.22009585246623298,0.382617774533767
AOI-0057,2014-08-16,0.215133295,0.133872333966233,0.296394256033767
AOI-0057,2014-08-23,0.2114748506,0.13021388956623298,0.292735811633767
AOI-0057,2014-10-02,0.2089018342,0.127640873166233,0.290162795233767
AOI-0057,2014-10-11,0.2252671496,0.14400618856623298,0.306528110633767
AOI-0057,2014-10-16,0.2565207577,0.17525979666623298,0.337781718733767
AOI-0057,2015-05-25,0.8801006254,0.798839664366233,0.961361586433767
AOI-0057,2015-10-30,0.2113297455,0.130068784466233,0.292590706533767
AOI-0057,2016-05-08,0.8838498502,0.8025888891662329,0.965110811233767
AOI-0057,2016-06-26,0.410898646,0.32963768496623297,0.492159607033767
AOI-0057,2016-07-28,0.3098537968,0.22859283576623302,0.39111475783376703
AOI-0057,2016-08-12,0.4280668154,0.346805854366233,0.509327776433767
AOI-0057,2017-05-04,0.3159613103,0.234700349266233,0.39722227133376703
AOI-0057,2017-05-06,0.2612383535,0.179977392466233,0.34249931453376703
AOI-0057,2017-06-10,0.7677023319,0.686441370866233,0.848963292933767
AOI-0057,2017-07-30,0.7914476837,0.710186722666233,0.872708644733767
AOI-0057,2017-08-08,0.7664805473,0.685219586266233,0.847741508333767
AOI-0057,2017-09-01,0.4872808047,0.406019843666233,0.568541765733767
AOI-0057,2017-09-14,0.3951844709,0.31392350986623296,0.476445431933767
AOI-0057,2017-09-17,0.4012406405,0.319979679466233,0.48250160153376703
AOI-0057,2017-09-25,0.3116850579,0.230424096866233,0.392946018933767
AOI-0057,2018-04-11,0.6904469363,0.609185975266233,0.771707897333767
AOI-0057,2018-05-06,0.8512435623,0.769982601266233,0.932504523333767
AOI-0057,2018-07-18,0.2107313214,0.129470360366233,0.291992282433767
AOI-0057,2018-08-02,0.2271536446,0.145892683566233,0.308414605633767
AOI-0057,2018-08-19,0.2249299658,0.14366900476623298,0.30619092683376703
AOI-0057,2018-08-26,0.2172432015,0.135982240466233,0.298504162533767
AOI-0057,2018-10-29,0.2191522682,0.137891307166233,0.300413229233767
AOI-0057,2019-04-11,0.1953244788,0.114063517766233,0.27658543983376704
AOI-0057,2019-04-21,0.2625747933,0.181313832266233,0.343835754333767
AOI-0057,2019-05-01,0.329516816,0.24825585496623298,0.410777777033767
AOI-0057,2019-05-02,0.3923119158,0.311050954766233,0.47357287683376703
AOI-0057,2019-05-06,0.358030674,0.276769712966233,0.439291635033767
AOI-0057,2019-07-05,0.7403199766,0.659059015566233,0.821580937633767
AOI-0057,2019-07-20,0.5802059663,0.498945005266233,0.661466927333767
AOI-0057,2019-08-05,0.332703233,0.251442271966233,0.413964194033767
AOI-0057,2019-08-21,0.230923624,0.14966266296623298,0.312184585033767
AOI-0057,2019-08-24,0.2010384197,0.11977745866623299,0.28229938073376704
AOI-0057,2019-09-23,0.1014118299,0.02015086886623299,0.182672790933767
AOI-0057,2019-10-13,0.1539936578,0.07273269676623298,0.235254618833767
AOI-0057,2019-10-25,0.2171081911,0.13584723006623298,0.298369152133767
AOI-0057,2020-04-17,0.1995239442,0.11826298316623299,0.280784905233767
AOI-0057,2020-08-15,0.1729719978,0.09171103676623299,0.254232958833767
AOI-0057,2020-08-23,0.146793032,0.06553207096623298,0.228053993033767
AOI-0057,2020-09-09,0.1843156289,0.10305466786623299,0.265576589933767
AOI-0057,2020-09-13,0.2280564683,0.146795507266233,0.30931742933376705
AOI-0057,2020-09-25,0.1887739012,0.107512940166233,0.27003486223376705
AOI-0057,2020-09-27,0.1338318133,0.05257085226623298,0.215092774333767
AOI-0057,2020-09-29,0.2173665586,0.136105597566233,0.298627519633767
AOI-0057,2020-10-03,0.1498933556,0.06863239456623299,0.231154316633767
AOI-0057,2021-04-15,0.5426966992,0.46143573816623296,0.623957660233767
AOI-0057,2021-06-19,0.8146268423,0.733365881266233,0.895887803333767
AOI-0057,2021-08-13,0.3841288147,0.302867853666233,0.465389775733767
AOI-0057,2021-09-04,0.3932282082,0.311967247166233,0.474489169233767
AOI-0057,2022-05-27,0.5974906803,0.516229719266233,0.678751641333767
AOI-0057,2022-06-26,0.3610437334,0.279782772366233,0.442304694433767
AOI-0057,2022-06-29,0.1683503635,0.08708940246623298,0.249611324533767
AOI-0057,2022-07-09,0.1754663019,0.094205340866233,0.256727262933767
AOI-0057,2022-07-12,0.3169077494,0.23564678836623298,0.398168710433767
AOI-0057,2022-07-28,0.2746200174,0.19335905636623302,0.35588097843376704
AOI-0057,2022-08-03,0.1557649246,0.07450396356623298,0.237025885633767
AOI-0057,2022-08-13,0.167527116,0.086266154966233,0.248788077033767
AOI-0057,2022-08-18,0.1602793351,0.079018374066233,0.241540296133767
AOI-0057,2022-09-14,0.2238092677,0.142548306666233,0.305070228733767
AOI-0057,2022-10-17,0.2594736932,0.178212732166233,0.34073465423376703
AOI-0057,2023-04-26,0.8502412693,0.768980308266233,0.931502230333767
AOI-0057,2023-05-04,0.8864397311,0.805178770066233,0.967700692133767
AOI-0057,2023-06-26,0.4846705069,0.403409545866233,0.565931467933767
AOI-0057,2023-07-12,0.4569175991,0.375656638066233,0.538178560133767
AOI-0057,2023-07-15,0.3725073932,0.29124643216623297,0.453768354233767
AOI-0057,2023-08-23,0.4471723823,0.365911421266233,0.528433343333767
AOI-0057,2023-09-10,0.2824591428,0.201198181766233,0.363720103833767
AOI-0057,2024-05-04,0.3719211398,0.290660178766233,0.45318210083376703
AOI-0057,2024-05-06,0.4277157415,0.346454780466233,0.508976702533767
AOI-0057,2024-05-07,0.485926742,0.404665780966233,0.5671877030337671
AOI-0057,2024-05-22,0.6715237795,0.590262818466233,0.752784740533767
AOI-0057,2024-06-08,0.764959536,0.683698574966233,0.846220497033767
AOI-0057,2024-06-16,0.7713937319,0.690132770866233,0.852654692933767
AOI-0057,2024-06-24,0.7110210521,0.629760091066233,0.792282013133767
AOI-0057,2024-07-18,0.4094465418,0.328185580766233,0.490707502833767
AOI-0057,2024-07-28,0.3962564458,0.314995484766233,0.47751740683376703
AOI-0057,2024-09-13,0.2220796669,0.140818705866233,0.30334062793376704
AOI-0066,2010-07-13,0.627999229,0.546738267966233,0.7092601900337671
AOI-0066,2011-05-25,0.8511906549,0.769929693866233,0.932451615933767
AOI-0066,2012-04-13,0.4256432814,0.344382320366233,0.5069042424337671
AOI-0066,2012-07-11,0.3525009034,0.271239942366233,0.433761864433767
AOI-0066,2012-07-27,0.2754110605,0.19415009946623302,0.35667202153376704
AOI-0066,2012-09-20,0.2203349677,0.13907400666623299,0.301595928733767
AOI-0066,2012-10-06,0.3684680753,0.28720711426623297,0.449729036333767
AOI-0066,2012-10-22,0.4536160704,0.372355109366233,0.534877031433767
AOI-0066,2013-05-09,0.4807417214,0.399480760366233,0.5620026824337669
AOI-0066,2013-05-25,0.5940682819,0.512807320866233,0.6753292429337671
AOI-0066,2013-06-19,0.5845178495,0.503256888466233,0.665778810533767
AOI-0066,2013-09-23,0.1966635488,0.115402587766233,0.27792450983376704
AOI-0066,2013-10-09,0.1968192191,0.11555825806623299,0.278080180133767
AOI-0066,2014-04-03,0.5586363813,0.47737542026623303,0.639897342333767
AOI-0066,2014-10-04,0.376026352,0.294765390966233,0.457287313033767
AOI-0066,2015-04-06,0.7175623718,0.636301410766233,0.798823332833767
AOI-0066,2015-06-01,0.8525778043,0.771316843266233,0.933838765333767
AOI-0066,2015-07-27,0.3124056911,0.23114473006623298,0.393666652133767
AOI-0066,2015-07-28,0.3410343811,0.259773420066233,0.422295342133767
AOI-0066,2015-09-29,0.2198699137,0.138608952666233,0.301130874733767
AOI-0066,2016-05-08,0.8452652174,0.764004256366233,0.9265261784337671
AOI-0066,2016-06-03,0.7665078068,0.685246845766233,0.847768767833767
AOI-0066,2016-06-19,0.4408414114,0.359580450366233,0.522102372433767
AOI-0066,2016-06-27,0.2879164534,0.20665549236623298,0.369177414433767
AOI-0066,2016-07-11,0.3680051309,0.28674416986623297,0.449266091933767
AOI-0066,2016-08-12,0.3573754326,0.276114471566233,0.438636393633767
AOI-0066,2016-08-22,0.2598711406,0.17861017956623298,0.341132101633767
AOI-0066,2017-05-09,0.8803977113,0.799136750266233,0.961658672333767
AOI-0066,2017-06-10,0.7982249452,0.716963984166233,0.879485906233767
AOI-0066,2017-08-13,0.2757859543,0.19452499326623302,0.35704691533376703
AOI-0066,2017-08-21,0.1300953656,0.048834404566233,0.21135632663376702
AOI-0066,2018-05-09,0.6076349257,0.526373964666233,0.688895886733767
AOI-0066,2018-06-01,0.7597617635,0.678500802466233,0.841022724533767
AOI-0066,2018-07-02,0.8133603299,0.732099368866233,0.894621290933767
AOI-0066,2018-09-05,0.2067307049,0.125469743866233,0.287991665933767
AOI-0066,2018-10-08,0.1798617165,0.09860075546623298,0.261122677533767
AOI-0066,2018-10-13,0.204149534,0.12288857296623298,0.28541049503376703
AOI-0066,2019-04-07,0.6918027049,0.6105417438662329,0.773063665933767
AOI-0066,2019-04-28,0.7917914325,0.7105304714662329,0.873052393533767
AOI-0066,2019-05-11,0.7617672236,0.680506262566233,0.843028184633767
AOI-0066,2019-06-20,0.335420161,0.254159199966233,0.416681122033767
AOI-0066,2019-07-02,0.1984452558,0.11718429476623299,0.279706216833767
AOI-0066,2019-07-14,0.2608273042,0.179566343166233,0.342088265233767
AOI-0066,2019-08-11,0.1629626892,0.081701728166233,0.24422365023376702
AOI-0066,2019-08-29,0.1787669397,0.09750597866623298,0.260027900733767
AOI-0066,2019-10-15,0.5513378996,0.470076938566233,0.632598860633767
AOI-0066,2019-10-18,0.5351256589,0.45386469786623296,0.616386619933767
AOI-0066,2020-05-08,0.7642331246,0.682972163566233,0.845494085633767
AOI-0066,2020-05-24,0.7252375022,0.643976541166233,0.8064984632337671
AOI-0066,2020-05-30,0.6037619315,0.522500970466233,0.685022892533767
AOI-0066,2020-06-11,0.4838203643,0.402559403266233,0.565081325333767
AOI-0066,2020-07-11,0.2379011856,0.156640224566233,0.319162146633767
AOI-0066,2020-07-27,0.3239220952,0.24266113416623297,0.405183056233767
AOI-0066,2020-08-09,0.1887093368,0.10744837576623298,0.269970297833767
AOI-0066,2020-08-15,0.1602981069,0.07903714586623298,0.241559067933767
AOI-0066,2020-09-07,0.1346119963,0.053351035266233,0.21587295733376702
AOI-0066,2021-05-12,0.2355601924,0.154299231366233,0.31682115343376704
AOI-0066,2021-08-05,0.6498919588,0.5686309977662329,0.731152919833767
AOI-0066,2021-08-20,0.3828150623,0.301554101266233,0.464076023333767
AOI-0066,2021-08-23,0.3382197327,0.256958771666233,0.419480693733767
AOI-0066,2021-09-27,0.1780131765,0.096752215466233,0.25927413753376705
AOI-0066,2021-10-16,0.2783703834,0.19710942236623297,0.359631344433767
AOI-0066,2021-10-27,0.2071204226,0.12585946156623298,0.288381383633767
AOI-0066,2022-04-23,0.8126152459,0.731354284866233,0.893876206933767
AOI-0066,2022-04-25,0.7941449845,0.712884023466233,0.875405945533767
AOI-0066,2022-05-30,0.8796569752,0.798396014166233,0.960917936233767
AOI-0066,2022-06-04,0.8293037339,0.748042772866233,0.910564694933767
AOI-0066,2022-07-12,0.2676486161,0.186387655066233,0.348909577133767
AOI-0066,2022-07-21,0.1673894882,0.08612852716623298,0.248650449233767
AOI-0066,2022-07-22,0.2565705982,0.175309637166233,0.337831559233767
AOI-0066,2022-08-23,0.1788872189,0.097626257866233,0.26014817993376704
AOI-0066,2022-09-08,0.2095277161,0.128266755066233,0.290788677133767
AOI-0066,2022-09-09,0.1594514357,0.078190474666233,0.24071239673376701
AOI-0066,2022-09-18,0.1666997609,0.08543879986623298,0.247960721933767
AOI-0066,2022-09-27,0.150524382,0.069263420966233,0.23178534303376702
AOI-0066,2022-09-29,0.1544800619,0.07321910086623298,0.235741022933767
AOI-0066,2022-10-02,0.1663102985,0.085049337466233,0.24757125953376702
AOI-0066,2022-10-07,0.1781093762,0.09684841516623299,0.259370337233767
AOI-0066,2022-10-18,0.2254699817,0.14420902066623298,0.306730942733767
AOI-0066,2022-10-22,0.1753016823,0.094040721266233,0.256562643333767
AOI-0066,2023-04-04,0.3167631536,0.235502192566233,0.398024114633767
AOI-0066,2023-04-07,0.5332483631,0.451987402066233,0.614509324133767
AOI-0066,2023-05-15,0.8011777895,0.719916828466233,0.882438750533767
AOI-0066,2023-06-07,0.8389541781,0.7576932170662329,0.920215139133767
AOI-0066,2023-06-10,0.7685356689,0.687274707866233,0.849796629933767
AOI-0066,2023-06-11,0.7977315629,0.716470601866233,0.878992523933767
AOI-0066,2023-06-26,0.3941073345,0.312846373466233,0.475368295533767
AOI-0066,2023-07-04,0.2302498537,0.148988892666233,0.311510814733767
AOI-0066,2023-07-26,0.3509220986,0.269661137566233,0.432183059633767
AOI-0066,2023-08-08,0.2479695006,0.166708539566233,0.329230461633767
AOI-0066,2023-08-10,0.2873624791,0.206101518066233,0.368623440133767
AOI-0066,2023-08-13,0.223659253,0.142398291966233,0.304920214033767
AOI-0066,2023-08-23,0.1584916504,0.07723068936623298,0.239752611433767
AOI-0066,2023-09-07,0.1528106731,0.07154971206623298,0.234071634133767
AOI-0066,2023-09-30,0.2457778283,0.164516867266233,0.327038789333767
AOI-0066,2023-10-13,0.2363580071,0.15509704606623298,0.317618968133767
AOI-0066,2023-10-16,0.2399299686,0.15866900756623298,0.321190929633767
AOI-0066,2024-04-06,0.7785403999,0.697279438866233,0.859801360933767
AOI-0066,2024-05-21,0.8765218345,0.795260873466233,0.957782795533767
AOI-0066,2024-06-17,0.4878850776,0.406624116566233,0.569146038633767
AOI-0066,2024-06-23,0.2987785412,0.21751758016623302,0.38003950223376703
AOI-0066,2024-06-28,0.2218674249,0.140606463866233,0.303128385933767
AOI-0066,2024-07-05,0.1455112302,0.064250269166233,0.22677219123376702
AOI-0066,2024-07-19,0.1928400203,0.11157905926623299,0.27410098133376704
AOI-0066,2024-08-09,0.1535908732,0.072329912166233,0.23485183423376702
AOI-0066,2024-09-26,0.1519330894,0.07067212836623299,0.233194050433767
AOI-0072,2010-04-07,0.3645462649,0.283285303866233,0.44580722593376704
AOI-0072,2010-08-13,0.2763741085,0.19511314746623298,0.357635069533767
AOI-0072,2010-08-15,0.1779144719,0.096653510866233,0.259175432933767
AOI-0072,2010-08-23,0.1825235064,0.101262545366233,0.26378446743376704
AOI-0072,2010-08-30,0.1918336563,0.11057269526623298,0.273094617333767
AOI-0072,2011-04-07,0.3218101008,0.240549139766233,0.403071061833767
AOI-0072,2011-05-05,0.247918965,0.16665800396623298,0.329179926033767
AOI-0072,2011-07-12,0.2532836282,0.172022667166233,0.334544589233767
AOI-0072,2011-07-24,0.1736815305,0.09242056946623298,0.254942491533767
AOI-0072,2011-08-01,0.1657398264,0.084478865366233,0.24700078743376702
AOI-0072,2011-09-03,0.1788785544,0.09761759336623299,0.260139515433767
AOI-0072,2012-04-06,0.5093566443,0.42809568326623304,0.5906176053337671
AOI-0072,2012-10-15,0.1497324413,0.06847148026623298,0.230993402333767
AOI-0072,2013-04-16,0.1689634213,0.08770246026623299,0.250224382333767
AOI-0072,2013-05-02,0.1968919714,0.115631010366233,0.27815293243376704
AOI-0072,2013-05-19,0.2524120739,0.17115111286623297,0.333673034933767
AOI-0072,2013-07-29,0.21171982,0.130458858966233,0.292980781033767
AOI-0072,2013-10-16,0.3039758766,0.22271491556623296,0.385236837633767
AOI-0072,2014-04-23,0.6649382921,0.583677331066233,0.746199253133767
AOI-0072,2014-06-30,0.2574308115,0.176169850466233,0.33869177253376703
AOI-0072,2014-07-17,0.2027650591,0.121504098066233,0.284026020133767
AOI-0072,2014-07-24,0.2144691714,0.13320821036623298,0.295730132433767
AOI-0072,2014-08-17,0.2331287297,0.151867768666233,0.314389690733767
AOI-0072,2014-08-29,0.2956677222,0.21440676116623297,0.376928683233767
AOI-0072,2014-09-03,0.2277992696,0.14653830856623298,0.309060230633767
AOI-0072,2014-09-26,0.2451373938,0.16387643276623298,0.326398354833767
AOI-0072,2014-10-28,0.1897339677,0.108473006666233,0.270994928733767
AOI-0072,2014-10-29,0.2414801329,0.160219171866233,0.32274109393376704
AOI-0072,2015-04-07,0.2521045705,0.170843609466233,0.333365531533767
AOI-0072,2015-04-23,0.2529765545,0.171715593466233,0.334237515533767
AOI-0072,2015-08-04,0.1864546486,0.10519368756623299,0.267715609633767
AOI-0072,2016-04-06,0.7664957017,0.685234740666233,0.847756662733767
AOI-0072,2016-04-09,0.7414411279,0.660180166866233,0.8227020889337671
AOI-0072,2016-04-17,0.7806038796,0.699342918566233,0.861864840633767
AOI-0072,2016-05-26,0.7806012151,0.699340254066233,0.861862176133767
AOI-0072,2016-06-27,0.2546179675,0.17335700646623298,0.335878928533767
AOI-0072,2016-07-13,0.1914297825,0.110168821466233,0.272690743533767
AOI-0072,2016-08-22,0.286835255,0.205574293966233,0.368096216033767
AOI-0072,2016-09-29,0.282168635,0.200907673966233,0.363429596033767
AOI-0072,2017-04-03,0.1482007944,0.06693983336623299,0.229461755433767
AOI-0072,2017-04-23,0.3074609557,0.22619999466623297,0.388721916733767
AOI-0072,2017-05-29,0.2182002692,0.13693930816623298,0.29946123023376703
AOI-0072,2017-05-30,0.2374683083,0.15620734726623298,0.318729269333767
AOI-0072,2017-07-12,0.2181782696,0.136917308566233,0.299439230633767
AOI-0072,2017-07-24,0.1887424294,0.10748146836623299,0.270003390433767
AOI-0072,2017-07-25,0.1660275692,0.08476660816623299,0.247288530233767
AOI-0072,2017-08-06,0.1341138746,0.05285291356623298,0.215374835633767
AOI-0072,2017-08-29,0.2439152493,0.162654288266233,0.325176210333767
AOI-0072,2017-09-03,0.1774769242,0.09621596316623299,0.258737885233767
AOI-0072,2017-09-20,0.3301325511,0.248871590066233,0.411393512133767
AOI-0072,2017-09-26,0.4418112751,0.360550314066233,0.523072236133767
AOI-0072,2017-10-12,0.5309841514,0.449723190366233,0.612245112433767
AOI-0072,2018-04-07,0.5315614911,0.45030053006623294,0.612822452133767
AOI-0072,2018-04-15,0.6575844188,0.576323457766233,0.738845379833767
AOI-0072,2018-05-01,0.7792396157,0.697978654666233,0.860500576733767
AOI-0072,2018-05-03,0.7569109419,0.675649980866233,0.838171902933767
AOI-0072,2018-06-07,0.3793896974,0.298128736366233,0.460650658433767
AOI-0072,2018-08-05,0.2055779728,0.124317011766233,0.286838933833767
AOI-0072,2018-08-28,0.1934939061,0.11223294506623299,0.274754867133767
AOI-0072,2018-09-06,0.1816591165,0.10039815546623299,0.262920077533767
AOI-0072,2018-09-22,0.1786102462,0.09734928516623298,0.259871207233767
AOI-0072,2019-04-25,0.2028062007,0.12154523966623298,0.284067161733767
AOI-0072,2019-04-26,0.1807837883,0.09952282726623299,0.262044749333767
AOI-0072,2019-05-04,0.238105683,0.156844721966233,0.319366644033767
AOI-0072,2019-05-28,0.1753400622,0.094079101166233,0.256601023233767
AOI-0072,2019-06-12,0.1464194955,0.06515853446623299,0.227680456533767
AOI-0072,2019-07-14,0.1777384215,0.09647746046623298,0.258999382533767
AOI-0072,2019-07-17,0.118327096,0.037066134966233,0.19958805703376703
AOI-0072,2019-08-06,0.1259483441,0.04468738306623299,0.207209305133767
AOI-0072,2019-08-16,0.1428584969,0.06159753586623298,0.224119457933767
AOI-0072,2019-09-09,0.2091514064,0.12789044536623298,0.29041236743376697
AOI-0072,2019-09-14,0.2816516974,0.200390736366233,0.362912658433767
AOI-0072,2019-09-17,0.1902358472,0.10897488616623299,0.271496808233767
AOI-0072,2019-09-30,0.4731168929,0.39185593186623296,0.5543778539337669
AOI-0072,2019-10-15,0.6720624571,0.590801496066233,0.753323418133767
AOI-0072,2019-10-20,0.7237321954,0.642471234366233,0.804993156433767
AOI-0072,2019-10-27,0.7521212491,0.670860288066233,0.833382210133767
AOI-0072,2020-04-06,0.6394951183,0.558234157266233,0.7207560793337671
AOI-0072,2020-04-27,0.7135864556,0.632325494566233,0.794847416633767
AOI-0072,2020-05-08,0.7614827938,0.6802218327662329,0.842743754833767
AOI-0072,2020-05-24,0.7089167341,0.627655773066233,0.790177695133767
AOI-0072,2020-06-30,0.2456324484,0.164371487366233,0.326893409433767
AOI-0072,2020-09-19,0.097820008,0.01655904696623299,0.17908096903376702
AOI-0072,2020-09-24,0.1248730503,0.04361208926623299,0.20613401133376702
AOI-0072,2020-09-26,0.1217654519,0.04050449086623299,0.203026412933767
AOI-0072,2020-10-05,0.1283501909,0.047089229866232984,0.209611151933767
AOI-0072,2020-10-14,0.126761348,0.045500386966232986,0.208022309033767
AOI-0072,2020-10-21,0.1337172522,0.05245629116623299,0.214978213233767
AOI-0072,2021-04-22,0.142710462,0.061449500966233,0.22397142303376702
AOI-0072,2021-07-11,0.1990777238,0.11781676276623299,0.280338684833767
AOI-0072,2021-08-29,0.2987327214,0.217471760366233,0.379993682433767
AOI-0072,2022-04-10,0.2104228845,0.12916192346623298,0.291683845533767
AOI-0072,2022-04-26,0.2293737442,0.148112783166233,0.310634705233767
AOI-0072,2022-06-29,0.1829071046,0.101646143566233,0.26416806563376705
AOI-0072,2022-07-15,0.1826499116,0.10138895056623298,0.263910872633767
AOI-0072,2022-08-23,0.180141356,0.09888039496623299,0.26140231703376704
AOI-0072,2022-08-27,0.1663513795,0.085090418466233,0.24761234053376702
AOI-0072,2023-04-29,0.8155881464,0.734327185366233,0.896849107433767
AOI-0072,2023-06-25,0.2860619764,0.20480101536623296,0.367322937433767
AOI-0072,2023-07-21,0.1816050271,0.100344066066233,0.26286598813376705
AOI-0072,2023-07-22,0.1977075898,0.11644662876623299,0.27896855083376704
AOI-0072,2023-07-26,0.1866801977,0.10541923666623298,0.267941158733767
AOI-0072,2023-08-02,0.2225801603,0.141319199266233,0.303841121333767
AOI-0072,2023-08-03,0.2339939849,0.152733023866233,0.315254945933767
AOI-0072,2023-08-05,0.2000940653,0.118833104266233,0.281355026333767
AOI-0072,2023-08-13,0.2723399597,0.191078998666233,0.35360092073376703
AOI-0072,2023-08-23,0.2482836176,0.167022656566233,0.329544578633767
AOI-0072,2023-09-19,0.2269345534,0.14567359236623298,0.308195514433767
AOI-0072,2023-10-29,0.243814841,0.162553879966233,0.325075802033767
AOI-0072,2024-04-01,0.1528893918,0.07162843076623299,0.234150352833767
AOI-0072,2024-05-09,0.2186987845,0.13743782346623298,0.29995974553376703
AOI-0072,2024-05-21,0.1685759851,0.08731502406623298,0.249836946133767
AOI-0072,2024-06-09,0.2415944136,0.160333452566233,0.322855374633767
AOI-0072,2024-06-30,0.1394261676,0.058165206566233,0.22068712863376702
AOI-0072,2024-07-11,0.1882531775,0.106992216466233,0.26951413853376704
AOI-0072,2024-07-25,0.1214112332,0.040150272166232986,0.202672194233767
AOI-0072,2024-08-20,0.1655586112,0.084297650166233,0.24681957223376702
AOI-0072,2024-09-08,0.1405799436,0.059318982566233,0.22184090463376702
AOI-0072,2024-09-22,0.1776707161,0.09640975506623298,0.25893167713376697
AOI-0072,2024-09-30,0.153786779,0.072525817966233,0.23504774003376702
AOI-0078,2010-04-15,0.1965074915,0.11524653046623298,0.27776845253376703
AOI-0078,2010-05-01,0.3146508344,0.233389873366233,0.39591179543376703
AOI-0078,2010-06-09,0.6289020778,0.547641116766233,0.710163038833767
AOI-0078,2010-07-04,0.4096108017,0.328349840666233,0.49087176273376704
AOI-0078,2011-04-01,0.1571460042,0.07588504316623298,0.238406965233767
AOI-0078,2011-07-06,0.7472000776,0.665939116566233,0.828461038633767
AOI-0078,2011-08-08,0.6603522041,0.5790912430662329,0.741613165133767
AOI-0078,2011-08-13,0.5696165299,0.488355568866233,0.650877490933767
AOI-0078,2011-09-14,0.5041285294,0.42286756836623296,0.585389490433767
AOI-0078,2011-09-17,0.3998754516,0.318614490566233,0.481136412633767
AOI-0078,2011-09-24,0.3897369344,0.308475973366233,0.470997895433767
AOI-0078,2012-06-07,0.6243289356,0.543067974566233,0.705589896633767
AOI-0078,2012-09-27,0.3218143606,0.240553399566233,0.403075321633767
AOI-0078,2012-10-04,0.2628620367,0.18160107566623301,0.34412299773376703
AOI-0078,2013-04-03,0.2386462104,0.157385249366233,0.319907171433767
AOI-0078,2013-07-11,0.4080974182,0.326836457166233,0.489358379233767
AOI-0078,2013-07-28,0.4955299821,0.414269021066233,0.576790943133767
AOI-0078,2013-08-29,0.455740117,0.374479155966233,0.5370010780337671
AOI-0078,2013-10-16,0.3722147812,0.290953820166233,0.453475742233767
AOI-0078,2014-06-26,0.8231918001,0.741930839066233,0.904452761133767
AOI-0078,2014-07-31,0.6832371803,0.601976219266233,0.764498141333767
AOI-0078,2015-07-01,0.4671079532,0.38584699216623297,0.548368914233767
AOI-0078,2015-09-11,0.2124491867,0.13118822566623298,0.293710147733767
AOI-0078,2016-04-22,0.3914765025,0.310215541466233,0.472737463533767
AOI-0078,2016-07-04,0.8342075087,0.752946547666233,0.915468469733767
AOI-0078,2016-09-22,0.7197292722,0.638468311166233,0.8009902332337671
AOI-0078,2016-10-24,0.4649140481,0.38365308706623297,0.5461750091337669
AOI-0078,2017-04-29,0.1999592247,0.11869826366623298,0.281220185733767
AOI-0078,2017-05-03,0.2542215354,0.17296057436623297,0.335482496433767
AOI-0078,2017-05-06,0.2116946677,0.130433706666233,0.292955628733767
AOI-0078,2017-05-09,0.4958076214,0.414546660366233,0.577068582433767
AOI-0078,2017-09-30,0.3137388918,0.23247793076623297,0.394999852833767
AOI-0078,2018-06-07,0.750481016,0.6692200549662329,0.831741977033767
AOI-0078,2018-06-18,0.5543373911,0.473076430066233,0.635598352133767
AOI-0078,2018-07-10,0.3122463071,0.230985346066233,0.393507268133767
AOI-0078,2018-08-10,0.3887590128,0.307498051766233,0.47001997383376704
AOI-0078,2018-09-12,0.2290152686,0.14775430756623298,0.310276229633767
AOI-0078,2018-09-28,0.2143559083,0.133094947266233,0.295616869333767
AOI-0078,2018-10-01,0.2078330882,0.12657212716623298,0.289094049233767
AOI-0078,2018-10-14,0.2142089851,0.132948024066233,0.295469946133767
AOI-0078,2019-04-07,0.2659816845,0.18472072346623297,0.347242645533767
AOI-0078,2019-04-23,0.2588537975,0.17759283646623297,0.340114758533767
AOI-0078,2019-05-06,0.2196100031,0.138349042066233,0.300870964133767
AOI-0078,2019-05-16,0.2549674141,0.173706453066233,0.336228375133767
AOI-0078,2019-05-24,0.3029494799,0.22168851886623298,0.384210440933767
AOI-0078,2019-06-02,0.4855666272,0.404305666166233,0.566827588233767
AOI-0078,2019-06-10,0.6146208068,0.533359845766233,0.695881767833767
AOI-0078,2019-06-13,0.602085225,0.5208242639662329,0.683346186033767
AOI-0078,2019-06-25,0.6576540545,0.576393093466233,0.738915015533767
AOI-0078,2019-07-04,0.6678276415,0.586566680466233,0.749088602533767
AOI-0078,2019-07-23,0.6521673011,0.570906340066233,0.733428262133767
AOI-0078,2019-07-28,0.7372648894,0.656003928366233,0.818525850433767
AOI-0078,2019-08-07,0.7783576175,0.697096656466233,0.859618578533767
AOI-0078,2019-08-09,0.784298967,0.703038005966233,0.865559928033767
AOI-0078,2019-08-21,0.8339023255,0.752641364466233,0.915163286533767
AOI-0078,2019-08-29,0.8183179746,0.737057013566233,0.899578935633767
AOI-0078,2019-09-13,0.7935772469,0.712316285866233,0.874838207933767
AOI-0078,2019-09-28,0.5170501442,0.43578918316623294,0.598311105233767
AOI-0078,2019-10-16,0.3727440213,0.291483060266233,0.454004982333767
AOI-0078,2020-04-05,0.1714400065,0.09017904546623298,0.25270096753376703
AOI-0078,2020-04-06,0.356953116,0.275692154966233,0.438214077033767
AOI-0078,2020-04-23,0.3912876455,0.310026684466233,0.472548606533767
AOI-0078,2020-05-19,0.8401040915,0.758843130466233,0.921365052533767
AOI-0078,2020-06-12,0.8281256002,0.746864639166233,0.909386561233767
AOI-0078,2020-06-28,0.4042195519,0.32295859086623296,0.485480512933767
AOI-0078,2020-07-24,0.1544823767,0.073221415666233,0.23574333773376702
AOI-0078,2020-08-06,0.1980553324,0.116794371366233,0.279316293433767
AOI-0078,2020-08-08,0.1876560783,0.10639511726623299,0.268917039333767
AOI-0078,2020-08-12,0.3793298647,0.298068903666233,0.46059082573376703
AOI-0078,2020-09-08,0.1845061356,0.103245174566233,0.265767096633767
AOI-0078,2020-09-15,0.1505468175,0.069285856466233,0.23180777853376702
AOI-0078,2020-09-24,0.1551617066,0.073900745566233,0.23642266763376701
AOI-0078,2020-09-25,0.1803943422,0.09913338116623299,0.261655303233767
AOI-0078,2020-10-15,0.2204679245,0.13920696346623299,0.301728885533767
AOI-0078,2020-10-22,0.0654790812,-0.015781879833767012,0.14674004223376702
AOI-0078,2020-10-26,0.1569951545,0.075734193466233,0.23825611553376702
AOI-0078,2021-04-10,0.0944605569,0.013199595866232997,0.175721517933767
AOI-0078,2021-05-14,0.3159368998,0.234675938766233,0.397197860833767
AOI-0078,2021-05-15,0.2592953483,0.178034387266233,0.340556309333767
AOI-0078,2021-05-25,0.52519345,0.44393248896623294,0.606454411033767
AOI-0078,2021-06-17,0.7582295803,0.676968619266233,0.839490541333767
AOI-0078,2021-06-22,0.7663184252,0.685057464166233,0.847579386233767
AOI-0078,2021-06-23,0.7947445763,0.7134836152662329,0.876005537333767
AOI-0078,2021-06-26,0.7598813775,0.678620416466233,0.841142338533767
AOI-0078,2021-07-09,0.7543060165,0.6730450554662329,0.835566977533767
AOI-0078,2021-08-01,0.5091456845,0.42788472346623296,0.590406645533767
AOI-0078,2021-08-21,0.4561941385,0.374933177466233,0.537455099533767
AOI-0078,2021-08-29,0.5592668727,0.47800591166623296,0.640527833733767
AOI-0078,2021-09-03,0.5657453891,0.48448442806623304,0.6470063501337671
AOI-0078,2021-09-15,0.4749697925,0.393708831466233,0.5562307535337669
AOI-0078,2021-10-27,0.2795054751,0.198244514066233,0.360766436133767
AOI-0078,2021-10-30,0.3000490206,0.21878805956623298,0.381309981633767
AOI-0078,2022-04-07,0.3703825387,0.289121577666233,0.451643499733767
AOI-0078,2022-05-03,0.6513976374,0.570136676366233,0.732658598433767
AOI-0078,2022-06-19,0.7195824435,0.638321482466233,0.800843404533767
AOI-0078,2022-06-27,0.5168170342,0.435556073166233,0.598077995233767
AOI-0078,2022-07-17,0.2653352754,0.184074314366233,0.346596236433767
AOI-0078,2022-07-24,0.1529401052,0.071679144166233,0.23420106623376702
AOI-0078,2022-08-01,0.1736335132,0.092372552166233,0.254894474233767
AOI-0078,2022-09-17,0.1687497846,0.087488823566233,0.250010745633767
AOI-0078,2022-09-20,0.2289850904,0.147724129366233,0.31024605143376704
AOI-0078,2022-10-01,0.4530868573,0.37182589626623297,0.534347818333767
AOI-0078,2022-10-08,0.4476626224,0.366401661366233,0.528923583433767
AOI-0078,2022-10-15,0.4968413852,0.415580424166233,0.578102346233767
AOI-0078,2023-05-12,0.8303071973,0.749046236266233,0.911568158333767
AOI-0078,2023-06-02,0.8251086278,0.743847666766233,0.9063695888337671
AOI-0078,2023-07-02,0.5451965545,0.46393559346623303,0.626457515533767
AOI-0078,2023-07-31,0.1901308013,0.108869840266233,0.27139176233376705
AOI-0078,2023-08-03,0.1548522712,0.07359131016623299,0.236113232233767
AOI-0078,2023-08-29,0.372343173,0.291082211966233,0.45360413403376704
AOI-0078,2023-09-29,0.1726550675,0.091394106466233,0.25391602853376705
AOI-0078,2023-10-03,0.1920198919,0.11075893086623298,0.273280852933767
AOI-0078,2024-04-04,0.1791348019,0.09787384086623299,0.260395762933767
AOI-0078,2024-04-13,0.2577336322,0.176472671166233,0.338994593233767
AOI-0078,2024-04-14,0.2133433823,0.13208242126623299,0.294604343333767
AOI-0078,2024-04-22,0.4636493542,0.38238839316623296,0.544910315233767
AOI-0078,2024-05-04,0.4355496611,0.354288700066233,0.5168106221337669
AOI-0078,2024-05-06,0.4593420177,0.378081056666233,0.540602978733767
AOI-0078,2024-05-17,0.5572091862,0.47594822516623303,0.638470147233767
AOI-0078,2024-05-19,0.5621899249,0.48092896386623296,0.643450885933767
AOI-0078,2024-05-29,0.6065880269,0.525327065866233,0.687848987933767
AOI-0078,2024-06-09,0.6099106584,0.528649697366233,0.691171619433767
AOI-0078,2024-06-25,0.4349172459,0.353656284866233,0.516178206933767
AOI-0078,2024-07-08,0.2308093464,0.149548385366233,0.312070307433767
AOI-0078,2024-07-13,0.2317791042,0.150518143166233,0.31304006523376704
AOI-0078,2024-07-17,0.3279898347,0.24672887366623297,0.409250795733767
AOI-0078,2024-07-25,0.3278525765,0.24659161546623298,0.409113537533767
AOI-0078,2024-08-18,0.3200795156,0.23881855456623297,0.401340476633767
AOI-0078,2024-08-26,0.2483772692,0.167116308166233,0.32963823023376704
AOI-0078,2024-09-21,0.1863745539,0.10511359286623298,0.267635514933767
AOI-0078,2024-10-22,0.2454110608,0.164150099766233,0.326672021833767
AOI-0078,2024-10-30,0.248571566,0.16731060496623298,0.329832527033767
