dimension,subgroup,n,rmse,gap_score,mode,repeat,fold,model
overall,all,1200,0.10851010946380131,0.0,A,0,0,nearest_left
seen_polygon,False,1022,0.10985130298390527,0.0,A,0,0,nearest_left
seen_polygon,True,178,0.10046361818062796,0.0,A,0,0,nearest_left
crop_type,зерновые,275,0.08274012686060712,5.18,A,0,0,nearest_left
crop_type,озимая пшеница,796,0.12021082252254794,0.0,A,0,0,nearest_left
crop_type,пастбища/зерновые,110,0.0767149175599798,6.99,A,0,0,nearest_left
crop_type,подсолнечник,19,0.07131166094489477,8.61,A,0,0,nearest_left
source_label,landsat,512,0.0940159266064034,1.8,A,0,0,nearest_left
source_label,modis,178,0.14632476373639863,0.0,A,0,0,nearest_left
source_label,s2,510,0.10657429307654066,0.0,A,0,0,nearest_left
gap_length,1,911,0.10803479372581266,0.0,A,0,0,nearest_left
gap_length,2,214,0.10883167390242603,0.0,A,0,0,nearest_left
gap_length,3,66,0.11174448996839158,0.0,A,0,0,nearest_left
gap_length,4,4,0.11927052290943978,0.0,A,0,0,nearest_left
gap_length,5,5,0.12716993402125137,0.0,A,0,0,nearest_left
left_distance_bin,0-7,1018,0.10124006763669315,0.0,A,0,0,nearest_left
left_distance_bin,16-30,21,0.13831213421982944,0.0,A,0,0,nearest_left
left_distance_bin,31+,22,0.13928495950600667,0.0,A,0,0,nearest_left
left_distance_bin,8-15,138,0.14398136989394697,0.0,A,0,0,nearest_left
left_distance_bin,none,1,0.07694167243567429,6.92,A,0,0,nearest_left
right_distance_bin,0-7,1003,0.10578244783849013,0.0,A,0,0,nearest_left
right_distance_bin,16-30,34,0.14737137616943688,0.0,A,0,0,nearest_left
right_distance_bin,31+,14,0.1585688331774842,0.0,A,0,0,nearest_left
right_distance_bin,8-15,147,0.11086521080575373,0.0,A,0,0,nearest_left
right_distance_bin,none,2,0.06559574642646933,10.32,A,0,0,nearest_left
year,2010,28,0.09257822901589279,2.23,A,0,0,nearest_left
year,2011,43,0.10753232242408771,0.0,A,0,0,nearest_left
year,2012,11,0.15403387927628492,0.0,A,0,0,nearest_left
year,2013,32,0.10449232011399075,0.0,A,0,0,nearest_left
year,2014,39,0.09008711098170781,2.97,A,0,0,nearest_left
year,2015,36,0.10897772147265607,0.0,A,0,0,nearest_left
year,2016,36,0.14959143083151638,0.0,A,0,0,nearest_left
year,2017,88,0.10070373707648539,0.0,A,0,0,nearest_left
year,2018,67,0.10931979391394168,0.0,A,0,0,nearest_left
year,2019,144,0.12008473426670116,0.0,A,0,0,nearest_left
year,2020,155,0.10467047150272836,0.0,A,0,0,nearest_left
year,2021,137,0.12516532337853192,0.0,A,0,0,nearest_left
year,2022,125,0.08114497301418666,5.66,A,0,0,nearest_left
year,2023,130,0.1161084504980684,0.0,A,0,0,nearest_left
year,2024,129,0.08989074695013877,3.03,A,0,0,nearest_left
confidence_bin,low,97,0.08740942950292052,3.78,A,0,0,nearest_left
confidence_bin,medium,846,0.10941354343212381,0.0,A,0,0,nearest_left
confidence_bin,high,257,0.11263510427972874,0.0,A,0,0,nearest_left
overall,all,1200,0.10206936514140416,0.0,A,0,0,nearest_right
seen_polygon,False,1022,0.10292838734974444,0.0,A,0,0,nearest_right
seen_polygon,True,178,0.09699009198010095,0.9,A,0,0,nearest_right
crop_type,зерновые,275,0.08058748308034797,5.82,A,0,0,nearest_right
crop_type,озимая пшеница,796,0.11219035419546,0.0,A,0,0,nearest_right
crop_type,пастбища/зерновые,110,0.07180679422005457,8.46,A,0,0,nearest_right
crop_type,подсолнечник,19,0.0826102798892515,5.22,A,0,0,nearest_right
source_label,landsat,512,0.1027659450236683,0.0,A,0,0,nearest_right
source_label,modis,178,0.12008414473552617,0.0,A,0,0,nearest_right
source_label,s2,510,0.09422377031653781,1.73,A,0,0,nearest_right
gap_length,1,911,0.0963825205615762,1.09,A,0,0,nearest_right
gap_length,2,214,0.10824885292970203,0.0,A,0,0,nearest_right
gap_length,3,66,0.1427537408626283,0.0,A,0,0,nearest_right
gap_length,4,4,0.19288816379109106,0.0,A,0,0,nearest_right
gap_length,5,5,0.08665379895240584,4.0,A,0,0,nearest_right
left_distance_bin,0-7,1018,0.09492656492539134,1.52,A,0,0,nearest_right
left_distance_bin,16-30,21,0.11503514950236181,0.0,A,0,0,nearest_right
left_distance_bin,31+,22,0.11735274471203633,0.0,A,0,0,nearest_right
left_distance_bin,8-15,138,0.1409528443241729,0.0,A,0,0,nearest_right
left_distance_bin,none,1,0.07694167243567429,6.92,A,0,0,nearest_right
right_distance_bin,0-7,1003,0.09288841542136855,2.13,A,0,0,nearest_right
right_distance_bin,16-30,34,0.1577538506513653,0.0,A,0,0,nearest_right
right_distance_bin,31+,14,0.17732874770453247,0.0,A,0,0,nearest_right
right_distance_bin,8-15,147,0.13177666237535046,0.0,A,0,0,nearest_right
right_distance_bin,none,2,0.06559574642646933,10.32,A,0,0,nearest_right
year,2010,28,0.09127814422152504,2.62,A,0,0,nearest_right
year,2011,43,0.15213065657592206,0.0,A,0,0,nearest_right
year,2012,11,0.12945847742627328,0.0,A,0,0,nearest_right
year,2013,32,0.12174375717427889,0.0,A,0,0,nearest_right
year,2014,39,0.10522826096890206,0.0,A,0,0,nearest_right
year,2015,36,0.08353794405460241,4.94,A,0,0,nearest_right
year,2016,36,0.1166760892615601,0.0,A,0,0,nearest_right
year,2017,88,0.115897522868311,0.0,A,0,0,nearest_right
year,2018,67,0.09343852845586954,1.97,A,0,0,nearest_right
year,2019,144,0.09498678136082699,1.5,A,0,0,nearest_right
year,2020,155,0.09197295759442044,2.41,A,0,0,nearest_right
year,2021,137,0.10714550104850797,0.0,A,0,0,nearest_right
year,2022,125,0.08367998097199106,4.9,A,0,0,nearest_right
year,2023,130,0.1101463757933173,0.0,A,0,0,nearest_right
year,2024,129,0.08973999535648225,3.08,A,0,0,nearest_right
confidence_bin,low,97,0.11001041217960675,0.0,A,0,0,nearest_right
confidence_bin,medium,846,0.09855178238111523,0.43,A,0,0,nearest_right
confidence_bin,high,257,0.11002525762969798,0.0,A,0,0,nearest_right
overall,all,1200,0.08679363090398737,3.96,A,0,0,mean_neighbors
seen_polygon,False,1022,0.08850955510272315,3.45,A,0,0,mean_neighbors
seen_polygon,True,178,0.07619730393268298,7.14,A,0,0,mean_neighbors
crop_type,зерновые,275,0.06730760930800624,9.81,A,0,0,mean_neighbors
crop_type,озимая пшеница,796,0.09583727445531476,1.25,A,0,0,mean_neighbors
crop_type,пастбища/зерновые,110,0.06146525908800149,11.56,A,0,0,mean_neighbors
crop_type,подсолнечник,19,0.05949781888823808,12.15,A,0,0,mean_neighbors
source_label,landsat,512,0.07832694820194856,6.5,A,0,0,mean_neighbors
source_label,modis,178,0.11787639048791544,0.0,A,0,0,mean_neighbors
source_label,s2,510,0.08195290816804945,5.41,A,0,0,mean_neighbors
gap_length,1,911,0.08479511253950214,4.56,A,0,0,mean_neighbors
gap_length,2,214,0.08985176301777262,3.04,A,0,0,mean_neighbors
gap_length,3,66,0.10309999838641878,0.0,A,0,0,mean_neighbors
gap_length,4,4,0.09746160634469499,0.76,A,0,0,mean_neighbors
gap_length,5,5,0.0666858396406303,9.99,A,0,0,mean_neighbors
left_distance_bin,0-7,1018,0.08129568066094059,5.61,A,0,0,mean_neighbors
left_distance_bin,16-30,21,0.10021646472331278,0.0,A,0,0,mean_neighbors
left_distance_bin,31+,22,0.09355650799930931,1.93,A,0,0,mean_neighbors
left_distance_bin,8-15,138,0.11741230353730049,0.0,A,0,0,mean_neighbors
left_distance_bin,none,1,0.07694167243567429,6.92,A,0,0,mean_neighbors
right_distance_bin,0-7,1003,0.08334307404767433,5.0,A,0,0,mean_neighbors
right_distance_bin,16-30,34,0.09892103223552304,0.32,A,0,0,mean_neighbors
right_distance_bin,31+,14,0.14945481993222398,0.0,A,0,0,mean_neighbors
right_distance_bin,8-15,147,0.09824419226619005,0.53,A,0,0,mean_neighbors
right_distance_bin,none,2,0.06559574642646933,10.32,A,0,0,mean_neighbors
year,2010,28,0.07845644494247096,6.46,A,0,0,mean_neighbors
year,2011,43,0.09483969577752994,1.55,A,0,0,mean_neighbors
year,2012,11,0.12507609395431352,0.0,A,0,0,mean_neighbors
year,2013,32,0.10329518754302401,0.0,A,0,0,mean_neighbors
year,2014,39,0.07834077822603784,6.5,A,0,0,mean_neighbors
year,2015,36,0.06307003162509606,11.08,A,0,0,mean_neighbors
year,2016,36,0.11237747112161292,0.0,A,0,0,mean_neighbors
year,2017,88,0.0816540998113547,5.5,A,0,0,mean_neighbors
year,2018,67,0.07681745886895947,6.95,A,0,0,mean_neighbors
year,2019,144,0.09020762643036415,2.94,A,0,0,mean_neighbors
year,2020,155,0.0814663001720701,5.56,A,0,0,mean_neighbors
year,2021,137,0.10155758215077364,0.0,A,0,0,mean_neighbors
year,2022,125,0.06139600331079469,11.58,A,0,0,mean_neighbors
year,2023,130,0.10245782598038466,0.0,A,0,0,mean_neighbors
year,2024,129,0.07358343384210668,7.92,A,0,0,mean_neighbors
confidence_bin,low,97,0.08140165039247918,5.58,A,0,0,mean_neighbors
confidence_bin,medium,846,0.08811379936473022,3.57,A,0,0,mean_neighbors
confidence_bin,high,257,0.08435236982488901,4.69,A,0,0,mean_neighbors
overall,all,1200,0.08744173726092212,3.77,A,0,0,linear
seen_polygon,False,1022,0.08898487225994219,3.3,A,0,0,linear
seen_polygon,True,178,0.07799303636183061,6.6,A,0,0,linear
crop_type,зерновые,275,0.06618650455734917,10.14,A,0,0,linear
crop_type,озимая пшеница,796,0.09691566045431549,0.93,A,0,0,linear
crop_type,пастбища/зерновые,110,0.05997755821291967,12.01,A,0,0,linear
crop_type,подсолнечник,19,0.07194287988242157,8.42,A,0,0,linear
source_label,landsat,512,0.07831837689839995,6.5,A,0,0,linear
source_label,modis,178,0.11489329477342054,0.0,A,0,0,linear
source_label,s2,510,0.08500399166633246,4.5,A,0,0,linear
gap_length,1,911,0.08586812546450276,4.24,A,0,0,linear
gap_length,2,214,0.08861401257271334,3.42,A,0,0,linear
gap_length,3,66,0.10436592982725175,0.0,A,0,0,linear
gap_length,4,4,0.030772545700136877,20.77,A,0,0,linear
gap_length,5,5,0.10493976293611182,0.0,A,0,0,linear
left_distance_bin,0-7,1018,0.08169968493370171,5.49,A,0,0,linear
left_distance_bin,16-30,21,0.09912264774421102,0.26,A,0,0,linear
left_distance_bin,31+,22,0.11353015286465498,0.0,A,0,0,linear
left_distance_bin,8-15,138,0.1168571491700532,0.0,A,0,0,linear
left_distance_bin,none,1,0.07694167243567429,6.92,A,0,0,linear
right_distance_bin,0-7,1003,0.08402492522001456,4.79,A,0,0,linear
right_distance_bin,16-30,34,0.09588165609547097,1.24,A,0,0,linear
right_distance_bin,31+,14,0.1546411763409141,0.0,A,0,0,linear
right_distance_bin,8-15,147,0.09890310784189184,0.33,A,0,0,linear
right_distance_bin,none,2,0.06559574642646933,10.32,A,0,0,linear
year,2010,28,0.07875594522592032,6.37,A,0,0,linear
year,2011,43,0.09260584636412042,2.22,A,0,0,linear
year,2012,11,0.12267439026158872,0.0,A,0,0,linear
year,2013,32,0.09491042049472692,1.53,A,0,0,linear
year,2014,39,0.08299155942264344,5.1,A,0,0,linear
year,2015,36,0.07287647064415184,8.14,A,0,0,linear
year,2016,36,0.1048686104536901,0.0,A,0,0,linear
year,2017,88,0.0858876833894684,4.23,A,0,0,linear
year,2018,67,0.06670250727438,9.99,A,0,0,linear
year,2019,144,0.08890793482042593,3.33,A,0,0,linear
year,2020,155,0.07889504201196718,6.33,A,0,0,linear
year,2021,137,0.10513511725292063,0.0,A,0,0,linear
year,2022,125,0.061690121107103375,11.49,A,0,0,linear
year,2023,130,0.1057854455594542,0.0,A,0,0,linear
year,2024,129,0.08012725676284393,5.96,A,0,0,linear
confidence_bin,low,97,0.08985906719868858,3.04,A,0,0,linear
confidence_bin,medium,846,0.08852970135871865,3.44,A,0,0,linear
confidence_bin,high,257,0.08278930811172139,5.16,A,0,0,linear
overall,all,1200,0.18343784622344847,0.0,A,0,0,seasonal_crop
seen_polygon,False,1022,0.18840196237370796,0.0,A,0,0,seasonal_crop
seen_polygon,True,178,0.15182663270380142,0.0,A,0,0,seasonal_crop
crop_type,зерновые,275,0.15927248510256709,0.0,A,0,0,seasonal_crop
crop_type,озимая пшеница,796,0.19360913247159364,0.0,A,0,0,seasonal_crop
crop_type,пастбища/зерновые,110,0.16318785994035132,0.0,A,0,0,seasonal_crop
crop_type,подсолнечник,19,0.18298955623554217,0.0,A,0,0,seasonal_crop
source_label,landsat,512,0.17473655558349657,0.0,A,0,0,seasonal_crop
source_label,modis,178,0.158984379297279,0.0,A,0,0,seasonal_crop
source_label,s2,510,0.19925041869448135,0.0,A,0,0,seasonal_crop
gap_length,1,911,0.1805194391654867,0.0,A,0,0,seasonal_crop
gap_length,2,214,0.19238509067440182,0.0,A,0,0,seasonal_crop
gap_length,3,66,0.1729401658987006,0.0,A,0,0,seasonal_crop
gap_length,4,4,0.2267357980662683,0.0,A,0,0,seasonal_crop
gap_length,5,5,0.34414349939296524,0.0,A,0,0,seasonal_crop
left_distance_bin,0-7,1018,0.1848358968011342,0.0,A,0,0,seasonal_crop
left_distance_bin,16-30,21,0.17910695233953122,0.0,A,0,0,seasonal_crop
left_distance_bin,31+,22,0.15578678569352503,0.0,A,0,0,seasonal_crop
left_distance_bin,8-15,138,0.17839399193774838,0.0,A,0,0,seasonal_crop
left_distance_bin,none,1,0.02648671674982589,22.05,A,0,0,seasonal_crop
right_distance_bin,0-7,1003,0.18198575180713625,0.0,A,0,0,seasonal_crop
right_distance_bin,16-30,34,0.15990396125262107,0.0,A,0,0,seasonal_crop
right_distance_bin,31+,14,0.1579753797059935,0.0,A,0,0,seasonal_crop
right_distance_bin,8-15,147,0.20057007956404369,0.0,A,0,0,seasonal_crop
right_distance_bin,none,2,0.12010590700487422,0.0,A,0,0,seasonal_crop
year,2010,28,0.14233567093713217,0.0,A,0,0,seasonal_crop
year,2011,43,0.1786765502555838,0.0,A,0,0,seasonal_crop
year,2012,11,0.15889750983150192,0.0,A,0,0,seasonal_crop
year,2013,32,0.15343313543483117,0.0,A,0,0,seasonal_crop
year,2014,39,0.1619931264817433,0.0,A,0,0,seasonal_crop
year,2015,36,0.1436665078201796,0.0,A,0,0,seasonal_crop
year,2016,36,0.1788280894975918,0.0,A,0,0,seasonal_crop
year,2017,88,0.16910550543909172,0.0,A,0,0,seasonal_crop
year,2018,67,0.17410232297232608,0.0,A,0,0,seasonal_crop
year,2019,144,0.16104118416796812,0.0,A,0,0,seasonal_crop
year,2020,155,0.18705232020940424,0.0,A,0,0,seasonal_crop
year,2021,137,0.1984463619770878,0.0,A,0,0,seasonal_crop
year,2022,125,0.21088712925541037,0.0,A,0,0,seasonal_crop
year,2023,130,0.2081051167146896,0.0,A,0,0,seasonal_crop
year,2024,129,0.18045937294455305,0.0,A,0,0,seasonal_crop
confidence_bin,low,97,0.1741575659774742,0.0,A,0,0,seasonal_crop
confidence_bin,medium,846,0.18643069085880906,0.0,A,0,0,seasonal_crop
confidence_bin,high,257,0.17679950170225164,0.0,A,0,0,seasonal_crop
overall,all,1200,0.09076804465060621,2.77,A,0,0,pchip
seen_polygon,False,1022,0.09225381218239873,2.32,A,0,0,pchip
seen_polygon,True,178,0.08171623978985464,5.49,A,0,0,pchip
crop_type,зерновые,275,0.06810000262315397,9.57,A,0,0,pchip
crop_type,озимая пшеница,796,0.10070113919629145,0.0,A,0,0,pchip
crop_type,пастбища/зерновые,110,0.06196811424373124,11.41,A,0,0,pchip
crop_type,подсолнечник,19,0.07842019297499511,6.47,A,0,0,pchip
source_label,landsat,512,0.08096400408052812,5.71,A,0,0,pchip
source_label,modis,178,0.11759941007163813,0.0,A,0,0,pchip
source_label,s2,510,0.08931861799440255,3.2,A,0,0,pchip
gap_length,1,911,0.0888886682064003,3.33,A,0,0,pchip
gap_length,2,214,0.09176297209640798,2.47,A,0,0,pchip
gap_length,3,66,0.11115294641076921,0.0,A,0,0,pchip
gap_length,4,4,0.024031476564331224,22.79,A,0,0,pchip
gap_length,5,5,0.11739096262940155,0.0,A,0,0,pchip
left_distance_bin,0-7,1018,0.08493632944583404,4.52,A,0,0,pchip
left_distance_bin,16-30,21,0.10093807420147222,0.0,A,0,0,pchip
left_distance_bin,31+,22,0.1152507677143331,0.0,A,0,0,pchip
left_distance_bin,8-15,138,0.12129947173869185,0.0,A,0,0,pchip
left_distance_bin,none,1,0.07694167243567429,6.92,A,0,0,pchip
right_distance_bin,0-7,1003,0.08748443071578506,3.75,A,0,0,pchip
right_distance_bin,16-30,34,0.10044046318886142,0.0,A,0,0,pchip
right_distance_bin,31+,14,0.15375175223415144,0.0,A,0,0,pchip
right_distance_bin,8-15,147,0.10193894240480462,0.0,A,0,0,pchip
right_distance_bin,none,2,0.06559574642646933,10.32,A,0,0,pchip
year,2010,28,0.07706380918526368,6.88,A,0,0,pchip
year,2011,43,0.09839106904080057,0.48,A,0,0,pchip
year,2012,11,0.12413842277570268,0.0,A,0,0,pchip
year,2013,32,0.097245608990271,0.83,A,0,0,pchip
year,2014,39,0.09053306555582805,2.84,A,0,0,pchip
year,2015,36,0.08104543215799136,5.69,A,0,0,pchip
year,2016,36,0.10546327676234812,0.0,A,0,0,pchip
year,2017,88,0.08830766904563087,3.51,A,0,0,pchip
year,2018,67,0.07479986376241106,7.56,A,0,0,pchip
year,2019,144,0.09057047869988438,2.83,A,0,0,pchip
year,2020,155,0.0808910863343338,5.73,A,0,0,pchip
year,2021,137,0.10992923136531439,0.0,A,0,0,pchip
year,2022,125,0.06454351700712338,10.64,A,0,0,pchip
year,2023,130,0.10855097674547572,0.0,A,0,0,pchip
year,2024,129,0.0840215731932881,4.79,A,0,0,pchip
confidence_bin,low,97,0.09601413392242793,1.2,A,0,0,pchip
confidence_bin,medium,846,0.091202411302352,2.64,A,0,0,pchip
confidence_bin,high,257,0.0872284877460099,3.83,A,0,0,pchip
overall,all,1200,0.09502685625495454,1.49,A,0,0,akima
seen_polygon,False,1022,0.09702526562767042,0.89,A,0,0,akima
seen_polygon,True,178,0.08262260463396578,5.21,A,0,0,akima
crop_type,зерновые,275,0.07026651039380423,8.92,A,0,0,akima
crop_type,озимая пшеница,796,0.10581824463774007,0.0,A,0,0,akima
crop_type,пастбища/зерновые,110,0.06461245249516447,10.62,A,0,0,akima
crop_type,подсолнечник,19,0.07466014294275401,7.6,A,0,0,akima
source_label,landsat,512,0.08626793250325512,4.12,A,0,0,akima
source_label,modis,178,0.11990481840764576,0.0,A,0,0,akima
source_label,s2,510,0.09358444517699736,1.92,A,0,0,akima
gap_length,1,911,0.09386837748258428,1.84,A,0,0,akima
gap_length,2,214,0.0935885896380648,1.92,A,0,0,akima
gap_length,3,66,0.11295121500770884,0.0,A,0,0,akima
gap_length,4,4,0.027342297390321766,21.8,A,0,0,akima
gap_length,5,5,0.13390279285397377,0.0,A,0,0,akima
left_distance_bin,0-7,1018,0.08704206036252603,3.89,A,0,0,akima
left_distance_bin,16-30,21,0.11241887271344125,0.0,A,0,0,akima
left_distance_bin,31+,22,0.14197791238926083,0.0,A,0,0,akima
left_distance_bin,8-15,138,0.1321133122702341,0.0,A,0,0,akima
left_distance_bin,none,1,0.07694167243567429,6.92,A,0,0,akima
right_distance_bin,0-7,1003,0.09028947966799192,2.91,A,0,0,akima
right_distance_bin,16-30,34,0.09959473991171647,0.12,A,0,0,akima
right_distance_bin,31+,14,0.2050844523973329,0.0,A,0,0,akima
right_distance_bin,8-15,147,0.10832010719624825,0.0,A,0,0,akima
right_distance_bin,none,2,0.06559574642646933,10.32,A,0,0,akima
year,2010,28,0.0737464382046308,7.88,A,0,0,akima
year,2011,43,0.10308627366856674,0.0,A,0,0,akima
year,2012,11,0.13023333915944124,0.0,A,0,0,akima
year,2013,32,0.1046237988676183,0.0,A,0,0,akima
year,2014,39,0.0903526315820324,2.89,A,0,0,akima
year,2015,36,0.07829819828125888,6.51,A,0,0,akima
year,2016,36,0.10889992541736346,0.0,A,0,0,akima
year,2017,88,0.08966761474592659,3.1,A,0,0,akima
year,2018,67,0.07773832584822013,6.68,A,0,0,akima
year,2019,144,0.09357441114379586,1.93,A,0,0,akima
year,2020,155,0.08485905468337998,4.54,A,0,0,akima
year,2021,137,0.1129190667830876,0.0,A,0,0,akima
year,2022,125,0.06803821880871022,9.59,A,0,0,akima
year,2023,130,0.12415538120557432,0.0,A,0,0,akima
year,2024,129,0.0837655614472722,4.87,A,0,0,akima
confidence_bin,low,97,0.09570734700218317,1.29,A,0,0,akima
confidence_bin,medium,846,0.09661813879399116,1.01,A,0,0,akima
confidence_bin,high,257,0.08931536789159623,3.21,A,0,0,akima
overall,all,1200,0.11170962311108495,0.0,A,1,0,nearest_left
seen_polygon,False,1024,0.1139357721635998,0.0,A,1,0,nearest_left
seen_polygon,True,176,0.09775709262645117,0.67,A,1,0,nearest_left
crop_type,зерновые,221,0.08318955772365581,5.04,A,1,0,nearest_left
crop_type,озимая пшеница,814,0.1226373266114206,0.0,A,1,0,nearest_left
crop_type,пастбища/зерновые,127,0.08458740904689221,4.62,A,1,0,nearest_left
crop_type,подсолнечник,38,0.08799493726203994,3.6,A,1,0,nearest_left
source_label,landsat,499,0.09487244083944192,1.54,A,1,0,nearest_left
source_label,modis,180,0.1511507385067753,0.0,A,1,0,nearest_left
source_label,s2,521,0.1105828252323942,0.0,A,1,0,nearest_left
gap_length,1,851,0.10599361678708961,0.0,A,1,0,nearest_left
gap_length,2,272,0.1174652111187508,0.0,A,1,0,nearest_left
gap_length,3,54,0.16307430072577284,0.0,A,1,0,nearest_left
gap_length,4,8,0.0580160421337645,12.6,A,1,0,nearest_left
gap_length,5,15,0.11492770107835178,0.0,A,1,0,nearest_left
left_distance_bin,0-7,994,0.10553215943848078,0.0,A,1,0,nearest_left
left_distance_bin,16-30,34,0.13041740532084337,0.0,A,1,0,nearest_left
left_distance_bin,31+,20,0.20103859829939907,0.0,A,1,0,nearest_left
left_distance_bin,8-15,152,0.12870834206405637,0.0,A,1,0,nearest_left
right_distance_bin,0-7,1003,0.11069996076414734,0.0,A,1,0,nearest_left
right_distance_bin,16-30,26,0.1424632888140909,0.0,A,1,0,nearest_left
right_distance_bin,31+,22,0.08604205814347012,4.19,A,1,0,nearest_left
right_distance_bin,8-15,148,0.11596418055346776,0.0,A,1,0,nearest_left
right_distance_bin,none,1,0.052755399395973734,14.17,A,1,0,nearest_left
year,2010,30,0.08907385997022861,3.28,A,1,0,nearest_left
year,2011,31,0.11619078965146032,0.0,A,1,0,nearest_left
year,2012,20,0.13052739359686402,0.0,A,1,0,nearest_left
year,2013,43,0.1250252523442958,0.0,A,1,0,nearest_left
year,2014,43,0.08230954132111154,5.31,A,1,0,nearest_left
year,2015,23,0.07944312530306376,6.17,A,1,0,nearest_left
year,2016,23,0.10721045923838102,0.0,A,1,0,nearest_left
year,2017,90,0.12899370083187678,0.0,A,1,0,nearest_left
year,2018,88,0.09934912849359012,0.2,A,1,0,nearest_left
year,2019,139,0.1338827258489448,0.0,A,1,0,nearest_left
year,2020,146,0.09587240549479979,1.24,A,1,0,nearest_left
year,2021,132,0.14968909643430808,0.0,A,1,0,nearest_left
year,2022,131,0.09602377466198697,1.19,A,1,0,nearest_left
year,2023,124,0.09736641457985667,0.79,A,1,0,nearest_left
year,2024,137,0.08812035907616424,3.56,A,1,0,nearest_left
confidence_bin,low,98,0.09675277228235285,0.97,A,1,0,nearest_left
confidence_bin,medium,848,0.11287820378430949,0.0,A,1,0,nearest_left
confidence_bin,high,254,0.11316279124438931,0.0,A,1,0,nearest_left
overall,all,1200,0.11664999579919665,0.0,A,1,0,nearest_right
seen_polygon,False,1024,0.11840003881496802,0.0,A,1,0,nearest_right
seen_polygon,True,176,0.10589582606065123,0.0,A,1,0,nearest_right
crop_type,зерновые,221,0.09536903084203556,1.39,A,1,0,nearest_right
crop_type,озимая пшеница,814,0.12624710075371204,0.0,A,1,0,nearest_right
crop_type,пастбища/зерновые,127,0.07384118619040488,7.85,A,1,0,nearest_right
crop_type,подсолнечник,38,0.13102269773345657,0.0,A,1,0,nearest_right
source_label,landsat,499,0.11354827833683577,0.0,A,1,0,nearest_right
source_label,modis,180,0.1228012067192696,0.0,A,1,0,nearest_right
source_label,s2,521,0.11739763566498865,0.0,A,1,0,nearest_right
gap_length,1,851,0.1085009272225374,0.0,A,1,0,nearest_right
gap_length,2,272,0.11893390214644865,0.0,A,1,0,nearest_right
gap_length,3,54,0.17727928004758808,0.0,A,1,0,nearest_right
gap_length,4,8,0.29338214718533606,0.0,A,1,0,nearest_right
gap_length,5,15,0.071694706714779,8.49,A,1,0,nearest_right
left_distance_bin,0-7,994,0.1149131146346705,0.0,A,1,0,nearest_right
left_distance_bin,16-30,34,0.09427995912097145,1.72,A,1,0,nearest_right
left_distance_bin,31+,20,0.1636155908213638,0.0,A,1,0,nearest_right
left_distance_bin,8-15,152,0.12474328000234455,0.0,A,1,0,nearest_right
right_distance_bin,0-7,1003,0.10973381842703206,0.0,A,1,0,nearest_right
right_distance_bin,16-30,26,0.1724740265623358,0.0,A,1,0,nearest_right
right_distance_bin,31+,22,0.22813776576220612,0.0,A,1,0,nearest_right
right_distance_bin,8-15,148,0.125466352574712,0.0,A,1,0,nearest_right
right_distance_bin,none,1,0.052755399395973734,14.17,A,1,0,nearest_right
year,2010,30,0.09502059610264343,1.49,A,1,0,nearest_right
year,2011,31,0.10868560870723513,0.0,A,1,0,nearest_right
year,2012,20,0.16225635146304387,0.0,A,1,0,nearest_right
year,2013,43,0.1110037606239514,0.0,A,1,0,nearest_right
year,2014,43,0.09940301939360889,0.18,A,1,0,nearest_right
year,2015,23,0.18855433105834593,0.0,A,1,0,nearest_right
year,2016,23,0.10387203937282508,0.0,A,1,0,nearest_right
year,2017,90,0.11441487401693655,0.0,A,1,0,nearest_right
year,2018,88,0.10069148543230398,0.0,A,1,0,nearest_right
year,2019,139,0.13749802706196593,0.0,A,1,0,nearest_right
year,2020,146,0.10113740359114803,0.0,A,1,0,nearest_right
year,2021,132,0.1482485542722153,0.0,A,1,0,nearest_right
year,2022,131,0.1183714411236469,0.0,A,1,0,nearest_right
year,2023,124,0.09362563462912564,1.91,A,1,0,nearest_right
year,2024,137,0.0907895012536155,2.76,A,1,0,nearest_right
confidence_bin,low,98,0.10148376336894456,0.0,A,1,0,nearest_right
confidence_bin,medium,848,0.12089125015793276,0.0,A,1,0,nearest_right
confidence_bin,high,254,0.10733176706739402,0.0,A,1,0,nearest_right
overall,all,1200,0.09444063709953533,1.67,A,1,0,mean_neighbors
seen_polygon,False,1024,0.09590642305271344,1.23,A,1,0,mean_neighbors
seen_polygon,True,176,0.08541495413324779,4.38,A,1,0,mean_neighbors
crop_type,зерновые,221,0.07732916747729039,6.8,A,1,0,mean_neighbors
crop_type,озимая пшеница,814,0.10199934766357611,0.0,A,1,0,mean_neighbors
crop_type,пастбища/зерновые,127,0.0701068862785112,8.97,A,1,0,mean_neighbors
crop_type,подсолнечник,38,0.08711083781155897,3.87,A,1,0,mean_neighbors
source_label,landsat,499,0.08349267998012366,4.95,A,1,0,mean_neighbors
source_label,modis,180,0.11832724645374174,0.0,A,1,0,mean_neighbors
source_label,s2,521,0.09502052753066778,1.49,A,1,0,mean_neighbors
gap_length,1,851,0.08843393819342209,3.47,A,1,0,mean_neighbors
gap_length,2,272,0.10033279375839865,0.0,A,1,0,mean_neighbors
gap_length,3,54,0.14376153992567064,0.0,A,1,0,mean_neighbors
gap_length,4,8,0.12981032314210714,0.0,A,1,0,mean_neighbors
gap_length,5,15,0.06248442277880401,11.25,A,1,0,mean_neighbors
left_distance_bin,0-7,994,0.09295065910789066,2.11,A,1,0,mean_neighbors
left_distance_bin,16-30,34,0.073113211759906,8.07,A,1,0,mean_neighbors
left_distance_bin,31+,20,0.1282101064626189,0.0,A,1,0,mean_neighbors
left_distance_bin,8-15,152,0.10273719658882922,0.0,A,1,0,mean_neighbors
right_distance_bin,0-7,1003,0.09314296862395562,2.06,A,1,0,mean_neighbors
right_distance_bin,16-30,26,0.10821669119948542,0.0,A,1,0,mean_neighbors
right_distance_bin,31+,22,0.1255434588333699,0.0,A,1,0,mean_neighbors
right_distance_bin,8-15,148,0.09540774761097753,1.38,A,1,0,mean_neighbors
right_distance_bin,none,1,0.052755399395973734,14.17,A,1,0,mean_neighbors
year,2010,30,0.05849592497101419,12.45,A,1,0,mean_neighbors
year,2011,31,0.08215213172871857,5.35,A,1,0,mean_neighbors
year,2012,20,0.11974032305622564,0.0,A,1,0,mean_neighbors
year,2013,43,0.09787886520779428,0.64,A,1,0,mean_neighbors
year,2014,43,0.07134649408262,8.6,A,1,0,mean_neighbors
year,2015,23,0.10288014488957303,0.0,A,1,0,mean_neighbors
year,2016,23,0.08794361262680024,3.62,A,1,0,mean_neighbors
year,2017,90,0.10072017292745895,0.0,A,1,0,mean_neighbors
year,2018,88,0.07944600651866424,6.17,A,1,0,mean_neighbors
year,2019,139,0.11130032527544576,0.0,A,1,0,mean_neighbors
year,2020,146,0.08388613375444995,4.83,A,1,0,mean_neighbors
year,2021,132,0.1361136114893846,0.0,A,1,0,mean_neighbors
year,2022,131,0.08455056948801035,4.63,A,1,0,mean_neighbors
year,2023,124,0.07567856786053184,7.3,A,1,0,mean_neighbors
year,2024,137,0.07359938887409678,7.92,A,1,0,mean_neighbors
confidence_bin,low,98,0.08492451429938794,4.52,A,1,0,mean_neighbors
confidence_bin,medium,848,0.09849339705229329,0.45,A,1,0,mean_neighbors
confidence_bin,high,254,0.08346914138965467,4.96,A,1,0,mean_neighbors
overall,all,1200,0.09385897593494913,1.84,A,1,0,linear
seen_polygon,False,1024,0.09517019507754879,1.45,A,1,0,linear
seen_polygon,True,176,0.08583367969852874,4.25,A,1,0,linear
crop_type,зерновые,221,0.07918118292766509,6.25,A,1,0,linear
crop_type,озимая пшеница,814,0.10061507606591627,0.0,A,1,0,linear
crop_type,пастбища/зерновые,127,0.07677812587276917,6.97,A,1,0,linear
crop_type,подсолнечник,38,0.0719506159845499,8.41,A,1,0,linear
source_label,landsat,499,0.08225793903833895,5.32,A,1,0,linear
source_label,modis,180,0.11828153438655299,0.0,A,1,0,linear
source_label,s2,521,0.0947437911867394,1.58,A,1,0,linear
gap_length,1,851,0.08840465505634096,3.48,A,1,0,linear
gap_length,2,272,0.09980579893771785,0.06,A,1,0,linear
gap_length,3,54,0.13774056719144695,0.0,A,1,0,linear
gap_length,4,8,0.12697602235048436,0.0,A,1,0,linear
gap_length,5,15,0.0619547267959661,11.41,A,1,0,linear
left_distance_bin,0-7,994,0.09151361348123915,2.55,A,1,0,linear
left_distance_bin,16-30,34,0.07416120645175558,7.75,A,1,0,linear
left_distance_bin,31+,20,0.15742772397708477,0.0,A,1,0,linear
left_distance_bin,8-15,152,0.10144514957590242,0.0,A,1,0,linear
right_distance_bin,0-7,1003,0.0935798157001302,1.93,A,1,0,linear
right_distance_bin,16-30,26,0.08787106414220325,3.64,A,1,0,linear
right_distance_bin,31+,22,0.08323669326708737,5.03,A,1,0,linear
right_distance_bin,8-15,148,0.09836481304205717,0.49,A,1,0,linear
right_distance_bin,none,1,0.052755399395973734,14.17,A,1,0,linear
year,2010,30,0.06290365975470395,11.13,A,1,0,linear
year,2011,31,0.08069179053870743,5.79,A,1,0,linear
year,2012,20,0.11101498251653898,0.0,A,1,0,linear
year,2013,43,0.09802431875365825,0.59,A,1,0,linear
year,2014,43,0.0746667601049451,7.6,A,1,0,linear
year,2015,23,0.08874385649300005,3.38,A,1,0,linear
year,2016,23,0.08653561404667931,4.04,A,1,0,linear
year,2017,90,0.10348644424508478,0.0,A,1,0,linear
year,2018,88,0.0743797698958573,7.69,A,1,0,linear
year,2019,139,0.1136255363714922,0.0,A,1,0,linear
year,2020,146,0.08249371867977283,5.25,A,1,0,linear
year,2021,132,0.13606244457635885,0.0,A,1,0,linear
year,2022,131,0.08532305332585718,4.4,A,1,0,linear
year,2023,124,0.0750847331091214,7.47,A,1,0,linear
year,2024,137,0.06955357580616295,9.13,A,1,0,linear
confidence_bin,low,98,0.08576763065024298,4.27,A,1,0,linear
confidence_bin,medium,848,0.0972780634306519,0.82,A,1,0,linear
confidence_bin,high,254,0.08478481387528822,4.56,A,1,0,linear
overall,all,1200,0.18167712895463956,0.0,A,1,0,seasonal_crop
seen_polygon,False,1024,0.18361758409005133,0.0,A,1,0,seasonal_crop
seen_polygon,True,176,0.16994831805788957,0.0,A,1,0,seasonal_crop
crop_type,зерновые,221,0.1428600914301808,0.0,A,1,0,seasonal_crop
crop_type,озимая пшеница,814,0.1887618690513974,0.0,A,1,0,seasonal_crop
crop_type,пастбища/зерновые,127,0.19049042459516355,0.0,A,1,0,seasonal_crop
crop_type,подсолнечник,38,0.19771305295272576,0.0,A,1,0,seasonal_crop
source_label,landsat,499,0.18076207626080962,0.0,A,1,0,seasonal_crop
source_label,modis,180,0.15139524927374437,0.0,A,1,0,seasonal_crop
source_label,s2,521,0.1918563320698873,0.0,A,1,0,seasonal_crop
gap_length,1,851,0.17737595153263946,0.0,A,1,0,seasonal_crop
gap_length,2,272,0.18686156938742338,0.0,A,1,0,seasonal_crop
gap_length,3,54,0.20712158574428444,0.0,A,1,0,seasonal_crop
gap_length,4,8,0.1331210615135999,0.0,A,1,0,seasonal_crop
gap_length,5,15,0.24189711186678614,0.0,A,1,0,seasonal_crop
left_distance_bin,0-7,994,0.1794424670547565,0.0,A,1,0,seasonal_crop
left_distance_bin,16-30,34,0.19477722702476238,0.0,A,1,0,seasonal_crop
left_distance_bin,31+,20,0.1980307942843132,0.0,A,1,0,seasonal_crop
left_distance_bin,8-15,152,0.19069250540789812,0.0,A,1,0,seasonal_crop
right_distance_bin,0-7,1003,0.18044168605699823,0.0,A,1,0,seasonal_crop
right_distance_bin,16-30,26,0.2023476289807116,0.0,A,1,0,seasonal_crop
right_distance_bin,31+,22,0.10296132194891472,0.0,A,1,0,seasonal_crop
right_distance_bin,8-15,148,0.1951057811815579,0.0,A,1,0,seasonal_crop
right_distance_bin,none,1,0.13937941844839286,0.0,A,1,0,seasonal_crop
year,2010,30,0.1277519596755191,0.0,A,1,0,seasonal_crop
year,2011,31,0.11242899219202507,0.0,A,1,0,seasonal_crop
year,2012,20,0.16652612296872288,0.0,A,1,0,seasonal_crop
year,2013,43,0.19032087034289336,0.0,A,1,0,seasonal_crop
year,2014,43,0.17437664984796497,0.0,A,1,0,seasonal_crop
year,2015,23,0.1883432398120331,0.0,A,1,0,seasonal_crop
year,2016,23,0.19762201486105258,0.0,A,1,0,seasonal_crop
year,2017,90,0.1999142158366677,0.0,A,1,0,seasonal_crop
year,2018,88,0.1808972485656887,0.0,A,1,0,seasonal_crop
year,2019,139,0.1853708322030095,0.0,A,1,0,seasonal_crop
year,2020,146,0.14694426787506304,0.0,A,1,0,seasonal_crop
year,2021,132,0.19073080403449064,0.0,A,1,0,seasonal_crop
year,2022,131,0.19719986779513016,0.0,A,1,0,seasonal_crop
year,2023,124,0.1903079295429461,0.0,A,1,0,seasonal_crop
year,2024,137,0.18717982989444246,0.0,A,1,0,seasonal_crop
confidence_bin,low,98,0.16989425803552782,0.0,A,1,0,seasonal_crop
confidence_bin,medium,848,0.18599034375917192,0.0,A,1,0,seasonal_crop
confidence_bin,high,254,0.17120296110977856,0.0,A,1,0,seasonal_crop
overall,all,1200,0.09829062575200886,0.51,A,1,0,pchip
seen_polygon,False,1024,0.0994630214811172,0.16,A,1,0,pchip
seen_polygon,True,176,0.09117087065021798,2.65,A,1,0,pchip
crop_type,зерновые,221,0.08208792327247247,5.37,A,1,0,pchip
crop_type,озимая пшеница,814,0.1054886156026983,0.0,A,1,0,pchip
crop_type,пастбища/зерновые,127,0.07923973344524142,6.23,A,1,0,pchip
crop_type,подсолнечник,38,0.08087857261960134,5.74,A,1,0,pchip
source_label,landsat,499,0.0861683572410107,4.15,A,1,0,pchip
source_label,modis,180,0.12144324485049575,0.0,A,1,0,pchip
source_label,s2,521,0.1002249438753627,0.0,A,1,0,pchip
gap_length,1,851,0.09250881659886541,2.25,A,1,0,pchip
gap_length,2,272,0.10270317777423306,0.0,A,1,0,pchip
gap_length,3,54,0.14637524090036405,0.0,A,1,0,pchip
gap_length,4,8,0.1661786136250297,0.0,A,1,0,pchip
gap_length,5,15,0.06508875952936462,10.47,A,1,0,pchip
left_distance_bin,0-7,994,0.09600087750559509,1.2,A,1,0,pchip
left_distance_bin,16-30,34,0.082464534502337,5.26,A,1,0,pchip
left_distance_bin,31+,20,0.15583131824979987,0.0,A,1,0,pchip
left_distance_bin,8-15,152,0.10623656217313791,0.0,A,1,0,pchip
right_distance_bin,0-7,1003,0.09797524356815171,0.61,A,1,0,pchip
right_distance_bin,16-30,26,0.09330252704036097,2.01,A,1,0,pchip
right_distance_bin,31+,22,0.08185581823461288,5.44,A,1,0,pchip
right_distance_bin,8-15,148,0.10360984357633411,0.0,A,1,0,pchip
right_distance_bin,none,1,0.052755399395973734,14.17,A,1,0,pchip
year,2010,30,0.06772779194942263,9.68,A,1,0,pchip
year,2011,31,0.08571003376043866,4.29,A,1,0,pchip
year,2012,20,0.11523263866180508,0.0,A,1,0,pchip
year,2013,43,0.10107153870713016,0.0,A,1,0,pchip
year,2014,43,0.07673250291707355,6.98,A,1,0,pchip
year,2015,23,0.09316604726445654,2.05,A,1,0,pchip
year,2016,23,0.08966195342235021,3.1,A,1,0,pchip
year,2017,90,0.10700065021482012,0.0,A,1,0,pchip
year,2018,88,0.07752381851964796,6.74,A,1,0,pchip
year,2019,139,0.11759532764745353,0.0,A,1,0,pchip
year,2020,146,0.08891371534054288,3.33,A,1,0,pchip
year,2021,132,0.14124818503103057,0.0,A,1,0,pchip
year,2022,131,0.0930017441969231,2.1,A,1,0,pchip
year,2023,124,0.07700457915377866,6.9,A,1,0,pchip
year,2024,137,0.07387932506999834,7.84,A,1,0,pchip
confidence_bin,low,98,0.09058119729639211,2.83,A,1,0,pchip
confidence_bin,medium,848,0.10182154089131046,0.0,A,1,0,pchip
confidence_bin,high,254,0.08867848899894486,3.4,A,1,0,pchip
overall,all,1200,0.10423330959074367,0.0,A,1,0,akima
seen_polygon,False,1024,0.10570280643311238,0.0,A,1,0,akima
seen_polygon,True,176,0.09523482064516345,1.43,A,1,0,akima
crop_type,зерновые,221,0.08548302467320831,4.36,A,1,0,akima
crop_type,озимая пшеница,814,0.11250305849746775,0.0,A,1,0,akima
crop_type,пастбища/зерновые,127,0.08175516489266087,5.47,A,1,0,akima
crop_type,подсолнечник,38,0.08444427250709553,4.67,A,1,0,akima
source_label,landsat,499,0.09587675790790064,1.24,A,1,0,akima
source_label,modis,180,0.12295882867615308,0.0,A,1,0,akima
source_label,s2,521,0.1048636639259205,0.0,A,1,0,akima
gap_length,1,851,0.09766905688538834,0.7,A,1,0,akima
gap_length,2,272,0.11147575793457075,0.0,A,1,0,akima
gap_length,3,54,0.15693422245698382,0.0,A,1,0,akima
gap_length,4,8,0.13257407823528455,0.0,A,1,0,akima
gap_length,5,15,0.06780483992414987,9.66,A,1,0,akima
left_distance_bin,0-7,994,0.10216521807307773,0.0,A,1,0,akima
left_distance_bin,16-30,34,0.07726752282193043,6.82,A,1,0,akima
left_distance_bin,31+,20,0.16783834667609665,0.0,A,1,0,akima
left_distance_bin,8-15,152,0.11168596144492023,0.0,A,1,0,akima
right_distance_bin,0-7,1003,0.1034377220240211,0.0,A,1,0,akima
right_distance_bin,16-30,26,0.0970548547205712,0.88,A,1,0,akima
right_distance_bin,31+,22,0.11643263500646692,0.0,A,1,0,akima
right_distance_bin,8-15,148,0.10905307364174778,0.0,A,1,0,akima
right_distance_bin,none,1,0.052755399395973734,14.17,A,1,0,akima
year,2010,30,0.07087784513437102,8.74,A,1,0,akima
year,2011,31,0.08541744731982079,4.37,A,1,0,akima
year,2012,20,0.11582166383500762,0.0,A,1,0,akima
year,2013,43,0.10265280182299509,0.0,A,1,0,akima
year,2014,43,0.08425258941831898,4.72,A,1,0,akima
year,2015,23,0.1004360102113807,0.0,A,1,0,akima
year,2016,23,0.0903621938353433,2.89,A,1,0,akima
year,2017,90,0.10743970195587615,0.0,A,1,0,akima
year,2018,88,0.08735145310491402,3.79,A,1,0,akima
year,2019,139,0.12176343502286564,0.0,A,1,0,akima
year,2020,146,0.10493584008277666,0.0,A,1,0,akima
year,2021,132,0.15101992225552258,0.0,A,1,0,akima
year,2022,131,0.0932539315213575,2.02,A,1,0,akima
year,2023,124,0.08170636247581949,5.49,A,1,0,akima
year,2024,137,0.07912341908010224,6.26,A,1,0,akima
confidence_bin,low,98,0.0952553239375644,1.42,A,1,0,akima
confidence_bin,medium,848,0.10841070943842185,0.0,A,1,0,akima
confidence_bin,high,254,0.09268193439305293,2.2,A,1,0,akima
overall,all,1200,0.11815191649930717,0.0,A,2,0,nearest_left
seen_polygon,False,1018,0.12103559871815074,0.0,A,2,0,nearest_left
seen_polygon,True,182,0.10050808285966469,0.0,A,2,0,nearest_left
crop_type,зерновые,267,0.0949149209249561,1.53,A,2,0,nearest_left
crop_type,озимая пшеница,813,0.1295822631915414,0.0,A,2,0,nearest_left
crop_type,пастбища/зерновые,88,0.06858185213765637,9.43,A,2,0,nearest_left
crop_type,подсолнечник,32,0.09371557894721398,1.89,A,2,0,nearest_left
source_label,landsat,486,0.09962389174216742,0.11,A,2,0,nearest_left
source_label,modis,182,0.16484129279343057,0.0,A,2,0,nearest_left
source_label,s2,532,0.11456781155044826,0.0,A,2,0,nearest_left
gap_length,1,885,0.11582647704133997,0.0,A,2,0,nearest_left
gap_length,2,230,0.12683515408565058,0.0,A,2,0,nearest_left
gap_length,3,60,0.13338263310835657,0.0,A,2,0,nearest_left
gap_length,4,20,0.061896389522885925,11.43,A,2,0,nearest_left
gap_length,5,5,0.08338670388308603,4.98,A,2,0,nearest_left
left_distance_bin,0-7,974,0.10699249581363732,0.0,A,2,0,nearest_left
left_distance_bin,16-30,32,0.2002104862354992,0.0,A,2,0,nearest_left
left_distance_bin,31+,32,0.18576272028506438,0.0,A,2,0,nearest_left
left_distance_bin,8-15,162,0.14087784019960609,0.0,A,2,0,nearest_left
right_distance_bin,0-7,1004,0.11622754773944098,0.0,A,2,0,nearest_left
right_distance_bin,16-30,29,0.18685382077775387,0.0,A,2,0,nearest_left
right_distance_bin,31+,27,0.09400580220480768,1.8,A,2,0,nearest_left
right_distance_bin,8-15,139,0.11804534412653526,0.0,A,2,0,nearest_left
right_distance_bin,none,1,0.03050991233933434,20.85,A,2,0,nearest_left
year,2010,35,0.13548057420853865,0.0,A,2,0,nearest_left
year,2011,33,0.1601472489947639,0.0,A,2,0,nearest_left
year,2012,28,0.11485310245262434,0.0,A,2,0,nearest_left
year,2013,38,0.1259389725803852,0.0,A,2,0,nearest_left
year,2014,33,0.09766618924235614,0.7,A,2,0,nearest_left
year,2015,28,0.1015722248476998,0.0,A,2,0,nearest_left
year,2016,30,0.13411808821725396,0.0,A,2,0,nearest_left
year,2017,85,0.13097755509022443,0.0,A,2,0,nearest_left
year,2018,67,0.08874073491344023,3.38,A,2,0,nearest_left
year,2019,119,0.11489295549661181,0.0,A,2,0,nearest_left
year,2020,153,0.12176744490424098,0.0,A,2,0,nearest_left
year,2021,129,0.15912986454300465,0.0,A,2,0,nearest_left
year,2022,128,0.10221559518950273,0.0,A,2,0,nearest_left
year,2023,145,0.09401445691553906,1.8,A,2,0,nearest_left
year,2024,149,0.09820407031942865,0.54,A,2,0,nearest_left
confidence_bin,low,113,0.097151422156066,0.85,A,2,0,nearest_left
confidence_bin,medium,843,0.12223254618824728,0.0,A,2,0,nearest_left
confidence_bin,high,244,0.1125381702354682,0.0,A,2,0,nearest_left
overall,all,1200,0.11147501597334182,0.0,A,2,0,nearest_right
seen_polygon,False,1018,0.11258686932711687,0.0,A,2,0,nearest_right
seen_polygon,True,182,0.10503917170994408,0.0,A,2,0,nearest_right
crop_type,зерновые,267,0.09780822401654674,0.66,A,2,0,nearest_right
crop_type,озимая пшеница,813,0.12069108708350482,0.0,A,2,0,nearest_right
crop_type,пастбища/зерновые,88,0.062426763410649545,11.27,A,2,0,nearest_right
crop_type,подсолнечник,32,0.07339855954614354,7.98,A,2,0,nearest_right
source_label,landsat,486,0.1075070221498668,0.0,A,2,0,nearest_right
source_label,modis,182,0.11639922259230692,0.0,A,2,0,nearest_right
source_label,s2,532,0.11329867684863577,0.0,A,2,0,nearest_right
gap_length,1,885,0.10941870514235866,0.0,A,2,0,nearest_right
gap_length,2,230,0.12292291546119188,0.0,A,2,0,nearest_right
gap_length,3,60,0.1097209899973282,0.0,A,2,0,nearest_right
gap_length,4,20,0.061659145832887036,11.5,A,2,0,nearest_right
gap_length,5,5,0.09243962352752597,2.27,A,2,0,nearest_right
left_distance_bin,0-7,974,0.10556505704953305,0.0,A,2,0,nearest_right
left_distance_bin,16-30,32,0.10401936931606533,0.0,A,2,0,nearest_right
left_distance_bin,31+,32,0.1406107550714482,0.0,A,2,0,nearest_right
left_distance_bin,8-15,162,0.13785956421869436,0.0,A,2,0,nearest_right
right_distance_bin,0-7,1004,0.10609213345187321,0.0,A,2,0,nearest_right
right_distance_bin,16-30,29,0.09392171279093281,1.82,A,2,0,nearest_right
right_distance_bin,31+,27,0.18930390486675033,0.0,A,2,0,nearest_right
right_distance_bin,8-15,139,0.131048146532947,0.0,A,2,0,nearest_right
right_distance_bin,none,1,0.03050991233933434,20.85,A,2,0,nearest_right
year,2010,35,0.09860250105931677,0.42,A,2,0,nearest_right
year,2011,33,0.10500382736023414,0.0,A,2,0,nearest_right
year,2012,28,0.16003712678991922,0.0,A,2,0,nearest_right
year,2013,38,0.1185623089520781,0.0,A,2,0,nearest_right
year,2014,33,0.11346256457018773,0.0,A,2,0,nearest_right
year,2015,28,0.08420242542724442,4.74,A,2,0,nearest_right
year,2016,30,0.12955291058961335,0.0,A,2,0,nearest_right
year,2017,85,0.1069572567806049,0.0,A,2,0,nearest_right
year,2018,67,0.13579794592458877,0.0,A,2,0,nearest_right
year,2019,119,0.0925974117261037,2.22,A,2,0,nearest_right
year,2020,153,0.11888640920457118,0.0,A,2,0,nearest_right
year,2021,129,0.15521412116249156,0.0,A,2,0,nearest_right
year,2022,128,0.0965524065990528,1.03,A,2,0,nearest_right
year,2023,145,0.08534735227591278,4.4,A,2,0,nearest_right
year,2024,149,0.08520266520675812,4.44,A,2,0,nearest_right
confidence_bin,low,113,0.1071817491465221,0.0,A,2,0,nearest_right
confidence_bin,medium,843,0.11175542727538043,0.0,A,2,0,nearest_right
confidence_bin,high,244,0.11245071716430584,0.0,A,2,0,nearest_right
overall,all,1200,0.09246053792794989,2.26,A,2,0,mean_neighbors
seen_polygon,False,1018,0.0932345819372633,2.03,A,2,0,mean_neighbors
seen_polygon,True,182,0.08800554580590932,3.6,A,2,0,mean_neighbors
crop_type,зерновые,267,0.07596757768041254,7.21,A,2,0,mean_neighbors
crop_type,озимая пшеница,813,0.10127022878288182,0.0,A,2,0,mean_neighbors
crop_type,пастбища/зерновые,88,0.05467317935809135,13.6,A,2,0,mean_neighbors
crop_type,подсолнечник,32,0.06045868929428417,11.86,A,2,0,mean_neighbors
source_label,landsat,486,0.08080232905208526,5.76,A,2,0,mean_neighbors
source_label,modis,182,0.12072101492839127,0.0,A,2,0,mean_neighbors
source_label,s2,532,0.09128624299156128,2.61,A,2,0,mean_neighbors
gap_length,1,885,0.09207719502604131,2.38,A,2,0,mean_neighbors
gap_length,2,230,0.09630689007148734,1.11,A,2,0,mean_neighbors
gap_length,3,60,0.09486719441687291,1.54,A,2,0,mean_neighbors
gap_length,4,20,0.05323490413376713,14.03,A,2,0,mean_neighbors
gap_length,5,5,0.07156182590151887,8.53,A,2,0,mean_neighbors
left_distance_bin,0-7,974,0.08548915111389621,4.35,A,2,0,mean_neighbors
left_distance_bin,16-30,32,0.11923348464303432,0.0,A,2,0,mean_neighbors
left_distance_bin,31+,32,0.1213751141004336,0.0,A,2,0,mean_neighbors
left_distance_bin,8-15,162,0.11690481644738143,0.0,A,2,0,mean_neighbors
right_distance_bin,0-7,1004,0.09015896597114634,2.95,A,2,0,mean_neighbors
right_distance_bin,16-30,29,0.10154632440212205,0.0,A,2,0,mean_neighbors
right_distance_bin,31+,27,0.09573139222974987,1.28,A,2,0,mean_neighbors
right_distance_bin,8-15,139,0.10560470691471004,0.0,A,2,0,mean_neighbors
right_distance_bin,none,1,0.03050991233933434,20.85,A,2,0,mean_neighbors
year,2010,35,0.09118310741485758,2.65,A,2,0,mean_neighbors
year,2011,33,0.11172715493410644,0.0,A,2,0,mean_neighbors
year,2012,28,0.11103776610413865,0.0,A,2,0,mean_neighbors
year,2013,38,0.09578085238752226,1.27,A,2,0,mean_neighbors
year,2014,33,0.08030747824266533,5.91,A,2,0,mean_neighbors
year,2015,28,0.07721727745859339,6.83,A,2,0,mean_neighbors
year,2016,30,0.10445865815314792,0.0,A,2,0,mean_neighbors
year,2017,85,0.10017664081286659,0.0,A,2,0,mean_neighbors
year,2018,67,0.08496668980784887,4.51,A,2,0,mean_neighbors
year,2019,119,0.08025948893736616,5.92,A,2,0,mean_neighbors
year,2020,153,0.09897721315218969,0.31,A,2,0,mean_neighbors
year,2021,129,0.1313768914229699,0.0,A,2,0,mean_neighbors
year,2022,128,0.07398836272997587,7.8,A,2,0,mean_neighbors
year,2023,145,0.07638298581792763,7.09,A,2,0,mean_neighbors
year,2024,149,0.07233007119597218,8.3,A,2,0,mean_neighbors
confidence_bin,low,113,0.08297102877832999,5.11,A,2,0,mean_neighbors
confidence_bin,medium,843,0.09552163992056596,1.34,A,2,0,mean_neighbors
confidence_bin,high,244,0.08562624135147358,4.31,A,2,0,mean_neighbors
overall,all,1200,0.09551936293356984,1.34,A,2,0,linear
seen_polygon,False,1018,0.0959062064800144,1.23,A,2,0,linear
seen_polygon,True,182,0.09332602622020575,2.0,A,2,0,linear
crop_type,зерновые,267,0.07882784953251849,6.35,A,2,0,linear
crop_type,озимая пшеница,813,0.10477687257530616,0.0,A,2,0,linear
crop_type,пастбища/зерновые,88,0.053881717522253354,13.84,A,2,0,linear
crop_type,подсолнечник,32,0.05833359236855521,12.5,A,2,0,linear
source_label,landsat,486,0.08524371598238255,4.43,A,2,0,linear
source_label,modis,182,0.11908481828981161,0.0,A,2,0,linear
source_label,s2,532,0.09534510382714985,1.4,A,2,0,linear
gap_length,1,885,0.09492674972641084,1.52,A,2,0,linear
gap_length,2,230,0.09821540893688595,0.54,A,2,0,linear
gap_length,3,60,0.10626689066310119,0.0,A,2,0,linear
gap_length,4,20,0.050190323758441395,14.94,A,2,0,linear
gap_length,5,5,0.07395122320677226,7.81,A,2,0,linear
left_distance_bin,0-7,974,0.08809150275628075,3.57,A,2,0,linear
left_distance_bin,16-30,32,0.09635368288614599,1.09,A,2,0,linear
left_distance_bin,31+,32,0.13759638663430812,0.0,A,2,0,linear
left_distance_bin,8-15,162,0.12391382361104385,0.0,A,2,0,linear
right_distance_bin,0-7,1004,0.09322958990078234,2.03,A,2,0,linear
right_distance_bin,16-30,29,0.1426237984764366,0.0,A,2,0,linear
right_distance_bin,31+,27,0.08879998276988452,3.36,A,2,0,linear
right_distance_bin,8-15,139,0.10101899652141924,0.0,A,2,0,linear
right_distance_bin,none,1,0.03050991233933434,20.85,A,2,0,linear
year,2010,35,0.09293399807169915,2.12,A,2,0,linear
year,2011,33,0.1034436269478633,0.0,A,2,0,linear
year,2012,28,0.1343913596415362,0.0,A,2,0,linear
year,2013,38,0.09174243046053009,2.48,A,2,0,linear
year,2014,33,0.08257784036555889,5.23,A,2,0,linear
year,2015,28,0.07561794550017174,7.31,A,2,0,linear
year,2016,30,0.10778852904958831,0.0,A,2,0,linear
year,2017,85,0.1024340071476265,0.0,A,2,0,linear
year,2018,67,0.07990709125201739,6.03,A,2,0,linear
year,2019,119,0.09093340724100538,2.72,A,2,0,linear
year,2020,153,0.10307695061643314,0.0,A,2,0,linear
year,2021,129,0.13937542246168988,0.0,A,2,0,linear
year,2022,128,0.07063878232224416,8.81,A,2,0,linear
year,2023,145,0.07825502019790952,6.52,A,2,0,linear
year,2024,149,0.07199315347726716,8.4,A,2,0,linear
confidence_bin,low,113,0.08156172219725287,5.53,A,2,0,linear
confidence_bin,medium,843,0.09882245374136626,0.35,A,2,0,linear
confidence_bin,high,244,0.08972618354353139,3.08,A,2,0,linear
overall,all,1200,0.17672829517329433,0.0,A,2,0,seasonal_crop
seen_polygon,False,1018,0.17582552296561657,0.0,A,2,0,seasonal_crop
seen_polygon,True,182,0.1816951738765878,0.0,A,2,0,seasonal_crop
crop_type,зерновые,267,0.15012191546080703,0.0,A,2,0,seasonal_crop
crop_type,озимая пшеница,813,0.1877371735047014,0.0,A,2,0,seasonal_crop
crop_type,пастбища/зерновые,88,0.15441222191439596,0.0,A,2,0,seasonal_crop
crop_type,подсолнечник,32,0.14891460535665013,0.0,A,2,0,seasonal_crop
source_label,landsat,486,0.17056694588625906,0.0,A,2,0,seasonal_crop
source_label,modis,182,0.15384396449507917,0.0,A,2,0,seasonal_crop
source_label,s2,532,0.18914459361776298,0.0,A,2,0,seasonal_crop
gap_length,1,885,0.17318145775949012,0.0,A,2,0,seasonal_crop
gap_length,2,230,0.1705493850985712,0.0,A,2,0,seasonal_crop
gap_length,3,60,0.23896941401934893,0.0,A,2,0,seasonal_crop
gap_length,4,20,0.12022191108948208,0.0,A,2,0,seasonal_crop
gap_length,5,5,0.3259538968701433,0.0,A,2,0,seasonal_crop
left_distance_bin,0-7,974,0.17258384779808522,0.0,A,2,0,seasonal_crop
left_distance_bin,16-30,32,0.18484320483498387,0.0,A,2,0,seasonal_crop
left_distance_bin,31+,32,0.15942060644729164,0.0,A,2,0,seasonal_crop
left_distance_bin,8-15,162,0.20126262816450444,0.0,A,2,0,seasonal_crop
right_distance_bin,0-7,1004,0.17561501192327347,0.0,A,2,0,seasonal_crop
right_distance_bin,16-30,29,0.21377886445455585,0.0,A,2,0,seasonal_crop
right_distance_bin,31+,27,0.16340406566472518,0.0,A,2,0,seasonal_crop
right_distance_bin,8-15,139,0.17930904188165142,0.0,A,2,0,seasonal_crop
right_distance_bin,none,1,0.010860009850718194,26.74,A,2,0,seasonal_crop
year,2010,35,0.1444880687202258,0.0,A,2,0,seasonal_crop
year,2011,33,0.17780517914676286,0.0,A,2,0,seasonal_crop
year,2012,28,0.1895888495275506,0.0,A,2,0,seasonal_crop
year,2013,38,0.19352443807835926,0.0,A,2,0,seasonal_crop
year,2014,33,0.1833584481242728,0.0,A,2,0,seasonal_crop
year,2015,28,0.17069704667874613,0.0,A,2,0,seasonal_crop
year,2016,30,0.14655115870780122,0.0,A,2,0,seasonal_crop
year,2017,85,0.18136115169336697,0.0,A,2,0,seasonal_crop
year,2018,67,0.1567897916883113,0.0,A,2,0,seasonal_crop
year,2019,119,0.1677348450606066,0.0,A,2,0,seasonal_crop
year,2020,153,0.16942435752183263,0.0,A,2,0,seasonal_crop
year,2021,129,0.1846978241225078,0.0,A,2,0,seasonal_crop
year,2022,128,0.19300450597350488,0.0,A,2,0,seasonal_crop
year,2023,145,0.18082651093654417,0.0,A,2,0,seasonal_crop
year,2024,149,0.1759646755315113,0.0,A,2,0,seasonal_crop
confidence_bin,low,113,0.16431641908762254,0.0,A,2,0,seasonal_crop
confidence_bin,medium,843,0.17860886753129412,0.0,A,2,0,seasonal_crop
confidence_bin,high,244,0.17574001351341703,0.0,A,2,0,seasonal_crop
overall,all,1200,0.10029344440008209,0.0,A,2,0,pchip
seen_polygon,False,1018,0.10071759570403667,0.0,A,2,0,pchip
seen_polygon,True,182,0.09788710950273877,0.63,A,2,0,pchip
crop_type,зерновые,267,0.08192171106094387,5.42,A,2,0,pchip
crop_type,озимая пшеница,813,0.11014796132083957,0.0,A,2,0,pchip
crop_type,пастбища/зерновые,88,0.05741628002444363,12.78,A,2,0,pchip
crop_type,подсолнечник,32,0.06244070587468708,11.27,A,2,0,pchip
source_label,landsat,486,0.08916370046143152,3.25,A,2,0,pchip
source_label,modis,182,0.1229856556186561,0.0,A,2,0,pchip
source_label,s2,532,0.10125076583283682,0.0,A,2,0,pchip
gap_length,1,885,0.09955567527570247,0.13,A,2,0,pchip
gap_length,2,230,0.10283162541132189,0.0,A,2,0,pchip
gap_length,3,60,0.11425650419357446,0.0,A,2,0,pchip
gap_length,4,20,0.052335413378654175,14.3,A,2,0,pchip
gap_length,5,5,0.07595916761056964,7.21,A,2,0,pchip
left_distance_bin,0-7,974,0.09282251331471933,2.15,A,2,0,pchip
left_distance_bin,16-30,32,0.09495613127428931,1.51,A,2,0,pchip
left_distance_bin,31+,32,0.14172608444646492,0.0,A,2,0,pchip
left_distance_bin,8-15,162,0.13022376532067734,0.0,A,2,0,pchip
right_distance_bin,0-7,1004,0.09805321751678958,0.58,A,2,0,pchip
right_distance_bin,16-30,29,0.15014568899751374,0.0,A,2,0,pchip
right_distance_bin,31+,27,0.0901725692735047,2.95,A,2,0,pchip
right_distance_bin,8-15,139,0.10537361870046968,0.0,A,2,0,pchip
right_distance_bin,none,1,0.03050991233933434,20.85,A,2,0,pchip
year,2010,35,0.09881155560262357,0.36,A,2,0,pchip
year,2011,33,0.10387941434789157,0.0,A,2,0,pchip
year,2012,28,0.13887502177570774,0.0,A,2,0,pchip
year,2013,38,0.09919866776666494,0.24,A,2,0,pchip
year,2014,33,0.0912292873190188,2.63,A,2,0,pchip
year,2015,28,0.07938058262161296,6.19,A,2,0,pchip
year,2016,30,0.10954444638297128,0.0,A,2,0,pchip
year,2017,85,0.10593067523780939,0.0,A,2,0,pchip
year,2018,67,0.08654188153823746,4.04,A,2,0,pchip
year,2019,119,0.09487439565706901,1.54,A,2,0,pchip
year,2020,153,0.1103566753470357,0.0,A,2,0,pchip
year,2021,129,0.14662963901036824,0.0,A,2,0,pchip
year,2022,128,0.07466479681876884,7.6,A,2,0,pchip
year,2023,145,0.08085475112705409,5.74,A,2,0,pchip
year,2024,149,0.07429964733565776,7.71,A,2,0,pchip
confidence_bin,low,113,0.08473191998221212,4.58,A,2,0,pchip
confidence_bin,medium,843,0.10390655952933399,0.0,A,2,0,pchip
confidence_bin,high,244,0.09403817565602957,1.79,A,2,0,pchip
overall,all,1200,0.10459314259279938,0.0,A,2,0,akima
seen_polygon,False,1018,0.10544158554215029,0.0,A,2,0,akima
seen_polygon,True,182,0.09971442487084989,0.09,A,2,0,akima
crop_type,зерновые,267,0.0904595545080547,2.86,A,2,0,akima
crop_type,озимая пшеница,813,0.11289167817631311,0.0,A,2,0,akima
crop_type,пастбища/зерновые,88,0.05966869849009015,12.1,A,2,0,akima
crop_type,подсолнечник,32,0.09155141592624187,2.53,A,2,0,akima
source_label,landsat,486,0.09384141127292005,1.85,A,2,0,akima
source_label,modis,182,0.12864809286499368,0.0,A,2,0,akima
source_label,s2,532,0.1047346440864111,0.0,A,2,0,akima
gap_length,1,885,0.10366496983735378,0.0,A,2,0,akima
gap_length,2,230,0.10687972597368,0.0,A,2,0,akima
gap_length,3,60,0.11665580845126243,0.0,A,2,0,akima
gap_length,4,20,0.08375382799830297,4.87,A,2,0,akima
gap_length,5,5,0.08114359601825608,5.66,A,2,0,akima
left_distance_bin,0-7,974,0.09465074684800673,1.6,A,2,0,akima
left_distance_bin,16-30,32,0.10573789329167277,0.0,A,2,0,akima
left_distance_bin,31+,32,0.16057812662121926,0.0,A,2,0,akima
left_distance_bin,8-15,162,0.1409607198685356,0.0,A,2,0,akima
right_distance_bin,0-7,1004,0.10058042885134669,0.0,A,2,0,akima
right_distance_bin,16-30,29,0.155977033584561,0.0,A,2,0,akima
right_distance_bin,31+,27,0.1234966036478177,0.0,A,2,0,akima
right_distance_bin,8-15,139,0.11544493359751955,0.0,A,2,0,akima
right_distance_bin,none,1,0.03050991233933434,20.85,A,2,0,akima
year,2010,35,0.10772832965397466,0.0,A,2,0,akima
year,2011,33,0.1281310925839762,0.0,A,2,0,akima
year,2012,28,0.14648466061245832,0.0,A,2,0,akima
year,2013,38,0.1077637399557919,0.0,A,2,0,akima
year,2014,33,0.09465086687183535,1.6,A,2,0,akima
year,2015,28,0.09058757268381122,2.82,A,2,0,akima
year,2016,30,0.11339407480204143,0.0,A,2,0,akima
year,2017,85,0.10724268672640727,0.0,A,2,0,akima
year,2018,67,0.09043793124197216,2.87,A,2,0,akima
year,2019,119,0.0981709039343847,0.55,A,2,0,akima
year,2020,153,0.11310651558207792,0.0,A,2,0,akima
year,2021,129,0.15027332778051383,0.0,A,2,0,akima
year,2022,128,0.07657226731289697,7.03,A,2,0,akima
year,2023,145,0.08481991007942646,4.55,A,2,0,akima
year,2024,149,0.07728028536786548,6.82,A,2,0,akima
confidence_bin,low,113,0.08665850202596939,4.0,A,2,0,akima
confidence_bin,medium,843,0.10778306842092228,0.0,A,2,0,akima
confidence_bin,high,244,0.10093383432272843,0.0,A,2,0,akima
overall,all,1200,0.10056369525279298,0.0,A,3,0,nearest_left
seen_polygon,False,1034,0.100593782762088,0.0,A,3,0,nearest_left
seen_polygon,True,166,0.10037607964750143,0.0,A,3,0,nearest_left
crop_type,зерновые,265,0.07837772801904201,6.49,A,3,0,nearest_left
crop_type,озимая пшеница,800,0.11233547285787335,0.0,A,3,0,nearest_left
crop_type,пастбища/зерновые,112,0.056460038867083985,13.06,A,3,0,nearest_left
crop_type,подсолнечник,23,0.04904384766737389,15.29,A,3,0,nearest_left
source_label,landsat,451,0.08858358571138608,3.42,A,3,0,nearest_left
source_label,modis,188,0.1260101748889754,0.0,A,3,0,nearest_left
source_label,s2,561,0.10001317026414769,0.0,A,3,0,nearest_left
gap_length,1,856,0.10012486334664349,0.0,A,3,0,nearest_left
gap_length,2,272,0.10047551612486764,0.0,A,3,0,nearest_left
gap_length,3,63,0.10837474931468312,0.0,A,3,0,nearest_left
gap_length,4,4,0.09421496502426781,1.74,A,3,0,nearest_left
gap_length,5,5,0.08112010525154165,5.66,A,3,0,nearest_left
left_distance_bin,0-7,1008,0.09335615878508094,1.99,A,3,0,nearest_left
left_distance_bin,16-30,30,0.1110701915783616,0.0,A,3,0,nearest_left
left_distance_bin,31+,7,0.2358099658330607,0.0,A,3,0,nearest_left
left_distance_bin,8-15,154,0.12966206227953372,0.0,A,3,0,nearest_left
left_distance_bin,none,1,0.04630590587962208,16.11,A,3,0,nearest_left
right_distance_bin,0-7,1007,0.10149116300465373,0.0,A,3,0,nearest_left
right_distance_bin,16-30,31,0.09751045900118355,0.75,A,3,0,nearest_left
right_distance_bin,31+,11,0.06758277192543358,9.73,A,3,0,nearest_left
right_distance_bin,8-15,149,0.09742300990698935,0.77,A,3,0,nearest_left
right_distance_bin,none,2,0.04424305875264054,16.73,A,3,0,nearest_left
year,2010,35,0.10796298112196172,0.0,A,3,0,nearest_left
year,2011,32,0.10896002627131983,0.0,A,3,0,nearest_left
year,2012,34,0.1176010795162716,0.0,A,3,0,nearest_left
year,2013,34,0.07036281524736324,8.89,A,3,0,nearest_left
year,2014,36,0.10015764989308316,0.0,A,3,0,nearest_left
year,2015,28,0.11779275912394938,0.0,A,3,0,nearest_left
year,2016,31,0.14366718799711012,0.0,A,3,0,nearest_left
year,2017,79,0.1017786350217244,0.0,A,3,0,nearest_left
year,2018,81,0.08811541491400243,3.57,A,3,0,nearest_left
year,2019,155,0.11470264219171038,0.0,A,3,0,nearest_left
year,2020,144,0.09589049345314912,1.23,A,3,0,nearest_left
year,2021,122,0.10457586491188266,0.0,A,3,0,nearest_left
year,2022,114,0.09857473349593418,0.43,A,3,0,nearest_left
year,2023,127,0.10112264095970182,0.0,A,3,0,nearest_left
year,2024,148,0.07205994093402401,8.38,A,3,0,nearest_left
confidence_bin,low,85,0.1060502308597967,0.0,A,3,0,nearest_left
confidence_bin,medium,850,0.09806105887613939,0.58,A,3,0,nearest_left
confidence_bin,high,265,0.10650763479042406,0.0,A,3,0,nearest_left
overall,all,1200,0.10212529949637397,0.0,A,3,0,nearest_right
seen_polygon,False,1034,0.10303360631315636,0.0,A,3,0,nearest_right
seen_polygon,True,166,0.09627479213663229,1.12,A,3,0,nearest_right
crop_type,зерновые,265,0.08061762254909845,5.81,A,3,0,nearest_right
crop_type,озимая пшеница,800,0.11353709939503795,0.0,A,3,0,nearest_right
crop_type,пастбища/зерновые,112,0.06036932774168877,11.89,A,3,0,nearest_right
crop_type,подсолнечник,23,0.056138989437519195,13.16,A,3,0,nearest_right
source_label,landsat,451,0.09927412094531463,0.22,A,3,0,nearest_right
source_label,modis,188,0.10628375915790673,0.0,A,3,0,nearest_right
source_label,s2,561,0.10296007717288848,0.0,A,3,0,nearest_right
gap_length,1,856,0.10030177792563096,0.0,A,3,0,nearest_right
gap_length,2,272,0.10400512673712138,0.0,A,3,0,nearest_right
gap_length,3,63,0.11614163112192476,0.0,A,3,0,nearest_right
gap_length,4,4,0.07513916937818448,7.46,A,3,0,nearest_right
gap_length,5,5,0.13351017879243351,0.0,A,3,0,nearest_right
left_distance_bin,0-7,1008,0.1000199420113471,0.0,A,3,0,nearest_right
left_distance_bin,16-30,30,0.09537651473971155,1.39,A,3,0,nearest_right
left_distance_bin,31+,7,0.13505792065184619,0.0,A,3,0,nearest_right
left_distance_bin,8-15,154,0.11477652846632438,0.0,A,3,0,nearest_right
left_distance_bin,none,1,0.04630590587962208,16.11,A,3,0,nearest_right
right_distance_bin,0-7,1007,0.1000873235377821,0.0,A,3,0,nearest_right
right_distance_bin,16-30,31,0.10016037158838309,0.0,A,3,0,nearest_right
right_distance_bin,31+,11,0.20453331499238625,0.0,A,3,0,nearest_right
right_distance_bin,8-15,149,0.10532196955555155,0.0,A,3,0,nearest_right
right_distance_bin,none,2,0.04424305875264054,16.73,A,3,0,nearest_right
year,2010,35,0.07679044142554466,6.96,A,3,0,nearest_right
year,2011,32,0.10124683343096949,0.0,A,3,0,nearest_right
year,2012,34,0.12559311594521222,0.0,A,3,0,nearest_right
year,2013,34,0.09368034532782281,1.9,A,3,0,nearest_right
year,2014,36,0.07996774445863716,6.01,A,3,0,nearest_right
year,2015,28,0.14756057067226938,0.0,A,3,0,nearest_right
year,2016,31,0.11279616106109915,0.0,A,3,0,nearest_right
year,2017,79,0.08789363516912294,3.63,A,3,0,nearest_right
year,2018,81,0.11278637235977615,0.0,A,3,0,nearest_right
year,2019,155,0.11988977631777456,0.0,A,3,0,nearest_right
year,2020,144,0.08279761025876012,5.16,A,3,0,nearest_right
year,2021,122,0.11668744609666654,0.0,A,3,0,nearest_right
year,2022,114,0.09968934187240926,0.09,A,3,0,nearest_right
year,2023,127,0.09975716916153811,0.07,A,3,0,nearest_right
year,2024,148,0.0821339480850812,5.36,A,3,0,nearest_right
confidence_bin,low,85,0.10801603387912134,0.0,A,3,0,nearest_right
confidence_bin,medium,850,0.10157678979675314,0.0,A,3,0,nearest_right
confidence_bin,high,265,0.10193579483507081,0.0,A,3,0,nearest_right
overall,all,1200,0.0850451444577483,4.49,A,3,0,mean_neighbors
seen_polygon,False,1034,0.08548003288153473,4.36,A,3,0,mean_neighbors
seen_polygon,True,166,0.08228452945879257,5.31,A,3,0,mean_neighbors
crop_type,зерновые,265,0.06569186682362885,10.29,A,3,0,mean_neighbors
crop_type,озимая пшеница,800,0.09512327878922511,1.46,A,3,0,mean_neighbors
crop_type,пастбища/зерновые,112,0.04717214874469286,15.85,A,3,0,mean_neighbors
crop_type,подсолнечник,23,0.045516847142201305,16.34,A,3,0,mean_neighbors
source_label,landsat,451,0.07787123306555598,6.64,A,3,0,mean_neighbors
source_label,modis,188,0.10298591099918504,0.0,A,3,0,mean_neighbors
source_label,s2,561,0.0839152611896526,4.83,A,3,0,mean_neighbors
gap_length,1,856,0.08494784384573954,4.52,A,3,0,mean_neighbors
gap_length,2,272,0.08145748009605452,5.56,A,3,0,mean_neighbors
gap_length,3,63,0.09996311143367465,0.01,A,3,0,mean_neighbors
gap_length,4,4,0.05362834944690915,13.91,A,3,0,mean_neighbors
gap_length,5,5,0.10616282916315499,0.0,A,3,0,mean_neighbors
left_distance_bin,0-7,1008,0.08109551911322933,5.67,A,3,0,mean_neighbors
left_distance_bin,16-30,30,0.08166280516098319,5.5,A,3,0,mean_neighbors
left_distance_bin,31+,7,0.16603598803059652,0.0,A,3,0,mean_neighbors
left_distance_bin,8-15,154,0.10366443536061488,0.0,A,3,0,mean_neighbors
left_distance_bin,none,1,0.04630590587962208,16.11,A,3,0,mean_neighbors
right_distance_bin,0-7,1007,0.08528694822685516,4.41,A,3,0,mean_neighbors
right_distance_bin,16-30,31,0.07881108757735347,6.36,A,3,0,mean_neighbors
right_distance_bin,31+,11,0.11371277136323814,0.0,A,3,0,mean_neighbors
right_distance_bin,8-15,149,0.08256512924564893,5.23,A,3,0,mean_neighbors
right_distance_bin,none,2,0.04424305875264054,16.73,A,3,0,mean_neighbors
year,2010,35,0.075005909584676,7.5,A,3,0,mean_neighbors
year,2011,32,0.09703556456951368,0.89,A,3,0,mean_neighbors
year,2012,34,0.09438392877584115,1.68,A,3,0,mean_neighbors
year,2013,34,0.06648793878608446,10.05,A,3,0,mean_neighbors
year,2014,36,0.07852451205254508,6.44,A,3,0,mean_neighbors
year,2015,28,0.11354372708520079,0.0,A,3,0,mean_neighbors
year,2016,31,0.11283702678463821,0.0,A,3,0,mean_neighbors
year,2017,79,0.07990901617230659,6.03,A,3,0,mean_neighbors
year,2018,81,0.08641630880383222,4.08,A,3,0,mean_neighbors
year,2019,155,0.10195298163261819,0.0,A,3,0,mean_neighbors
year,2020,144,0.06972143116853777,9.08,A,3,0,mean_neighbors
year,2021,122,0.0921927994021927,2.34,A,3,0,mean_neighbors
year,2022,114,0.08355518909051739,4.93,A,3,0,mean_neighbors
year,2023,127,0.08600971402816456,4.2,A,3,0,mean_neighbors
year,2024,148,0.06136684535889362,11.59,A,3,0,mean_neighbors
confidence_bin,low,85,0.08975838586900768,3.07,A,3,0,mean_neighbors
confidence_bin,medium,850,0.08403941443412723,4.79,A,3,0,mean_neighbors
confidence_bin,high,265,0.08668254699018445,4.0,A,3,0,mean_neighbors
overall,all,1200,0.08540496747338334,4.38,A,3,0,linear
seen_polygon,False,1034,0.08574954210339836,4.28,A,3,0,linear
seen_polygon,True,166,0.0832265284760521,5.03,A,3,0,linear
crop_type,зерновые,265,0.0649678029000456,10.51,A,3,0,linear
crop_type,озимая пшеница,800,0.09532897596378595,1.4,A,3,0,linear
crop_type,пастбища/зерновые,112,0.05319646374489217,14.04,A,3,0,linear
crop_type,подсолнечник,23,0.045328948010004935,16.4,A,3,0,linear
source_label,landsat,451,0.0769038681732585,6.93,A,3,0,linear
source_label,modis,188,0.10400197446731432,0.0,A,3,0,linear
source_label,s2,561,0.08498734858881926,4.5,A,3,0,linear
gap_length,1,856,0.08372207852940078,4.88,A,3,0,linear
gap_length,2,272,0.08581347777506661,4.26,A,3,0,linear
gap_length,3,63,0.10417427548450553,0.0,A,3,0,linear
gap_length,4,4,0.04417318603090297,16.75,A,3,0,linear
gap_length,5,5,0.10796431630087201,0.0,A,3,0,linear
left_distance_bin,0-7,1008,0.08144079993183853,5.57,A,3,0,linear
left_distance_bin,16-30,30,0.08347070357581281,4.96,A,3,0,linear
left_distance_bin,31+,7,0.13445060424815042,0.0,A,3,0,linear
left_distance_bin,8-15,154,0.10597235904645602,0.0,A,3,0,linear
left_distance_bin,none,1,0.04630590587962208,16.11,A,3,0,linear
right_distance_bin,0-7,1007,0.08622827996153974,4.13,A,3,0,linear
right_distance_bin,16-30,31,0.07874655397506765,6.38,A,3,0,linear
right_distance_bin,31+,11,0.06545029907788982,10.36,A,3,0,linear
right_distance_bin,8-15,149,0.08282669773049314,5.15,A,3,0,linear
right_distance_bin,none,2,0.04424305875264054,16.73,A,3,0,linear
year,2010,35,0.0745361799462646,7.64,A,3,0,linear
year,2011,32,0.09571814353535793,1.28,A,3,0,linear
year,2012,34,0.10207898210077954,0.0,A,3,0,linear
year,2013,34,0.06747952409569295,9.76,A,3,0,linear
year,2014,36,0.07903815789761091,6.29,A,3,0,linear
year,2015,28,0.11707687576954785,0.0,A,3,0,linear
year,2016,31,0.10840071818307119,0.0,A,3,0,linear
year,2017,79,0.07829052595516449,6.51,A,3,0,linear
year,2018,81,0.08160804402122449,5.52,A,3,0,linear
year,2019,155,0.10608247151112553,0.0,A,3,0,linear
year,2020,144,0.0648860304465584,10.53,A,3,0,linear
year,2021,122,0.09714194545571604,0.86,A,3,0,linear
year,2022,114,0.07924070009694037,6.23,A,3,0,linear
year,2023,127,0.08395539012198067,4.81,A,3,0,linear
year,2024,148,0.06610021877279836,10.17,A,3,0,linear
confidence_bin,low,85,0.08921634900909817,3.24,A,3,0,linear
confidence_bin,medium,850,0.08446212345662751,4.66,A,3,0,linear
confidence_bin,high,265,0.08714496856799106,3.86,A,3,0,linear
overall,all,1200,0.1727308467933788,0.0,A,3,0,seasonal_crop
seen_polygon,False,1034,0.1738368048378162,0.0,A,3,0,seasonal_crop
seen_polygon,True,166,0.16567579431027876,0.0,A,3,0,seasonal_crop
crop_type,зерновые,265,0.16574374272132342,0.0,A,3,0,seasonal_crop
crop_type,озимая пшеница,800,0.17850352030474356,0.0,A,3,0,seasonal_crop
crop_type,пастбища/зерновые,112,0.14317462827372435,0.0,A,3,0,seasonal_crop
crop_type,подсолнечник,23,0.17896223999413857,0.0,A,3,0,seasonal_crop
source_label,landsat,451,0.161981466668689,0.0,A,3,0,seasonal_crop
source_label,modis,188,0.15516606574931302,0.0,A,3,0,seasonal_crop
source_label,s2,561,0.18616791834647864,0.0,A,3,0,seasonal_crop
gap_length,1,856,0.17062287568649093,0.0,A,3,0,seasonal_crop
gap_length,2,272,0.17571887444607578,0.0,A,3,0,seasonal_crop
gap_length,3,63,0.1961124024798419,0.0,A,3,0,seasonal_crop
gap_length,4,4,0.07934365541155296,6.2,A,3,0,seasonal_crop
gap_length,5,5,0.08529585374566634,4.41,A,3,0,seasonal_crop
left_distance_bin,0-7,1008,0.1732106621640972,0.0,A,3,0,seasonal_crop
left_distance_bin,16-30,30,0.17990833292856456,0.0,A,3,0,seasonal_crop
left_distance_bin,31+,7,0.21173699028441317,0.0,A,3,0,seasonal_crop
left_distance_bin,8-15,154,0.16644906626770573,0.0,A,3,0,seasonal_crop
left_distance_bin,none,1,0.09865358875595504,0.4,A,3,0,seasonal_crop
right_distance_bin,0-7,1007,0.17629845698551727,0.0,A,3,0,seasonal_crop
right_distance_bin,16-30,31,0.14650925281987276,0.0,A,3,0,seasonal_crop
right_distance_bin,31+,11,0.12224856785079531,0.0,A,3,0,seasonal_crop
right_distance_bin,8-15,149,0.1568951235972782,0.0,A,3,0,seasonal_crop
right_distance_bin,none,2,0.05839109722481533,12.48,A,3,0,seasonal_crop
year,2010,35,0.12705797439257174,0.0,A,3,0,seasonal_crop
year,2011,32,0.1621061039157956,0.0,A,3,0,seasonal_crop
year,2012,34,0.13872297029093889,0.0,A,3,0,seasonal_crop
year,2013,34,0.1738395503718105,0.0,A,3,0,seasonal_crop
year,2014,36,0.17106571857796118,0.0,A,3,0,seasonal_crop
year,2015,28,0.17186307376568735,0.0,A,3,0,seasonal_crop
year,2016,31,0.15360483182118242,0.0,A,3,0,seasonal_crop
year,2017,79,0.1689805929882631,0.0,A,3,0,seasonal_crop
year,2018,81,0.16417059536678225,0.0,A,3,0,seasonal_crop
year,2019,155,0.1814667957652421,0.0,A,3,0,seasonal_crop
year,2020,144,0.16519279441401077,0.0,A,3,0,seasonal_crop
year,2021,122,0.17311077687663987,0.0,A,3,0,seasonal_crop
year,2022,114,0.19158312045829923,0.0,A,3,0,seasonal_crop
year,2023,127,0.18525107421224432,0.0,A,3,0,seasonal_crop
year,2024,148,0.17305174243562188,0.0,A,3,0,seasonal_crop
confidence_bin,low,85,0.14954504062425883,0.0,A,3,0,seasonal_crop
confidence_bin,medium,850,0.1738312248994901,0.0,A,3,0,seasonal_crop
confidence_bin,high,265,0.1760951485226231,0.0,A,3,0,seasonal_crop
overall,all,1200,0.08871864677793362,3.38,A,3,0,pchip
seen_polygon,False,1034,0.08906799138402322,3.28,A,3,0,pchip
seen_polygon,True,166,0.08651085359557446,4.05,A,3,0,pchip
crop_type,зерновые,265,0.06719616594966538,9.84,A,3,0,pchip
crop_type,озимая пшеница,800,0.09911180042630809,0.27,A,3,0,pchip
crop_type,пастбища/зерновые,112,0.055574949754528064,13.33,A,3,0,pchip
crop_type,подсолнечник,23,0.04383630690501482,16.85,A,3,0,pchip
source_label,landsat,451,0.08026580440334737,5.92,A,3,0,pchip
source_label,modis,188,0.10683056535665739,0.0,A,3,0,pchip
source_label,s2,561,0.08850093336656836,3.45,A,3,0,pchip
gap_length,1,856,0.08655822977927644,4.03,A,3,0,pchip
gap_length,2,272,0.09018969908026313,2.94,A,3,0,pchip
gap_length,3,63,0.10830721584829248,0.0,A,3,0,pchip
gap_length,4,4,0.04150223254906923,17.55,A,3,0,pchip
gap_length,5,5,0.12112817484799829,0.0,A,3,0,pchip
left_distance_bin,0-7,1008,0.08453919536609013,4.64,A,3,0,pchip
left_distance_bin,16-30,30,0.08843022988464724,3.47,A,3,0,pchip
left_distance_bin,31+,7,0.13605189662368683,0.0,A,3,0,pchip
left_distance_bin,8-15,154,0.11033700301511294,0.0,A,3,0,pchip
left_distance_bin,none,1,0.04630590587962208,16.11,A,3,0,pchip
right_distance_bin,0-7,1007,0.08933499195941992,3.2,A,3,0,pchip
right_distance_bin,16-30,31,0.08568458905780381,4.29,A,3,0,pchip
right_distance_bin,31+,11,0.06699792207569105,9.9,A,3,0,pchip
right_distance_bin,8-15,149,0.08699702312565614,3.9,A,3,0,pchip
right_distance_bin,none,2,0.04424305875264054,16.73,A,3,0,pchip
year,2010,35,0.07939741954422878,6.18,A,3,0,pchip
year,2011,32,0.0975120602725951,0.75,A,3,0,pchip
year,2012,34,0.11035674530865176,0.0,A,3,0,pchip
year,2013,34,0.07125714436802764,8.62,A,3,0,pchip
year,2014,36,0.08443287579169297,4.67,A,3,0,pchip
year,2015,28,0.12214248946525062,0.0,A,3,0,pchip
year,2016,31,0.11065028786074455,0.0,A,3,0,pchip
year,2017,79,0.0803444256620438,5.9,A,3,0,pchip
year,2018,81,0.08338882146952951,4.98,A,3,0,pchip
year,2019,155,0.11040293018101831,0.0,A,3,0,pchip
year,2020,144,0.06786848334445035,9.64,A,3,0,pchip
year,2021,122,0.10061243773194624,0.0,A,3,0,pchip
year,2022,114,0.08188806999763365,5.43,A,3,0,pchip
year,2023,127,0.08610677764564768,4.17,A,3,0,pchip
year,2024,148,0.0694008560825182,9.18,A,3,0,pchip
confidence_bin,low,85,0.09111545848345153,2.67,A,3,0,pchip
confidence_bin,medium,850,0.08754632219264223,3.74,A,3,0,pchip
confidence_bin,high,265,0.0916272373907856,2.51,A,3,0,pchip
overall,all,1200,0.09104173919308203,2.69,A,3,0,akima
seen_polygon,False,1034,0.09150475917434285,2.55,A,3,0,akima
seen_polygon,True,166,0.08810285837211966,3.57,A,3,0,akima
crop_type,зерновые,265,0.0678690272286131,9.64,A,3,0,akima
crop_type,озимая пшеница,800,0.1018865639258534,0.0,A,3,0,akima
crop_type,пастбища/зерновые,112,0.05791270225940095,12.63,A,3,0,akima
crop_type,подсолнечник,23,0.04440007592993529,16.68,A,3,0,akima
source_label,landsat,451,0.08382868534703408,4.85,A,3,0,akima
source_label,modis,188,0.10605338759903939,0.0,A,3,0,akima
source_label,s2,561,0.09116528749908197,2.65,A,3,0,akima
gap_length,1,856,0.08755687957143003,3.73,A,3,0,akima
gap_length,2,272,0.09546053982977944,1.36,A,3,0,akima
gap_length,3,63,0.11500869728986726,0.0,A,3,0,akima
gap_length,4,4,0.040950816718505936,17.71,A,3,0,akima
gap_length,5,5,0.11434798321971103,0.0,A,3,0,akima
left_distance_bin,0-7,1008,0.08682512825962409,3.95,A,3,0,akima
left_distance_bin,16-30,30,0.09340233429345442,1.98,A,3,0,akima
left_distance_bin,31+,7,0.14164625580153348,0.0,A,3,0,akima
left_distance_bin,8-15,154,0.11232768792085578,0.0,A,3,0,akima
left_distance_bin,none,1,0.04630590587962208,16.11,A,3,0,akima
right_distance_bin,0-7,1007,0.09109701829853292,2.67,A,3,0,akima
right_distance_bin,16-30,31,0.09108104576864207,2.68,A,3,0,akima
right_distance_bin,31+,11,0.10187707253074621,0.0,A,3,0,akima
right_distance_bin,8-15,149,0.09027582056236437,2.92,A,3,0,akima
right_distance_bin,none,2,0.04424305875264054,16.73,A,3,0,akima
year,2010,35,0.0813618905530841,5.59,A,3,0,akima
year,2011,32,0.1046485683033542,0.0,A,3,0,akima
year,2012,34,0.11053257349550157,0.0,A,3,0,akima
year,2013,34,0.0741647547609699,7.75,A,3,0,akima
year,2014,36,0.08668098055272877,4.0,A,3,0,akima
year,2015,28,0.12323815259240703,0.0,A,3,0,akima
year,2016,31,0.10996337864960752,0.0,A,3,0,akima
year,2017,79,0.07979668423740482,6.06,A,3,0,akima
year,2018,81,0.08359169526997358,4.92,A,3,0,akima
year,2019,155,0.11086785280557243,0.0,A,3,0,akima
year,2020,144,0.07147465078484522,8.56,A,3,0,akima
year,2021,122,0.10225901508678374,0.0,A,3,0,akima
year,2022,114,0.0828336035422017,5.15,A,3,0,akima
year,2023,127,0.09083152631060308,2.75,A,3,0,akima
year,2024,148,0.07691539068964619,6.93,A,3,0,akima
confidence_bin,low,85,0.09155569450663796,2.53,A,3,0,akima
confidence_bin,medium,850,0.08954624165740072,3.14,A,3,0,akima
confidence_bin,high,265,0.0955235840271771,1.34,A,3,0,akima
overall,all,1200,0.09990097331778586,0.03,A,4,0,nearest_left
seen_polygon,False,1008,0.09993172767062558,0.02,A,4,0,nearest_left
seen_polygon,True,192,0.0997393573847186,0.08,A,4,0,nearest_left
crop_type,зерновые,242,0.08311906382258867,5.06,A,4,0,nearest_left
crop_type,озимая пшеница,824,0.10768421886353009,0.0,A,4,0,nearest_left
crop_type,пастбища/зерновые,100,0.07061684700441069,8.81,A,4,0,nearest_left
crop_type,подсолнечник,34,0.08585775095913838,4.24,A,4,0,nearest_left
source_label,landsat,493,0.08612972058163171,4.16,A,4,0,nearest_left
source_label,modis,185,0.14104545361720333,0.0,A,4,0,nearest_left
source_label,s2,522,0.09426721398357159,1.72,A,4,0,nearest_left
gap_length,1,907,0.09637876728572559,1.09,A,4,0,nearest_left
gap_length,2,222,0.11294760351719443,0.0,A,4,0,nearest_left
gap_length,3,51,0.09429053258969497,1.71,A,4,0,nearest_left
gap_length,5,20,0.11526653605449845,0.0,A,4,0,nearest_left
left_distance_bin,0-7,1044,0.09681802572756089,0.95,A,4,0,nearest_left
left_distance_bin,16-30,23,0.11294329862599896,0.0,A,4,0,nearest_left
left_distance_bin,31+,20,0.13984434012975458,0.0,A,4,0,nearest_left
left_distance_bin,8-15,111,0.11560676463935579,0.0,A,4,0,nearest_left
left_distance_bin,none,2,0.10498437138315779,0.0,A,4,0,nearest_left
right_distance_bin,0-7,1010,0.0987904289569628,0.36,A,4,0,nearest_left
right_distance_bin,16-30,27,0.11678177356812242,0.0,A,4,0,nearest_left
right_distance_bin,31+,13,0.08049215387108279,5.85,A,4,0,nearest_left
right_distance_bin,8-15,150,0.10540868597045232,0.0,A,4,0,nearest_left
year,2010,27,0.07530216712981506,7.41,A,4,0,nearest_left
year,2011,45,0.11995674693401938,0.0,A,4,0,nearest_left
year,2012,31,0.14652720683702472,0.0,A,4,0,nearest_left
year,2013,33,0.10849362039688329,0.0,A,4,0,nearest_left
year,2014,36,0.10248739578965453,0.0,A,4,0,nearest_left
year,2015,34,0.09833828405927476,0.5,A,4,0,nearest_left
year,2016,30,0.0889489538339819,3.32,A,4,0,nearest_left
year,2017,108,0.10002027869668531,0.0,A,4,0,nearest_left
year,2018,60,0.10048224283496562,0.0,A,4,0,nearest_left
year,2019,159,0.1058917327395201,0.0,A,4,0,nearest_left
year,2020,148,0.08427642493076501,4.72,A,4,0,nearest_left
year,2021,114,0.10508512005637805,0.0,A,4,0,nearest_left
year,2022,118,0.12144050963699264,0.0,A,4,0,nearest_left
year,2023,142,0.07270374541906813,8.19,A,4,0,nearest_left
year,2024,115,0.08882357461797868,3.35,A,4,0,nearest_left
confidence_bin,low,105,0.10252014595307454,0.0,A,4,0,nearest_left
confidence_bin,medium,862,0.09814781000138376,0.56,A,4,0,nearest_left
confidence_bin,high,233,0.10500389940438909,0.0,A,4,0,nearest_left
overall,all,1200,0.10463334539002134,0.0,A,4,0,nearest_right
seen_polygon,False,1008,0.10603108129314742,0.0,A,4,0,nearest_right
seen_polygon,True,192,0.09696523859560785,0.91,A,4,0,nearest_right
crop_type,зерновые,242,0.08385030684307383,4.84,A,4,0,nearest_right
crop_type,озимая пшеница,824,0.1127684749761698,0.0,A,4,0,nearest_right
crop_type,пастбища/зерновые,100,0.07617577739093304,7.15,A,4,0,nearest_right
crop_type,подсолнечник,34,0.10536118601325303,0.0,A,4,0,nearest_right
source_label,landsat,493,0.10461539980194128,0.0,A,4,0,nearest_right
source_label,modis,185,0.13068844130160878,0.0,A,4,0,nearest_right
source_label,s2,522,0.09369472714075545,1.89,A,4,0,nearest_right
gap_length,1,907,0.10224088422224734,0.0,A,4,0,nearest_right
gap_length,2,222,0.1108376190506022,0.0,A,4,0,nearest_right
gap_length,3,51,0.11862626863312827,0.0,A,4,0,nearest_right
gap_length,5,20,0.10289960235080692,0.0,A,4,0,nearest_right
left_distance_bin,0-7,1044,0.10134951228379971,0.0,A,4,0,nearest_right
left_distance_bin,16-30,23,0.1604301668325446,0.0,A,4,0,nearest_right
left_distance_bin,31+,20,0.1493681340038678,0.0,A,4,0,nearest_right
left_distance_bin,8-15,111,0.11043951388459192,0.0,A,4,0,nearest_right
left_distance_bin,none,2,0.10498437138315779,0.0,A,4,0,nearest_right
right_distance_bin,0-7,1010,0.09598257234872508,1.21,A,4,0,nearest_right
right_distance_bin,16-30,27,0.1590210318200808,0.0,A,4,0,nearest_right
right_distance_bin,31+,13,0.20351842649081936,0.0,A,4,0,nearest_right
right_distance_bin,8-15,150,0.13195350909207273,0.0,A,4,0,nearest_right
year,2010,27,0.12397707276441015,0.0,A,4,0,nearest_right
year,2011,45,0.14088919943350126,0.0,A,4,0,nearest_right
year,2012,31,0.1547698992574693,0.0,A,4,0,nearest_right
year,2013,33,0.12680619456466846,0.0,A,4,0,nearest_right
year,2014,36,0.1074790053813676,0.0,A,4,0,nearest_right
year,2015,34,0.10765063991518097,0.0,A,4,0,nearest_right
year,2016,30,0.08614303910679777,4.16,A,4,0,nearest_right
year,2017,108,0.08499237910594959,4.5,A,4,0,nearest_right
year,2018,60,0.10038620622157299,0.0,A,4,0,nearest_right
year,2019,159,0.10339810768659145,0.0,A,4,0,nearest_right
year,2020,148,0.09184048432096824,2.45,A,4,0,nearest_right
year,2021,114,0.12121393761634065,0.0,A,4,0,nearest_right
year,2022,118,0.11038403653861183,0.0,A,4,0,nearest_right
year,2023,142,0.09288874762821371,2.13,A,4,0,nearest_right
year,2024,115,0.08611472285001273,4.17,A,4,0,nearest_right
confidence_bin,low,105,0.099003016319835,0.3,A,4,0,nearest_right
confidence_bin,medium,862,0.10519628209620471,0.0,A,4,0,nearest_right
confidence_bin,high,233,0.10501343579942743,0.0,A,4,0,nearest_right
overall,all,1200,0.08298983515283032,5.1,A,4,0,mean_neighbors
seen_polygon,False,1008,0.08265111186986374,5.2,A,4,0,mean_neighbors
seen_polygon,True,192,0.08474592365938527,4.58,A,4,0,mean_neighbors
crop_type,зерновые,242,0.0706755218182453,8.8,A,4,0,mean_neighbors
crop_type,озимая пшеница,824,0.08917319148810601,3.25,A,4,0,mean_neighbors
crop_type,пастбища/зерновые,100,0.05760681652393067,12.72,A,4,0,mean_neighbors
crop_type,подсолнечник,34,0.07108250930117778,8.68,A,4,0,mean_neighbors
source_label,landsat,493,0.07441410438842078,7.68,A,4,0,mean_neighbors
source_label,modis,185,0.11982480684633753,0.0,A,4,0,mean_neighbors
source_label,s2,522,0.07425983339654177,7.72,A,4,0,mean_neighbors
gap_length,1,907,0.0810590332441679,5.68,A,4,0,mean_neighbors
gap_length,2,222,0.09232774018780986,2.3,A,4,0,mean_neighbors
gap_length,3,51,0.07097226952745625,8.71,A,4,0,mean_neighbors
gap_length,5,20,0.08830672192838328,3.51,A,4,0,mean_neighbors
left_distance_bin,0-7,1044,0.0820431364481256,5.39,A,4,0,mean_neighbors
left_distance_bin,16-30,23,0.09848101133979084,0.46,A,4,0,mean_neighbors
left_distance_bin,31+,20,0.09041250174325223,2.88,A,4,0,mean_neighbors
left_distance_bin,8-15,111,0.08641686767757477,4.07,A,4,0,mean_neighbors
left_distance_bin,none,2,0.10498437138315779,0.0,A,4,0,mean_neighbors
right_distance_bin,0-7,1010,0.08123199310476281,5.63,A,4,0,mean_neighbors
right_distance_bin,16-30,27,0.08315677619872795,5.05,A,4,0,mean_neighbors
right_distance_bin,31+,13,0.10243484181769116,0.0,A,4,0,mean_neighbors
right_distance_bin,8-15,150,0.09226910723300334,2.32,A,4,0,mean_neighbors
year,2010,27,0.07809255366123923,6.57,A,4,0,mean_neighbors
year,2011,45,0.10477284325562833,0.0,A,4,0,mean_neighbors
year,2012,31,0.11470510983052284,0.0,A,4,0,mean_neighbors
year,2013,33,0.09260975601255837,2.22,A,4,0,mean_neighbors
year,2014,36,0.08198334947113836,5.4,A,4,0,mean_neighbors
year,2015,34,0.07763819349912401,6.71,A,4,0,mean_neighbors
year,2016,30,0.07890988304493915,6.33,A,4,0,mean_neighbors
year,2017,108,0.07317205475400956,8.05,A,4,0,mean_neighbors
year,2018,60,0.08243294890795541,5.27,A,4,0,mean_neighbors
year,2019,159,0.08771739168462905,3.68,A,4,0,mean_neighbors
year,2020,148,0.07168299021079463,8.5,A,4,0,mean_neighbors
year,2021,114,0.09108191164606841,2.68,A,4,0,mean_neighbors
year,2022,118,0.09576142833245287,1.27,A,4,0,mean_neighbors
year,2023,142,0.06776955422250605,9.67,A,4,0,mean_neighbors
year,2024,115,0.07411417882183993,7.77,A,4,0,mean_neighbors
confidence_bin,low,105,0.08290691972077298,5.13,A,4,0,mean_neighbors
confidence_bin,medium,862,0.08440176598166771,4.68,A,4,0,mean_neighbors
confidence_bin,high,233,0.07758308527312167,6.73,A,4,0,mean_neighbors
overall,all,1200,0.08504694064043981,4.49,A,4,0,linear
seen_polygon,False,1008,0.0847522647311537,4.57,A,4,0,linear
seen_polygon,True,192,0.0865775358987705,4.03,A,4,0,linear
crop_type,зерновые,242,0.06899569095713887,9.3,A,4,0,linear
crop_type,озимая пшеница,824,0.0922329435506257,2.33,A,4,0,linear
crop_type,пастбища/зерновые,100,0.0562885720014414,13.11,A,4,0,linear
crop_type,подсолнечник,34,0.07689209770255657,6.93,A,4,0,linear
source_label,landsat,493,0.0778636064374793,6.64,A,4,0,linear
source_label,modis,185,0.1218732814319661,0.0,A,4,0,linear
source_label,s2,522,0.07508391506007693,7.47,A,4,0,linear
gap_length,1,907,0.0829919133665248,5.1,A,4,0,linear
gap_length,2,222,0.09671652435307325,0.99,A,4,0,linear
gap_length,3,51,0.06415526652508066,10.75,A,4,0,linear
gap_length,5,20,0.08542689722065586,4.37,A,4,0,linear
left_distance_bin,0-7,1044,0.08283889557634222,5.15,A,4,0,linear
left_distance_bin,16-30,23,0.10264559380505286,0.0,A,4,0,linear
left_distance_bin,31+,20,0.14009765099597113,0.0,A,4,0,linear
left_distance_bin,8-15,111,0.08794112967681807,3.62,A,4,0,linear
left_distance_bin,none,2,0.10498437138315779,0.0,A,4,0,linear
right_distance_bin,0-7,1010,0.0827371939201437,5.18,A,4,0,linear
right_distance_bin,16-30,27,0.11085466613352019,0.0,A,4,0,linear
right_distance_bin,31+,13,0.07792963072991561,6.62,A,4,0,linear
right_distance_bin,8-15,150,0.09504157159932054,1.49,A,4,0,linear
year,2010,27,0.07912550489729886,6.26,A,4,0,linear
year,2011,45,0.09657764373736996,1.03,A,4,0,linear
year,2012,31,0.13196895689725066,0.0,A,4,0,linear
year,2013,33,0.10364696133227373,0.0,A,4,0,linear
year,2014,36,0.09638909910072525,1.08,A,4,0,linear
year,2015,34,0.08085316842422118,5.74,A,4,0,linear
year,2016,30,0.07378361790489141,7.86,A,4,0,linear
year,2017,108,0.07784060712539399,6.65,A,4,0,linear
year,2018,60,0.08227247777429232,5.32,A,4,0,linear
year,2019,159,0.0868532842145665,3.94,A,4,0,linear
year,2020,148,0.07127061478021691,8.62,A,4,0,linear
year,2021,114,0.09495496068681651,1.51,A,4,0,linear
year,2022,118,0.09937118381263928,0.19,A,4,0,linear
year,2023,142,0.06789721166598979,9.63,A,4,0,linear
year,2024,115,0.07324475613354416,8.03,A,4,0,linear
confidence_bin,low,105,0.0865401239574582,4.04,A,4,0,linear
confidence_bin,medium,862,0.08570192508505978,4.29,A,4,0,linear
confidence_bin,high,233,0.0818765546175184,5.44,A,4,0,linear
overall,all,1200,0.17663071368422814,0.0,A,4,0,seasonal_crop
seen_polygon,False,1008,0.17485977331119334,0.0,A,4,0,seasonal_crop
seen_polygon,True,192,0.18565120430777848,0.0,A,4,0,seasonal_crop
crop_type,зерновые,242,0.15828253345473497,0.0,A,4,0,seasonal_crop
crop_type,озимая пшеница,824,0.18328531045732407,0.0,A,4,0,seasonal_crop
crop_type,пастбища/зерновые,100,0.16524267464828205,0.0,A,4,0,seasonal_crop
crop_type,подсолнечник,34,0.16834971541527677,0.0,A,4,0,seasonal_crop
source_label,landsat,493,0.1749301777676283,0.0,A,4,0,seasonal_crop
source_label,modis,185,0.13921488507036148,0.0,A,4,0,seasonal_crop
source_label,s2,522,0.18960821757120286,0.0,A,4,0,seasonal_crop
gap_length,1,907,0.17839818437629232,0.0,A,4,0,seasonal_crop
gap_length,2,222,0.17597491715950264,0.0,A,4,0,seasonal_crop
gap_length,3,51,0.1536699954972711,0.0,A,4,0,seasonal_crop
gap_length,5,20,0.15699340037254444,0.0,A,4,0,seasonal_crop
left_distance_bin,0-7,1044,0.17661895365911093,0.0,A,4,0,seasonal_crop
left_distance_bin,16-30,23,0.15670306776949613,0.0,A,4,0,seasonal_crop
left_distance_bin,31+,20,0.15873487292987554,0.0,A,4,0,seasonal_crop
left_distance_bin,8-15,111,0.1816375300862962,0.0,A,4,0,seasonal_crop
left_distance_bin,none,2,0.2649864969911252,0.0,A,4,0,seasonal_crop
right_distance_bin,0-7,1010,0.17795750935520677,0.0,A,4,0,seasonal_crop
right_distance_bin,16-30,27,0.18801409517778014,0.0,A,4,0,seasonal_crop
right_distance_bin,31+,13,0.11212427464803333,0.0,A,4,0,seasonal_crop
right_distance_bin,8-15,150,0.16999336740970414,0.0,A,4,0,seasonal_crop
year,2010,27,0.13976342934931038,0.0,A,4,0,seasonal_crop
year,2011,45,0.13270582886276872,0.0,A,4,0,seasonal_crop
year,2012,31,0.19401977863115843,0.0,A,4,0,seasonal_crop
year,2013,33,0.17647170762079234,0.0,A,4,0,seasonal_crop
year,2014,36,0.1534870338803106,0.0,A,4,0,seasonal_crop
year,2015,34,0.16275652175573543,0.0,A,4,0,seasonal_crop
year,2016,30,0.1563902667382826,0.0,A,4,0,seasonal_crop
year,2017,108,0.1663392229569276,0.0,A,4,0,seasonal_crop
year,2018,60,0.16738598466799173,0.0,A,4,0,seasonal_crop
year,2019,159,0.1832128702534027,0.0,A,4,0,seasonal_crop
year,2020,148,0.1706703022419895,0.0,A,4,0,seasonal_crop
year,2021,114,0.1610876992097901,0.0,A,4,0,seasonal_crop
year,2022,118,0.20178538641248348,0.0,A,4,0,seasonal_crop
year,2023,142,0.19073148419667882,0.0,A,4,0,seasonal_crop
year,2024,115,0.19099282694054873,0.0,A,4,0,seasonal_crop
confidence_bin,low,105,0.1644324090376123,0.0,A,4,0,seasonal_crop
confidence_bin,medium,862,0.17950409556492644,0.0,A,4,0,seasonal_crop
confidence_bin,high,233,0.17113576795615887,0.0,A,4,0,seasonal_crop
overall,all,1200,0.08898099861011405,3.31,A,4,0,pchip
seen_polygon,False,1008,0.0889040267696791,3.33,A,4,0,pchip
seen_polygon,True,192,0.08938401331920011,3.18,A,4,0,pchip
crop_type,зерновые,242,0.07058231064160618,8.83,A,4,0,pchip
crop_type,озимая пшеница,824,0.09670183037543995,0.99,A,4,0,pchip
crop_type,пастбища/зерновые,100,0.05971002985182318,12.09,A,4,0,pchip
crop_type,подсолнечник,34,0.0828849614367907,5.13,A,4,0,pchip
source_label,landsat,493,0.08295277106611829,5.11,A,4,0,pchip
source_label,modis,185,0.12517391703213862,0.0,A,4,0,pchip
source_label,s2,522,0.07841893708155483,6.47,A,4,0,pchip
gap_length,1,907,0.08671024763322789,3.99,A,4,0,pchip
gap_length,2,222,0.10162450078956219,0.0,A,4,0,pchip
gap_length,3,51,0.06812018241052505,9.56,A,4,0,pchip
gap_length,5,20,0.08727505697561617,3.82,A,4,0,pchip
left_distance_bin,0-7,1044,0.08599454595749735,4.2,A,4,0,pchip
left_distance_bin,16-30,23,0.10849656823240593,0.0,A,4,0,pchip
left_distance_bin,31+,20,0.14676670103884745,0.0,A,4,0,pchip
left_distance_bin,8-15,111,0.09758801651471448,0.72,A,4,0,pchip
left_distance_bin,none,2,0.10498437138315779,0.0,A,4,0,pchip
right_distance_bin,0-7,1010,0.0857802316393429,4.27,A,4,0,pchip
right_distance_bin,16-30,27,0.12079781578184141,0.0,A,4,0,pchip
right_distance_bin,31+,13,0.08167459554145724,5.5,A,4,0,pchip
right_distance_bin,8-15,150,0.10291110949446663,0.0,A,4,0,pchip
year,2010,27,0.10225556990884001,0.0,A,4,0,pchip
year,2011,45,0.10064983360981496,0.0,A,4,0,pchip
year,2012,31,0.13824552663919185,0.0,A,4,0,pchip
year,2013,33,0.10808113421487696,0.0,A,4,0,pchip
year,2014,36,0.10105681441547536,0.0,A,4,0,pchip
year,2015,34,0.08378192095900858,4.87,A,4,0,pchip
year,2016,30,0.0755226135248426,7.34,A,4,0,pchip
year,2017,108,0.08258698341447764,5.22,A,4,0,pchip
year,2018,60,0.08603040396274156,4.19,A,4,0,pchip
year,2019,159,0.08958672798194904,3.12,A,4,0,pchip
year,2020,148,0.07563881680674876,7.31,A,4,0,pchip
year,2021,114,0.09704753471694816,0.89,A,4,0,pchip
year,2022,118,0.10490732478261254,0.0,A,4,0,pchip
year,2023,142,0.06993400400700209,9.02,A,4,0,pchip
year,2024,115,0.07443810823322307,7.67,A,4,0,pchip
confidence_bin,low,105,0.08932686538025962,3.2,A,4,0,pchip
confidence_bin,medium,862,0.08924467288558292,3.23,A,4,0,pchip
confidence_bin,high,233,0.08784059821243448,3.65,A,4,0,pchip
overall,all,1200,0.09342864328927833,1.97,A,4,0,akima
seen_polygon,False,1008,0.09391078650100866,1.83,A,4,0,akima
seen_polygon,True,192,0.09085542419949628,2.74,A,4,0,akima
crop_type,зерновые,242,0.07355110984663685,7.93,A,4,0,akima
crop_type,озимая пшеница,824,0.10150822329641174,0.0,A,4,0,akima
crop_type,пастбища/зерновые,100,0.06215654192109097,11.35,A,4,0,akima
crop_type,подсолнечник,34,0.09215670750418069,2.35,A,4,0,akima
source_label,landsat,493,0.08855721338616351,3.43,A,4,0,akima
source_label,modis,185,0.1314867300714944,0.0,A,4,0,akima
source_label,s2,522,0.08082405645288639,5.75,A,4,0,akima
gap_length,1,907,0.08949854476492071,3.15,A,4,0,akima
gap_length,2,222,0.11070293373634343,0.0,A,4,0,akima
gap_length,3,51,0.07922189139633672,6.23,A,4,0,akima
gap_length,5,20,0.09189958781580025,2.43,A,4,0,akima
left_distance_bin,0-7,1044,0.08890589332274008,3.33,A,4,0,akima
left_distance_bin,16-30,23,0.1123743963223636,0.0,A,4,0,akima
left_distance_bin,31+,20,0.17647321636296892,0.0,A,4,0,akima
left_distance_bin,8-15,111,0.10769095666664051,0.0,A,4,0,akima
left_distance_bin,none,2,0.10498437138315779,0.0,A,4,0,akima
right_distance_bin,0-7,1010,0.08853153829278919,3.44,A,4,0,akima
right_distance_bin,16-30,27,0.1300176270719761,0.0,A,4,0,akima
right_distance_bin,31+,13,0.1077082070998994,0.0,A,4,0,akima
right_distance_bin,8-15,150,0.11405392163961939,0.0,A,4,0,akima
year,2010,27,0.11832726255417278,0.0,A,4,0,akima
year,2011,45,0.10178500102196888,0.0,A,4,0,akima
year,2012,31,0.139527562886663,0.0,A,4,0,akima
year,2013,33,0.1097472006354585,0.0,A,4,0,akima
year,2014,36,0.10948641961004728,0.0,A,4,0,akima
year,2015,34,0.09768731967894595,0.69,A,4,0,akima
year,2016,30,0.07524272039261468,7.43,A,4,0,akima
year,2017,108,0.08705606897321062,3.88,A,4,0,akima
year,2018,60,0.08948858218474347,3.15,A,4,0,akima
year,2019,159,0.09209807650236758,2.37,A,4,0,akima
year,2020,148,0.08099448652338453,5.7,A,4,0,akima
year,2021,114,0.10135267154550805,0.0,A,4,0,akima
year,2022,118,0.1123016474631246,0.0,A,4,0,akima
year,2023,142,0.07394662885392153,7.82,A,4,0,akima
year,2024,115,0.0751460820458021,7.46,A,4,0,akima
confidence_bin,low,105,0.09280564589502444,2.16,A,4,0,akima
confidence_bin,medium,862,0.09285900727500686,2.14,A,4,0,akima
confidence_bin,high,233,0.09577985630576435,1.27,A,4,0,akima
overall,all,1200,0.10853124742424741,0.0,B,0,0,nearest_left
seen_polygon,False,1200,0.10853124742424741,0.0,B,0,0,nearest_left
crop_type,зерновые,319,0.08006668784710648,5.98,B,0,0,nearest_left
crop_type,озимая пшеница,810,0.11745857436039607,0.0,B,0,0,nearest_left
crop_type,подсолнечник,71,0.11350090370252759,0.0,B,0,0,nearest_left
source_label,landsat,516,0.09380471149388338,1.86,B,0,0,nearest_left
source_label,modis,192,0.14917288166581985,0.0,B,0,0,nearest_left
source_label,s2,492,0.10400415811588873,0.0,B,0,0,nearest_left
gap_length,1,864,0.10719012864639951,0.0,B,0,0,nearest_left
gap_length,2,272,0.10715430562916703,0.0,B,0,0,nearest_left
gap_length,3,45,0.12497825758008646,0.0,B,0,0,nearest_left
gap_length,4,4,0.05549457574828364,13.35,B,0,0,nearest_left
gap_length,5,15,0.15692916296989062,0.0,B,0,0,nearest_left
left_distance_bin,0-7,988,0.10116824417882697,0.0,B,0,0,nearest_left
left_distance_bin,16-30,37,0.11932969159042989,0.0,B,0,0,nearest_left
left_distance_bin,31+,24,0.1641494982504752,0.0,B,0,0,nearest_left
left_distance_bin,8-15,150,0.13771260835907848,0.0,B,0,0,nearest_left
left_distance_bin,none,1,0.0662154558544113,10.14,B,0,0,nearest_left
right_distance_bin,0-7,974,0.10413242201026167,0.0,B,0,0,nearest_left
right_distance_bin,16-30,29,0.12344281473911793,0.0,B,0,0,nearest_left
right_distance_bin,31+,16,0.09504720061118693,1.49,B,0,0,nearest_left
right_distance_bin,8-15,180,0.12873261348349047,0.0,B,0,0,nearest_left
right_distance_bin,none,1,0.06151901902772486,11.54,B,0,0,nearest_left
year,2010,45,0.11543962064925549,0.0,B,0,0,nearest_left
year,2011,41,0.09376167262688362,1.87,B,0,0,nearest_left
year,2012,30,0.13353888672123893,0.0,B,0,0,nearest_left
year,2013,37,0.08732336734556934,3.8,B,0,0,nearest_left
year,2014,46,0.11317792609505396,0.0,B,0,0,nearest_left
year,2015,34,0.10991382692148319,0.0,B,0,0,nearest_left
year,2016,41,0.17001425082780494,0.0,B,0,0,nearest_left
year,2017,86,0.10869511334336382,0.0,B,0,0,nearest_left
year,2018,89,0.09455452888434071,1.63,B,0,0,nearest_left
year,2019,122,0.09375337355491456,1.87,B,0,0,nearest_left
year,2020,135,0.09804499047739472,0.59,B,0,0,nearest_left
year,2021,110,0.1421574500132448,0.0,B,0,0,nearest_left
year,2022,139,0.09929732129997405,0.21,B,0,0,nearest_left
year,2023,127,0.10581841909838652,0.0,B,0,0,nearest_left
year,2024,118,0.0909037253514726,2.73,B,0,0,nearest_left
confidence_bin,low,66,0.1416581232747628,0.0,B,0,0,nearest_left
confidence_bin,medium,781,0.10231903650654367,0.0,B,0,0,nearest_left
confidence_bin,high,353,0.11457497215609021,0.0,B,0,0,nearest_left
overall,all,1200,0.11265824959354483,0.0,B,0,0,nearest_right
seen_polygon,False,1200,0.11265824959354483,0.0,B,0,0,nearest_right
crop_type,зерновые,319,0.0832587121696796,5.02,B,0,0,nearest_right
crop_type,озимая пшеница,810,0.12276925809456152,0.0,B,0,0,nearest_right
crop_type,подсолнечник,71,0.10683604342726147,0.0,B,0,0,nearest_right
source_label,landsat,516,0.11019221397010572,0.0,B,0,0,nearest_right
source_label,modis,192,0.11962904405371051,0.0,B,0,0,nearest_right
source_label,s2,492,0.11241153230534141,0.0,B,0,0,nearest_right
gap_length,1,864,0.11208359802498308,0.0,B,0,0,nearest_right
gap_length,2,272,0.11437300428969231,0.0,B,0,0,nearest_right
gap_length,3,45,0.09965847413220406,0.1,B,0,0,nearest_right
gap_length,4,4,0.22625536252140824,0.0,B,0,0,nearest_right
gap_length,5,15,0.10528584139871991,0.0,B,0,0,nearest_right
left_distance_bin,0-7,988,0.10885235516113723,0.0,B,0,0,nearest_right
left_distance_bin,16-30,37,0.10597488926770635,0.0,B,0,0,nearest_right
left_distance_bin,31+,24,0.12422096666266455,0.0,B,0,0,nearest_right
left_distance_bin,8-15,150,0.13499008194664083,0.0,B,0,0,nearest_right
left_distance_bin,none,1,0.0662154558544113,10.14,B,0,0,nearest_right
right_distance_bin,0-7,974,0.10271919411611684,0.0,B,0,0,nearest_right
right_distance_bin,16-30,29,0.1330605713618054,0.0,B,0,0,nearest_right
right_distance_bin,31+,16,0.20227526183945646,0.0,B,0,0,nearest_right
right_distance_bin,8-15,180,0.14494211885610064,0.0,B,0,0,nearest_right
right_distance_bin,none,1,0.06151901902772486,11.54,B,0,0,nearest_right
year,2010,45,0.10591274473211683,0.0,B,0,0,nearest_right
year,2011,41,0.09775805672864796,0.67,B,0,0,nearest_right
year,2012,30,0.09656158908840347,1.03,B,0,0,nearest_right
year,2013,37,0.10254072671879276,0.0,B,0,0,nearest_right
year,2014,46,0.11171022739299491,0.0,B,0,0,nearest_right
year,2015,34,0.11019459766858695,0.0,B,0,0,nearest_right
year,2016,41,0.1632058053489852,0.0,B,0,0,nearest_right
year,2017,86,0.11039260936512774,0.0,B,0,0,nearest_right
year,2018,89,0.09093252090059183,2.72,B,0,0,nearest_right
year,2019,122,0.09093578314128217,2.72,B,0,0,nearest_right
year,2020,135,0.10199637139407555,0.0,B,0,0,nearest_right
year,2021,110,0.1596312059221626,0.0,B,0,0,nearest_right
year,2022,139,0.12153207333192802,0.0,B,0,0,nearest_right
year,2023,127,0.10554941111771213,0.0,B,0,0,nearest_right
year,2024,118,0.09732490573142596,0.8,B,0,0,nearest_right
confidence_bin,low,66,0.15115367072308156,0.0,B,0,0,nearest_right
confidence_bin,medium,781,0.11119999151288118,0.0,B,0,0,nearest_right
confidence_bin,high,353,0.10730961469772393,0.0,B,0,0,nearest_right
overall,all,1200,0.09294754536653899,2.12,B,0,0,mean_neighbors
seen_polygon,False,1200,0.09294754536653899,2.12,B,0,0,mean_neighbors
crop_type,зерновые,319,0.06969370858114182,9.09,B,0,0,mean_neighbors
crop_type,озимая пшеница,810,0.10112004390534057,0.0,B,0,0,mean_neighbors
crop_type,подсолнечник,71,0.0868202951569717,3.95,B,0,0,mean_neighbors
source_label,landsat,516,0.08055765295716727,5.83,B,0,0,mean_neighbors
source_label,modis,192,0.12237570072788673,0.0,B,0,0,mean_neighbors
source_label,s2,492,0.09176608658865049,2.47,B,0,0,mean_neighbors
gap_length,1,864,0.09246132378776425,2.26,B,0,0,mean_neighbors
gap_length,2,272,0.09334947608145995,2.0,B,0,0,mean_neighbors
gap_length,3,45,0.09546755840784986,1.36,B,0,0,mean_neighbors
gap_length,4,4,0.11141010436087097,0.0,B,0,0,mean_neighbors
gap_length,5,15,0.1002174034863053,0.0,B,0,0,mean_neighbors
left_distance_bin,0-7,988,0.08833567113553056,3.5,B,0,0,mean_neighbors
left_distance_bin,16-30,37,0.08539238981375909,4.38,B,0,0,mean_neighbors
left_distance_bin,31+,24,0.12739616885839225,0.0,B,0,0,mean_neighbors
left_distance_bin,8-15,150,0.11529223144149132,0.0,B,0,0,mean_neighbors
left_distance_bin,none,1,0.0662154558544113,10.14,B,0,0,mean_neighbors
right_distance_bin,0-7,974,0.0872340050788899,3.83,B,0,0,mean_neighbors
right_distance_bin,16-30,29,0.09719928428139256,0.84,B,0,0,mean_neighbors
right_distance_bin,31+,16,0.11213423642899127,0.0,B,0,0,mean_neighbors
right_distance_bin,8-15,180,0.11728939853898718,0.0,B,0,0,mean_neighbors
right_distance_bin,none,1,0.06151901902772486,11.54,B,0,0,mean_neighbors
year,2010,45,0.08590377887528639,4.23,B,0,0,mean_neighbors
year,2011,41,0.07761375253598163,6.72,B,0,0,mean_neighbors
year,2012,30,0.09552913747151885,1.34,B,0,0,mean_neighbors
year,2013,37,0.07341974284582542,7.97,B,0,0,mean_neighbors
year,2014,46,0.09758415305629538,0.72,B,0,0,mean_neighbors
year,2015,34,0.08053210471754818,5.84,B,0,0,mean_neighbors
year,2016,41,0.1459374458517274,0.0,B,0,0,mean_neighbors
year,2017,86,0.08717131311372975,3.85,B,0,0,mean_neighbors
year,2018,89,0.07157463935600844,8.53,B,0,0,mean_neighbors
year,2019,122,0.07946353164263999,6.16,B,0,0,mean_neighbors
year,2020,135,0.08774268927794594,3.68,B,0,0,mean_neighbors
year,2021,110,0.13068559529262536,0.0,B,0,0,mean_neighbors
year,2022,139,0.09368906749314451,1.89,B,0,0,mean_neighbors
year,2023,127,0.08368708413244225,4.89,B,0,0,mean_neighbors
year,2024,118,0.0861475504751439,4.16,B,0,0,mean_neighbors
confidence_bin,low,66,0.1373751936103479,0.0,B,0,0,mean_neighbors
confidence_bin,medium,781,0.0887940602007293,3.36,B,0,0,mean_neighbors
confidence_bin,high,353,0.0916305296825935,2.51,B,0,0,mean_neighbors
overall,all,1200,0.09320773970720757,2.04,B,0,0,linear
seen_polygon,False,1200,0.09320773970720757,2.04,B,0,0,linear
crop_type,зерновые,319,0.07150565978706679,8.55,B,0,0,linear
crop_type,озимая пшеница,810,0.1007955318678523,0.0,B,0,0,linear
crop_type,подсолнечник,71,0.08918761352157498,3.24,B,0,0,linear
source_label,landsat,516,0.08124671874478433,5.63,B,0,0,linear
source_label,modis,192,0.12154430449225065,0.0,B,0,0,linear
source_label,s2,492,0.09220281550492315,2.34,B,0,0,linear
gap_length,1,864,0.09249683419923778,2.25,B,0,0,linear
gap_length,2,272,0.0936247142686404,1.91,B,0,0,linear
gap_length,3,45,0.09864989226532836,0.41,B,0,0,linear
gap_length,4,4,0.09885365254151475,0.34,B,0,0,linear
gap_length,5,15,0.10704091769424928,0.0,B,0,0,linear
left_distance_bin,0-7,988,0.08944693975335262,3.17,B,0,0,linear
left_distance_bin,16-30,37,0.09635470333988656,1.09,B,0,0,linear
left_distance_bin,31+,24,0.12360475222500888,0.0,B,0,0,linear
left_distance_bin,8-15,150,0.10972380871773016,0.0,B,0,0,linear
left_distance_bin,none,1,0.0662154558544113,10.14,B,0,0,linear
right_distance_bin,0-7,974,0.0873491286746503,3.8,B,0,0,linear
right_distance_bin,16-30,29,0.09882473557348886,0.35,B,0,0,linear
right_distance_bin,31+,16,0.0906833195728593,2.8,B,0,0,linear
right_distance_bin,8-15,180,0.11960913411099759,0.0,B,0,0,linear
right_distance_bin,none,1,0.06151901902772486,11.54,B,0,0,linear
year,2010,45,0.07086207194977084,8.74,B,0,0,linear
year,2011,41,0.08175293796092145,5.47,B,0,0,linear
year,2012,30,0.09096731800079756,2.71,B,0,0,linear
year,2013,37,0.0676218830064548,9.71,B,0,0,linear
year,2014,46,0.09614587783443562,1.16,B,0,0,linear
year,2015,34,0.08917881860723739,3.25,B,0,0,linear
year,2016,41,0.13976351605853063,0.0,B,0,0,linear
year,2017,86,0.08388197491798689,4.84,B,0,0,linear
year,2018,89,0.07251337204514935,8.25,B,0,0,linear
year,2019,122,0.08042107075918212,5.87,B,0,0,linear
year,2020,135,0.08960270578104734,3.12,B,0,0,linear
year,2021,110,0.13592992972521903,0.0,B,0,0,linear
year,2022,139,0.09258918857610836,2.22,B,0,0,linear
year,2023,127,0.08547563938104685,4.36,B,0,0,linear
year,2024,118,0.08797766752516056,3.61,B,0,0,linear
confidence_bin,low,66,0.1374667583006833,0.0,B,0,0,linear
confidence_bin,medium,781,0.08993591038891825,3.02,B,0,0,linear
confidence_bin,high,353,0.09002543806522717,2.99,B,0,0,linear
overall,all,1200,0.1617651789161339,0.0,B,0,0,seasonal_crop
seen_polygon,False,1200,0.1617651789161339,0.0,B,0,0,seasonal_crop
crop_type,зерновые,319,0.15112098479879427,0.0,B,0,0,seasonal_crop
crop_type,озимая пшеница,810,0.1673943239320014,0.0,B,0,0,seasonal_crop
crop_type,подсолнечник,71,0.1413960716381019,0.0,B,0,0,seasonal_crop
source_label,landsat,516,0.16723393211230606,0.0,B,0,0,seasonal_crop
source_label,modis,192,0.14579868125896728,0.0,B,0,0,seasonal_crop
source_label,s2,492,0.16185601381476739,0.0,B,0,0,seasonal_crop
gap_length,1,864,0.16475357681949837,0.0,B,0,0,seasonal_crop
gap_length,2,272,0.15144194292735225,0.0,B,0,0,seasonal_crop
gap_length,3,45,0.147898693994723,0.0,B,0,0,seasonal_crop
gap_length,4,4,0.37894392246659764,0.0,B,0,0,seasonal_crop
gap_length,5,15,0.10080420184073677,0.0,B,0,0,seasonal_crop
left_distance_bin,0-7,988,0.16281344054294627,0.0,B,0,0,seasonal_crop
left_distance_bin,16-30,37,0.12398096871907592,0.0,B,0,0,seasonal_crop
left_distance_bin,31+,24,0.13150054252217386,0.0,B,0,0,seasonal_crop
left_distance_bin,8-15,150,0.16786878384136433,0.0,B,0,0,seasonal_crop
left_distance_bin,none,1,0.026567128508191318,22.03,B,0,0,seasonal_crop
right_distance_bin,0-7,974,0.16147613733273417,0.0,B,0,0,seasonal_crop
right_distance_bin,16-30,29,0.16082226341527286,0.0,B,0,0,seasonal_crop
right_distance_bin,31+,16,0.09057867589159604,2.83,B,0,0,seasonal_crop
right_distance_bin,8-15,180,0.16861386490274272,0.0,B,0,0,seasonal_crop
right_distance_bin,none,1,0.0782712265009382,6.52,B,0,0,seasonal_crop
year,2010,45,0.16640956373674473,0.0,B,0,0,seasonal_crop
year,2011,41,0.16897682869209496,0.0,B,0,0,seasonal_crop
year,2012,30,0.11506750627070376,0.0,B,0,0,seasonal_crop
year,2013,37,0.17797366225422226,0.0,B,0,0,seasonal_crop
year,2014,46,0.13224021213827342,0.0,B,0,0,seasonal_crop
year,2015,34,0.1601410396431444,0.0,B,0,0,seasonal_crop
year,2016,41,0.166208899035236,0.0,B,0,0,seasonal_crop
year,2017,86,0.15037194868875733,0.0,B,0,0,seasonal_crop
year,2018,89,0.14532923446700066,0.0,B,0,0,seasonal_crop
year,2019,122,0.1571142296977294,0.0,B,0,0,seasonal_crop
year,2020,135,0.15343233263446193,0.0,B,0,0,seasonal_crop
year,2021,110,0.1972532708161501,0.0,B,0,0,seasonal_crop
year,2022,139,0.18120145419181902,0.0,B,0,0,seasonal_crop
year,2023,127,0.1623859261686844,0.0,B,0,0,seasonal_crop
year,2024,118,0.14260844994504002,0.0,B,0,0,seasonal_crop
confidence_bin,low,66,0.1989931029191082,0.0,B,0,0,seasonal_crop
confidence_bin,medium,781,0.1592975857782801,0.0,B,0,0,seasonal_crop
confidence_bin,high,353,0.1594043882898001,0.0,B,0,0,seasonal_crop
overall,all,1200,0.09693153622442996,0.92,B,0,0,pchip
seen_polygon,False,1200,0.09693153622442996,0.92,B,0,0,pchip
crop_type,зерновые,319,0.07433345151823577,7.7,B,0,0,pchip
crop_type,озимая пшеница,810,0.10476170761376535,0.0,B,0,0,pchip
crop_type,подсолнечник,71,0.09363417093153602,1.91,B,0,0,pchip
source_label,landsat,516,0.08533566920757818,4.4,B,0,0,pchip
source_label,modis,192,0.12518501595867432,0.0,B,0,0,pchip
source_label,s2,492,0.09572548059897534,1.28,B,0,0,pchip
gap_length,1,864,0.09561044502594229,1.32,B,0,0,pchip
gap_length,2,272,0.09718996326990227,0.84,B,0,0,pchip
gap_length,3,45,0.11007260733516643,0.0,B,0,0,pchip
gap_length,4,4,0.11650260921581453,0.0,B,0,0,pchip
gap_length,5,15,0.11774049424448342,0.0,B,0,0,pchip
left_distance_bin,0-7,988,0.09291673918852399,2.12,B,0,0,pchip
left_distance_bin,16-30,37,0.10341502518127431,0.0,B,0,0,pchip
left_distance_bin,31+,24,0.12408234653769085,0.0,B,0,0,pchip
left_distance_bin,8-15,150,0.1147561940365547,0.0,B,0,0,pchip
left_distance_bin,none,1,0.0662154558544113,10.14,B,0,0,pchip
right_distance_bin,0-7,974,0.09056780356819434,2.83,B,0,0,pchip
right_distance_bin,16-30,29,0.1098677543112702,0.0,B,0,0,pchip
right_distance_bin,31+,16,0.09590436195797143,1.23,B,0,0,pchip
right_distance_bin,8-15,180,0.12437850390555276,0.0,B,0,0,pchip
right_distance_bin,none,1,0.06151901902772486,11.54,B,0,0,pchip
year,2010,45,0.07280338332552114,8.16,B,0,0,pchip
year,2011,41,0.0862944245989967,4.11,B,0,0,pchip
year,2012,30,0.09559334185084731,1.32,B,0,0,pchip
year,2013,37,0.06818700386705903,9.54,B,0,0,pchip
year,2014,46,0.09914961561634685,0.26,B,0,0,pchip
year,2015,34,0.09208071998199686,2.38,B,0,0,pchip
year,2016,41,0.14952142956019995,0.0,B,0,0,pchip
year,2017,86,0.08801643435354163,3.6,B,0,0,pchip
year,2018,89,0.07488825873584085,7.53,B,0,0,pchip
year,2019,122,0.08266921907348967,5.2,B,0,0,pchip
year,2020,135,0.0934105980777632,1.98,B,0,0,pchip
year,2021,110,0.14062696766730662,0.0,B,0,0,pchip
year,2022,139,0.09611615051500601,1.17,B,0,0,pchip
year,2023,127,0.0906473688475735,2.81,B,0,0,pchip
year,2024,118,0.08961455256425002,3.12,B,0,0,pchip
confidence_bin,low,66,0.13969320043402206,0.0,B,0,0,pchip
confidence_bin,medium,781,0.09377243686140388,1.87,B,0,0,pchip
confidence_bin,high,353,0.09400420245414974,1.8,B,0,0,pchip
overall,all,1200,0.10034701083108921,0.0,B,0,0,akima
seen_polygon,False,1200,0.10034701083108921,0.0,B,0,0,akima
crop_type,зерновые,319,0.07772645372946711,6.68,B,0,0,akima
crop_type,озимая пшеница,810,0.107814882297582,0.0,B,0,0,akima
crop_type,подсолнечник,71,0.10214188016748585,0.0,B,0,0,akima
source_label,landsat,516,0.08842024341950717,3.47,B,0,0,akima
source_label,modis,192,0.12833567552580866,0.0,B,0,0,akima
source_label,s2,492,0.09966425739391871,0.1,B,0,0,akima
gap_length,1,864,0.09732110802293409,0.8,B,0,0,akima
gap_length,2,272,0.1024506331986841,0.0,B,0,0,akima
gap_length,3,45,0.133777361223424,0.0,B,0,0,akima
gap_length,4,4,0.10367742008079499,0.0,B,0,0,akima
gap_length,5,15,0.11455943518765822,0.0,B,0,0,akima
left_distance_bin,0-7,988,0.09431630212078655,1.71,B,0,0,akima
left_distance_bin,16-30,37,0.11804724648172203,0.0,B,0,0,akima
left_distance_bin,31+,24,0.133004080093178,0.0,B,0,0,akima
left_distance_bin,8-15,150,0.1251682030579059,0.0,B,0,0,akima
left_distance_bin,none,1,0.0662154558544113,10.14,B,0,0,akima
right_distance_bin,0-7,974,0.09172920304869958,2.48,B,0,0,akima
right_distance_bin,16-30,29,0.13131304939123564,0.0,B,0,0,akima
right_distance_bin,31+,16,0.15002927363805987,0.0,B,0,0,akima
right_distance_bin,8-15,180,0.12961428490320667,0.0,B,0,0,akima
right_distance_bin,none,1,0.06151901902772486,11.54,B,0,0,akima
year,2010,45,0.07411618667953192,7.77,B,0,0,akima
year,2011,41,0.08968102795915271,3.1,B,0,0,akima
year,2012,30,0.09614076076242462,1.16,B,0,0,akima
year,2013,37,0.06839464417914089,9.48,B,0,0,akima
year,2014,46,0.09793064878026347,0.62,B,0,0,akima
year,2015,34,0.103912178029053,0.0,B,0,0,akima
year,2016,41,0.17057634328008237,0.0,B,0,0,akima
year,2017,86,0.0872560630908419,3.82,B,0,0,akima
year,2018,89,0.07639604083681419,7.08,B,0,0,akima
year,2019,122,0.08403491283603937,4.79,B,0,0,akima
year,2020,135,0.10124639406129998,0.0,B,0,0,akima
year,2021,110,0.14451969225208305,0.0,B,0,0,akima
year,2022,139,0.09744736603475959,0.77,B,0,0,akima
year,2023,127,0.09016871173064432,2.95,B,0,0,akima
year,2024,118,0.09137870979135784,2.59,B,0,0,akima
confidence_bin,low,66,0.14143734832360225,0.0,B,0,0,akima
confidence_bin,medium,781,0.09650335478843552,1.05,B,0,0,akima
confidence_bin,high,353,0.09942833215662208,0.17,B,0,0,akima
overall,all,1200,0.11725406029115654,0.0,B,0,1,nearest_left
seen_polygon,False,1200,0.11725406029115654,0.0,B,0,1,nearest_left
crop_type,зерновые,277,0.08812848107913937,3.56,B,0,1,nearest_left
crop_type,озимая пшеница,856,0.12690888174185277,0.0,B,0,1,nearest_left
crop_type,подсолнечник,67,0.09144295120544124,2.57,B,0,1,nearest_left
source_label,landsat,448,0.10427878771647278,0.0,B,0,1,nearest_left
source_label,modis,200,0.15763739750898592,0.0,B,0,1,nearest_left
source_label,s2,552,0.10981478472123496,0.0,B,0,1,nearest_left
gap_length,1,863,0.11559552930055092,0.0,B,0,1,nearest_left
gap_length,2,236,0.12033618292567771,0.0,B,0,1,nearest_left
gap_length,3,57,0.10239065193209071,0.0,B,0,1,nearest_left
gap_length,4,24,0.1183377671087005,0.0,B,0,1,nearest_left
gap_length,5,20,0.17541248298123263,0.0,B,0,1,nearest_left
left_distance_bin,0-7,1002,0.11003197209695835,0.0,B,0,1,nearest_left
left_distance_bin,16-30,34,0.11810665981192793,0.0,B,0,1,nearest_left
left_distance_bin,31+,20,0.29039244840116885,0.0,B,0,1,nearest_left
left_distance_bin,8-15,142,0.12364646340995869,0.0,B,0,1,nearest_left
left_distance_bin,none,2,0.13262978879069426,0.0,B,0,1,nearest_left
right_distance_bin,0-7,991,0.1148025165720048,0.0,B,0,1,nearest_left
right_distance_bin,16-30,32,0.15117683726970768,0.0,B,0,1,nearest_left
right_distance_bin,31+,17,0.1321484828032417,0.0,B,0,1,nearest_left
right_distance_bin,8-15,160,0.12270390206377625,0.0,B,0,1,nearest_left
year,2010,39,0.10656395986609032,0.0,B,0,1,nearest_left
year,2011,28,0.1162229717543171,0.0,B,0,1,nearest_left
year,2012,28,0.12338555881082308,0.0,B,0,1,nearest_left
year,2013,29,0.16366742215108537,0.0,B,0,1,nearest_left
year,2014,46,0.11130237603523951,0.0,B,0,1,nearest_left
year,2015,33,0.11816263555827289,0.0,B,0,1,nearest_left
year,2016,37,0.1310984588168764,0.0,B,0,1,nearest_left
year,2017,103,0.10596437677850042,0.0,B,0,1,nearest_left
year,2018,76,0.0934492353002614,1.97,B,0,1,nearest_left
year,2019,140,0.13668219280623464,0.0,B,0,1,nearest_left
year,2020,137,0.11827920272381906,0.0,B,0,1,nearest_left
year,2021,126,0.13824430269179996,0.0,B,0,1,nearest_left
year,2022,113,0.12006486255237943,0.0,B,0,1,nearest_left
year,2023,152,0.09945392543179482,0.16,B,0,1,nearest_left
year,2024,113,0.08997123697228504,3.01,B,0,1,nearest_left
confidence_bin,low,90,0.10623588998773381,0.0,B,0,1,nearest_left
confidence_bin,medium,788,0.11604358997167795,0.0,B,0,1,nearest_left
confidence_bin,high,322,0.12299539651097384,0.0,B,0,1,nearest_left
overall,all,1200,0.11375778761680727,0.0,B,0,1,nearest_right
seen_polygon,False,1200,0.11375778761680727,0.0,B,0,1,nearest_right
crop_type,зерновые,277,0.08467374119893373,4.6,B,0,1,nearest_right
crop_type,озимая пшеница,856,0.12219610694075402,0.0,B,0,1,nearest_right
crop_type,подсолнечник,67,0.10659685063200015,0.0,B,0,1,nearest_right
source_label,landsat,448,0.11059968419299411,0.0,B,0,1,nearest_right
source_label,modis,200,0.11677856933507332,0.0,B,0,1,nearest_right
source_label,s2,552,0.11516755481615354,0.0,B,0,1,nearest_right
gap_length,1,863,0.10580547649374292,0.0,B,0,1,nearest_right
gap_length,2,236,0.1052612739253329,0.0,B,0,1,nearest_right
gap_length,3,57,0.12386524950408634,0.0,B,0,1,nearest_right
gap_length,4,24,0.13155865199293731,0.0,B,0,1,nearest_right
gap_length,5,20,0.31329796818685657,0.0,B,0,1,nearest_right
left_distance_bin,0-7,1002,0.11135632066077444,0.0,B,0,1,nearest_right
left_distance_bin,16-30,34,0.10289913510473232,0.0,B,0,1,nearest_right
left_distance_bin,31+,20,0.11614810767966298,0.0,B,0,1,nearest_right
left_distance_bin,8-15,142,0.13105696032040925,0.0,B,0,1,nearest_right
left_distance_bin,none,2,0.13262978879069426,0.0,B,0,1,nearest_right
right_distance_bin,0-7,991,0.10440850278129608,0.0,B,0,1,nearest_right
right_distance_bin,16-30,32,0.1642141200170196,0.0,B,0,1,nearest_right
right_distance_bin,31+,17,0.17548022249628895,0.0,B,0,1,nearest_right
right_distance_bin,8-15,160,0.14447250480433943,0.0,B,0,1,nearest_right
year,2010,39,0.0964919685248757,1.05,B,0,1,nearest_right
year,2011,28,0.09055639172721619,2.83,B,0,1,nearest_right
year,2012,28,0.1201960203811055,0.0,B,0,1,nearest_right
year,2013,29,0.09759120118889794,0.72,B,0,1,nearest_right
year,2014,46,0.09255198703728652,2.23,B,0,1,nearest_right
year,2015,33,0.11191407498361863,0.0,B,0,1,nearest_right
year,2016,37,0.14522366591178507,0.0,B,0,1,nearest_right
year,2017,103,0.1218329272874311,0.0,B,0,1,nearest_right
year,2018,76,0.07392862266830078,7.82,B,0,1,nearest_right
year,2019,140,0.11560450920697979,0.0,B,0,1,nearest_right
year,2020,137,0.12307450061772783,0.0,B,0,1,nearest_right
year,2021,126,0.161747183858691,0.0,B,0,1,nearest_right
year,2022,113,0.12240629352174884,0.0,B,0,1,nearest_right
year,2023,152,0.08296470725539151,5.11,B,0,1,nearest_right
year,2024,113,0.08101508726441653,5.7,B,0,1,nearest_right
confidence_bin,low,90,0.10708748494526288,0.0,B,0,1,nearest_right
confidence_bin,medium,788,0.11835852203032775,0.0,B,0,1,nearest_right
confidence_bin,high,322,0.10363005347165355,0.0,B,0,1,nearest_right
overall,all,1200,0.09452313704704444,1.64,B,0,1,mean_neighbors
seen_polygon,False,1200,0.09452313704704444,1.64,B,0,1,mean_neighbors
crop_type,зерновые,277,0.07380226768259078,7.86,B,0,1,mean_neighbors
crop_type,озимая пшеница,856,0.10082868322261875,0.0,B,0,1,mean_neighbors
crop_type,подсолнечник,67,0.08727492434213088,3.82,B,0,1,mean_neighbors
source_label,landsat,448,0.08530182010284748,4.41,B,0,1,mean_neighbors
source_label,modis,200,0.11849742641223739,0.0,B,0,1,mean_neighbors
source_label,s2,552,0.09181535386772095,2.46,B,0,1,mean_neighbors
gap_length,1,863,0.09042531629381537,2.87,B,0,1,mean_neighbors
gap_length,2,236,0.09195308717394839,2.41,B,0,1,mean_neighbors
gap_length,3,57,0.09409192468473745,1.77,B,0,1,mean_neighbors
gap_length,4,24,0.09477370445083595,1.57,B,0,1,mean_neighbors
gap_length,5,20,0.21787027508998597,0.0,B,0,1,mean_neighbors
left_distance_bin,0-7,1002,0.09255956187221936,2.23,B,0,1,mean_neighbors
left_distance_bin,16-30,34,0.07570322716114755,7.29,B,0,1,mean_neighbors
left_distance_bin,31+,20,0.14511738412691777,0.0,B,0,1,mean_neighbors
left_distance_bin,8-15,142,0.10229498177003526,0.0,B,0,1,mean_neighbors
left_distance_bin,none,2,0.13262978879069426,0.0,B,0,1,mean_neighbors
right_distance_bin,0-7,991,0.09051082253370346,2.85,B,0,1,mean_neighbors
right_distance_bin,16-30,32,0.1285571803604278,0.0,B,0,1,mean_neighbors
right_distance_bin,31+,17,0.12088175271576075,0.0,B,0,1,mean_neighbors
right_distance_bin,8-15,160,0.10682333211915433,0.0,B,0,1,mean_neighbors
year,2010,39,0.0789761025706686,6.31,B,0,1,mean_neighbors
year,2011,28,0.08827063351203256,3.52,B,0,1,mean_neighbors
year,2012,28,0.10383684128407339,0.0,B,0,1,mean_neighbors
year,2013,29,0.10701430511586416,0.0,B,0,1,mean_neighbors
year,2014,46,0.08123049790721736,5.63,B,0,1,mean_neighbors
year,2015,33,0.0858408190707963,4.25,B,0,1,mean_neighbors
year,2016,37,0.10273360644944245,0.0,B,0,1,mean_neighbors
year,2017,103,0.09287728819908864,2.14,B,0,1,mean_neighbors
year,2018,76,0.06624641895882807,10.13,B,0,1,mean_neighbors
year,2019,140,0.10926381895975219,0.0,B,0,1,mean_neighbors
year,2020,137,0.09974210855827119,0.08,B,0,1,mean_neighbors
year,2021,126,0.12082710918556726,0.0,B,0,1,mean_neighbors
year,2022,113,0.10854385032866107,0.0,B,0,1,mean_neighbors
year,2023,152,0.07077623695485222,8.77,B,0,1,mean_neighbors
year,2024,113,0.06653905610785481,10.04,B,0,1,mean_neighbors
confidence_bin,low,90,0.0900458270780521,2.99,B,0,1,mean_neighbors
confidence_bin,medium,788,0.09836218168986231,0.49,B,0,1,mean_neighbors
confidence_bin,high,322,0.08575227815078122,4.27,B,0,1,mean_neighbors
overall,all,1200,0.09674324447322201,0.98,B,0,1,linear
seen_polygon,False,1200,0.09674324447322201,0.98,B,0,1,linear
crop_type,зерновые,277,0.0746770860200069,7.6,B,0,1,linear
crop_type,озимая пшеница,856,0.1034113898066891,0.0,B,0,1,linear
crop_type,подсолнечник,67,0.08913999636946383,3.26,B,0,1,linear
source_label,landsat,448,0.08906360324076244,3.28,B,0,1,linear
source_label,modis,200,0.11517698874594066,0.0,B,0,1,linear
source_label,s2,552,0.09540414497584802,1.38,B,0,1,linear
gap_length,1,863,0.0939777267796321,1.81,B,0,1,linear
gap_length,2,236,0.09339182782789299,1.98,B,0,1,linear
gap_length,3,57,0.09008688806913012,2.97,B,0,1,linear
gap_length,4,24,0.09492602008394337,1.52,B,0,1,linear
gap_length,5,20,0.20880578268386324,0.0,B,0,1,linear
left_distance_bin,0-7,1002,0.09536679675693759,1.39,B,0,1,linear
left_distance_bin,16-30,34,0.0799332696234518,6.02,B,0,1,linear
left_distance_bin,31+,20,0.11075277432807713,0.0,B,0,1,linear
left_distance_bin,8-15,142,0.10682184871703038,0.0,B,0,1,linear
left_distance_bin,none,2,0.13262978879069426,0.0,B,0,1,linear
right_distance_bin,0-7,991,0.09357830724105624,1.93,B,0,1,linear
right_distance_bin,16-30,32,0.13554106368940516,0.0,B,0,1,linear
right_distance_bin,31+,17,0.13062312537200205,0.0,B,0,1,linear
right_distance_bin,8-15,160,0.10231916848620044,0.0,B,0,1,linear
year,2010,39,0.06517824956412864,10.45,B,0,1,linear
year,2011,28,0.09380102537489403,1.86,B,0,1,linear
year,2012,28,0.10853966187349856,0.0,B,0,1,linear
year,2013,29,0.10067346377056874,0.0,B,0,1,linear
year,2014,46,0.08325969234649809,5.02,B,0,1,linear
year,2015,33,0.09388265848024958,1.84,B,0,1,linear
year,2016,37,0.08445521243531802,4.66,B,0,1,linear
year,2017,103,0.09907670594750333,0.28,B,0,1,linear
year,2018,76,0.06957940710333566,9.13,B,0,1,linear
year,2019,140,0.11183946508501501,0.0,B,0,1,linear
year,2020,137,0.10151007312957401,0.0,B,0,1,linear
year,2021,126,0.12949677018748798,0.0,B,0,1,linear
year,2022,113,0.10713552549918863,0.0,B,0,1,linear
year,2023,152,0.07248604019485,8.25,B,0,1,linear
year,2024,113,0.0710977700394073,8.67,B,0,1,linear
confidence_bin,low,90,0.09060003514268772,2.82,B,0,1,linear
confidence_bin,medium,788,0.09906340131058432,0.28,B,0,1,linear
confidence_bin,high,322,0.09256976812738495,2.23,B,0,1,linear
overall,all,1200,0.17358447236605554,0.0,B,0,1,seasonal_crop
seen_polygon,False,1200,0.17358447236605554,0.0,B,0,1,seasonal_crop
crop_type,зерновые,277,0.10189681702976498,0.0,B,0,1,seasonal_crop
crop_type,озимая пшеница,856,0.19254814405136475,0.0,B,0,1,seasonal_crop
crop_type,подсолнечник,67,0.15189274654816465,0.0,B,0,1,seasonal_crop
source_label,landsat,448,0.1667389731134116,0.0,B,0,1,seasonal_crop
source_label,modis,200,0.1455224832027173,0.0,B,0,1,seasonal_crop
source_label,s2,552,0.18779459795204392,0.0,B,0,1,seasonal_crop
gap_length,1,863,0.1740902400975285,0.0,B,0,1,seasonal_crop
gap_length,2,236,0.17037021433839317,0.0,B,0,1,seasonal_crop
gap_length,3,57,0.15392690759540892,0.0,B,0,1,seasonal_crop
gap_length,4,24,0.213247890764711,0.0,B,0,1,seasonal_crop
gap_length,5,20,0.18848437768529208,0.0,B,0,1,seasonal_crop
left_distance_bin,0-7,1002,0.17135746393367599,0.0,B,0,1,seasonal_crop
left_distance_bin,16-30,34,0.17636371899030998,0.0,B,0,1,seasonal_crop
left_distance_bin,31+,20,0.20801360294191076,0.0,B,0,1,seasonal_crop
left_distance_bin,8-15,142,0.1823466334661606,0.0,B,0,1,seasonal_crop
left_distance_bin,none,2,0.21365758787155895,0.0,B,0,1,seasonal_crop
right_distance_bin,0-7,991,0.17518934471600503,0.0,B,0,1,seasonal_crop
right_distance_bin,16-30,32,0.17929705632947493,0.0,B,0,1,seasonal_crop
right_distance_bin,31+,17,0.08845105990685605,3.46,B,0,1,seasonal_crop
right_distance_bin,8-15,160,0.16920917493909332,0.0,B,0,1,seasonal_crop
year,2010,39,0.1380962482603746,0.0,B,0,1,seasonal_crop
year,2011,28,0.15926058785994546,0.0,B,0,1,seasonal_crop
year,2012,28,0.15184527703296777,0.0,B,0,1,seasonal_crop
year,2013,29,0.16922912311123192,0.0,B,0,1,seasonal_crop
year,2014,46,0.16952387187188867,0.0,B,0,1,seasonal_crop
year,2015,33,0.16999034390786052,0.0,B,0,1,seasonal_crop
year,2016,37,0.12811139257481155,0.0,B,0,1,seasonal_crop
year,2017,103,0.17306092021871936,0.0,B,0,1,seasonal_crop
year,2018,76,0.15748748247739447,0.0,B,0,1,seasonal_crop
year,2019,140,0.19536855205205403,0.0,B,0,1,seasonal_crop
year,2020,137,0.16533236060347334,0.0,B,0,1,seasonal_crop
year,2021,126,0.1765527263669438,0.0,B,0,1,seasonal_crop
year,2022,113,0.18737048477765647,0.0,B,0,1,seasonal_crop
year,2023,152,0.16645738787688852,0.0,B,0,1,seasonal_crop
year,2024,113,0.19233872557338516,0.0,B,0,1,seasonal_crop
confidence_bin,low,90,0.15170851447492167,0.0,B,0,1,seasonal_crop
confidence_bin,medium,788,0.17386648854167056,0.0,B,0,1,seasonal_crop
confidence_bin,high,322,0.17855180236327864,0.0,B,0,1,seasonal_crop
overall,all,1200,0.10138630924221514,0.0,B,0,1,pchip
seen_polygon,False,1200,0.10138630924221514,0.0,B,0,1,pchip
crop_type,зерновые,277,0.07639999566972684,7.08,B,0,1,pchip
crop_type,озимая пшеница,856,0.10889337532874609,0.0,B,0,1,pchip
crop_type,подсолнечник,67,0.09206859791158045,2.38,B,0,1,pchip
source_label,landsat,448,0.09327935415141911,2.02,B,0,1,pchip
source_label,modis,200,0.11819400582925872,0.0,B,0,1,pchip
source_label,s2,552,0.10110791027582909,0.0,B,0,1,pchip
gap_length,1,863,0.09743838913562627,0.77,B,0,1,pchip
gap_length,2,236,0.09820240305666893,0.54,B,0,1,pchip
gap_length,3,57,0.093026923138706,2.09,B,0,1,pchip
gap_length,4,24,0.10947796226062273,0.0,B,0,1,pchip
gap_length,5,20,0.23287839260316104,0.0,B,0,1,pchip
left_distance_bin,0-7,1002,0.09920057190966491,0.24,B,0,1,pchip
left_distance_bin,16-30,34,0.08248174095464773,5.26,B,0,1,pchip
left_distance_bin,31+,20,0.11484685296692998,0.0,B,0,1,pchip
left_distance_bin,8-15,142,0.11701384519629165,0.0,B,0,1,pchip
left_distance_bin,none,2,0.13262978879069426,0.0,B,0,1,pchip
right_distance_bin,0-7,991,0.09815483925635896,0.55,B,0,1,pchip
right_distance_bin,16-30,32,0.13503369933479592,0.0,B,0,1,pchip
right_distance_bin,31+,17,0.13201284776238148,0.0,B,0,1,pchip
right_distance_bin,8-15,160,0.10919021426895509,0.0,B,0,1,pchip
year,2010,39,0.06636120584112007,10.09,B,0,1,pchip
year,2011,28,0.09947538256529889,0.16,B,0,1,pchip
year,2012,28,0.11155577012459536,0.0,B,0,1,pchip
year,2013,29,0.10425220817499498,0.0,B,0,1,pchip
year,2014,46,0.08541609469399193,4.38,B,0,1,pchip
year,2015,33,0.09794395992855819,0.62,B,0,1,pchip
year,2016,37,0.08827707841125308,3.52,B,0,1,pchip
year,2017,103,0.10266773363757804,0.0,B,0,1,pchip
year,2018,76,0.07493618821781477,7.52,B,0,1,pchip
year,2019,140,0.115266601993416,0.0,B,0,1,pchip
year,2020,137,0.10458785762228247,0.0,B,0,1,pchip
year,2021,126,0.14211536428103774,0.0,B,0,1,pchip
year,2022,113,0.1085986265450135,0.0,B,0,1,pchip
year,2023,152,0.07775241042023519,6.67,B,0,1,pchip
year,2024,113,0.0737441232654681,7.88,B,0,1,pchip
confidence_bin,low,90,0.09535474276955329,1.39,B,0,1,pchip
confidence_bin,medium,788,0.10322243460109674,0.0,B,0,1,pchip
confidence_bin,high,322,0.09844528484759212,0.47,B,0,1,pchip
overall,all,1200,0.10578029640229487,0.0,B,0,1,akima
seen_polygon,False,1200,0.10578029640229487,0.0,B,0,1,akima
crop_type,зерновые,277,0.0775567831558055,6.73,B,0,1,akima
crop_type,озимая пшеница,856,0.11423863144449474,0.0,B,0,1,akima
crop_type,подсолнечник,67,0.09383991081715519,1.85,B,0,1,akima
source_label,landsat,448,0.0948503396173205,1.54,B,0,1,akima
source_label,modis,200,0.12296362827845965,0.0,B,0,1,akima
source_label,s2,552,0.10744802931335617,0.0,B,0,1,akima
gap_length,1,863,0.09951847807637172,0.14,B,0,1,akima
gap_length,2,236,0.10004195641134545,0.0,B,0,1,akima
gap_length,3,57,0.09722821603904452,0.83,B,0,1,akima
gap_length,4,24,0.19768742151649873,0.0,B,0,1,akima
gap_length,5,20,0.22820253893669779,0.0,B,0,1,akima
left_distance_bin,0-7,1002,0.10102524493496014,0.0,B,0,1,akima
left_distance_bin,16-30,34,0.0894225902586614,3.17,B,0,1,akima
left_distance_bin,31+,20,0.1324230652800111,0.0,B,0,1,akima
left_distance_bin,8-15,142,0.13382447879692297,0.0,B,0,1,akima
left_distance_bin,none,2,0.13262978879069426,0.0,B,0,1,akima
right_distance_bin,0-7,991,0.10026406308349003,0.0,B,0,1,akima
right_distance_bin,16-30,32,0.1373103192768375,0.0,B,0,1,akima
right_distance_bin,31+,17,0.14894865194146312,0.0,B,0,1,akima
right_distance_bin,8-15,160,0.12461114634478379,0.0,B,0,1,akima
year,2010,39,0.07749675764108192,6.75,B,0,1,akima
year,2011,28,0.11144364029111087,0.0,B,0,1,akima
year,2012,28,0.10958722867874968,0.0,B,0,1,akima
year,2013,29,0.10748108866938677,0.0,B,0,1,akima
year,2014,46,0.08488756341368675,4.53,B,0,1,akima
year,2015,33,0.10040203777441499,0.0,B,0,1,akima
year,2016,37,0.08528232477965961,4.42,B,0,1,akima
year,2017,103,0.10958396521564275,0.0,B,0,1,akima
year,2018,76,0.07598209280811724,7.21,B,0,1,akima
year,2019,140,0.116538563854411,0.0,B,0,1,akima
year,2020,137,0.10727797377199377,0.0,B,0,1,akima
year,2021,126,0.14379541967409687,0.0,B,0,1,akima
year,2022,113,0.10853615894319024,0.0,B,0,1,akima
year,2023,152,0.10100215072100827,0.0,B,0,1,akima
year,2024,113,0.0728732744431007,8.14,B,0,1,akima
confidence_bin,low,90,0.10428634883982825,0.0,B,0,1,akima
confidence_bin,medium,788,0.10739912361812791,0.0,B,0,1,akima
confidence_bin,high,322,0.10214036980523244,0.0,B,0,1,akima
overall,all,1200,0.1054072975813472,0.0,B,0,2,nearest_left
seen_polygon,False,1200,0.1054072975813472,0.0,B,0,2,nearest_left
crop_type,зерновые,326,0.09053674281123116,2.84,B,0,2,nearest_left
crop_type,озимая пшеница,874,0.11044246394257848,0.0,B,0,2,nearest_left
source_label,landsat,543,0.08958607097842013,3.12,B,0,2,nearest_left
source_label,modis,167,0.1520208367666778,0.0,B,0,2,nearest_left
source_label,s2,490,0.10217508515605078,0.0,B,0,2,nearest_left
gap_length,1,868,0.10446429679679875,0.0,B,0,2,nearest_left
gap_length,2,260,0.10938206751612956,0.0,B,0,2,nearest_left
gap_length,3,63,0.10668649731826632,0.0,B,0,2,nearest_left
gap_length,4,4,0.013550536366795072,25.93,B,0,2,nearest_left
gap_length,5,5,0.07997797919908049,6.01,B,0,2,nearest_left
left_distance_bin,0-7,1002,0.09906723122973549,0.28,B,0,2,nearest_left
left_distance_bin,16-30,21,0.10073782171207524,0.0,B,0,2,nearest_left
left_distance_bin,31+,20,0.19342043704291784,0.0,B,0,2,nearest_left
left_distance_bin,8-15,153,0.12767605186331485,0.0,B,0,2,nearest_left
left_distance_bin,none,4,0.10425194947201134,0.0,B,0,2,nearest_left
right_distance_bin,0-7,994,0.10318814898419175,0.0,B,0,2,nearest_left
right_distance_bin,16-30,22,0.1386203503572226,0.0,B,0,2,nearest_left
right_distance_bin,31+,15,0.10594597718928515,0.0,B,0,2,nearest_left
right_distance_bin,8-15,167,0.11355357734058938,0.0,B,0,2,nearest_left
right_distance_bin,none,2,0.04718027179143764,15.85,B,0,2,nearest_left
year,2010,34,0.08043718875524714,5.87,B,0,2,nearest_left
year,2011,28,0.10988159771418411,0.0,B,0,2,nearest_left
year,2012,26,0.1305720178263229,0.0,B,0,2,nearest_left
year,2013,35,0.11151730298178454,0.0,B,0,2,nearest_left
year,2014,39,0.09561531978642597,1.32,B,0,2,nearest_left
year,2015,21,0.09082851698120797,2.75,B,0,2,nearest_left
year,2016,33,0.1113835262832664,0.0,B,0,2,nearest_left
year,2017,104,0.10106637805058427,0.0,B,0,2,nearest_left
year,2018,80,0.07777780771607316,6.67,B,0,2,nearest_left
year,2019,131,0.1124744540625584,0.0,B,0,2,nearest_left
year,2020,156,0.09771860942411598,0.68,B,0,2,nearest_left
year,2021,114,0.1378342629945965,0.0,B,0,2,nearest_left
year,2022,130,0.1115639114783421,0.0,B,0,2,nearest_left
year,2023,141,0.10636725407808076,0.0,B,0,2,nearest_left
year,2024,128,0.0831423137464411,5.06,B,0,2,nearest_left
confidence_bin,low,91,0.09450849818899987,1.65,B,0,2,nearest_left
confidence_bin,medium,849,0.10600578410591782,0.0,B,0,2,nearest_left
confidence_bin,high,260,0.10705200111481905,0.0,B,0,2,nearest_left
overall,all,1200,0.11034985254211842,0.0,B,0,2,nearest_right
seen_polygon,False,1200,0.11034985254211842,0.0,B,0,2,nearest_right
crop_type,зерновые,326,0.09223925505580105,2.33,B,0,2,nearest_right
crop_type,озимая пшеница,874,0.11638566152733358,0.0,B,0,2,nearest_right
source_label,landsat,543,0.09106997237729354,2.68,B,0,2,nearest_right
source_label,modis,167,0.1110251843041004,0.0,B,0,2,nearest_right
source_label,s2,490,0.1281777019809859,0.0,B,0,2,nearest_right
gap_length,1,868,0.10035370019538815,0.0,B,0,2,nearest_right
gap_length,2,260,0.13987432640942898,0.0,B,0,2,nearest_right
gap_length,3,63,0.1093304599957499,0.0,B,0,2,nearest_right
gap_length,4,4,0.027693419013876393,21.69,B,0,2,nearest_right
gap_length,5,5,0.07486763650920793,7.54,B,0,2,nearest_right
left_distance_bin,0-7,1002,0.1050335124685695,0.0,B,0,2,nearest_right
left_distance_bin,16-30,21,0.1234047143960243,0.0,B,0,2,nearest_right
left_distance_bin,31+,20,0.16778292669796463,0.0,B,0,2,nearest_right
left_distance_bin,8-15,153,0.1311613746440385,0.0,B,0,2,nearest_right
left_distance_bin,none,4,0.10425194947201134,0.0,B,0,2,nearest_right
right_distance_bin,0-7,994,0.10020221950948172,0.0,B,0,2,nearest_right
right_distance_bin,16-30,22,0.15003516582985083,0.0,B,0,2,nearest_right
right_distance_bin,31+,15,0.2379535223372993,0.0,B,0,2,nearest_right
right_distance_bin,8-15,167,0.14021484374245868,0.0,B,0,2,nearest_right
right_distance_bin,none,2,0.04718027179143764,15.85,B,0,2,nearest_right
year,2010,34,0.10836467356462319,0.0,B,0,2,nearest_right
year,2011,28,0.0955475936173663,1.34,B,0,2,nearest_right
year,2012,26,0.11148669050747315,0.0,B,0,2,nearest_right
year,2013,35,0.10472021293153934,0.0,B,0,2,nearest_right
year,2014,39,0.12088135793916568,0.0,B,0,2,nearest_right
year,2015,21,0.060386971845484465,11.88,B,0,2,nearest_right
year,2016,33,0.10120024539853219,0.0,B,0,2,nearest_right
year,2017,104,0.10571261155739824,0.0,B,0,2,nearest_right
year,2018,80,0.06719029947123675,9.84,B,0,2,nearest_right
year,2019,131,0.11601299148855816,0.0,B,0,2,nearest_right
year,2020,156,0.09702498093350564,0.89,B,0,2,nearest_right
year,2021,114,0.17842677647279143,0.0,B,0,2,nearest_right
year,2022,130,0.10382091446611479,0.0,B,0,2,nearest_right
year,2023,141,0.12096912024900876,0.0,B,0,2,nearest_right
year,2024,128,0.05709513725442671,12.87,B,0,2,nearest_right
confidence_bin,low,91,0.09155399992236335,2.53,B,0,2,nearest_right
confidence_bin,medium,849,0.11503817005837919,0.0,B,0,2,nearest_right
confidence_bin,high,260,0.10027374008117201,0.0,B,0,2,nearest_right
overall,all,1200,0.08866392509363127,3.4,B,0,2,mean_neighbors
seen_polygon,False,1200,0.08866392509363127,3.4,B,0,2,mean_neighbors
crop_type,зерновые,326,0.07718373794879439,6.84,B,0,2,mean_neighbors
crop_type,озимая пшеница,874,0.09258220757883474,2.23,B,0,2,mean_neighbors
source_label,landsat,543,0.07143945519485381,8.57,B,0,2,mean_neighbors
source_label,modis,167,0.11193485237837374,0.0,B,0,2,mean_neighbors
source_label,s2,490,0.09657275751591188,1.03,B,0,2,mean_neighbors
gap_length,1,868,0.08572995355991696,4.28,B,0,2,mean_neighbors
gap_length,2,260,0.10049413949836203,0.0,B,0,2,mean_neighbors
gap_length,3,63,0.08129209568140618,5.61,B,0,2,mean_neighbors
gap_length,4,4,0.020261816317689498,23.92,B,0,2,mean_neighbors
gap_length,5,5,0.04548644274227439,16.35,B,0,2,mean_neighbors
left_distance_bin,0-7,1002,0.08543104698249648,4.37,B,0,2,mean_neighbors
left_distance_bin,16-30,21,0.08289589843363136,5.13,B,0,2,mean_neighbors
left_distance_bin,31+,20,0.10802164670857232,0.0,B,0,2,mean_neighbors
left_distance_bin,8-15,153,0.10538865173622729,0.0,B,0,2,mean_neighbors
left_distance_bin,none,4,0.10425194947201134,0.0,B,0,2,mean_neighbors
right_distance_bin,0-7,994,0.08449214935065351,4.65,B,0,2,mean_neighbors
right_distance_bin,16-30,22,0.09339213159326579,1.98,B,0,2,mean_neighbors
right_distance_bin,31+,15,0.14444715578568365,0.0,B,0,2,mean_neighbors
right_distance_bin,8-15,167,0.10462786979044789,0.0,B,0,2,mean_neighbors
right_distance_bin,none,2,0.04718027179143764,15.85,B,0,2,mean_neighbors
year,2010,34,0.08254215586666995,5.24,B,0,2,mean_neighbors
year,2011,28,0.07994852256359691,6.02,B,0,2,mean_neighbors
year,2012,26,0.09906108823296064,0.28,B,0,2,mean_neighbors
year,2013,35,0.07733512464635985,6.8,B,0,2,mean_neighbors
year,2014,39,0.07346212007298406,7.96,B,0,2,mean_neighbors
year,2015,21,0.0615657751800264,11.53,B,0,2,mean_neighbors
year,2016,33,0.09684411527048274,0.95,B,0,2,mean_neighbors
year,2017,104,0.08097189538791269,5.71,B,0,2,mean_neighbors
year,2018,80,0.0651903276462184,10.44,B,0,2,mean_neighbors
year,2019,131,0.0959760074919321,1.21,B,0,2,mean_neighbors
year,2020,156,0.08554374949017428,4.34,B,0,2,mean_neighbors
year,2021,114,0.12889650277861017,0.0,B,0,2,mean_neighbors
year,2022,130,0.08607880716596386,4.18,B,0,2,mean_neighbors
year,2023,141,0.09619104644431721,1.14,B,0,2,mean_neighbors
year,2024,128,0.057749376225523105,12.68,B,0,2,mean_neighbors
confidence_bin,low,91,0.07936348800796568,6.19,B,0,2,mean_neighbors
confidence_bin,medium,849,0.09183905295847845,2.45,B,0,2,mean_neighbors
confidence_bin,high,260,0.08085041250015045,5.74,B,0,2,mean_neighbors
overall,all,1200,0.09173746312564543,2.48,B,0,2,linear
seen_polygon,False,1200,0.09173746312564543,2.48,B,0,2,linear
crop_type,зерновые,326,0.0777118322040774,6.69,B,0,2,linear
crop_type,озимая пшеница,874,0.09644812550919313,1.07,B,0,2,linear
source_label,landsat,543,0.07180802869535807,8.46,B,0,2,linear
source_label,modis,167,0.12569901172019962,0.0,B,0,2,linear
source_label,s2,490,0.09752396711742196,0.74,B,0,2,linear
gap_length,1,868,0.08898926102323665,3.3,B,0,2,linear
gap_length,2,260,0.10417773342255317,0.0,B,0,2,linear
gap_length,3,63,0.07823560551397263,6.53,B,0,2,linear
gap_length,4,4,0.019961651353519235,24.01,B,0,2,linear
gap_length,5,5,0.05685199863631691,12.94,B,0,2,linear
left_distance_bin,0-7,1002,0.086999466111196,3.9,B,0,2,linear
left_distance_bin,16-30,21,0.09620270563370092,1.14,B,0,2,linear
left_distance_bin,31+,20,0.15570049066108407,0.0,B,0,2,linear
left_distance_bin,8-15,153,0.10822962599620325,0.0,B,0,2,linear
left_distance_bin,none,4,0.10425194947201134,0.0,B,0,2,linear
right_distance_bin,0-7,994,0.08892744683287856,3.32,B,0,2,linear
right_distance_bin,16-30,22,0.11505522816572097,0.0,B,0,2,linear
right_distance_bin,31+,15,0.10364170167838838,0.0,B,0,2,linear
right_distance_bin,8-15,167,0.10328342496899565,0.0,B,0,2,linear
right_distance_bin,none,2,0.04718027179143764,15.85,B,0,2,linear
year,2010,34,0.08110624347894878,5.67,B,0,2,linear
year,2011,28,0.09217490740845129,2.35,B,0,2,linear
year,2012,26,0.10296493767422821,0.0,B,0,2,linear
year,2013,35,0.07504830253350617,7.49,B,0,2,linear
year,2014,39,0.09901010781138335,0.3,B,0,2,linear
year,2015,21,0.05406583485368304,13.78,B,0,2,linear
year,2016,33,0.0866960445648006,3.99,B,0,2,linear
year,2017,104,0.08187215772364892,5.44,B,0,2,linear
year,2018,80,0.0661693997023512,10.15,B,0,2,linear
year,2019,131,0.09573280693936385,1.28,B,0,2,linear
year,2020,156,0.0864212916941934,4.07,B,0,2,linear
year,2021,114,0.14330064273392829,0.0,B,0,2,linear
year,2022,130,0.09040601492786943,2.88,B,0,2,linear
year,2023,141,0.09392693304706821,1.82,B,0,2,linear
year,2024,128,0.056755182843637356,12.97,B,0,2,linear
confidence_bin,low,91,0.07981016651211918,6.06,B,0,2,linear
confidence_bin,medium,849,0.09444503846454728,1.67,B,0,2,linear
confidence_bin,high,260,0.08652055410355085,4.04,B,0,2,linear
overall,all,1200,0.1643834731316218,0.0,B,0,2,seasonal_crop
seen_polygon,False,1200,0.1643834731316218,0.0,B,0,2,seasonal_crop
crop_type,зерновые,326,0.1323035651286638,0.0,B,0,2,seasonal_crop
crop_type,озимая пшеница,874,0.1748485170320538,0.0,B,0,2,seasonal_crop
source_label,landsat,543,0.1534309097252757,0.0,B,0,2,seasonal_crop
source_label,modis,167,0.13461119804205052,0.0,B,0,2,seasonal_crop
source_label,s2,490,0.1841552993572938,0.0,B,0,2,seasonal_crop
gap_length,1,868,0.16427225447233634,0.0,B,0,2,seasonal_crop
gap_length,2,260,0.1730446974019971,0.0,B,0,2,seasonal_crop
gap_length,3,63,0.12650389107351323,0.0,B,0,2,seasonal_crop
gap_length,4,4,0.18632179590697534,0.0,B,0,2,seasonal_crop
gap_length,5,5,0.11864122043896987,0.0,B,0,2,seasonal_crop
left_distance_bin,0-7,1002,0.1646307110603989,0.0,B,0,2,seasonal_crop
left_distance_bin,16-30,21,0.15908443230655214,0.0,B,0,2,seasonal_crop
left_distance_bin,31+,20,0.15251451957459694,0.0,B,0,2,seasonal_crop
left_distance_bin,8-15,153,0.16539044906583494,0.0,B,0,2,seasonal_crop
left_distance_bin,none,4,0.147473099030344,0.0,B,0,2,seasonal_crop
right_distance_bin,0-7,994,0.16336294077649566,0.0,B,0,2,seasonal_crop
right_distance_bin,16-30,22,0.1878500018832729,0.0,B,0,2,seasonal_crop
right_distance_bin,31+,15,0.12748884342366693,0.0,B,0,2,seasonal_crop
right_distance_bin,8-15,167,0.17081258230094676,0.0,B,0,2,seasonal_crop
right_distance_bin,none,2,0.0561617749984833,13.15,B,0,2,seasonal_crop
year,2010,34,0.15721015559472992,0.0,B,0,2,seasonal_crop
year,2011,28,0.13569588788279444,0.0,B,0,2,seasonal_crop
year,2012,26,0.13077985481664525,0.0,B,0,2,seasonal_crop
year,2013,35,0.16069328659120927,0.0,B,0,2,seasonal_crop
year,2014,39,0.13849811468686837,0.0,B,0,2,seasonal_crop
year,2015,21,0.18017413806066862,0.0,B,0,2,seasonal_crop
year,2016,33,0.17508755899889078,0.0,B,0,2,seasonal_crop
year,2017,104,0.15485177106629924,0.0,B,0,2,seasonal_crop
year,2018,80,0.1461060773770578,0.0,B,0,2,seasonal_crop
year,2019,131,0.14984391005038383,0.0,B,0,2,seasonal_crop
year,2020,156,0.15788487444194585,0.0,B,0,2,seasonal_crop
year,2021,114,0.150315615256229,0.0,B,0,2,seasonal_crop
year,2022,130,0.16130661959382225,0.0,B,0,2,seasonal_crop
year,2023,141,0.21147646889943783,0.0,B,0,2,seasonal_crop
year,2024,128,0.17643667065675453,0.0,B,0,2,seasonal_crop
confidence_bin,low,91,0.12987336747199404,0.0,B,0,2,seasonal_crop
confidence_bin,medium,849,0.16757397590983691,0.0,B,0,2,seasonal_crop
confidence_bin,high,260,0.1646745671648134,0.0,B,0,2,seasonal_crop
overall,all,1200,0.09558859247158417,1.32,B,0,2,pchip
seen_polygon,False,1200,0.09558859247158417,1.32,B,0,2,pchip
crop_type,зерновые,326,0.08072981678012629,5.78,B,0,2,pchip
crop_type,озимая пшеница,874,0.10057030699554273,0.0,B,0,2,pchip
source_label,landsat,543,0.07472400746413248,7.58,B,0,2,pchip
source_label,modis,167,0.13204535641991044,0.0,B,0,2,pchip
source_label,s2,490,0.10122585402344107,0.0,B,0,2,pchip
gap_length,1,868,0.09250715671829414,2.25,B,0,2,pchip
gap_length,2,260,0.10900716913972648,0.0,B,0,2,pchip
gap_length,3,63,0.08225385499187184,5.32,B,0,2,pchip
gap_length,4,4,0.019631614880025298,24.11,B,0,2,pchip
gap_length,5,5,0.06227951749714865,11.32,B,0,2,pchip
left_distance_bin,0-7,1002,0.0902380970913942,2.93,B,0,2,pchip
left_distance_bin,16-30,21,0.10591518698821137,0.0,B,0,2,pchip
left_distance_bin,31+,20,0.16068211789247086,0.0,B,0,2,pchip
left_distance_bin,8-15,153,0.11461750879196114,0.0,B,0,2,pchip
left_distance_bin,none,4,0.10425194947201134,0.0,B,0,2,pchip
right_distance_bin,0-7,994,0.09281520798529913,2.16,B,0,2,pchip
right_distance_bin,16-30,22,0.12158269274102025,0.0,B,0,2,pchip
right_distance_bin,31+,15,0.1059384063713566,0.0,B,0,2,pchip
right_distance_bin,8-15,167,0.10676607384046799,0.0,B,0,2,pchip
right_distance_bin,none,2,0.04718027179143764,15.85,B,0,2,pchip
year,2010,34,0.08463067787301075,4.61,B,0,2,pchip
year,2011,28,0.09873830770668607,0.38,B,0,2,pchip
year,2012,26,0.10769026783357756,0.0,B,0,2,pchip
year,2013,35,0.07408716761966863,7.77,B,0,2,pchip
year,2014,39,0.10826762089503304,0.0,B,0,2,pchip
year,2015,21,0.053483646648318575,13.95,B,0,2,pchip
year,2016,33,0.08692131025146715,3.92,B,0,2,pchip
year,2017,104,0.08598924406647337,4.2,B,0,2,pchip
year,2018,80,0.06808407757116709,9.57,B,0,2,pchip
year,2019,131,0.09910274106760644,0.27,B,0,2,pchip
year,2020,156,0.08818803892722757,3.54,B,0,2,pchip
year,2021,114,0.15223207371174524,0.0,B,0,2,pchip
year,2022,130,0.0932878829322135,2.01,B,0,2,pchip
year,2023,141,0.09728140213544817,0.82,B,0,2,pchip
year,2024,128,0.05867328623288759,12.4,B,0,2,pchip
confidence_bin,low,91,0.08259047777000164,5.22,B,0,2,pchip
confidence_bin,medium,849,0.09841844067753097,0.47,B,0,2,pchip
confidence_bin,high,260,0.09030529284371804,2.91,B,0,2,pchip
overall,all,1200,0.09901999923328947,0.29,B,0,2,akima
seen_polygon,False,1200,0.09901999923328947,0.29,B,0,2,akima
crop_type,зерновые,326,0.08330330015008022,5.01,B,0,2,akima
crop_type,озимая пшеница,874,0.10427747988967215,0.0,B,0,2,akima
source_label,landsat,543,0.07911484635215231,6.27,B,0,2,akima
source_label,modis,167,0.1361637857486759,0.0,B,0,2,akima
source_label,s2,490,0.10371618184124455,0.0,B,0,2,akima
gap_length,1,868,0.09626670564336799,1.12,B,0,2,akima
gap_length,2,260,0.11126258665833166,0.0,B,0,2,akima
gap_length,3,63,0.08761207511035275,3.72,B,0,2,akima
gap_length,4,4,0.01993393746728605,24.02,B,0,2,akima
gap_length,5,5,0.06025016738863894,11.92,B,0,2,akima
left_distance_bin,0-7,1002,0.09185010609050724,2.44,B,0,2,akima
left_distance_bin,16-30,21,0.11202285206086462,0.0,B,0,2,akima
left_distance_bin,31+,20,0.1744037355983076,0.0,B,0,2,akima
left_distance_bin,8-15,153,0.12517435636620314,0.0,B,0,2,akima
left_distance_bin,none,4,0.10425194947201134,0.0,B,0,2,akima
right_distance_bin,0-7,994,0.0945530402212578,1.63,B,0,2,akima
right_distance_bin,16-30,22,0.13112274528531945,0.0,B,0,2,akima
right_distance_bin,31+,15,0.1687358891957548,0.0,B,0,2,akima
right_distance_bin,8-15,167,0.11132134397519584,0.0,B,0,2,akima
right_distance_bin,none,2,0.04718027179143764,15.85,B,0,2,akima
year,2010,34,0.10417322694709107,0.0,B,0,2,akima
year,2011,28,0.09892274073691386,0.32,B,0,2,akima
year,2012,26,0.10632208148519945,0.0,B,0,2,akima
year,2013,35,0.07509326292463331,7.47,B,0,2,akima
year,2014,39,0.11964890665551177,0.0,B,0,2,akima
year,2015,21,0.056444662467663644,13.07,B,0,2,akima
year,2016,33,0.0868172731820497,3.95,B,0,2,akima
year,2017,104,0.09452791305812394,1.64,B,0,2,akima
year,2018,80,0.07753420701032572,6.74,B,0,2,akima
year,2019,131,0.0990721444224362,0.28,B,0,2,akima
year,2020,156,0.08952346402477748,3.14,B,0,2,akima
year,2021,114,0.1530674686928576,0.0,B,0,2,akima
year,2022,130,0.09566343555595494,1.3,B,0,2,akima
year,2023,141,0.10277149639730263,0.0,B,0,2,akima
year,2024,128,0.060049477827090386,11.99,B,0,2,akima
confidence_bin,low,91,0.08694912208422804,3.92,B,0,2,akima
confidence_bin,medium,849,0.1018483004229002,0.0,B,0,2,akima
confidence_bin,high,260,0.09346403844162655,1.96,B,0,2,akima
overall,all,1200,0.1066865591738041,0.0,B,0,3,nearest_left
seen_polygon,False,1200,0.1066865591738041,0.0,B,0,3,nearest_left
crop_type,зерновые,252,0.09008988148599617,2.97,B,0,3,nearest_left
crop_type,озимая пшеница,775,0.11459586268599843,0.0,B,0,3,nearest_left
crop_type,пастбища/зерновые,121,0.08374017577144612,4.88,B,0,3,nearest_left
crop_type,подсолнечник,52,0.1062635209655853,0.0,B,0,3,nearest_left
source_label,landsat,419,0.08489660644472499,4.53,B,0,3,nearest_left
source_label,modis,213,0.1454437774965318,0.0,B,0,3,nearest_left
source_label,s2,568,0.10390892248673814,0.0,B,0,3,nearest_left
gap_length,1,862,0.10479162322053787,0.0,B,0,3,nearest_left
gap_length,2,274,0.11243322600799054,0.0,B,0,3,nearest_left
gap_length,3,42,0.12000663799577108,0.0,B,0,3,nearest_left
gap_length,4,12,0.03621169906066103,19.14,B,0,3,nearest_left
gap_length,5,10,0.1040479514952821,0.0,B,0,3,nearest_left
left_distance_bin,0-7,992,0.10242362939914962,0.0,B,0,3,nearest_left
left_distance_bin,16-30,34,0.127935448692192,0.0,B,0,3,nearest_left
left_distance_bin,31+,12,0.1582718671861708,0.0,B,0,3,nearest_left
left_distance_bin,8-15,161,0.12188543718831024,0.0,B,0,3,nearest_left
left_distance_bin,none,1,0.053211912395959515,14.04,B,0,3,nearest_left
right_distance_bin,0-7,993,0.10815183282389315,0.0,B,0,3,nearest_left
right_distance_bin,16-30,32,0.1033671837901909,0.0,B,0,3,nearest_left
right_distance_bin,31+,25,0.08459973323881664,4.62,B,0,3,nearest_left
right_distance_bin,8-15,147,0.10106865069708161,0.0,B,0,3,nearest_left
right_distance_bin,none,3,0.08378188216750038,4.87,B,0,3,nearest_left
year,2010,32,0.10304603797581736,0.0,B,0,3,nearest_left
year,2011,33,0.10733671969762895,0.0,B,0,3,nearest_left
year,2012,23,0.15103652068551915,0.0,B,0,3,nearest_left
year,2013,27,0.13205602715208362,0.0,B,0,3,nearest_left
year,2014,45,0.0824696774902307,5.26,B,0,3,nearest_left
year,2015,31,0.08457337282114763,4.63,B,0,3,nearest_left
year,2016,21,0.10195502635442462,0.0,B,0,3,nearest_left
year,2017,96,0.10737204508751606,0.0,B,0,3,nearest_left
year,2018,64,0.13855178331261728,0.0,B,0,3,nearest_left
year,2019,133,0.09263428998130205,2.21,B,0,3,nearest_left
year,2020,153,0.10338531613324585,0.0,B,0,3,nearest_left
year,2021,144,0.14288690194753395,0.0,B,0,3,nearest_left
year,2022,129,0.08306756839128555,5.08,B,0,3,nearest_left
year,2023,131,0.09203594675307351,2.39,B,0,3,nearest_left
year,2024,138,0.09109153794305751,2.67,B,0,3,nearest_left
confidence_bin,low,83,0.11200580181257407,0.0,B,0,3,nearest_left
confidence_bin,medium,787,0.10536688845297727,0.0,B,0,3,nearest_left
confidence_bin,high,330,0.10842885992711734,0.0,B,0,3,nearest_left
overall,all,1200,0.10271908220445634,0.0,B,0,3,nearest_right
seen_polygon,False,1200,0.10271908220445634,0.0,B,0,3,nearest_right
crop_type,зерновые,252,0.08665986868405012,4.0,B,0,3,nearest_right
crop_type,озимая пшеница,775,0.11093880110605413,0.0,B,0,3,nearest_right
crop_type,пастбища/зерновые,121,0.07984283512911883,6.05,B,0,3,nearest_right
crop_type,подсолнечник,52,0.09398647950455521,1.8,B,0,3,nearest_right
source_label,landsat,419,0.09643369939348692,1.07,B,0,3,nearest_right
source_label,modis,213,0.12076306597887938,0.0,B,0,3,nearest_right
source_label,s2,568,0.09981185471226613,0.06,B,0,3,nearest_right
gap_length,1,862,0.1059010673564317,0.0,B,0,3,nearest_right
gap_length,2,274,0.09759504931991793,0.72,B,0,3,nearest_right
gap_length,3,42,0.08828537035614187,3.51,B,0,3,nearest_right
gap_length,4,12,0.024499624349720223,22.65,B,0,3,nearest_right
gap_length,5,10,0.07052206113125027,8.84,B,0,3,nearest_right
left_distance_bin,0-7,992,0.1008040626254025,0.0,B,0,3,nearest_right
left_distance_bin,16-30,34,0.11113380938910686,0.0,B,0,3,nearest_right
left_distance_bin,31+,12,0.08906749514016454,3.28,B,0,3,nearest_right
left_distance_bin,8-15,161,0.11320656970473865,0.0,B,0,3,nearest_right
left_distance_bin,none,1,0.053211912395959515,14.04,B,0,3,nearest_right
right_distance_bin,0-7,993,0.0962121744614354,1.14,B,0,3,nearest_right
right_distance_bin,16-30,32,0.14724207538544407,0.0,B,0,3,nearest_right
right_distance_bin,31+,25,0.11138641641884321,0.0,B,0,3,nearest_right
right_distance_bin,8-15,147,0.12895360938438066,0.0,B,0,3,nearest_right
right_distance_bin,none,3,0.08378188216750038,4.87,B,0,3,nearest_right
year,2010,32,0.13692206382425554,0.0,B,0,3,nearest_right
year,2011,33,0.12421625875390296,0.0,B,0,3,nearest_right
year,2012,23,0.13206089454024025,0.0,B,0,3,nearest_right
year,2013,27,0.12609935121157043,0.0,B,0,3,nearest_right
year,2014,45,0.12898217389551472,0.0,B,0,3,nearest_right
year,2015,31,0.10886569798950055,0.0,B,0,3,nearest_right
year,2016,21,0.07932912335023308,6.2,B,0,3,nearest_right
year,2017,96,0.09094692909817799,2.72,B,0,3,nearest_right
year,2018,64,0.11043850163019261,0.0,B,0,3,nearest_right
year,2019,133,0.08812532616790714,3.56,B,0,3,nearest_right
year,2020,153,0.09491694763789238,1.52,B,0,3,nearest_right
year,2021,144,0.12071073222770258,0.0,B,0,3,nearest_right
year,2022,129,0.09308366554908121,2.07,B,0,3,nearest_right
year,2023,131,0.09860166431894897,0.42,B,0,3,nearest_right
year,2024,138,0.08504817570047381,4.49,B,0,3,nearest_right
confidence_bin,low,83,0.10239787369856854,0.0,B,0,3,nearest_right
confidence_bin,medium,787,0.1004462599698513,0.0,B,0,3,nearest_right
confidence_bin,high,330,0.10802317138295571,0.0,B,0,3,nearest_right
overall,all,1200,0.08876527799598449,3.37,B,0,3,mean_neighbors
seen_polygon,False,1200,0.08876527799598449,3.37,B,0,3,mean_neighbors
crop_type,зерновые,252,0.07647563816928381,7.06,B,0,3,mean_neighbors
crop_type,озимая пшеница,775,0.09516391419567824,1.45,B,0,3,mean_neighbors
crop_type,пастбища/зерновые,121,0.06982734503410681,9.05,B,0,3,mean_neighbors
crop_type,подсолнечник,52,0.08467024482626287,4.6,B,0,3,mean_neighbors
source_label,landsat,419,0.07415522716972585,7.75,B,0,3,mean_neighbors
source_label,modis,213,0.11992942261704805,0.0,B,0,3,mean_neighbors
source_label,s2,568,0.08483057166357225,4.55,B,0,3,mean_neighbors
gap_length,1,862,0.0905236005274375,2.84,B,0,3,mean_neighbors
gap_length,2,274,0.08625222279349926,4.12,B,0,3,mean_neighbors
gap_length,3,42,0.0836903612705473,4.89,B,0,3,mean_neighbors
gap_length,4,12,0.02591884456377682,22.22,B,0,3,mean_neighbors
gap_length,5,10,0.07128146391503085,8.62,B,0,3,mean_neighbors
left_distance_bin,0-7,992,0.08706497734048156,3.88,B,0,3,mean_neighbors
left_distance_bin,16-30,34,0.09606929140663653,1.18,B,0,3,mean_neighbors
left_distance_bin,31+,12,0.0917501787600016,2.47,B,0,3,mean_neighbors
left_distance_bin,8-15,161,0.09709496367642968,0.87,B,0,3,mean_neighbors
left_distance_bin,none,1,0.053211912395959515,14.04,B,0,3,mean_neighbors
right_distance_bin,0-7,993,0.0873087982632827,3.81,B,0,3,mean_neighbors
right_distance_bin,16-30,32,0.08753747487715796,3.74,B,0,3,mean_neighbors
right_distance_bin,31+,25,0.07551519114261179,7.35,B,0,3,mean_neighbors
right_distance_bin,8-15,147,0.10023208798613682,0.0,B,0,3,mean_neighbors
right_distance_bin,none,3,0.08378188216750038,4.87,B,0,3,mean_neighbors
year,2010,32,0.10183832354881209,0.0,B,0,3,mean_neighbors
year,2011,33,0.09716473388672481,0.85,B,0,3,mean_neighbors
year,2012,23,0.12677785556122254,0.0,B,0,3,mean_neighbors
year,2013,27,0.09921220716960549,0.24,B,0,3,mean_neighbors
year,2014,45,0.09110191483354893,2.67,B,0,3,mean_neighbors
year,2015,31,0.081639371495479,5.51,B,0,3,mean_neighbors
year,2016,21,0.0733278848494921,8.0,B,0,3,mean_neighbors
year,2017,96,0.07891464276287019,6.33,B,0,3,mean_neighbors
year,2018,64,0.1082741751130305,0.0,B,0,3,mean_neighbors
year,2019,133,0.07657933600203606,7.03,B,0,3,mean_neighbors
year,2020,153,0.0860414477945936,4.19,B,0,3,mean_neighbors
year,2021,144,0.11686524692804576,0.0,B,0,3,mean_neighbors
year,2022,129,0.06857957804045155,9.43,B,0,3,mean_neighbors
year,2023,131,0.0815687539550244,5.53,B,0,3,mean_neighbors
year,2024,138,0.07506006352981684,7.48,B,0,3,mean_neighbors
confidence_bin,low,83,0.09051462107256093,2.85,B,0,3,mean_neighbors
confidence_bin,medium,787,0.0867627011091276,3.97,B,0,3,mean_neighbors
confidence_bin,high,330,0.09294454182347771,2.12,B,0,3,mean_neighbors
overall,all,1200,0.09013488196598124,2.96,B,0,3,linear
seen_polygon,False,1200,0.09013488196598124,2.96,B,0,3,linear
crop_type,зерновые,252,0.07598941044084534,7.2,B,0,3,linear
crop_type,озимая пшеница,775,0.09682230679935058,0.95,B,0,3,linear
crop_type,пастбища/зерновые,121,0.07159446318263939,8.52,B,0,3,linear
crop_type,подсолнечник,52,0.08863373279786345,3.41,B,0,3,linear
source_label,landsat,419,0.07690656191078116,6.93,B,0,3,linear
source_label,modis,213,0.11773779256646065,0.0,B,0,3,linear
source_label,s2,568,0.08719297102429803,3.84,B,0,3,linear
gap_length,1,862,0.09299642913567449,2.1,B,0,3,linear
gap_length,2,274,0.08430418214168223,4.71,B,0,3,linear
gap_length,3,42,0.0854625243566229,4.36,B,0,3,linear
gap_length,4,12,0.029741097001997212,21.08,B,0,3,linear
gap_length,5,10,0.05435400762156162,13.69,B,0,3,linear
left_distance_bin,0-7,992,0.08915715018763332,3.25,B,0,3,linear
left_distance_bin,16-30,34,0.08374477316136399,4.88,B,0,3,linear
left_distance_bin,31+,12,0.08655457592794413,4.03,B,0,3,linear
left_distance_bin,8-15,161,0.0975657346240497,0.73,B,0,3,linear
left_distance_bin,none,1,0.053211912395959515,14.04,B,0,3,linear
right_distance_bin,0-7,993,0.08908020073795819,3.28,B,0,3,linear
right_distance_bin,16-30,32,0.08453719215801675,4.64,B,0,3,linear
right_distance_bin,31+,25,0.08310842379550012,5.07,B,0,3,linear
right_distance_bin,8-15,147,0.09921455156526675,0.24,B,0,3,linear
right_distance_bin,none,3,0.08378188216750038,4.87,B,0,3,linear
year,2010,32,0.11038158999780032,0.0,B,0,3,linear
year,2011,33,0.09641924067302066,1.07,B,0,3,linear
year,2012,23,0.12837500275970007,0.0,B,0,3,linear
year,2013,27,0.08304425745898963,5.09,B,0,3,linear
year,2014,45,0.08910471365441065,3.27,B,0,3,linear
year,2015,31,0.08300388268564646,5.1,B,0,3,linear
year,2016,21,0.07605022736383862,7.18,B,0,3,linear
year,2017,96,0.0859660807657129,4.21,B,0,3,linear
year,2018,64,0.10438357113906593,0.0,B,0,3,linear
year,2019,133,0.07943822335039838,6.17,B,0,3,linear
year,2020,153,0.09055372783042344,2.83,B,0,3,linear
year,2021,144,0.11766130221742657,0.0,B,0,3,linear
year,2022,129,0.06759789920781617,9.72,B,0,3,linear
year,2023,131,0.08356062958629228,4.93,B,0,3,linear
year,2024,138,0.07597268603685522,7.21,B,0,3,linear
confidence_bin,low,83,0.09216954788101367,2.35,B,0,3,linear
confidence_bin,medium,787,0.08716410383019703,3.85,B,0,3,linear
confidence_bin,high,330,0.09636981123816599,1.09,B,0,3,linear
overall,all,1200,0.17892494614003898,0.0,B,0,3,seasonal_crop
seen_polygon,False,1200,0.17892494614003898,0.0,B,0,3,seasonal_crop
crop_type,зерновые,252,0.17891909561413663,0.0,B,0,3,seasonal_crop
crop_type,озимая пшеница,775,0.18156975476616366,0.0,B,0,3,seasonal_crop
crop_type,пастбища/зерновые,121,0.16506750101374132,0.0,B,0,3,seasonal_crop
crop_type,подсолнечник,52,0.17001904275312832,0.0,B,0,3,seasonal_crop
source_label,landsat,419,0.16881314603060293,0.0,B,0,3,seasonal_crop
source_label,modis,213,0.15782706780627712,0.0,B,0,3,seasonal_crop
source_label,s2,568,0.19306029660623844,0.0,B,0,3,seasonal_crop
gap_length,1,862,0.176696597583273,0.0,B,0,3,seasonal_crop
gap_length,2,274,0.18458020549892137,0.0,B,0,3,seasonal_crop
gap_length,3,42,0.16026113984319687,0.0,B,0,3,seasonal_crop
gap_length,4,12,0.10908517789710054,0.0,B,0,3,seasonal_crop
gap_length,5,10,0.30776970229891104,0.0,B,0,3,seasonal_crop
left_distance_bin,0-7,992,0.17945566419888612,0.0,B,0,3,seasonal_crop
left_distance_bin,16-30,34,0.15878093317805644,0.0,B,0,3,seasonal_crop
left_distance_bin,31+,12,0.13524289945623288,0.0,B,0,3,seasonal_crop
left_distance_bin,8-15,161,0.18302500501761015,0.0,B,0,3,seasonal_crop
left_distance_bin,none,1,0.019635731122180478,24.11,B,0,3,seasonal_crop
right_distance_bin,0-7,993,0.179087204650487,0.0,B,0,3,seasonal_crop
right_distance_bin,16-30,32,0.16248314659362634,0.0,B,0,3,seasonal_crop
right_distance_bin,31+,25,0.16387837011974557,0.0,B,0,3,seasonal_crop
right_distance_bin,8-15,147,0.18480048070768912,0.0,B,0,3,seasonal_crop
right_distance_bin,none,3,0.10453963215004705,0.0,B,0,3,seasonal_crop
year,2010,32,0.18347960208747047,0.0,B,0,3,seasonal_crop
year,2011,33,0.11976529184644583,0.0,B,0,3,seasonal_crop
year,2012,23,0.17867678830788775,0.0,B,0,3,seasonal_crop
year,2013,27,0.17424195459885672,0.0,B,0,3,seasonal_crop
year,2014,45,0.15271814155663835,0.0,B,0,3,seasonal_crop
year,2015,31,0.1629857087960296,0.0,B,0,3,seasonal_crop
year,2016,21,0.2547122755787595,0.0,B,0,3,seasonal_crop
year,2017,96,0.1714000552453767,0.0,B,0,3,seasonal_crop
year,2018,64,0.14370615068037976,0.0,B,0,3,seasonal_crop
year,2019,133,0.16912110349823664,0.0,B,0,3,seasonal_crop
year,2020,153,0.1880448900017836,0.0,B,0,3,seasonal_crop
year,2021,144,0.18627296385287231,0.0,B,0,3,seasonal_crop
year,2022,129,0.1980805423826684,0.0,B,0,3,seasonal_crop
year,2023,131,0.16435723588219264,0.0,B,0,3,seasonal_crop
year,2024,138,0.19269233555799758,0.0,B,0,3,seasonal_crop
confidence_bin,low,83,0.16308314682106706,0.0,B,0,3,seasonal_crop
confidence_bin,medium,787,0.18188344892671285,0.0,B,0,3,seasonal_crop
confidence_bin,high,330,0.1755879795283261,0.0,B,0,3,seasonal_crop
overall,all,1200,0.0932233190561963,2.03,B,0,3,pchip
seen_polygon,False,1200,0.0932233190561963,2.03,B,0,3,pchip
crop_type,зерновые,252,0.07826762069370777,6.52,B,0,3,pchip
crop_type,озимая пшеница,775,0.1001211516030671,0.0,B,0,3,pchip
crop_type,пастбища/зерновые,121,0.07343856054249996,7.97,B,0,3,pchip
crop_type,подсолнечник,52,0.09442418092351187,1.67,B,0,3,pchip
source_label,landsat,419,0.08048304093342964,5.86,B,0,3,pchip
source_label,modis,213,0.11930217210660359,0.0,B,0,3,pchip
source_label,s2,568,0.09080036402497803,2.76,B,0,3,pchip
gap_length,1,862,0.09661512539613507,1.02,B,0,3,pchip
gap_length,2,274,0.08583267749538707,4.25,B,0,3,pchip
gap_length,3,42,0.08755772453112692,3.73,B,0,3,pchip
gap_length,4,12,0.03062997758732995,20.81,B,0,3,pchip
gap_length,5,10,0.055235337273998625,13.43,B,0,3,pchip
left_distance_bin,0-7,992,0.09240770326620053,2.28,B,0,3,pchip
left_distance_bin,16-30,34,0.08401189320985153,4.8,B,0,3,pchip
left_distance_bin,31+,12,0.08817793109192437,3.55,B,0,3,pchip
left_distance_bin,8-15,161,0.10036352831188113,0.0,B,0,3,pchip
left_distance_bin,none,1,0.053211912395959515,14.04,B,0,3,pchip
right_distance_bin,0-7,993,0.09210636978300503,2.37,B,0,3,pchip
right_distance_bin,16-30,32,0.08850055316592075,3.45,B,0,3,pchip
right_distance_bin,31+,25,0.08480191779155512,4.56,B,0,3,pchip
right_distance_bin,8-15,147,0.1027853225411746,0.0,B,0,3,pchip
right_distance_bin,none,3,0.08378188216750038,4.87,B,0,3,pchip
year,2010,32,0.11303585610296545,0.0,B,0,3,pchip
year,2011,33,0.10097363364946443,0.0,B,0,3,pchip
year,2012,23,0.13887306102593358,0.0,B,0,3,pchip
year,2013,27,0.07994593415854934,6.02,B,0,3,pchip
year,2014,45,0.0919917997054788,2.4,B,0,3,pchip
year,2015,31,0.08713328326214208,3.86,B,0,3,pchip
year,2016,21,0.07919439333711763,6.24,B,0,3,pchip
year,2017,96,0.09194315863062848,2.42,B,0,3,pchip
year,2018,64,0.10775867593526252,0.0,B,0,3,pchip
year,2019,133,0.08240465508396207,5.28,B,0,3,pchip
year,2020,153,0.09418259394502038,1.75,B,0,3,pchip
year,2021,144,0.11918323683924471,0.0,B,0,3,pchip
year,2022,129,0.07048495882074414,8.85,B,0,3,pchip
year,2023,131,0.08619364278346867,4.14,B,0,3,pchip
year,2024,138,0.07823939750277613,6.53,B,0,3,pchip
confidence_bin,low,83,0.09467167500523008,1.6,B,0,3,pchip
confidence_bin,medium,787,0.08984816099535542,3.05,B,0,3,pchip
confidence_bin,high,330,0.10047749282215815,0.0,B,0,3,pchip
overall,all,1200,0.09516146255537054,1.45,B,0,3,akima
seen_polygon,False,1200,0.09516146255537054,1.45,B,0,3,akima
crop_type,зерновые,252,0.07929398693886483,6.21,B,0,3,akima
crop_type,озимая пшеница,775,0.10210239300074726,0.0,B,0,3,akima
crop_type,пастбища/зерновые,121,0.07478396853138337,7.56,B,0,3,akima
crop_type,подсолнечник,52,0.10061153859133118,0.0,B,0,3,akima
source_label,landsat,419,0.08464764396395995,4.61,B,0,3,akima
source_label,modis,213,0.11922545712519642,0.0,B,0,3,akima
source_label,s2,568,0.09228021944742906,2.32,B,0,3,akima
gap_length,1,862,0.09837889206867594,0.49,B,0,3,akima
gap_length,2,274,0.08787127276914636,3.64,B,0,3,akima
gap_length,3,42,0.09339458577524547,1.98,B,0,3,akima
gap_length,4,12,0.0320076183326674,20.4,B,0,3,akima
gap_length,5,10,0.054557064289639495,13.63,B,0,3,akima
left_distance_bin,0-7,992,0.09383160368014797,1.85,B,0,3,akima
left_distance_bin,16-30,34,0.08912400537210613,3.26,B,0,3,akima
left_distance_bin,31+,12,0.09244733132652956,2.27,B,0,3,akima
left_distance_bin,8-15,161,0.10447904591316293,0.0,B,0,3,akima
left_distance_bin,none,1,0.053211912395959515,14.04,B,0,3,akima
right_distance_bin,0-7,993,0.09320352811626618,2.04,B,0,3,akima
right_distance_bin,16-30,32,0.08734207248571914,3.8,B,0,3,akima
right_distance_bin,31+,25,0.10662177667347898,0.0,B,0,3,akima
right_distance_bin,8-15,147,0.1072658240444747,0.0,B,0,3,akima
right_distance_bin,none,3,0.08378188216750038,4.87,B,0,3,akima
year,2010,32,0.11705362704551499,0.0,B,0,3,akima
year,2011,33,0.11252309937342088,0.0,B,0,3,akima
year,2012,23,0.13914887883519408,0.0,B,0,3,akima
year,2013,27,0.08268389470685879,5.19,B,0,3,akima
year,2014,45,0.09597094693605354,1.21,B,0,3,akima
year,2015,31,0.089030053070743,3.29,B,0,3,akima
year,2016,21,0.08544260189755756,4.37,B,0,3,akima
year,2017,96,0.09366296922708124,1.9,B,0,3,akima
year,2018,64,0.1078127475570082,0.0,B,0,3,akima
year,2019,133,0.08305575731724157,5.08,B,0,3,akima
year,2020,153,0.09497827058173527,1.51,B,0,3,akima
year,2021,144,0.12231914494721613,0.0,B,0,3,akima
year,2022,129,0.07132299639771643,8.6,B,0,3,akima
year,2023,131,0.08728819737349001,3.81,B,0,3,akima
year,2024,138,0.07960636465396527,6.12,B,0,3,akima
confidence_bin,low,83,0.09502771537229927,1.49,B,0,3,akima
confidence_bin,medium,787,0.09196446580987452,2.41,B,0,3,akima
confidence_bin,high,330,0.1024149203871826,0.0,B,0,3,akima
overall,all,1200,0.13089619078675815,0.0,B,0,4,nearest_left
seen_polygon,False,1200,0.13089619078675815,0.0,B,0,4,nearest_left
crop_type,зерновые,299,0.09989591522460431,0.03,B,0,4,nearest_left
crop_type,озимая пшеница,821,0.14199835725829113,0.0,B,0,4,nearest_left
crop_type,подсолнечник,80,0.11305614596863406,0.0,B,0,4,nearest_left
source_label,landsat,498,0.10349301704822728,0.0,B,0,4,nearest_left
source_label,modis,211,0.17988294672325522,0.0,B,0,4,nearest_left
source_label,s2,491,0.13079019681459214,0.0,B,0,4,nearest_left
gap_length,1,871,0.13096649824759646,0.0,B,0,4,nearest_left
gap_length,2,266,0.135608407070861,0.0,B,0,4,nearest_left
gap_length,3,54,0.1137755993349554,0.0,B,0,4,nearest_left
gap_length,4,4,0.030824620058218156,20.75,B,0,4,nearest_left
gap_length,5,5,0.07282818013483144,8.15,B,0,4,nearest_left
left_distance_bin,0-7,973,0.12269910836198157,0.0,B,0,4,nearest_left
left_distance_bin,16-30,29,0.12273293371074191,0.0,B,0,4,nearest_left
left_distance_bin,31+,30,0.2958471344889105,0.0,B,0,4,nearest_left
left_distance_bin,8-15,166,0.130130329886307,0.0,B,0,4,nearest_left
left_distance_bin,none,2,0.13849108229952334,0.0,B,0,4,nearest_left
right_distance_bin,0-7,1001,0.13193223954173577,0.0,B,0,4,nearest_left
right_distance_bin,16-30,33,0.12332450068117225,0.0,B,0,4,nearest_left
right_distance_bin,31+,12,0.11046668730013119,0.0,B,0,4,nearest_left
right_distance_bin,8-15,154,0.1271241322273629,0.0,B,0,4,nearest_left
year,2010,30,0.09773183413833943,0.68,B,0,4,nearest_left
year,2011,33,0.1390511442605347,0.0,B,0,4,nearest_left
year,2012,26,0.1530612820019994,0.0,B,0,4,nearest_left
year,2013,38,0.09967470364103075,0.1,B,0,4,nearest_left
year,2014,35,0.08974745168717906,3.08,B,0,4,nearest_left
year,2015,34,0.12024459684432824,0.0,B,0,4,nearest_left
year,2016,29,0.15392997539974446,0.0,B,0,4,nearest_left
year,2017,95,0.11725217077244257,0.0,B,0,4,nearest_left
year,2018,82,0.151313502250446,0.0,B,0,4,nearest_left
year,2019,128,0.15524881815584746,0.0,B,0,4,nearest_left
year,2020,152,0.11648639825298145,0.0,B,0,4,nearest_left
year,2021,116,0.1580860544176371,0.0,B,0,4,nearest_left
year,2022,129,0.11945434746527409,0.0,B,0,4,nearest_left
year,2023,151,0.1301014304945295,0.0,B,0,4,nearest_left
year,2024,122,0.1131500057704537,0.0,B,0,4,nearest_left
confidence_bin,low,87,0.13579364899015736,0.0,B,0,4,nearest_left
confidence_bin,medium,806,0.12884444527853295,0.0,B,0,4,nearest_left
confidence_bin,high,307,0.13476949184256615,0.0,B,0,4,nearest_left
overall,all,1200,0.12740694278699605,0.0,B,0,4,nearest_right
seen_polygon,False,1200,0.12740694278699605,0.0,B,0,4,nearest_right
crop_type,зерновые,299,0.08524600801293857,4.43,B,0,4,nearest_right
crop_type,озимая пшеница,821,0.13958239379768314,0.0,B,0,4,nearest_right
crop_type,подсолнечник,80,0.1279889320008225,0.0,B,0,4,nearest_right
source_label,landsat,498,0.11536560191388552,0.0,B,0,4,nearest_right
source_label,modis,211,0.15063603146140953,0.0,B,0,4,nearest_right
source_label,s2,491,0.1281483048649369,0.0,B,0,4,nearest_right
gap_length,1,871,0.13246363241289072,0.0,B,0,4,nearest_right
gap_length,2,266,0.11466432455680238,0.0,B,0,4,nearest_right
gap_length,3,54,0.10211728084796154,0.0,B,0,4,nearest_right
gap_length,4,4,0.03385572335978932,19.84,B,0,4,nearest_right
gap_length,5,5,0.16180066112127323,0.0,B,0,4,nearest_right
left_distance_bin,0-7,973,0.11957764489776727,0.0,B,0,4,nearest_right
left_distance_bin,16-30,29,0.11690127914228758,0.0,B,0,4,nearest_right
left_distance_bin,31+,30,0.2295599591093232,0.0,B,0,4,nearest_right
left_distance_bin,8-15,166,0.14625208294201886,0.0,B,0,4,nearest_right
left_distance_bin,none,2,0.13849108229952334,0.0,B,0,4,nearest_right
right_distance_bin,0-7,1001,0.12149304472012698,0.0,B,0,4,nearest_right
right_distance_bin,16-30,33,0.12185443337982037,0.0,B,0,4,nearest_right
right_distance_bin,31+,12,0.3207414165271166,0.0,B,0,4,nearest_right
right_distance_bin,8-15,154,0.13908824483203408,0.0,B,0,4,nearest_right
year,2010,30,0.12764796396300976,0.0,B,0,4,nearest_right
year,2011,33,0.14992837510305443,0.0,B,0,4,nearest_right
year,2012,26,0.12589028180934167,0.0,B,0,4,nearest_right
year,2013,38,0.12713378956464463,0.0,B,0,4,nearest_right
year,2014,35,0.1016639531802076,0.0,B,0,4,nearest_right
year,2015,34,0.17050860468825607,0.0,B,0,4,nearest_right
year,2016,29,0.1309550039722421,0.0,B,0,4,nearest_right
year,2017,95,0.12338536673103602,0.0,B,0,4,nearest_right
year,2018,82,0.13086530692172735,0.0,B,0,4,nearest_right
year,2019,128,0.14491281069547413,0.0,B,0,4,nearest_right
year,2020,152,0.10109592596850046,0.0,B,0,4,nearest_right
year,2021,116,0.16112751741934525,0.0,B,0,4,nearest_right
year,2022,129,0.12398211148865172,0.0,B,0,4,nearest_right
year,2023,151,0.10973543757227945,0.0,B,0,4,nearest_right
year,2024,122,0.10975791848065601,0.0,B,0,4,nearest_right
confidence_bin,low,87,0.12175962213531139,0.0,B,0,4,nearest_right
confidence_bin,medium,806,0.1234153111647123,0.0,B,0,4,nearest_right
confidence_bin,high,307,0.13877976061531927,0.0,B,0,4,nearest_right
overall,all,1200,0.11123943305403741,0.0,B,0,4,mean_neighbors
seen_polygon,False,1200,0.11123943305403741,0.0,B,0,4,mean_neighbors
crop_type,зерновые,299,0.08047002231151376,5.86,B,0,4,mean_neighbors
crop_type,озимая пшеница,821,0.12112463314211139,0.0,B,0,4,mean_neighbors
crop_type,подсолнечник,80,0.10415527601780901,0.0,B,0,4,mean_neighbors
source_label,landsat,498,0.09009576071668775,2.97,B,0,4,mean_neighbors
source_label,modis,211,0.15384583125503398,0.0,B,0,4,mean_neighbors
source_label,s2,491,0.10880393346610247,0.0,B,0,4,mean_neighbors
gap_length,1,871,0.11269218670699292,0.0,B,0,4,mean_neighbors
gap_length,2,266,0.11067461556538952,0.0,B,0,4,mean_neighbors
gap_length,3,54,0.09726316942760706,0.82,B,0,4,mean_neighbors
gap_length,4,4,0.030861614124462686,20.74,B,0,4,mean_neighbors
gap_length,5,5,0.054604079704444745,13.62,B,0,4,mean_neighbors
left_distance_bin,0-7,973,0.10460883074269757,0.0,B,0,4,mean_neighbors
left_distance_bin,16-30,29,0.09468189579416704,1.6,B,0,4,mean_neighbors
left_distance_bin,31+,30,0.23373862379415697,0.0,B,0,4,mean_neighbors
left_distance_bin,8-15,166,0.11678835826734835,0.0,B,0,4,mean_neighbors
left_distance_bin,none,2,0.13849108229952334,0.0,B,0,4,mean_neighbors
right_distance_bin,0-7,1001,0.11050032338475646,0.0,B,0,4,mean_neighbors
right_distance_bin,16-30,33,0.09776648080440267,0.67,B,0,4,mean_neighbors
right_distance_bin,31+,12,0.18651845673384007,0.0,B,0,4,mean_neighbors
right_distance_bin,8-15,154,0.11088864649807835,0.0,B,0,4,mean_neighbors
year,2010,30,0.09545985962002922,1.36,B,0,4,mean_neighbors
year,2011,33,0.11772773389698087,0.0,B,0,4,mean_neighbors
year,2012,26,0.11437720337709029,0.0,B,0,4,mean_neighbors
year,2013,38,0.09304386073683125,2.09,B,0,4,mean_neighbors
year,2014,35,0.08126448257685259,5.62,B,0,4,mean_neighbors
year,2015,34,0.12172920019139523,0.0,B,0,4,mean_neighbors
year,2016,29,0.1180156258127103,0.0,B,0,4,mean_neighbors
year,2017,95,0.11120893204260508,0.0,B,0,4,mean_neighbors
year,2018,82,0.12321331672492701,0.0,B,0,4,mean_neighbors
year,2019,128,0.12996148536425614,0.0,B,0,4,mean_neighbors
year,2020,152,0.09345158242642429,1.96,B,0,4,mean_neighbors
year,2021,116,0.1388535904729354,0.0,B,0,4,mean_neighbors
year,2022,129,0.10710956248878427,0.0,B,0,4,mean_neighbors
year,2023,151,0.10422072043456654,0.0,B,0,4,mean_neighbors
year,2024,122,0.09253123524891566,2.24,B,0,4,mean_neighbors
confidence_bin,low,87,0.11734660871506826,0.0,B,0,4,mean_neighbors
confidence_bin,medium,806,0.11012923193784166,0.0,B,0,4,mean_neighbors
confidence_bin,high,307,0.1123558095734983,0.0,B,0,4,mean_neighbors
overall,all,1200,0.11271547804895676,0.0,B,0,4,linear
seen_polygon,False,1200,0.11271547804895676,0.0,B,0,4,linear
crop_type,зерновые,299,0.08207463109679138,5.38,B,0,4,linear
crop_type,озимая пшеница,821,0.1222392519924259,0.0,B,0,4,linear
crop_type,подсолнечник,80,0.10976444112951117,0.0,B,0,4,linear
source_label,landsat,498,0.0883576509057782,3.49,B,0,4,linear
source_label,modis,211,0.15380985312767198,0.0,B,0,4,linear
source_label,s2,491,0.11386637162624734,0.0,B,0,4,linear
gap_length,1,871,0.1158007764334754,0.0,B,0,4,linear
gap_length,2,266,0.10666650994226519,0.0,B,0,4,linear
gap_length,3,54,0.09806440121096639,0.58,B,0,4,linear
gap_length,4,4,0.028035926591898706,21.59,B,0,4,linear
gap_length,5,5,0.05806863228055652,12.58,B,0,4,linear
left_distance_bin,0-7,973,0.10629527635271091,0.0,B,0,4,linear
left_distance_bin,16-30,29,0.09257520365940841,2.23,B,0,4,linear
left_distance_bin,31+,30,0.2250342547276135,0.0,B,0,4,linear
left_distance_bin,8-15,166,0.12138772430955473,0.0,B,0,4,linear
left_distance_bin,none,2,0.13849108229952334,0.0,B,0,4,linear
right_distance_bin,0-7,1001,0.11221555599243868,0.0,B,0,4,linear
right_distance_bin,16-30,33,0.12099387425647261,0.0,B,0,4,linear
right_distance_bin,31+,12,0.11174947820871046,0.0,B,0,4,linear
right_distance_bin,8-15,154,0.11418406252817426,0.0,B,0,4,linear
year,2010,30,0.10871952818863252,0.0,B,0,4,linear
year,2011,33,0.12207130047819797,0.0,B,0,4,linear
year,2012,26,0.13636178084565168,0.0,B,0,4,linear
year,2013,38,0.09238683071316119,2.28,B,0,4,linear
year,2014,35,0.0799209702342645,6.02,B,0,4,linear
year,2015,34,0.11295522652287848,0.0,B,0,4,linear
year,2016,29,0.10479964352231527,0.0,B,0,4,linear
year,2017,95,0.1197254991639867,0.0,B,0,4,linear
year,2018,82,0.11634743708087335,0.0,B,0,4,linear
year,2019,128,0.12884762642190903,0.0,B,0,4,linear
year,2020,152,0.09036853677179126,2.89,B,0,4,linear
year,2021,116,0.14498456408764374,0.0,B,0,4,linear
year,2022,129,0.10028225503301044,0.0,B,0,4,linear
year,2023,151,0.10917161971713438,0.0,B,0,4,linear
year,2024,122,0.10090912626038089,0.0,B,0,4,linear
confidence_bin,low,87,0.11495449613785272,0.0,B,0,4,linear
confidence_bin,medium,806,0.11213083153320515,0.0,B,0,4,linear
confidence_bin,high,307,0.11360213298223285,0.0,B,0,4,linear
overall,all,1200,0.1905481791301674,0.0,B,0,4,seasonal_crop
seen_polygon,False,1200,0.1905481791301674,0.0,B,0,4,seasonal_crop
crop_type,зерновые,299,0.1566508339888101,0.0,B,0,4,seasonal_crop
crop_type,озимая пшеница,821,0.2007454274222334,0.0,B,0,4,seasonal_crop
crop_type,подсолнечник,80,0.19836109959999482,0.0,B,0,4,seasonal_crop
source_label,landsat,498,0.19018826501432506,0.0,B,0,4,seasonal_crop
source_label,modis,211,0.16242311982019292,0.0,B,0,4,seasonal_crop
source_label,s2,491,0.2017764154664952,0.0,B,0,4,seasonal_crop
gap_length,1,871,0.19200958152657235,0.0,B,0,4,seasonal_crop
gap_length,2,266,0.1816544610666448,0.0,B,0,4,seasonal_crop
gap_length,3,54,0.17878737096928646,0.0,B,0,4,seasonal_crop
gap_length,4,4,0.1992934382546401,0.0,B,0,4,seasonal_crop
gap_length,5,5,0.39900998359875683,0.0,B,0,4,seasonal_crop
left_distance_bin,0-7,973,0.190121099461829,0.0,B,0,4,seasonal_crop
left_distance_bin,16-30,29,0.16327259826740123,0.0,B,0,4,seasonal_crop
left_distance_bin,31+,30,0.2591719768498014,0.0,B,0,4,seasonal_crop
left_distance_bin,8-15,166,0.18238470965669046,0.0,B,0,4,seasonal_crop
left_distance_bin,none,2,0.2123708178726833,0.0,B,0,4,seasonal_crop
right_distance_bin,0-7,1001,0.1936217605787404,0.0,B,0,4,seasonal_crop
right_distance_bin,16-30,33,0.16226480669195076,0.0,B,0,4,seasonal_crop
right_distance_bin,31+,12,0.07313523429827613,8.06,B,0,4,seasonal_crop
right_distance_bin,8-15,154,0.18216561522203367,0.0,B,0,4,seasonal_crop
year,2010,30,0.1750365550466788,0.0,B,0,4,seasonal_crop
year,2011,33,0.10249541032454962,0.0,B,0,4,seasonal_crop
year,2012,26,0.1875185211258805,0.0,B,0,4,seasonal_crop
year,2013,38,0.14004358392919508,0.0,B,0,4,seasonal_crop
year,2014,35,0.16216091080533238,0.0,B,0,4,seasonal_crop
year,2015,34,0.1902801676353719,0.0,B,0,4,seasonal_crop
year,2016,29,0.2098017546835515,0.0,B,0,4,seasonal_crop
year,2017,95,0.18482447846753658,0.0,B,0,4,seasonal_crop
year,2018,82,0.17726376626845958,0.0,B,0,4,seasonal_crop
year,2019,128,0.1619654184315332,0.0,B,0,4,seasonal_crop
year,2020,152,0.17863635130222344,0.0,B,0,4,seasonal_crop
year,2021,116,0.24545824152833848,0.0,B,0,4,seasonal_crop
year,2022,129,0.20699167023148987,0.0,B,0,4,seasonal_crop
year,2023,151,0.21840979577754505,0.0,B,0,4,seasonal_crop
year,2024,122,0.16859724228220235,0.0,B,0,4,seasonal_crop
confidence_bin,low,87,0.20360759339315945,0.0,B,0,4,seasonal_crop
confidence_bin,medium,806,0.19168372839655504,0.0,B,0,4,seasonal_crop
confidence_bin,high,307,0.18360377654841148,0.0,B,0,4,seasonal_crop
overall,all,1200,0.11660120127627806,0.0,B,0,4,pchip
seen_polygon,False,1200,0.11660120127627806,0.0,B,0,4,pchip
crop_type,зерновые,299,0.08466287471491019,4.6,B,0,4,pchip
crop_type,озимая пшеница,821,0.12634083124969486,0.0,B,0,4,pchip
crop_type,подсолнечник,80,0.11548964410247524,0.0,B,0,4,pchip
source_label,landsat,498,0.09222759846108067,2.33,B,0,4,pchip
source_label,modis,211,0.15773447151100697,0.0,B,0,4,pchip
source_label,s2,491,0.11793660978696646,0.0,B,0,4,pchip
gap_length,1,871,0.11997561218174839,0.0,B,0,4,pchip
gap_length,2,266,0.10916342944914187,0.0,B,0,4,pchip
gap_length,3,54,0.10493878721083277,0.0,B,0,4,pchip
gap_length,4,4,0.030930536763621615,20.72,B,0,4,pchip
gap_length,5,5,0.04334232366785673,17.0,B,0,4,pchip
left_distance_bin,0-7,973,0.11020955944508172,0.0,B,0,4,pchip
left_distance_bin,16-30,29,0.09774607843745582,0.68,B,0,4,pchip
left_distance_bin,31+,30,0.2267356139318475,0.0,B,0,4,pchip
left_distance_bin,8-15,166,0.1260880798582327,0.0,B,0,4,pchip
left_distance_bin,none,2,0.13849108229952334,0.0,B,0,4,pchip
right_distance_bin,0-7,1001,0.11580135082478492,0.0,B,0,4,pchip
right_distance_bin,16-30,33,0.12625385927746305,0.0,B,0,4,pchip
right_distance_bin,31+,12,0.11647021729384646,0.0,B,0,4,pchip
right_distance_bin,8-15,154,0.11959999355451323,0.0,B,0,4,pchip
year,2010,30,0.11203169137246072,0.0,B,0,4,pchip
year,2011,33,0.12830927070312367,0.0,B,0,4,pchip
year,2012,26,0.14446387879491593,0.0,B,0,4,pchip
year,2013,38,0.10116421489981328,0.0,B,0,4,pchip
year,2014,35,0.08309843835390573,5.07,B,0,4,pchip
year,2015,34,0.12269233482964727,0.0,B,0,4,pchip
year,2016,29,0.10349371082509423,0.0,B,0,4,pchip
year,2017,95,0.1215026933227387,0.0,B,0,4,pchip
year,2018,82,0.11875182469609089,0.0,B,0,4,pchip
year,2019,128,0.13243192854736416,0.0,B,0,4,pchip
year,2020,152,0.09212636867036522,2.36,B,0,4,pchip
year,2021,116,0.15114453048908633,0.0,B,0,4,pchip
year,2022,129,0.1018547735191209,0.0,B,0,4,pchip
year,2023,151,0.11417889601529876,0.0,B,0,4,pchip
year,2024,122,0.10515085355536781,0.0,B,0,4,pchip
confidence_bin,low,87,0.11828423203059577,0.0,B,0,4,pchip
confidence_bin,medium,806,0.11589919387271386,0.0,B,0,4,pchip
confidence_bin,high,307,0.11795050907112786,0.0,B,0,4,pchip
overall,all,1200,0.1191549341014424,0.0,B,0,4,akima
seen_polygon,False,1200,0.1191549341014424,0.0,B,0,4,akima
crop_type,зерновые,299,0.08673783646334852,3.98,B,0,4,akima
crop_type,озимая пшеница,821,0.12906721923906359,0.0,B,0,4,akima
crop_type,подсолнечник,80,0.11786977986461684,0.0,B,0,4,akima
source_label,landsat,498,0.09536360200600026,1.39,B,0,4,akima
source_label,modis,211,0.15910171281421653,0.0,B,0,4,akima
source_label,s2,491,0.12082068495221696,0.0,B,0,4,akima
gap_length,1,871,0.12235098967857119,0.0,B,0,4,akima
gap_length,2,266,0.11208917192084285,0.0,B,0,4,akima
gap_length,3,54,0.10832622313713397,0.0,B,0,4,akima
gap_length,4,4,0.04072614416526619,17.78,B,0,4,akima
gap_length,5,5,0.05743227155513351,12.77,B,0,4,akima
left_distance_bin,0-7,973,0.11219904298268293,0.0,B,0,4,akima
left_distance_bin,16-30,29,0.11049688379542578,0.0,B,0,4,akima
left_distance_bin,31+,30,0.22690179643957734,0.0,B,0,4,akima
left_distance_bin,8-15,166,0.13107010965754684,0.0,B,0,4,akima
left_distance_bin,none,2,0.13849108229952334,0.0,B,0,4,akima
right_distance_bin,0-7,1001,0.11753114384918714,0.0,B,0,4,akima
right_distance_bin,16-30,33,0.12503547612239363,0.0,B,0,4,akima
right_distance_bin,31+,12,0.13801533672996621,0.0,B,0,4,akima
right_distance_bin,8-15,154,0.12653212011944082,0.0,B,0,4,akima
year,2010,30,0.115521270756332,0.0,B,0,4,akima
year,2011,33,0.13268455663617384,0.0,B,0,4,akima
year,2012,26,0.15514161126500886,0.0,B,0,4,akima
year,2013,38,0.10238222508955992,0.0,B,0,4,akima
year,2014,35,0.08258152789549367,5.23,B,0,4,akima
year,2015,34,0.12879831019929985,0.0,B,0,4,akima
year,2016,29,0.1033175838452012,0.0,B,0,4,akima
year,2017,95,0.1219729654805144,0.0,B,0,4,akima
year,2018,82,0.11741937745509905,0.0,B,0,4,akima
year,2019,128,0.13329592598207723,0.0,B,0,4,akima
year,2020,152,0.09443983457168732,1.67,B,0,4,akima
year,2021,116,0.15657434346840746,0.0,B,0,4,akima
year,2022,129,0.1033716364840834,0.0,B,0,4,akima
year,2023,151,0.11654484255170491,0.0,B,0,4,akima
year,2024,122,0.10986791395315015,0.0,B,0,4,akima
confidence_bin,low,87,0.11894635243288118,0.0,B,0,4,akima
confidence_bin,medium,806,0.11925799274251839,0.0,B,0,4,akima
confidence_bin,high,307,0.11894311565186662,0.0,B,0,4,akima
overall,all,1200,0.17877237430979828,0.0,C,0,0,nearest_left
seen_polygon,True,1200,0.17877237430979828,0.0,C,0,0,nearest_left
crop_type,зерновые,310,0.1620860148833211,0.0,C,0,0,nearest_left
crop_type,озимая пшеница,694,0.17581973016499386,0.0,C,0,0,nearest_left
crop_type,пастбища/зерновые,76,0.20041997151038765,0.0,C,0,0,nearest_left
crop_type,подсолнечник,120,0.21796565511358917,0.0,C,0,0,nearest_left
source_label,landsat,384,0.1821928071591174,0.0,C,0,0,nearest_left
source_label,modis,105,0.1696199531189495,0.0,C,0,0,nearest_left
source_label,s2,711,0.1782235617793458,0.0,C,0,0,nearest_left
gap_length,18,18,0.10811969377993658,0.0,C,0,0,nearest_left
gap_length,23,46,0.27149528266193623,0.0,C,0,0,nearest_left
gap_length,25,50,0.19168315424893867,0.0,C,0,0,nearest_left
gap_length,26,156,0.1920139761477668,0.0,C,0,0,nearest_left
gap_length,27,27,0.11714450668519454,0.0,C,0,0,nearest_left
gap_length,28,84,0.1906722719768227,0.0,C,0,0,nearest_left
gap_length,29,58,0.19551114909382772,0.0,C,0,0,nearest_left
gap_length,30,90,0.18911637406848894,0.0,C,0,0,nearest_left
gap_length,31,62,0.10721030714485406,0.0,C,0,0,nearest_left
gap_length,32,32,0.09686929249154058,0.94,C,0,0,nearest_left
gap_length,33,99,0.18075977616833463,0.0,C,0,0,nearest_left
gap_length,34,102,0.19365760172191146,0.0,C,0,0,nearest_left
gap_length,35,70,0.07962240805878099,6.11,C,0,0,nearest_left
gap_length,36,36,0.2305438778341244,0.0,C,0,0,nearest_left
gap_length,37,74,0.17616641009322764,0.0,C,0,0,nearest_left
gap_length,38,76,0.1659939273218411,0.0,C,0,0,nearest_left
gap_length,39,39,0.18648605562295156,0.0,C,0,0,nearest_left
gap_length,40,40,0.16877227798519112,0.0,C,0,0,nearest_left
gap_length,41,41,0.15498781443993423,0.0,C,0,0,nearest_left
left_distance_bin,31+,1200,0.17877237430979828,0.0,C,0,0,nearest_left
right_distance_bin,none,1200,0.17877237430979828,0.0,C,0,0,nearest_left
year,2024,1200,0.17877237430979828,0.0,C,0,0,nearest_left
confidence_bin,low,1200,0.17877237430979828,0.0,C,0,0,nearest_left
overall,all,1200,0.17877237430979828,0.0,C,0,0,nearest_right
seen_polygon,True,1200,0.17877237430979828,0.0,C,0,0,nearest_right
crop_type,зерновые,310,0.1620860148833211,0.0,C,0,0,nearest_right
crop_type,озимая пшеница,694,0.17581973016499386,0.0,C,0,0,nearest_right
crop_type,пастбища/зерновые,76,0.20041997151038765,0.0,C,0,0,nearest_right
crop_type,подсолнечник,120,0.21796565511358917,0.0,C,0,0,nearest_right
source_label,landsat,384,0.1821928071591174,0.0,C,0,0,nearest_right
source_label,modis,105,0.1696199531189495,0.0,C,0,0,nearest_right
source_label,s2,711,0.1782235617793458,0.0,C,0,0,nearest_right
gap_length,18,18,0.10811969377993658,0.0,C,0,0,nearest_right
gap_length,23,46,0.27149528266193623,0.0,C,0,0,nearest_right
gap_length,25,50,0.19168315424893867,0.0,C,0,0,nearest_right
gap_length,26,156,0.1920139761477668,0.0,C,0,0,nearest_right
gap_length,27,27,0.11714450668519454,0.0,C,0,0,nearest_right
gap_length,28,84,0.1906722719768227,0.0,C,0,0,nearest_right
gap_length,29,58,0.19551114909382772,0.0,C,0,0,nearest_right
gap_length,30,90,0.18911637406848894,0.0,C,0,0,nearest_right
gap_length,31,62,0.10721030714485406,0.0,C,0,0,nearest_right
gap_length,32,32,0.09686929249154058,0.94,C,0,0,nearest_right
gap_length,33,99,0.18075977616833463,0.0,C,0,0,nearest_right
gap_length,34,102,0.19365760172191146,0.0,C,0,0,nearest_right
gap_length,35,70,0.07962240805878099,6.11,C,0,0,nearest_right
gap_length,36,36,0.2305438778341244,0.0,C,0,0,nearest_right
gap_length,37,74,0.17616641009322764,0.0,C,0,0,nearest_right
gap_length,38,76,0.1659939273218411,0.0,C,0,0,nearest_right
gap_length,39,39,0.18648605562295156,0.0,C,0,0,nearest_right
gap_length,40,40,0.16877227798519112,0.0,C,0,0,nearest_right
gap_length,41,41,0.15498781443993423,0.0,C,0,0,nearest_right
left_distance_bin,31+,1200,0.17877237430979828,0.0,C,0,0,nearest_right
right_distance_bin,none,1200,0.17877237430979828,0.0,C,0,0,nearest_right
year,2024,1200,0.17877237430979828,0.0,C,0,0,nearest_right
confidence_bin,low,1200,0.17877237430979828,0.0,C,0,0,nearest_right
overall,all,1200,0.17877237430979828,0.0,C,0,0,mean_neighbors
seen_polygon,True,1200,0.17877237430979828,0.0,C,0,0,mean_neighbors
crop_type,зерновые,310,0.1620860148833211,0.0,C,0,0,mean_neighbors
crop_type,озимая пшеница,694,0.17581973016499386,0.0,C,0,0,mean_neighbors
crop_type,пастбища/зерновые,76,0.20041997151038765,0.0,C,0,0,mean_neighbors
crop_type,подсолнечник,120,0.21796565511358917,0.0,C,0,0,mean_neighbors
source_label,landsat,384,0.1821928071591174,0.0,C,0,0,mean_neighbors
source_label,modis,105,0.1696199531189495,0.0,C,0,0,mean_neighbors
source_label,s2,711,0.1782235617793458,0.0,C,0,0,mean_neighbors
gap_length,18,18,0.10811969377993658,0.0,C,0,0,mean_neighbors
gap_length,23,46,0.27149528266193623,0.0,C,0,0,mean_neighbors
gap_length,25,50,0.19168315424893867,0.0,C,0,0,mean_neighbors
gap_length,26,156,0.1920139761477668,0.0,C,0,0,mean_neighbors
gap_length,27,27,0.11714450668519454,0.0,C,0,0,mean_neighbors
gap_length,28,84,0.1906722719768227,0.0,C,0,0,mean_neighbors
gap_length,29,58,0.19551114909382772,0.0,C,0,0,mean_neighbors
gap_length,30,90,0.18911637406848894,0.0,C,0,0,mean_neighbors
gap_length,31,62,0.10721030714485406,0.0,C,0,0,mean_neighbors
gap_length,32,32,0.09686929249154058,0.94,C,0,0,mean_neighbors
gap_length,33,99,0.18075977616833463,0.0,C,0,0,mean_neighbors
gap_length,34,102,0.19365760172191146,0.0,C,0,0,mean_neighbors
gap_length,35,70,0.07962240805878099,6.11,C,0,0,mean_neighbors
gap_length,36,36,0.2305438778341244,0.0,C,0,0,mean_neighbors
gap_length,37,74,0.17616641009322764,0.0,C,0,0,mean_neighbors
gap_length,38,76,0.1659939273218411,0.0,C,0,0,mean_neighbors
gap_length,39,39,0.18648605562295156,0.0,C,0,0,mean_neighbors
gap_length,40,40,0.16877227798519112,0.0,C,0,0,mean_neighbors
gap_length,41,41,0.15498781443993423,0.0,C,0,0,mean_neighbors
left_distance_bin,31+,1200,0.17877237430979828,0.0,C,0,0,mean_neighbors
right_distance_bin,none,1200,0.17877237430979828,0.0,C,0,0,mean_neighbors
year,2024,1200,0.17877237430979828,0.0,C,0,0,mean_neighbors
confidence_bin,low,1200,0.17877237430979828,0.0,C,0,0,mean_neighbors
overall,all,1200,0.17877237430979828,0.0,C,0,0,linear
seen_polygon,True,1200,0.17877237430979828,0.0,C,0,0,linear
crop_type,зерновые,310,0.1620860148833211,0.0,C,0,0,linear
crop_type,озимая пшеница,694,0.17581973016499386,0.0,C,0,0,linear
crop_type,пастбища/зерновые,76,0.20041997151038765,0.0,C,0,0,linear
crop_type,подсолнечник,120,0.21796565511358917,0.0,C,0,0,linear
source_label,landsat,384,0.1821928071591174,0.0,C,0,0,linear
source_label,modis,105,0.1696199531189495,0.0,C,0,0,linear
source_label,s2,711,0.1782235617793458,0.0,C,0,0,linear
gap_length,18,18,0.10811969377993658,0.0,C,0,0,linear
gap_length,23,46,0.27149528266193623,0.0,C,0,0,linear
gap_length,25,50,0.19168315424893867,0.0,C,0,0,linear
gap_length,26,156,0.1920139761477668,0.0,C,0,0,linear
gap_length,27,27,0.11714450668519454,0.0,C,0,0,linear
gap_length,28,84,0.1906722719768227,0.0,C,0,0,linear
gap_length,29,58,0.19551114909382772,0.0,C,0,0,linear
gap_length,30,90,0.18911637406848894,0.0,C,0,0,linear
gap_length,31,62,0.10721030714485406,0.0,C,0,0,linear
gap_length,32,32,0.09686929249154058,0.94,C,0,0,linear
gap_length,33,99,0.18075977616833463,0.0,C,0,0,linear
gap_length,34,102,0.19365760172191146,0.0,C,0,0,linear
gap_length,35,70,0.07962240805878099,6.11,C,0,0,linear
gap_length,36,36,0.2305438778341244,0.0,C,0,0,linear
gap_length,37,74,0.17616641009322764,0.0,C,0,0,linear
gap_length,38,76,0.1659939273218411,0.0,C,0,0,linear
gap_length,39,39,0.18648605562295156,0.0,C,0,0,linear
gap_length,40,40,0.16877227798519112,0.0,C,0,0,linear
gap_length,41,41,0.15498781443993423,0.0,C,0,0,linear
left_distance_bin,31+,1200,0.17877237430979828,0.0,C,0,0,linear
right_distance_bin,none,1200,0.17877237430979828,0.0,C,0,0,linear
year,2024,1200,0.17877237430979828,0.0,C,0,0,linear
confidence_bin,low,1200,0.17877237430979828,0.0,C,0,0,linear
overall,all,1200,0.17890329108196942,0.0,C,0,0,seasonal_crop
seen_polygon,True,1200,0.17890329108196942,0.0,C,0,0,seasonal_crop
crop_type,зерновые,310,0.1465615897657463,0.0,C,0,0,seasonal_crop
crop_type,озимая пшеница,694,0.19151901981416533,0.0,C,0,0,seasonal_crop
crop_type,пастбища/зерновые,76,0.19169848921144322,0.0,C,0,0,seasonal_crop
crop_type,подсолнечник,120,0.17078991294600762,0.0,C,0,0,seasonal_crop
source_label,landsat,384,0.17007057394314057,0.0,C,0,0,seasonal_crop
source_label,modis,105,0.1622372034383404,0.0,C,0,0,seasonal_crop
source_label,s2,711,0.18577073062014737,0.0,C,0,0,seasonal_crop
gap_length,18,18,0.19959160476529403,0.0,C,0,0,seasonal_crop
gap_length,23,46,0.22299566034979282,0.0,C,0,0,seasonal_crop
gap_length,25,50,0.1681712388365333,0.0,C,0,0,seasonal_crop
gap_length,26,156,0.20796896319313365,0.0,C,0,0,seasonal_crop
gap_length,27,27,0.14090151784076266,0.0,C,0,0,seasonal_crop
gap_length,28,84,0.16347149304059128,0.0,C,0,0,seasonal_crop
gap_length,29,58,0.1858629117231545,0.0,C,0,0,seasonal_crop
gap_length,30,90,0.21341799923494012,0.0,C,0,0,seasonal_crop
gap_length,31,62,0.13171702988643136,0.0,C,0,0,seasonal_crop
gap_length,32,32,0.04458726745562567,16.62,C,0,0,seasonal_crop
gap_length,33,99,0.16378782474486567,0.0,C,0,0,seasonal_crop
gap_length,34,102,0.13135778462103542,0.0,C,0,0,seasonal_crop
gap_length,35,70,0.139946580304536,0.0,C,0,0,seasonal_crop
gap_length,36,36,0.1713489510999897,0.0,C,0,0,seasonal_crop
gap_length,37,74,0.19709705922045567,0.0,C,0,0,seasonal_crop
gap_length,38,76,0.1858403379926453,0.0,C,0,0,seasonal_crop
gap_length,39,39,0.2531286314179765,0.0,C,0,0,seasonal_crop
gap_length,40,40,0.20832036318263422,0.0,C,0,0,seasonal_crop
gap_length,41,41,0.12503600174264656,0.0,C,0,0,seasonal_crop
left_distance_bin,31+,1200,0.17890329108196942,0.0,C,0,0,seasonal_crop
right_distance_bin,none,1200,0.17890329108196942,0.0,C,0,0,seasonal_crop
year,2024,1200,0.17890329108196942,0.0,C,0,0,seasonal_crop
confidence_bin,low,1200,0.17890329108196942,0.0,C,0,0,seasonal_crop
overall,all,1200,0.17877237430979828,0.0,C,0,0,pchip
seen_polygon,True,1200,0.17877237430979828,0.0,C,0,0,pchip
crop_type,зерновые,310,0.1620860148833211,0.0,C,0,0,pchip
crop_type,озимая пшеница,694,0.17581973016499386,0.0,C,0,0,pchip
crop_type,пастбища/зерновые,76,0.20041997151038765,0.0,C,0,0,pchip
crop_type,подсолнечник,120,0.21796565511358917,0.0,C,0,0,pchip
source_label,landsat,384,0.1821928071591174,0.0,C,0,0,pchip
source_label,modis,105,0.1696199531189495,0.0,C,0,0,pchip
source_label,s2,711,0.1782235617793458,0.0,C,0,0,pchip
gap_length,18,18,0.10811969377993658,0.0,C,0,0,pchip
gap_length,23,46,0.27149528266193623,0.0,C,0,0,pchip
gap_length,25,50,0.19168315424893867,0.0,C,0,0,pchip
gap_length,26,156,0.1920139761477668,0.0,C,0,0,pchip
gap_length,27,27,0.11714450668519454,0.0,C,0,0,pchip
gap_length,28,84,0.1906722719768227,0.0,C,0,0,pchip
gap_length,29,58,0.19551114909382772,0.0,C,0,0,pchip
gap_length,30,90,0.18911637406848894,0.0,C,0,0,pchip
gap_length,31,62,0.10721030714485406,0.0,C,0,0,pchip
gap_length,32,32,0.09686929249154058,0.94,C,0,0,pchip
gap_length,33,99,0.18075977616833463,0.0,C,0,0,pchip
gap_length,34,102,0.19365760172191146,0.0,C,0,0,pchip
gap_length,35,70,0.07962240805878099,6.11,C,0,0,pchip
gap_length,36,36,0.2305438778341244,0.0,C,0,0,pchip
gap_length,37,74,0.17616641009322764,0.0,C,0,0,pchip
gap_length,38,76,0.1659939273218411,0.0,C,0,0,pchip
gap_length,39,39,0.18648605562295156,0.0,C,0,0,pchip
gap_length,40,40,0.16877227798519112,0.0,C,0,0,pchip
gap_length,41,41,0.15498781443993423,0.0,C,0,0,pchip
left_distance_bin,31+,1200,0.17877237430979828,0.0,C,0,0,pchip
right_distance_bin,none,1200,0.17877237430979828,0.0,C,0,0,pchip
year,2024,1200,0.17877237430979828,0.0,C,0,0,pchip
confidence_bin,low,1200,0.17877237430979828,0.0,C,0,0,pchip
overall,all,1200,0.17877237430979828,0.0,C,0,0,akima
seen_polygon,True,1200,0.17877237430979828,0.0,C,0,0,akima
crop_type,зерновые,310,0.1620860148833211,0.0,C,0,0,akima
crop_type,озимая пшеница,694,0.17581973016499386,0.0,C,0,0,akima
crop_type,пастбища/зерновые,76,0.20041997151038765,0.0,C,0,0,akima
crop_type,подсолнечник,120,0.21796565511358917,0.0,C,0,0,akima
source_label,landsat,384,0.1821928071591174,0.0,C,0,0,akima
source_label,modis,105,0.1696199531189495,0.0,C,0,0,akima
source_label,s2,711,0.1782235617793458,0.0,C,0,0,akima
gap_length,18,18,0.10811969377993658,0.0,C,0,0,akima
gap_length,23,46,0.27149528266193623,0.0,C,0,0,akima
gap_length,25,50,0.19168315424893867,0.0,C,0,0,akima
gap_length,26,156,0.1920139761477668,0.0,C,0,0,akima
gap_length,27,27,0.11714450668519454,0.0,C,0,0,akima
gap_length,28,84,0.1906722719768227,0.0,C,0,0,akima
gap_length,29,58,0.19551114909382772,0.0,C,0,0,akima
gap_length,30,90,0.18911637406848894,0.0,C,0,0,akima
gap_length,31,62,0.10721030714485406,0.0,C,0,0,akima
gap_length,32,32,0.09686929249154058,0.94,C,0,0,akima
gap_length,33,99,0.18075977616833463,0.0,C,0,0,akima
gap_length,34,102,0.19365760172191146,0.0,C,0,0,akima
gap_length,35,70,0.07962240805878099,6.11,C,0,0,akima
gap_length,36,36,0.2305438778341244,0.0,C,0,0,akima
gap_length,37,74,0.17616641009322764,0.0,C,0,0,akima
gap_length,38,76,0.1659939273218411,0.0,C,0,0,akima
gap_length,39,39,0.18648605562295156,0.0,C,0,0,akima
gap_length,40,40,0.16877227798519112,0.0,C,0,0,akima
gap_length,41,41,0.15498781443993423,0.0,C,0,0,akima
left_distance_bin,31+,1200,0.17877237430979828,0.0,C,0,0,akima
right_distance_bin,none,1200,0.17877237430979828,0.0,C,0,0,akima
year,2024,1200,0.17877237430979828,0.0,C,0,0,akima
confidence_bin,low,1200,0.17877237430979828,0.0,C,0,0,akima
overall,all,22,0.18448192195738047,0.0,D,0,0,nearest_left
seen_polygon,False,22,0.18448192195738047,0.0,D,0,0,nearest_left
crop_type,зерновые,9,0.26739737617688786,0.0,D,0,0,nearest_left
crop_type,озимая пшеница,10,0.08220031848182083,5.34,D,0,0,nearest_left
crop_type,подсолнечник,3,0.11203811104303454,0.0,D,0,0,nearest_left
source_label,landsat,11,0.149367023183175,0.0,D,0,0,nearest_left
source_label,modis,5,0.2391511650140266,0.0,D,0,0,nearest_left
source_label,s2,6,0.19033162604670348,0.0,D,0,0,nearest_left
gap_length,2,2,0.4126817109036902,0.0,D,0,0,nearest_left
gap_length,3,12,0.1020142052569502,0.0,D,0,0,nearest_left
gap_length,4,8,0.18816335446915483,0.0,D,0,0,nearest_left
left_distance_bin,16-30,20,0.16460226234487985,0.0,D,0,0,nearest_left
left_distance_bin,31+,2,0.32160585680216197,0.0,D,0,0,nearest_left
right_distance_bin,none,22,0.18448192195738047,0.0,D,0,0,nearest_left
year,2011,3,0.09467111018961125,1.6,D,0,0,nearest_left
year,2013,4,0.26456132949423866,0.0,D,0,0,nearest_left
year,2018,4,0.02860417568136704,21.42,D,0,0,nearest_left
year,2019,3,0.11203811104303454,0.0,D,0,0,nearest_left
year,2022,5,0.26964473769073266,0.0,D,0,0,nearest_left
year,2023,3,0.11166657334207815,0.0,D,0,0,nearest_left
confidence_bin,medium,8,0.22071259197128865,0.0,D,0,0,nearest_left
confidence_bin,high,14,0.1601397522706968,0.0,D,0,0,nearest_left
overall,all,22,0.18448192195738047,0.0,D,0,0,nearest_right
seen_polygon,False,22,0.18448192195738047,0.0,D,0,0,nearest_right
crop_type,зерновые,9,0.26739737617688786,0.0,D,0,0,nearest_right
crop_type,озимая пшеница,10,0.08220031848182083,5.34,D,0,0,nearest_right
crop_type,подсолнечник,3,0.11203811104303454,0.0,D,0,0,nearest_right
source_label,landsat,11,0.149367023183175,0.0,D,0,0,nearest_right
source_label,modis,5,0.2391511650140266,0.0,D,0,0,nearest_right
source_label,s2,6,0.19033162604670348,0.0,D,0,0,nearest_right
gap_length,2,2,0.4126817109036902,0.0,D,0,0,nearest_right
gap_length,3,12,0.1020142052569502,0.0,D,0,0,nearest_right
gap_length,4,8,0.18816335446915483,0.0,D,0,0,nearest_right
left_distance_bin,16-30,20,0.16460226234487985,0.0,D,0,0,nearest_right
left_distance_bin,31+,2,0.32160585680216197,0.0,D,0,0,nearest_right
right_distance_bin,none,22,0.18448192195738047,0.0,D,0,0,nearest_right
year,2011,3,0.09467111018961125,1.6,D,0,0,nearest_right
year,2013,4,0.26456132949423866,0.0,D,0,0,nearest_right
year,2018,4,0.02860417568136704,21.42,D,0,0,nearest_right
year,2019,3,0.11203811104303454,0.0,D,0,0,nearest_right
year,2022,5,0.26964473769073266,0.0,D,0,0,nearest_right
year,2023,3,0.11166657334207815,0.0,D,0,0,nearest_right
confidence_bin,medium,8,0.22071259197128865,0.0,D,0,0,nearest_right
confidence_bin,high,14,0.1601397522706968,0.0,D,0,0,nearest_right
overall,all,22,0.18448192195738047,0.0,D,0,0,mean_neighbors
seen_polygon,False,22,0.18448192195738047,0.0,D,0,0,mean_neighbors
crop_type,зерновые,9,0.26739737617688786,0.0,D,0,0,mean_neighbors
crop_type,озимая пшеница,10,0.08220031848182083,5.34,D,0,0,mean_neighbors
crop_type,подсолнечник,3,0.11203811104303454,0.0,D,0,0,mean_neighbors
source_label,landsat,11,0.149367023183175,0.0,D,0,0,mean_neighbors
source_label,modis,5,0.2391511650140266,0.0,D,0,0,mean_neighbors
source_label,s2,6,0.19033162604670348,0.0,D,0,0,mean_neighbors
gap_length,2,2,0.4126817109036902,0.0,D,0,0,mean_neighbors
gap_length,3,12,0.1020142052569502,0.0,D,0,0,mean_neighbors
gap_length,4,8,0.18816335446915483,0.0,D,0,0,mean_neighbors
left_distance_bin,16-30,20,0.16460226234487985,0.0,D,0,0,mean_neighbors
left_distance_bin,31+,2,0.32160585680216197,0.0,D,0,0,mean_neighbors
right_distance_bin,none,22,0.18448192195738047,0.0,D,0,0,mean_neighbors
year,2011,3,0.09467111018961125,1.6,D,0,0,mean_neighbors
year,2013,4,0.26456132949423866,0.0,D,0,0,mean_neighbors
year,2018,4,0.02860417568136704,21.42,D,0,0,mean_neighbors
year,2019,3,0.11203811104303454,0.0,D,0,0,mean_neighbors
year,2022,5,0.26964473769073266,0.0,D,0,0,mean_neighbors
year,2023,3,0.11166657334207815,0.0,D,0,0,mean_neighbors
confidence_bin,medium,8,0.22071259197128865,0.0,D,0,0,mean_neighbors
confidence_bin,high,14,0.1601397522706968,0.0,D,0,0,mean_neighbors
overall,all,22,0.18448192195738047,0.0,D,0,0,linear
seen_polygon,False,22,0.18448192195738047,0.0,D,0,0,linear
crop_type,зерновые,9,0.26739737617688786,0.0,D,0,0,linear
crop_type,озимая пшеница,10,0.08220031848182083,5.34,D,0,0,linear
crop_type,подсолнечник,3,0.11203811104303454,0.0,D,0,0,linear
source_label,landsat,11,0.149367023183175,0.0,D,0,0,linear
source_label,modis,5,0.2391511650140266,0.0,D,0,0,linear
source_label,s2,6,0.19033162604670348,0.0,D,0,0,linear
gap_length,2,2,0.4126817109036902,0.0,D,0,0,linear
gap_length,3,12,0.1020142052569502,0.0,D,0,0,linear
gap_length,4,8,0.18816335446915483,0.0,D,0,0,linear
left_distance_bin,16-30,20,0.16460226234487985,0.0,D,0,0,linear
left_distance_bin,31+,2,0.32160585680216197,0.0,D,0,0,linear
right_distance_bin,none,22,0.18448192195738047,0.0,D,0,0,linear
year,2011,3,0.09467111018961125,1.6,D,0,0,linear
year,2013,4,0.26456132949423866,0.0,D,0,0,linear
year,2018,4,0.02860417568136704,21.42,D,0,0,linear
year,2019,3,0.11203811104303454,0.0,D,0,0,linear
year,2022,5,0.26964473769073266,0.0,D,0,0,linear
year,2023,3,0.11166657334207815,0.0,D,0,0,linear
confidence_bin,medium,8,0.22071259197128865,0.0,D,0,0,linear
confidence_bin,high,14,0.1601397522706968,0.0,D,0,0,linear
overall,all,22,0.22213155702296977,0.0,D,0,0,seasonal_crop
seen_polygon,False,22,0.22213155702296977,0.0,D,0,0,seasonal_crop
crop_type,зерновые,9,0.29745110873638825,0.0,D,0,0,seasonal_crop
crop_type,озимая пшеница,10,0.15765808864175634,0.0,D,0,0,seasonal_crop
crop_type,подсолнечник,3,0.11644489658431621,0.0,D,0,0,seasonal_crop
source_label,landsat,11,0.19264945185034468,0.0,D,0,0,seasonal_crop
source_label,modis,5,0.2919514193071356,0.0,D,0,0,seasonal_crop
source_label,s2,6,0.20457408979878153,0.0,D,0,0,seasonal_crop
gap_length,2,2,0.45758711068646457,0.0,D,0,0,seasonal_crop
gap_length,3,12,0.15308288952155835,0.0,D,0,0,seasonal_crop
gap_length,4,8,0.21953047887931926,0.0,D,0,0,seasonal_crop
left_distance_bin,16-30,20,0.20371698486128906,0.0,D,0,0,seasonal_crop
left_distance_bin,31+,2,0.3574361700642379,0.0,D,0,0,seasonal_crop
right_distance_bin,none,22,0.22213155702296977,0.0,D,0,0,seasonal_crop
year,2011,3,0.24758960227186755,0.0,D,0,0,seasonal_crop
year,2013,4,0.3046090629535467,0.0,D,0,0,seasonal_crop
year,2018,4,0.06000484214235289,12.0,D,0,0,seasonal_crop
year,2019,3,0.11644489658431621,0.0,D,0,0,seasonal_crop
year,2022,5,0.29159826263639116,0.0,D,0,0,seasonal_crop
year,2023,3,0.12943025323854226,0.0,D,0,0,seasonal_crop
confidence_bin,medium,8,0.24734188787606776,0.0,D,0,0,seasonal_crop
confidence_bin,high,14,0.20634737593525165,0.0,D,0,0,seasonal_crop
overall,all,22,0.18448192195738047,0.0,D,0,0,pchip
seen_polygon,False,22,0.18448192195738047,0.0,D,0,0,pchip
crop_type,зерновые,9,0.26739737617688786,0.0,D,0,0,pchip
crop_type,озимая пшеница,10,0.08220031848182083,5.34,D,0,0,pchip
crop_type,подсолнечник,3,0.11203811104303454,0.0,D,0,0,pchip
source_label,landsat,11,0.149367023183175,0.0,D,0,0,pchip
source_label,modis,5,0.2391511650140266,0.0,D,0,0,pchip
source_label,s2,6,0.19033162604670348,0.0,D,0,0,pchip
gap_length,2,2,0.4126817109036902,0.0,D,0,0,pchip
gap_length,3,12,0.1020142052569502,0.0,D,0,0,pchip
gap_length,4,8,0.18816335446915483,0.0,D,0,0,pchip
left_distance_bin,16-30,20,0.16460226234487985,0.0,D,0,0,pchip
left_distance_bin,31+,2,0.32160585680216197,0.0,D,0,0,pchip
right_distance_bin,none,22,0.18448192195738047,0.0,D,0,0,pchip
year,2011,3,0.09467111018961125,1.6,D,0,0,pchip
year,2013,4,0.26456132949423866,0.0,D,0,0,pchip
year,2018,4,0.02860417568136704,21.42,D,0,0,pchip
year,2019,3,0.11203811104303454,0.0,D,0,0,pchip
year,2022,5,0.26964473769073266,0.0,D,0,0,pchip
year,2023,3,0.11166657334207815,0.0,D,0,0,pchip
confidence_bin,medium,8,0.22071259197128865,0.0,D,0,0,pchip
confidence_bin,high,14,0.1601397522706968,0.0,D,0,0,pchip
overall,all,22,0.18448192195738047,0.0,D,0,0,akima
seen_polygon,False,22,0.18448192195738047,0.0,D,0,0,akima
crop_type,зерновые,9,0.26739737617688786,0.0,D,0,0,akima
crop_type,озимая пшеница,10,0.08220031848182083,5.34,D,0,0,akima
crop_type,подсолнечник,3,0.11203811104303454,0.0,D,0,0,akima
source_label,landsat,11,0.149367023183175,0.0,D,0,0,akima
source_label,modis,5,0.2391511650140266,0.0,D,0,0,akima
source_label,s2,6,0.19033162604670348,0.0,D,0,0,akima
gap_length,2,2,0.4126817109036902,0.0,D,0,0,akima
gap_length,3,12,0.1020142052569502,0.0,D,0,0,akima
gap_length,4,8,0.18816335446915483,0.0,D,0,0,akima
left_distance_bin,16-30,20,0.16460226234487985,0.0,D,0,0,akima
left_distance_bin,31+,2,0.32160585680216197,0.0,D,0,0,akima
right_distance_bin,none,22,0.18448192195738047,0.0,D,0,0,akima
year,2011,3,0.09467111018961125,1.6,D,0,0,akima
year,2013,4,0.26456132949423866,0.0,D,0,0,akima
year,2018,4,0.02860417568136704,21.42,D,0,0,akima
year,2019,3,0.11203811104303454,0.0,D,0,0,akima
year,2022,5,0.26964473769073266,0.0,D,0,0,akima
year,2023,3,0.11166657334207815,0.0,D,0,0,akima
confidence_bin,medium,8,0.22071259197128865,0.0,D,0,0,akima
confidence_bin,high,14,0.1601397522706968,0.0,D,0,0,akima
overall,all,23,0.06085783305564716,11.74,D,0,1,nearest_left
seen_polygon,False,23,0.06085783305564716,11.74,D,0,1,nearest_left
crop_type,зерновые,2,0.02149306739736091,23.55,D,0,1,nearest_left
crop_type,озимая пшеница,19,0.06497697865550471,10.51,D,0,1,nearest_left
crop_type,подсолнечник,2,0.04495827608022841,16.51,D,0,1,nearest_left
source_label,landsat,10,0.06519589881935782,10.44,D,0,1,nearest_left
source_label,modis,6,0.05310312572026542,14.07,D,0,1,nearest_left
source_label,s2,7,0.06066281565347699,11.8,D,0,1,nearest_left
gap_length,2,6,0.048170717646041306,15.55,D,0,1,nearest_left
gap_length,3,9,0.059558735493163095,12.13,D,0,1,nearest_left
gap_length,4,8,0.07012208053116949,8.96,D,0,1,nearest_left
left_distance_bin,16-30,19,0.06036703402826369,11.89,D,0,1,nearest_left
left_distance_bin,31+,4,0.06313704789433475,11.06,D,0,1,nearest_left
right_distance_bin,none,23,0.06085783305564716,11.74,D,0,1,nearest_left
year,2012,2,0.02149306739736091,23.55,D,0,1,nearest_left
year,2014,9,0.0698704205257224,9.04,D,0,1,nearest_left
year,2020,3,0.06690130094497626,9.93,D,0,1,nearest_left
year,2022,2,0.06691827539133363,9.92,D,0,1,nearest_left
year,2023,4,0.06003940723983882,11.99,D,0,1,nearest_left
year,2024,3,0.034260640639390785,19.72,D,0,1,nearest_left
confidence_bin,medium,5,0.058745132347421576,12.38,D,0,1,nearest_left
confidence_bin,high,18,0.061431801185762566,11.57,D,0,1,nearest_left
overall,all,23,0.06085783305564716,11.74,D,0,1,nearest_right
seen_polygon,False,23,0.06085783305564716,11.74,D,0,1,nearest_right
crop_type,зерновые,2,0.02149306739736091,23.55,D,0,1,nearest_right
crop_type,озимая пшеница,19,0.06497697865550471,10.51,D,0,1,nearest_right
crop_type,подсолнечник,2,0.04495827608022841,16.51,D,0,1,nearest_right
source_label,landsat,10,0.06519589881935782,10.44,D,0,1,nearest_right
source_label,modis,6,0.05310312572026542,14.07,D,0,1,nearest_right
source_label,s2,7,0.06066281565347699,11.8,D,0,1,nearest_right
gap_length,2,6,0.048170717646041306,15.55,D,0,1,nearest_right
gap_length,3,9,0.059558735493163095,12.13,D,0,1,nearest_right
gap_length,4,8,0.07012208053116949,8.96,D,0,1,nearest_right
left_distance_bin,16-30,19,0.06036703402826369,11.89,D,0,1,nearest_right
left_distance_bin,31+,4,0.06313704789433475,11.06,D,0,1,nearest_right
right_distance_bin,none,23,0.06085783305564716,11.74,D,0,1,nearest_right
year,2012,2,0.02149306739736091,23.55,D,0,1,nearest_right
year,2014,9,0.0698704205257224,9.04,D,0,1,nearest_right
year,2020,3,0.06690130094497626,9.93,D,0,1,nearest_right
year,2022,2,0.06691827539133363,9.92,D,0,1,nearest_right
year,2023,4,0.06003940723983882,11.99,D,0,1,nearest_right
year,2024,3,0.034260640639390785,19.72,D,0,1,nearest_right
confidence_bin,medium,5,0.058745132347421576,12.38,D,0,1,nearest_right
confidence_bin,high,18,0.061431801185762566,11.57,D,0,1,nearest_right
overall,all,23,0.06085783305564716,11.74,D,0,1,mean_neighbors
seen_polygon,False,23,0.06085783305564716,11.74,D,0,1,mean_neighbors
crop_type,зерновые,2,0.02149306739736091,23.55,D,0,1,mean_neighbors
crop_type,озимая пшеница,19,0.06497697865550471,10.51,D,0,1,mean_neighbors
crop_type,подсолнечник,2,0.04495827608022841,16.51,D,0,1,mean_neighbors
source_label,landsat,10,0.06519589881935782,10.44,D,0,1,mean_neighbors
source_label,modis,6,0.05310312572026542,14.07,D,0,1,mean_neighbors
source_label,s2,7,0.06066281565347699,11.8,D,0,1,mean_neighbors
gap_length,2,6,0.048170717646041306,15.55,D,0,1,mean_neighbors
gap_length,3,9,0.059558735493163095,12.13,D,0,1,mean_neighbors
gap_length,4,8,0.07012208053116949,8.96,D,0,1,mean_neighbors
left_distance_bin,16-30,19,0.06036703402826369,11.89,D,0,1,mean_neighbors
left_distance_bin,31+,4,0.06313704789433475,11.06,D,0,1,mean_neighbors
right_distance_bin,none,23,0.06085783305564716,11.74,D,0,1,mean_neighbors
year,2012,2,0.02149306739736091,23.55,D,0,1,mean_neighbors
year,2014,9,0.0698704205257224,9.04,D,0,1,mean_neighbors
year,2020,3,0.06690130094497626,9.93,D,0,1,mean_neighbors
year,2022,2,0.06691827539133363,9.92,D,0,1,mean_neighbors
year,2023,4,0.06003940723983882,11.99,D,0,1,mean_neighbors
year,2024,3,0.034260640639390785,19.72,D,0,1,mean_neighbors
confidence_bin,medium,5,0.058745132347421576,12.38,D,0,1,mean_neighbors
confidence_bin,high,18,0.061431801185762566,11.57,D,0,1,mean_neighbors
overall,all,23,0.06085783305564716,11.74,D,0,1,linear
seen_polygon,False,23,0.06085783305564716,11.74,D,0,1,linear
crop_type,зерновые,2,0.02149306739736091,23.55,D,0,1,linear
crop_type,озимая пшеница,19,0.06497697865550471,10.51,D,0,1,linear
crop_type,подсолнечник,2,0.04495827608022841,16.51,D,0,1,linear
source_label,landsat,10,0.06519589881935782,10.44,D,0,1,linear
source_label,modis,6,0.05310312572026542,14.07,D,0,1,linear
source_label,s2,7,0.06066281565347699,11.8,D,0,1,linear
gap_length,2,6,0.048170717646041306,15.55,D,0,1,linear
gap_length,3,9,0.059558735493163095,12.13,D,0,1,linear
gap_length,4,8,0.07012208053116949,8.96,D,0,1,linear
left_distance_bin,16-30,19,0.06036703402826369,11.89,D,0,1,linear
left_distance_bin,31+,4,0.06313704789433475,11.06,D,0,1,linear
right_distance_bin,none,23,0.06085783305564716,11.74,D,0,1,linear
year,2012,2,0.02149306739736091,23.55,D,0,1,linear
year,2014,9,0.0698704205257224,9.04,D,0,1,linear
year,2020,3,0.06690130094497626,9.93,D,0,1,linear
year,2022,2,0.06691827539133363,9.92,D,0,1,linear
year,2023,4,0.06003940723983882,11.99,D,0,1,linear
year,2024,3,0.034260640639390785,19.72,D,0,1,linear
confidence_bin,medium,5,0.058745132347421576,12.38,D,0,1,linear
confidence_bin,high,18,0.061431801185762566,11.57,D,0,1,linear
overall,all,23,0.07641855098992983,7.07,D,0,1,seasonal_crop
seen_polygon,False,23,0.07641855098992983,7.07,D,0,1,seasonal_crop
crop_type,зерновые,2,0.01131745030853098,26.6,D,0,1,seasonal_crop
crop_type,озимая пшеница,19,0.0833069168288968,5.01,D,0,1,seasonal_crop
crop_type,подсолнечник,2,0.033153496889782655,20.05,D,0,1,seasonal_crop
source_label,landsat,10,0.03989325977332725,18.03,D,0,1,seasonal_crop
source_label,modis,6,0.07865610746865423,6.4,D,0,1,seasonal_crop
source_label,s2,7,0.10775624762004489,0.0,D,0,1,seasonal_crop
gap_length,2,6,0.04806569681653433,15.58,D,0,1,seasonal_crop
gap_length,3,9,0.1032948281255032,0.0,D,0,1,seasonal_crop
gap_length,4,8,0.055255115819897616,13.42,D,0,1,seasonal_crop
left_distance_bin,16-30,19,0.08298446976268606,5.1,D,0,1,seasonal_crop
left_distance_bin,31+,4,0.029467190653855415,21.16,D,0,1,seasonal_crop
right_distance_bin,none,23,0.07641855098992983,7.07,D,0,1,seasonal_crop
year,2012,2,0.01131745030853098,26.6,D,0,1,seasonal_crop
year,2014,9,0.040095230914077434,17.97,D,0,1,seasonal_crop
year,2020,3,0.16671015723289687,0.0,D,0,1,seasonal_crop
year,2022,2,0.07552280843473778,7.34,D,0,1,seasonal_crop
year,2023,4,0.0684543154917528,9.46,D,0,1,seasonal_crop
year,2024,3,0.044952842970499854,16.51,D,0,1,seasonal_crop
confidence_bin,medium,5,0.04709109320228645,15.87,D,0,1,seasonal_crop
confidence_bin,high,18,0.08274036641449212,5.18,D,0,1,seasonal_crop
overall,all,23,0.06085783305564716,11.74,D,0,1,pchip
seen_polygon,False,23,0.06085783305564716,11.74,D,0,1,pchip
crop_type,зерновые,2,0.02149306739736091,23.55,D,0,1,pchip
crop_type,озимая пшеница,19,0.06497697865550471,10.51,D,0,1,pchip
crop_type,подсолнечник,2,0.04495827608022841,16.51,D,0,1,pchip
source_label,landsat,10,0.06519589881935782,10.44,D,0,1,pchip
source_label,modis,6,0.05310312572026542,14.07,D,0,1,pchip
source_label,s2,7,0.06066281565347699,11.8,D,0,1,pchip
gap_length,2,6,0.048170717646041306,15.55,D,0,1,pchip
gap_length,3,9,0.059558735493163095,12.13,D,0,1,pchip
gap_length,4,8,0.07012208053116949,8.96,D,0,1,pchip
left_distance_bin,16-30,19,0.06036703402826369,11.89,D,0,1,pchip
left_distance_bin,31+,4,0.06313704789433475,11.06,D,0,1,pchip
right_distance_bin,none,23,0.06085783305564716,11.74,D,0,1,pchip
year,2012,2,0.02149306739736091,23.55,D,0,1,pchip
year,2014,9,0.0698704205257224,9.04,D,0,1,pchip
year,2020,3,0.06690130094497626,9.93,D,0,1,pchip
year,2022,2,0.06691827539133363,9.92,D,0,1,pchip
year,2023,4,0.06003940723983882,11.99,D,0,1,pchip
year,2024,3,0.034260640639390785,19.72,D,0,1,pchip
confidence_bin,medium,5,0.058745132347421576,12.38,D,0,1,pchip
confidence_bin,high,18,0.061431801185762566,11.57,D,0,1,pchip
overall,all,23,0.06085783305564716,11.74,D,0,1,akima
seen_polygon,False,23,0.06085783305564716,11.74,D,0,1,akima
crop_type,зерновые,2,0.02149306739736091,23.55,D,0,1,akima
crop_type,озимая пшеница,19,0.06497697865550471,10.51,D,0,1,akima
crop_type,подсолнечник,2,0.04495827608022841,16.51,D,0,1,akima
source_label,landsat,10,0.06519589881935782,10.44,D,0,1,akima
source_label,modis,6,0.05310312572026542,14.07,D,0,1,akima
source_label,s2,7,0.06066281565347699,11.8,D,0,1,akima
gap_length,2,6,0.048170717646041306,15.55,D,0,1,akima
gap_length,3,9,0.059558735493163095,12.13,D,0,1,akima
gap_length,4,8,0.07012208053116949,8.96,D,0,1,akima
left_distance_bin,16-30,19,0.06036703402826369,11.89,D,0,1,akima
left_distance_bin,31+,4,0.06313704789433475,11.06,D,0,1,akima
right_distance_bin,none,23,0.06085783305564716,11.74,D,0,1,akima
year,2012,2,0.02149306739736091,23.55,D,0,1,akima
year,2014,9,0.0698704205257224,9.04,D,0,1,akima
year,2020,3,0.06690130094497626,9.93,D,0,1,akima
year,2022,2,0.06691827539133363,9.92,D,0,1,akima
year,2023,4,0.06003940723983882,11.99,D,0,1,akima
year,2024,3,0.034260640639390785,19.72,D,0,1,akima
confidence_bin,medium,5,0.058745132347421576,12.38,D,0,1,akima
confidence_bin,high,18,0.061431801185762566,11.57,D,0,1,akima
overall,all,26,0.08285966244789539,5.14,D,0,2,nearest_left
seen_polygon,False,26,0.08285966244789539,5.14,D,0,2,nearest_left
crop_type,зерновые,10,0.09813722311677382,0.56,D,0,2,nearest_left
crop_type,озимая пшеница,16,0.07167621187270913,8.5,D,0,2,nearest_left
source_label,landsat,12,0.0808607820832038,5.74,D,0,2,nearest_left
source_label,modis,11,0.09317142328040849,2.05,D,0,2,nearest_left
source_label,s2,3,0.03897506450327066,18.31,D,0,2,nearest_left
gap_length,3,18,0.09460937202214112,1.62,D,0,2,nearest_left
gap_length,4,8,0.046626194684195675,16.01,D,0,2,nearest_left
left_distance_bin,16-30,17,0.08030386668493546,5.91,D,0,2,nearest_left
left_distance_bin,31+,9,0.08748379412343002,3.75,D,0,2,nearest_left
right_distance_bin,none,26,0.08285966244789539,5.14,D,0,2,nearest_left
year,2010,3,0.039968613796338454,18.01,D,0,2,nearest_left
year,2011,3,0.0463092970549897,16.11,D,0,2,nearest_left
year,2012,3,0.04059198224714948,17.82,D,0,2,nearest_left
year,2013,3,0.16895842198841574,0.0,D,0,2,nearest_left
year,2015,4,0.053656746975480486,13.9,D,0,2,nearest_left
year,2018,3,0.046320978556447574,16.1,D,0,2,nearest_left
year,2021,4,0.03832698221183478,18.5,D,0,2,nearest_left
year,2023,3,0.1327526576985181,0.0,D,0,2,nearest_left
confidence_bin,medium,13,0.09756557715860953,0.73,D,0,2,nearest_left
confidence_bin,high,13,0.06490304673638782,10.53,D,0,2,nearest_left
overall,all,26,0.08285966244789539,5.14,D,0,2,nearest_right
seen_polygon,False,26,0.08285966244789539,5.14,D,0,2,nearest_right
crop_type,зерновые,10,0.09813722311677382,0.56,D,0,2,nearest_right
crop_type,озимая пшеница,16,0.07167621187270913,8.5,D,0,2,nearest_right
source_label,landsat,12,0.0808607820832038,5.74,D,0,2,nearest_right
source_label,modis,11,0.09317142328040849,2.05,D,0,2,nearest_right
source_label,s2,3,0.03897506450327066,18.31,D,0,2,nearest_right
gap_length,3,18,0.09460937202214112,1.62,D,0,2,nearest_right
gap_length,4,8,0.046626194684195675,16.01,D,0,2,nearest_right
left_distance_bin,16-30,17,0.08030386668493546,5.91,D,0,2,nearest_right
left_distance_bin,31+,9,0.08748379412343002,3.75,D,0,2,nearest_right
right_distance_bin,none,26,0.08285966244789539,5.14,D,0,2,nearest_right
year,2010,3,0.039968613796338454,18.01,D,0,2,nearest_right
year,2011,3,0.0463092970549897,16.11,D,0,2,nearest_right
year,2012,3,0.04059198224714948,17.82,D,0,2,nearest_right
year,2013,3,0.16895842198841574,0.0,D,0,2,nearest_right
year,2015,4,0.053656746975480486,13.9,D,0,2,nearest_right
year,2018,3,0.046320978556447574,16.1,D,0,2,nearest_right
year,2021,4,0.03832698221183478,18.5,D,0,2,nearest_right
year,2023,3,0.1327526576985181,0.0,D,0,2,nearest_right
confidence_bin,medium,13,0.09756557715860953,0.73,D,0,2,nearest_right
confidence_bin,high,13,0.06490304673638782,10.53,D,0,2,nearest_right
overall,all,26,0.08285966244789539,5.14,D,0,2,mean_neighbors
seen_polygon,False,26,0.08285966244789539,5.14,D,0,2,mean_neighbors
crop_type,зерновые,10,0.09813722311677382,0.56,D,0,2,mean_neighbors
crop_type,озимая пшеница,16,0.07167621187270913,8.5,D,0,2,mean_neighbors
source_label,landsat,12,0.0808607820832038,5.74,D,0,2,mean_neighbors
source_label,modis,11,0.09317142328040849,2.05,D,0,2,mean_neighbors
source_label,s2,3,0.03897506450327066,18.31,D,0,2,mean_neighbors
gap_length,3,18,0.09460937202214112,1.62,D,0,2,mean_neighbors
gap_length,4,8,0.046626194684195675,16.01,D,0,2,mean_neighbors
left_distance_bin,16-30,17,0.08030386668493546,5.91,D,0,2,mean_neighbors
left_distance_bin,31+,9,0.08748379412343002,3.75,D,0,2,mean_neighbors
right_distance_bin,none,26,0.08285966244789539,5.14,D,0,2,mean_neighbors
year,2010,3,0.039968613796338454,18.01,D,0,2,mean_neighbors
year,2011,3,0.0463092970549897,16.11,D,0,2,mean_neighbors
year,2012,3,0.04059198224714948,17.82,D,0,2,mean_neighbors
year,2013,3,0.16895842198841574,0.0,D,0,2,mean_neighbors
year,2015,4,0.053656746975480486,13.9,D,0,2,mean_neighbors
year,2018,3,0.046320978556447574,16.1,D,0,2,mean_neighbors
year,2021,4,0.03832698221183478,18.5,D,0,2,mean_neighbors
year,2023,3,0.1327526576985181,0.0,D,0,2,mean_neighbors
confidence_bin,medium,13,0.09756557715860953,0.73,D,0,2,mean_neighbors
confidence_bin,high,13,0.06490304673638782,10.53,D,0,2,mean_neighbors
overall,all,26,0.08285966244789539,5.14,D,0,2,linear
seen_polygon,False,26,0.08285966244789539,5.14,D,0,2,linear
crop_type,зерновые,10,0.09813722311677382,0.56,D,0,2,linear
crop_type,озимая пшеница,16,0.07167621187270913,8.5,D,0,2,linear
source_label,landsat,12,0.0808607820832038,5.74,D,0,2,linear
source_label,modis,11,0.09317142328040849,2.05,D,0,2,linear
source_label,s2,3,0.03897506450327066,18.31,D,0,2,linear
gap_length,3,18,0.09460937202214112,1.62,D,0,2,linear
gap_length,4,8,0.046626194684195675,16.01,D,0,2,linear
left_distance_bin,16-30,17,0.08030386668493546,5.91,D,0,2,linear
left_distance_bin,31+,9,0.08748379412343002,3.75,D,0,2,linear
right_distance_bin,none,26,0.08285966244789539,5.14,D,0,2,linear
year,2010,3,0.039968613796338454,18.01,D,0,2,linear
year,2011,3,0.0463092970549897,16.11,D,0,2,linear
year,2012,3,0.04059198224714948,17.82,D,0,2,linear
year,2013,3,0.16895842198841574,0.0,D,0,2,linear
year,2015,4,0.053656746975480486,13.9,D,0,2,linear
year,2018,3,0.046320978556447574,16.1,D,0,2,linear
year,2021,4,0.03832698221183478,18.5,D,0,2,linear
year,2023,3,0.1327526576985181,0.0,D,0,2,linear
confidence_bin,medium,13,0.09756557715860953,0.73,D,0,2,linear
confidence_bin,high,13,0.06490304673638782,10.53,D,0,2,linear
overall,all,26,0.09569061284718823,1.29,D,0,2,seasonal_crop
seen_polygon,False,26,0.09569061284718823,1.29,D,0,2,seasonal_crop
crop_type,зерновые,10,0.10079086874687096,0.0,D,0,2,seasonal_crop
crop_type,озимая пшеница,16,0.09236004135864928,2.29,D,0,2,seasonal_crop
source_label,landsat,12,0.0972001529089603,0.84,D,0,2,seasonal_crop
source_label,modis,11,0.10106081063466323,0.0,D,0,2,seasonal_crop
source_label,s2,3,0.06417016297844645,10.75,D,0,2,seasonal_crop
gap_length,3,18,0.10997495917439352,0.0,D,0,2,seasonal_crop
gap_length,4,8,0.05046431715388191,14.86,D,0,2,seasonal_crop
left_distance_bin,16-30,17,0.09449007882132716,1.65,D,0,2,seasonal_crop
left_distance_bin,31+,9,0.09791813652094032,0.62,D,0,2,seasonal_crop
right_distance_bin,none,26,0.09569061284718823,1.29,D,0,2,seasonal_crop
year,2010,3,0.08488298336874522,4.54,D,0,2,seasonal_crop
year,2011,3,0.060471435010707536,11.86,D,0,2,seasonal_crop
year,2012,3,0.0962532405238517,1.12,D,0,2,seasonal_crop
year,2013,3,0.15739402262164512,0.0,D,0,2,seasonal_crop
year,2015,4,0.06066132187559016,11.8,D,0,2,seasonal_crop
year,2018,3,0.05674150128749993,12.98,D,0,2,seasonal_crop
year,2021,4,0.0375965243063931,18.72,D,0,2,seasonal_crop
year,2023,3,0.15635815270685285,0.0,D,0,2,seasonal_crop
confidence_bin,medium,13,0.10861294353525423,0.0,D,0,2,seasonal_crop
confidence_bin,high,13,0.08072555525203037,5.78,D,0,2,seasonal_crop
overall,all,26,0.08285966244789539,5.14,D,0,2,pchip
seen_polygon,False,26,0.08285966244789539,5.14,D,0,2,pchip
crop_type,зерновые,10,0.09813722311677382,0.56,D,0,2,pchip
crop_type,озимая пшеница,16,0.07167621187270913,8.5,D,0,2,pchip
source_label,landsat,12,0.0808607820832038,5.74,D,0,2,pchip
source_label,modis,11,0.09317142328040849,2.05,D,0,2,pchip
source_label,s2,3,0.03897506450327066,18.31,D,0,2,pchip
gap_length,3,18,0.09460937202214112,1.62,D,0,2,pchip
gap_length,4,8,0.046626194684195675,16.01,D,0,2,pchip
left_distance_bin,16-30,17,0.08030386668493546,5.91,D,0,2,pchip
left_distance_bin,31+,9,0.08748379412343002,3.75,D,0,2,pchip
right_distance_bin,none,26,0.08285966244789539,5.14,D,0,2,pchip
year,2010,3,0.039968613796338454,18.01,D,0,2,pchip
year,2011,3,0.0463092970549897,16.11,D,0,2,pchip
year,2012,3,0.04059198224714948,17.82,D,0,2,pchip
year,2013,3,0.16895842198841574,0.0,D,0,2,pchip
year,2015,4,0.053656746975480486,13.9,D,0,2,pchip
year,2018,3,0.046320978556447574,16.1,D,0,2,pchip
year,2021,4,0.03832698221183478,18.5,D,0,2,pchip
year,2023,3,0.1327526576985181,0.0,D,0,2,pchip
confidence_bin,medium,13,0.09756557715860953,0.73,D,0,2,pchip
confidence_bin,high,13,0.06490304673638782,10.53,D,0,2,pchip
overall,all,26,0.08285966244789539,5.14,D,0,2,akima
seen_polygon,False,26,0.08285966244789539,5.14,D,0,2,akima
crop_type,зерновые,10,0.09813722311677382,0.56,D,0,2,akima
crop_type,озимая пшеница,16,0.07167621187270913,8.5,D,0,2,akima
source_label,landsat,12,0.0808607820832038,5.74,D,0,2,akima
source_label,modis,11,0.09317142328040849,2.05,D,0,2,akima
source_label,s2,3,0.03897506450327066,18.31,D,0,2,akima
gap_length,3,18,0.09460937202214112,1.62,D,0,2,akima
gap_length,4,8,0.046626194684195675,16.01,D,0,2,akima
left_distance_bin,16-30,17,0.08030386668493546,5.91,D,0,2,akima
left_distance_bin,31+,9,0.08748379412343002,3.75,D,0,2,akima
right_distance_bin,none,26,0.08285966244789539,5.14,D,0,2,akima
year,2010,3,0.039968613796338454,18.01,D,0,2,akima
year,2011,3,0.0463092970549897,16.11,D,0,2,akima
year,2012,3,0.04059198224714948,17.82,D,0,2,akima
year,2013,3,0.16895842198841574,0.0,D,0,2,akima
year,2015,4,0.053656746975480486,13.9,D,0,2,akima
year,2018,3,0.046320978556447574,16.1,D,0,2,akima
year,2021,4,0.03832698221183478,18.5,D,0,2,akima
year,2023,3,0.1327526576985181,0.0,D,0,2,akima
confidence_bin,medium,13,0.09756557715860953,0.73,D,0,2,akima
confidence_bin,high,13,0.06490304673638782,10.53,D,0,2,akima
overall,all,25,0.11085056269045983,0.0,D,0,3,nearest_left
seen_polygon,False,25,0.11085056269045983,0.0,D,0,3,nearest_left
crop_type,зерновые,4,0.04460096021271808,16.62,D,0,3,nearest_left
crop_type,озимая пшеница,12,0.13179076016800326,0.0,D,0,3,nearest_left
crop_type,пастбища/зерновые,5,0.12618379682531586,0.0,D,0,3,nearest_left
crop_type,подсолнечник,4,0.052919259532845084,14.12,D,0,3,nearest_left
source_label,landsat,11,0.11550430303233615,0.0,D,0,3,nearest_left
source_label,modis,5,0.06706535952630253,9.88,D,0,3,nearest_left
source_label,s2,9,0.12380705632779532,0.0,D,0,3,nearest_left
gap_length,2,4,0.03206742502955307,20.38,D,0,3,nearest_left
gap_length,3,9,0.16329812671653965,0.0,D,0,3,nearest_left
gap_length,4,12,0.07250655058079566,8.25,D,0,3,nearest_left
left_distance_bin,16-30,19,0.11763598116655813,0.0,D,0,3,nearest_left
left_distance_bin,31+,6,0.08589715166448729,4.23,D,0,3,nearest_left
right_distance_bin,none,25,0.11085056269045983,0.0,D,0,3,nearest_left
year,2010,3,0.05548648369558821,13.35,D,0,3,nearest_left
year,2015,4,0.052919259532845084,14.12,D,0,3,nearest_left
year,2018,4,0.10479458931631616,0.0,D,0,3,nearest_left
year,2019,6,0.19611232074310417,0.0,D,0,3,nearest_left
year,2021,2,0.034323431629293584,19.7,D,0,3,nearest_left
year,2022,4,0.04460096021271808,16.62,D,0,3,nearest_left
year,2023,2,0.029640201369781925,21.11,D,0,3,nearest_left
confidence_bin,low,1,0.07820394618452536,6.54,D,0,3,nearest_left
confidence_bin,medium,10,0.12554872824270058,0.0,D,0,3,nearest_left
confidence_bin,high,14,0.10122658190817067,0.0,D,0,3,nearest_left
overall,all,25,0.11085056269045983,0.0,D,0,3,nearest_right
seen_polygon,False,25,0.11085056269045983,0.0,D,0,3,nearest_right
crop_type,зерновые,4,0.04460096021271808,16.62,D,0,3,nearest_right
crop_type,озимая пшеница,12,0.13179076016800326,0.0,D,0,3,nearest_right
crop_type,пастбища/зерновые,5,0.12618379682531586,0.0,D,0,3,nearest_right
crop_type,подсолнечник,4,0.052919259532845084,14.12,D,0,3,nearest_right
source_label,landsat,11,0.11550430303233615,0.0,D,0,3,nearest_right
source_label,modis,5,0.06706535952630253,9.88,D,0,3,nearest_right
source_label,s2,9,0.12380705632779532,0.0,D,0,3,nearest_right
gap_length,2,4,0.03206742502955307,20.38,D,0,3,nearest_right
gap_length,3,9,0.16329812671653965,0.0,D,0,3,nearest_right
gap_length,4,12,0.07250655058079566,8.25,D,0,3,nearest_right
left_distance_bin,16-30,19,0.11763598116655813,0.0,D,0,3,nearest_right
left_distance_bin,31+,6,0.08589715166448729,4.23,D,0,3,nearest_right
right_distance_bin,none,25,0.11085056269045983,0.0,D,0,3,nearest_right
year,2010,3,0.05548648369558821,13.35,D,0,3,nearest_right
year,2015,4,0.052919259532845084,14.12,D,0,3,nearest_right
year,2018,4,0.10479458931631616,0.0,D,0,3,nearest_right
year,2019,6,0.19611232074310417,0.0,D,0,3,nearest_right
year,2021,2,0.034323431629293584,19.7,D,0,3,nearest_right
year,2022,4,0.04460096021271808,16.62,D,0,3,nearest_right
year,2023,2,0.029640201369781925,21.11,D,0,3,nearest_right
confidence_bin,low,1,0.07820394618452536,6.54,D,0,3,nearest_right
confidence_bin,medium,10,0.12554872824270058,0.0,D,0,3,nearest_right
confidence_bin,high,14,0.10122658190817067,0.0,D,0,3,nearest_right
overall,all,25,0.11085056269045983,0.0,D,0,3,mean_neighbors
seen_polygon,False,25,0.11085056269045983,0.0,D,0,3,mean_neighbors
crop_type,зерновые,4,0.04460096021271808,16.62,D,0,3,mean_neighbors
crop_type,озимая пшеница,12,0.13179076016800326,0.0,D,0,3,mean_neighbors
crop_type,пастбища/зерновые,5,0.12618379682531586,0.0,D,0,3,mean_neighbors
crop_type,подсолнечник,4,0.052919259532845084,14.12,D,0,3,mean_neighbors
source_label,landsat,11,0.11550430303233615,0.0,D,0,3,mean_neighbors
source_label,modis,5,0.06706535952630253,9.88,D,0,3,mean_neighbors
source_label,s2,9,0.12380705632779532,0.0,D,0,3,mean_neighbors
gap_length,2,4,0.03206742502955307,20.38,D,0,3,mean_neighbors
gap_length,3,9,0.16329812671653965,0.0,D,0,3,mean_neighbors
gap_length,4,12,0.07250655058079566,8.25,D,0,3,mean_neighbors
left_distance_bin,16-30,19,0.11763598116655813,0.0,D,0,3,mean_neighbors
left_distance_bin,31+,6,0.08589715166448729,4.23,D,0,3,mean_neighbors
right_distance_bin,none,25,0.11085056269045983,0.0,D,0,3,mean_neighbors
year,2010,3,0.05548648369558821,13.35,D,0,3,mean_neighbors
year,2015,4,0.052919259532845084,14.12,D,0,3,mean_neighbors
year,2018,4,0.10479458931631616,0.0,D,0,3,mean_neighbors
year,2019,6,0.19611232074310417,0.0,D,0,3,mean_neighbors
year,2021,2,0.034323431629293584,19.7,D,0,3,mean_neighbors
year,2022,4,0.04460096021271808,16.62,D,0,3,mean_neighbors
year,2023,2,0.029640201369781925,21.11,D,0,3,mean_neighbors
confidence_bin,low,1,0.07820394618452536,6.54,D,0,3,mean_neighbors
confidence_bin,medium,10,0.12554872824270058,0.0,D,0,3,mean_neighbors
confidence_bin,high,14,0.10122658190817067,0.0,D,0,3,mean_neighbors
overall,all,25,0.11085056269045983,0.0,D,0,3,linear
seen_polygon,False,25,0.11085056269045983,0.0,D,0,3,linear
crop_type,зерновые,4,0.04460096021271808,16.62,D,0,3,linear
crop_type,озимая пшеница,12,0.13179076016800326,0.0,D,0,3,linear
crop_type,пастбища/зерновые,5,0.12618379682531586,0.0,D,0,3,linear
crop_type,подсолнечник,4,0.052919259532845084,14.12,D,0,3,linear
source_label,landsat,11,0.11550430303233615,0.0,D,0,3,linear
source_label,modis,5,0.06706535952630253,9.88,D,0,3,linear
source_label,s2,9,0.12380705632779532,0.0,D,0,3,linear
gap_length,2,4,0.03206742502955307,20.38,D,0,3,linear
gap_length,3,9,0.16329812671653965,0.0,D,0,3,linear
gap_length,4,12,0.07250655058079566,8.25,D,0,3,linear
left_distance_bin,16-30,19,0.11763598116655813,0.0,D,0,3,linear
left_distance_bin,31+,6,0.08589715166448729,4.23,D,0,3,linear
right_distance_bin,none,25,0.11085056269045983,0.0,D,0,3,linear
year,2010,3,0.05548648369558821,13.35,D,0,3,linear
year,2015,4,0.052919259532845084,14.12,D,0,3,linear
year,2018,4,0.10479458931631616,0.0,D,0,3,linear
year,2019,6,0.19611232074310417,0.0,D,0,3,linear
year,2021,2,0.034323431629293584,19.7,D,0,3,linear
year,2022,4,0.04460096021271808,16.62,D,0,3,linear
year,2023,2,0.029640201369781925,21.11,D,0,3,linear
confidence_bin,low,1,0.07820394618452536,6.54,D,0,3,linear
confidence_bin,medium,10,0.12554872824270058,0.0,D,0,3,linear
confidence_bin,high,14,0.10122658190817067,0.0,D,0,3,linear
overall,all,25,0.12540823983989904,0.0,D,0,3,seasonal_crop
seen_polygon,False,25,0.12540823983989904,0.0,D,0,3,seasonal_crop
crop_type,зерновые,4,0.047449453157643234,15.77,D,0,3,seasonal_crop
crop_type,озимая пшеница,12,0.16417110737014584,0.0,D,0,3,seasonal_crop
crop_type,пастбища/зерновые,5,0.10006238566354819,0.0,D,0,3,seasonal_crop
crop_type,подсолнечник,4,0.051688074080538084,14.49,D,0,3,seasonal_crop
source_label,landsat,11,0.14284257752445212,0.0,D,0,3,seasonal_crop
source_label,modis,5,0.09161243060430278,2.52,D,0,3,seasonal_crop
source_label,s2,9,0.11868373322746831,0.0,D,0,3,seasonal_crop
gap_length,2,4,0.04352153700717943,16.94,D,0,3,seasonal_crop
gap_length,3,9,0.15470116322531036,0.0,D,0,3,seasonal_crop
gap_length,4,12,0.11909804071656496,0.0,D,0,3,seasonal_crop
left_distance_bin,16-30,19,0.12120279458610132,0.0,D,0,3,seasonal_crop
left_distance_bin,31+,6,0.13788185437746348,0.0,D,0,3,seasonal_crop
right_distance_bin,none,25,0.12540823983989904,0.0,D,0,3,seasonal_crop
year,2010,3,0.06497157034676487,10.51,D,0,3,seasonal_crop
year,2015,4,0.051688074080538084,14.49,D,0,3,seasonal_crop
year,2018,4,0.193984335193487,0.0,D,0,3,seasonal_crop
year,2019,6,0.18381518538530453,0.0,D,0,3,seasonal_crop
year,2021,2,0.03345092608694683,19.96,D,0,3,seasonal_crop
year,2022,4,0.047449453157643234,15.77,D,0,3,seasonal_crop
year,2023,2,0.05166511309249402,14.5,D,0,3,seasonal_crop
confidence_bin,low,1,0.05627697158443712,13.12,D,0,3,seasonal_crop
confidence_bin,medium,10,0.12922537075413057,0.0,D,0,3,seasonal_crop
confidence_bin,high,14,0.12621455754202285,0.0,D,0,3,seasonal_crop
overall,all,25,0.11085056269045983,0.0,D,0,3,pchip
seen_polygon,False,25,0.11085056269045983,0.0,D,0,3,pchip
crop_type,зерновые,4,0.04460096021271808,16.62,D,0,3,pchip
crop_type,озимая пшеница,12,0.13179076016800326,0.0,D,0,3,pchip
crop_type,пастбища/зерновые,5,0.12618379682531586,0.0,D,0,3,pchip
crop_type,подсолнечник,4,0.052919259532845084,14.12,D,0,3,pchip
source_label,landsat,11,0.11550430303233615,0.0,D,0,3,pchip
source_label,modis,5,0.06706535952630253,9.88,D,0,3,pchip
source_label,s2,9,0.12380705632779532,0.0,D,0,3,pchip
gap_length,2,4,0.03206742502955307,20.38,D,0,3,pchip
gap_length,3,9,0.16329812671653965,0.0,D,0,3,pchip
gap_length,4,12,0.07250655058079566,8.25,D,0,3,pchip
left_distance_bin,16-30,19,0.11763598116655813,0.0,D,0,3,pchip
left_distance_bin,31+,6,0.08589715166448729,4.23,D,0,3,pchip
right_distance_bin,none,25,0.11085056269045983,0.0,D,0,3,pchip
year,2010,3,0.05548648369558821,13.35,D,0,3,pchip
year,2015,4,0.052919259532845084,14.12,D,0,3,pchip
year,2018,4,0.10479458931631616,0.0,D,0,3,pchip
year,2019,6,0.19611232074310417,0.0,D,0,3,pchip
year,2021,2,0.034323431629293584,19.7,D,0,3,pchip
year,2022,4,0.04460096021271808,16.62,D,0,3,pchip
year,2023,2,0.029640201369781925,21.11,D,0,3,pchip
confidence_bin,low,1,0.07820394618452536,6.54,D,0,3,pchip
confidence_bin,medium,10,0.12554872824270058,0.0,D,0,3,pchip
confidence_bin,high,14,0.10122658190817067,0.0,D,0,3,pchip
overall,all,25,0.11085056269045983,0.0,D,0,3,akima
seen_polygon,False,25,0.11085056269045983,0.0,D,0,3,akima
crop_type,зерновые,4,0.04460096021271808,16.62,D,0,3,akima
crop_type,озимая пшеница,12,0.13179076016800326,0.0,D,0,3,akima
crop_type,пастбища/зерновые,5,0.12618379682531586,0.0,D,0,3,akima
crop_type,подсолнечник,4,0.052919259532845084,14.12,D,0,3,akima
source_label,landsat,11,0.11550430303233615,0.0,D,0,3,akima
source_label,modis,5,0.06706535952630253,9.88,D,0,3,akima
source_label,s2,9,0.12380705632779532,0.0,D,0,3,akima
gap_length,2,4,0.03206742502955307,20.38,D,0,3,akima
gap_length,3,9,0.16329812671653965,0.0,D,0,3,akima
gap_length,4,12,0.07250655058079566,8.25,D,0,3,akima
left_distance_bin,16-30,19,0.11763598116655813,0.0,D,0,3,akima
left_distance_bin,31+,6,0.08589715166448729,4.23,D,0,3,akima
right_distance_bin,none,25,0.11085056269045983,0.0,D,0,3,akima
year,2010,3,0.05548648369558821,13.35,D,0,3,akima
year,2015,4,0.052919259532845084,14.12,D,0,3,akima
year,2018,4,0.10479458931631616,0.0,D,0,3,akima
year,2019,6,0.19611232074310417,0.0,D,0,3,akima
year,2021,2,0.034323431629293584,19.7,D,0,3,akima
year,2022,4,0.04460096021271808,16.62,D,0,3,akima
year,2023,2,0.029640201369781925,21.11,D,0,3,akima
confidence_bin,low,1,0.07820394618452536,6.54,D,0,3,akima
confidence_bin,medium,10,0.12554872824270058,0.0,D,0,3,akima
confidence_bin,high,14,0.10122658190817067,0.0,D,0,3,akima
overall,all,21,0.11908270935201071,0.0,D,0,4,nearest_left
seen_polygon,False,21,0.11908270935201071,0.0,D,0,4,nearest_left
crop_type,зерновые,4,0.18955838175587408,0.0,D,0,4,nearest_left
crop_type,озимая пшеница,13,0.10551648177697295,0.0,D,0,4,nearest_left
crop_type,подсолнечник,4,0.04828701061783686,15.51,D,0,4,nearest_left
source_label,landsat,11,0.11115376402329598,0.0,D,0,4,nearest_left
source_label,modis,7,0.1427569733997233,0.0,D,0,4,nearest_left
source_label,s2,3,0.08006434703238643,5.98,D,0,4,nearest_left
gap_length,2,10,0.15038658455419154,0.0,D,0,4,nearest_left
gap_length,3,3,0.07235516140325637,8.29,D,0,4,nearest_left
gap_length,4,8,0.08361180293109097,4.92,D,0,4,nearest_left
left_distance_bin,16-30,14,0.10752175903035244,0.0,D,0,4,nearest_left
left_distance_bin,31+,7,0.13935644107784906,0.0,D,0,4,nearest_left
right_distance_bin,none,21,0.11908270935201071,0.0,D,0,4,nearest_left
year,2010,3,0.07235516140325637,8.29,D,0,4,nearest_left
year,2011,2,0.2532034100430544,0.0,D,0,4,nearest_left
year,2013,2,0.061382373091340724,11.59,D,0,4,nearest_left
year,2014,6,0.08538392768719616,4.38,D,0,4,nearest_left
year,2017,2,0.19118732461319038,0.0,D,0,4,nearest_left
year,2022,2,0.08804994792945778,3.59,D,0,4,nearest_left
year,2024,4,0.059109914981172886,12.27,D,0,4,nearest_left
confidence_bin,medium,4,0.14373232146190046,0.0,D,0,4,nearest_left
confidence_bin,high,17,0.11250061544083065,0.0,D,0,4,nearest_left
overall,all,21,0.11908270935201071,0.0,D,0,4,nearest_right
seen_polygon,False,21,0.11908270935201071,0.0,D,0,4,nearest_right
crop_type,зерновые,4,0.18955838175587408,0.0,D,0,4,nearest_right
crop_type,озимая пшеница,13,0.10551648177697295,0.0,D,0,4,nearest_right
crop_type,подсолнечник,4,0.04828701061783686,15.51,D,0,4,nearest_right
source_label,landsat,11,0.11115376402329598,0.0,D,0,4,nearest_right
source_label,modis,7,0.1427569733997233,0.0,D,0,4,nearest_right
source_label,s2,3,0.08006434703238643,5.98,D,0,4,nearest_right
gap_length,2,10,0.15038658455419154,0.0,D,0,4,nearest_right
gap_length,3,3,0.07235516140325637,8.29,D,0,4,nearest_right
gap_length,4,8,0.08361180293109097,4.92,D,0,4,nearest_right
left_distance_bin,16-30,14,0.10752175903035244,0.0,D,0,4,nearest_right
left_distance_bin,31+,7,0.13935644107784906,0.0,D,0,4,nearest_right
right_distance_bin,none,21,0.11908270935201071,0.0,D,0,4,nearest_right
year,2010,3,0.07235516140325637,8.29,D,0,4,nearest_right
year,2011,2,0.2532034100430544,0.0,D,0,4,nearest_right
year,2013,2,0.061382373091340724,11.59,D,0,4,nearest_right
year,2014,6,0.08538392768719616,4.38,D,0,4,nearest_right
year,2017,2,0.19118732461319038,0.0,D,0,4,nearest_right
year,2022,2,0.08804994792945778,3.59,D,0,4,nearest_right
year,2024,4,0.059109914981172886,12.27,D,0,4,nearest_right
confidence_bin,medium,4,0.14373232146190046,0.0,D,0,4,nearest_right
confidence_bin,high,17,0.11250061544083065,0.0,D,0,4,nearest_right
overall,all,21,0.11908270935201071,0.0,D,0,4,mean_neighbors
seen_polygon,False,21,0.11908270935201071,0.0,D,0,4,mean_neighbors
crop_type,зерновые,4,0.18955838175587408,0.0,D,0,4,mean_neighbors
crop_type,озимая пшеница,13,0.10551648177697295,0.0,D,0,4,mean_neighbors
crop_type,подсолнечник,4,0.04828701061783686,15.51,D,0,4,mean_neighbors
source_label,landsat,11,0.11115376402329598,0.0,D,0,4,mean_neighbors
source_label,modis,7,0.1427569733997233,0.0,D,0,4,mean_neighbors
source_label,s2,3,0.08006434703238643,5.98,D,0,4,mean_neighbors
gap_length,2,10,0.15038658455419154,0.0,D,0,4,mean_neighbors
gap_length,3,3,0.07235516140325637,8.29,D,0,4,mean_neighbors
gap_length,4,8,0.08361180293109097,4.92,D,0,4,mean_neighbors
left_distance_bin,16-30,14,0.10752175903035244,0.0,D,0,4,mean_neighbors
left_distance_bin,31+,7,0.13935644107784906,0.0,D,0,4,mean_neighbors
right_distance_bin,none,21,0.11908270935201071,0.0,D,0,4,mean_neighbors
year,2010,3,0.07235516140325637,8.29,D,0,4,mean_neighbors
year,2011,2,0.2532034100430544,0.0,D,0,4,mean_neighbors
year,2013,2,0.061382373091340724,11.59,D,0,4,mean_neighbors
year,2014,6,0.08538392768719616,4.38,D,0,4,mean_neighbors
year,2017,2,0.19118732461319038,0.0,D,0,4,mean_neighbors
year,2022,2,0.08804994792945778,3.59,D,0,4,mean_neighbors
year,2024,4,0.059109914981172886,12.27,D,0,4,mean_neighbors
confidence_bin,medium,4,0.14373232146190046,0.0,D,0,4,mean_neighbors
confidence_bin,high,17,0.11250061544083065,0.0,D,0,4,mean_neighbors
overall,all,21,0.11908270935201071,0.0,D,0,4,linear
seen_polygon,False,21,0.11908270935201071,0.0,D,0,4,linear
crop_type,зерновые,4,0.18955838175587408,0.0,D,0,4,linear
crop_type,озимая пшеница,13,0.10551648177697295,0.0,D,0,4,linear
crop_type,подсолнечник,4,0.04828701061783686,15.51,D,0,4,linear
source_label,landsat,11,0.11115376402329598,0.0,D,0,4,linear
source_label,modis,7,0.1427569733997233,0.0,D,0,4,linear
source_label,s2,3,0.08006434703238643,5.98,D,0,4,linear
gap_length,2,10,0.15038658455419154,0.0,D,0,4,linear
gap_length,3,3,0.07235516140325637,8.29,D,0,4,linear
gap_length,4,8,0.08361180293109097,4.92,D,0,4,linear
left_distance_bin,16-30,14,0.10752175903035244,0.0,D,0,4,linear
left_distance_bin,31+,7,0.13935644107784906,0.0,D,0,4,linear
right_distance_bin,none,21,0.11908270935201071,0.0,D,0,4,linear
year,2010,3,0.07235516140325637,8.29,D,0,4,linear
year,2011,2,0.2532034100430544,0.0,D,0,4,linear
year,2013,2,0.061382373091340724,11.59,D,0,4,linear
year,2014,6,0.08538392768719616,4.38,D,0,4,linear
year,2017,2,0.19118732461319038,0.0,D,0,4,linear
year,2022,2,0.08804994792945778,3.59,D,0,4,linear
year,2024,4,0.059109914981172886,12.27,D,0,4,linear
confidence_bin,medium,4,0.14373232146190046,0.0,D,0,4,linear
confidence_bin,high,17,0.11250061544083065,0.0,D,0,4,linear
overall,all,21,0.138109495311076,0.0,D,0,4,seasonal_crop
seen_polygon,False,21,0.138109495311076,0.0,D,0,4,seasonal_crop
crop_type,зерновые,4,0.2418042335124283,0.0,D,0,4,seasonal_crop
crop_type,озимая пшеница,13,0.11210471240739207,0.0,D,0,4,seasonal_crop
crop_type,подсолнечник,4,0.02874313895209492,21.38,D,0,4,seasonal_crop
source_label,landsat,11,0.0956067498646658,1.32,D,0,4,seasonal_crop
source_label,modis,7,0.17974457927490964,0.0,D,0,4,seasonal_crop
source_label,s2,3,0.1569022342406785,0.0,D,0,4,seasonal_crop
gap_length,2,10,0.16318553484237647,0.0,D,0,4,seasonal_crop
gap_length,3,3,0.17077947801850468,0.0,D,0,4,seasonal_crop
gap_length,4,8,0.07645816539286318,7.06,D,0,4,seasonal_crop
left_distance_bin,16-30,14,0.13296064313471032,0.0,D,0,4,seasonal_crop
left_distance_bin,31+,7,0.14787032440502998,0.0,D,0,4,seasonal_crop
right_distance_bin,none,21,0.138109495311076,0.0,D,0,4,seasonal_crop
year,2010,3,0.17077947801850468,0.0,D,0,4,seasonal_crop
year,2011,2,0.256692081689668,0.0,D,0,4,seasonal_crop
year,2013,2,0.03424297500479359,19.73,D,0,4,seasonal_crop
year,2014,6,0.05195825272268566,14.41,D,0,4,seasonal_crop
year,2017,2,0.12065108017028907,0.0,D,0,4,seasonal_crop
year,2022,2,0.22593749110515216,0.0,D,0,4,seasonal_crop
year,2024,4,0.08878113222821114,3.37,D,0,4,seasonal_crop
confidence_bin,medium,4,0.12565345197353994,0.0,D,0,4,seasonal_crop
confidence_bin,high,17,0.14088036781886043,0.0,D,0,4,seasonal_crop
overall,all,21,0.11908270935201071,0.0,D,0,4,pchip
seen_polygon,False,21,0.11908270935201071,0.0,D,0,4,pchip
crop_type,зерновые,4,0.18955838175587408,0.0,D,0,4,pchip
crop_type,озимая пшеница,13,0.10551648177697295,0.0,D,0,4,pchip
crop_type,подсолнечник,4,0.04828701061783686,15.51,D,0,4,pchip
source_label,landsat,11,0.11115376402329598,0.0,D,0,4,pchip
source_label,modis,7,0.1427569733997233,0.0,D,0,4,pchip
source_label,s2,3,0.08006434703238643,5.98,D,0,4,pchip
gap_length,2,10,0.15038658455419154,0.0,D,0,4,pchip
gap_length,3,3,0.07235516140325637,8.29,D,0,4,pchip
gap_length,4,8,0.08361180293109097,4.92,D,0,4,pchip
left_distance_bin,16-30,14,0.10752175903035244,0.0,D,0,4,pchip
left_distance_bin,31+,7,0.13935644107784906,0.0,D,0,4,pchip
right_distance_bin,none,21,0.11908270935201071,0.0,D,0,4,pchip
year,2010,3,0.07235516140325637,8.29,D,0,4,pchip
year,2011,2,0.2532034100430544,0.0,D,0,4,pchip
year,2013,2,0.061382373091340724,11.59,D,0,4,pchip
year,2014,6,0.08538392768719616,4.38,D,0,4,pchip
year,2017,2,0.19118732461319038,0.0,D,0,4,pchip
year,2022,2,0.08804994792945778,3.59,D,0,4,pchip
year,2024,4,0.059109914981172886,12.27,D,0,4,pchip
confidence_bin,medium,4,0.14373232146190046,0.0,D,0,4,pchip
confidence_bin,high,17,0.11250061544083065,0.0,D,0,4,pchip
overall,all,21,0.11908270935201071,0.0,D,0,4,akima
seen_polygon,False,21,0.11908270935201071,0.0,D,0,4,akima
crop_type,зерновые,4,0.18955838175587408,0.0,D,0,4,akima
crop_type,озимая пшеница,13,0.10551648177697295,0.0,D,0,4,akima
crop_type,подсолнечник,4,0.04828701061783686,15.51,D,0,4,akima
source_label,landsat,11,0.11115376402329598,0.0,D,0,4,akima
source_label,modis,7,0.1427569733997233,0.0,D,0,4,akima
source_label,s2,3,0.08006434703238643,5.98,D,0,4,akima
gap_length,2,10,0.15038658455419154,0.0,D,0,4,akima
gap_length,3,3,0.07235516140325637,8.29,D,0,4,akima
gap_length,4,8,0.08361180293109097,4.92,D,0,4,akima
left_distance_bin,16-30,14,0.10752175903035244,0.0,D,0,4,akima
left_distance_bin,31+,7,0.13935644107784906,0.0,D,0,4,akima
right_distance_bin,none,21,0.11908270935201071,0.0,D,0,4,akima
year,2010,3,0.07235516140325637,8.29,D,0,4,akima
year,2011,2,0.2532034100430544,0.0,D,0,4,akima
year,2013,2,0.061382373091340724,11.59,D,0,4,akima
year,2014,6,0.08538392768719616,4.38,D,0,4,akima
year,2017,2,0.19118732461319038,0.0,D,0,4,akima
year,2022,2,0.08804994792945778,3.59,D,0,4,akima
year,2024,4,0.059109914981172886,12.27,D,0,4,akima
confidence_bin,medium,4,0.14373232146190046,0.0,D,0,4,akima
confidence_bin,high,17,0.11250061544083065,0.0,D,0,4,akima
