anon_polygon_id,date,primary_ndvi_pred
AOI-0001,2010-08-29,0.16632333101108809
AOI-0001,2010-10-25,0.1542875502311277
AOI-0001,2011-06-13,0.71208825644029727
AOI-0001,2011-09-18,0.25293068000436697
AOI-0001,2011-09-26,0.34515067302141317
AOI-0001,2011-09-30,0.34515067302141317
AOI-0001,2012-05-24,0.73120321755639117
AOI-0001,2012-07-09,0.30184194783679535
AOI-0001,2012-07-11,0.30184194783679535
AOI-0001,2012-08-10,0.21663343110627614
AOI-0001,2012-08-12,0.21663343110627614
AOI-0001,2012-10-15,0.52180983383572854
AOI-0001,2013-05-01,0.82425705147946005
AOI-0001,2013-07-12,0.2676696226855384
AOI-0001,2013-09-30,0.56070782088896487
AOI-0001,2014-04-18,0.30402759861297324
AOI-0001,2014-05-25,0.50871214309397894
AOI-0001,2014-06-26,0.77586616914205697
AOI-0001,2014-07-15,0.73049148355300808
AOI-0001,2014-07-28,0.68194537020990109
AOI-0001,2014-08-09,0.41066568820440491
AOI-0001,2014-08-13,0.41066568820440491
AOI-0001,2014-10-03,0.25053920316118056
AOI-0001,2014-10-16,0.26869623981901375
AOI-0001,2015-04-13,0.50197757651071018
AOI-0001,2015-08-11,0.22153889791680759
AOI-0001,2015-08-12,0.22153889791680759
AOI-0001,2015-08-27,0.25598125408229916
AOI-0001,2015-09-20,0.19204617480176445
AOI-0001,2015-09-28,0.19204617480176445
AOI-0001,2016-06-27,0.3280267699893733
AOI-0001,2016-07-04,0.3280267699893733
AOI-0001,2016-07-20,0.31118698385320354
AOI-0001,2016-07-27,0.31118698385320354
AOI-0001,2016-08-29,0.30708503335040366
AOI-0001,2016-08-30,0.30708503335040366
AOI-0001,2016-09-15,0.68170083435198492
AOI-0001,2016-09-29,0.68170083435198492
AOI-0001,2017-05-12,0.70388540169823655
AOI-0001,2017-06-29,0.53065916026904114
AOI-0001,2017-07-12,0.44162637405659844
AOI-0001,2017-08-09,0.34320745494478405
AOI-0001,2017-08-29,0.26356535901129891
AOI-0001,2017-09-08,0.18113182352261764
AOI-0001,2017-09-14,0.21633401083489895
AOI-0001,2018-04-05,0.44347205462191364
AOI-0001,2018-04-23,0.71687109458011844
AOI-0001,2018-05-01,0.83823687114524681
AOI-0001,2018-06-08,0.62297059154707823
AOI-0001,2018-07-12,0.1886293504575367
AOI-0001,2018-09-28,0.21454948253113731
AOI-0001,2018-10-13,0.18058882201276125
AOI-0001,2019-05-11,0.62076849282095936
AOI-0001,2019-05-31,0.72474715384006227
AOI-0001,2019-06-04,0.72474715384006227
AOI-0001,2019-06-05,0.72474715384006227
AOI-0001,2019-06-25,0.41356172520648593
AOI-0001,2019-07-12,0.37627647537358166
AOI-0001,2019-07-22,0.49885054907062854
AOI-0001,2019-07-29,0.42554736118016945
AOI-0001,2019-08-30,0.22700162933123805
AOI-0001,2019-09-07,0.2172004332825945
AOI-0001,2019-09-08,0.2172004332825945
AOI-0001,2019-09-18,0.095223203268749293
AOI-0001,2020-04-03,0.59348523495451622
AOI-0001,2020-04-26,0.67589250190697925
AOI-0001,2020-05-30,0.85650856535038788
AOI-0001,2020-06-09,0.81194313835365017
AOI-0001,2020-07-14,0.25232611715561148
AOI-0001,2020-07-23,0.17020221920454853
AOI-0001,2020-07-27,0.18968074818553327
AOI-0001,2020-08-08,0.1964195705045855
AOI-0001,2020-09-01,0.31676116489780887
AOI-0001,2020-09-02,0.31676116489780887
AOI-0001,2020-09-12,0.26929593009650848
AOI-0001,2020-09-22,0.24881722582337584
AOI-0001,2020-09-29,0.18384626237968785
AOI-0001,2020-10-11,0.24261357437147746
AOI-0001,2020-10-12,0.24261357437147746
AOI-0001,2020-10-19,0.18242127057191398
AOI-0001,2021-05-15,0.56019685781868311
AOI-0001,2021-05-20,0.56019685781868311
AOI-0001,2021-06-10,0.35705029216991946
AOI-0001,2021-07-02,0.66427412082710369
AOI-0001,2021-07-24,0.67163012028966163
AOI-0001,2021-09-17,0.25639594856730763
AOI-0001,2022-04-25,0.65813842956776025
AOI-0001,2022-06-03,0.7568362793085488
AOI-0001,2022-09-02,0.25374265065403767
AOI-0001,2022-09-30,0.066551804872199097
AOI-0001,2022-10-01,0.066551804872199097
AOI-0001,2022-10-17,0.22164107240476061
AOI-0001,2023-05-25,0.83400277381028243
AOI-0001,2023-06-23,0.74162267108279178
AOI-0001,2023-07-15,0.2384318240270511
AOI-0001,2023-07-29,0.25911254375229686
AOI-0001,2023-08-03,0.23925300185367396
AOI-0001,2023-08-08,0.24530554074602465
AOI-0001,2023-08-13,0.24530554074602465
AOI-0001,2023-08-17,0.24530554074602465
AOI-0001,2023-08-28,0.24260795481598113
AOI-0001,2023-08-29,0.24260795481598113
AOI-0001,2023-09-12,0.27830718641559199
AOI-0001,2024-04-06,0.70310142572583656
AOI-0001,2024-05-24,0.80521257823323944
AOI-0001,2024-06-01,0.60519266997205956
AOI-0001,2024-06-03,0.60519266997205956
AOI-0001,2024-06-09,0.60519266997205956
AOI-0001,2024-06-13,0.60519266997205956
AOI-0001,2024-06-17,0.60519266997205956
AOI-0001,2024-06-23,0.36869739853371725
AOI-0001,2024-06-25,0.36869739853371725
AOI-0001,2024-07-03,0.2994654152269286
AOI-0001,2024-09-11,0.18228939990520987
AOI-0001,2024-09-13,0.18228939990520987
AOI-0001,2024-09-16,0.18228939990520987
AOI-0001,2024-09-29,0.17913550457687188
AOI-0001,2025-04-23,0.3041948406601036
AOI-0001,2025-05-03,0.31257320158747937
AOI-0001,2025-06-03,0.52441306454559478
AOI-0001,2025-06-27,0.66732616576970238
AOI-0001,2025-07-05,0.57621583136037446
AOI-0001,2025-07-12,0.40854945454905978
AOI-0001,2025-07-13,0.40854945454905978
AOI-0001,2025-07-23,0.44382188678906109
AOI-0001,2025-07-28,0.44382188678906109
AOI-0001,2025-07-29,0.44382188678906109
AOI-0001,2025-08-02,0.34368086242085111
AOI-0001,2025-10-28,0.22900875639587182
AOI-0002,2025-05-03,0.8332061292982782
AOI-0002,2025-06-03,0.57924961059159741
AOI-0002,2025-06-26,0.36061252513331388
AOI-0002,2025-07-29,0.19728203666605459
AOI-0002,2025-08-02,0.21058917947837175
AOI-0002,2025-08-13,0.17815615449049071
AOI-0002,2025-08-19,0.17815615449049071
AOI-0003,2025-04-01,0.5525238076794794
AOI-0003,2025-04-18,0.81894468457339131
AOI-0003,2025-04-19,0.81894468457339131
AOI-0003,2025-05-06,0.75691085702605432
AOI-0003,2025-06-04,0.76957013107136907
AOI-0003,2025-06-13,0.67298532049421778
AOI-0003,2025-07-07,0.23051836308308229
AOI-0003,2025-07-13,0.26734485838126149
AOI-0003,2025-07-15,0.1947872759344017
AOI-0003,2025-08-04,0.15138375979510554
AOI-0003,2025-08-07,0.2099071564589764
AOI-0003,2025-08-14,0.25323616352345057
AOI-0003,2025-08-22,0.15140952121708845
AOI-0003,2025-08-23,0.15140952121708845
AOI-0004,2025-04-23,0.61405088135044983
AOI-0004,2025-05-04,0.61857664975976179
AOI-0004,2025-05-24,0.64870576629661181
AOI-0004,2025-05-25,0.64870576629661181
AOI-0004,2025-06-30,0.63535231493409006
AOI-0004,2025-07-12,0.50606563351306699
AOI-0004,2025-07-23,0.49036088501428549
AOI-0004,2025-08-02,0.43221013775191441
AOI-0004,2025-09-14,0.29238532028014302
AOI-0004,2025-09-23,0.32986390251732894
AOI-0005,2025-05-01,0.69635351978830284
AOI-0005,2025-05-03,0.69635351978830284
AOI-0005,2025-05-14,0.4596679328876967
AOI-0005,2025-06-11,0.53684298123825502
AOI-0005,2025-07-21,0.36404660086250901
AOI-0005,2025-08-17,0.40980142099547734
AOI-0005,2025-09-01,0.31697155469485994
AOI-0006,2025-04-01,0.34736966256707386
AOI-0006,2025-05-09,0.21643360009638746
AOI-0006,2025-05-25,0.46529719168151462
AOI-0006,2025-07-28,0.44474270272095379
AOI-0006,2025-08-09,0.28333597468803107
AOI-0006,2025-08-22,0.25311649417822457
AOI-0006,2025-08-30,0.19717762732495059
AOI-0006,2025-09-07,0.15406704001640614
AOI-0006,2025-10-28,0.23481960935553456
AOI-0007,2025-04-01,0.38508294235060192
AOI-0007,2025-04-18,0.28920868882721429
AOI-0007,2025-04-29,0.39446732414533858
AOI-0007,2025-05-01,0.39446732414533858
AOI-0007,2025-06-26,0.31026246859832468
AOI-0007,2025-07-28,0.14339910325707222
AOI-0007,2025-08-13,0.181263563306164
AOI-0007,2025-08-14,0.181263563306164
AOI-0007,2025-08-16,0.17555341698370894
AOI-0007,2025-09-11,0.16078891114051386
AOI-0007,2025-09-26,0.21243277944442845
AOI-0008,2025-04-17,0.70904306927701299
AOI-0008,2025-04-24,0.82274462340444143
AOI-0008,2025-05-19,0.89895391711859096
AOI-0008,2025-07-08,0.1845589754991756
AOI-0008,2025-07-15,0.21066978419318805
AOI-0008,2025-07-17,0.21066978419318805
AOI-0008,2025-08-13,0.15551039893226484
AOI-0008,2025-09-01,0.19817543843407645
AOI-0008,2025-09-30,0.19075409411679495
AOI-0008,2025-10-16,0.17181442723851759
AOI-0009,2025-04-01,0.58043833151453539
AOI-0009,2025-04-23,0.77507044521233071
AOI-0009,2025-05-04,0.81889615095118762
AOI-0009,2025-06-30,0.27422464485021403
AOI-0009,2025-07-05,0.27422464485021403
AOI-0009,2025-07-10,0.21130200975572266
AOI-0009,2025-07-25,0.16464518343616705
AOI-0009,2025-08-12,0.20416574695734668
AOI-0009,2025-08-17,0.16564589991097267
AOI-0009,2025-08-22,0.1981539755932675
AOI-0009,2025-08-24,0.20416415360595319
AOI-0009,2025-09-14,0.16543638068244365
AOI-0009,2025-09-16,0.16661360608732895
AOI-0009,2025-09-25,0.1891232366127929
AOI-0009,2025-10-03,0.14209875203288613
AOI-0010,2010-06-19,0.40482270176465973
AOI-0010,2010-08-06,0.27322494948624348
AOI-0010,2010-08-22,0.31797244897959176
AOI-0010,2011-06-14,0.44678647162047874
AOI-0010,2011-07-12,0.28092023289967072
AOI-0010,2011-08-09,0.24393762708965755
AOI-0010,2011-08-13,0.24393762708965755
AOI-0010,2011-09-10,0.25983072791172263
AOI-0010,2012-04-13,0.39058469387755107
AOI-0010,2012-08-03,0.28487448979591834
AOI-0010,2013-04-16,0.71219132653061235
AOI-0010,2013-05-25,0.5836872448979592
AOI-0010,2013-06-26,0.30852272043993395
AOI-0010,2013-07-12,0.28188283490386756
AOI-0010,2014-05-29,0.45423352192222755
AOI-0010,2014-06-06,0.45423352192222755
AOI-0010,2014-06-10,0.45423352192222755
AOI-0010,2014-08-29,0.18514404652795804
AOI-0010,2014-09-30,0.1566397347231884
AOI-0010,2015-04-07,0.23793349261154514
AOI-0010,2015-04-14,0.23793349261154514
AOI-0010,2015-05-25,0.27069767484401303
AOI-0010,2015-10-07,0.27231530612244892
AOI-0010,2016-07-27,0.34489912636916759
AOI-0010,2016-08-12,0.28719249371610633
AOI-0010,2016-09-13,0.18768232309526517
AOI-0010,2017-04-03,0.32510244190674542
AOI-0010,2017-04-07,0.32510244190674542
AOI-0010,2017-08-01,0.20504916891784081
AOI-0010,2017-08-04,0.20504916891784081
AOI-0010,2017-08-13,0.14306085088010689
AOI-0010,2017-08-29,0.18070811006943699
AOI-0010,2018-05-16,0.79347454772111992
AOI-0010,2018-07-28,0.22076455746834844
AOI-0010,2018-08-28,0.17154644923900209
AOI-0010,2018-09-14,0.14893762729002646
AOI-0010,2019-04-06,0.48286488046834131
AOI-0010,2019-04-28,0.74377494841852221
AOI-0010,2019-05-19,0.85683958859066078
AOI-0010,2019-06-20,0.2066760491784084
AOI-0010,2019-06-26,0.16722512664657246
AOI-0010,2019-06-27,0.16722512664657246
AOI-0010,2019-07-20,0.15300074280400416
AOI-0010,2019-08-13,0.19865552102423711
AOI-0010,2019-08-19,0.22354219441470519
AOI-0010,2019-08-21,0.22354219441470519
AOI-0010,2019-09-23,0.19125706893914304
AOI-0010,2020-06-06,0.33892756993653217
AOI-0010,2020-06-09,0.33892756993653217
AOI-0010,2020-07-16,0.13212072710044581
AOI-0010,2020-07-19,0.13212072710044581
AOI-0010,2020-07-26,0.22669811454130667
AOI-0010,2020-07-31,0.12665985218694209
AOI-0010,2020-09-09,0.1665825614224275
AOI-0010,2020-09-13,0.16946284198634964
AOI-0010,2020-09-19,0.19327160764243512
AOI-0010,2020-09-27,0.18553735441381169
AOI-0010,2021-05-05,0.38381756442470355
AOI-0010,2021-05-09,0.31807078661903743
AOI-0010,2021-07-28,0.24772064896508825
AOI-0010,2021-08-05,0.30245809363457166
AOI-0010,2021-09-04,0.332130300794718
AOI-0010,2021-09-17,0.3388822192861296
AOI-0010,2021-10-27,0.40600383805584089
AOI-0010,2022-06-06,0.6913503335768113
AOI-0010,2022-06-10,0.67005867934210861
AOI-0010,2022-06-11,0.67005867934210861
AOI-0010,2022-07-17,0.25900436879010602
AOI-0010,2022-07-28,0.24998155923166904
AOI-0010,2022-09-08,0.28264520936285198
AOI-0010,2023-04-02,0.46546543776786553
AOI-0010,2023-04-27,0.68986400969724304
AOI-0010,2023-06-08,0.64434933403610672
AOI-0010,2023-06-16,0.55672827806541503
AOI-0010,2023-08-23,0.28114743599040204
AOI-0010,2023-08-30,0.26205562435973062
AOI-0010,2023-09-19,0.26423024310800419
AOI-0010,2024-04-04,0.59762825352849358
AOI-0010,2024-04-26,0.77400932852088311
AOI-0010,2024-05-08,0.77109528117914972
AOI-0010,2024-05-21,0.72070154068725256
AOI-0010,2024-06-18,0.26856110922882348
AOI-0010,2024-06-20,0.26856110922882348
AOI-0010,2024-07-08,0.18525886021727475
AOI-0010,2024-07-15,0.18800539910047295
AOI-0010,2024-08-12,0.20041430773681479
AOI-0010,2024-09-06,0.19856281002651799
AOI-0010,2024-09-28,0.2122871801485568
AOI-0010,2024-10-01,0.21817988258884086
AOI-0010,2024-10-15,0.19022500860778679
AOI-0010,2024-10-23,0.19022500860778679
AOI-0010,2025-04-16,0.39633095740589214
AOI-0010,2025-04-18,0.43982174836957522
AOI-0010,2025-05-09,0.68079651689666942
AOI-0010,2025-06-05,0.51233479500921741
AOI-0010,2025-06-07,0.51233479500921741
AOI-0010,2025-06-28,0.1340808095481387
AOI-0010,2025-07-05,0.0785481239461127
AOI-0010,2025-07-06,0.0785481239461127
AOI-0010,2025-07-07,0.0785481239461127
AOI-0010,2025-07-25,0.1656990249840429
AOI-0010,2025-07-30,0.1111741161016037
AOI-0010,2025-08-16,0.21008825680698073
AOI-0010,2025-08-27,0.16843312715676301
AOI-0010,2025-09-16,0.2042302949850931
AOI-0010,2025-09-30,0.25041484649832824
AOI-0010,2025-10-05,0.2277867088427139
AOI-0011,2025-04-07,0.63082360680906713
AOI-0011,2025-04-17,0.71030768903745023
AOI-0011,2025-04-23,0.78788652756932676
AOI-0011,2025-04-28,0.80108219116710488
AOI-0011,2025-05-24,0.83831567357514147
AOI-0011,2025-06-03,0.61283023301820394
AOI-0011,2025-07-12,0.21520090117945961
AOI-0011,2025-08-06,0.19519515293823708
AOI-0011,2025-08-14,0.28389344191039712
AOI-0011,2025-08-19,0.21898490470359649
AOI-0011,2025-08-27,0.16719014574383184
AOI-0011,2025-09-30,0.19819442472691029
AOI-0011,2025-10-03,0.19576561691806094
AOI-0011,2025-10-05,0.19576561691806094
AOI-0012,2025-04-01,0.36804225745756303
AOI-0012,2025-04-28,0.46338385461431042
AOI-0012,2025-05-16,0.77149463803776963
AOI-0012,2025-06-03,0.69697324033541153
AOI-0012,2025-06-05,0.53896700415169718
AOI-0012,2025-06-15,0.21773502988308541
AOI-0012,2025-06-26,0.21773502988308541
AOI-0012,2025-07-10,0.23039626026064275
AOI-0012,2025-07-18,0.14558930956023719
AOI-0012,2025-07-30,0.14645716034820305
AOI-0013,2010-04-16,0.73019224105027702
AOI-0013,2010-06-10,0.35784967768712811
AOI-0013,2010-06-19,0.48339411313697456
AOI-0013,2010-10-24,0.17016332924560765
AOI-0013,2011-04-18,0.25390402243990656
AOI-0013,2011-04-26,0.265444713348373
AOI-0013,2012-05-08,0.43058380953547748
AOI-0013,2012-06-23,0.63327819277108444
AOI-0013,2012-08-12,0.44001911909613023
AOI-0013,2013-04-16,0.33812096900802335
AOI-0013,2013-04-24,0.32695514343677384
AOI-0013,2013-05-02,0.45624586632834008
AOI-0013,2013-05-09,0.45624586632834008
AOI-0013,2013-06-11,0.59142852554629533
AOI-0013,2013-07-12,0.43726169962710454
AOI-0013,2013-07-28,0.49087589399981146
AOI-0013,2014-05-29,0.49550218372513732
AOI-0013,2014-06-10,0.40375509017260025
AOI-0013,2014-07-28,0.3610465989222249
AOI-0013,2014-08-01,0.31346117080362268
AOI-0013,2014-08-08,0.31346117080362268
AOI-0013,2014-08-13,0.31641233546769243
AOI-0013,2015-05-09,0.41894302191413135
AOI-0013,2015-05-23,0.4544464413771192
AOI-0013,2015-07-12,0.61004127531328611
AOI-0013,2015-08-20,0.4000943452078437
AOI-0013,2015-10-07,0.33264959288516005
AOI-0013,2015-10-16,0.33264959288516005
AOI-0013,2016-05-09,0.48310022635552524
AOI-0013,2016-05-10,0.48310022635552524
AOI-0013,2016-08-12,0.63260091445142241
AOI-0013,2016-08-21,0.6971965229570396
AOI-0013,2016-09-13,0.70419959856424319
AOI-0013,2016-10-09,0.46475652057164096
AOI-0013,2017-04-11,0.3354006276058954
AOI-0013,2017-04-28,0.39489040364611466
AOI-0013,2017-05-01,0.39489040364611466
AOI-0013,2017-05-21,0.62047024598733591
AOI-0013,2017-05-29,0.588399231855395
AOI-0013,2017-06-30,0.74161282459222932
AOI-0013,2017-07-27,0.50840773262550931
AOI-0013,2017-08-08,0.45574578970677637
AOI-0013,2017-08-24,0.4334205960696243
AOI-0013,2017-09-13,0.42871450005847289
AOI-0013,2017-09-17,0.48824983037102643
AOI-0013,2017-09-30,0.45576426205195197
AOI-0013,2018-05-25,0.36441287893351598
AOI-0013,2018-06-08,0.35679301479967096
AOI-0013,2018-06-15,0.44292153884729746
AOI-0013,2018-07-12,0.37446321717841458
AOI-0013,2018-08-13,0.38932801243425441
AOI-0013,2018-08-27,0.42096914845444333
AOI-0013,2018-09-28,0.42872491118284617
AOI-0013,2018-10-06,0.36697759331413565
AOI-0013,2019-04-01,0.25199998607745999
AOI-0013,2019-05-06,0.4416842903645023
AOI-0013,2019-06-02,0.40503803981870168
AOI-0013,2019-06-05,0.41669139374294029
AOI-0013,2019-06-12,0.45246842395170411
AOI-0013,2019-06-25,0.47492865278658969
AOI-0013,2019-07-17,0.44691993103861671
AOI-0013,2019-07-28,0.5499765074330869
AOI-0013,2019-08-24,0.41436474494382391
AOI-0013,2019-08-31,0.5193175774551323
AOI-0013,2019-09-08,0.51982611591532646
AOI-0013,2019-09-13,0.46828117913331657
AOI-0013,2019-10-02,0.51356695633489591
AOI-0013,2019-10-10,0.59861869149608027
AOI-0013,2019-10-17,0.35477061893619888
AOI-0013,2020-04-22,0.34172646223577507
AOI-0013,2020-05-12,0.37502081973248891
AOI-0013,2020-06-24,0.44411736943432023
AOI-0013,2020-06-26,0.50068450744202664
AOI-0013,2020-08-12,0.28228490824623798
AOI-0013,2020-08-15,0.26156506146391351
AOI-0013,2020-08-16,0.26156506146391351
AOI-0013,2020-08-20,0.41817318522657049
AOI-0013,2020-10-27,0.35760195884534252
AOI-0013,2021-04-23,0.33950998822786516
AOI-0013,2021-06-10,0.56989590959810132
AOI-0013,2021-06-11,0.56989590959810132
AOI-0013,2021-06-21,0.56631572634499461
AOI-0013,2021-07-12,0.57408520552638043
AOI-0013,2021-07-14,0.57408520552638043
AOI-0013,2021-08-20,0.48630462089891552
AOI-0013,2021-10-14,0.36712216156464095
AOI-0013,2021-10-16,0.36712216156464095
AOI-0013,2022-04-02,0.56116513981753491
AOI-0013,2022-04-17,0.62783713228528948
AOI-0013,2022-04-24,0.56906487689352581
AOI-0013,2022-04-25,0.56906487689352581
AOI-0013,2022-06-10,0.39945813685357878
AOI-0013,2022-06-16,0.41554463868835934
AOI-0013,2022-06-26,0.37454601335677246
AOI-0013,2022-07-05,0.5026522538712801
AOI-0013,2022-07-17,0.56616669877805559
AOI-0013,2022-07-22,0.54181298330508998
AOI-0013,2022-08-14,0.54313332260230518
AOI-0013,2022-09-14,0.4702089305423392
AOI-0013,2022-10-07,0.3787923377717336
AOI-0013,2022-10-14,0.33712338582775037
AOI-0013,2023-04-10,0.50667790177751526
AOI-0013,2023-06-21,0.56264671007564504
AOI-0013,2023-06-29,0.45668121579588028
AOI-0013,2023-07-06,0.53973111108480754
AOI-0013,2023-07-12,0.48217083285466594
AOI-0013,2023-07-24,0.53203506356412233
AOI-0013,2023-08-05,0.52903354390054236
AOI-0013,2023-08-20,0.49391789500519923
AOI-0013,2023-08-23,0.49391789500519923
AOI-0013,2023-08-26,0.50389006795978797
AOI-0013,2023-09-11,0.51168505787633412
AOI-0013,2023-09-14,0.55489636646885865
AOI-0013,2023-09-24,0.49631239887800138
AOI-0013,2023-10-05,0.47525905011702085
AOI-0013,2023-10-14,0.42979282201937286
AOI-0013,2023-10-17,0.35885844173161452
AOI-0013,2023-10-19,0.35885844173161452
AOI-0013,2024-04-26,0.48194249083763219
AOI-0013,2024-05-04,0.48194249083763219
AOI-0013,2024-05-23,0.5170381126757928
AOI-0013,2024-05-24,0.5170381126757928
AOI-0013,2024-06-30,0.51969582262778313
AOI-0013,2024-07-02,0.51969582262778313
AOI-0013,2024-07-11,0.50747585877966606
AOI-0013,2024-07-26,0.32029542740987677
AOI-0013,2024-07-27,0.32029542740987677
AOI-0013,2024-08-09,0.50487299749179559
AOI-0013,2024-08-11,0.50487299749179559
AOI-0013,2024-09-03,0.51200729319844951
AOI-0013,2024-09-06,0.51200729319844951
AOI-0013,2024-09-26,0.45887840552319215
AOI-0013,2024-10-08,0.43583534305705018
AOI-0013,2025-04-01,0.55827224465292757
AOI-0013,2025-04-28,0.48923151485937411
AOI-0013,2025-05-16,0.56836542168674709
AOI-0013,2025-05-19,0.56836542168674709
AOI-0013,2025-05-24,0.56836542168674709
AOI-0013,2025-07-07,0.50952045144956937
AOI-0013,2025-07-08,0.50952045144956937
AOI-0013,2025-07-14,0.4952432439853115
AOI-0013,2025-07-21,0.50745994666844607
AOI-0013,2025-07-27,0.57412168131661512
AOI-0013,2025-08-15,0.4708292782530733
AOI-0013,2025-09-03,0.48951586351289667
AOI-0013,2025-09-07,0.50023410063881102
AOI-0014,2010-04-07,0.48540446110816754
AOI-0014,2010-04-24,0.76419469800058426
AOI-0014,2010-06-10,0.81447538000019915
AOI-0014,2010-09-23,0.29585776497695848
AOI-0014,2011-04-19,0.27770731154663525
AOI-0014,2011-04-26,0.34018239981343995
AOI-0014,2011-05-09,0.48445003515761531
AOI-0014,2011-05-28,0.65813345358049014
AOI-0014,2011-06-14,0.7885429506718119
AOI-0014,2011-08-01,0.44188913997686613
AOI-0014,2011-09-14,0.19864212506775544
AOI-0014,2011-09-17,0.19864212506775544
AOI-0014,2011-10-27,0.36438486118307856
AOI-0014,2012-05-06,0.69751093446781631
AOI-0014,2012-06-25,0.26298645975247809
AOI-0014,2012-08-28,0.22908769159878328
AOI-0014,2012-09-04,0.22908769159878328
AOI-0014,2012-09-11,0.22908769159878328
AOI-0014,2012-09-27,0.23165335309997159
AOI-0014,2013-05-09,0.41587349688551523
AOI-0014,2013-06-11,0.67057400836638537
AOI-0014,2013-06-19,0.67057400836638537
AOI-0014,2013-07-28,0.76535705578863888
AOI-0014,2013-09-14,0.33573592312877998
AOI-0014,2013-09-23,0.30509675281240123
AOI-0014,2014-06-26,0.36418196692634297
AOI-0014,2014-06-29,0.36418196692634297
AOI-0014,2014-08-17,0.19962922612168305
AOI-0014,2014-09-30,0.23900851628941455
AOI-0014,2014-10-27,0.23533845417504268
AOI-0014,2015-04-14,0.44448923950617325
AOI-0014,2015-06-16,0.54656845796077391
AOI-0014,2015-06-26,0.34362576790053367
AOI-0014,2015-07-12,0.36332533506899556
AOI-0014,2015-07-27,0.36519312951829708
AOI-0014,2015-08-28,0.253270186657922
AOI-0014,2016-04-22,0.24858346608456883
AOI-0014,2016-05-09,0.43525059745918937
AOI-0014,2016-06-03,0.58404412834088459
AOI-0014,2016-06-19,0.78378065564525023
AOI-0014,2016-08-13,0.40990144926375549
AOI-0014,2016-08-30,0.31696895229027278
AOI-0014,2017-04-26,0.81172323196642882
AOI-0014,2017-04-28,0.80079455344532746
AOI-0014,2017-05-21,0.87270208779714509
AOI-0014,2017-05-29,0.89056210474402864
AOI-0014,2017-07-23,0.27912447590633294
AOI-0014,2017-07-31,0.25801813270890883
AOI-0014,2017-08-06,0.14306181538717505
AOI-0014,2017-08-21,0.15312482667870025
AOI-0014,2017-09-10,0.14288074936616174
AOI-0014,2017-09-30,0.20912238730142746
AOI-0014,2017-10-08,0.18877877552621869
AOI-0014,2018-04-07,0.56262000407291146
AOI-0014,2018-05-03,0.75594095076129519
AOI-0014,2018-06-24,0.30802645623064573
AOI-0014,2018-07-18,0.29680856326291005
AOI-0014,2018-08-27,0.19319951242282335
AOI-0014,2018-10-06,0.22855596950368062
AOI-0014,2019-04-01,0.164445282743621
AOI-0014,2019-04-21,0.35666645077541403
AOI-0014,2019-05-01,0.24370406452989879
AOI-0014,2019-05-09,0.27084428205074207
AOI-0014,2019-05-27,0.7350895128599626
AOI-0014,2019-05-28,0.7350895128599626
AOI-0014,2019-06-04,0.76497251166500835
AOI-0014,2019-06-11,0.88131417300521242
AOI-0014,2019-06-15,0.88024043237176186
AOI-0014,2019-06-22,0.82455119540345101
AOI-0014,2019-07-06,0.51539073938897828
AOI-0014,2019-08-14,0.37124524697462169
AOI-0014,2019-08-26,0.17402113179655276
AOI-0014,2020-04-06,0.71731554994961155
AOI-0014,2020-04-07,0.71731554994961155
AOI-0014,2020-04-17,0.67839977898470016
AOI-0014,2020-04-22,0.72495929146308469
AOI-0014,2020-04-25,0.72495929146308469
AOI-0014,2020-05-15,0.69455730786512915
AOI-0014,2020-05-17,0.69455730786512915
AOI-0014,2020-06-04,0.72872568288110273
AOI-0014,2020-06-25,0.18088498439123735
AOI-0014,2020-07-11,0.16761556216498469
AOI-0014,2020-07-27,0.14969397258109515
AOI-0014,2020-08-16,0.19210226355517146
AOI-0014,2020-09-09,0.14712222440442591
AOI-0014,2020-09-24,0.16960704275304289
AOI-0014,2021-04-07,0.29240079142617048
AOI-0014,2021-04-29,0.72715838416299894
AOI-0014,2021-05-25,0.88407084979129014
AOI-0014,2021-08-13,0.1704459555245991
AOI-0014,2021-08-18,0.1704459555245991
AOI-0014,2021-09-14,0.17546718980158166
AOI-0014,2021-10-12,0.13199717307242501
AOI-0014,2021-10-14,0.13199717307242501
AOI-0014,2022-05-15,0.45979267841135463
AOI-0014,2022-05-26,0.44390435486697694
AOI-0014,2022-05-27,0.44390435486697694
AOI-0014,2022-06-24,0.72722015848166377
AOI-0014,2022-07-14,0.81172817087717108
AOI-0014,2022-07-24,0.69277761707178676
AOI-0014,2022-08-22,0.34244321240040448
AOI-0014,2022-08-29,0.19982862040695398
AOI-0014,2022-09-02,0.2087076048940365
AOI-0014,2022-09-08,0.1964459619289195
AOI-0014,2022-09-14,0.20484257837337544
AOI-0014,2023-06-07,0.81291265812505964
AOI-0014,2023-08-10,0.12330141854893525
AOI-0014,2024-04-04,0.53040479150812148
AOI-0014,2024-05-08,0.85275025650350456
AOI-0014,2024-05-09,0.85275025650350456
AOI-0014,2024-05-21,0.85275025650350456
AOI-0014,2024-05-23,0.85275025650350456
AOI-0014,2024-06-08,0.5995040558880127
AOI-0014,2024-07-25,0.15217838228074904
AOI-0014,2024-08-11,0.14517073260408495
AOI-0014,2024-09-01,0.1672422145353491
AOI-0014,2024-09-08,0.1739865816027435
AOI-0014,2024-09-11,0.1739865816027435
AOI-0014,2024-09-18,0.16784708501169682
AOI-0014,2024-09-29,0.15118710278886205
AOI-0014,2024-10-07,0.13672234899892474
AOI-0014,2024-10-30,0.1419625178678717
AOI-0014,2025-04-23,0.18807038783922303
AOI-0014,2025-05-01,0.27131733388282653
AOI-0014,2025-05-27,0.44834260960914274
AOI-0014,2025-06-13,0.45236102019006053
AOI-0014,2025-08-12,0.22417444883486604
AOI-0014,2025-08-15,0.1899280274005386
AOI-0014,2025-08-24,0.24845587791413631
AOI-0014,2025-09-11,0.11719713756444705
AOI-0014,2025-09-14,0.17172928608899896
AOI-0014,2025-09-23,0.18715332090860298
AOI-0014,2025-09-24,0.18715332090860298
AOI-0015,2025-05-04,0.33890462921136832
AOI-0015,2025-05-27,0.54330654745294615
AOI-0015,2025-06-07,0.43840139598436967
AOI-0015,2025-07-03,0.42777113011590789
AOI-0015,2025-07-05,0.42777113011590789
AOI-0015,2025-07-08,0.28520250109741191
AOI-0015,2025-07-13,0.31547750816389269
AOI-0015,2025-07-15,0.25171491368045462
AOI-0015,2025-07-18,0.24141436079367284
AOI-0015,2025-07-21,0.24141436079367284
AOI-0015,2025-07-23,0.24141436079367284
AOI-0015,2025-09-07,0.15225857610297289
AOI-0015,2025-10-13,0.2259189912257954
AOI-0015,2025-10-16,0.2259189912257954
AOI-0015,2025-10-18,0.25730735801148769
AOI-0016,2025-04-19,0.3659082758904707
AOI-0016,2025-05-25,0.3080399298732901
AOI-0016,2025-06-11,0.64174349019653287
AOI-0016,2025-06-26,0.64174349019653287
AOI-0016,2025-07-10,0.75892210993216225
AOI-0016,2025-07-17,0.78186499295152112
AOI-0016,2025-07-18,0.78186499295152112
AOI-0016,2025-08-19,0.37321079422740638
AOI-0016,2025-08-29,0.35127204176364879
AOI-0016,2025-10-17,0.23380331922367076
AOI-0017,2010-06-10,0.60826757776498441
AOI-0017,2010-07-29,0.56235166823884752
AOI-0017,2010-09-23,0.37347964601769912
AOI-0017,2011-04-18,0.3202315927502325
AOI-0017,2011-09-17,0.50755106435690578
AOI-0017,2011-09-26,0.53277815234882819
AOI-0017,2011-09-30,0.53277815234882819
AOI-0017,2011-10-11,0.53277815234882819
AOI-0017,2011-10-27,0.43259024992601736
AOI-0017,2012-07-18,0.58715495013198371
AOI-0017,2012-07-27,0.51011638949127813
AOI-0017,2012-08-28,0.48689876746887528
AOI-0017,2012-09-29,0.42027004362142351
AOI-0017,2013-05-25,0.56533588061965112
AOI-0017,2013-07-12,0.55429028768623756
AOI-0017,2013-08-14,0.41427670189814508
AOI-0017,2013-09-14,0.54398946322211206
AOI-0017,2013-09-30,0.6918899057182204
AOI-0017,2013-10-09,0.64129089459333533
AOI-0017,2013-10-25,0.65420583638886476
AOI-0017,2014-04-23,0.58093850750420595
AOI-0017,2014-06-06,0.55313603648427367
AOI-0017,2014-07-24,0.40388193851988552
AOI-0017,2014-10-04,0.41002172941756332
AOI-0017,2015-04-23,0.42441480805869936
AOI-0017,2015-04-30,0.42441480805869936
AOI-0017,2015-07-11,0.66025076362907675
AOI-0017,2015-07-27,0.59213787533394824
AOI-0017,2015-08-03,0.54779855721151627
AOI-0017,2015-08-29,0.40077494220761678
AOI-0017,2015-10-16,0.44819463194188114
AOI-0017,2016-04-06,0.42835570724999023
AOI-0017,2016-04-07,0.42835570724999023
AOI-0017,2016-06-18,0.62815939517789254
AOI-0017,2016-07-05,0.53282915880825632
AOI-0017,2016-07-27,0.57259764951511394
AOI-0017,2016-08-21,0.62090601106991161
AOI-0017,2016-09-15,0.57044133103282246
AOI-0017,2016-10-15,0.55501584935409998
AOI-0017,2016-10-17,0.55501584935409998
AOI-0017,2017-06-06,0.70991271887784624
AOI-0017,2017-07-31,0.61336261539850212
AOI-0017,2017-08-01,0.61336261539850212
AOI-0017,2017-09-02,0.59929013580975798
AOI-0017,2018-04-05,0.46430537116375031
AOI-0017,2018-05-09,0.55142964376812931
AOI-0017,2018-05-23,0.65844361898625126
AOI-0017,2018-06-20,0.62208560688391579
AOI-0017,2018-07-11,0.42769363038358288
AOI-0017,2018-07-12,0.42769363038358288
AOI-0017,2019-04-25,0.42787529256657308
AOI-0017,2019-04-28,0.49988972349576066
AOI-0017,2019-05-13,0.60725189770833832
AOI-0017,2019-05-18,0.62053608531118865
AOI-0017,2019-05-28,0.69426969506802905
AOI-0017,2019-06-04,0.65303850632003357
AOI-0017,2019-06-12,0.69357497124346801
AOI-0017,2019-06-17,0.70775569907601787
AOI-0017,2019-07-17,0.67607359506478948
AOI-0017,2019-08-06,0.68146524291080879
AOI-0017,2019-08-11,0.56069926989933794
AOI-0017,2019-08-24,0.35010502738205235
AOI-0017,2019-08-29,0.43856652608124586
AOI-0017,2019-08-31,0.56277730714821494
AOI-0017,2019-09-13,0.44321035797010505
AOI-0017,2020-04-25,0.4273546520653545
AOI-0017,2020-04-30,0.4273546520653545
AOI-0017,2020-05-08,0.55675601049676504
AOI-0017,2020-06-06,0.66873504591570865
AOI-0017,2020-06-26,0.5287611167458508
AOI-0017,2020-07-26,0.45065715488078917
AOI-0017,2020-08-18,0.4825650487243956
AOI-0017,2020-09-02,0.35620326869754554
AOI-0017,2020-09-04,0.35620326869754554
AOI-0017,2020-09-09,0.39840017393045485
AOI-0017,2020-09-10,0.39840017393045485
AOI-0017,2020-09-19,0.48328381345902366
AOI-0017,2020-10-12,0.39529877803630331
AOI-0017,2021-04-07,0.2585884591679492
AOI-0017,2021-05-20,0.57048572680961551
AOI-0017,2021-07-02,0.62288274005994149
AOI-0017,2021-08-29,0.55534100319608326
AOI-0017,2021-09-04,0.51543604822737565
AOI-0017,2021-09-27,0.53211585422079266
AOI-0017,2021-10-06,0.27677651921733393
AOI-0017,2021-10-27,0.55476295931885922
AOI-0017,2022-04-17,0.66725907663558615
AOI-0017,2022-04-23,0.66725907663558615
AOI-0017,2022-05-26,0.60616956569840497
AOI-0017,2022-05-27,0.60616956569840497
AOI-0017,2022-06-03,0.57895352229031694
AOI-0017,2022-06-11,0.62760525172930559
AOI-0017,2022-06-30,0.61925745677615696
AOI-0017,2022-07-12,0.5570762490192116
AOI-0017,2022-07-19,0.57664790907806207
AOI-0017,2022-07-24,0.57664790907806207
AOI-0017,2022-08-07,0.54464093793039892
AOI-0017,2022-08-14,0.54533127570611573
AOI-0017,2022-08-15,0.54533127570611573
AOI-0017,2022-08-23,0.54192091615428095
AOI-0017,2022-08-30,0.45948527447765186
AOI-0017,2022-09-17,0.4590967726764274
AOI-0017,2022-10-19,0.54999955075682871
AOI-0017,2023-04-02,0.59733793412117464
AOI-0017,2023-05-06,0.63893832844615561
AOI-0017,2023-06-11,0.69142302718201698
AOI-0017,2023-06-19,0.69142302718201698
AOI-0017,2023-06-22,0.65277183283636719
AOI-0017,2023-07-24,0.64156254854308847
AOI-0017,2023-09-19,0.49441733373570151
AOI-0017,2023-10-12,0.23712166370046572
AOI-0017,2023-10-16,0.26396164903817576
AOI-0017,2023-10-21,0.3286978271469515
AOI-0017,2024-04-04,0.46510794552868956
AOI-0017,2024-06-05,0.22886446971765623
AOI-0017,2024-06-13,0.25531146192451526
AOI-0017,2024-06-28,0.19145078472911492
AOI-0017,2024-07-19,0.18930029446906477
AOI-0017,2024-08-22,0.26963236838539095
AOI-0017,2024-09-01,0.23801630546577965
AOI-0017,2024-09-21,0.26896885373035884
AOI-0017,2024-09-29,0.19177037604196523
AOI-0017,2024-10-08,0.21396830034766612
AOI-0017,2024-10-22,0.23100004947693115
AOI-0017,2025-05-04,0.87660349216831501
AOI-0017,2025-05-27,0.68481070920388831
AOI-0017,2025-06-07,0.66053324519571965
AOI-0017,2025-06-28,0.33489198308006629
AOI-0017,2025-07-07,0.32921622862211808
AOI-0017,2025-08-23,0.17447608744099979
AOI-0017,2025-09-01,0.23020415981367126
AOI-0017,2025-10-02,0.26942133507037747
AOI-0018,2025-04-19,0.82523824157848469
AOI-0018,2025-05-27,0.6100067492973158
AOI-0018,2025-06-13,0.44814851953647805
AOI-0018,2025-06-15,0.44814851953647805
AOI-0018,2025-07-05,0.26416178965444576
AOI-0018,2025-07-07,0.32389043838092235
AOI-0018,2025-07-14,0.19076549480721006
AOI-0018,2025-07-21,0.23783704711906295
AOI-0018,2025-08-19,0.1779876750902811
AOI-0018,2025-08-27,0.19514437809697011
AOI-0018,2025-09-08,0.19794278170284529
AOI-0018,2025-09-24,0.18612020235304672
AOI-0018,2025-10-17,0.2129992980764244
AOI-0019,2025-04-14,0.5896380737987561
AOI-0019,2025-04-17,0.5896380737987561
AOI-0019,2025-04-28,0.63228569881802921
AOI-0019,2025-05-14,0.62391188182592305
AOI-0019,2025-05-25,0.51367481315820029
AOI-0019,2025-06-15,0.5192245165787932
AOI-0019,2025-06-27,0.49330803576145499
AOI-0019,2025-06-30,0.3165310918047618
AOI-0019,2025-07-10,0.37691112075934297
AOI-0019,2025-07-14,0.26002400826260708
AOI-0019,2025-08-14,0.35516068774403481
AOI-0019,2025-08-31,0.21372347279437537
AOI-0019,2025-09-15,0.25678340223270396
AOI-0019,2025-09-23,0.22745638780482935
AOI-0019,2025-09-24,0.22745638780482935
AOI-0019,2025-10-18,0.24620450000335914
AOI-0020,2025-04-18,0.26401573533395073
AOI-0020,2025-04-23,0.29364393034242769
AOI-0020,2025-05-03,0.40348535050023143
AOI-0020,2025-06-03,0.64754731950789246
AOI-0020,2025-06-11,0.31189230971724102
AOI-0020,2025-07-12,0.35464311125248571
AOI-0020,2025-07-21,0.32108492864128191
AOI-0020,2025-07-29,0.28925495615666802
AOI-0020,2025-07-30,0.28925495615666802
AOI-0020,2025-08-19,0.24199958505545943
AOI-0020,2025-10-13,0.19792122857283415
AOI-0021,2025-04-28,0.51699741944392308
AOI-0021,2025-05-27,0.47463113204577201
AOI-0021,2025-06-03,0.46753397714001066
AOI-0021,2025-07-06,0.37044992357719575
AOI-0021,2025-07-18,0.36377690871706914
AOI-0021,2025-07-29,0.3217512068013903
AOI-0021,2025-08-07,0.24144960870889925
AOI-0021,2025-08-22,0.26047390898345302
AOI-0021,2025-08-30,0.24181928126190186
AOI-0021,2025-09-15,0.26934197127678
AOI-0021,2025-09-24,0.21704800132205693
AOI-0021,2025-10-03,0.20343346353519454
AOI-0022,2025-04-01,0.52314913134875263
AOI-0022,2025-05-03,0.8319586322552438
AOI-0022,2025-05-06,0.8555351506785509
AOI-0022,2025-05-25,0.87714335001636701
AOI-0022,2025-05-28,0.87714335001636701
AOI-0022,2025-07-08,0.17303759661184809
AOI-0022,2025-07-17,0.14378565895627221
AOI-0022,2025-07-21,0.13766060671711894
AOI-0022,2025-08-27,0.14050910958625884
AOI-0022,2025-08-31,0.16349621262706115
AOI-0022,2025-09-23,0.16499197184834608
AOI-0022,2025-09-24,0.16499197184834608
AOI-0022,2025-09-30,0.19110596601573138
AOI-0023,2025-04-16,0.18360649399898588
AOI-0023,2025-04-17,0.18360649399898588
AOI-0023,2025-04-24,0.2802458963595339
AOI-0023,2025-05-01,0.23604662719548242
AOI-0023,2025-05-04,0.22668472715175564
AOI-0023,2025-06-27,0.79868626507514739
AOI-0023,2025-07-05,0.74520688460820184
AOI-0023,2025-07-14,0.32412775631360574
AOI-0023,2025-07-15,0.32412775631360574
AOI-0023,2025-08-14,0.23370717071766101
AOI-0023,2025-08-22,0.17614074922735695
AOI-0023,2025-08-30,0.17202095988980975
AOI-0023,2025-09-21,0.18262394002451679
AOI-0023,2025-09-23,0.18262394002451679
AOI-0023,2025-10-17,0.17817036508273854
AOI-0024,2025-04-07,0.18923288304129871
AOI-0024,2025-04-23,0.21033474534652785
AOI-0024,2025-05-25,0.28542936331649515
AOI-0024,2025-05-28,0.32029726372177325
AOI-0024,2025-06-05,0.33709248070625569
AOI-0024,2025-07-03,0.60864720573165654
AOI-0024,2025-07-21,0.39387887571776253
AOI-0024,2025-07-25,0.26387033536651172
AOI-0024,2025-08-06,0.36278456738597198
AOI-0024,2025-08-09,0.29128430229247637
AOI-0024,2025-09-14,0.22125664724607719
AOI-0024,2025-09-21,0.20476255619056161
AOI-0024,2025-09-30,0.11016104311312705
AOI-0024,2025-10-02,0.11016104311312705
AOI-0024,2025-10-18,0.2264270430325519
AOI-0025,2025-04-14,0.27003553473772351
AOI-0025,2025-04-23,0.19447539361532273
AOI-0025,2025-04-24,0.19447539361532273
AOI-0025,2025-04-29,0.19447539361532273
AOI-0025,2025-05-09,0.18388094150719481
AOI-0025,2025-06-03,0.30316312493969055
AOI-0025,2025-06-13,0.25268000116540046
AOI-0025,2025-06-27,0.2371942534654117
AOI-0025,2025-07-21,0.13982091631241023
AOI-0025,2025-08-07,0.18136064030994245
AOI-0025,2025-08-30,0.14684566431048524
AOI-0025,2025-09-07,0.13847047000036805
AOI-0025,2025-09-14,0.1897079180469525
AOI-0025,2025-10-17,0.50644801665844874
AOI-0026,2025-04-07,0.46407675719342295
AOI-0026,2025-04-24,0.90541659466170454
AOI-0026,2025-05-09,0.90016044791930927
AOI-0026,2025-06-13,0.56643332244725797
AOI-0026,2025-07-08,0.26982370145548007
AOI-0026,2025-07-10,0.26982370145548007
AOI-0026,2025-07-12,0.26982370145548007
AOI-0026,2025-07-13,0.26982370145548007
AOI-0026,2025-07-18,0.26982370145548007
AOI-0026,2025-07-30,0.18337453241435803
AOI-0026,2025-08-19,0.11722640974414364
AOI-0026,2025-09-08,0.14747716669669045
AOI-0026,2025-09-23,0.14764899095445325
AOI-0026,2025-09-30,0.24628292929582202
AOI-0027,2025-04-16,0.78821496664281621
AOI-0027,2025-04-24,0.84174411159022022
AOI-0027,2025-06-13,0.57152205660842204
AOI-0027,2025-06-27,0.35906059097834681
AOI-0027,2025-07-05,0.35906059097834681
AOI-0027,2025-07-12,0.23854339845405403
AOI-0027,2025-07-13,0.23854339845405403
AOI-0027,2025-07-23,0.2710889868523218
AOI-0027,2025-07-29,0.2346346864458749
AOI-0027,2025-08-19,0.29562552928496433
AOI-0027,2025-08-30,0.19948580019262724
AOI-0027,2025-09-16,0.23790061624930786
AOI-0027,2025-10-16,0.60778672761112251
AOI-0028,2010-04-07,0.57543696152943025
AOI-0028,2010-04-15,0.57543696152943025
AOI-0028,2010-10-24,0.15489149962995036
AOI-0028,2011-05-25,0.40587244812261436
AOI-0028,2011-07-28,0.65900040215715805
AOI-0028,2011-08-08,0.52514595795618391
AOI-0028,2011-10-11,0.32634826217549889
AOI-0028,2012-04-22,0.71562224185175127
AOI-0028,2012-09-27,0.22084774726453554
AOI-0028,2012-10-15,0.20721526200146584
AOI-0028,2013-04-07,0.20721526200146584
AOI-0028,2013-06-10,0.29271839785877368
AOI-0028,2013-06-26,0.29271839785877368
AOI-0028,2013-08-29,0.27985785956686515
AOI-0028,2014-04-07,0.48478330271500991
AOI-0028,2014-05-04,0.92117349281270122
AOI-0028,2014-07-28,0.22547586409605475
AOI-0028,2014-10-11,0.19858376338517289
AOI-0028,2015-04-13,0.28580307873846822
AOI-0028,2015-08-27,0.35458199957090764
AOI-0028,2015-09-28,0.18330572932020761
AOI-0028,2016-04-07,0.7937382750482731
AOI-0028,2016-04-23,0.8613619180433385
AOI-0028,2016-06-09,0.68138650071557672
AOI-0028,2016-06-10,0.68138650071557672
AOI-0028,2016-06-25,0.41245890414766917
AOI-0028,2016-07-27,0.25188020114623677
AOI-0028,2016-09-06,0.18756706942592827
AOI-0028,2017-04-26,0.34822224386235356
AOI-0028,2017-07-23,0.19086205992462335
AOI-0028,2017-08-09,0.15829323409424625
AOI-0028,2017-08-13,0.15829323409424625
AOI-0028,2017-08-29,0.19646597564659354
AOI-0028,2017-09-17,0.26313997314298432
AOI-0028,2018-05-11,0.89257144867711158
AOI-0028,2018-08-19,0.19327641224622388
AOI-0028,2018-08-29,0.17488842466522414
AOI-0028,2018-09-12,0.18637771629045366
AOI-0028,2018-10-08,0.18227064400185469
AOI-0028,2019-04-06,0.21432953553871936
AOI-0028,2019-05-02,0.16555429716452605
AOI-0028,2019-05-25,0.17132505568006595
AOI-0028,2019-06-27,0.20734653304552059
AOI-0028,2019-08-09,0.24255775945433067
AOI-0028,2019-08-24,0.19060305396630331
AOI-0028,2019-10-17,0.70825437485554132
AOI-0028,2020-04-25,0.82701349716091377
AOI-0028,2020-05-04,0.8946864343385823
AOI-0028,2020-05-08,0.8946864343385823
AOI-0028,2020-05-30,0.84380167341215762
AOI-0028,2020-07-14,0.260998024343502
AOI-0028,2020-08-03,0.19335364553437373
AOI-0028,2020-08-08,0.19335364553437373
AOI-0028,2020-09-02,0.14827405957539636
AOI-0028,2020-09-13,0.1470633933811441
AOI-0028,2021-06-14,0.82441034344039832
AOI-0028,2021-06-16,0.82441034344039832
AOI-0028,2021-06-24,0.83120836792305031
AOI-0028,2021-06-26,0.83120836792305031
AOI-0028,2021-07-24,0.7714694847594854
AOI-0028,2021-10-27,0.35132987825757811
AOI-0028,2022-04-07,0.54764347873000219
AOI-0028,2022-04-23,0.76630332314611449
AOI-0028,2022-06-09,0.87125012299933546
AOI-0028,2022-06-29,0.36540974917830649
AOI-0028,2022-07-28,0.12362757231147606
AOI-0028,2022-08-03,0.13294177804746304
AOI-0028,2022-08-08,0.13294177804746304
AOI-0028,2022-08-30,0.17620654932858654
AOI-0028,2022-10-01,0.19128556894872106
AOI-0028,2023-04-07,0.24632126566800389
AOI-0028,2023-04-11,0.24632126566800389
AOI-0028,2023-05-05,0.2888598908470133
AOI-0028,2023-05-09,0.2888598908470133
AOI-0028,2023-06-09,0.30314934555824313
AOI-0028,2023-08-06,0.13530655797071056
AOI-0028,2023-08-23,0.16655533262097394
AOI-0028,2023-08-29,0.13023839874576421
AOI-0028,2023-09-22,0.20931970624476315
AOI-0028,2023-09-24,0.20931970624476315
AOI-0028,2023-09-30,0.18607469954506539
AOI-0028,2024-05-07,0.90944459768089714
AOI-0028,2024-05-23,0.76335843764222955
AOI-0028,2024-05-24,0.76335843764222955
AOI-0028,2024-07-27,0.17710823196833286
AOI-0028,2024-08-03,0.17710823196833286
AOI-0028,2024-08-12,0.14503429308371185
AOI-0028,2024-09-11,0.15675834096228297
AOI-0028,2024-09-16,0.17833548843289987
AOI-0028,2025-04-07,0.1366574417124401
AOI-0028,2025-05-24,0.63074927009768333
AOI-0028,2025-05-31,0.69009593179479412
AOI-0028,2025-06-11,0.64031031484228873
AOI-0028,2025-06-26,0.6144940616718878
AOI-0028,2025-06-27,0.6144940616718878
AOI-0028,2025-07-10,0.29775340396235428
AOI-0028,2025-07-13,0.20610350017171675
AOI-0028,2025-07-23,0.20419290073982044
AOI-0028,2025-08-13,0.17982244017604476
AOI-0028,2025-09-08,0.19946425711732696
AOI-0028,2025-09-11,0.19946425711732696
AOI-0028,2025-10-16,0.25963957156126921
AOI-0028,2025-10-28,0.20702886055433012
AOI-0029,2025-04-04,0.62433741036858836
AOI-0029,2025-04-24,0.89261294743872754
AOI-0029,2025-06-08,0.57720657569693978
AOI-0029,2025-06-10,0.57720657569693978
AOI-0029,2025-06-11,0.57720657569693978
AOI-0029,2025-06-13,0.57720657569693978
AOI-0029,2025-07-29,0.11758243886395114
AOI-0029,2025-08-02,0.14661939822060016
AOI-0029,2025-08-19,0.11354815976336205
AOI-0029,2025-09-11,0.14871678597186536
AOI-0029,2025-09-16,0.14846204829078261
AOI-0030,2025-04-21,0.60768058099123501
AOI-0030,2025-04-24,0.68715459008506863
AOI-0030,2025-06-10,0.77705284896636606
AOI-0030,2025-08-07,0.7143436289648829
AOI-0031,2010-06-04,0.60689894321150217
AOI-0031,2010-09-14,0.12637623882468391
AOI-0031,2011-04-23,0.22417168007581795
AOI-0031,2011-06-10,0.46998537918328476
AOI-0031,2011-07-09,0.25751122387802472
AOI-0031,2011-08-11,0.23200233156963346
AOI-0031,2011-08-18,0.2468618259772665
AOI-0031,2011-08-19,0.2468618259772665
AOI-0031,2011-09-19,0.26051567429683797
AOI-0031,2012-04-06,0.28751405993431844
AOI-0031,2012-04-15,0.28751405993431844
AOI-0031,2013-04-07,0.54269921493692119
AOI-0031,2013-05-09,0.64661126692507764
AOI-0031,2013-05-12,0.63779789314592628
AOI-0031,2013-05-25,0.53635872625777425
AOI-0031,2013-06-12,0.25268420149170939
AOI-0031,2013-06-28,0.22840329332437195
AOI-0031,2013-07-23,0.25228215004361138
AOI-0031,2013-08-13,0.20971235903513313
AOI-0031,2013-10-16,0.27975733550270288
AOI-0031,2014-05-23,0.4159321309881297
AOI-0031,2014-06-23,0.32413663580871921
AOI-0031,2014-07-17,0.18788770317578873
AOI-0031,2014-07-28,0.17531292933240916
AOI-0031,2014-08-02,0.17531292933240916
AOI-0031,2014-08-13,0.17652633296358419
AOI-0031,2014-10-14,0.203220495818415
AOI-0031,2015-09-22,0.23134170447753299
AOI-0031,2015-10-16,0.18961983037425956
AOI-0031,2016-04-01,0.30103020308169626
AOI-0031,2016-04-17,0.39494701635130158
AOI-0031,2016-04-22,0.49954339011254018
AOI-0031,2016-05-03,0.62855269417044002
AOI-0031,2016-05-24,0.69462514799384623
AOI-0031,2016-06-09,0.69462514799384623
AOI-0031,2016-06-12,0.69462514799384623
AOI-0031,2016-06-20,0.44893325876953621
AOI-0031,2016-06-25,0.340012882567858
AOI-0031,2016-07-30,0.25584457430545748
AOI-0031,2017-05-06,0.7188258967735226
AOI-0031,2017-06-07,0.71333328013208797
AOI-0031,2017-08-03,0.20714309959053664
AOI-0031,2017-08-13,0.16863373289002004
AOI-0031,2017-09-04,0.18306399037388638
AOI-0031,2017-09-22,0.28015695407448044
AOI-0031,2018-04-23,0.44024695917671242
AOI-0031,2018-05-02,0.72037629493735733
AOI-0031,2018-05-18,0.60260629503386942
AOI-0031,2018-06-03,0.24442950336709465
AOI-0031,2018-06-10,0.24442950336709465
AOI-0031,2018-06-11,0.24442950336709465
AOI-0031,2018-07-13,0.3552135230961635
AOI-0031,2018-09-06,0.19961533648637744
AOI-0031,2018-09-14,0.19961533648637744
AOI-0031,2018-10-07,0.21044530835475317
AOI-0031,2018-10-12,0.23645746226064274
AOI-0031,2019-04-10,0.58528345847054219
AOI-0031,2019-06-14,0.18545270673643699
AOI-0031,2019-06-22,0.17191648097517695
AOI-0031,2019-07-09,0.1777135914934905
AOI-0031,2019-07-23,0.21186747619164459
AOI-0031,2019-08-08,0.44511011595681527
AOI-0031,2019-08-31,0.25865460081787439
AOI-0031,2019-09-17,0.23188507393161578
AOI-0031,2019-10-03,0.22860351675396723
AOI-0031,2019-10-10,0.35774628442041928
AOI-0031,2019-10-12,0.47940387997659406
AOI-0031,2019-10-22,0.4071271951202084
AOI-0031,2020-04-13,0.44851284603524599
AOI-0031,2020-06-01,0.50898983226518801
AOI-0031,2020-06-06,0.51640323338973038
AOI-0031,2020-07-11,0.12470981580521925
AOI-0031,2020-07-18,0.13776826327039793
AOI-0031,2020-07-28,0.15786453829013114
AOI-0031,2020-08-07,0.1276802068686724
AOI-0031,2020-08-17,0.11622824597413965
AOI-0031,2020-08-22,0.13550122891849301
AOI-0031,2020-09-27,0.12655960249415416
AOI-0031,2020-10-13,0.062194873437640803
AOI-0031,2020-10-19,0.1470623505305928
AOI-0031,2020-10-21,0.1470623505305928
AOI-0031,2021-04-07,0.1174184981004477
AOI-0031,2021-05-17,0.36128182136765152
AOI-0031,2021-06-11,0.22451931031491867
AOI-0031,2021-07-01,0.11928007349534575
AOI-0031,2021-07-16,0.14546758512607538
AOI-0031,2021-07-21,0.085511946997833141
AOI-0031,2021-08-06,0.1329960942313872
AOI-0031,2021-08-25,0.15361959170192679
AOI-0031,2021-08-30,0.1547473972242239
AOI-0031,2022-05-14,0.88384609200354336
AOI-0031,2022-06-10,0.73300006443900778
AOI-0031,2022-06-11,0.73300006443900778
AOI-0031,2022-06-20,0.35345894048522364
AOI-0031,2022-06-21,0.35345894048522364
AOI-0031,2022-07-08,0.21558386236314239
AOI-0031,2022-07-12,0.21558386236314239
AOI-0031,2022-09-08,0.14715643909704129
AOI-0031,2022-09-09,0.14715643909704129
AOI-0031,2022-09-10,0.14715643909704129
AOI-0031,2022-09-11,0.14715643909704129
AOI-0031,2022-09-26,0.18290056163706131
AOI-0031,2022-09-29,0.18290056163706131
AOI-0031,2023-04-04,0.37428122105636763
AOI-0031,2023-04-27,0.46821204617071244
AOI-0031,2023-05-17,0.45715507546144707
AOI-0031,2023-06-17,0.21637804580870601
AOI-0031,2023-06-23,0.26753048423505699
AOI-0031,2023-06-26,0.27151515871091675
AOI-0031,2023-07-11,0.3269671178340815
AOI-0031,2023-08-15,0.26145764901491769
AOI-0031,2023-09-19,0.22182100137578709
AOI-0031,2023-09-20,0.22182100137578709
AOI-0031,2023-09-30,0.17624020063735252
AOI-0031,2023-10-15,0.1350901526488634
AOI-0031,2023-10-24,0.15769607220814075
AOI-0031,2024-05-03,0.2196605744139728
AOI-0031,2024-06-02,0.20917307500033738
AOI-0031,2024-07-02,0.16662457286903551
AOI-0031,2024-07-10,0.14929044315629542
AOI-0031,2024-07-13,0.123050911245423
AOI-0031,2024-08-09,0.12464340304467394
AOI-0031,2024-08-16,0.16142748680167385
AOI-0031,2024-08-26,0.1774747845711058
AOI-0031,2025-04-19,0.50089093352008263
AOI-0031,2025-04-23,0.56190101411991611
AOI-0031,2025-06-21,0.47184932721204442
AOI-0031,2025-07-12,0.2144433031608021
AOI-0031,2025-07-15,0.21763467386133831
AOI-0031,2025-08-06,0.20785764996371919
AOI-0031,2025-08-09,0.20785764996371919
AOI-0031,2025-09-08,0.13416179477078696
AOI-0031,2025-09-15,0.18651304371750005
AOI-0031,2025-09-17,0.18651304371750005
AOI-0031,2025-10-02,0.1995011383597721
AOI-0031,2025-10-22,0.2368353185282594
AOI-0032,2010-06-04,0.32033047553581195
AOI-0032,2010-06-10,0.20893599910823757
AOI-0032,2010-06-20,0.23282701633719549
AOI-0032,2010-07-12,0.15801847045906392
AOI-0032,2010-08-16,0.13023859039941935
AOI-0032,2010-09-14,0.13836076402961295
AOI-0032,2010-09-30,0.19085281731921971
AOI-0032,2011-07-12,0.2162962888280843
AOI-0032,2011-08-29,0.18941860986698444
AOI-0032,2011-09-11,0.18941860986698444
AOI-0032,2011-09-28,0.22688382157545284
AOI-0032,2012-04-06,0.21653643951651586
AOI-0032,2012-05-01,0.49521226591760303
AOI-0032,2012-06-25,0.33807894956954687
AOI-0032,2012-10-08,0.13696403059672529
AOI-0032,2013-05-19,0.43775733126074623
AOI-0032,2013-05-20,0.43775733126074623
AOI-0032,2013-06-10,0.32684881113094166
AOI-0032,2013-06-12,0.32684881113094166
AOI-0032,2013-06-13,0.32684881113094166
AOI-0032,2013-07-22,0.31487223916534857
AOI-0032,2013-07-30,0.38180721487935376
AOI-0032,2013-08-13,0.25232653584181192
AOI-0032,2013-08-29,0.24133040241958245
AOI-0032,2013-09-14,0.24133040241958245
AOI-0032,2014-06-16,0.25757219858896568
AOI-0032,2014-06-26,0.17415796781073722
AOI-0032,2014-07-12,0.13911239459611296
AOI-0032,2014-09-03,0.17320866418202674
AOI-0032,2015-04-23,0.17110491784832285
AOI-0032,2015-06-18,0.51597714447124288
AOI-0032,2015-07-13,0.27506628940429528
AOI-0032,2015-09-15,0.22703810743457797
AOI-0032,2015-09-23,0.17835052071567964
AOI-0032,2015-09-30,0.17835052071567964
AOI-0032,2016-04-06,0.20006174221868114
AOI-0032,2016-04-10,0.20036849760599473
AOI-0032,2016-05-03,0.30541270287141076
AOI-0032,2016-06-09,0.34170786059647112
AOI-0032,2016-06-28,0.2131025976304792
AOI-0032,2016-07-15,0.18744569869223784
AOI-0032,2016-07-30,0.19645644233004944
AOI-0032,2016-08-16,0.17617132272335989
AOI-0032,2016-09-09,0.17121578357233916
AOI-0032,2016-10-18,0.43597475085552562
AOI-0032,2017-04-04,0.47759365617531602
AOI-0032,2017-04-28,0.68692769505742235
AOI-0032,2017-05-09,0.7899034175704569
AOI-0032,2017-07-02,0.25981852681232087
AOI-0032,2017-08-02,0.1696001157016348
AOI-0032,2017-08-11,0.14536208912222159
AOI-0032,2017-08-19,0.15365262645702854
AOI-0032,2017-08-27,0.13326884003413195
AOI-0032,2017-09-03,0.18048760790450541
AOI-0032,2017-09-12,0.18874305294359717
AOI-0032,2018-04-15,0.20604911144291729
AOI-0032,2018-06-10,0.18056485255634358
AOI-0032,2018-06-19,0.15396648620453041
AOI-0032,2018-09-14,0.15988729140206626
AOI-0032,2018-09-23,0.21103800246446625
AOI-0032,2018-09-30,0.21103800246446625
AOI-0032,2018-10-07,0.21419716915767575
AOI-0032,2018-10-12,0.28506191790932622
AOI-0032,2019-04-26,0.68772933978432205
AOI-0032,2019-04-28,0.745978261089012
AOI-0032,2019-05-18,0.78936156261080748
AOI-0032,2019-05-20,0.78936156261080748
AOI-0032,2019-05-30,0.66042249585123525
AOI-0032,2019-06-14,0.16860300121025174
AOI-0032,2019-06-19,0.1957875146926642
AOI-0032,2019-07-23,0.040352169081451096
AOI-0032,2019-09-25,0.19769913441085313
AOI-0032,2019-10-05,0.1582829186357835
AOI-0032,2019-10-11,0.095634588871735954
AOI-0032,2019-10-25,0.32890363214059148
AOI-0032,2019-10-28,0.43407004407046057
AOI-0032,2020-05-27,0.44984476686835578
AOI-0032,2020-05-30,0.39332394027908374
AOI-0032,2020-06-24,0.27060572398137767
AOI-0032,2020-06-26,0.20949045156291568
AOI-0032,2020-08-05,0.16204998922457992
AOI-0032,2020-08-07,0.16204998922457992
AOI-0032,2020-09-13,0.12313713013326899
AOI-0032,2020-09-28,0.14698285176379905
AOI-0032,2020-09-29,0.14698285176379905
AOI-0032,2020-10-05,0.14698285176379905
AOI-0032,2020-10-06,0.14698285176379905
AOI-0032,2020-10-24,0.19504625603231196
AOI-0032,2021-04-04,0.19874974054597733
AOI-0032,2021-04-23,0.085670999161076261
AOI-0032,2021-05-01,0.085670999161076261
AOI-0032,2021-05-25,0.17288110791062983
AOI-0032,2021-06-18,0.19676687526724684
AOI-0032,2021-07-01,0.13241898246276923
AOI-0032,2021-07-18,0.14275978997086936
AOI-0032,2021-09-06,0.16050768798935855
AOI-0032,2021-09-15,0.083223572738153201
AOI-0032,2021-10-08,0.31890131351777845
AOI-0032,2022-04-26,0.79080932740401
AOI-0032,2022-05-09,0.85721645052601736
AOI-0032,2022-05-13,0.85881661379052021
AOI-0032,2022-05-29,0.85082222250696882
AOI-0032,2022-06-06,0.73489140219924387
AOI-0032,2022-06-13,0.61810773057631541
AOI-0032,2022-06-30,0.30245270967944105
AOI-0032,2022-08-01,0.10664819214905011
AOI-0032,2022-08-02,0.10664819214905011
AOI-0032,2022-08-15,0.13244515713723151
AOI-0032,2022-08-24,0.1286442290100541
AOI-0032,2022-08-29,0.11733105498845439
AOI-0032,2022-09-11,0.17343988649777864
AOI-0032,2023-04-07,0.1978982660096941
AOI-0032,2023-04-12,0.1978982660096941
AOI-0032,2023-05-12,0.35938692906045022
AOI-0032,2023-05-15,0.35938692906045022
AOI-0032,2023-05-24,0.34390238042099741
AOI-0032,2023-06-06,0.38450396664820508
AOI-0032,2023-06-18,0.59734916334591559
AOI-0032,2023-07-26,0.16698431267300484
AOI-0032,2023-07-28,0.24420028143712064
AOI-0032,2023-08-08,0.24845731018341274
AOI-0032,2023-09-01,0.25200482529519119
AOI-0032,2023-09-11,0.26474043360585442
AOI-0032,2023-09-24,0.21475622733957325
AOI-0032,2024-04-07,0.18181555274923844
AOI-0032,2024-05-06,0.19403202404477898
AOI-0032,2024-06-03,0.19180133004775204
AOI-0032,2024-07-12,0.19232762681499266
AOI-0032,2024-07-25,0.15303029333055068
AOI-0032,2024-07-30,0.16119035709762691
AOI-0032,2024-08-22,0.13928456239780934
AOI-0032,2024-08-30,0.13636769073905919
AOI-0032,2024-09-13,0.1550015257343299
AOI-0032,2024-09-18,0.13869891650914684
AOI-0032,2024-10-05,0.1478390227223334
AOI-0032,2024-10-15,0.14442576683298605
AOI-0032,2024-10-23,0.14442576683298605
AOI-0032,2025-05-06,0.6803636447419914
AOI-0032,2025-05-28,0.73503200077059772
AOI-0032,2025-06-30,0.29257248929784252
AOI-0032,2025-07-07,0.23272770835272466
AOI-0032,2025-07-10,0.19206346427810878
AOI-0032,2025-08-13,0.15327912719756409
AOI-0032,2025-08-16,0.15301331909611959
AOI-0032,2025-08-24,0.18286394285256441
AOI-0032,2025-08-31,0.17255465843570486
AOI-0032,2025-09-03,0.14558834856859015
AOI-0032,2025-10-08,0.1846858670720628
AOI-0033,2025-04-28,0.21153363376714357
AOI-0033,2025-05-20,0.21160909313428605
AOI-0033,2025-06-10,0.63613114721657649
AOI-0033,2025-06-22,0.72359198378723111
AOI-0033,2025-07-05,0.46902678640252338
AOI-0033,2025-07-10,0.35443114710384171
AOI-0033,2025-09-15,0.35439486178835966
AOI-0034,2025-04-25,0.1602302086009251
AOI-0034,2025-05-06,0.22648801471551094
AOI-0034,2025-05-09,0.18876045929482585
AOI-0034,2025-06-10,0.20334291366477836
AOI-0034,2025-06-15,0.1791259498717887
AOI-0034,2025-06-21,0.11751390694881304
AOI-0034,2025-07-07,0.15283567126309816
AOI-0034,2025-07-10,0.14532171389891971
AOI-0034,2025-07-16,0.12015629899448421
AOI-0034,2025-08-31,0.1607207635549289
AOI-0034,2025-09-13,0.18635894825030774
AOI-0034,2025-09-23,0.16570413411691742
AOI-0034,2025-10-02,0.30287742551099028
AOI-0034,2025-10-16,0.49490261251663425
AOI-0035,2025-05-16,0.12980277052736328
AOI-0035,2025-05-20,0.12980277052736328
AOI-0035,2025-06-05,0.17274636531690063
AOI-0035,2025-06-07,0.20700653744272568
AOI-0035,2025-06-10,0.20700653744272568
AOI-0035,2025-07-30,0.14954001325221619
AOI-0035,2025-08-31,0.14862642963562106
AOI-0035,2025-09-26,0.17772772856168079
AOI-0035,2025-09-28,0.17772772856168079
AOI-0035,2025-10-02,0.2216766896364698
AOI-0035,2025-10-30,0.41827289068831142
AOI-0036,2025-05-16,0.60147352127892373
AOI-0036,2025-07-16,0.19560487564041154
AOI-0036,2025-08-01,0.21425202502836621
AOI-0036,2025-08-09,0.20710093567830129
AOI-0036,2025-08-23,0.15917276918530071
AOI-0036,2025-10-02,0.21361395452030374
AOI-0037,2025-04-07,0.39747713106354393
AOI-0037,2025-04-16,0.39747713106354393
AOI-0037,2025-05-23,0.63264301971085191
AOI-0037,2025-06-30,0.39695131437302122
AOI-0037,2025-07-14,0.23757405525408531
AOI-0037,2025-07-23,0.29025741278857686
AOI-0037,2025-08-09,0.27923947462346349
AOI-0037,2025-08-16,0.25691985419155688
AOI-0037,2025-09-12,0.24365831442918845
AOI-0037,2025-09-13,0.24365831442918845
AOI-0037,2025-09-23,0.21737846456778653
AOI-0037,2025-09-26,0.19901790599836774
AOI-0037,2025-09-30,0.20589799455590763
AOI-0037,2025-10-05,0.21298010925186989
AOI-0038,2025-04-07,0.38027487904924806
AOI-0038,2025-04-25,0.50124845645826643
AOI-0038,2025-06-14,0.48256804700036038
AOI-0038,2025-07-10,0.2190191330448609
AOI-0038,2025-07-15,0.20773809451213571
AOI-0038,2025-08-14,0.22486912916722007
AOI-0038,2025-09-02,0.18604892280343729
AOI-0038,2025-10-05,0.22895370718771979
AOI-0038,2025-10-08,0.22895370718771979
AOI-0038,2025-10-16,0.22895370718771979
AOI-0039,2025-05-04,0.72992080880855037
AOI-0039,2025-05-08,0.65402259643798832
AOI-0039,2025-05-28,0.66972170959151522
AOI-0039,2025-07-10,0.45453183264186436
AOI-0039,2025-08-06,0.30567950258518539
AOI-0039,2025-08-24,0.36531026410886425
AOI-0039,2025-09-08,0.30162536749791713
AOI-0039,2025-09-12,0.33109912240304884
AOI-0039,2025-09-14,0.32780778082497186
AOI-0039,2025-09-26,0.31469019038627033
AOI-0039,2025-10-23,0.44807336105219897
AOI-0040,2025-04-02,0.23349103796372939
AOI-0040,2025-04-03,0.23349103796372939
AOI-0040,2025-05-06,0.71050722203741501
AOI-0040,2025-06-07,0.65085262626392548
AOI-0040,2025-07-08,0.21596438759954856
AOI-0040,2025-09-12,0.18209275879342335
AOI-0040,2025-09-13,0.18209275879342335
AOI-0040,2025-09-28,0.16068726241204606
AOI-0040,2025-09-30,0.16068726241204606
AOI-0040,2025-10-02,0.16068726241204606
AOI-0041,2025-04-23,0.63976885599592814
AOI-0041,2025-05-20,0.61082602385386719
AOI-0041,2025-06-22,0.42485737204966123
AOI-0041,2025-06-27,0.35170900854821835
AOI-0041,2025-07-23,0.28119243018851126
AOI-0041,2025-08-19,0.24865118764141819
AOI-0041,2025-09-30,0.21365913598632799
AOI-0042,2025-04-18,0.17507945486610593
AOI-0042,2025-05-04,0.15920533078899551
AOI-0042,2025-06-13,0.18246409074619768
AOI-0042,2025-07-14,0.12750759780251897
AOI-0042,2025-07-16,0.11441535770094956
AOI-0042,2025-07-24,0.14968436689111395
AOI-0042,2025-08-17,0.12079428699023045
AOI-0042,2025-08-19,0.12079428699023045
AOI-0042,2025-08-24,0.14477845725005264
AOI-0042,2025-08-29,0.14213070296212765
AOI-0042,2025-09-15,0.15800018991380987
AOI-0042,2025-09-17,0.15800018991380987
AOI-0042,2025-10-02,0.17573992058393115
AOI-0043,2025-04-24,0.30971597497890113
AOI-0043,2025-04-29,0.18916113692664305
AOI-0043,2025-05-31,0.22193758526030988
AOI-0043,2025-06-08,0.15528647552036745
AOI-0043,2025-06-15,0.18042644793302887
AOI-0043,2025-06-17,0.18042644793302887
AOI-0043,2025-06-25,0.18042644793302887
AOI-0043,2025-07-07,0.20492813303731419
AOI-0043,2025-07-13,0.21136300288646415
AOI-0043,2025-08-12,0.18414806457576366
AOI-0043,2025-09-24,0.1790694236232096
AOI-0043,2025-10-13,0.17494927766628385
AOI-0043,2025-10-15,0.17494927766628385
AOI-0044,2010-04-16,0.37104365167802839
AOI-0044,2010-04-25,0.36422516771162816
AOI-0044,2010-05-09,0.43743480981965116
AOI-0044,2010-05-18,0.43743480981965116
AOI-0044,2010-06-12,0.42764721756689228
AOI-0044,2010-06-20,0.49334588449131433
AOI-0044,2010-06-28,0.55218710502877821
AOI-0044,2010-07-29,0.26059561126857572
AOI-0044,2010-08-06,0.19858021084178659
AOI-0044,2010-10-16,0.21816870064168536
AOI-0044,2010-10-25,0.21816870064168536
AOI-0044,2011-07-16,0.63317032667675488
AOI-0044,2011-08-01,0.32965050781453753
AOI-0044,2011-08-02,0.32965050781453753
AOI-0044,2011-10-16,0.2738080468057334
AOI-0044,2012-04-06,0.2738080468057334
AOI-0044,2012-05-08,0.60130289768046008
AOI-0044,2013-05-02,0.29002919687716627
AOI-0044,2013-05-03,0.29002919687716627
AOI-0044,2013-05-11,0.48741212637650788
AOI-0044,2014-04-07,0.36107638581436874
AOI-0044,2014-06-06,0.25715413243883423
AOI-0044,2014-06-14,0.25474639384066122
AOI-0044,2014-06-23,0.25632714239860577
AOI-0044,2014-08-02,0.22012005477686658
AOI-0044,2014-08-09,0.22012005477686658
AOI-0044,2014-08-29,0.20576076756518519
AOI-0044,2014-09-18,0.21527658666923222
AOI-0044,2014-09-19,0.21527658666923222
AOI-0044,2014-10-04,0.20904128768950297
AOI-0044,2014-10-12,0.19179756247402951
AOI-0044,2014-10-28,0.38938392763502883
AOI-0044,2014-10-29,0.38938392763502883
AOI-0044,2015-06-26,0.54222170586457308
AOI-0044,2015-07-27,0.24323965775673889
AOI-0044,2015-07-28,0.24323965775673889
AOI-0044,2015-08-29,0.19273893359476046
AOI-0044,2015-10-08,0.28397478738497695
AOI-0044,2015-10-16,0.28397478738497695
AOI-0044,2016-04-08,0.59112827711592875
AOI-0044,2016-05-08,0.84531259695917038
AOI-0044,2016-05-11,0.86639427044914707
AOI-0044,2016-06-20,0.37055964202378888
AOI-0044,2016-06-25,0.37055964202378888
AOI-0044,2016-07-13,0.34065604227845869
AOI-0044,2016-07-27,0.29390224158926292
AOI-0044,2016-09-07,0.19483651681983488
AOI-0044,2016-09-13,0.2065585067020064
AOI-0044,2016-10-02,0.21059288509537666
AOI-0044,2016-10-26,0.25199635511482221
AOI-0044,2017-04-03,0.25199635511482221
AOI-0044,2017-04-04,0.25199635511482221
AOI-0044,2017-04-12,0.17286865721612082
AOI-0044,2017-06-27,0.28766139971947591
AOI-0044,2017-06-30,0.28766139971947591
AOI-0044,2017-08-10,0.17560499319093104
AOI-0044,2017-09-14,0.15136123143062924
AOI-0044,2018-04-06,0.50014005853765142
AOI-0044,2018-07-12,0.23288513496593582
AOI-0044,2018-07-19,0.23288513496593582
AOI-0044,2018-09-30,0.1724996516037271
AOI-0044,2019-04-25,0.394949905409538
AOI-0044,2019-04-26,0.394949905409538
AOI-0044,2019-06-02,0.68383293370273734
AOI-0044,2019-06-12,0.49211713459215606
AOI-0044,2019-06-20,0.37819115768328515
AOI-0044,2019-08-13,0.38327263579055437
AOI-0044,2019-09-10,0.22733606989311933
AOI-0044,2019-09-15,0.19706252516377379
AOI-0044,2019-09-16,0.19706252516377379
AOI-0044,2019-10-10,0.18971299036426034
AOI-0044,2020-04-17,0.2136888679724899
AOI-0044,2020-04-22,0.19748505201265071
AOI-0044,2020-05-17,0.3129525257480027
AOI-0044,2020-06-30,0.11842309265120099
AOI-0044,2020-08-10,0.18537696922300018
AOI-0044,2020-09-09,0.16755011174160644
AOI-0044,2020-09-10,0.16755011174160644
AOI-0044,2020-09-26,0.14939855714850445
AOI-0044,2020-09-29,0.16046267307834644
AOI-0044,2020-10-14,0.16794765318267174
AOI-0044,2020-10-21,0.15760783982655979
AOI-0044,2021-05-12,0.76907392396763163
AOI-0044,2021-05-17,0.70078637745978123
AOI-0044,2021-05-25,0.70078637745978123
AOI-0044,2021-07-16,0.30845210811159202
AOI-0044,2021-07-21,0.15066073900745655
AOI-0044,2021-09-30,0.15970081432772304
AOI-0044,2021-10-07,0.15970081432772304
AOI-0044,2022-05-27,0.7700802893830806
AOI-0044,2022-06-06,0.75776877478831373
AOI-0044,2022-06-12,0.68476954954532077
AOI-0044,2022-07-07,0.18588921838428904
AOI-0044,2022-08-10,0.26413848420995018
AOI-0044,2022-08-13,0.26413848420995018
AOI-0044,2022-08-24,0.24813402893399295
AOI-0044,2022-09-25,0.18681957802592464
AOI-0044,2022-09-30,0.18681957802592464
AOI-0044,2023-04-02,0.22759916784896345
AOI-0044,2023-04-07,0.21715002017583374
AOI-0044,2023-06-06,0.27198642022705954
AOI-0044,2023-06-30,0.13252248191584531
AOI-0044,2023-07-05,0.1806495014554062
AOI-0044,2023-07-09,0.20918917881890361
AOI-0044,2023-07-11,0.20918917881890361
AOI-0044,2023-07-16,0.25535306854264289
AOI-0044,2023-07-25,0.1474294694948548
AOI-0044,2023-08-05,0.18473697068329459
AOI-0044,2023-08-25,0.17481920262092276
AOI-0044,2023-09-30,0.13699626055943528
AOI-0044,2023-10-14,0.41798472263184322
AOI-0044,2024-04-06,0.78520551584455656
AOI-0044,2024-04-14,0.83947152744374676
AOI-0044,2024-06-05,0.63800148925512479
AOI-0044,2024-09-06,0.15380367314066615
AOI-0044,2024-09-21,0.16157198848867821
AOI-0044,2025-04-02,0.22898379951659645
AOI-0044,2025-05-20,0.2337391484417643
AOI-0044,2025-07-06,0.13882080881668715
AOI-0044,2025-07-10,0.1856065745603038
AOI-0044,2025-08-14,0.21085841185505586
AOI-0044,2025-09-23,0.18997164988078241
AOI-0044,2025-10-03,0.16881613057705008
AOI-0044,2025-10-15,0.20776238107786371
AOI-0045,2025-04-26,0.22647394707625063
AOI-0045,2025-06-15,0.2258137725492334
AOI-0045,2025-06-27,0.22776789442331086
AOI-0045,2025-06-29,0.17301239604381244
AOI-0045,2025-07-31,0.13777428390165575
AOI-0045,2025-08-13,0.17067316495030327
AOI-0045,2025-08-15,0.14749288124177465
AOI-0045,2025-08-16,0.14749288124177465
AOI-0045,2025-09-30,0.18346445720572635
AOI-0045,2025-10-15,0.2026609892004593
AOI-0046,2010-06-26,0.1924619186218241
AOI-0046,2010-07-12,0.2333133328969606
AOI-0046,2010-09-14,0.38371413317954034
AOI-0046,2011-05-30,0.2931221313769376
AOI-0046,2011-08-17,0.21659663613910241
AOI-0046,2012-04-22,0.36388840531835331
AOI-0046,2012-04-29,0.36388840531835331
AOI-0046,2012-06-09,0.5704135200062056
AOI-0046,2013-04-25,0.30432608523966059
AOI-0046,2013-05-09,0.30539964126061936
AOI-0046,2013-06-11,0.57669933408813079
AOI-0046,2013-06-27,0.35323959144719169
AOI-0046,2013-07-21,0.34045087314092537
AOI-0046,2013-07-28,0.31880750421954079
AOI-0046,2013-07-30,0.31880750421954079
AOI-0046,2014-05-25,0.76844940901063219
AOI-0046,2014-05-29,0.76844940901063219
AOI-0046,2014-07-01,0.33851633112496621
AOI-0046,2014-07-12,0.33851633112496621
AOI-0046,2014-08-01,0.19220629372169221
AOI-0046,2014-08-25,0.16937224238580556
AOI-0046,2014-09-19,0.17200296502844553
AOI-0046,2015-05-17,0.24124521897963905
AOI-0046,2015-07-12,0.31572724569906729
AOI-0046,2015-09-22,0.21993737359775944
AOI-0046,2015-10-16,0.4652477489081237
AOI-0046,2016-05-02,0.82617410153481174
AOI-0046,2016-05-10,0.85033592691713467
AOI-0046,2016-05-18,0.82437661115199368
AOI-0046,2016-06-03,0.62987126260742121
AOI-0046,2016-06-09,0.62987126260742121
AOI-0046,2016-07-13,0.22549793665149481
AOI-0046,2016-07-30,0.32562249190938519
AOI-0046,2016-10-02,0.2396678629526946
AOI-0046,2016-10-17,0.35796984710666474
AOI-0046,2016-10-25,0.32875406005111224
AOI-0046,2017-04-13,0.57360513486213505
AOI-0046,2017-06-27,0.39509303346277719
AOI-0046,2017-07-02,0.38195041896839954
AOI-0046,2017-07-24,0.18595699484542885
AOI-0046,2017-08-09,0.17652408612421627
AOI-0046,2017-08-21,0.20690413129160115
AOI-0046,2017-09-10,0.29027349111139517
AOI-0046,2017-09-15,0.32262251054019936
AOI-0046,2017-10-12,0.27417229857821068
AOI-0046,2018-05-09,0.20450236154370979
AOI-0046,2018-06-01,0.18159725864301235
AOI-0046,2018-07-20,0.18138071332560915
AOI-0046,2018-08-20,0.20824175984283855
AOI-0046,2018-08-29,0.1713417339932235
AOI-0046,2018-10-15,0.15335588219308449
AOI-0046,2018-10-24,0.27839853050148389
AOI-0046,2019-04-01,0.27839853050148389
AOI-0046,2019-04-18,0.31053009361672029
AOI-0046,2019-05-19,0.77198135323469419
AOI-0046,2019-08-01,0.22276338219011671
AOI-0046,2019-09-01,0.15850018445803193
AOI-0046,2019-10-20,0.47654794856074179
AOI-0046,2020-04-04,0.81600138677607703
AOI-0046,2020-04-07,0.80500777305220339
AOI-0046,2020-05-08,0.82915716007903173
AOI-0046,2020-05-24,0.84203298725328946
AOI-0046,2020-06-09,0.72880782048121273
AOI-0046,2020-09-10,0.15737101587982855
AOI-0046,2020-09-13,0.17316925285515317
AOI-0046,2020-09-26,0.1589061123241923
AOI-0046,2020-10-21,0.14521521403127136
AOI-0046,2021-05-02,0.54798354509681879
AOI-0046,2021-05-25,0.71778521199617717
AOI-0046,2021-07-11,0.31542272335490151
AOI-0046,2021-07-28,0.23579465914879993
AOI-0046,2021-08-13,0.25221083703088837
AOI-0046,2021-08-20,0.25221083703088837
AOI-0046,2021-08-29,0.34889653992057934
AOI-0046,2021-09-06,0.26323826577217196
AOI-0046,2022-06-05,0.23396468577164747
AOI-0046,2022-07-24,0.24173902885988141
AOI-0046,2022-07-29,0.19255397897748616
AOI-0046,2022-07-30,0.19255397897748616
AOI-0046,2022-08-24,0.18643927662621534
AOI-0046,2022-08-30,0.2097365382087448
AOI-0046,2023-04-02,0.3836416143410209
AOI-0046,2023-04-29,0.8300080128492755
AOI-0046,2023-05-06,0.86918834880242679
AOI-0046,2023-06-21,0.68217682614807273
AOI-0046,2023-06-24,0.49179439144734372
AOI-0046,2023-07-22,0.20067517252756509
AOI-0046,2023-07-25,0.20067517252756509
AOI-0046,2023-08-13,0.17114348718558975
AOI-0046,2023-08-18,0.17052831622360659
AOI-0046,2023-08-25,0.17921444654967786
AOI-0046,2023-08-27,0.21264468989816226
AOI-0046,2023-08-28,0.21264468989816226
AOI-0046,2023-10-13,0.15176666890082824
AOI-0046,2023-10-29,0.46925473189079914
AOI-0046,2024-04-06,0.67577110062472023
AOI-0046,2024-05-08,0.8721172546426379
AOI-0046,2024-05-09,0.8721172546426379
AOI-0046,2024-06-01,0.79991605696510804
AOI-0046,2024-06-09,0.59800885416786065
AOI-0046,2024-07-03,0.18074562131441724
AOI-0046,2024-07-19,0.1217964471021916
AOI-0046,2024-08-09,0.22501915862911365
AOI-0046,2024-08-20,0.18360277823272192
AOI-0046,2024-08-28,0.17394188453614923
AOI-0046,2024-09-13,0.17065292689695841
AOI-0046,2024-09-22,0.16834223104555895
AOI-0046,2024-10-13,0.16367872195596
AOI-0046,2025-06-30,0.70584972206774776
AOI-0046,2025-07-15,0.46822582677181102
AOI-0046,2025-08-07,0.43104869017542291
AOI-0046,2025-08-15,0.40371660281879651
AOI-0046,2025-09-24,0.19864890702792626
AOI-0046,2025-10-02,0.19974834810493769
AOI-0047,2025-05-08,0.82457245520106415
AOI-0047,2025-05-16,0.80499335110664438
AOI-0047,2025-05-25,0.75256497623050778
AOI-0047,2025-06-15,0.39625149141076238
AOI-0047,2025-07-17,0.17878261655775324
AOI-0047,2025-07-18,0.17878261655775324
AOI-0047,2025-09-03,0.14118009138000309
AOI-0047,2025-10-15,0.15212798924691168
AOI-0047,2025-10-16,0.15212798924691168
AOI-0048,2025-04-07,0.48680419552127441
AOI-0048,2025-04-17,0.69067419553618126
AOI-0048,2025-05-09,0.58473775517984183
AOI-0048,2025-09-17,0.16838056270414942
AOI-0048,2025-09-24,0.17029906206951556
AOI-0049,2025-05-04,0.80732416433978971
AOI-0049,2025-06-26,0.26011129673728728
AOI-0049,2025-06-27,0.26011129673728728
AOI-0049,2025-07-29,0.16699782533632279
AOI-0049,2025-08-06,0.20222372765948338
AOI-0049,2025-08-12,0.21147007373610299
AOI-0049,2025-08-17,0.21151024565522702
AOI-0049,2025-09-06,0.15410877785723764
AOI-0049,2025-09-14,0.18797377485553901
AOI-0049,2025-09-26,0.23640665036510872
AOI-0049,2025-09-30,0.23640665036510872
AOI-0049,2025-10-08,0.23640665036510872
AOI-0049,2025-10-16,0.23640665036510872
AOI-0049,2025-10-28,0.23977636680625092
AOI-0050,2025-04-14,0.33252602729697878
AOI-0050,2025-04-15,0.33252602729697878
AOI-0050,2025-05-25,0.53827227292539304
AOI-0050,2025-06-27,0.55438724232679137
AOI-0050,2025-08-07,0.34910909549298269
AOI-0050,2025-08-09,0.34910909549298269
AOI-0050,2025-08-13,0.32186977066405908
AOI-0050,2025-08-17,0.32186977066405908
AOI-0050,2025-09-07,0.31530216322685967
AOI-0050,2025-09-30,0.30520784925349964
AOI-0050,2025-10-17,0.38635132739041078
AOI-0050,2025-10-28,0.3305368381021746
AOI-0051,2010-06-09,0.74034638200270608
AOI-0051,2011-06-04,0.57497311599421763
AOI-0051,2011-06-05,0.57497311599421763
AOI-0051,2011-06-12,0.75688526315789484
AOI-0051,2011-06-13,0.75688526315789484
AOI-0051,2011-09-01,0.57108257475108348
AOI-0051,2011-10-11,0.43405236842105255
AOI-0051,2012-04-27,0.63842992181592795
AOI-0051,2012-05-22,0.65325154819429165
AOI-0051,2012-08-12,0.43269635908297605
AOI-0051,2012-08-26,0.43269635908297605
AOI-0051,2012-08-28,0.43269635908297605
AOI-0051,2012-09-18,0.40779513157894731
AOI-0051,2012-10-13,0.42743749999999991
AOI-0051,2013-05-01,0.78032130415150114
AOI-0051,2013-07-19,0.38530093610588267
AOI-0051,2013-07-28,0.5443418110236109
AOI-0051,2013-08-29,0.36416839287682762
AOI-0051,2013-10-07,0.51625337202867128
AOI-0051,2013-10-16,0.4779667022980934
AOI-0051,2014-04-18,0.73403422749601788
AOI-0051,2014-06-05,0.62505078172435602
AOI-0051,2014-06-10,0.62505078172435602
AOI-0051,2014-06-28,0.61035197368421068
AOI-0051,2014-09-08,0.39692967278219848
AOI-0051,2014-09-16,0.39785486842105255
AOI-0051,2015-04-07,0.27648145526687473
AOI-0051,2015-05-23,0.74814808753348672
AOI-0051,2015-06-10,0.76113621337605408
AOI-0051,2015-06-15,0.76113621337605408
AOI-0051,2015-06-26,0.76113621337605408
AOI-0051,2015-09-14,0.34584486515271451
AOI-0051,2015-09-20,0.31859752576784939
AOI-0051,2015-10-06,0.30384884525175093
AOI-0051,2016-04-06,0.50919669444554783
AOI-0051,2016-06-25,0.50452382353575542
AOI-0051,2016-07-12,0.49994912531522334
AOI-0051,2016-08-28,0.34117391618005166
AOI-0051,2016-09-14,0.38133079550868088
AOI-0051,2016-09-29,0.38133079550868088
AOI-0051,2016-10-24,-0.24466648213453274
AOI-0051,2017-05-28,0.50285551233615311
AOI-0051,2017-06-21,0.63562884614479453
AOI-0051,2017-06-28,0.64743105263157896
AOI-0051,2017-07-06,0.64743105263157896
AOI-0051,2017-07-23,0.68975926087165562
AOI-0051,2017-09-25,0.32202057167953524
AOI-0051,2017-09-30,0.32202057167953524
AOI-0051,2017-10-16,0.20985520109331141
AOI-0051,2018-04-11,0.44408726460342435
AOI-0051,2018-04-28,0.68991389903132683
AOI-0051,2018-04-29,0.68991389903132683
AOI-0051,2018-05-30,0.70811684299930389
AOI-0051,2018-06-26,0.33120234504644891
AOI-0051,2018-07-02,0.31461920035615742
AOI-0051,2018-08-02,0.4237934722990962
AOI-0051,2018-08-18,0.37966009523265715
AOI-0051,2018-09-14,0.22547917728446826
AOI-0051,2018-09-19,0.27707117906684031
AOI-0051,2018-10-14,0.25785572480058089
AOI-0051,2019-05-17,0.82041698843638966
AOI-0051,2019-05-31,0.74344753087887328
AOI-0051,2019-06-25,0.30522197128798045
AOI-0051,2019-06-30,0.26920837098568384
AOI-0051,2019-07-29,0.40865681142055754
AOI-0051,2019-08-05,0.40865681142055754
AOI-0051,2019-08-13,0.26892426571839589
AOI-0051,2019-08-22,0.28727751810291274
AOI-0051,2019-09-13,0.35305858045997363
AOI-0051,2019-10-16,0.28214322395018365
AOI-0051,2020-04-26,0.37478674375048782
AOI-0051,2020-06-09,0.77930868675463716
AOI-0051,2020-07-04,0.50202173847270082
AOI-0051,2020-07-27,0.31737898986823099
AOI-0051,2020-08-31,0.37158816766296016
AOI-0051,2020-09-07,0.29563799817754421
AOI-0051,2020-10-27,0.2159743979835233
AOI-0051,2021-05-06,0.81437213398205288
AOI-0051,2021-06-23,0.44755590788634864
AOI-0051,2021-07-19,0.28008480455748058
AOI-0051,2021-07-28,0.29629409714155885
AOI-0051,2021-08-23,0.35878086488970296
AOI-0051,2021-08-28,0.35878086488970296
AOI-0051,2021-08-29,0.35878086488970296
AOI-0051,2021-09-03,0.35878086488970296
AOI-0051,2021-09-07,0.35878086488970296
AOI-0051,2021-10-02,0.44278471428812793
AOI-0051,2021-10-21,0.30150276986698199
AOI-0051,2022-05-09,0.28876183666392163
AOI-0051,2022-05-26,0.44382822190478877
AOI-0051,2022-05-27,0.44382822190478877
AOI-0051,2022-06-11,0.70643245626834816
AOI-0051,2022-06-19,0.66890430236881815
AOI-0051,2022-06-30,0.78881161447610515
AOI-0051,2022-07-09,0.78068765398134676
AOI-0051,2022-07-12,0.78068765398134676
AOI-0051,2022-07-22,0.67908056109502601
AOI-0051,2022-07-24,0.67908056109502601
AOI-0051,2022-07-29,0.7256385609566991
AOI-0051,2022-08-13,0.71061884249562168
AOI-0051,2022-08-28,0.47852536021608605
AOI-0051,2022-09-06,0.46761053033479311
AOI-0051,2022-09-14,0.50336945079273732
AOI-0051,2022-10-07,0.41540480480566722
AOI-0051,2022-10-15,0.27190343214013518
AOI-0051,2023-04-23,0.76790341520296135
AOI-0051,2023-07-31,0.29918828804916869
AOI-0051,2023-08-28,0.42427147093255896
AOI-0051,2023-09-09,0.26550031595707513
AOI-0051,2023-09-27,0.41863662008462921
AOI-0051,2023-10-04,0.33021882024368315
AOI-0051,2024-04-05,0.36402217163903283
AOI-0051,2024-05-04,0.45278807387510184
AOI-0051,2024-05-22,0.58250415789614485
AOI-0051,2024-06-03,0.62100302569415655
AOI-0051,2024-06-23,0.50140132240566104
AOI-0051,2024-07-28,0.41301043942651328
AOI-0051,2024-08-27,0.37529112398737774
AOI-0051,2024-09-03,0.23402948601785228
AOI-0051,2024-10-01,0.27687237697103562
AOI-0051,2024-10-05,0.27687237697103562
AOI-0051,2024-10-06,0.27687237697103562
AOI-0051,2024-10-15,0.24051783770216151
AOI-0051,2025-05-09,0.85768041205414036
AOI-0051,2025-06-10,0.50633583628985335
AOI-0051,2025-06-27,0.42868553560529055
AOI-0051,2025-07-05,0.30318095456602212
AOI-0051,2025-07-10,0.25092041353485334
AOI-0051,2025-08-05,0.19923762454028685
AOI-0051,2025-08-12,0.20414554460668335
AOI-0051,2025-09-15,0.24439628978349448
AOI-0051,2025-09-16,0.24439628978349448
AOI-0052,2025-04-19,0.25786646500535365
AOI-0052,2025-06-08,0.2924992244646189
AOI-0052,2025-06-11,0.36937688721382761
AOI-0052,2025-07-05,0.70045136651580098
AOI-0052,2025-07-18,0.38687173724331564
AOI-0052,2025-08-22,0.16176733576231284
AOI-0052,2025-08-27,0.16176733576231284
AOI-0052,2025-09-06,0.14694176875973414
AOI-0052,2025-09-14,0.16665224363723669
AOI-0052,2025-10-17,0.26332863966418679
AOI-0053,2025-04-11,0.82515248479952696
AOI-0053,2025-04-14,0.82515248479952696
AOI-0053,2025-04-16,0.82515248479952696
AOI-0053,2025-04-19,0.82515248479952696
AOI-0053,2025-04-23,0.82515248479952696
AOI-0053,2025-06-26,0.27874788377867821
AOI-0053,2025-07-28,0.16169201482432444
AOI-0053,2025-08-02,0.16783232010291274
AOI-0053,2025-08-09,0.15564815319244307
AOI-0053,2025-08-12,0.15564815319244307
AOI-0053,2025-08-29,0.16224497403744637
AOI-0053,2025-09-01,0.1769369277490733
AOI-0053,2025-09-07,0.14335857792039955
AOI-0053,2025-09-11,0.13125792364197381
AOI-0053,2025-09-14,0.13125792364197381
AOI-0053,2025-09-15,0.13125792364197381
AOI-0053,2025-09-21,0.173001824919787
AOI-0053,2025-09-26,0.21716419370165602
AOI-0053,2025-10-28,0.23968171206714198
AOI-0054,2025-04-11,0.64593882525204727
AOI-0054,2025-04-19,0.676588131272291
AOI-0054,2025-05-04,0.77684192286983067
AOI-0054,2025-06-03,0.81195824016988949
AOI-0054,2025-07-28,0.50815944021086312
AOI-0054,2025-08-12,0.7097264378712338
AOI-0054,2025-09-21,0.69562242533462548
AOI-0054,2025-09-30,0.69569052691754052
AOI-0054,2025-10-16,0.68121912485084402
AOI-0055,2025-04-01,0.40957653129360827
AOI-0055,2025-04-11,0.43281591463264285
AOI-0055,2025-05-09,0.43070316435701073
AOI-0055,2025-07-04,0.52319636540497949
AOI-0055,2025-07-05,0.52319636540497949
AOI-0055,2025-07-08,0.52319636540497949
AOI-0055,2025-07-23,0.44798232129390492
AOI-0055,2025-08-17,0.39333068876517252
AOI-0055,2025-09-14,0.4094198987824057
AOI-0055,2025-09-22,0.40228922507368847
AOI-0056,2025-04-23,0.79041516045355054
AOI-0056,2025-05-24,0.78051970821859007
AOI-0056,2025-06-10,0.46675287309293501
AOI-0056,2025-06-19,0.4032631755702098
AOI-0056,2025-07-18,0.20629286838199029
AOI-0056,2025-07-23,0.20533595585905717
AOI-0056,2025-08-09,0.19632864126185706
AOI-0056,2025-09-06,0.19155841610830315
AOI-0056,2025-09-08,0.20824387031571789
AOI-0056,2025-10-16,0.22396354403694854
AOI-0057,2025-05-04,0.78542002279249679
AOI-0057,2025-05-09,0.78542002279249679
AOI-0057,2025-05-19,0.47495388255613191
AOI-0057,2025-06-26,0.28463671548287833
AOI-0057,2025-06-27,0.28463671548287833
AOI-0057,2025-07-10,0.21462395024435382
AOI-0057,2025-07-13,0.25857094761987792
AOI-0057,2025-07-18,0.25857094761987792
AOI-0057,2025-08-05,0.17943675166587036
AOI-0057,2025-08-27,0.14043334907383787
AOI-0057,2025-09-01,0.1776884274196833
AOI-0057,2025-09-21,0.19778843033641741
AOI-0058,2010-04-23,0.24807121750398675
AOI-0058,2010-08-13,0.40034009559992029
AOI-0058,2010-08-29,0.31712671329666303
AOI-0058,2010-09-05,0.31712671329666303
AOI-0058,2011-04-02,0.39271761338093503
AOI-0058,2011-04-26,0.63056368873266955
AOI-0058,2011-06-12,0.74841858618160306
AOI-0058,2011-07-15,0.5935673305994924
AOI-0058,2011-08-29,0.41784867027882844
AOI-0058,2011-09-01,0.37034496006597944
AOI-0058,2011-10-02,0.46746927357937917
AOI-0058,2011-10-27,0.36677272528166627
AOI-0058,2012-04-22,0.46390282782855674
AOI-0058,2012-06-09,0.6439666698329034
AOI-0058,2012-06-23,0.63677864991491862
AOI-0058,2012-07-11,0.55309809787672526
AOI-0058,2012-08-12,0.42484487336568832
AOI-0058,2012-09-11,0.45243444639718822
AOI-0058,2013-04-07,0.38955677274019873
AOI-0058,2013-04-23,0.27508335174673193
AOI-0058,2013-05-09,0.36210372052078654
AOI-0058,2013-06-09,0.53358135263181417
AOI-0058,2013-06-10,0.53358135263181417
AOI-0058,2013-07-11,0.7216283009181832
AOI-0058,2013-07-19,0.67124224594836457
AOI-0058,2013-08-28,0.28154594657718385
AOI-0058,2013-10-16,0.48764381204077478
AOI-0058,2013-10-24,0.48764381204077478
AOI-0058,2014-04-25,0.85979444916157421
AOI-0058,2014-06-05,0.67249763718023858
AOI-0058,2014-06-10,0.67249763718023858
AOI-0058,2014-09-14,0.28080870258017926
AOI-0058,2015-04-28,0.58300885517992396
AOI-0058,2015-05-09,0.58300885517992396
AOI-0058,2015-09-03,0.45909366768136134
AOI-0058,2015-09-27,0.5222735903021114
AOI-0058,2016-04-06,0.5536498087852959
AOI-0058,2016-04-30,0.85070703961531591
AOI-0058,2016-06-09,0.8914707916103044
AOI-0058,2016-07-27,0.51060659557678889
AOI-0058,2016-07-28,0.51060659557678889
AOI-0058,2016-08-13,0.47897004168124391
AOI-0058,2017-04-25,0.81666752441178403
AOI-0058,2017-07-15,0.24409752041602328
AOI-0058,2017-09-13,0.29917246726547914
AOI-0058,2017-09-16,0.28722513408117351
AOI-0058,2018-05-15,0.66622143711000803
AOI-0058,2018-07-26,0.49988439740224311
AOI-0058,2018-08-02,0.52611972489187575
AOI-0058,2019-04-23,0.83441078514175426
AOI-0058,2019-05-25,0.86864654670376495
AOI-0058,2019-06-25,0.33971529097403225
AOI-0058,2019-06-27,0.29369741293739282
AOI-0058,2019-07-04,0.23501076861118134
AOI-0058,2019-08-30,0.16108880012706556
AOI-0058,2019-09-28,0.1260261311359813
AOI-0058,2019-09-30,0.1260261311359813
AOI-0058,2020-04-17,0.47486206061441039
AOI-0058,2020-05-04,0.51119918330236269
AOI-0058,2020-06-05,0.63140109096587516
AOI-0058,2020-06-29,0.56152630466975184
AOI-0058,2020-07-06,0.51314232463599407
AOI-0058,2020-07-22,0.39758013556659011
AOI-0058,2020-07-30,0.34595513215293938
AOI-0058,2020-08-07,0.33933747770782718
AOI-0058,2020-08-12,0.33471312215327587
AOI-0058,2020-08-23,0.34321935880133619
AOI-0058,2020-08-28,0.36761442083369633
AOI-0058,2020-09-24,0.32465911603114928
AOI-0058,2020-10-27,0.50706694752056591
AOI-0058,2021-04-15,0.62392672550186745
AOI-0058,2021-05-09,0.60792454259556106
AOI-0058,2021-05-31,0.66245996947125485
AOI-0058,2021-07-09,0.57992527577435848
AOI-0058,2021-07-14,0.50893385284197445
AOI-0058,2021-07-25,0.48887611199833803
AOI-0058,2021-08-13,0.19193103911729556
AOI-0058,2021-08-28,0.40536910365664591
AOI-0058,2021-09-27,0.55976950820228066
AOI-0058,2022-06-10,0.85410226528270694
AOI-0058,2022-06-18,0.81455665538882416
AOI-0058,2022-07-04,0.35369751137847699
AOI-0058,2022-07-12,0.19273784392834209
AOI-0058,2022-07-17,0.18302696791101214
AOI-0058,2022-07-29,0.19283157700497724
AOI-0058,2022-09-14,0.22008257864558178
AOI-0058,2023-05-09,0.44966336382765315
AOI-0058,2023-05-20,0.66323370314899899
AOI-0058,2023-06-28,0.79857371687994883
AOI-0058,2023-08-17,0.49251907712099446
AOI-0058,2023-09-02,0.43472657070332965
AOI-0058,2023-09-10,0.48483596671438445
AOI-0058,2023-09-27,0.52283569295795407
AOI-0058,2023-10-12,0.50738874115786103
AOI-0058,2024-04-09,0.72781357894032339
AOI-0058,2024-05-09,0.73237540069644602
AOI-0058,2024-06-03,0.6880678905957136
AOI-0058,2024-06-23,0.36447671679185167
AOI-0058,2024-06-28,0.42167483995686961
AOI-0058,2024-07-09,0.3225681416910991
AOI-0058,2024-07-26,0.23457508351770839
AOI-0058,2024-07-27,0.23457508351770839
AOI-0058,2024-08-18,0.24363770608745988
AOI-0058,2024-08-27,0.23499353174264598
AOI-0058,2024-08-28,0.23499353174264598
AOI-0058,2024-09-21,0.2284783956173424
AOI-0058,2024-09-28,0.26562323313892777
AOI-0058,2024-10-01,0.25825552536557705
AOI-0058,2024-10-30,0.26413417476613321
AOI-0058,2025-04-07,0.39915787118671231
AOI-0058,2025-04-16,0.4822976566774666
AOI-0058,2025-04-24,0.5995957788885119
AOI-0058,2025-07-18,0.38373372407101203
AOI-0058,2025-07-28,0.24390055817636236
AOI-0058,2025-08-02,0.2944206451389802
AOI-0058,2025-08-06,0.27972166952577798
AOI-0058,2025-08-09,0.24549341972147948
AOI-0058,2025-08-12,0.24549341972147948
AOI-0058,2025-08-14,0.20505211057388109
AOI-0058,2025-09-14,0.2057470361899969
AOI-0058,2025-09-22,0.19257775747288897
AOI-0059,2010-06-26,0.81421582685633243
AOI-0059,2010-07-19,0.69321833135523048
AOI-0059,2010-08-28,0.27388163267528454
AOI-0059,2011-04-23,0.61991851534806708
AOI-0059,2011-05-27,0.63208602758866506
AOI-0059,2011-05-28,0.63208602758866506
AOI-0059,2011-06-12,0.74963380219653319
AOI-0059,2011-06-26,0.79645266318218289
AOI-0059,2011-07-07,0.58389885652304507
AOI-0059,2011-07-28,0.55769980858216128
AOI-0059,2011-08-08,0.53331698554066753
AOI-0059,2011-08-23,0.53980416688082833
AOI-0059,2012-04-04,0.66946100674986697
AOI-0059,2012-08-12,0.43033883238405213
AOI-0059,2012-08-26,0.43033883238405213
AOI-0059,2012-09-11,0.37838118388934094
AOI-0059,2012-10-13,0.47033539462978041
AOI-0059,2013-05-09,0.86641316007634117
AOI-0059,2013-06-18,0.30240622626919139
AOI-0059,2013-07-20,0.18858971873338126
AOI-0059,2013-08-13,0.22062931756068926
AOI-0059,2013-08-21,0.203185805011799
AOI-0059,2013-10-16,0.32252249369411445
AOI-0059,2014-05-09,0.91289382257992058
AOI-0059,2014-10-27,1.0134903446422374
AOI-0059,2015-04-13,0.3566076646974935
AOI-0059,2015-05-22,0.44316739029293672
AOI-0059,2015-06-07,0.81050796987320917
AOI-0059,2015-08-02,0.72871875024365207
AOI-0059,2015-08-10,0.74951227441292123
AOI-0059,2015-08-29,0.64282679260778441
AOI-0059,2015-09-27,0.52822509448648503
AOI-0059,2015-09-30,0.40451234612862225
AOI-0059,2016-05-25,0.81518096013018737
AOI-0059,2016-07-04,0.40511143842522968
AOI-0059,2016-09-14,0.32200118938796257
AOI-0059,2016-10-24,0.50755646116486641
AOI-0059,2017-04-02,0.50755646116486641
AOI-0059,2017-05-06,0.89213832501804613
AOI-0059,2017-05-27,0.90225665971203506
AOI-0059,2017-06-04,0.90181140193035736
AOI-0059,2017-06-10,0.89786161742915049
AOI-0059,2017-07-12,0.29622563817093495
AOI-0059,2017-07-23,0.1726889140671175
AOI-0059,2017-07-28,0.1798131503560024
AOI-0059,2017-08-13,0.14633951162369185
AOI-0059,2017-08-29,0.22388839459093651
AOI-0059,2017-09-24,0.16801047459744328
AOI-0059,2018-04-07,0.19470360090872346
AOI-0059,2018-05-22,0.50714603936512681
AOI-0059,2018-05-31,0.46967462514602498
AOI-0059,2018-07-09,0.62705125640316561
AOI-0059,2018-07-18,0.52982282343368603
AOI-0059,2018-07-26,0.52982282343368603
AOI-0059,2018-08-02,0.37074287320257393
AOI-0059,2018-08-10,0.37074287320257393
AOI-0059,2018-08-13,0.37074287320257393
AOI-0059,2018-10-06,0.17440958597667475
AOI-0059,2019-04-11,0.75131732383309235
AOI-0059,2019-04-21,0.75131732383309235
AOI-0059,2019-04-23,0.75131732383309235
AOI-0059,2019-05-21,0.84394327217441178
AOI-0059,2019-06-02,0.79359361218306512
AOI-0059,2019-06-05,0.79359361218306512
AOI-0059,2019-06-10,0.79359361218306512
AOI-0059,2019-06-15,0.57724221889315996
AOI-0059,2019-06-30,0.27035318204830011
AOI-0059,2019-07-29,0.29455457484396819
AOI-0059,2019-08-21,0.1728598346361313
AOI-0059,2019-08-24,0.18251697154112184
AOI-0059,2019-09-03,0.25969564137850304
AOI-0059,2019-10-13,0.25983806663863762
AOI-0059,2019-10-24,0.26278883731871161
AOI-0059,2020-04-09,0.30079732867535869
AOI-0059,2020-04-18,0.32968620953785199
AOI-0059,2020-04-25,0.32183527889792535
AOI-0059,2020-05-08,0.35231557483911075
AOI-0059,2020-05-12,0.30754048254493555
AOI-0059,2020-06-05,0.68360412414864391
AOI-0059,2020-07-11,0.77581877940380162
AOI-0059,2020-07-30,0.69603164049906019
AOI-0059,2020-10-26,0.1392061373836305
AOI-0059,2021-06-19,0.67862751272621213
AOI-0059,2021-06-23,0.67862751272621213
AOI-0059,2021-06-29,0.47920328788092392
AOI-0059,2021-07-28,0.28252452053983435
AOI-0059,2021-07-29,0.28252452053983435
AOI-0059,2021-08-18,0.48274708186508175
AOI-0059,2021-08-28,0.56977920147452032
AOI-0059,2021-09-07,0.76967491609181304
AOI-0059,2021-09-17,0.80007737755075192
AOI-0059,2021-09-28,0.21860393540168344
AOI-0059,2021-09-30,0.21860393540168344
AOI-0059,2021-10-16,0.2038640926938505
AOI-0059,2022-04-15,0.24883961126832715
AOI-0059,2022-06-10,0.77035952730250767
AOI-0059,2022-06-11,0.77035952730250767
AOI-0059,2022-07-20,0.79726520374118659
AOI-0059,2022-08-18,0.7102684871345385
AOI-0059,2022-09-27,0.38345021497752363
AOI-0059,2022-10-08,0.38240064258888007
AOI-0059,2023-05-13,0.88662774370916697
AOI-0059,2023-05-25,0.87707036381416148
AOI-0059,2023-06-18,0.82222934854545926
AOI-0059,2023-07-16,0.25099065066689585
AOI-0059,2023-07-29,0.24498770858828606
AOI-0059,2023-09-30,0.16447499770139545
AOI-0059,2023-10-12,0.21618574588883074
AOI-0059,2023-10-16,0.21618574588883074
AOI-0059,2024-04-04,0.25081097830471105
AOI-0059,2024-04-13,0.32701339464951784
AOI-0059,2024-04-22,0.32701339464951784
AOI-0059,2024-05-19,0.26731813844152058
AOI-0059,2024-06-09,0.53225090470539904
AOI-0059,2024-07-13,0.38216100336115344
AOI-0059,2024-07-17,0.38216100336115344
AOI-0059,2024-07-27,0.17862252724951039
AOI-0059,2024-09-11,0.18935468616576029
AOI-0059,2025-04-01,0.51467680325257525
AOI-0059,2025-04-23,0.83448388497955106
AOI-0059,2025-05-01,0.85598261669934117
AOI-0059,2025-05-09,0.82792217365698884
AOI-0059,2025-05-17,0.82792217365698884
AOI-0059,2025-06-10,0.3760835596179144
AOI-0059,2025-08-29,0.15680589732177999
AOI-0059,2025-09-07,0.14612551301221821
AOI-0059,2025-10-08,0.24725529458264806
AOI-0059,2025-10-28,0.21326708614596784
AOI-0060,2025-04-14,0.78560297959588754
AOI-0060,2025-04-29,0.76189773142192396
AOI-0060,2025-06-03,0.5067760505824086
AOI-0060,2025-07-04,0.60372603504926903
AOI-0060,2025-07-05,0.60372603504926903
AOI-0060,2025-07-21,0.29144313772122132
AOI-0060,2025-08-05,0.26122415389156872
AOI-0060,2025-08-29,0.20387977235138421
AOI-0060,2025-08-30,0.20387977235138421
AOI-0060,2025-09-01,0.20387977235138421
AOI-0060,2025-09-11,0.20159931037198481
AOI-0061,2010-04-23,0.32994463031687155
AOI-0061,2010-05-26,0.73409963382157117
AOI-0061,2010-06-11,0.74567800710164223
AOI-0061,2011-06-30,0.52573939192188202
AOI-0061,2011-07-28,0.46700612793333718
AOI-0061,2011-09-18,0.44029349755881042
AOI-0061,2011-09-26,0.44029349755881042
AOI-0061,2012-04-06,0.38261773170110686
AOI-0061,2012-05-24,0.66197654113722848
AOI-0061,2012-08-28,0.50219023524189965
AOI-0061,2012-09-04,0.50219023524189965
AOI-0061,2012-10-22,0.52107301375943182
AOI-0061,2013-04-16,0.78665670217487782
AOI-0061,2013-06-10,0.65476982806383066
AOI-0061,2013-06-26,0.54626386065630328
AOI-0061,2013-08-29,0.20978097210304475
AOI-0061,2013-09-14,0.20496743413187346
AOI-0061,2013-10-09,0.27660055481580109
AOI-0061,2014-04-27,0.86803969152241445
AOI-0061,2014-06-26,0.46779619130315009
AOI-0061,2014-07-28,0.20212267118795424
AOI-0061,2015-04-07,0.19655014618568623
AOI-0061,2015-05-08,0.35007498815020383
AOI-0061,2015-09-29,0.31532594692740246
AOI-0061,2016-04-22,0.6835541102798296
AOI-0061,2016-06-19,0.59759426320461606
AOI-0061,2016-06-27,0.46004395016431898
AOI-0061,2016-07-13,0.4455333555259654
AOI-0061,2017-04-03,0.26952902045866822
AOI-0061,2017-05-25,0.34699855006032521
AOI-0061,2017-07-02,0.91034483885213136
AOI-0061,2017-07-27,0.75007567499902361
AOI-0061,2017-08-11,0.51132820841488802
AOI-0061,2017-09-02,0.29109441999529417
AOI-0061,2018-04-07,0.78023571500712374
AOI-0061,2018-06-10,0.67983190827246842
AOI-0061,2019-04-09,0.1745729060245875
AOI-0061,2019-05-13,0.29335583172265622
AOI-0061,2019-05-21,0.37159699609623276
AOI-0061,2019-05-25,0.49896845287196973
AOI-0061,2019-06-27,0.71512878389712942
AOI-0061,2019-07-12,0.7300314879063432
AOI-0061,2019-08-21,0.67842874096728756
AOI-0061,2019-09-14,0.18826880378408045
AOI-0061,2019-09-23,0.15740867329627295
AOI-0061,2019-10-18,0.38101873764786598
AOI-0061,2019-10-20,0.38101873764786598
AOI-0061,2020-04-17,0.32210948071371448
AOI-0061,2020-05-24,0.60280085575437004
AOI-0061,2020-07-16,0.29550834631975731
AOI-0061,2020-07-19,0.29550834631975731
AOI-0061,2020-07-24,0.29550834631975731
AOI-0061,2020-07-27,0.2895987538314308
AOI-0061,2020-08-08,0.27209267665266207
AOI-0061,2020-08-17,0.24578395155000426
AOI-0061,2020-08-18,0.24578395155000426
AOI-0061,2020-08-23,0.20796519877955022
AOI-0061,2020-09-18,0.12795998119689936
AOI-0061,2020-10-17,0.21343831641848884
AOI-0061,2020-10-29,0.26213472118800318
AOI-0061,2021-05-05,0.89027145648531447
AOI-0061,2021-05-08,0.91509839463118015
AOI-0061,2021-05-15,0.90502769568328079
AOI-0061,2021-07-21,0.18292980256652286
AOI-0061,2021-07-24,0.18292980256652286
AOI-0061,2021-08-04,0.23724120139494739
AOI-0061,2021-08-28,0.32971331082941135
AOI-0061,2021-08-29,0.32971331082941135
AOI-0061,2021-10-29,0.21871580244378511
AOI-0061,2022-04-09,0.1941647552818104
AOI-0061,2022-05-09,0.2180774184729361
AOI-0061,2022-05-22,0.37956414046090042
AOI-0061,2022-05-25,0.37956414046090042
AOI-0061,2022-05-27,0.37956414046090042
AOI-0061,2022-06-12,0.79906836450007002
AOI-0061,2022-06-29,0.83863886570699897
AOI-0061,2022-07-06,0.82139950256898331
AOI-0061,2022-07-21,0.78478703282411688
AOI-0061,2022-07-22,0.78478703282411688
AOI-0061,2022-07-28,0.82343544754438924
AOI-0061,2022-08-23,0.1913177823266855
AOI-0061,2023-04-07,0.51166961401331523
AOI-0061,2023-04-25,0.78921547936085223
AOI-0061,2023-05-05,0.78921547936085223
AOI-0061,2023-05-06,0.78921547936085223
AOI-0061,2023-05-17,0.76625219967429214
AOI-0061,2023-06-06,0.83329348711670037
AOI-0061,2023-06-21,0.74939077960137324
AOI-0061,2023-07-17,0.46947091720644563
AOI-0061,2023-07-21,0.46947091720644563
AOI-0061,2023-07-27,0.42660786266141465
AOI-0061,2023-09-24,0.1691241416691926
AOI-0061,2023-10-14,0.1798454659974012
AOI-0061,2023-10-29,0.233293655927859
AOI-0061,2024-04-29,0.41999046578385379
AOI-0061,2024-05-01,0.41999046578385379
AOI-0061,2024-05-08,0.41844536138838984
AOI-0061,2024-06-20,0.37874520777669773
AOI-0061,2024-07-15,0.42432125611432958
AOI-0061,2024-08-09,0.32291544370965225
AOI-0061,2024-08-12,0.32291544370965225
AOI-0061,2024-09-06,0.2018394169055745
AOI-0061,2024-09-26,0.19100132317086133
AOI-0061,2024-10-07,0.18294857064381076
AOI-0061,2025-04-16,0.69071818968046639
AOI-0061,2025-04-19,0.73794109201221714
AOI-0061,2025-05-28,0.84354989444694239
AOI-0061,2025-06-28,0.47444420925877928
AOI-0061,2025-07-07,0.39814361864015768
AOI-0061,2025-07-10,0.33913621941371058
AOI-0061,2025-07-28,0.15478879479842519
AOI-0061,2025-08-16,0.20015569183166737
AOI-0061,2025-08-29,0.2196239401753502
AOI-0061,2025-09-24,0.30933233410600169
AOI-0061,2025-09-26,0.3504949232633332
AOI-0061,2025-10-16,0.32531451487992791
AOI-0062,2010-04-24,0.8498901345218588
AOI-0062,2010-05-09,0.8498901345218588
AOI-0062,2010-05-26,0.79586261808367076
AOI-0062,2010-08-13,0.15133566004362481
AOI-0062,2010-10-16,0.46510356778188389
AOI-0062,2011-06-14,0.62036935622247291
AOI-0062,2011-07-28,0.38957141469529555
AOI-0062,2011-10-16,0.42152445830519364
AOI-0062,2012-06-09,0.61424892037786771
AOI-0062,2012-08-28,0.21709842558737974
AOI-0062,2012-09-04,0.21709842558737974
AOI-0062,2012-09-13,0.21709842558737974
AOI-0062,2013-04-23,0.25377434144557665
AOI-0062,2013-07-12,0.702012274252102
AOI-0062,2013-07-28,0.71623975200943013
AOI-0062,2013-09-14,0.27630888553065902
AOI-0062,2013-10-16,0.19001434543338219
AOI-0062,2014-06-30,0.30434351463970383
AOI-0062,2014-10-04,0.48579920364609674
AOI-0062,2015-04-22,0.71684725596041399
AOI-0062,2015-05-09,0.66292073170702814
AOI-0062,2015-09-05,0.2925785425101215
AOI-0062,2015-09-21,0.2466126598365099
AOI-0062,2016-05-08,0.89259352501861167
AOI-0062,2016-07-11,0.25204508927479052
AOI-0062,2016-07-27,0.29887823946023528
AOI-0062,2016-09-13,0.19736265780296899
AOI-0062,2016-10-25,0.24729364461132469
AOI-0062,2017-04-07,0.17929296510019879
AOI-0062,2017-07-28,0.77137341714855212
AOI-0062,2017-09-15,0.21000964811388906
AOI-0062,2018-04-06,0.48530532997160525
AOI-0062,2018-04-07,0.48530532997160525
AOI-0062,2018-06-02,0.78748505298530014
AOI-0062,2018-06-25,0.34895243207026505
AOI-0062,2018-07-28,0.21086941666750048
AOI-0062,2018-08-28,0.21629044705446548
AOI-0062,2019-04-08,0.26109136925787713
AOI-0062,2019-04-11,0.2030044348213404
AOI-0062,2019-06-17,0.7433246566438878
AOI-0062,2019-07-06,0.70607531154637626
AOI-0062,2019-08-09,0.68275924595787729
AOI-0062,2019-08-23,0.36400965229072696
AOI-0062,2019-09-23,0.13552476536117339
AOI-0062,2019-10-18,0.24104798149519774
AOI-0062,2019-10-23,0.18497602867685156
AOI-0062,2019-10-28,0.48664555726136483
AOI-0062,2020-04-30,0.80952864360184529
AOI-0062,2020-05-30,0.79881658805700217
AOI-0062,2020-06-16,0.53540399661502702
AOI-0062,2020-07-26,0.22699901858181482
AOI-0062,2020-08-18,0.24311754779341865
AOI-0062,2020-08-20,0.24311754779341865
AOI-0062,2020-08-23,0.24311754779341865
AOI-0062,2020-08-25,0.24311754779341865
AOI-0062,2020-09-07,0.15428354843010955
AOI-0062,2020-09-09,0.15428354843010955
AOI-0062,2020-10-07,0.1996509739538459
AOI-0062,2020-10-15,0.11908538242670866
AOI-0062,2021-04-23,0.21113293446417114
AOI-0062,2021-05-05,0.18734834752510648
AOI-0062,2021-05-08,0.29430890344665184
AOI-0062,2021-05-12,0.3032825629247598
AOI-0062,2021-06-06,0.30979474278839531
AOI-0062,2021-06-10,0.37630286084814019
AOI-0062,2021-07-01,0.75366735480683422
AOI-0062,2021-07-26,0.73922040227368702
AOI-0062,2021-07-29,0.701696678130319
AOI-0062,2021-09-12,0.23821134097584623
AOI-0062,2021-09-13,0.23821134097584623
AOI-0062,2021-09-19,0.23614571519493782
AOI-0062,2021-09-27,0.23614571519493782
AOI-0062,2021-09-29,0.23614571519493782
AOI-0062,2021-10-07,0.15376875968579914
AOI-0062,2021-10-16,0.16084566973879849
AOI-0062,2022-04-10,0.76529061860057146
AOI-0062,2022-04-27,0.87991433105709616
AOI-0062,2022-05-11,0.9084059777474186
AOI-0062,2022-05-25,0.81674439461545845
AOI-0062,2022-07-21,0.22401971339788759
AOI-0062,2022-07-24,0.29354014948400214
AOI-0062,2022-08-23,0.19795934664020964
AOI-0062,2022-09-14,0.18834768188501672
AOI-0062,2022-09-18,0.2018088207645401
AOI-0062,2022-09-30,0.14590212815297748
AOI-0062,2022-10-19,0.13514418896429439
AOI-0062,2023-05-17,0.52880764395711766
AOI-0062,2023-06-18,0.89710866530425459
AOI-0062,2023-06-24,0.8746508394833421
AOI-0062,2023-07-14,0.81497556609422506
AOI-0062,2023-08-05,0.48642164576947616
AOI-0062,2023-08-25,0.17126451391576181
AOI-0062,2023-09-17,0.1513549077300326
AOI-0062,2023-10-12,0.1873511929451657
AOI-0062,2023-10-16,0.17587900044210886
AOI-0062,2024-04-22,0.85084618136621071
AOI-0062,2024-06-03,0.70750653548859543
AOI-0062,2024-06-08,0.70750653548859543
AOI-0062,2024-06-23,0.24971608951602051
AOI-0062,2024-07-30,0.16436740623814755
AOI-0062,2024-08-04,0.12823725644309814
AOI-0062,2024-08-12,0.14520047975806116
AOI-0062,2024-09-06,0.12408160525989151
AOI-0062,2024-10-26,0.21804305275159741
AOI-0062,2025-04-01,0.21804305275159741
AOI-0062,2025-04-07,0.21804305275159741
AOI-0062,2025-04-11,0.21804305275159741
AOI-0062,2025-04-24,0.33020540886348659
AOI-0062,2025-04-29,0.26394177971533517
AOI-0062,2025-05-28,0.6051678021711252
AOI-0062,2025-06-28,0.87070965252570665
AOI-0062,2025-07-06,0.81903263789470404
AOI-0062,2025-07-07,0.81903263789470404
AOI-0062,2025-07-15,0.51603996130134466
AOI-0062,2025-07-25,0.40786458877848009
AOI-0062,2025-08-02,0.27867783551726105
AOI-0062,2025-08-17,0.23720021353065579
AOI-0062,2025-09-24,0.16763258326315805
AOI-0062,2025-09-30,0.24028268316381005
AOI-0062,2025-10-08,0.18200067397651476
AOI-0062,2025-10-13,0.19544950406742559
AOI-0063,2025-04-14,0.23545256011797328
AOI-0063,2025-04-19,0.22744967525167095
AOI-0063,2025-04-23,0.22744967525167095
AOI-0063,2025-04-24,0.22744967525167095
AOI-0063,2025-05-06,0.32804581948648537
AOI-0063,2025-05-25,0.3372881940110713
AOI-0063,2025-06-05,0.73571227467325873
AOI-0063,2025-06-25,0.67273863913117193
AOI-0063,2025-06-28,0.73261933541077995
AOI-0063,2025-06-30,0.73261933541077995
AOI-0063,2025-07-06,0.80896491255414826
AOI-0063,2025-07-07,0.80896491255414826
AOI-0063,2025-07-22,0.53427692542109151
AOI-0063,2025-08-23,0.42086975536162496
AOI-0063,2025-09-13,0.27559787617064574
AOI-0063,2025-09-14,0.27559787617064574
AOI-0064,2025-04-14,0.4305424393178659
AOI-0064,2025-04-23,0.47063671529509171
AOI-0064,2025-04-24,0.47063671529509171
AOI-0064,2025-06-03,0.74627919499812045
AOI-0064,2025-06-05,0.74670482074074562
AOI-0064,2025-06-26,0.40159978913021477
AOI-0064,2025-06-27,0.40159978913021477
AOI-0064,2025-06-28,0.40159978913021477
AOI-0064,2025-07-10,0.28550729477513359
AOI-0064,2025-08-12,0.2037499547556974
AOI-0064,2025-08-19,0.16523009097465916
AOI-0064,2025-08-27,0.19724525915135979
AOI-0064,2025-08-31,0.16524913000877289
AOI-0064,2025-09-13,0.25867848271644511
AOI-0064,2025-10-06,0.16900336080357706
AOI-0064,2025-10-13,0.21422129136537549
AOI-0065,2025-04-19,0.48653268670343897
AOI-0065,2025-05-01,0.45670826278088217
AOI-0065,2025-06-04,0.52345226285477242
AOI-0065,2025-06-05,0.52345226285477242
AOI-0065,2025-06-08,0.50276430103465353
AOI-0065,2025-06-26,0.573478694275251
AOI-0065,2025-07-15,0.45323297066738188
AOI-0065,2025-07-18,0.41525384723945047
AOI-0065,2025-08-07,0.18666102174942301
AOI-0065,2025-08-17,0.20212494865157637
AOI-0065,2025-09-14,0.18568297712901799
AOI-0065,2025-09-25,0.23084332136861341
AOI-0065,2025-09-30,0.2478283484503617
AOI-0065,2025-10-08,0.25022417563413946
AOI-0066,2025-06-05,0.48991952061451416
AOI-0066,2025-07-05,0.82050433821161184
AOI-0066,2025-07-15,0.68597213213662811
AOI-0066,2025-07-25,0.58661667194775458
AOI-0066,2025-07-27,0.58661667194775458
AOI-0066,2025-08-14,0.39264180443134422
AOI-0066,2025-09-01,0.20832308783078171
AOI-0067,2010-04-25,0.15554191935306544
AOI-0067,2010-06-20,0.1747881224678452
AOI-0067,2010-06-26,0.1747881224678452
AOI-0067,2010-07-13,0.20525310759573678
AOI-0067,2010-07-21,0.19069884464752956
AOI-0067,2010-08-06,0.1888422461004306
AOI-0067,2010-08-07,0.1888422461004306
AOI-0067,2010-08-15,0.17649347256299885
AOI-0067,2010-09-23,0.22037051792828682
AOI-0067,2010-10-09,0.22037051792828682
AOI-0067,2011-05-09,0.25413583885061791
AOI-0067,2011-05-14,0.25413583885061791
AOI-0067,2011-09-03,0.34282494081116133
AOI-0067,2011-09-19,0.30511865700127117
AOI-0067,2012-05-08,0.34259498582376685
AOI-0067,2012-06-09,0.22370788733411895
AOI-0067,2012-07-27,0.12411073429607844
AOI-0067,2012-09-29,0.10550036209600705
AOI-0067,2013-07-30,0.25333287671933497
AOI-0067,2013-08-29,0.29943810112852259
AOI-0067,2014-05-21,0.24009979982353719
AOI-0067,2014-05-25,0.24009979982353719
AOI-0067,2014-06-06,0.23364756874783998
AOI-0067,2014-06-07,0.23364756874783998
AOI-0067,2014-07-01,0.24501874204758201
AOI-0067,2014-07-16,0.20940473088364389
AOI-0067,2014-07-17,0.20940473088364389
AOI-0067,2014-09-14,0.18226690377446725
AOI-0067,2014-10-12,0.16633572914522621
AOI-0067,2015-04-15,0.18492507283852344
AOI-0067,2015-05-09,0.23518903959138521
AOI-0067,2015-06-02,0.22315793298912456
AOI-0067,2015-06-18,0.3483122709163346
AOI-0067,2015-07-12,0.39415460593442908
AOI-0067,2015-07-20,0.39415460593442908
AOI-0067,2015-08-29,0.50247685676062592
AOI-0067,2015-09-14,0.33697349446600899
AOI-0067,2015-09-29,0.26377776757449106
AOI-0067,2016-05-03,0.29752320667053278
AOI-0067,2016-05-10,0.35766155378486053
AOI-0067,2016-05-11,0.35766155378486053
AOI-0067,2016-06-25,0.17158371983679871
AOI-0067,2016-07-14,0.16928836814741799
AOI-0067,2016-07-27,0.24512575389353586
AOI-0067,2016-09-29,0.16875819222752309
AOI-0067,2016-10-25,0.18624157433284044
AOI-0067,2017-04-04,0.18975529370770935
AOI-0067,2017-04-28,0.16100412216476495
AOI-0067,2017-05-05,0.16100412216476495
AOI-0067,2017-06-07,0.33137754822571563
AOI-0067,2017-07-09,0.49873073554126224
AOI-0067,2017-07-25,0.55005082080270307
AOI-0067,2017-08-02,0.55113066866089389
AOI-0067,2017-08-11,0.51597890099767696
AOI-0067,2017-08-13,0.51597890099767696
AOI-0067,2017-08-29,0.53967754313572303
AOI-0067,2017-09-14,0.44524110922899363
AOI-0067,2017-09-20,0.43047886054727535
AOI-0067,2018-04-06,0.22451105431558283
AOI-0067,2018-04-23,0.15343830860613039
AOI-0067,2018-05-25,0.18776694639995345
AOI-0067,2018-07-11,0.103279460277153
AOI-0067,2018-08-29,0.17526690513875415
AOI-0067,2019-05-08,0.75633281432847277
AOI-0067,2019-05-28,0.81959792827271394
AOI-0067,2019-06-12,0.47109918330273315
AOI-0067,2019-07-12,0.15878607880360895
AOI-0067,2019-07-14,0.15878607880360895
AOI-0067,2019-07-28,0.31006950907554298
AOI-0067,2019-08-08,0.39828952985594923
AOI-0067,2019-08-11,0.39828952985594923
AOI-0067,2019-08-29,0.28197746785715416
AOI-0067,2019-09-05,0.27514282193440376
AOI-0067,2019-09-16,0.24407376576706674
AOI-0067,2019-09-24,0.25197158398340586
AOI-0067,2019-10-02,0.31976853219801588
AOI-0067,2019-10-03,0.31976853219801588
AOI-0067,2019-10-15,0.33893720444967312
AOI-0067,2020-04-22,0.20200986804365278
AOI-0067,2020-04-27,0.20200986804365278
AOI-0067,2020-05-02,0.20200986804365278
AOI-0067,2020-05-08,0.18342786701103592
AOI-0067,2020-07-06,0.60226228907062063
AOI-0067,2020-07-25,0.40208626928474084
AOI-0067,2020-07-26,0.40208626928474084
AOI-0067,2020-07-27,0.40208626928474084
AOI-0067,2020-08-25,0.3907740941156273
AOI-0067,2020-10-15,0.22771708023124534
AOI-0067,2021-05-16,0.21992431433048865
AOI-0067,2021-06-06,0.53382095872311552
AOI-0067,2021-06-16,0.62144264794997595
AOI-0067,2021-06-18,0.62144264794997595
AOI-0067,2021-07-04,0.41334617053374056
AOI-0067,2021-08-30,0.29617688733213876
AOI-0067,2021-09-09,0.31649206576172051
AOI-0067,2021-10-09,0.1368441568939209
AOI-0067,2022-04-02,0.17312948216732221
AOI-0067,2022-04-23,0.2080020091539368
AOI-0067,2022-04-26,0.20215359877020739
AOI-0067,2022-06-01,0.23670582696343465
AOI-0067,2022-07-01,0.65046987097534981
AOI-0067,2022-08-23,0.45757517399262893
AOI-0067,2022-08-24,0.45757517399262893
AOI-0067,2022-08-29,0.37071422964895762
AOI-0067,2022-09-01,0.39430072750050038
AOI-0067,2022-09-25,0.32674354523270988
AOI-0067,2022-10-09,0.36544909377143436
AOI-0067,2022-10-14,0.36544909377143436
AOI-0067,2023-04-23,0.16081048893448605
AOI-0067,2023-05-31,0.27292711073265208
AOI-0067,2023-06-30,0.67747850028413692
AOI-0067,2023-07-12,0.70329389299856304
AOI-0067,2023-07-21,0.63096099371503378
AOI-0067,2023-07-27,0.48619080395728631
AOI-0067,2023-08-26,0.27339358185352469
AOI-0067,2023-09-24,0.2372335731727189
AOI-0067,2023-09-27,0.2372335731727189
AOI-0067,2023-10-05,0.248242063594343
AOI-0067,2023-10-13,0.16503186649836971
AOI-0067,2024-04-01,0.24575271578314994
AOI-0067,2024-04-11,0.24322415476542844
AOI-0067,2024-05-09,0.5198765457709924
AOI-0067,2024-05-24,0.58664554860959683
AOI-0067,2024-07-05,0.31151916672760849
AOI-0067,2024-07-10,0.31151916672760849
AOI-0067,2024-08-29,0.1772721906002642
AOI-0067,2024-09-06,0.1529159787512846
AOI-0067,2024-09-23,0.14683619132948325
AOI-0067,2025-04-17,0.13157726659135219
AOI-0067,2025-04-23,0.13139013752410694
AOI-0067,2025-04-28,0.13139013752410694
AOI-0067,2025-06-05,0.16765974704322459
AOI-0067,2025-06-21,0.23843141944588556
AOI-0067,2025-06-26,0.33225272592356003
AOI-0067,2025-07-05,0.41935800939829193
AOI-0067,2025-07-14,0.40437930579389203
AOI-0067,2025-07-15,0.40437930579389203
AOI-0067,2025-08-06,0.57832023649064368
AOI-0067,2025-09-01,0.41490331883257159
AOI-0067,2025-09-23,0.30999392705872209
AOI-0067,2025-10-03,0.25249693321959132
AOI-0068,2010-04-16,0.22765463235294114
AOI-0068,2010-05-02,0.24168333593615565
AOI-0068,2010-05-09,0.24168333593615565
AOI-0068,2010-06-20,0.1951278724561934
AOI-0068,2010-07-13,0.17376301619613466
AOI-0068,2010-07-14,0.17376301619613466
AOI-0068,2010-07-28,0.13618259747390021
AOI-0068,2010-08-07,0.16250155070112859
AOI-0068,2010-08-29,0.14145295637064054
AOI-0068,2011-04-07,0.39638845608973228
AOI-0068,2011-05-30,0.59966922013771584
AOI-0068,2011-06-15,0.3778792491353325
AOI-0068,2011-06-23,0.27959818295886196
AOI-0068,2011-07-16,0.22902765919597035
AOI-0068,2011-08-09,0.17146921196694839
AOI-0068,2011-09-03,0.1755248573912426
AOI-0068,2012-07-27,0.16028556874822741
AOI-0068,2012-08-03,0.16028556874822741
AOI-0068,2012-10-22,0.20406281427442285
AOI-0068,2013-06-19,0.26466833086101915
AOI-0068,2013-06-27,0.25271495902936608
AOI-0068,2013-07-28,0.23538371364622368
AOI-0068,2014-04-27,0.54297093487394976
AOI-0068,2014-07-28,0.15916154740192417
AOI-0068,2014-08-17,0.15818777646724197
AOI-0068,2014-08-25,0.15372439832662604
AOI-0068,2014-10-05,0.15223480554883867
AOI-0068,2014-10-16,0.13599534655018511
AOI-0068,2014-10-29,0.17784694379069521
AOI-0068,2015-06-09,0.34424312879792707
AOI-0068,2015-07-27,0.27519876703269941
AOI-0068,2015-08-04,0.25863487566577575
AOI-0068,2016-05-02,0.30793837148596359
AOI-0068,2016-05-11,0.28146708001583642
AOI-0068,2016-07-14,0.32102778494497231
AOI-0068,2016-08-28,0.22889995628749377
AOI-0068,2016-09-13,0.20732397498734215
AOI-0068,2016-09-29,0.27007144138574912
AOI-0068,2017-05-14,0.566413406711892
AOI-0068,2017-06-10,0.48929330468496501
AOI-0068,2017-06-22,0.42866908894855638
AOI-0068,2017-06-27,0.29888797304598658
AOI-0068,2017-07-12,0.20062582499718484
AOI-0068,2017-08-02,0.1481590817493931
AOI-0068,2017-08-11,0.14791071338243533
AOI-0068,2017-08-13,0.14791071338243533
AOI-0068,2017-09-02,0.22154232981243344
AOI-0068,2017-09-03,0.22154232981243344
AOI-0068,2018-04-28,0.31571452432463243
AOI-0068,2018-05-09,0.27047813877836502
AOI-0068,2018-06-07,0.22801455564468645
AOI-0068,2018-07-11,0.13013079785044315
AOI-0068,2018-08-28,0.1461522939350488
AOI-0068,2018-09-06,0.14778507802704643
AOI-0068,2018-09-21,0.15613895208851764
AOI-0068,2019-05-25,0.60879178695377445
AOI-0068,2019-05-28,0.55464010224795457
AOI-0068,2019-06-28,0.1753742511165361
AOI-0068,2019-08-07,0.21642777119420831
AOI-0068,2019-09-01,0.16123833906205259
AOI-0068,2019-09-05,0.16123833906205259
AOI-0068,2019-09-15,0.22533855287773519
AOI-0068,2019-09-24,0.21397900924374444
AOI-0068,2019-09-25,0.21397900924374444
AOI-0068,2019-09-30,0.21397900924374444
AOI-0068,2019-10-02,0.21397900924374444
AOI-0068,2019-10-25,0.34285824014406874
AOI-0068,2020-04-02,0.35640423554003664
AOI-0068,2020-04-06,0.33502793226111027
AOI-0068,2020-04-12,0.3135040915394246
AOI-0068,2020-04-19,0.287941995828705
AOI-0068,2020-06-26,0.24320018815321656
AOI-0068,2020-07-27,0.13799311403780223
AOI-0068,2020-07-31,0.13799311403780223
AOI-0068,2020-09-03,0.16036392654024328
AOI-0068,2020-10-05,0.14890321760202291
AOI-0068,2020-10-20,0.15401982297918654
AOI-0068,2021-05-01,0.32089197414575854
AOI-0068,2021-05-16,0.38674663831471268
AOI-0068,2021-06-11,0.47795483903887559
AOI-0068,2021-06-16,0.47795483903887559
AOI-0068,2021-07-19,0.23181935227123041
AOI-0068,2021-07-31,0.22191741499452761
AOI-0068,2021-09-30,0.38937306797313231
AOI-0068,2022-04-02,0.34917950835919426
AOI-0068,2022-04-12,0.38659345128881051
AOI-0068,2022-04-23,0.41594976986083931
AOI-0068,2022-05-12,0.51905521520360109
AOI-0068,2022-05-27,0.45849058002156717
AOI-0068,2022-06-08,0.35345285683651306
AOI-0068,2022-06-20,0.19216301059459359
AOI-0068,2022-07-01,0.20197413511981271
AOI-0068,2022-07-14,0.19814697295094275
AOI-0068,2022-07-30,0.12984225988387571
AOI-0068,2022-08-15,0.18830920064253542
AOI-0068,2023-04-03,0.49990465181754362
AOI-0068,2023-04-17,0.43501240851935374
AOI-0068,2023-05-09,0.56352514719124369
AOI-0068,2023-06-06,0.55812204949132371
AOI-0068,2023-06-30,0.21890797991410249
AOI-0068,2023-07-05,0.23956090151231468
AOI-0068,2023-08-03,0.25345201454053101
AOI-0068,2023-08-13,0.27639902685171458
AOI-0068,2023-09-03,0.35972406351104047
AOI-0068,2023-09-24,0.37432897956624916
AOI-0068,2023-10-06,0.32251956783410779
AOI-0068,2023-10-11,0.3127722921487856
AOI-0068,2024-05-01,0.25182093156414881
AOI-0068,2024-05-09,0.26911852547316772
AOI-0068,2024-06-15,0.17911671676303792
AOI-0068,2024-08-05,0.15916626580148974
AOI-0068,2024-08-09,0.15916626580148974
AOI-0068,2024-08-19,0.16281616396708354
AOI-0068,2024-08-28,0.12364676190192719
AOI-0068,2024-09-08,0.16791699614848155
AOI-0068,2024-09-14,0.15753661991660134
AOI-0068,2024-09-29,0.14944815561582303
AOI-0068,2024-10-13,0.1785186050878021
AOI-0068,2025-05-08,0.70628761011726571
AOI-0068,2025-05-11,0.69393253910156316
AOI-0068,2025-05-20,0.66726039624442046
AOI-0068,2025-06-10,0.45911991269263785
AOI-0068,2025-06-15,0.39140538584437085
AOI-0068,2025-06-17,0.39140538584437085
AOI-0068,2025-06-30,0.24828192637223501
AOI-0068,2025-07-22,0.17128401141314542
AOI-0068,2025-07-28,0.17616301277593249
AOI-0068,2025-08-13,0.23807233824802693
AOI-0068,2025-08-14,0.23807233824802693
AOI-0068,2025-08-23,0.20282328924006066
AOI-0068,2025-08-24,0.20282328924006066
AOI-0068,2025-09-08,0.18528846396027232
AOI-0068,2025-09-14,0.207604215673171
AOI-0068,2025-09-24,0.19421608794168549
AOI-0069,2025-04-16,0.22511451203407717
AOI-0069,2025-04-21,0.15560091853970751
AOI-0069,2025-04-23,0.15560091853970751
AOI-0069,2025-05-01,0.1843754971815684
AOI-0069,2025-05-11,0.35723874615739698
AOI-0069,2025-05-25,0.40970091494738925
AOI-0069,2025-05-28,0.45656902248106251
AOI-0069,2025-06-10,0.41457171554180949
AOI-0069,2025-06-25,0.29488110104857912
AOI-0069,2025-06-26,0.29488110104857912
AOI-0069,2025-07-05,0.25027211242304981
AOI-0069,2025-07-06,0.25027211242304981
AOI-0069,2025-07-22,0.13155731358916267
AOI-0069,2025-08-07,0.16737688231898401
AOI-0069,2025-08-14,0.186659029644545
AOI-0069,2025-09-01,0.12302651233960595
AOI-0069,2025-09-14,0.12495706629886205
AOI-0069,2025-09-24,0.17427989497079094
AOI-0069,2025-09-25,0.17427989497079094
AOI-0069,2025-09-28,0.17427989497079094
AOI-0070,2025-05-11,0.31588583086039912
AOI-0070,2025-05-25,0.28835411672232347
AOI-0070,2025-06-07,0.17684523644412709
AOI-0070,2025-06-10,0.17684523644412709
AOI-0070,2025-06-25,0.26671610686103286
AOI-0070,2025-07-12,0.22604305856605628
AOI-0070,2025-08-24,0.17761904059927641
AOI-0070,2025-08-31,0.17814539191212858
AOI-0070,2025-09-25,0.17908085134661411
AOI-0070,2025-10-02,0.19063535132164344
AOI-0070,2025-10-13,0.16552091127720087
AOI-0070,2025-10-23,0.32199571847091163
AOI-0071,2025-04-16,0.4301421477721542
AOI-0071,2025-04-18,0.47708646595397242
AOI-0071,2025-04-21,0.47708646595397242
AOI-0071,2025-05-25,0.34701895593147669
AOI-0071,2025-06-26,0.65346042785031355
AOI-0071,2025-07-06,0.54306077698462663
AOI-0071,2025-07-07,0.54306077698462663
AOI-0071,2025-07-12,0.50223232760520342
AOI-0071,2025-08-13,0.45135884003854559
AOI-0071,2025-08-23,0.40409420247252398
AOI-0071,2025-08-24,0.40409420247252398
AOI-0071,2025-08-26,0.40409420247252398
AOI-0071,2025-08-29,0.40409420247252398
AOI-0071,2025-09-01,0.40409420247252398
AOI-0071,2025-09-15,0.32821078823982686
AOI-0071,2025-09-28,0.32664964692322951
AOI-0072,2025-05-08,0.82178675511096588
AOI-0072,2025-06-04,0.59059327585255339
AOI-0072,2025-07-05,0.21511044239811444
AOI-0072,2025-07-06,0.21511044239811444
AOI-0072,2025-07-14,0.211601620110972
AOI-0072,2025-07-17,0.18982207308568438
AOI-0072,2025-08-07,0.20195077940609496
AOI-0072,2025-08-19,0.17944636786005086
AOI-0072,2025-08-29,0.18808359813850176
AOI-0072,2025-09-03,0.16903510206554406
AOI-0072,2025-09-15,0.20916913485186689
AOI-0072,2025-09-16,0.20916913485186689
AOI-0072,2025-09-30,0.1723613007219148
AOI-0072,2025-10-03,0.16639852202038186
AOI-0072,2025-10-13,0.14356129889932179
AOI-0073,2010-06-26,0.59470737373600102
AOI-0073,2010-07-12,0.52224989097604035
AOI-0073,2011-04-07,0.20080452179137706
AOI-0073,2011-07-14,0.61822366184026167
AOI-0073,2011-09-14,0.27311423678590518
AOI-0073,2012-04-22,0.35918776233293181
AOI-0073,2012-04-27,0.35918776233293181
AOI-0073,2012-05-24,0.59387655215749136
AOI-0073,2012-09-29,0.19096585571891955
AOI-0073,2013-04-03,0.27695558739954651
AOI-0073,2013-06-10,0.47952421479381369
AOI-0073,2013-06-25,0.47952421479381369
AOI-0073,2013-07-12,0.49847515496660066
AOI-0073,2013-07-28,0.55064951484169522
AOI-0073,2013-09-30,0.4277630919650427
AOI-0073,2014-05-27,0.62876112271259377
AOI-0073,2014-07-12,0.78652065486008915
AOI-0073,2014-07-30,0.59149231660456358
AOI-0073,2014-08-13,0.48142475539351554
AOI-0073,2014-09-14,0.3886210949155518
AOI-0073,2014-10-10,0.30475232134516578
AOI-0073,2015-05-22,0.4369206088925765
AOI-0073,2015-05-30,0.47994529383450513
AOI-0073,2015-06-10,0.48332408960794582
AOI-0073,2015-06-15,0.48332408960794582
AOI-0073,2015-07-01,0.64025322746380187
AOI-0073,2015-07-09,0.64025322746380187
AOI-0073,2015-08-26,0.38650247547874816
AOI-0073,2015-10-05,0.24441250797821773
AOI-0073,2016-04-06,0.46026074712423681
AOI-0073,2017-04-23,0.2302800634676693
AOI-0073,2017-06-04,0.28549232238057187
AOI-0073,2017-06-12,0.5768918409037076
AOI-0073,2017-07-06,0.74694224198600279
AOI-0073,2017-07-18,0.77413104397127608
AOI-0073,2017-08-07,0.66397144325081747
AOI-0073,2017-08-12,0.66397144325081747
AOI-0073,2017-10-11,0.29324925559113979
AOI-0073,2017-10-16,0.29324925559113979
AOI-0073,2018-04-16,0.27843968964950605
AOI-0073,2019-05-17,0.28548723364633077
AOI-0073,2019-05-19,0.28548723364633077
AOI-0073,2019-06-03,0.56669586109041159
AOI-0073,2019-07-13,0.69158137028675326
AOI-0073,2019-08-07,0.57298053633109403
AOI-0073,2019-08-12,0.54032786587845594
AOI-0073,2019-09-06,0.31746279212743966
AOI-0073,2019-09-11,0.31746279212743966
AOI-0073,2019-09-15,0.26424840673211958
AOI-0073,2019-09-16,0.26424840673211958
AOI-0073,2019-09-28,0.28817311174452487
AOI-0073,2019-10-16,0.22377041041602991
AOI-0073,2019-10-26,0.19337235611478309
AOI-0073,2020-04-05,0.22526665353560943
AOI-0073,2020-04-15,0.22333703087187015
AOI-0073,2020-04-22,0.22433502974794869
AOI-0073,2020-05-18,0.63781925341602819
AOI-0073,2020-07-04,0.28860807552573686
AOI-0073,2020-07-06,0.28860807552573686
AOI-0073,2020-07-24,0.19734297655415189
AOI-0073,2020-07-29,0.20569832005484565
AOI-0073,2020-08-12,0.1552637346454224
AOI-0073,2020-09-01,0.18575676582226064
AOI-0073,2020-09-20,0.1621119532499026
AOI-0073,2020-10-20,0.17645318953227485
AOI-0073,2020-10-26,0.19436509364985644
AOI-0073,2021-05-06,0.28797838901594819
AOI-0073,2021-05-13,0.30859578209859706
AOI-0073,2021-05-15,0.30859578209859706
AOI-0073,2021-06-29,0.68949861814524271
AOI-0073,2021-07-25,0.74559404100776572
AOI-0073,2021-08-02,0.66893904686727179
AOI-0073,2021-09-07,0.28128279857877503
AOI-0073,2021-09-14,0.30175649843526509
AOI-0073,2021-09-15,0.30175649843526509
AOI-0073,2022-04-23,0.17358588899767913
AOI-0073,2022-04-25,0.17358588899767913
AOI-0073,2022-06-04,0.26136097567763594
AOI-0073,2022-06-07,0.33471216692984429
AOI-0073,2022-06-09,0.33471216692984429
AOI-0073,2022-06-14,0.39969331098960126
AOI-0073,2022-07-05,0.75718588613812232
AOI-0073,2022-07-07,0.75718588613812232
AOI-0073,2022-09-10,0.34288330339322948
AOI-0073,2022-09-30,0.2747287232355593
AOI-0073,2023-04-02,0.18789061559270256
AOI-0073,2023-04-28,0.3041433843181382
AOI-0073,2023-05-03,0.3041433843181382
AOI-0073,2023-05-05,0.38418270913587282
AOI-0073,2023-05-13,0.31146242397294388
AOI-0073,2023-06-04,0.56008928575763073
AOI-0073,2023-06-07,0.55986932473733808
AOI-0073,2023-07-25,0.29380727102516629
AOI-0073,2023-07-31,0.30451885367460541
AOI-0073,2023-08-06,0.21475507156133039
AOI-0073,2023-08-16,0.2432512826915908
AOI-0073,2023-08-28,0.28244519352250236
AOI-0073,2023-09-07,0.26741113295796515
AOI-0073,2023-09-12,0.26741113295796515
AOI-0073,2023-09-29,0.18510788141931314
AOI-0073,2023-10-11,0.21947990883633139
AOI-0073,2023-10-15,0.30042620648156415
AOI-0073,2024-04-14,0.53845798582053883
AOI-0073,2024-04-20,0.56976850798577705
AOI-0073,2024-05-06,0.66196217014990877
AOI-0073,2024-05-07,0.66196217014990877
AOI-0073,2024-06-23,0.44958380546398558
AOI-0073,2024-07-03,0.27745626520987154
AOI-0073,2024-07-11,0.25508358018877353
AOI-0073,2024-07-13,0.25508358018877353
AOI-0073,2024-07-21,0.21260649884626595
AOI-0073,2024-07-25,0.17968991998238809
AOI-0073,2024-08-12,0.18956533310920265
AOI-0073,2024-08-28,0.17114856769677511
AOI-0073,2024-09-01,0.18482245094498229
AOI-0073,2024-09-13,0.17991476215673163
AOI-0073,2024-09-29,0.19758961160184774
AOI-0073,2025-04-07,0.17398251449487839
AOI-0073,2025-04-15,0.17949350587249566
AOI-0073,2025-04-19,0.1809593371069618
AOI-0073,2025-04-22,0.18203429778611768
AOI-0073,2025-04-23,0.18203429778611768
AOI-0073,2025-04-29,0.17710274928211556
AOI-0073,2025-05-11,0.32572260592758928
AOI-0073,2025-05-22,0.20610701889374325
AOI-0073,2025-05-29,0.26691154706806314
AOI-0073,2025-06-03,0.37787689077135489
AOI-0073,2025-06-30,0.82204047222604282
AOI-0073,2025-07-06,0.82127226080743077
AOI-0073,2025-07-08,0.82127226080743077
AOI-0073,2025-07-28,0.70832885219569952
AOI-0073,2025-08-05,0.67913835846856019
AOI-0073,2025-08-07,0.67913835846856019
AOI-0073,2025-08-22,0.44158561976068234
AOI-0073,2025-08-27,0.44158561976068234
AOI-0073,2025-09-22,0.28670159358978003
AOI-0074,2010-07-12,0.26302525813550381
AOI-0074,2010-08-29,0.31832558177117004
AOI-0074,2011-05-27,0.43041608983201907
AOI-0074,2011-06-20,0.64546623914637147
AOI-0074,2011-06-26,0.64546623914637147
AOI-0074,2011-07-06,0.64546623914637147
AOI-0074,2011-09-24,0.37666997414350367
AOI-0074,2013-06-25,0.53560892049127351
AOI-0074,2013-07-03,0.41902882999353602
AOI-0074,2013-07-11,0.41902882999353602
AOI-0074,2013-08-13,0.28764428021254695
AOI-0074,2014-07-14,0.74806175308821832
AOI-0074,2014-07-28,0.74806175308821832
AOI-0074,2014-09-14,0.31408023518534522
AOI-0074,2014-10-16,0.21440549607928655
AOI-0074,2015-04-23,0.29842576210748673
AOI-0074,2015-04-28,0.29842576210748673
AOI-0074,2015-07-25,0.64272852242048184
AOI-0074,2015-10-16,0.20070477636548875
AOI-0074,2015-10-29,0.2505958240003533
AOI-0074,2016-08-12,0.27233147590894186
AOI-0074,2016-08-20,0.27233147590894186
AOI-0074,2017-04-23,0.22717627423660089
AOI-0074,2017-05-04,0.34786723635607131
AOI-0074,2017-05-06,0.34786723635607131
AOI-0074,2017-06-04,0.37930232260589691
AOI-0074,2017-06-05,0.37930232260589691
AOI-0074,2017-06-10,0.37930232260589691
AOI-0074,2017-06-20,0.59444764613872636
AOI-0074,2017-06-26,0.59444764613872636
AOI-0074,2017-07-18,0.77082807060579184
AOI-0074,2017-08-07,0.66572145342218869
AOI-0074,2017-08-17,0.52294143508472724
AOI-0074,2017-09-16,0.33168521785790328
AOI-0074,2017-10-11,0.24849101025322207
AOI-0074,2017-10-16,0.24849101025322207
AOI-0074,2018-04-04,0.22814649610279952
AOI-0074,2018-04-23,0.20327298099285909
AOI-0074,2018-05-06,0.39670621181235682
AOI-0074,2018-05-11,0.51396824499030402
AOI-0074,2018-05-22,0.51396824499030402
AOI-0074,2018-05-26,0.47352325468649009
AOI-0074,2018-05-30,0.47352325468649009
AOI-0074,2018-07-13,0.77970092319152928
AOI-0074,2018-08-18,0.7320145309898356
AOI-0074,2018-09-14,0.30923334507409161
AOI-0074,2018-09-19,0.30923334507409161
AOI-0074,2018-09-30,0.30923334507409161
AOI-0074,2019-04-23,0.14220884646989429
AOI-0074,2019-05-04,0.15426477142586148
AOI-0074,2019-05-14,0.28007168837127139
AOI-0074,2019-05-16,0.28007168837127139
AOI-0074,2019-05-31,0.4468611411959621
AOI-0074,2019-06-13,0.68573378591588541
AOI-0074,2019-07-13,0.66883759341245619
AOI-0074,2019-08-05,0.34927521120230987
AOI-0074,2019-08-09,0.61710327725545033
AOI-0074,2019-09-14,0.24482107524083085
AOI-0074,2020-04-09,0.13364559975408666
AOI-0074,2020-07-06,0.20967550849482436
AOI-0074,2020-07-22,0.17520332637419544
AOI-0074,2020-08-07,0.14569893915574575
AOI-0074,2020-08-26,0.084397848941021897
AOI-0074,2020-09-07,0.16035874239185485
AOI-0074,2020-09-08,0.16035874239185485
AOI-0074,2020-09-12,0.24138987737121476
AOI-0074,2020-10-07,0.1532592703963202
AOI-0074,2020-10-12,0.1532592703963202
AOI-0074,2020-10-18,0.15513967059344563
AOI-0074,2020-10-22,0.185222836355079
AOI-0074,2021-04-25,0.08759170310007465
AOI-0074,2021-06-23,0.58085921742443325
AOI-0074,2021-06-27,0.69944389499717918
AOI-0074,2021-07-17,0.71427618049370845
AOI-0074,2021-08-03,0.57623600668134367
AOI-0074,2021-08-06,0.57623600668134367
AOI-0074,2021-08-19,0.39591949128713966
AOI-0074,2021-09-03,0.14998200371637355
AOI-0074,2021-10-06,0.17151899189465994
AOI-0074,2021-10-17,0.26812625460165163
AOI-0074,2021-10-20,0.26812625460165163
AOI-0074,2021-10-27,0.23552337487021374
AOI-0074,2022-05-30,0.35651937930358668
AOI-0074,2022-07-12,0.7703864061265876
AOI-0074,2022-08-29,0.49862932589012626
AOI-0074,2022-10-16,0.2379171249701037
AOI-0074,2023-04-28,0.24622735602990875
AOI-0074,2023-05-30,0.41788239151844342
AOI-0074,2023-06-09,0.62775214260841805
AOI-0074,2023-06-19,0.47856937701182245
AOI-0074,2023-07-14,0.39126642644359233
AOI-0074,2023-08-16,0.21456294024763217
AOI-0074,2023-09-14,0.18582620794790389
AOI-0074,2023-10-11,0.27187551887832451
AOI-0074,2024-04-17,0.48638040863398102
AOI-0074,2024-05-08,0.62506466506965697
AOI-0074,2024-05-09,0.62506466506965697
AOI-0074,2024-06-06,0.52940590005934185
AOI-0074,2024-07-08,0.27755360555876119
AOI-0074,2024-07-18,0.30177120663693235
AOI-0074,2024-07-27,0.16649910719936956
AOI-0074,2024-08-12,0.18839012571307789
AOI-0074,2024-08-28,0.15475285464952715
AOI-0074,2024-09-04,0.16051448136727009
AOI-0074,2024-09-09,0.22129087903258773
AOI-0074,2025-04-07,0.15843187423491178
AOI-0074,2025-04-15,0.16997068850730318
AOI-0074,2025-05-12,0.20562699043145033
AOI-0074,2025-05-14,0.20562699043145033
AOI-0074,2025-06-01,0.32483557311413491
AOI-0074,2025-06-10,0.43724606688998352
AOI-0074,2025-07-06,0.80837510951073399
AOI-0074,2025-07-16,0.64772721245854248
AOI-0074,2025-08-05,0.64737207219946935
AOI-0074,2025-08-19,0.47339788688981244
AOI-0074,2025-09-08,0.25252662907794787
AOI-0074,2025-09-22,0.25049638016136422
AOI-0074,2025-10-01,0.25336378856711556
AOI-0074,2025-10-26,0.23424243070505621
AOI-0075,2025-04-07,0.24615206007727131
AOI-0075,2025-04-12,0.24615206007727131
AOI-0075,2025-07-12,0.57029399063772068
AOI-0075,2025-07-18,0.50335924752300842
AOI-0075,2025-08-21,0.49656880868370479
AOI-0075,2025-08-30,0.45750036528147781
AOI-0075,2025-09-08,0.4694969099346824
AOI-0075,2025-09-16,0.33203040836213044
AOI-0075,2025-09-21,0.33203040836213044
AOI-0075,2025-10-29,0.29417015140732627
AOI-0076,2025-04-19,0.2164206667451708
AOI-0076,2025-05-01,0.24679283177674136
AOI-0076,2025-05-11,0.41701065620700539
AOI-0076,2025-05-25,0.44531777539806966
AOI-0076,2025-07-10,0.81298846757911358
AOI-0076,2025-07-31,0.69275694020859691
AOI-0076,2025-08-21,0.38259009378285358
AOI-0076,2025-08-27,0.33565364967545241
AOI-0076,2025-09-01,0.3157162114340451
AOI-0076,2025-09-21,0.2413518682096
AOI-0076,2025-09-22,0.2413518682096
AOI-0076,2025-10-01,0.2283783091946214
AOI-0076,2025-10-04,0.2283783091946214
AOI-0077,2025-05-09,0.7492276153206695
AOI-0077,2025-06-06,0.52270502757895509
AOI-0077,2025-06-21,0.37190412389114785
AOI-0077,2025-07-12,0.22420699102663205
AOI-0077,2025-08-22,0.17533230233990227
AOI-0077,2025-08-27,0.17533230233990227
AOI-0077,2025-08-30,0.17942010100621469
AOI-0077,2025-09-11,0.24760920313356419
AOI-0077,2025-09-22,0.18718636247430237
AOI-0078,2025-05-02,0.8334402354130388
AOI-0078,2025-05-25,0.70537416501110517
AOI-0078,2025-06-01,0.60594674388947922
AOI-0078,2025-06-03,0.60594674388947922
AOI-0078,2025-06-06,0.60594674388947922
AOI-0078,2025-06-10,0.64087622614659623
AOI-0078,2025-07-04,0.23038401252505544
AOI-0078,2025-07-10,0.21645485643324525
AOI-0078,2025-07-11,0.21645485643324525
AOI-0078,2025-07-13,0.20946245718053
AOI-0078,2025-08-10,0.19421085156995549
AOI-0078,2025-08-15,0.18499818659595701
AOI-0078,2025-09-08,0.16468520776012691
AOI-0078,2025-10-04,0.20341001390735863
