anon_polygon_id,start,end,duration_days,n_points,n_observed,min_z,mean_z,negative_area,confidence,severity,level,reason_codes,explanation
AOI-0018,2020-06-24,2020-10-19,117,68,59,-4.693414162683803,-2.670549057689545,39.75742485895032,1.0,39.7574,критическая,повышенная температура (выше 80-го перцентиля); длительное отклонение,"С 2020-06-24 по 2020-10-19 (117 дн.) NDVI поля AOI-0018 был ниже собственной исторической нормы, минимум z = -4.69. Совпадения: повышенная температура (выше 80-го перцентиля); длительное отклонение. Это описание отклонения, а не установленная причина."
AOI-0057,2013-05-25,2013-08-13,80,18,18,-12.14147678199037,-4.563291649877421,29.919765152106653,1.0,29.9198,критическая,вероятна смена культуры или пар: отклонение охватывает почти весь сезон,"С 2013-05-25 по 2013-08-13 (80 дн.) NDVI поля AOI-0057 был ниже собственной исторической нормы, минимум z = -12.14. Совпадения: вероятна смена культуры или пар: отклонение охватывает почти весь сезон. Это описание отклонения, а не установленная причина."
AOI-0029,2018-04-11,2018-06-20,70,17,15,-3.907189532112014,-2.274451410957653,29.535119336250112,1.0,29.5351,критическая,дефицит осадков (ниже 20-го перцентиля прошлых лет); вероятна смена культуры или пар: отклонение охватывает почти весь сезон,"С 2018-04-11 по 2018-06-20 (70 дн.) NDVI поля AOI-0029 был ниже собственной исторической нормы, минимум z = -3.91. Совпадения: дефицит осадков (ниже 20-го перцентиля прошлых лет); вероятна смена культуры или пар: отклонение охватывает почти весь сезон. Это описание отклонения, а не установленная причина."
AOI-0065,2015-04-07,2015-06-09,63,12,12,-11.562545119739772,-6.7550418923439475,27.80015014043682,1.0,27.8002,критическая,вероятна смена культуры или пар: отклонение охватывает почти весь сезон,"С 2015-04-07 по 2015-06-09 (63 дн.) NDVI поля AOI-0065 был ниже собственной исторической нормы, минимум z = -11.56. Совпадения: вероятна смена культуры или пар: отклонение охватывает почти весь сезон. Это описание отклонения, а не установленная причина."
AOI-0016,2021-06-26,2021-09-04,70,38,34,-4.596625750139431,-2.7474211674819315,27.397524262313663,1.0,27.3975,критическая,длительное отклонение,"С 2021-06-26 по 2021-09-04 (70 дн.) NDVI поля AOI-0016 был ниже собственной исторической нормы, минимум z = -4.60. Совпадения: длительное отклонение. Это описание отклонения, а не установленная причина."
AOI-0002,2014-06-21,2014-10-16,117,21,21,-4.665654423512041,-2.057033505730124,26.98823610461365,1.0,26.9882,критическая,дефицит осадков (ниже 20-го перцентиля прошлых лет); длительное отклонение,"С 2014-06-21 по 2014-10-16 (117 дн.) NDVI поля AOI-0002 был ниже собственной исторической нормы, минимум z = -4.67. Совпадения: дефицит осадков (ниже 20-го перцентиля прошлых лет); длительное отклонение. Это описание отклонения, а не установленная причина."
AOI-0075,2021-06-12,2021-08-11,60,35,35,-4.995479006524655,-3.049703106053928,26.132505664734417,1.0,26.1325,критическая,повышенная температура (выше 80-го перцентиля); длительное отклонение,"С 2021-06-12 по 2021-08-11 (60 дн.) NDVI поля AOI-0075 был ниже собственной исторической нормы, минимум z = -5.00. Совпадения: повышенная температура (выше 80-го перцентиля); длительное отклонение. Это описание отклонения, а не установленная причина."
AOI-0022,2024-05-04,2024-06-24,51,21,21,-4.590876333057939,-2.32163015245182,23.69470957762572,1.0,23.6947,критическая,дефицит осадков (ниже 20-го перцентиля прошлых лет); повышенная температура (выше 80-го перцентиля); длительное отклонение,"С 2024-05-04 по 2024-06-24 (51 дн.) NDVI поля AOI-0022 был ниже собственной исторической нормы, минимум z = -4.59. Совпадения: дефицит осадков (ниже 20-го перцентиля прошлых лет); повышенная температура (выше 80-го перцентиля); длительное отклонение. Это описание отклонения, а не установленная причина."
AOI-0026,2020-04-25,2020-06-09,45,17,17,-4.683136030483635,-2.5398928120932327,23.62399418694745,1.0,23.624,критическая,длительное отклонение,"С 2020-04-25 по 2020-06-09 (45 дн.) NDVI поля AOI-0026 был ниже собственной исторической нормы, минимум z = -4.68. Совпадения: длительное отклонение. Это описание отклонения, а не установленная причина."
AOI-0066,2021-04-02,2021-05-20,48,19,18,-6.216876411843056,-3.9165491520240407,22.911831487282463,1.0,22.9118,критическая,длительное отклонение,"С 2021-04-02 по 2021-05-20 (48 дн.) NDVI поля AOI-0066 был ниже собственной исторической нормы, минимум z = -6.22. Совпадения: длительное отклонение. Это описание отклонения, а не установленная причина."
AOI-0012,2015-04-06,2015-06-01,56,9,8,-5.151361969600115,-2.659059864710608,22.04831051260954,1.0,22.0483,критическая,длительное отклонение,"С 2015-04-06 по 2015-06-01 (56 дн.) NDVI поля AOI-0012 был ниже собственной исторической нормы, минимум z = -5.15. Совпадения: длительное отклонение. Это описание отклонения, а не установленная причина."
AOI-0023,2013-06-10,2013-07-28,48,12,12,-3.6857330118215237,-1.9567842942853284,22.04296634847147,1.0,22.043,критическая,дефицит осадков (ниже 20-го перцентиля прошлых лет); длительное отклонение,"С 2013-06-10 по 2013-07-28 (48 дн.) NDVI поля AOI-0023 был ниже собственной исторической нормы, минимум z = -3.69. Совпадения: дефицит осадков (ниже 20-го перцентиля прошлых лет); длительное отклонение. Это описание отклонения, а не установленная причина."
AOI-0016,2024-06-13,2024-08-12,60,30,26,-2.201031837651751,-1.7680414731451362,21.945481042065076,1.0,21.9455,критическая,длительное отклонение,"С 2024-06-13 по 2024-08-12 (60 дн.) NDVI поля AOI-0016 был ниже собственной исторической нормы, минимум z = -2.20. Совпадения: длительное отклонение. Это описание отклонения, а не установленная причина."
AOI-0043,2016-04-22,2016-06-09,48,10,10,-3.2149736041593546,-2.54133668439751,21.753435706702994,1.0,21.7534,критическая,длительное отклонение,"С 2016-04-22 по 2016-06-09 (48 дн.) NDVI поля AOI-0043 был ниже собственной исторической нормы, минимум z = -3.21. Совпадения: длительное отклонение. Это описание отклонения, а не установленная причина."
AOI-0026,2024-05-04,2024-06-13,40,13,13,-4.461329099927826,-2.6862741346503216,21.506926488580838,1.0,21.5069,критическая,дефицит осадков (ниже 20-го перцентиля прошлых лет); повышенная температура (выше 80-го перцентиля); длительное отклонение,"С 2024-05-04 по 2024-06-13 (40 дн.) NDVI поля AOI-0026 был ниже собственной исторической нормы, минимум z = -4.46. Совпадения: дефицит осадков (ниже 20-го перцентиля прошлых лет); повышенная температура (выше 80-го перцентиля); длительное отклонение. Это описание отклонения, а не установленная причина."
AOI-0049,2018-06-10,2018-07-26,46,15,12,-3.7705465019505255,-2.133977208318006,21.149356248273254,1.0,21.1494,критическая,дефицит осадков (ниже 20-го перцентиля прошлых лет); повышенная температура (выше 80-го перцентиля); длительное отклонение,"С 2018-06-10 по 2018-07-26 (46 дн.) NDVI поля AOI-0049 был ниже собственной исторической нормы, минимум z = -3.77. Совпадения: дефицит осадков (ниже 20-го перцентиля прошлых лет); повышенная температура (выше 80-го перцентиля); длительное отклонение. Это описание отклонения, а не установленная причина."
AOI-0018,2019-05-11,2019-07-06,56,33,27,-5.020076278733492,-3.1098696088538995,20.74688998135297,1.0,20.7469,критическая,дефицит осадков (ниже 20-го перцентиля прошлых лет); повышенная температура (выше 80-го перцентиля); длительное отклонение,"С 2019-05-11 по 2019-07-06 (56 дн.) NDVI поля AOI-0018 был ниже собственной исторической нормы, минимум z = -5.02. Совпадения: дефицит осадков (ниже 20-го перцентиля прошлых лет); повышенная температура (выше 80-го перцентиля); длительное отклонение. Это описание отклонения, а не установленная причина."
AOI-0018,2018-07-28,2018-10-16,80,24,19,-4.260958435081932,-2.708487208509571,20.668652563100267,1.0,20.6687,критическая,длительное отклонение,"С 2018-07-28 по 2018-10-16 (80 дн.) NDVI поля AOI-0018 был ниже собственной исторической нормы, минимум z = -4.26. Совпадения: длительное отклонение. Это описание отклонения, а не установленная причина."
AOI-0009,2024-04-09,2024-06-08,60,18,17,-3.5437389903648664,-1.9846501902574554,20.618041631552636,1.0,20.618,критическая,дефицит осадков (ниже 20-го перцентиля прошлых лет); повышенная температура (выше 80-го перцентиля); вероятна смена культуры или пар: отклонение охватывает почти весь сезон,"С 2024-04-09 по 2024-06-08 (60 дн.) NDVI поля AOI-0009 был ниже собственной исторической нормы, минимум z = -3.54. Совпадения: дефицит осадков (ниже 20-го перцентиля прошлых лет); повышенная температура (выше 80-го перцентиля); вероятна смена культуры или пар: отклонение охватывает почти весь сезон. Это описание отклонения, а не установленная причина."
AOI-0016,2023-06-29,2023-08-28,60,31,25,-3.1822251336136844,-1.8471510370350666,19.93950061492069,1.0,19.9395,критическая,длительное отклонение,"С 2023-06-29 по 2023-08-28 (60 дн.) NDVI поля AOI-0016 был ниже собственной исторической нормы, минимум z = -3.18. Совпадения: длительное отклонение. Это описание отклонения, а не установленная причина."
AOI-0024,2014-07-23,2014-10-16,85,24,20,-3.55155590913321,-2.097288988232945,19.89656646818066,1.0,19.8966,критическая,дефицит осадков (ниже 20-го перцентиля прошлых лет); длительное отклонение,"С 2014-07-23 по 2014-10-16 (85 дн.) NDVI поля AOI-0024 был ниже собственной исторической нормы, минимум z = -3.55. Совпадения: дефицит осадков (ниже 20-го перцентиля прошлых лет); длительное отклонение. Это описание отклонения, а не установленная причина."
AOI-0029,2024-05-09,2024-06-18,40,9,8,-2.504159313101693,-1.8999708413632055,19.8444077268878,1.0,19.8444,критическая,дефицит осадков (ниже 20-го перцентиля прошлых лет); повышенная температура (выше 80-го перцентиля); длительное отклонение,"С 2024-05-09 по 2024-06-18 (40 дн.) NDVI поля AOI-0029 был ниже собственной исторической нормы, минимум z = -2.50. Совпадения: дефицит осадков (ниже 20-го перцентиля прошлых лет); повышенная температура (выше 80-го перцентиля); длительное отклонение. Это описание отклонения, а не установленная причина."
AOI-0018,2021-07-14,2021-09-13,61,33,26,-2.8746921643314733,-1.8710946450562225,19.560196401740598,1.0,19.5602,критическая,длительное отклонение,"С 2021-07-14 по 2021-09-13 (61 дн.) NDVI поля AOI-0018 был ниже собственной исторической нормы, минимум z = -2.87. Совпадения: длительное отклонение. Это описание отклонения, а не установленная причина."
AOI-0029,2022-04-24,2022-06-09,46,14,13,-3.1758697603316763,-2.289730821721162,19.307079621141852,1.0,19.3071,критическая,длительное отклонение,"С 2022-04-24 по 2022-06-09 (46 дн.) NDVI поля AOI-0029 был ниже собственной исторической нормы, минимум z = -3.18. Совпадения: длительное отклонение. Это описание отклонения, а не установленная причина."
AOI-0049,2014-06-10,2014-07-28,48,10,9,-6.827616648821814,-4.404487758336156,19.19585566441556,1.0,19.1959,критическая,длительное отклонение,"С 2014-06-10 по 2014-07-28 (48 дн.) NDVI поля AOI-0049 был ниже собственной исторической нормы, минимум z = -6.83. Совпадения: длительное отклонение. Это описание отклонения, а не установленная причина."
AOI-0018,2022-04-05,2022-06-09,65,23,18,-4.181105349619536,-2.1397026238129544,18.83836050213868,1.0,18.8384,критическая,вероятна смена культуры или пар: отклонение охватывает почти весь сезон,"С 2022-04-05 по 2022-06-09 (65 дн.) NDVI поля AOI-0018 был ниже собственной исторической нормы, минимум z = -4.18. Совпадения: вероятна смена культуры или пар: отклонение охватывает почти весь сезон. Это описание отклонения, а не установленная причина."
AOI-0078,2020-06-27,2020-08-11,45,22,18,-2.824482565923737,-1.6976802693944153,18.369296531580716,1.0,18.3693,критическая,дефицит осадков (ниже 20-го перцентиля прошлых лет); повышенная температура (выше 80-го перцентиля); длительное отклонение,"С 2020-06-27 по 2020-08-11 (45 дн.) NDVI поля AOI-0078 был ниже собственной исторической нормы, минимум z = -2.82. Совпадения: дефицит осадков (ниже 20-го перцентиля прошлых лет); повышенная температура (выше 80-го перцентиля); длительное отклонение. Это описание отклонения, а не установленная причина."
AOI-0003,2015-04-13,2015-06-01,49,10,10,-5.540805942247248,-2.848910102152961,18.097989197381843,1.0,18.098,критическая,длительное отклонение,"С 2015-04-13 по 2015-06-01 (49 дн.) NDVI поля AOI-0003 был ниже собственной исторической нормы, минимум z = -5.54. Совпадения: длительное отклонение. Это описание отклонения, а не установленная причина."
AOI-0021,2017-04-26,2017-06-06,41,14,14,-7.064635333233658,-2.30558880020645,17.966984955919376,1.0,17.967,критическая,длительное отклонение,"С 2017-04-26 по 2017-06-06 (41 дн.) NDVI поля AOI-0021 был ниже собственной исторической нормы, минимум z = -7.06. Совпадения: длительное отклонение. Это описание отклонения, а не установленная причина."
AOI-0057,2020-04-25,2020-06-05,41,18,18,-3.644156609445909,-2.541461247379869,17.722610726006675,1.0,17.7226,критическая,длительное отклонение,"С 2020-04-25 по 2020-06-05 (41 дн.) NDVI поля AOI-0057 был ниже собственной исторической нормы, минимум z = -3.64. Совпадения: длительное отклонение. Это описание отклонения, а не установленная причина."
AOI-0075,2018-06-18,2018-07-28,40,12,12,-4.066562656158106,-2.909373631170354,17.672789129254934,1.0,17.6728,критическая,длительное отклонение,"С 2018-06-18 по 2018-07-28 (40 дн.) NDVI поля AOI-0075 был ниже собственной исторической нормы, минимум z = -4.07. Совпадения: длительное отклонение. Это описание отклонения, а не установленная причина."
AOI-0016,2018-08-20,2018-10-30,71,21,21,-3.0980387772277553,-2.104624980083424,17.644887311964073,1.0,17.6449,критическая,длительное отклонение,"С 2018-08-20 по 2018-10-30 (71 дн.) NDVI поля AOI-0016 был ниже собственной исторической нормы, минимум z = -3.10. Совпадения: длительное отклонение. Это описание отклонения, а не установленная причина."
AOI-0065,2024-06-09,2024-08-12,64,28,28,-1.6298308297411515,-1.3403875222564476,17.60452217960123,1.0,17.6045,угнетение,дефицит осадков (ниже 20-го перцентиля прошлых лет); повышенная температура (выше 80-го перцентиля); длительное отклонение,"С 2024-06-09 по 2024-08-12 (64 дн.) NDVI поля AOI-0065 был ниже собственной исторической нормы, минимум z = -1.63. Совпадения: дефицит осадков (ниже 20-го перцентиля прошлых лет); повышенная температура (выше 80-го перцентиля); длительное отклонение. Это описание отклонения, а не установленная причина."
AOI-0012,2021-04-02,2021-05-25,53,15,13,-3.934470645308352,-2.275654363497993,17.09726004856064,1.0,17.0973,критическая,длительное отклонение,"С 2021-04-02 по 2021-05-25 (53 дн.) NDVI поля AOI-0012 был ниже собственной исторической нормы, минимум z = -3.93. Совпадения: длительное отклонение. Это описание отклонения, а не установленная причина."
AOI-0057,2017-04-16,2017-06-05,50,18,16,-3.8611499041503943,-2.4814331572346475,16.83324304481345,1.0,16.8332,критическая,длительное отклонение,"С 2017-04-16 по 2017-06-05 (50 дн.) NDVI поля AOI-0057 был ниже собственной исторической нормы, минимум z = -3.86. Совпадения: длительное отклонение. Это описание отклонения, а не установленная причина."
AOI-0016,2018-04-29,2018-06-20,52,17,15,-3.056664502219559,-2.1549904995685365,16.75367001808393,1.0,16.7537,критическая,длительное отклонение,"С 2018-04-29 по 2018-06-20 (52 дн.) NDVI поля AOI-0016 был ниже собственной исторической нормы, минимум z = -3.06. Совпадения: длительное отклонение. Это описание отклонения, а не установленная причина."
AOI-0065,2017-04-13,2017-05-29,46,12,12,-5.782685752153072,-3.5640033991635565,16.59499511071604,1.0,16.595,критическая,длительное отклонение,"С 2017-04-13 по 2017-05-29 (46 дн.) NDVI поля AOI-0065 был ниже собственной исторической нормы, минимум z = -5.78. Совпадения: длительное отклонение. Это описание отклонения, а не установленная причина."
AOI-0022,2015-05-15,2015-06-24,40,11,11,-4.250347124043967,-2.7240842927161943,16.589236129796184,1.0,16.5892,критическая,длительное отклонение,"С 2015-05-15 по 2015-06-24 (40 дн.) NDVI поля AOI-0022 был ниже собственной исторической нормы, минимум z = -4.25. Совпадения: длительное отклонение. Это описание отклонения, а не установленная причина."
AOI-0048,2024-05-09,2024-06-15,37,13,13,-3.4042930045712083,-1.823688024815295,16.28573388855358,1.0,16.2857,критическая,дефицит осадков (ниже 20-го перцентиля прошлых лет); повышенная температура (выше 80-го перцентиля); длительное отклонение,"С 2024-05-09 по 2024-06-15 (37 дн.) NDVI поля AOI-0048 был ниже собственной исторической нормы, минимум z = -3.40. Совпадения: дефицит осадков (ниже 20-го перцентиля прошлых лет); повышенная температура (выше 80-го перцентиля); длительное отклонение. Это описание отклонения, а не установленная причина."
AOI-0064,2013-06-10,2013-07-29,49,10,10,-4.988437412434921,-2.689833009115195,16.113695158117242,1.0,16.1137,критическая,длительное отклонение,"С 2013-06-10 по 2013-07-29 (49 дн.) NDVI поля AOI-0064 был ниже собственной исторической нормы, минимум z = -4.99. Совпадения: длительное отклонение. Это описание отклонения, а не установленная причина."
AOI-0060,2020-06-25,2020-08-08,44,20,20,-2.4084256144375877,-1.7694254373728626,15.312027717763474,1.0,15.312,критическая,длительное отклонение,"С 2020-06-25 по 2020-08-08 (44 дн.) NDVI поля AOI-0060 был ниже собственной исторической нормы, минимум z = -2.41. Совпадения: длительное отклонение. Это описание отклонения, а не установленная причина."
AOI-0052,2016-06-18,2016-08-28,71,19,19,-1.967026594286239,-1.5255068126814322,14.94740988051418,1.0,14.9474,угнетение,длительное отклонение,"С 2016-06-18 по 2016-08-28 (71 дн.) NDVI поля AOI-0052 был ниже собственной исторической нормы, минимум z = -1.97. Совпадения: длительное отклонение. Это описание отклонения, а не установленная причина."
AOI-0066,2018-04-11,2018-05-16,35,8,7,-8.21235530252859,-4.77965728643052,14.937017642796148,1.0,14.937,критическая,дефицит осадков (ниже 20-го перцентиля прошлых лет); повышенная температура (выше 80-го перцентиля); длительное отклонение,"С 2018-04-11 по 2018-05-16 (35 дн.) NDVI поля AOI-0066 был ниже собственной исторической нормы, минимум z = -8.21. Совпадения: дефицит осадков (ниже 20-го перцентиля прошлых лет); повышенная температура (выше 80-го перцентиля); длительное отклонение. Это описание отклонения, а не установленная причина."
AOI-0049,2020-06-24,2020-07-27,33,15,14,-2.8255901862401336,-1.8339121875167603,14.794977809649977,1.0,14.795,критическая,длительное отклонение,"С 2020-06-24 по 2020-07-27 (33 дн.) NDVI поля AOI-0049 был ниже собственной исторической нормы, минимум z = -2.83. Совпадения: длительное отклонение. Это описание отклонения, а не установленная причина."
AOI-0011,2024-04-22,2024-06-03,42,12,12,-3.9659247362067567,-2.630020772774196,14.733148279733228,1.0,14.7331,критическая,дефицит осадков (ниже 20-го перцентиля прошлых лет); повышенная температура (выше 80-го перцентиля); длительное отклонение,"С 2024-04-22 по 2024-06-03 (42 дн.) NDVI поля AOI-0011 был ниже собственной исторической нормы, минимум z = -3.97. Совпадения: дефицит осадков (ниже 20-го перцентиля прошлых лет); повышенная температура (выше 80-го перцентиля); длительное отклонение. Это описание отклонения, а не установленная причина."
AOI-0052,2023-05-04,2023-06-06,33,13,13,-2.9462030396060204,-2.1018684760853117,14.52141280331254,1.0,14.5214,критическая,длительное отклонение,"С 2023-05-04 по 2023-06-06 (33 дн.) NDVI поля AOI-0052 был ниже собственной исторической нормы, минимум z = -2.95. Совпадения: длительное отклонение. Это описание отклонения, а не установленная причина."
AOI-0006,2017-05-01,2017-06-05,35,9,8,-2.966505318384617,-2.2830234431441383,14.466478483085968,1.0,14.4665,критическая,длительное отклонение,"С 2017-05-01 по 2017-06-05 (35 дн.) NDVI поля AOI-0006 был ниже собственной исторической нормы, минимум z = -2.97. Совпадения: длительное отклонение. Это описание отклонения, а не установленная причина."
AOI-0063,2020-04-10,2020-05-21,41,16,16,-2.630492550514818,-1.824667217624714,14.32793515944861,1.0,14.3279,критическая,дефицит осадков (ниже 20-го перцентиля прошлых лет); длительное отклонение,"С 2020-04-10 по 2020-05-21 (41 дн.) NDVI поля AOI-0063 был ниже собственной исторической нормы, минимум z = -2.63. Совпадения: дефицит осадков (ниже 20-го перцентиля прошлых лет); длительное отклонение. Это описание отклонения, а не установленная причина."
AOI-0064,2015-04-30,2015-06-09,40,8,8,-4.140993737766708,-2.296007616792579,14.318768442216927,1.0,14.3188,критическая,длительное отклонение,"С 2015-04-30 по 2015-06-09 (40 дн.) NDVI поля AOI-0064 был ниже собственной исторической нормы, минимум z = -4.14. Совпадения: длительное отклонение. Это описание отклонения, а не установленная причина."
AOI-0047,2018-05-24,2018-06-26,33,9,6,-3.4113987672399326,-2.466328616752605,14.229069994102119,1.0,14.2291,критическая,дефицит осадков (ниже 20-го перцентиля прошлых лет); длительное отклонение,"С 2018-05-24 по 2018-06-26 (33 дн.) NDVI поля AOI-0047 был ниже собственной исторической нормы, минимум z = -3.41. Совпадения: дефицит осадков (ниже 20-го перцентиля прошлых лет); длительное отклонение. Это описание отклонения, а не установленная причина."
AOI-0003,2017-04-26,2017-05-29,33,12,12,-5.645140368882085,-2.78399813102066,13.860250918338526,1.0,13.8603,критическая,длительное отклонение,"С 2017-04-26 по 2017-05-29 (33 дн.) NDVI поля AOI-0003 был ниже собственной исторической нормы, минимум z = -5.65. Совпадения: длительное отклонение. Это описание отклонения, а не установленная причина."
AOI-0006,2019-06-19,2019-07-22,33,13,12,-2.5761532434403223,-1.7775545438247824,13.789902391538226,1.0,13.7899,критическая,длительное отклонение,"С 2019-06-19 по 2019-07-22 (33 дн.) NDVI поля AOI-0006 был ниже собственной исторической нормы, минимум z = -2.58. Совпадения: длительное отклонение. Это описание отклонения, а не установленная причина."
AOI-0006,2023-05-05,2023-06-06,32,10,8,-4.738924203143755,-2.350167912613147,13.62124130449121,1.0,13.6212,критическая,длительное отклонение,"С 2023-05-05 по 2023-06-06 (32 дн.) NDVI поля AOI-0006 был ниже собственной исторической нормы, минимум z = -4.74. Совпадения: длительное отклонение. Это описание отклонения, а не установленная причина."
AOI-0057,2022-05-30,2022-06-26,27,10,9,-3.8377210712293155,-2.3500315142395327,13.208785599975332,1.0,13.2088,критическая,"погодная аномалия не обнаружена; возможны уборка, смена культуры или качество съёмки","С 2022-05-30 по 2022-06-26 (27 дн.) NDVI поля AOI-0057 был ниже собственной исторической нормы, минимум z = -3.84. Совпадения: погодная аномалия не обнаружена; возможны уборка, смена культуры или качество съёмки. Это описание отклонения, а не установленная причина."
AOI-0015,2013-06-03,2013-07-12,39,9,9,-3.367402494411533,-2.109271094579782,13.064963385832032,1.0,13.065,критическая,дефицит осадков (ниже 20-го перцентиля прошлых лет); повышенная температура (выше 80-го перцентиля); длительное отклонение,"С 2013-06-03 по 2013-07-12 (39 дн.) NDVI поля AOI-0015 был ниже собственной исторической нормы, минимум z = -3.37. Совпадения: дефицит осадков (ниже 20-го перцентиля прошлых лет); повышенная температура (выше 80-го перцентиля); длительное отклонение. Это описание отклонения, а не установленная причина."
AOI-0008,2024-05-09,2024-06-08,30,7,7,-3.2376825707372707,-2.3130067760255777,13.045096615434062,1.0,13.0451,критическая,длительное отклонение,"С 2024-05-09 по 2024-06-08 (30 дн.) NDVI поля AOI-0008 был ниже собственной исторической нормы, минимум z = -3.24. Совпадения: длительное отклонение. Это описание отклонения, а не установленная причина."
AOI-0006,2013-04-23,2013-05-25,32,6,6,-5.998104163045104,-3.1327021393910406,12.864423950117452,1.0,12.8644,критическая,длительное отклонение,"С 2013-04-23 по 2013-05-25 (32 дн.) NDVI поля AOI-0006 был ниже собственной исторической нормы, минимум z = -6.00. Совпадения: длительное отклонение. Это описание отклонения, а не установленная причина."
AOI-0052,2018-04-28,2018-05-31,33,11,11,-2.5328704362679773,-1.66117044953349,12.863674707547922,1.0,12.8637,критическая,дефицит осадков (ниже 20-го перцентиля прошлых лет); повышенная температура (выше 80-го перцентиля); длительное отклонение,"С 2018-04-28 по 2018-05-31 (33 дн.) NDVI поля AOI-0052 был ниже собственной исторической нормы, минимум z = -2.53. Совпадения: дефицит осадков (ниже 20-го перцентиля прошлых лет); повышенная температура (выше 80-го перцентиля); длительное отклонение. Это описание отклонения, а не установленная причина."
AOI-0049,2022-06-24,2022-07-24,30,17,15,-2.033160619672264,-1.5074327933465206,12.835416713470147,1.0,12.8354,критическая,дефицит осадков (ниже 20-го перцентиля прошлых лет); длительное отклонение,"С 2022-06-24 по 2022-07-24 (30 дн.) NDVI поля AOI-0049 был ниже собственной исторической нормы, минимум z = -2.03. Совпадения: дефицит осадков (ниже 20-го перцентиля прошлых лет); длительное отклонение. Это описание отклонения, а не установленная причина."
AOI-0022,2022-05-09,2022-06-06,28,13,13,-4.711458758803258,-2.349783819955849,12.799172241050266,1.0,12.7992,критическая,дефицит осадков (ниже 20-го перцентиля прошлых лет),"С 2022-05-09 по 2022-06-06 (28 дн.) NDVI поля AOI-0022 был ниже собственной исторической нормы, минимум z = -4.71. Совпадения: дефицит осадков (ниже 20-го перцентиля прошлых лет). Это описание отклонения, а не установленная причина."
AOI-0043,2019-04-23,2019-05-25,32,16,16,-2.3298408177367254,-1.5384915242628203,12.784554178475389,1.0,12.7846,критическая,длительное отклонение,"С 2019-04-23 по 2019-05-25 (32 дн.) NDVI поля AOI-0043 был ниже собственной исторической нормы, минимум z = -2.33. Совпадения: длительное отклонение. Это описание отклонения, а не установленная причина."
AOI-0047,2020-05-15,2020-06-14,30,15,14,-2.274562371424757,-1.7273294713469245,12.688992104736478,1.0,12.689,критическая,длительное отклонение,"С 2020-05-15 по 2020-06-14 (30 дн.) NDVI поля AOI-0047 был ниже собственной исторической нормы, минимум z = -2.27. Совпадения: длительное отклонение. Это описание отклонения, а не установленная причина."
AOI-0026,2016-05-08,2016-06-09,32,4,4,-5.236348058651531,-2.7815640394513585,12.589975046520316,1.0,12.59,критическая,длительное отклонение,"С 2016-05-08 по 2016-06-09 (32 дн.) NDVI поля AOI-0026 был ниже собственной исторической нормы, минимум z = -5.24. Совпадения: длительное отклонение. Это описание отклонения, а не установленная причина."
AOI-0022,2013-04-24,2013-06-10,47,8,8,-3.383433280742433,-1.907231467836779,12.362499077677283,1.0,12.3625,критическая,дефицит осадков (ниже 20-го перцентиля прошлых лет); повышенная температура (выше 80-го перцентиля); длительное отклонение,"С 2013-04-24 по 2013-06-10 (47 дн.) NDVI поля AOI-0022 был ниже собственной исторической нормы, минимум z = -3.38. Совпадения: дефицит осадков (ниже 20-го перцентиля прошлых лет); повышенная температура (выше 80-го перцентиля); длительное отклонение. Это описание отклонения, а не установленная причина."
AOI-0063,2014-06-22,2014-07-28,36,7,7,-3.1328160808502754,-2.089394561301195,12.288586164659336,1.0,12.2886,критическая,длительное отклонение,"С 2014-06-22 по 2014-07-28 (36 дн.) NDVI поля AOI-0063 был ниже собственной исторической нормы, минимум z = -3.13. Совпадения: длительное отклонение. Это описание отклонения, а не установленная причина."
AOI-0003,2022-05-15,2022-06-13,29,14,14,-3.193318527044529,-2.193515025879211,12.127908564860086,1.0,12.1279,критическая,дефицит осадков (ниже 20-го перцентиля прошлых лет),"С 2022-05-15 по 2022-06-13 (29 дн.) NDVI поля AOI-0003 был ниже собственной исторической нормы, минимум z = -3.19. Совпадения: дефицит осадков (ниже 20-го перцентиля прошлых лет). Это описание отклонения, а не установленная причина."
AOI-0011,2014-06-10,2014-07-16,36,7,7,-1.8629103919615222,-1.4806655268577715,11.874167898227032,1.0,11.8742,угнетение,дефицит осадков (ниже 20-го перцентиля прошлых лет); длительное отклонение,"С 2014-06-10 по 2014-07-16 (36 дн.) NDVI поля AOI-0011 был ниже собственной исторической нормы, минимум z = -1.86. Совпадения: дефицит осадков (ниже 20-го перцентиля прошлых лет); длительное отклонение. Это описание отклонения, а не установленная причина."
AOI-0052,2020-04-25,2020-05-20,25,11,11,-2.375693844931667,-1.8084923409309632,11.865690610503401,1.0,11.8657,критическая,дефицит осадков (ниже 20-го перцентиля прошлых лет),"С 2020-04-25 по 2020-05-20 (25 дн.) NDVI поля AOI-0052 был ниже собственной исторической нормы, минимум z = -2.38. Совпадения: дефицит осадков (ниже 20-го перцентиля прошлых лет). Это описание отклонения, а не установленная причина."
AOI-0069,2015-05-09,2015-06-18,40,11,11,-2.3697039940183466,-1.6660573237205811,11.804869628238837,1.0,11.8049,критическая,длительное отклонение,"С 2015-05-09 по 2015-06-18 (40 дн.) NDVI поля AOI-0069 был ниже собственной исторической нормы, минимум z = -2.37. Совпадения: длительное отклонение. Это описание отклонения, а не установленная причина."
AOI-0021,2019-05-11,2019-06-05,25,14,14,-8.462495689732394,-4.0613572470208075,11.7719844565353,1.0,11.772,критическая,"погодная аномалия не обнаружена; возможны уборка, смена культуры или качество съёмки","С 2019-05-11 по 2019-06-05 (25 дн.) NDVI поля AOI-0021 был ниже собственной исторической нормы, минимум z = -8.46. Совпадения: погодная аномалия не обнаружена; возможны уборка, смена культуры или качество съёмки. Это описание отклонения, а не установленная причина."
AOI-0008,2013-04-24,2013-06-19,56,8,8,-3.02628056114275,-1.8993802352296454,11.553935557363564,1.0,11.5539,критическая,длительное отклонение,"С 2013-04-24 по 2013-06-19 (56 дн.) NDVI поля AOI-0008 был ниже собственной исторической нормы, минимум z = -3.03. Совпадения: длительное отклонение. Это описание отклонения, а не установленная причина."
AOI-0048,2022-05-25,2022-06-21,27,16,16,-3.0417299189917335,-1.936073303312748,11.360517947854156,1.0,11.3605,критическая,дефицит осадков (ниже 20-го перцентиля прошлых лет),"С 2022-05-25 по 2022-06-21 (27 дн.) NDVI поля AOI-0048 был ниже собственной исторической нормы, минимум z = -3.04. Совпадения: дефицит осадков (ниже 20-го перцентиля прошлых лет). Это описание отклонения, а не установленная причина."
AOI-0015,2023-05-12,2023-06-07,26,10,10,-3.4432205748674733,-2.2835974595616952,11.332493794243785,1.0,11.3325,критическая,"погодная аномалия не обнаружена; возможны уборка, смена культуры или качество съёмки","С 2023-05-12 по 2023-06-07 (26 дн.) NDVI поля AOI-0015 был ниже собственной исторической нормы, минимум z = -3.44. Совпадения: погодная аномалия не обнаружена; возможны уборка, смена культуры или качество съёмки. Это описание отклонения, а не установленная причина."
AOI-0050,2024-06-18,2024-08-12,55,21,21,-2.976391802045328,-1.9888220089030386,11.163194155945696,1.0,11.1632,критическая,длительное отклонение,"С 2024-06-18 по 2024-08-12 (55 дн.) NDVI поля AOI-0050 был ниже собственной исторической нормы, минимум z = -2.98. Совпадения: длительное отклонение. Это описание отклонения, а не установленная причина."
AOI-0065,2019-04-25,2019-05-28,33,13,13,-4.237286876646086,-2.5066412062584478,11.160533504109358,1.0,11.1605,критическая,длительное отклонение,"С 2019-04-25 по 2019-05-28 (33 дн.) NDVI поля AOI-0065 был ниже собственной исторической нормы, минимум z = -4.24. Совпадения: длительное отклонение. Это описание отклонения, а не установленная причина."
AOI-0048,2014-05-09,2014-06-07,29,9,9,-8.209424234333849,-3.523940022962039,11.122902129832418,1.0,11.1229,критическая,"погодная аномалия не обнаружена; возможны уборка, смена культуры или качество съёмки","С 2014-05-09 по 2014-06-07 (29 дн.) NDVI поля AOI-0048 был ниже собственной исторической нормы, минимум z = -8.21. Совпадения: погодная аномалия не обнаружена; возможны уборка, смена культуры или качество съёмки. Это описание отклонения, а не установленная причина."
AOI-0048,2016-05-10,2016-06-12,33,8,8,-2.9805640178678026,-1.7745997582488937,10.950331765923472,1.0,10.9503,критическая,длительное отклонение,"С 2016-05-10 по 2016-06-12 (33 дн.) NDVI поля AOI-0048 был ниже собственной исторической нормы, минимум z = -2.98. Совпадения: длительное отклонение. Это описание отклонения, а не установленная причина."
AOI-0022,2018-05-01,2018-06-02,32,10,10,-3.1210344828251415,-1.6112723033420835,10.941656073383536,1.0,10.9417,критическая,дефицит осадков (ниже 20-го перцентиля прошлых лет); длительное отклонение,"С 2018-05-01 по 2018-06-02 (32 дн.) NDVI поля AOI-0022 был ниже собственной исторической нормы, минимум z = -3.12. Совпадения: дефицит осадков (ниже 20-го перцентиля прошлых лет); длительное отклонение. Это описание отклонения, а не установленная причина."
AOI-0026,2018-04-29,2018-05-25,26,6,6,-4.764812722287414,-3.1105791561745093,10.911362959675273,1.0,10.9114,критическая,дефицит осадков (ниже 20-го перцентиля прошлых лет); повышенная температура (выше 80-го перцентиля),"С 2018-04-29 по 2018-05-25 (26 дн.) NDVI поля AOI-0026 был ниже собственной исторической нормы, минимум z = -4.76. Совпадения: дефицит осадков (ниже 20-го перцентиля прошлых лет); повышенная температура (выше 80-го перцентиля). Это описание отклонения, а не установленная причина."
AOI-0002,2019-06-11,2019-07-22,41,15,15,-2.286527290478571,-1.6614307240413488,10.696426159949683,1.0,10.6964,критическая,дефицит осадков (ниже 20-го перцентиля прошлых лет); повышенная температура (выше 80-го перцентиля); длительное отклонение,"С 2019-06-11 по 2019-07-22 (41 дн.) NDVI поля AOI-0002 был ниже собственной исторической нормы, минимум z = -2.29. Совпадения: дефицит осадков (ниже 20-го перцентиля прошлых лет); повышенная температура (выше 80-го перцентиля); длительное отклонение. Это описание отклонения, а не установленная причина."
AOI-0060,2022-06-29,2022-07-28,29,15,15,-2.0457435917206785,-1.5313083884075511,10.55934915584475,1.0,10.5593,критическая,"погодная аномалия не обнаружена; возможны уборка, смена культуры или качество съёмки","С 2022-06-29 по 2022-07-28 (29 дн.) NDVI поля AOI-0060 был ниже собственной исторической нормы, минимум z = -2.05. Совпадения: погодная аномалия не обнаружена; возможны уборка, смена культуры или качество съёмки. Это описание отклонения, а не установленная причина."
AOI-0003,2020-04-25,2020-05-20,25,11,11,-3.6309556380586465,-2.4860110725061255,10.357641623964064,1.0,10.3576,критическая,дефицит осадков (ниже 20-го перцентиля прошлых лет),"С 2020-04-25 по 2020-05-20 (25 дн.) NDVI поля AOI-0003 был ниже собственной исторической нормы, минимум z = -3.63. Совпадения: дефицит осадков (ниже 20-го перцентиля прошлых лет). Это описание отклонения, а не установленная причина."
AOI-0029,2014-05-20,2014-06-13,24,5,3,-4.2840426789454265,-3.155408698851049,10.33513157429823,1.0,10.3351,критическая,"погодная аномалия не обнаружена; возможны уборка, смена культуры или качество съёмки","С 2014-05-20 по 2014-06-13 (24 дн.) NDVI поля AOI-0029 был ниже собственной исторической нормы, минимум z = -4.28. Совпадения: погодная аномалия не обнаружена; возможны уборка, смена культуры или качество съёмки. Это описание отклонения, а не установленная причина."
AOI-0016,2020-08-15,2020-09-27,43,29,25,-2.7444718353005624,-1.5736054901376775,10.234450428705571,1.0,10.2345,критическая,длительное отклонение,"С 2020-08-15 по 2020-09-27 (43 дн.) NDVI поля AOI-0016 был ниже собственной исторической нормы, минимум z = -2.74. Совпадения: длительное отклонение. Это описание отклонения, а не установленная причина."
AOI-0029,2016-04-23,2016-05-25,32,4,4,-2.1256136312756397,-1.5718985449147516,10.219202276946875,1.0,10.2192,критическая,длительное отклонение,"С 2016-04-23 по 2016-05-25 (32 дн.) NDVI поля AOI-0029 был ниже собственной исторической нормы, минимум z = -2.13. Совпадения: длительное отклонение. Это описание отклонения, а не установленная причина."
AOI-0060,2015-05-09,2015-06-08,30,8,8,-3.2950967691733184,-2.2934044823863684,10.058992701402659,1.0,10.059,критическая,длительное отклонение,"С 2015-05-09 по 2015-06-08 (30 дн.) NDVI поля AOI-0060 был ниже собственной исторической нормы, минимум z = -3.30. Совпадения: длительное отклонение. Это описание отклонения, а не установленная причина."
AOI-0021,2023-05-15,2023-06-07,23,8,8,-2.2028115346494204,-1.6711765267528045,10.026137830190844,1.0,10.0261,критическая,"погодная аномалия не обнаружена; возможны уборка, смена культуры или качество съёмки","С 2023-05-15 по 2023-06-07 (23 дн.) NDVI поля AOI-0021 был ниже собственной исторической нормы, минимум z = -2.20. Совпадения: погодная аномалия не обнаружена; возможны уборка, смена культуры или качество съёмки. Это описание отклонения, а не установленная причина."
AOI-0077,2021-07-12,2021-08-11,30,18,18,-2.4644052930830225,-1.9229730883476448,10.003142924861434,1.0,10.0031,критическая,длительное отклонение,"С 2021-07-12 по 2021-08-11 (30 дн.) NDVI поля AOI-0077 был ниже собственной исторической нормы, минимум z = -2.46. Совпадения: длительное отклонение. Это описание отклонения, а не установленная причина."
AOI-0057,2019-04-23,2019-05-21,28,11,8,-3.196382772197471,-2.1266744168549603,9.946470793996047,1.0,9.9465,критическая,"погодная аномалия не обнаружена; возможны уборка, смена культуры или качество съёмки","С 2019-04-23 по 2019-05-21 (28 дн.) NDVI поля AOI-0057 был ниже собственной исторической нормы, минимум z = -3.20. Совпадения: погодная аномалия не обнаружена; возможны уборка, смена культуры или качество съёмки. Это описание отклонения, а не установленная причина."
AOI-0027,2021-05-15,2021-06-09,25,7,7,-4.65119329292808,-2.5220677282110566,9.780734617999169,1.0,9.7807,критическая,"погодная аномалия не обнаружена; возможны уборка, смена культуры или качество съёмки","С 2021-05-15 по 2021-06-09 (25 дн.) NDVI поля AOI-0027 был ниже собственной исторической нормы, минимум z = -4.65. Совпадения: погодная аномалия не обнаружена; возможны уборка, смена культуры или качество съёмки. Это описание отклонения, а не установленная причина."
AOI-0007,2018-05-16,2018-06-10,25,8,8,-2.4831133853807605,-1.849316005480874,9.67568546121045,1.0,9.6757,критическая,дефицит осадков (ниже 20-го перцентиля прошлых лет),"С 2018-05-16 по 2018-06-10 (25 дн.) NDVI поля AOI-0007 был ниже собственной исторической нормы, минимум z = -2.48. Совпадения: дефицит осадков (ниже 20-го перцентиля прошлых лет). Это описание отклонения, а не установленная причина."
AOI-0029,2013-05-25,2013-06-26,32,5,5,-4.688418119890141,-2.7042375783077213,9.673653372438558,1.0,9.6737,критическая,дефицит осадков (ниже 20-го перцентиля прошлых лет); повышенная температура (выше 80-го перцентиля); длительное отклонение,"С 2013-05-25 по 2013-06-26 (32 дн.) NDVI поля AOI-0029 был ниже собственной исторической нормы, минимум z = -4.69. Совпадения: дефицит осадков (ниже 20-го перцентиля прошлых лет); повышенная температура (выше 80-го перцентиля); длительное отклонение. Это описание отклонения, а не установленная причина."
AOI-0035,2024-05-09,2024-06-02,24,10,10,-1.7281646828824526,-1.3445272967694493,9.660777323275507,1.0,9.6608,угнетение,"погодная аномалия не обнаружена; возможны уборка, смена культуры или качество съёмки","С 2024-05-09 по 2024-06-02 (24 дн.) NDVI поля AOI-0035 был ниже собственной исторической нормы, минимум z = -1.73. Совпадения: погодная аномалия не обнаружена; возможны уборка, смена культуры или качество съёмки. Это описание отклонения, а не установленная причина."
AOI-0078,2018-06-28,2018-07-25,27,8,7,-1.7344662299003515,-1.4532246467100824,9.5641758404784,1.0,9.5642,угнетение,"погодная аномалия не обнаружена; возможны уборка, смена культуры или качество съёмки","С 2018-06-28 по 2018-07-25 (27 дн.) NDVI поля AOI-0078 был ниже собственной исторической нормы, минимум z = -1.73. Совпадения: погодная аномалия не обнаружена; возможны уборка, смена культуры или качество съёмки. Это описание отклонения, а не установленная причина."
AOI-0008,2014-05-29,2014-07-24,56,9,9,-2.22912986916562,-1.6702687195407264,9.521069961027125,1.0,9.5211,критическая,длительное отклонение,"С 2014-05-29 по 2014-07-24 (56 дн.) NDVI поля AOI-0008 был ниже собственной исторической нормы, минимум z = -2.23. Совпадения: длительное отклонение. Это описание отклонения, а не установленная причина."
AOI-0041,2020-08-27,2020-10-26,60,31,31,-3.2638045599365637,-1.7288588453972005,9.509209078424453,1.0,9.5092,критическая,длительное отклонение,"С 2020-08-27 по 2020-10-26 (60 дн.) NDVI поля AOI-0041 был ниже собственной исторической нормы, минимум z = -3.26. Совпадения: длительное отклонение. Это описание отклонения, а не установленная причина."
AOI-0023,2021-04-30,2021-05-23,23,12,12,-2.5223644166876733,-1.708329179149587,9.316841878995486,1.0,9.3168,критическая,"погодная аномалия не обнаружена; возможны уборка, смена культуры или качество съёмки","С 2021-04-30 по 2021-05-23 (23 дн.) NDVI поля AOI-0023 был ниже собственной исторической нормы, минимум z = -2.52. Совпадения: погодная аномалия не обнаружена; возможны уборка, смена культуры или качество съёмки. Это описание отклонения, а не установленная причина."
AOI-0025,2023-05-13,2023-06-06,24,5,4,-2.5995338254115596,-1.6958295363529576,9.30746490527792,1.0,9.3075,критическая,"погодная аномалия не обнаружена; возможны уборка, смена культуры или качество съёмки","С 2023-05-13 по 2023-06-06 (24 дн.) NDVI поля AOI-0025 был ниже собственной исторической нормы, минимум z = -2.60. Совпадения: погодная аномалия не обнаружена; возможны уборка, смена культуры или качество съёмки. Это описание отклонения, а не установленная причина."
AOI-0047,2024-05-21,2024-06-09,19,6,5,-2.053833709760605,-1.5524635434270733,9.122935268545527,1.0,9.1229,критическая,дефицит осадков (ниже 20-го перцентиля прошлых лет),"С 2024-05-21 по 2024-06-09 (19 дн.) NDVI поля AOI-0047 был ниже собственной исторической нормы, минимум z = -2.05. Совпадения: дефицит осадков (ниже 20-го перцентиля прошлых лет). Это описание отклонения, а не установленная причина."
AOI-0008,2020-04-25,2020-05-17,22,8,8,-2.976553225370832,-2.117135127494341,9.100558865498854,1.0,9.1006,критическая,"погодная аномалия не обнаружена; возможны уборка, смена культуры или качество съёмки","С 2020-04-25 по 2020-05-17 (22 дн.) NDVI поля AOI-0008 был ниже собственной исторической нормы, минимум z = -2.98. Совпадения: погодная аномалия не обнаружена; возможны уборка, смена культуры или качество съёмки. Это описание отклонения, а не установленная причина."
AOI-0053,2024-05-09,2024-06-13,35,14,14,-2.6061183243728667,-1.8911736443145153,9.038679837780224,1.0,9.0387,критическая,дефицит осадков (ниже 20-го перцентиля прошлых лет); повышенная температура (выше 80-го перцентиля); длительное отклонение,"С 2024-05-09 по 2024-06-13 (35 дн.) NDVI поля AOI-0053 был ниже собственной исторической нормы, минимум z = -2.61. Совпадения: дефицит осадков (ниже 20-го перцентиля прошлых лет); повышенная температура (выше 80-го перцентиля); длительное отклонение. Это описание отклонения, а не установленная причина."
AOI-0056,2018-04-04,2018-05-15,41,13,13,-2.1352719187382325,-1.6922422245352742,9.037942298774993,1.0,9.0379,критическая,длительное отклонение,"С 2018-04-04 по 2018-05-15 (41 дн.) NDVI поля AOI-0056 был ниже собственной исторической нормы, минимум z = -2.14. Совпадения: длительное отклонение. Это описание отклонения, а не установленная причина."
AOI-0020,2018-06-24,2018-08-13,50,14,14,-2.1480168916091116,-1.5631881931770546,8.900349062871534,1.0,8.9003,критическая,дефицит осадков (ниже 20-го перцентиля прошлых лет); повышенная температура (выше 80-го перцентиля); длительное отклонение,"С 2018-06-24 по 2018-08-13 (50 дн.) NDVI поля AOI-0020 был ниже собственной исторической нормы, минимум z = -2.15. Совпадения: дефицит осадков (ниже 20-го перцентиля прошлых лет); повышенная температура (выше 80-го перцентиля); длительное отклонение. Это описание отклонения, а не установленная причина."
AOI-0015,2015-05-15,2015-06-09,25,8,8,-2.79035513018208,-2.0973050012259247,8.822193874022828,1.0,8.8222,критическая,"погодная аномалия не обнаружена; возможны уборка, смена культуры или качество съёмки","С 2015-05-15 по 2015-06-09 (25 дн.) NDVI поля AOI-0015 был ниже собственной исторической нормы, минимум z = -2.79. Совпадения: погодная аномалия не обнаружена; возможны уборка, смена культуры или качество съёмки. Это описание отклонения, а не установленная причина."
AOI-0064,2021-04-30,2021-05-20,20,11,11,-3.4803808328442876,-2.866111253567655,8.727231580179442,1.0,8.7272,критическая,"погодная аномалия не обнаружена; возможны уборка, смена культуры или качество съёмки","С 2021-04-30 по 2021-05-20 (20 дн.) NDVI поля AOI-0064 был ниже собственной исторической нормы, минимум z = -3.48. Совпадения: погодная аномалия не обнаружена; возможны уборка, смена культуры или качество съёмки. Это описание отклонения, а не установленная причина."
AOI-0011,2019-04-25,2019-05-21,26,12,12,-3.5843701057193313,-2.1208658355471486,8.670731319744744,1.0,8.6707,критическая,"погодная аномалия не обнаружена; возможны уборка, смена культуры или качество съёмки","С 2019-04-25 по 2019-05-21 (26 дн.) NDVI поля AOI-0011 был ниже собственной исторической нормы, минимум z = -3.58. Совпадения: погодная аномалия не обнаружена; возможны уборка, смена культуры или качество съёмки. Это описание отклонения, а не установленная причина."
AOI-0034,2015-04-07,2015-05-17,40,6,5,-2.93283919345595,-1.6923761527284882,8.655575408082324,1.0,8.6556,критическая,длительное отклонение,"С 2015-04-07 по 2015-05-17 (40 дн.) NDVI поля AOI-0034 был ниже собственной исторической нормы, минимум z = -2.93. Совпадения: длительное отклонение. Это описание отклонения, а не установленная причина."
AOI-0020,2023-05-12,2023-06-07,26,8,8,-2.2476745256432493,-1.604547593883022,8.515185630196616,1.0,8.5152,критическая,"погодная аномалия не обнаружена; возможны уборка, смена культуры или качество съёмки","С 2023-05-12 по 2023-06-07 (26 дн.) NDVI поля AOI-0020 был ниже собственной исторической нормы, минимум z = -2.25. Совпадения: погодная аномалия не обнаружена; возможны уборка, смена культуры или качество съёмки. Это описание отклонения, а не установленная причина."
AOI-0047,2013-06-10,2013-07-05,25,6,5,-5.791546626907028,-2.8437085151092574,8.456796532743368,1.0,8.4568,критическая,дефицит осадков (ниже 20-го перцентиля прошлых лет); повышенная температура (выше 80-го перцентиля),"С 2013-06-10 по 2013-07-05 (25 дн.) NDVI поля AOI-0047 был ниже собственной исторической нормы, минимум z = -5.79. Совпадения: дефицит осадков (ниже 20-го перцентиля прошлых лет); повышенная температура (выше 80-го перцентиля). Это описание отклонения, а не установленная причина."
AOI-0016,2017-05-12,2017-06-10,29,8,8,-3.519832735037028,-2.160073123178847,8.151545253059593,1.0,8.1515,критическая,"погодная аномалия не обнаружена; возможны уборка, смена культуры или качество съёмки","С 2017-05-12 по 2017-06-10 (29 дн.) NDVI поля AOI-0016 был ниже собственной исторической нормы, минимум z = -3.52. Совпадения: погодная аномалия не обнаружена; возможны уборка, смена культуры или качество съёмки. Это описание отклонения, а не установленная причина."
AOI-0064,2018-04-11,2018-05-03,22,6,6,-3.877847054782735,-2.4220305090876413,8.028787973545773,1.0,8.0288,критическая,дефицит осадков (ниже 20-го перцентиля прошлых лет),"С 2018-04-11 по 2018-05-03 (22 дн.) NDVI поля AOI-0064 был ниже собственной исторической нормы, минимум z = -3.88. Совпадения: дефицит осадков (ниже 20-го перцентиля прошлых лет). Это описание отклонения, а не установленная причина."
AOI-0047,2022-05-25,2022-06-11,17,10,6,-2.146400702123253,-1.6503646177712405,7.960456937338074,1.0,7.9605,критическая,дефицит осадков (ниже 20-го перцентиля прошлых лет),"С 2022-05-25 по 2022-06-11 (17 дн.) NDVI поля AOI-0047 был ниже собственной исторической нормы, минимум z = -2.15. Совпадения: дефицит осадков (ниже 20-го перцентиля прошлых лет). Это описание отклонения, а не установленная причина."
AOI-0053,2018-06-15,2018-07-17,32,11,11,-3.38758097735402,-2.5192800282923713,7.749033525293184,1.0,7.749,критическая,дефицит осадков (ниже 20-го перцентиля прошлых лет); повышенная температура (выше 80-го перцентиля); длительное отклонение,"С 2018-06-15 по 2018-07-17 (32 дн.) NDVI поля AOI-0053 был ниже собственной исторической нормы, минимум z = -3.39. Совпадения: дефицит осадков (ниже 20-го перцентиля прошлых лет); повышенная температура (выше 80-го перцентиля); длительное отклонение. Это описание отклонения, а не установленная причина."
AOI-0064,2021-04-02,2021-04-22,20,6,6,-2.4483566902960106,-2.0238727103130056,7.711828263478879,1.0,7.7118,критическая,"погодная аномалия не обнаружена; возможны уборка, смена культуры или качество съёмки","С 2021-04-02 по 2021-04-22 (20 дн.) NDVI поля AOI-0064 был ниже собственной исторической нормы, минимум z = -2.45. Совпадения: погодная аномалия не обнаружена; возможны уборка, смена культуры или качество съёмки. Это описание отклонения, а не установленная причина."
AOI-0023,2023-05-20,2023-06-07,18,5,5,-3.372396415110443,-2.6049389582037703,7.512021624152689,1.0,7.512,критическая,"погодная аномалия не обнаружена; возможны уборка, смена культуры или качество съёмки","С 2023-05-20 по 2023-06-07 (18 дн.) NDVI поля AOI-0023 был ниже собственной исторической нормы, минимум z = -3.37. Совпадения: погодная аномалия не обнаружена; возможны уборка, смена культуры или качество съёмки. Это описание отклонения, а не установленная причина."
AOI-0016,2016-05-18,2016-06-19,32,7,4,-3.2963815319181484,-2.094217577452419,7.498041580024128,1.0,7.498,критическая,длительное отклонение,"С 2016-05-18 по 2016-06-19 (32 дн.) NDVI поля AOI-0016 был ниже собственной исторической нормы, минимум z = -3.30. Совпадения: длительное отклонение. Это описание отклонения, а не установленная причина."
AOI-0041,2024-08-31,2024-10-30,60,24,24,-2.1462364559212546,-1.505628591843364,7.393536061844586,1.0,7.3935,критическая,длительное отклонение,"С 2024-08-31 по 2024-10-30 (60 дн.) NDVI поля AOI-0041 был ниже собственной исторической нормы, минимум z = -2.15. Совпадения: длительное отклонение. Это описание отклонения, а не установленная причина."
AOI-0006,2016-05-02,2016-05-25,23,4,3,-2.831469704974326,-2.4445852624804263,7.300005956146995,1.0,7.3,критическая,"погодная аномалия не обнаружена; возможны уборка, смена культуры или качество съёмки","С 2016-05-02 по 2016-05-25 (23 дн.) NDVI поля AOI-0006 был ниже собственной исторической нормы, минимум z = -2.83. Совпадения: погодная аномалия не обнаружена; возможны уборка, смена культуры или качество съёмки. Это описание отклонения, а не установленная причина."
AOI-0049,2016-06-25,2016-07-12,17,7,7,-3.787740936619447,-2.52989570483609,7.118141821417629,1.0,7.1181,критическая,"погодная аномалия не обнаружена; возможны уборка, смена культуры или качество съёмки","С 2016-06-25 по 2016-07-12 (17 дн.) NDVI поля AOI-0049 был ниже собственной исторической нормы, минимум z = -3.79. Совпадения: погодная аномалия не обнаружена; возможны уборка, смена культуры или качество съёмки. Это описание отклонения, а не установленная причина."
AOI-0076,2018-05-11,2018-06-07,27,6,6,-2.814687751312819,-1.9903648002061425,7.09795867676398,1.0,7.098,критическая,"погодная аномалия не обнаружена; возможны уборка, смена культуры или качество съёмки","С 2018-05-11 по 2018-06-07 (27 дн.) NDVI поля AOI-0076 был ниже собственной исторической нормы, минимум z = -2.81. Совпадения: погодная аномалия не обнаружена; возможны уборка, смена культуры или качество съёмки. Это описание отклонения, а не установленная причина."
AOI-0003,2013-06-03,2013-06-26,23,7,7,-7.928132672023662,-4.0773650274775814,6.99087339378918,1.0,6.9909,критическая,дефицит осадков (ниже 20-го перцентиля прошлых лет); повышенная температура (выше 80-го перцентиля),"С 2013-06-03 по 2013-06-26 (23 дн.) NDVI поля AOI-0003 был ниже собственной исторической нормы, минимум z = -7.93. Совпадения: дефицит осадков (ниже 20-го перцентиля прошлых лет); повышенная температура (выше 80-го перцентиля). Это описание отклонения, а не установленная причина."
AOI-0027,2014-07-31,2014-08-29,29,6,6,-3.2663044615020054,-2.0257275160071853,6.869727894691803,1.0,6.8697,критическая,"погодная аномалия не обнаружена; возможны уборка, смена культуры или качество съёмки","С 2014-07-31 по 2014-08-29 (29 дн.) NDVI поля AOI-0027 был ниже собственной исторической нормы, минимум z = -3.27. Совпадения: погодная аномалия не обнаружена; возможны уборка, смена культуры или качество съёмки. Это описание отклонения, а не установленная причина."
AOI-0035,2020-05-04,2020-05-19,15,9,9,-1.930234662162448,-1.5655534016928287,6.799025740168693,1.0,6.799,угнетение,"погодная аномалия не обнаружена; возможны уборка, смена культуры или качество съёмки","С 2020-05-04 по 2020-05-19 (15 дн.) NDVI поля AOI-0035 был ниже собственной исторической нормы, минимум z = -1.93. Совпадения: погодная аномалия не обнаружена; возможны уборка, смена культуры или качество съёмки. Это описание отклонения, а не установленная причина."
AOI-0029,2014-04-18,2014-05-04,16,3,3,-3.4604111817464664,-2.6483785861664084,7.0022934194547455,0.95,6.6522,критическая,"погодная аномалия не обнаружена; возможны уборка, смена культуры или качество съёмки","С 2014-04-18 по 2014-05-04 (16 дн.) NDVI поля AOI-0029 был ниже собственной исторической нормы, минимум z = -3.46. Совпадения: погодная аномалия не обнаружена; возможны уборка, смена культуры или качество съёмки. Это описание отклонения, а не установленная причина."
AOI-0037,2020-08-11,2020-10-11,61,34,34,-3.1765499856933976,-1.806906635219149,6.529367674144235,1.0,6.5294,критическая,дефицит осадков (ниже 20-го перцентиля прошлых лет); длительное отклонение,"С 2020-08-11 по 2020-10-11 (61 дн.) NDVI поля AOI-0037 был ниже собственной исторической нормы, минимум z = -3.18. Совпадения: дефицит осадков (ниже 20-го перцентиля прошлых лет); длительное отклонение. Это описание отклонения, а не установленная причина."
AOI-0023,2018-04-30,2018-05-16,16,6,6,-2.862625274567921,-1.671131685102287,6.522465858995199,1.0,6.5225,критическая,дефицит осадков (ниже 20-го перцентиля прошлых лет); повышенная температура (выше 80-го перцентиля),"С 2018-04-30 по 2018-05-16 (16 дн.) NDVI поля AOI-0023 был ниже собственной исторической нормы, минимум z = -2.86. Совпадения: дефицит осадков (ниже 20-го перцентиля прошлых лет); повышенная температура (выше 80-го перцентиля). Это описание отклонения, а не установленная причина."
AOI-0019,2018-04-29,2018-05-24,25,8,8,-3.569268804061181,-2.5192802009008806,6.3863476208245284,1.0,6.3863,критическая,дефицит осадков (ниже 20-го перцентиля прошлых лет); повышенная температура (выше 80-го перцентиля),"С 2018-04-29 по 2018-05-24 (25 дн.) NDVI поля AOI-0019 был ниже собственной исторической нормы, минимум z = -3.57. Совпадения: дефицит осадков (ниже 20-го перцентиля прошлых лет); повышенная температура (выше 80-го перцентиля). Это описание отклонения, а не установленная причина."
AOI-0027,2024-05-23,2024-06-08,16,5,5,-3.1946578950490903,-2.659841412661522,6.323847498271221,1.0,6.3238,критическая,"погодная аномалия не обнаружена; возможны уборка, смена культуры или качество съёмки","С 2024-05-23 по 2024-06-08 (16 дн.) NDVI поля AOI-0027 был ниже собственной исторической нормы, минимум z = -3.19. Совпадения: погодная аномалия не обнаружена; возможны уборка, смена культуры или качество съёмки. Это описание отклонения, а не установленная причина."
AOI-0076,2022-05-30,2022-06-19,20,13,13,-3.3291460888148214,-2.4168228476284215,6.2864470718226535,1.0,6.2864,критическая,"погодная аномалия не обнаружена; возможны уборка, смена культуры или качество съёмки","С 2022-05-30 по 2022-06-19 (20 дн.) NDVI поля AOI-0076 был ниже собственной исторической нормы, минимум z = -3.33. Совпадения: погодная аномалия не обнаружена; возможны уборка, смена культуры или качество съёмки. Это описание отклонения, а не установленная причина."
AOI-0021,2015-05-09,2015-05-31,22,6,6,-5.1451387357730685,-3.4824023397747017,6.259285741885284,1.0,6.2593,критическая,"погодная аномалия не обнаружена; возможны уборка, смена культуры или качество съёмки","С 2015-05-09 по 2015-05-31 (22 дн.) NDVI поля AOI-0021 был ниже собственной исторической нормы, минимум z = -5.15. Совпадения: погодная аномалия не обнаружена; возможны уборка, смена культуры или качество съёмки. Это описание отклонения, а не установленная причина."
AOI-0065,2019-04-08,2019-04-23,15,5,5,-1.6686436475063575,-1.481667072842972,6.204579221722119,1.0,6.2046,угнетение,дефицит осадков (ниже 20-го перцентиля прошлых лет),"С 2019-04-08 по 2019-04-23 (15 дн.) NDVI поля AOI-0065 был ниже собственной исторической нормы, минимум z = -1.67. Совпадения: дефицит осадков (ниже 20-го перцентиля прошлых лет). Это описание отклонения, а не установленная причина."
AOI-0023,2019-06-17,2019-07-02,15,11,11,-2.1638486189383523,-1.7728784464485547,6.154945731744506,1.0,6.1549,критическая,дефицит осадков (ниже 20-го перцентиля прошлых лет); повышенная температура (выше 80-го перцентиля),"С 2019-06-17 по 2019-07-02 (15 дн.) NDVI поля AOI-0023 был ниже собственной исторической нормы, минимум z = -2.16. Совпадения: дефицит осадков (ниже 20-го перцентиля прошлых лет); повышенная температура (выше 80-го перцентиля). Это описание отклонения, а не установленная причина."
AOI-0060,2013-05-25,2013-06-25,31,7,7,-2.163781586164109,-1.6973269365962236,6.120845907901483,1.0,6.1208,критическая,повышенная температура (выше 80-го перцентиля); длительное отклонение,"С 2013-05-25 по 2013-06-25 (31 дн.) NDVI поля AOI-0060 был ниже собственной исторической нормы, минимум z = -2.16. Совпадения: повышенная температура (выше 80-го перцентиля); длительное отклонение. Это описание отклонения, а не установленная причина."
AOI-0076,2019-06-20,2019-07-08,18,9,9,-2.6510078842375053,-2.2588010270123227,6.103071920587322,1.0,6.1031,критическая,"погодная аномалия не обнаружена; возможны уборка, смена культуры или качество съёмки","С 2019-06-20 по 2019-07-08 (18 дн.) NDVI поля AOI-0076 был ниже собственной исторической нормы, минимум z = -2.65. Совпадения: погодная аномалия не обнаружена; возможны уборка, смена культуры или качество съёмки. Это описание отклонения, а не установленная причина."
AOI-0060,2016-04-07,2016-04-30,23,4,4,-1.8697190582638006,-1.5370828349469514,5.9399018885012405,1.0,5.9399,угнетение,дефицит осадков (ниже 20-го перцентиля прошлых лет); повышенная температура (выше 80-го перцентиля),"С 2016-04-07 по 2016-04-30 (23 дн.) NDVI поля AOI-0060 был ниже собственной исторической нормы, минимум z = -1.87. Совпадения: дефицит осадков (ниже 20-го перцентиля прошлых лет); повышенная температура (выше 80-го перцентиля). Это описание отклонения, а не установленная причина."
AOI-0006,2018-05-09,2018-05-24,15,3,3,-1.6001942604297583,-1.5163660919611754,6.223378196042561,0.95,5.9122,угнетение,"погодная аномалия не обнаружена; возможны уборка, смена культуры или качество съёмки","С 2018-05-09 по 2018-05-24 (15 дн.) NDVI поля AOI-0006 был ниже собственной исторической нормы, минимум z = -1.60. Совпадения: погодная аномалия не обнаружена; возможны уборка, смена культуры или качество съёмки. Это описание отклонения, а не установленная причина."
AOI-0016,2017-09-20,2017-10-19,29,11,11,-2.5830169870597275,-2.0002597638566475,5.849954754664397,1.0,5.85,критическая,"погодная аномалия не обнаружена; возможны уборка, смена культуры или качество съёмки","С 2017-09-20 по 2017-10-19 (29 дн.) NDVI поля AOI-0016 был ниже собственной исторической нормы, минимум z = -2.58. Совпадения: погодная аномалия не обнаружена; возможны уборка, смена культуры или качество съёмки. Это описание отклонения, а не установленная причина."
AOI-0053,2020-06-29,2020-07-27,28,10,10,-2.458169380139597,-1.6533496787351858,5.79985056351457,1.0,5.7999,критическая,"погодная аномалия не обнаружена; возможны уборка, смена культуры или качество съёмки","С 2020-06-29 по 2020-07-27 (28 дн.) NDVI поля AOI-0053 был ниже собственной исторической нормы, минимум z = -2.46. Совпадения: погодная аномалия не обнаружена; возможны уборка, смена культуры или качество съёмки. Это описание отклонения, а не установленная причина."
AOI-0022,2020-05-04,2020-05-20,16,8,8,-3.4657878635838175,-2.4326073026786745,5.786375127778582,1.0,5.7864,критическая,"погодная аномалия не обнаружена; возможны уборка, смена культуры или качество съёмки","С 2020-05-04 по 2020-05-20 (16 дн.) NDVI поля AOI-0022 был ниже собственной исторической нормы, минимум z = -3.47. Совпадения: погодная аномалия не обнаружена; возможны уборка, смена культуры или качество съёмки. Это описание отклонения, а не установленная причина."
AOI-0063,2018-04-14,2018-05-03,19,5,5,-2.193572078463234,-1.6930596744729471,5.74731920719238,1.0,5.7473,критическая,дефицит осадков (ниже 20-го перцентиля прошлых лет),"С 2018-04-14 по 2018-05-03 (19 дн.) NDVI поля AOI-0063 был ниже собственной исторической нормы, минимум z = -2.19. Совпадения: дефицит осадков (ниже 20-го перцентиля прошлых лет). Это описание отклонения, а не установленная причина."
AOI-0006,2021-07-09,2021-07-24,15,7,7,-1.6465880415081222,-1.3934269220274884,5.703749499082635,1.0,5.7037,угнетение,"погодная аномалия не обнаружена; возможны уборка, смена культуры или качество съёмки","С 2021-07-09 по 2021-07-24 (15 дн.) NDVI поля AOI-0006 был ниже собственной исторической нормы, минимум z = -1.65. Совпадения: погодная аномалия не обнаружена; возможны уборка, смена культуры или качество съёмки. Это описание отклонения, а не установленная причина."
AOI-0043,2014-09-18,2014-10-28,40,7,7,-2.882084437520893,-2.2583607157373886,5.679234245434749,1.0,5.6792,критическая,дефицит осадков (ниже 20-го перцентиля прошлых лет); длительное отклонение,"С 2014-09-18 по 2014-10-28 (40 дн.) NDVI поля AOI-0043 был ниже собственной исторической нормы, минимум z = -2.88. Совпадения: дефицит осадков (ниже 20-го перцентиля прошлых лет); длительное отклонение. Это описание отклонения, а не установленная причина."
AOI-0049,2015-09-11,2015-10-30,49,13,11,-2.8922221025986405,-1.7604416458924748,5.658832352518564,1.0,5.6588,критическая,дефицит осадков (ниже 20-го перцентиля прошлых лет); повышенная температура (выше 80-го перцентиля); длительное отклонение,"С 2015-09-11 по 2015-10-30 (49 дн.) NDVI поля AOI-0049 был ниже собственной исторической нормы, минимум z = -2.89. Совпадения: дефицит осадков (ниже 20-го перцентиля прошлых лет); повышенная температура (выше 80-го перцентиля); длительное отклонение. Это описание отклонения, а не установленная причина."
AOI-0078,2022-07-24,2022-08-08,15,10,8,-1.5572345680954751,-1.3210023415497527,5.655386959616587,1.0,5.6554,угнетение,"погодная аномалия не обнаружена; возможны уборка, смена культуры или качество съёмки","С 2022-07-24 по 2022-08-08 (15 дн.) NDVI поля AOI-0078 был ниже собственной исторической нормы, минимум z = -1.56. Совпадения: погодная аномалия не обнаружена; возможны уборка, смена культуры или качество съёмки. Это описание отклонения, а не установленная причина."
AOI-0056,2024-06-03,2024-06-25,22,10,10,-2.8645034256976083,-1.8198635939330727,5.653996799531102,1.0,5.654,критическая,"погодная аномалия не обнаружена; возможны уборка, смена культуры или качество съёмки","С 2024-06-03 по 2024-06-25 (22 дн.) NDVI поля AOI-0056 был ниже собственной исторической нормы, минимум z = -2.86. Совпадения: погодная аномалия не обнаружена; возможны уборка, смена культуры или качество съёмки. Это описание отклонения, а не установленная причина."
AOI-0055,2024-06-09,2024-07-27,48,20,20,-3.082775630726613,-2.1785208388913335,5.586945073727163,1.0,5.5869,критическая,длительное отклонение,"С 2024-06-09 по 2024-07-27 (48 дн.) NDVI поля AOI-0055 был ниже собственной исторической нормы, минимум z = -3.08. Совпадения: длительное отклонение. Это описание отклонения, а не установленная причина."
AOI-0023,2015-06-26,2015-07-12,16,4,4,-1.6488877199077232,-1.3117899609295998,5.561871657614156,1.0,5.5619,угнетение,"погодная аномалия не обнаружена; возможны уборка, смена культуры или качество съёмки","С 2015-06-26 по 2015-07-12 (16 дн.) NDVI поля AOI-0023 был ниже собственной исторической нормы, минимум z = -1.65. Совпадения: погодная аномалия не обнаружена; возможны уборка, смена культуры или качество съёмки. Это описание отклонения, а не установленная причина."
AOI-0064,2021-05-27,2021-06-09,13,5,5,-2.930812984141025,-2.066041639804428,5.464208192074134,1.0,5.4642,критическая,"погодная аномалия не обнаружена; возможны уборка, смена культуры или качество съёмки","С 2021-05-27 по 2021-06-09 (13 дн.) NDVI поля AOI-0064 был ниже собственной исторической нормы, минимум z = -2.93. Совпадения: погодная аномалия не обнаружена; возможны уборка, смена культуры или качество съёмки. Это описание отклонения, а не установленная причина."
AOI-0006,2020-05-08,2020-05-20,12,4,3,-1.8141050624597426,-1.7023692947773454,5.386802726587387,1.0,5.3868,угнетение,"погодная аномалия не обнаружена; возможны уборка, смена культуры или качество съёмки","С 2020-05-08 по 2020-05-20 (12 дн.) NDVI поля AOI-0006 был ниже собственной исторической нормы, минимум z = -1.81. Совпадения: погодная аномалия не обнаружена; возможны уборка, смена культуры или качество съёмки. Это описание отклонения, а не установленная причина."
AOI-0076,2021-05-28,2021-06-09,12,4,4,-6.234287086482122,-3.0677623924729245,5.186419986386974,1.0,5.1864,критическая,"погодная аномалия не обнаружена; возможны уборка, смена культуры или качество съёмки","С 2021-05-28 по 2021-06-09 (12 дн.) NDVI поля AOI-0076 был ниже собственной исторической нормы, минимум z = -6.23. Совпадения: погодная аномалия не обнаружена; возможны уборка, смена культуры или качество съёмки. Это описание отклонения, а не установленная причина."
AOI-0007,2013-04-24,2013-05-09,15,3,3,-3.8332564396031876,-2.521818410319151,5.409334779780838,0.95,5.1389,критическая,дефицит осадков (ниже 20-го перцентиля прошлых лет),"С 2013-04-24 по 2013-05-09 (15 дн.) NDVI поля AOI-0007 был ниже собственной исторической нормы, минимум z = -3.83. Совпадения: дефицит осадков (ниже 20-го перцентиля прошлых лет). Это описание отклонения, а не установленная причина."
AOI-0075,2015-05-22,2015-06-07,16,4,4,-5.402297344609855,-2.810144817239038,5.128413825929149,1.0,5.1284,критическая,дефицит осадков (ниже 20-го перцентиля прошлых лет),"С 2015-05-22 по 2015-06-07 (16 дн.) NDVI поля AOI-0075 был ниже собственной исторической нормы, минимум z = -5.40. Совпадения: дефицит осадков (ниже 20-го перцентиля прошлых лет). Это описание отклонения, а не установленная причина."
AOI-0024,2014-06-29,2014-07-15,16,5,4,-2.0582823121714653,-1.634553207642981,5.089407333558311,1.0,5.0894,критическая,"погодная аномалия не обнаружена; возможны уборка, смена культуры или качество съёмки","С 2014-06-29 по 2014-07-15 (16 дн.) NDVI поля AOI-0024 был ниже собственной исторической нормы, минимум z = -2.06. Совпадения: погодная аномалия не обнаружена; возможны уборка, смена культуры или качество съёмки. Это описание отклонения, а не установленная причина."
AOI-0006,2014-06-26,2014-07-12,16,3,2,-1.5395415757800521,-1.2962265980387329,6.3404261039370216,0.8,5.0723,угнетение,"погодная аномалия не обнаружена; возможны уборка, смена культуры или качество съёмки","С 2014-06-26 по 2014-07-12 (16 дн.) NDVI поля AOI-0006 был ниже собственной исторической нормы, минимум z = -1.54. Совпадения: погодная аномалия не обнаружена; возможны уборка, смена культуры или качество съёмки. Это описание отклонения, а не установленная причина."
AOI-0027,2013-06-10,2013-06-26,16,5,5,-4.277738464589796,-2.379784112879586,5.04406691115968,1.0,5.0441,критическая,"погодная аномалия не обнаружена; возможны уборка, смена культуры или качество съёмки","С 2013-06-10 по 2013-06-26 (16 дн.) NDVI поля AOI-0027 был ниже собственной исторической нормы, минимум z = -4.28. Совпадения: погодная аномалия не обнаружена; возможны уборка, смена культуры или качество съёмки. Это описание отклонения, а не установленная причина."
AOI-0034,2019-05-12,2019-05-25,13,7,6,-1.4711745385608912,-1.311183690422558,5.029579593981514,1.0,5.0296,угнетение,"погодная аномалия не обнаружена; возможны уборка, смена культуры или качество съёмки","С 2019-05-12 по 2019-05-25 (13 дн.) NDVI поля AOI-0034 был ниже собственной исторической нормы, минимум z = -1.47. Совпадения: погодная аномалия не обнаружена; возможны уборка, смена культуры или качество съёмки. Это описание отклонения, а не установленная причина."
AOI-0018,2013-05-25,2013-06-26,32,5,4,-7.38741352132191,-3.1354554554486356,5.0101338012484415,1.0,5.0101,критическая,дефицит осадков (ниже 20-го перцентиля прошлых лет); длительное отклонение,"С 2013-05-25 по 2013-06-26 (32 дн.) NDVI поля AOI-0018 был ниже собственной исторической нормы, минимум z = -7.39. Совпадения: дефицит осадков (ниже 20-го перцентиля прошлых лет); длительное отклонение. Это описание отклонения, а не установленная причина."
AOI-0024,2023-05-27,2023-06-07,11,4,4,-2.3582992695460745,-1.8406500705502589,4.995595042861162,1.0,4.9956,критическая,"погодная аномалия не обнаружена; возможны уборка, смена культуры или качество съёмки","С 2023-05-27 по 2023-06-07 (11 дн.) NDVI поля AOI-0024 был ниже собственной исторической нормы, минимум z = -2.36. Совпадения: погодная аномалия не обнаружена; возможны уборка, смена культуры или качество съёмки. Это описание отклонения, а не установленная причина."
AOI-0052,2019-06-18,2019-07-05,17,11,11,-2.065752450007129,-1.6404406291483822,4.7935404630715635,1.0,4.7935,критическая,дефицит осадков (ниже 20-го перцентиля прошлых лет); повышенная температура (выше 80-го перцентиля),"С 2019-06-18 по 2019-07-05 (17 дн.) NDVI поля AOI-0052 был ниже собственной исторической нормы, минимум z = -2.07. Совпадения: дефицит осадков (ниже 20-го перцентиля прошлых лет); повышенная температура (выше 80-го перцентиля). Это описание отклонения, а не установленная причина."
AOI-0078,2022-07-05,2022-07-19,14,8,7,-1.7096136524752146,-1.3595199469963932,4.749109723486158,1.0,4.7491,угнетение,"погодная аномалия не обнаружена; возможны уборка, смена культуры или качество съёмки","С 2022-07-05 по 2022-07-19 (14 дн.) NDVI поля AOI-0078 был ниже собственной исторической нормы, минимум z = -1.71. Совпадения: погодная аномалия не обнаружена; возможны уборка, смена культуры или качество съёмки. Это описание отклонения, а не установленная причина."
AOI-0043,2022-05-27,2022-06-09,13,7,7,-1.4605066736069787,-1.2614173975211238,4.7060856409712395,1.0,4.7061,угнетение,дефицит осадков (ниже 20-го перцентиля прошлых лет),"С 2022-05-27 по 2022-06-09 (13 дн.) NDVI поля AOI-0043 был ниже собственной исторической нормы, минимум z = -1.46. Совпадения: дефицит осадков (ниже 20-го перцентиля прошлых лет). Это описание отклонения, а не установленная причина."
AOI-0007,2014-08-09,2014-09-26,48,9,9,-3.503453264165544,-2.202911455961741,4.6195235996535615,1.0,4.6195,критическая,дефицит осадков (ниже 20-го перцентиля прошлых лет); длительное отклонение,"С 2014-08-09 по 2014-09-26 (48 дн.) NDVI поля AOI-0007 был ниже собственной исторической нормы, минимум z = -3.50. Совпадения: дефицит осадков (ниже 20-го перцентиля прошлых лет); длительное отклонение. Это описание отклонения, а не установленная причина."
AOI-0009,2019-04-23,2019-05-08,15,6,5,-2.051262866258938,-1.8206824492144082,4.587346321422656,1.0,4.5873,критическая,"погодная аномалия не обнаружена; возможны уборка, смена культуры или качество съёмки","С 2019-04-23 по 2019-05-08 (15 дн.) NDVI поля AOI-0009 был ниже собственной исторической нормы, минимум z = -2.05. Совпадения: погодная аномалия не обнаружена; возможны уборка, смена культуры или качество съёмки. Это описание отклонения, а не установленная причина."
AOI-0020,2019-07-02,2019-07-22,20,11,11,-2.0392144188450945,-1.5515257421167845,4.5551212146087545,1.0,4.5551,критическая,"погодная аномалия не обнаружена; возможны уборка, смена культуры или качество съёмки","С 2019-07-02 по 2019-07-22 (20 дн.) NDVI поля AOI-0020 был ниже собственной исторической нормы, минимум z = -2.04. Совпадения: погодная аномалия не обнаружена; возможны уборка, смена культуры или качество съёмки. Это описание отклонения, а не установленная причина."
AOI-0050,2018-05-30,2018-06-23,24,11,11,-3.587247728154976,-2.294945550727857,4.535172092533857,1.0,4.5352,критическая,"погодная аномалия не обнаружена; возможны уборка, смена культуры или качество съёмки","С 2018-05-30 по 2018-06-23 (24 дн.) NDVI поля AOI-0050 был ниже собственной исторической нормы, минимум z = -3.59. Совпадения: погодная аномалия не обнаружена; возможны уборка, смена культуры или качество съёмки. Это описание отклонения, а не установленная причина."
AOI-0063,2016-06-25,2016-07-11,16,4,4,-2.213548257199802,-1.6505863491246724,4.526558816887257,1.0,4.5266,критическая,"погодная аномалия не обнаружена; возможны уборка, смена культуры или качество съёмки","С 2016-06-25 по 2016-07-11 (16 дн.) NDVI поля AOI-0063 был ниже собственной исторической нормы, минимум z = -2.21. Совпадения: погодная аномалия не обнаружена; возможны уборка, смена культуры или качество съёмки. Это описание отклонения, а не установленная причина."
AOI-0065,2018-08-04,2018-08-20,16,3,3,-1.457549804872269,-1.2650770262276794,4.728232159674413,0.95,4.4918,угнетение,"погодная аномалия не обнаружена; возможны уборка, смена культуры или качество съёмки","С 2018-08-04 по 2018-08-20 (16 дн.) NDVI поля AOI-0065 был ниже собственной исторической нормы, минимум z = -1.46. Совпадения: погодная аномалия не обнаружена; возможны уборка, смена культуры или качество съёмки. Это описание отклонения, а не установленная причина."
AOI-0018,2023-08-13,2023-08-28,15,12,12,-1.6575995569991757,-1.4153758216300707,4.484604386170778,1.0,4.4846,угнетение,"погодная аномалия не обнаружена; возможны уборка, смена культуры или качество съёмки","С 2023-08-13 по 2023-08-28 (15 дн.) NDVI поля AOI-0018 был ниже собственной исторической нормы, минимум z = -1.66. Совпадения: погодная аномалия не обнаружена; возможны уборка, смена культуры или качество съёмки. Это описание отклонения, а не установленная причина."
AOI-0023,2017-06-30,2017-07-12,12,6,6,-1.459871848869173,-1.1469422277742727,4.477343739787324,1.0,4.4773,угнетение,"погодная аномалия не обнаружена; возможны уборка, смена культуры или качество съёмки","С 2017-06-30 по 2017-07-12 (12 дн.) NDVI поля AOI-0023 был ниже собственной исторической нормы, минимум z = -1.46. Совпадения: погодная аномалия не обнаружена; возможны уборка, смена культуры или качество съёмки. Это описание отклонения, а не установленная причина."
AOI-0018,2024-05-09,2024-05-23,14,3,3,-2.475760935786913,-2.055351137603368,4.644784980819589,0.95,4.4125,критическая,дефицит осадков (ниже 20-го перцентиля прошлых лет),"С 2024-05-09 по 2024-05-23 (14 дн.) NDVI поля AOI-0018 был ниже собственной исторической нормы, минимум z = -2.48. Совпадения: дефицит осадков (ниже 20-го перцентиля прошлых лет). Это описание отклонения, а не установленная причина."
AOI-0077,2022-05-10,2022-05-23,13,5,5,-1.5489030930750607,-1.3728090937023032,4.401440961711834,1.0,4.4014,угнетение,"погодная аномалия не обнаружена; возможны уборка, смена культуры или качество съёмки","С 2022-05-10 по 2022-05-23 (13 дн.) NDVI поля AOI-0077 был ниже собственной исторической нормы, минимум z = -1.55. Совпадения: погодная аномалия не обнаружена; возможны уборка, смена культуры или качество съёмки. Это описание отклонения, а не установленная причина."
AOI-0048,2013-05-25,2013-06-12,18,4,4,-3.5443121239084987,-2.2778726392210036,4.3937560967726474,1.0,4.3938,критическая,дефицит осадков (ниже 20-го перцентиля прошлых лет); повышенная температура (выше 80-го перцентиля),"С 2013-05-25 по 2013-06-12 (18 дн.) NDVI поля AOI-0048 был ниже собственной исторической нормы, минимум z = -3.54. Совпадения: дефицит осадков (ниже 20-го перцентиля прошлых лет); повышенная температура (выше 80-го перцентиля). Это описание отклонения, а не установленная причина."
AOI-0035,2014-05-30,2014-06-16,17,5,5,-1.3593826573586718,-1.2197308986293827,4.38608118596636,1.0,4.3861,угнетение,"погодная аномалия не обнаружена; возможны уборка, смена культуры или качество съёмки","С 2014-05-30 по 2014-06-16 (17 дн.) NDVI поля AOI-0035 был ниже собственной исторической нормы, минимум z = -1.36. Совпадения: погодная аномалия не обнаружена; возможны уборка, смена культуры или качество съёмки. Это описание отклонения, а не установленная причина."
AOI-0053,2015-09-04,2015-10-29,55,12,12,-3.5965315736686323,-2.2627422938226025,4.352546619174646,1.0,4.3525,критическая,дефицит осадков (ниже 20-го перцентиля прошлых лет); длительное отклонение,"С 2015-09-04 по 2015-10-29 (55 дн.) NDVI поля AOI-0053 был ниже собственной исторической нормы, минимум z = -3.60. Совпадения: дефицит осадков (ниже 20-го перцентиля прошлых лет); длительное отклонение. Это описание отклонения, а не установленная причина."
AOI-0009,2017-08-01,2017-09-10,40,17,12,-2.18651367555267,-1.6254147314490723,4.312961717070145,1.0,4.313,критическая,длительное отклонение,"С 2017-08-01 по 2017-09-10 (40 дн.) NDVI поля AOI-0009 был ниже собственной исторической нормы, минимум z = -2.19. Совпадения: длительное отклонение. Это описание отклонения, а не установленная причина."
AOI-0052,2014-06-26,2014-07-15,19,6,6,-2.8084255779927725,-2.1832378427906423,4.295222830108303,1.0,4.2952,критическая,"погодная аномалия не обнаружена; возможны уборка, смена культуры или качество съёмки","С 2014-06-26 по 2014-07-15 (19 дн.) NDVI поля AOI-0052 был ниже собственной исторической нормы, минимум z = -2.81. Совпадения: погодная аномалия не обнаружена; возможны уборка, смена культуры или качество съёмки. Это описание отклонения, а не установленная причина."
AOI-0020,2020-06-24,2020-07-15,21,13,13,-1.642232152681474,-1.325885213171968,4.24439035720995,1.0,4.2444,угнетение,"погодная аномалия не обнаружена; возможны уборка, смена культуры или качество съёмки","С 2020-06-24 по 2020-07-15 (21 дн.) NDVI поля AOI-0020 был ниже собственной исторической нормы, минимум z = -1.64. Совпадения: погодная аномалия не обнаружена; возможны уборка, смена культуры или качество съёмки. Это описание отклонения, а не установленная причина."
AOI-0020,2020-07-16,2020-08-08,23,11,11,-2.1955619859063393,-1.4416566148565322,4.213737961074564,1.0,4.2137,критическая,дефицит осадков (ниже 20-го перцентиля прошлых лет),"С 2020-07-16 по 2020-08-08 (23 дн.) NDVI поля AOI-0020 был ниже собственной исторической нормы, минимум z = -2.20. Совпадения: дефицит осадков (ниже 20-го перцентиля прошлых лет). Это описание отклонения, а не установленная причина."
AOI-0036,2014-06-24,2014-07-26,32,7,6,-2.100005001277128,-1.5839526457580848,4.185883369389746,1.0,4.1859,критическая,дефицит осадков (ниже 20-го перцентиля прошлых лет); длительное отклонение,"С 2014-06-24 по 2014-07-26 (32 дн.) NDVI поля AOI-0036 был ниже собственной исторической нормы, минимум z = -2.10. Совпадения: дефицит осадков (ниже 20-го перцентиля прошлых лет); длительное отклонение. Это описание отклонения, а не установленная причина."
AOI-0018,2024-04-06,2024-04-22,16,6,6,-2.2397871914342344,-1.6099221509258161,4.183809442822435,1.0,4.1838,критическая,дефицит осадков (ниже 20-го перцентиля прошлых лет); повышенная температура (выше 80-го перцентиля),"С 2024-04-06 по 2024-04-22 (16 дн.) NDVI поля AOI-0018 был ниже собственной исторической нормы, минимум z = -2.24. Совпадения: дефицит осадков (ниже 20-го перцентиля прошлых лет); повышенная температура (выше 80-го перцентиля). Это описание отклонения, а не установленная причина."
AOI-0060,2020-09-16,2020-10-12,26,11,11,-2.303951184496478,-1.7196586454938105,4.149146199885927,1.0,4.1491,критическая,дефицит осадков (ниже 20-го перцентиля прошлых лет); повышенная температура (выше 80-го перцентиля),"С 2020-09-16 по 2020-10-12 (26 дн.) NDVI поля AOI-0060 был ниже собственной исторической нормы, минимум z = -2.30. Совпадения: дефицит осадков (ниже 20-го перцентиля прошлых лет); повышенная температура (выше 80-го перцентиля). Это описание отклонения, а не установленная причина."
AOI-0078,2020-08-13,2020-08-26,13,7,7,-1.16733136521717,-1.0769542192862611,4.148543776996951,1.0,4.1485,угнетение,"погодная аномалия не обнаружена; возможны уборка, смена культуры или качество съёмки","С 2020-08-13 по 2020-08-26 (13 дн.) NDVI поля AOI-0078 был ниже собственной исторической нормы, минимум z = -1.17. Совпадения: погодная аномалия не обнаружена; возможны уборка, смена культуры или качество съёмки. Это описание отклонения, а не установленная причина."
AOI-0037,2024-09-18,2024-10-25,37,14,14,-2.503888540694161,-1.6103572341860626,4.135819320131776,1.0,4.1358,критическая,дефицит осадков (ниже 20-го перцентиля прошлых лет); повышенная температура (выше 80-го перцентиля); длительное отклонение,"С 2024-09-18 по 2024-10-25 (37 дн.) NDVI поля AOI-0037 был ниже собственной исторической нормы, минимум z = -2.50. Совпадения: дефицит осадков (ниже 20-го перцентиля прошлых лет); повышенная температура (выше 80-го перцентиля); длительное отклонение. Это описание отклонения, а не установленная причина."
AOI-0056,2022-07-14,2022-08-03,20,11,11,-1.769199044964651,-1.3831685688500184,4.125618460779068,1.0,4.1256,угнетение,"погодная аномалия не обнаружена; возможны уборка, смена культуры или качество съёмки","С 2022-07-14 по 2022-08-03 (20 дн.) NDVI поля AOI-0056 был ниже собственной исторической нормы, минимум z = -1.77. Совпадения: погодная аномалия не обнаружена; возможны уборка, смена культуры или качество съёмки. Это описание отклонения, а не установленная причина."
AOI-0038,2020-09-06,2020-10-11,35,21,21,-2.811370962249626,-1.5540064843162313,4.080673656018233,1.0,4.0807,критическая,дефицит осадков (ниже 20-го перцентиля прошлых лет); повышенная температура (выше 80-го перцентиля); длительное отклонение,"С 2020-09-06 по 2020-10-11 (35 дн.) NDVI поля AOI-0038 был ниже собственной исторической нормы, минимум z = -2.81. Совпадения: дефицит осадков (ниже 20-го перцентиля прошлых лет); повышенная температура (выше 80-го перцентиля); длительное отклонение. Это описание отклонения, а не установленная причина."
AOI-0064,2023-04-25,2023-05-06,11,3,3,-2.0603820391787955,-1.6002258017132147,4.1337691932551355,0.95,3.9271,критическая,"погодная аномалия не обнаружена; возможны уборка, смена культуры или качество съёмки","С 2023-04-25 по 2023-05-06 (11 дн.) NDVI поля AOI-0064 был ниже собственной исторической нормы, минимум z = -2.06. Совпадения: погодная аномалия не обнаружена; возможны уборка, смена культуры или качество съёмки. Это описание отклонения, а не установленная причина."
AOI-0076,2021-05-13,2021-05-25,12,3,3,-1.8535809354784594,-1.6142262365603675,4.081079164990393,0.95,3.877,угнетение,"погодная аномалия не обнаружена; возможны уборка, смена культуры или качество съёмки","С 2021-05-13 по 2021-05-25 (12 дн.) NDVI поля AOI-0076 был ниже собственной исторической нормы, минимум z = -1.85. Совпадения: погодная аномалия не обнаружена; возможны уборка, смена культуры или качество съёмки. Это описание отклонения, а не установленная причина."
AOI-0015,2024-06-09,2024-06-23,14,7,7,-1.354502571385271,-1.2378378041114273,3.8574387530325844,1.0,3.8574,угнетение,дефицит осадков (ниже 20-го перцентиля прошлых лет),"С 2024-06-09 по 2024-06-23 (14 дн.) NDVI поля AOI-0015 был ниже собственной исторической нормы, минимум z = -1.35. Совпадения: дефицит осадков (ниже 20-го перцентиля прошлых лет). Это описание отклонения, а не установленная причина."
AOI-0018,2019-10-10,2019-10-28,18,8,6,-1.9689256648548124,-1.443239747550415,3.8559875295139046,1.0,3.856,угнетение,"погодная аномалия не обнаружена; возможны уборка, смена культуры или качество съёмки","С 2019-10-10 по 2019-10-28 (18 дн.) NDVI поля AOI-0018 был ниже собственной исторической нормы, минимум z = -1.97. Совпадения: погодная аномалия не обнаружена; возможны уборка, смена культуры или качество съёмки. Это описание отклонения, а не установленная причина."
AOI-0056,2019-06-15,2019-06-30,15,9,9,-1.810812882305786,-1.4528206997182733,3.8303627267481373,1.0,3.8304,угнетение,"погодная аномалия не обнаружена; возможны уборка, смена культуры или качество съёмки","С 2019-06-15 по 2019-06-30 (15 дн.) NDVI поля AOI-0056 был ниже собственной исторической нормы, минимум z = -1.81. Совпадения: погодная аномалия не обнаружена; возможны уборка, смена культуры или качество съёмки. Это описание отклонения, а не установленная причина."
AOI-0048,2020-07-26,2020-09-10,46,22,22,-2.345146321056632,-1.5674309567476556,3.784084028918127,1.0,3.7841,критическая,дефицит осадков (ниже 20-го перцентиля прошлых лет); длительное отклонение,"С 2020-07-26 по 2020-09-10 (46 дн.) NDVI поля AOI-0048 был ниже собственной исторической нормы, минимум z = -2.35. Совпадения: дефицит осадков (ниже 20-го перцентиля прошлых лет); длительное отклонение. Это описание отклонения, а не установленная причина."
AOI-0063,2017-06-30,2017-07-12,12,5,5,-1.2582942999478934,-1.1114061953613075,3.7707250920483353,1.0,3.7707,угнетение,дефицит осадков (ниже 20-го перцентиля прошлых лет),"С 2017-06-30 по 2017-07-12 (12 дн.) NDVI поля AOI-0063 был ниже собственной исторической нормы, минимум z = -1.26. Совпадения: дефицит осадков (ниже 20-го перцентиля прошлых лет). Это описание отклонения, а не установленная причина."
AOI-0065,2022-07-29,2022-08-13,15,10,10,-1.3500350857960863,-1.212546485964819,3.7623163148817955,1.0,3.7623,угнетение,"погодная аномалия не обнаружена; возможны уборка, смена культуры или качество съёмки","С 2022-07-29 по 2022-08-13 (15 дн.) NDVI поля AOI-0065 был ниже собственной исторической нормы, минимум z = -1.35. Совпадения: погодная аномалия не обнаружена; возможны уборка, смена культуры или качество съёмки. Это описание отклонения, а не установленная причина."
AOI-0078,2014-09-30,2014-10-26,26,5,5,-2.478240749166403,-2.069686523501754,3.7614622286597816,1.0,3.7615,критическая,дефицит осадков (ниже 20-го перцентиля прошлых лет),"С 2014-09-30 по 2014-10-26 (26 дн.) NDVI поля AOI-0078 был ниже собственной исторической нормы, минимум z = -2.48. Совпадения: дефицит осадков (ниже 20-го перцентиля прошлых лет). Это описание отклонения, а не установленная причина."
AOI-0016,2019-09-13,2019-09-25,12,7,5,-3.55244888720022,-1.8625551107401714,3.7447891926594616,1.0,3.7448,критическая,"погодная аномалия не обнаружена; возможны уборка, смена культуры или качество съёмки","С 2019-09-13 по 2019-09-25 (12 дн.) NDVI поля AOI-0016 был ниже собственной исторической нормы, минимум z = -3.55. Совпадения: погодная аномалия не обнаружена; возможны уборка, смена культуры или качество съёмки. Это описание отклонения, а не установленная причина."
AOI-0018,2023-07-14,2023-07-26,12,6,4,-1.6198833072271563,-1.4197717938580663,3.7355815031058532,1.0,3.7356,угнетение,"погодная аномалия не обнаружена; возможны уборка, смена культуры или качество съёмки","С 2023-07-14 по 2023-07-26 (12 дн.) NDVI поля AOI-0018 был ниже собственной исторической нормы, минимум z = -1.62. Совпадения: погодная аномалия не обнаружена; возможны уборка, смена культуры или качество съёмки. Это описание отклонения, а не установленная причина."
AOI-0027,2022-05-26,2022-06-09,14,5,5,-2.1432068272610563,-1.7494194101597305,3.7096033457458737,1.0,3.7096,критическая,"погодная аномалия не обнаружена; возможны уборка, смена культуры или качество съёмки","С 2022-05-26 по 2022-06-09 (14 дн.) NDVI поля AOI-0027 был ниже собственной исторической нормы, минимум z = -2.14. Совпадения: погодная аномалия не обнаружена; возможны уборка, смена культуры или качество съёмки. Это описание отклонения, а не установленная причина."
AOI-0053,2017-08-04,2017-08-29,25,11,11,-2.026104828166891,-1.4303795850518148,3.664276887067786,1.0,3.6643,критическая,повышенная температура (выше 80-го перцентиля),"С 2017-08-04 по 2017-08-29 (25 дн.) NDVI поля AOI-0053 был ниже собственной исторической нормы, минимум z = -2.03. Совпадения: повышенная температура (выше 80-го перцентиля). Это описание отклонения, а не установленная причина."
AOI-0021,2021-05-15,2021-05-25,10,6,6,-2.3080692753146423,-1.4137174268284236,3.65693961308319,1.0,3.6569,критическая,"погодная аномалия не обнаружена; возможны уборка, смена культуры или качество съёмки","С 2021-05-15 по 2021-05-25 (10 дн.) NDVI поля AOI-0021 был ниже собственной исторической нормы, минимум z = -2.31. Совпадения: погодная аномалия не обнаружена; возможны уборка, смена культуры или качество съёмки. Это описание отклонения, а не установленная причина."
AOI-0018,2024-04-26,2024-05-07,11,5,3,-2.2799561669077355,-2.0803743594283786,3.635061289697002,1.0,3.6351,критическая,дефицит осадков (ниже 20-го перцентиля прошлых лет); повышенная температура (выше 80-го перцентиля),"С 2024-04-26 по 2024-05-07 (11 дн.) NDVI поля AOI-0018 был ниже собственной исторической нормы, минимум z = -2.28. Совпадения: дефицит осадков (ниже 20-го перцентиля прошлых лет); повышенная температура (выше 80-го перцентиля). Это описание отклонения, а не установленная причина."
AOI-0009,2013-05-25,2013-06-10,16,3,3,-4.703120913072823,-3.366385707004477,3.781436144799317,0.95,3.5924,критическая,дефицит осадков (ниже 20-го перцентиля прошлых лет); повышенная температура (выше 80-го перцентиля),"С 2013-05-25 по 2013-06-10 (16 дн.) NDVI поля AOI-0009 был ниже собственной исторической нормы, минимум z = -4.70. Совпадения: дефицит осадков (ниже 20-го перцентиля прошлых лет); повышенная температура (выше 80-го перцентиля). Это описание отклонения, а не установленная причина."
AOI-0057,2018-06-10,2018-06-20,10,5,5,-2.212710618772255,-1.4687529273263775,3.5880279461702096,1.0,3.588,критическая,"погодная аномалия не обнаружена; возможны уборка, смена культуры или качество съёмки","С 2018-06-10 по 2018-06-20 (10 дн.) NDVI поля AOI-0057 был ниже собственной исторической нормы, минимум z = -2.21. Совпадения: погодная аномалия не обнаружена; возможны уборка, смена культуры или качество съёмки. Это описание отклонения, а не установленная причина."
AOI-0052,2018-04-11,2018-04-21,10,3,3,-1.1053251459116733,-1.0807488930414637,3.762152152905767,0.95,3.574,угнетение,дефицит осадков (ниже 20-го перцентиля прошлых лет),"С 2018-04-11 по 2018-04-21 (10 дн.) NDVI поля AOI-0052 был ниже собственной исторической нормы, минимум z = -1.11. Совпадения: дефицит осадков (ниже 20-го перцентиля прошлых лет). Это описание отклонения, а не установленная причина."
AOI-0016,2019-05-11,2019-05-21,10,6,5,-2.0969616640847564,-1.607824467568429,3.5697881531856903,1.0,3.5698,критическая,"погодная аномалия не обнаружена; возможны уборка, смена культуры или качество съёмки","С 2019-05-11 по 2019-05-21 (10 дн.) NDVI поля AOI-0016 был ниже собственной исторической нормы, минимум z = -2.10. Совпадения: погодная аномалия не обнаружена; возможны уборка, смена культуры или качество съёмки. Это описание отклонения, а не установленная причина."
AOI-0023,2023-04-27,2023-05-06,9,5,5,-1.4622310241627416,-1.2071152337707456,3.558652089038311,1.0,3.5587,угнетение,"погодная аномалия не обнаружена; возможны уборка, смена культуры или качество съёмки","С 2023-04-27 по 2023-05-06 (9 дн.) NDVI поля AOI-0023 был ниже собственной исторической нормы, минимум z = -1.46. Совпадения: погодная аномалия не обнаружена; возможны уборка, смена культуры или качество съёмки. Это описание отклонения, а не установленная причина."
AOI-0057,2015-10-05,2015-10-30,25,5,4,-1.6204903070071042,-1.4136995026034653,3.5071528619885473,1.0,3.5072,угнетение,"погодная аномалия не обнаружена; возможны уборка, смена культуры или качество съёмки","С 2015-10-05 по 2015-10-30 (25 дн.) NDVI поля AOI-0057 был ниже собственной исторической нормы, минимум z = -1.62. Совпадения: погодная аномалия не обнаружена; возможны уборка, смена культуры или качество съёмки. Это описание отклонения, а не установленная причина."
AOI-0076,2019-07-13,2019-07-23,10,6,6,-1.6492541827193288,-1.4947274006236555,3.475441131044301,1.0,3.4754,угнетение,"погодная аномалия не обнаружена; возможны уборка, смена культуры или качество съёмки","С 2019-07-13 по 2019-07-23 (10 дн.) NDVI поля AOI-0076 был ниже собственной исторической нормы, минимум z = -1.65. Совпадения: погодная аномалия не обнаружена; возможны уборка, смена культуры или качество съёмки. Это описание отклонения, а не установленная причина."
AOI-0075,2019-05-29,2019-06-08,10,6,6,-2.3460013044510672,-1.8870990050657757,3.472134379594969,1.0,3.4721,критическая,"погодная аномалия не обнаружена; возможны уборка, смена культуры или качество съёмки","С 2019-05-29 по 2019-06-08 (10 дн.) NDVI поля AOI-0075 был ниже собственной исторической нормы, минимум z = -2.35. Совпадения: погодная аномалия не обнаружена; возможны уборка, смена культуры или качество съёмки. Это описание отклонения, а не установленная причина."
AOI-0070,2020-09-29,2020-10-24,25,9,9,-2.956242901092288,-2.054488591515087,3.4692691618871105,1.0,3.4693,критическая,дефицит осадков (ниже 20-го перцентиля прошлых лет); повышенная температура (выше 80-го перцентиля),"С 2020-09-29 по 2020-10-24 (25 дн.) NDVI поля AOI-0070 был ниже собственной исторической нормы, минимум z = -2.96. Совпадения: дефицит осадков (ниже 20-го перцентиля прошлых лет); повышенная температура (выше 80-го перцентиля). Это описание отклонения, а не установленная причина."
AOI-0036,2021-04-04,2021-04-22,18,6,6,-2.0746340087451856,-1.771101148075707,3.461488725211384,1.0,3.4615,критическая,повышенная температура (выше 80-го перцентиля),"С 2021-04-04 по 2021-04-22 (18 дн.) NDVI поля AOI-0036 был ниже собственной исторической нормы, минимум z = -2.07. Совпадения: повышенная температура (выше 80-го перцентиля). Это описание отклонения, а не установленная причина."
AOI-0002,2015-06-26,2015-07-11,15,3,3,-1.5473133950704454,-1.2955368301672134,3.6382621854479558,0.95,3.4563,угнетение,"погодная аномалия не обнаружена; возможны уборка, смена культуры или качество съёмки","С 2015-06-26 по 2015-07-11 (15 дн.) NDVI поля AOI-0002 был ниже собственной исторической нормы, минимум z = -1.55. Совпадения: погодная аномалия не обнаружена; возможны уборка, смена культуры или качество съёмки. Это описание отклонения, а не установленная причина."
AOI-0020,2022-07-21,2022-08-13,23,14,14,-1.8220990044046463,-1.318575838087062,3.4258180782508885,1.0,3.4258,угнетение,"погодная аномалия не обнаружена; возможны уборка, смена культуры или качество съёмки","С 2022-07-21 по 2022-08-13 (23 дн.) NDVI поля AOI-0020 был ниже собственной исторической нормы, минимум z = -1.82. Совпадения: погодная аномалия не обнаружена; возможны уборка, смена культуры или качество съёмки. Это описание отклонения, а не установленная причина."
AOI-0018,2014-08-25,2014-09-14,20,4,3,-3.8098270564312067,-2.415207452153107,3.4220366637211312,1.0,3.422,критическая,дефицит осадков (ниже 20-го перцентиля прошлых лет); повышенная температура (выше 80-го перцентиля),"С 2014-08-25 по 2014-09-14 (20 дн.) NDVI поля AOI-0018 был ниже собственной исторической нормы, минимум z = -3.81. Совпадения: дефицит осадков (ниже 20-го перцентиля прошлых лет); повышенная температура (выше 80-го перцентиля). Это описание отклонения, а не установленная причина."
AOI-0016,2018-07-28,2018-08-13,16,3,3,-3.8440920099381666,-2.4893057884584167,3.574471511794563,0.95,3.3957,критическая,"погодная аномалия не обнаружена; возможны уборка, смена культуры или качество съёмки","С 2018-07-28 по 2018-08-13 (16 дн.) NDVI поля AOI-0016 был ниже собственной исторической нормы, минимум z = -3.84. Совпадения: погодная аномалия не обнаружена; возможны уборка, смена культуры или качество съёмки. Это описание отклонения, а не установленная причина."
AOI-0018,2023-07-29,2023-08-08,10,7,6,-1.9024761603475826,-1.6558634631801052,3.365588423416048,1.0,3.3656,угнетение,"погодная аномалия не обнаружена; возможны уборка, смена культуры или качество съёмки","С 2023-07-29 по 2023-08-08 (10 дн.) NDVI поля AOI-0018 был ниже собственной исторической нормы, минимум z = -1.90. Совпадения: погодная аномалия не обнаружена; возможны уборка, смена культуры или качество съёмки. Это описание отклонения, а не установленная причина."
AOI-0012,2014-10-04,2014-10-28,24,4,2,-6.3894936401904125,-4.763622693252843,3.94946944439691,0.85,3.357,критическая,"погодная аномалия не обнаружена; возможны уборка, смена культуры или качество съёмки","С 2014-10-04 по 2014-10-28 (24 дн.) NDVI поля AOI-0012 был ниже собственной исторической нормы, минимум z = -6.39. Совпадения: погодная аномалия не обнаружена; возможны уборка, смена культуры или качество съёмки. Это описание отклонения, а не установленная причина."
AOI-0038,2013-06-12,2013-07-14,32,7,7,-2.1885477089826066,-1.626431140705122,3.3026340801686986,1.0,3.3026,критическая,дефицит осадков (ниже 20-го перцентиля прошлых лет); повышенная температура (выше 80-го перцентиля); длительное отклонение,"С 2013-06-12 по 2013-07-14 (32 дн.) NDVI поля AOI-0038 был ниже собственной исторической нормы, минимум z = -2.19. Совпадения: дефицит осадков (ниже 20-го перцентиля прошлых лет); повышенная температура (выше 80-го перцентиля); длительное отклонение. Это описание отклонения, а не установленная причина."
AOI-0007,2023-05-12,2023-05-20,8,5,5,-2.275975051732225,-1.6756895164054206,3.2848840097498515,1.0,3.2849,критическая,"погодная аномалия не обнаружена; возможны уборка, смена культуры или качество съёмки","С 2023-05-12 по 2023-05-20 (8 дн.) NDVI поля AOI-0007 был ниже собственной исторической нормы, минимум z = -2.28. Совпадения: погодная аномалия не обнаружена; возможны уборка, смена культуры или качество съёмки. Это описание отклонения, а не установленная причина."
AOI-0065,2022-07-14,2022-07-26,12,6,6,-1.4083778625504018,-1.1889923552203634,3.2670449655667158,1.0,3.267,угнетение,"погодная аномалия не обнаружена; возможны уборка, смена культуры или качество съёмки","С 2022-07-14 по 2022-07-26 (12 дн.) NDVI поля AOI-0065 был ниже собственной исторической нормы, минимум z = -1.41. Совпадения: погодная аномалия не обнаружена; возможны уборка, смена культуры или качество съёмки. Это описание отклонения, а не установленная причина."
AOI-0016,2019-05-27,2019-06-05,9,6,6,-1.9751217511686876,-1.680266531343486,3.2642581957624266,1.0,3.2643,угнетение,"погодная аномалия не обнаружена; возможны уборка, смена культуры или качество съёмки","С 2019-05-27 по 2019-06-05 (9 дн.) NDVI поля AOI-0016 был ниже собственной исторической нормы, минимум z = -1.98. Совпадения: погодная аномалия не обнаружена; возможны уборка, смена культуры или качество съёмки. Это описание отклонения, а не установленная причина."
AOI-0071,2018-05-25,2018-06-09,15,6,6,-2.540219551259165,-2.0951191676834724,3.2076476652866655,1.0,3.2076,критическая,"погодная аномалия не обнаружена; возможны уборка, смена культуры или качество съёмки","С 2018-05-25 по 2018-06-09 (15 дн.) NDVI поля AOI-0071 был ниже собственной исторической нормы, минимум z = -2.54. Совпадения: погодная аномалия не обнаружена; возможны уборка, смена культуры или качество съёмки. Это описание отклонения, а не установленная причина."
AOI-0052,2020-04-09,2020-04-17,8,4,4,-1.130553549730925,-1.080857026210772,3.191190012622495,1.0,3.1912,угнетение,дефицит осадков (ниже 20-го перцентиля прошлых лет),"С 2020-04-09 по 2020-04-17 (8 дн.) NDVI поля AOI-0052 был ниже собственной исторической нормы, минимум z = -1.13. Совпадения: дефицит осадков (ниже 20-го перцентиля прошлых лет). Это описание отклонения, а не установленная причина."
AOI-0048,2018-05-16,2018-05-25,9,5,5,-2.4315591706888458,-1.8511092811420713,3.189131194772855,1.0,3.1891,критическая,дефицит осадков (ниже 20-го перцентиля прошлых лет); повышенная температура (выше 80-го перцентиля),"С 2018-05-16 по 2018-05-25 (9 дн.) NDVI поля AOI-0048 был ниже собственной исторической нормы, минимум z = -2.43. Совпадения: дефицит осадков (ниже 20-го перцентиля прошлых лет); повышенная температура (выше 80-го перцентиля). Это описание отклонения, а не установленная причина."
AOI-0020,2018-08-20,2018-09-13,24,8,8,-1.6891179224955526,-1.29633438883184,3.1359720084721725,1.0,3.136,угнетение,"погодная аномалия не обнаружена; возможны уборка, смена культуры или качество съёмки","С 2018-08-20 по 2018-09-13 (24 дн.) NDVI поля AOI-0020 был ниже собственной исторической нормы, минимум z = -1.69. Совпадения: погодная аномалия не обнаружена; возможны уборка, смена культуры или качество съёмки. Это описание отклонения, а не установленная причина."
AOI-0060,2015-10-05,2015-10-30,25,5,5,-1.5831668868207076,-1.2183775887410384,3.133821054591049,1.0,3.1338,угнетение,дефицит осадков (ниже 20-го перцентиля прошлых лет); повышенная температура (выше 80-го перцентиля),"С 2015-10-05 по 2015-10-30 (25 дн.) NDVI поля AOI-0060 был ниже собственной исторической нормы, минимум z = -1.58. Совпадения: дефицит осадков (ниже 20-го перцентиля прошлых лет); повышенная температура (выше 80-го перцентиля). Это описание отклонения, а не установленная причина."
AOI-0029,2020-04-25,2020-05-04,9,4,4,-1.5579926455076072,-1.2073839437637306,3.1192523502764558,1.0,3.1193,угнетение,"погодная аномалия не обнаружена; возможны уборка, смена культуры или качество съёмки","С 2020-04-25 по 2020-05-04 (9 дн.) NDVI поля AOI-0029 был ниже собственной исторической нормы, минимум z = -1.56. Совпадения: погодная аномалия не обнаружена; возможны уборка, смена культуры или качество съёмки. Это описание отклонения, а не установленная причина."
AOI-0024,2017-08-14,2017-08-26,12,7,5,-1.5072040963708626,-1.2393125253077468,3.1172135224098327,1.0,3.1172,угнетение,"погодная аномалия не обнаружена; возможны уборка, смена культуры или качество съёмки","С 2017-08-14 по 2017-08-26 (12 дн.) NDVI поля AOI-0024 был ниже собственной исторической нормы, минимум z = -1.51. Совпадения: погодная аномалия не обнаружена; возможны уборка, смена культуры или качество съёмки. Это описание отклонения, а не установленная причина."
AOI-0015,2013-07-13,2013-07-28,15,3,3,-1.5661550683109646,-1.4325716766749268,3.278661202738853,0.95,3.1147,угнетение,"погодная аномалия не обнаружена; возможны уборка, смена культуры или качество съёмки","С 2013-07-13 по 2013-07-28 (15 дн.) NDVI поля AOI-0015 был ниже собственной исторической нормы, минимум z = -1.57. Совпадения: погодная аномалия не обнаружена; возможны уборка, смена культуры или качество съёмки. Это описание отклонения, а не установленная причина."
AOI-0025,2015-05-15,2015-05-25,10,3,2,-1.622867147144708,-1.405102024892174,3.8838228512245543,0.8,3.1071,угнетение,"погодная аномалия не обнаружена; возможны уборка, смена культуры или качество съёмки","С 2015-05-15 по 2015-05-25 (10 дн.) NDVI поля AOI-0025 был ниже собственной исторической нормы, минимум z = -1.62. Совпадения: погодная аномалия не обнаружена; возможны уборка, смена культуры или качество съёмки. Это описание отклонения, а не установленная причина."
AOI-0063,2024-07-05,2024-07-25,20,9,9,-1.4694872816364195,-1.3079341123205062,3.088497357433169,1.0,3.0885,угнетение,дефицит осадков (ниже 20-го перцентиля прошлых лет); повышенная температура (выше 80-го перцентиля),"С 2024-07-05 по 2024-07-25 (20 дн.) NDVI поля AOI-0063 был ниже собственной исторической нормы, минимум z = -1.47. Совпадения: дефицит осадков (ниже 20-го перцентиля прошлых лет); повышенная температура (выше 80-го перцентиля). Это описание отклонения, а не установленная причина."
AOI-0077,2021-06-12,2021-06-22,10,7,7,-3.0475429927452615,-2.4956300000744216,3.0746647232025865,1.0,3.0747,критическая,"погодная аномалия не обнаружена; возможны уборка, смена культуры или качество съёмки","С 2021-06-12 по 2021-06-22 (10 дн.) NDVI поля AOI-0077 был ниже собственной исторической нормы, минимум z = -3.05. Совпадения: погодная аномалия не обнаружена; возможны уборка, смена культуры или качество съёмки. Это описание отклонения, а не установленная причина."
AOI-0075,2021-05-30,2021-06-09,10,3,3,-1.5000899320838301,-1.3516911556370002,3.218977722346982,0.95,3.058,угнетение,"погодная аномалия не обнаружена; возможны уборка, смена культуры или качество съёмки","С 2021-05-30 по 2021-06-09 (10 дн.) NDVI поля AOI-0075 был ниже собственной исторической нормы, минимум z = -1.50. Совпадения: погодная аномалия не обнаружена; возможны уборка, смена культуры или качество съёмки. Это описание отклонения, а не установленная причина."
AOI-0063,2024-07-27,2024-08-24,28,15,15,-1.5153915573817796,-1.2758852191366516,3.0322455100809784,1.0,3.0322,угнетение,дефицит осадков (ниже 20-го перцентиля прошлых лет); повышенная температура (выше 80-го перцентиля),"С 2024-07-27 по 2024-08-24 (28 дн.) NDVI поля AOI-0063 был ниже собственной исторической нормы, минимум z = -1.52. Совпадения: дефицит осадков (ниже 20-го перцентиля прошлых лет); повышенная температура (выше 80-го перцентиля). Это описание отклонения, а не установленная причина."
AOI-0016,2017-04-26,2017-05-06,10,7,7,-3.3608889354633966,-2.372568569678129,3.029200158069291,1.0,3.0292,критическая,"погодная аномалия не обнаружена; возможны уборка, смена культуры или качество съёмки","С 2017-04-26 по 2017-05-06 (10 дн.) NDVI поля AOI-0016 был ниже собственной исторической нормы, минимум z = -3.36. Совпадения: погодная аномалия не обнаружена; возможны уборка, смена культуры или качество съёмки. Это описание отклонения, а не установленная причина."
AOI-0054,2017-08-15,2017-08-29,14,5,5,-4.716371841223244,-2.6391658864723544,3.026694790339133,1.0,3.0267,критическая,повышенная температура (выше 80-го перцентиля),"С 2017-08-15 по 2017-08-29 (14 дн.) NDVI поля AOI-0054 был ниже собственной исторической нормы, минимум z = -4.72. Совпадения: повышенная температура (выше 80-го перцентиля). Это описание отклонения, а не установленная причина."
AOI-0020,2013-07-12,2013-07-28,16,6,6,-2.2292962161916203,-1.705415320217963,3.0243770761967212,1.0,3.0244,критическая,"погодная аномалия не обнаружена; возможны уборка, смена культуры или качество съёмки","С 2013-07-12 по 2013-07-28 (16 дн.) NDVI поля AOI-0020 был ниже собственной исторической нормы, минимум z = -2.23. Совпадения: погодная аномалия не обнаружена; возможны уборка, смена культуры или качество съёмки. Это описание отклонения, а не установленная причина."
AOI-0050,2014-10-11,2014-10-27,16,4,4,-5.091918115907984,-4.134391451049293,3.0173220414253916,1.0,3.0173,критическая,"погодная аномалия не обнаружена; возможны уборка, смена культуры или качество съёмки","С 2014-10-11 по 2014-10-27 (16 дн.) NDVI поля AOI-0050 был ниже собственной исторической нормы, минимум z = -5.09. Совпадения: погодная аномалия не обнаружена; возможны уборка, смена культуры или качество съёмки. Это описание отклонения, а не установленная причина."
AOI-0066,2021-05-27,2021-06-06,10,3,3,-2.884458146643676,-2.2201503250795307,3.1730083467568146,0.95,3.0144,критическая,"погодная аномалия не обнаружена; возможны уборка, смена культуры или качество съёмки","С 2021-05-27 по 2021-06-06 (10 дн.) NDVI поля AOI-0066 был ниже собственной исторической нормы, минимум z = -2.88. Совпадения: погодная аномалия не обнаружена; возможны уборка, смена культуры или качество съёмки. Это описание отклонения, а не установленная причина."
AOI-0050,2022-06-10,2022-06-24,14,6,6,-2.63055142101918,-2.0297673676340757,3.0114345920187398,1.0,3.0114,критическая,"погодная аномалия не обнаружена; возможны уборка, смена культуры или качество съёмки","С 2022-06-10 по 2022-06-24 (14 дн.) NDVI поля AOI-0050 был ниже собственной исторической нормы, минимум z = -2.63. Совпадения: погодная аномалия не обнаружена; возможны уборка, смена культуры или качество съёмки. Это описание отклонения, а не установленная причина."
AOI-0078,2013-06-26,2013-07-11,15,3,2,-1.8685430462802939,-1.5682137061194943,3.74832992968648,0.8,2.9987,угнетение,"погодная аномалия не обнаружена; возможны уборка, смена культуры или качество съёмки","С 2013-06-26 по 2013-07-11 (15 дн.) NDVI поля AOI-0078 был ниже собственной исторической нормы, минимум z = -1.87. Совпадения: погодная аномалия не обнаружена; возможны уборка, смена культуры или качество съёмки. Это описание отклонения, а не установленная причина."
AOI-0020,2014-07-28,2014-08-16,19,7,7,-2.8495982139972953,-2.117743755814153,2.9177935893143045,1.0,2.9178,критическая,"погодная аномалия не обнаружена; возможны уборка, смена культуры или качество съёмки","С 2014-07-28 по 2014-08-16 (19 дн.) NDVI поля AOI-0020 был ниже собственной исторической нормы, минимум z = -2.85. Совпадения: погодная аномалия не обнаружена; возможны уборка, смена культуры или качество съёмки. Это описание отклонения, а не установленная причина."
AOI-0078,2020-08-31,2020-09-12,12,7,6,-1.3107860291358853,-1.1780593288822871,2.9042541922027065,1.0,2.9043,угнетение,дефицит осадков (ниже 20-го перцентиля прошлых лет),"С 2020-08-31 по 2020-09-12 (12 дн.) NDVI поля AOI-0078 был ниже собственной исторической нормы, минимум z = -1.31. Совпадения: дефицит осадков (ниже 20-го перцентиля прошлых лет). Это описание отклонения, а не установленная причина."
AOI-0006,2022-07-04,2022-07-12,8,3,3,-1.1772360619915052,-1.088628378284902,3.053451087486782,0.95,2.9008,угнетение,"погодная аномалия не обнаружена; возможны уборка, смена культуры или качество съёмки","С 2022-07-04 по 2022-07-12 (8 дн.) NDVI поля AOI-0006 был ниже собственной исторической нормы, минимум z = -1.18. Совпадения: погодная аномалия не обнаружена; возможны уборка, смена культуры или качество съёмки. Это описание отклонения, а не установленная причина."
AOI-0007,2021-04-30,2021-05-08,8,4,4,-1.9323318140579784,-1.584200347688519,2.884567588013919,1.0,2.8846,угнетение,"погодная аномалия не обнаружена; возможны уборка, смена культуры или качество съёмки","С 2021-04-30 по 2021-05-08 (8 дн.) NDVI поля AOI-0007 был ниже собственной исторической нормы, минимум z = -1.93. Совпадения: погодная аномалия не обнаружена; возможны уборка, смена культуры или качество съёмки. Это описание отклонения, а не установленная причина."
AOI-0043,2019-05-28,2019-06-05,8,6,6,-1.2726765853448383,-1.232877973883352,2.877300850302452,1.0,2.8773,угнетение,"погодная аномалия не обнаружена; возможны уборка, смена культуры или качество съёмки","С 2019-05-28 по 2019-06-05 (8 дн.) NDVI поля AOI-0043 был ниже собственной исторической нормы, минимум z = -1.27. Совпадения: погодная аномалия не обнаружена; возможны уборка, смена культуры или качество съёмки. Это описание отклонения, а не установленная причина."
AOI-0007,2021-05-12,2021-05-20,8,5,5,-1.8393753777703294,-1.6519986702212826,2.8665763467685936,1.0,2.8666,угнетение,"погодная аномалия не обнаружена; возможны уборка, смена культуры или качество съёмки","С 2021-05-12 по 2021-05-20 (8 дн.) NDVI поля AOI-0007 был ниже собственной исторической нормы, минимум z = -1.84. Совпадения: погодная аномалия не обнаружена; возможны уборка, смена культуры или качество съёмки. Это описание отклонения, а не установленная причина."
AOI-0076,2020-06-27,2020-07-07,10,4,4,-1.3226172644239733,-1.2404852359206031,2.8661644396759454,1.0,2.8662,угнетение,"погодная аномалия не обнаружена; возможны уборка, смена культуры или качество съёмки","С 2020-06-27 по 2020-07-07 (10 дн.) NDVI поля AOI-0076 был ниже собственной исторической нормы, минимум z = -1.32. Совпадения: погодная аномалия не обнаружена; возможны уборка, смена культуры или качество съёмки. Это описание отклонения, а не установленная причина."
AOI-0019,2018-04-11,2018-04-21,10,4,4,-1.8101292937412525,-1.4395687829279082,2.8509076300418754,1.0,2.8509,угнетение,дефицит осадков (ниже 20-го перцентиля прошлых лет),"С 2018-04-11 по 2018-04-21 (10 дн.) NDVI поля AOI-0019 был ниже собственной исторической нормы, минимум z = -1.81. Совпадения: дефицит осадков (ниже 20-го перцентиля прошлых лет). Это описание отклонения, а не установленная причина."
AOI-0056,2017-08-08,2017-08-29,21,8,8,-1.5549104880025835,-1.3258753256723896,2.846928400654609,1.0,2.8469,угнетение,"погодная аномалия не обнаружена; возможны уборка, смена культуры или качество съёмки","С 2017-08-08 по 2017-08-29 (21 дн.) NDVI поля AOI-0056 был ниже собственной исторической нормы, минимум z = -1.55. Совпадения: погодная аномалия не обнаружена; возможны уборка, смена культуры или качество съёмки. Это описание отклонения, а не установленная причина."
AOI-0034,2021-05-14,2021-05-22,8,4,4,-1.138362210762874,-1.066961038302671,2.8398030683772895,1.0,2.8398,угнетение,"погодная аномалия не обнаружена; возможны уборка, смена культуры или качество съёмки","С 2021-05-14 по 2021-05-22 (8 дн.) NDVI поля AOI-0034 был ниже собственной исторической нормы, минимум z = -1.14. Совпадения: погодная аномалия не обнаружена; возможны уборка, смена культуры или качество съёмки. Это описание отклонения, а не установленная причина."
AOI-0053,2023-07-28,2023-08-13,16,9,9,-1.6589650187727478,-1.2911676972511044,2.7548217629395486,1.0,2.7548,угнетение,"погодная аномалия не обнаружена; возможны уборка, смена культуры или качество съёмки","С 2023-07-28 по 2023-08-13 (16 дн.) NDVI поля AOI-0053 был ниже собственной исторической нормы, минимум z = -1.66. Совпадения: погодная аномалия не обнаружена; возможны уборка, смена культуры или качество съёмки. Это описание отклонения, а не установленная причина."
AOI-0002,2020-05-12,2020-05-20,8,4,4,-2.2191491090152864,-1.9845311636554381,2.7516126538404393,1.0,2.7516,критическая,"погодная аномалия не обнаружена; возможны уборка, смена культуры или качество съёмки","С 2020-05-12 по 2020-05-20 (8 дн.) NDVI поля AOI-0002 был ниже собственной исторической нормы, минимум z = -2.22. Совпадения: погодная аномалия не обнаружена; возможны уборка, смена культуры или качество съёмки. Это описание отклонения, а не установленная причина."
AOI-0006,2018-05-31,2018-06-08,8,4,3,-2.1991760835739695,-1.8958054547674466,2.7458121133135154,1.0,2.7458,критическая,"погодная аномалия не обнаружена; возможны уборка, смена культуры или качество съёмки","С 2018-05-31 по 2018-06-08 (8 дн.) NDVI поля AOI-0006 был ниже собственной исторической нормы, минимум z = -2.20. Совпадения: погодная аномалия не обнаружена; возможны уборка, смена культуры или качество съёмки. Это описание отклонения, а не установленная причина."
AOI-0016,2019-10-17,2019-10-28,11,5,5,-1.6560540683884664,-1.4070106755448326,2.7249748772440556,1.0,2.725,угнетение,"погодная аномалия не обнаружена; возможны уборка, смена культуры или качество съёмки","С 2019-10-17 по 2019-10-28 (11 дн.) NDVI поля AOI-0016 был ниже собственной исторической нормы, минимум z = -1.66. Совпадения: погодная аномалия не обнаружена; возможны уборка, смена культуры или качество съёмки. Это описание отклонения, а не установленная причина."
AOI-0040,2014-05-15,2014-05-30,15,4,4,-2.512717402918463,-1.7040677599295981,2.684453525613393,1.0,2.6845,критическая,дефицит осадков (ниже 20-го перцентиля прошлых лет),"С 2014-05-15 по 2014-05-30 (15 дн.) NDVI поля AOI-0040 был ниже собственной исторической нормы, минимум z = -2.51. Совпадения: дефицит осадков (ниже 20-го перцентиля прошлых лет). Это описание отклонения, а не установленная причина."
AOI-0016,2014-10-12,2014-10-28,16,4,4,-3.6355867518502327,-2.749406634202613,2.6835589499920416,1.0,2.6836,критическая,"погодная аномалия не обнаружена; возможны уборка, смена культуры или качество съёмки","С 2014-10-12 по 2014-10-28 (16 дн.) NDVI поля AOI-0016 был ниже собственной исторической нормы, минимум z = -3.64. Совпадения: погодная аномалия не обнаружена; возможны уборка, смена культуры или качество съёмки. Это описание отклонения, а не установленная причина."
AOI-0071,2024-06-09,2024-06-25,16,8,8,-2.4941564204870774,-1.9197021982757456,2.682675399502666,1.0,2.6827,критическая,"погодная аномалия не обнаружена; возможны уборка, смена культуры или качество съёмки","С 2024-06-09 по 2024-06-25 (16 дн.) NDVI поля AOI-0071 был ниже собственной исторической нормы, минимум z = -2.49. Совпадения: погодная аномалия не обнаружена; возможны уборка, смена культуры или качество съёмки. Это описание отклонения, а не установленная причина."
AOI-0050,2017-10-08,2017-10-19,11,5,5,-2.646526561027119,-1.6895245347132477,2.663419720275744,1.0,2.6634,критическая,"погодная аномалия не обнаружена; возможны уборка, смена культуры или качество съёмки","С 2017-10-08 по 2017-10-19 (11 дн.) NDVI поля AOI-0050 был ниже собственной исторической нормы, минимум z = -2.65. Совпадения: погодная аномалия не обнаружена; возможны уборка, смена культуры или качество съёмки. Это описание отклонения, а не установленная причина."
AOI-0075,2023-07-17,2023-07-27,10,4,4,-1.7052105419805401,-1.27090910801929,2.663120542302102,1.0,2.6631,угнетение,"погодная аномалия не обнаружена; возможны уборка, смена культуры или качество съёмки","С 2023-07-17 по 2023-07-27 (10 дн.) NDVI поля AOI-0075 был ниже собственной исторической нормы, минимум z = -1.71. Совпадения: погодная аномалия не обнаружена; возможны уборка, смена культуры или качество съёмки. Это описание отклонения, а не установленная причина."
AOI-0019,2013-05-25,2013-06-10,16,3,3,-2.3060572810612996,-1.472419533268799,2.7890559677139275,0.95,2.6496,критическая,дефицит осадков (ниже 20-го перцентиля прошлых лет); повышенная температура (выше 80-го перцентиля),"С 2013-05-25 по 2013-06-10 (16 дн.) NDVI поля AOI-0019 был ниже собственной исторической нормы, минимум z = -2.31. Совпадения: дефицит осадков (ниже 20-го перцентиля прошлых лет); повышенная температура (выше 80-го перцентиля). Это описание отклонения, а не установленная причина."
AOI-0077,2022-05-30,2022-06-10,11,6,6,-2.0662515497291487,-1.589409115271777,2.641513046545842,1.0,2.6415,критическая,"погодная аномалия не обнаружена; возможны уборка, смена культуры или качество съёмки","С 2022-05-30 по 2022-06-10 (11 дн.) NDVI поля AOI-0077 был ниже собственной исторической нормы, минимум z = -2.07. Совпадения: погодная аномалия не обнаружена; возможны уборка, смена культуры или качество съёмки. Это описание отклонения, а не установленная причина."
AOI-0065,2020-07-29,2020-08-10,12,7,7,-1.2648763017809135,-1.1123191738259566,2.640072029848878,1.0,2.6401,угнетение,"погодная аномалия не обнаружена; возможны уборка, смена культуры или качество съёмки","С 2020-07-29 по 2020-08-10 (12 дн.) NDVI поля AOI-0065 был ниже собственной исторической нормы, минимум z = -1.26. Совпадения: погодная аномалия не обнаружена; возможны уборка, смена культуры или качество съёмки. Это описание отклонения, а не установленная причина."
AOI-0050,2022-05-30,2022-06-09,10,4,4,-2.9976873552549455,-2.18671988082695,2.636642215406454,1.0,2.6366,критическая,"погодная аномалия не обнаружена; возможны уборка, смена культуры или качество съёмки","С 2022-05-30 по 2022-06-09 (10 дн.) NDVI поля AOI-0050 был ниже собственной исторической нормы, минимум z = -3.00. Совпадения: погодная аномалия не обнаружена; возможны уборка, смена культуры или качество съёмки. Это описание отклонения, а не установленная причина."
AOI-0039,2024-09-29,2024-10-15,16,7,7,-2.3850544551047865,-1.795058152710546,2.63555091411124,1.0,2.6356,критическая,"погодная аномалия не обнаружена; возможны уборка, смена культуры или качество съёмки","С 2024-09-29 по 2024-10-15 (16 дн.) NDVI поля AOI-0039 был ниже собственной исторической нормы, минимум z = -2.39. Совпадения: погодная аномалия не обнаружена; возможны уборка, смена культуры или качество съёмки. Это описание отклонения, а не установленная причина."
AOI-0077,2021-05-28,2021-06-07,10,2,2,-3.2496363434387536,-2.3706384196589334,3.5118583439342075,0.75,2.6339,критическая,"погодная аномалия не обнаружена; возможны уборка, смена культуры или качество съёмки","С 2021-05-28 по 2021-06-07 (10 дн.) NDVI поля AOI-0077 был ниже собственной исторической нормы, минимум z = -3.25. Совпадения: погодная аномалия не обнаружена; возможны уборка, смена культуры или качество съёмки. Это описание отклонения, а не установленная причина."
AOI-0060,2020-08-13,2020-08-24,11,7,7,-1.4596700972513281,-1.3337398914138208,2.6275349464794684,1.0,2.6275,угнетение,"погодная аномалия не обнаружена; возможны уборка, смена культуры или качество съёмки","С 2020-08-13 по 2020-08-24 (11 дн.) NDVI поля AOI-0060 был ниже собственной исторической нормы, минимум z = -1.46. Совпадения: погодная аномалия не обнаружена; возможны уборка, смена культуры или качество съёмки. Это описание отклонения, а не установленная причина."
AOI-0077,2019-09-15,2019-09-28,13,4,4,-1.4614301518721746,-1.2511369230297271,2.6214537903564494,1.0,2.6215,угнетение,"погодная аномалия не обнаружена; возможны уборка, смена культуры или качество съёмки","С 2019-09-15 по 2019-09-28 (13 дн.) NDVI поля AOI-0077 был ниже собственной исторической нормы, минимум z = -1.46. Совпадения: погодная аномалия не обнаружена; возможны уборка, смена культуры или качество съёмки. Это описание отклонения, а не установленная причина."
AOI-0009,2019-05-11,2019-05-21,10,6,5,-3.1588841439233812,-2.4455152635817874,2.583036926385279,1.0,2.583,критическая,"погодная аномалия не обнаружена; возможны уборка, смена культуры или качество съёмки","С 2019-05-11 по 2019-05-21 (10 дн.) NDVI поля AOI-0009 был ниже собственной исторической нормы, минимум z = -3.16. Совпадения: погодная аномалия не обнаружена; возможны уборка, смена культуры или качество съёмки. Это описание отклонения, а не установленная причина."
AOI-0071,2019-04-25,2019-05-08,13,5,5,-1.9105937111527247,-1.7079425658838576,2.5826945853472143,1.0,2.5827,угнетение,"погодная аномалия не обнаружена; возможны уборка, смена культуры или качество съёмки","С 2019-04-25 по 2019-05-08 (13 дн.) NDVI поля AOI-0071 был ниже собственной исторической нормы, минимум z = -1.91. Совпадения: погодная аномалия не обнаружена; возможны уборка, смена культуры или качество съёмки. Это описание отклонения, а не установленная причина."
AOI-0076,2015-06-26,2015-07-09,13,3,3,-1.8561178729613073,-1.6283537684910654,2.717014221256537,0.95,2.5812,угнетение,"погодная аномалия не обнаружена; возможны уборка, смена культуры или качество съёмки","С 2015-06-26 по 2015-07-09 (13 дн.) NDVI поля AOI-0076 был ниже собственной исторической нормы, минимум z = -1.86. Совпадения: погодная аномалия не обнаружена; возможны уборка, смена культуры или качество съёмки. Это описание отклонения, а не установленная причина."
AOI-0054,2015-10-06,2015-10-29,23,3,2,-1.400895185621715,-1.3322766193311322,3.224094723081018,0.8,2.5793,угнетение,"погодная аномалия не обнаружена; возможны уборка, смена культуры или качество съёмки","С 2015-10-06 по 2015-10-29 (23 дн.) NDVI поля AOI-0054 был ниже собственной исторической нормы, минимум z = -1.40. Совпадения: погодная аномалия не обнаружена; возможны уборка, смена культуры или качество съёмки. Это описание отклонения, а не установленная причина."
AOI-0027,2014-10-03,2014-10-27,24,4,4,-2.7356539638298796,-2.300807633233476,2.564108836905599,1.0,2.5641,критическая,"погодная аномалия не обнаружена; возможны уборка, смена культуры или качество съёмки","С 2014-10-03 по 2014-10-27 (24 дн.) NDVI поля AOI-0027 был ниже собственной исторической нормы, минимум z = -2.74. Совпадения: погодная аномалия не обнаружена; возможны уборка, смена культуры или качество съёмки. Это описание отклонения, а не установленная причина."
AOI-0019,2015-04-23,2015-05-08,15,4,4,-2.0100619972667437,-1.4883013011681026,2.559725127145182,1.0,2.5597,критическая,"погодная аномалия не обнаружена; возможны уборка, смена культуры или качество съёмки","С 2015-04-23 по 2015-05-08 (15 дн.) NDVI поля AOI-0019 был ниже собственной исторической нормы, минимум z = -2.01. Совпадения: погодная аномалия не обнаружена; возможны уборка, смена культуры или качество съёмки. Это описание отклонения, а не установленная причина."
AOI-0071,2024-06-26,2024-07-11,15,5,5,-1.7611134859673263,-1.4677087446133474,2.4962726154184907,1.0,2.4963,угнетение,"погодная аномалия не обнаружена; возможны уборка, смена культуры или качество съёмки","С 2024-06-26 по 2024-07-11 (15 дн.) NDVI поля AOI-0071 был ниже собственной исторической нормы, минимум z = -1.76. Совпадения: погодная аномалия не обнаружена; возможны уборка, смена культуры или качество съёмки. Это описание отклонения, а не установленная причина."
AOI-0020,2021-05-15,2021-05-23,8,6,6,-2.217545432413212,-1.8546780242890684,2.485888710366878,1.0,2.4859,критическая,"погодная аномалия не обнаружена; возможны уборка, смена культуры или качество съёмки","С 2021-05-15 по 2021-05-23 (8 дн.) NDVI поля AOI-0020 был ниже собственной исторической нормы, минимум z = -2.22. Совпадения: погодная аномалия не обнаружена; возможны уборка, смена культуры или качество съёмки. Это описание отклонения, а не установленная причина."
AOI-0048,2020-09-13,2020-10-15,32,13,13,-2.948618114763658,-1.6205845493383912,2.484621178697377,1.0,2.4846,критическая,дефицит осадков (ниже 20-го перцентиля прошлых лет); повышенная температура (выше 80-го перцентиля); длительное отклонение,"С 2020-09-13 по 2020-10-15 (32 дн.) NDVI поля AOI-0048 был ниже собственной исторической нормы, минимум z = -2.95. Совпадения: дефицит осадков (ниже 20-го перцентиля прошлых лет); повышенная температура (выше 80-го перцентиля); длительное отклонение. Это описание отклонения, а не установленная причина."
AOI-0002,2015-09-04,2015-09-20,16,3,3,-1.9637638819666723,-1.646613029744264,2.6015510073962647,0.95,2.4715,угнетение,дефицит осадков (ниже 20-го перцентиля прошлых лет),"С 2015-09-04 по 2015-09-20 (16 дн.) NDVI поля AOI-0002 был ниже собственной исторической нормы, минимум z = -1.96. Совпадения: дефицит осадков (ниже 20-го перцентиля прошлых лет). Это описание отклонения, а не установленная причина."
AOI-0034,2013-05-09,2013-05-20,11,4,3,-4.806214651401842,-3.778793068070754,2.4606688613138443,1.0,2.4607,критическая,дефицит осадков (ниже 20-го перцентиля прошлых лет),"С 2013-05-09 по 2013-05-20 (11 дн.) NDVI поля AOI-0034 был ниже собственной исторической нормы, минимум z = -4.81. Совпадения: дефицит осадков (ниже 20-го перцентиля прошлых лет). Это описание отклонения, а не установленная причина."
AOI-0077,2020-08-31,2020-09-12,12,8,8,-1.571402199500878,-1.4580230246672827,2.4462326792729683,1.0,2.4462,угнетение,"погодная аномалия не обнаружена; возможны уборка, смена культуры или качество съёмки","С 2020-08-31 по 2020-09-12 (12 дн.) NDVI поля AOI-0077 был ниже собственной исторической нормы, минимум z = -1.57. Совпадения: погодная аномалия не обнаружена; возможны уборка, смена культуры или качество съёмки. Это описание отклонения, а не установленная причина."
AOI-0052,2018-08-02,2018-08-19,17,5,5,-1.4591539773418303,-1.27064581625913,2.4362656854211555,1.0,2.4363,угнетение,"погодная аномалия не обнаружена; возможны уборка, смена культуры или качество съёмки","С 2018-08-02 по 2018-08-19 (17 дн.) NDVI поля AOI-0052 был ниже собственной исторической нормы, минимум z = -1.46. Совпадения: погодная аномалия не обнаружена; возможны уборка, смена культуры или качество съёмки. Это описание отклонения, а не установленная причина."
AOI-0060,2022-08-18,2022-08-28,10,5,5,-1.5226283819001074,-1.341835634345248,2.4354783129239133,1.0,2.4355,угнетение,"погодная аномалия не обнаружена; возможны уборка, смена культуры или качество съёмки","С 2022-08-18 по 2022-08-28 (10 дн.) NDVI поля AOI-0060 был ниже собственной исторической нормы, минимум z = -1.52. Совпадения: погодная аномалия не обнаружена; возможны уборка, смена культуры или качество съёмки. Это описание отклонения, а не установленная причина."
AOI-0015,2023-04-27,2023-05-06,9,3,3,-1.4470545825469665,-1.238046281204831,2.5588071080492454,0.95,2.4309,угнетение,"погодная аномалия не обнаружена; возможны уборка, смена культуры или качество съёмки","С 2023-04-27 по 2023-05-06 (9 дн.) NDVI поля AOI-0015 был ниже собственной исторической нормы, минимум z = -1.45. Совпадения: погодная аномалия не обнаружена; возможны уборка, смена культуры или качество съёмки. Это описание отклонения, а не установленная причина."
AOI-0063,2018-05-25,2018-06-09,15,5,5,-1.550692079550195,-1.3343612170181132,2.42595348682282,1.0,2.426,угнетение,дефицит осадков (ниже 20-го перцентиля прошлых лет); повышенная температура (выше 80-го перцентиля),"С 2018-05-25 по 2018-06-09 (15 дн.) NDVI поля AOI-0063 был ниже собственной исторической нормы, минимум z = -1.55. Совпадения: дефицит осадков (ниже 20-го перцентиля прошлых лет); повышенная температура (выше 80-го перцентиля). Это описание отклонения, а не установленная причина."
AOI-0052,2024-06-25,2024-07-03,8,5,5,-1.1589290518662223,-1.115796174180166,2.419692029964184,1.0,2.4197,угнетение,дефицит осадков (ниже 20-го перцентиля прошлых лет); повышенная температура (выше 80-го перцентиля),"С 2024-06-25 по 2024-07-03 (8 дн.) NDVI поля AOI-0052 был ниже собственной исторической нормы, минимум z = -1.16. Совпадения: дефицит осадков (ниже 20-го перцентиля прошлых лет); повышенная температура (выше 80-го перцентиля). Это описание отклонения, а не установленная причина."
AOI-0052,2024-09-13,2024-10-15,32,15,15,-2.1191724955907274,-1.3597236420624002,2.3975981107728486,1.0,2.3976,критическая,дефицит осадков (ниже 20-го перцентиля прошлых лет); повышенная температура (выше 80-го перцентиля); длительное отклонение,"С 2024-09-13 по 2024-10-15 (32 дн.) NDVI поля AOI-0052 был ниже собственной исторической нормы, минимум z = -2.12. Совпадения: дефицит осадков (ниже 20-го перцентиля прошлых лет); повышенная температура (выше 80-го перцентиля); длительное отклонение. Это описание отклонения, а не установленная причина."
AOI-0072,2013-04-16,2013-05-02,16,4,2,-1.240544085608725,-1.127106232521153,2.80930123741007,0.85,2.3879,угнетение,"погодная аномалия не обнаружена; возможны уборка, смена культуры или качество съёмки","С 2013-04-16 по 2013-05-02 (16 дн.) NDVI поля AOI-0072 был ниже собственной исторической нормы, минимум z = -1.24. Совпадения: погодная аномалия не обнаружена; возможны уборка, смена культуры или качество съёмки. Это описание отклонения, а не установленная причина."
AOI-0050,2015-09-20,2015-10-06,16,5,5,-5.327652895651742,-2.842752417933216,2.3863894574041256,1.0,2.3864,критическая,"погодная аномалия не обнаружена; возможны уборка, смена культуры или качество съёмки","С 2015-09-20 по 2015-10-06 (16 дн.) NDVI поля AOI-0050 был ниже собственной исторической нормы, минимум z = -5.33. Совпадения: погодная аномалия не обнаружена; возможны уборка, смена культуры или качество съёмки. Это описание отклонения, а не установленная причина."
AOI-0041,2021-04-08,2021-04-22,14,3,3,-2.475100486464085,-1.9608789246908749,2.497345685038476,0.95,2.3725,критическая,"погодная аномалия не обнаружена; возможны уборка, смена культуры или качество съёмки","С 2021-04-08 по 2021-04-22 (14 дн.) NDVI поля AOI-0041 был ниже собственной исторической нормы, минимум z = -2.48. Совпадения: погодная аномалия не обнаружена; возможны уборка, смена культуры или качество съёмки. Это описание отклонения, а не установленная причина."
AOI-0009,2014-06-10,2014-06-26,16,3,1,-1.549290196849953,-1.3503961420593085,3.6243407567291728,0.65,2.3558,угнетение,дефицит осадков (ниже 20-го перцентиля прошлых лет),"С 2014-06-10 по 2014-06-26 (16 дн.) NDVI поля AOI-0009 был ниже собственной исторической нормы, минимум z = -1.55. Совпадения: дефицит осадков (ниже 20-го перцентиля прошлых лет). Это описание отклонения, а не установленная причина."
AOI-0078,2024-06-15,2024-06-23,8,4,4,-1.624189574630856,-1.3231380486709403,2.33968087789284,1.0,2.3397,угнетение,дефицит осадков (ниже 20-го перцентиля прошлых лет); повышенная температура (выше 80-го перцентиля),"С 2024-06-15 по 2024-06-23 (8 дн.) NDVI поля AOI-0078 был ниже собственной исторической нормы, минимум z = -1.62. Совпадения: дефицит осадков (ниже 20-го перцентиля прошлых лет); повышенная температура (выше 80-го перцентиля). Это описание отклонения, а не установленная причина."
AOI-0076,2024-06-08,2024-06-18,10,7,7,-1.8738320249923095,-1.4530756430605725,2.3240532640930205,1.0,2.3241,угнетение,"погодная аномалия не обнаружена; возможны уборка, смена культуры или качество съёмки","С 2024-06-08 по 2024-06-18 (10 дн.) NDVI поля AOI-0076 был ниже собственной исторической нормы, минимум z = -1.87. Совпадения: погодная аномалия не обнаружена; возможны уборка, смена культуры или качество съёмки. Это описание отклонения, а не установленная причина."
AOI-0060,2017-05-11,2017-05-19,8,3,3,-1.4370943180240938,-1.2842699932420458,2.424870278744755,0.95,2.3036,угнетение,"погодная аномалия не обнаружена; возможны уборка, смена культуры или качество съёмки","С 2017-05-11 по 2017-05-19 (8 дн.) NDVI поля AOI-0060 был ниже собственной исторической нормы, минимум z = -1.44. Совпадения: погодная аномалия не обнаружена; возможны уборка, смена культуры или качество съёмки. Это описание отклонения, а не установленная причина."
AOI-0076,2024-07-03,2024-07-11,8,4,4,-1.532402437504849,-1.267590526592963,2.297074285815418,1.0,2.2971,угнетение,"погодная аномалия не обнаружена; возможны уборка, смена культуры или качество съёмки","С 2024-07-03 по 2024-07-11 (8 дн.) NDVI поля AOI-0076 был ниже собственной исторической нормы, минимум z = -1.53. Совпадения: погодная аномалия не обнаружена; возможны уборка, смена культуры или качество съёмки. Это описание отклонения, а не установленная причина."
AOI-0077,2021-04-28,2021-05-06,8,6,6,-1.3055088605159462,-1.2168824941288476,2.2815082798186745,1.0,2.2815,угнетение,"погодная аномалия не обнаружена; возможны уборка, смена культуры или качество съёмки","С 2021-04-28 по 2021-05-06 (8 дн.) NDVI поля AOI-0077 был ниже собственной исторической нормы, минимум z = -1.31. Совпадения: погодная аномалия не обнаружена; возможны уборка, смена культуры или качество съёмки. Это описание отклонения, а не установленная причина."
AOI-0071,2024-09-30,2024-10-24,24,6,6,-1.885389264812272,-1.3728136022930724,2.272156000106483,1.0,2.2722,угнетение,"погодная аномалия не обнаружена; возможны уборка, смена культуры или качество съёмки","С 2024-09-30 по 2024-10-24 (24 дн.) NDVI поля AOI-0071 был ниже собственной исторической нормы, минимум z = -1.89. Совпадения: погодная аномалия не обнаружена; возможны уборка, смена культуры или качество съёмки. Это описание отклонения, а не установленная причина."
AOI-0026,2015-10-06,2015-10-30,24,3,3,-2.576941149730311,-1.7796843626783179,2.3830229180338156,0.95,2.2639,критическая,дефицит осадков (ниже 20-го перцентиля прошлых лет),"С 2015-10-06 по 2015-10-30 (24 дн.) NDVI поля AOI-0026 был ниже собственной исторической нормы, минимум z = -2.58. Совпадения: дефицит осадков (ниже 20-го перцентиля прошлых лет). Это описание отклонения, а не установленная причина."
AOI-0050,2015-05-14,2015-05-23,9,4,4,-2.461284646135679,-2.0211121316611638,2.2525316920216705,1.0,2.2525,критическая,"погодная аномалия не обнаружена; возможны уборка, смена культуры или качество съёмки","С 2015-05-14 по 2015-05-23 (9 дн.) NDVI поля AOI-0050 был ниже собственной исторической нормы, минимум z = -2.46. Совпадения: погодная аномалия не обнаружена; возможны уборка, смена культуры или качество съёмки. Это описание отклонения, а не установленная причина."
AOI-0053,2017-07-15,2017-07-28,13,5,5,-3.1261425936331775,-2.0337452036089116,2.2452305765954814,1.0,2.2452,критическая,дефицит осадков (ниже 20-го перцентиля прошлых лет),"С 2017-07-15 по 2017-07-28 (13 дн.) NDVI поля AOI-0053 был ниже собственной исторической нормы, минимум z = -3.13. Совпадения: дефицит осадков (ниже 20-го перцентиля прошлых лет). Это описание отклонения, а не установленная причина."
AOI-0076,2017-07-14,2017-07-22,8,3,3,-1.4596681363262074,-1.3768122531852087,2.349360527829531,0.95,2.2319,угнетение,"погодная аномалия не обнаружена; возможны уборка, смена культуры или качество съёмки","С 2017-07-14 по 2017-07-22 (8 дн.) NDVI поля AOI-0076 был ниже собственной исторической нормы, минимум z = -1.46. Совпадения: погодная аномалия не обнаружена; возможны уборка, смена культуры или качество съёмки. Это описание отклонения, а не установленная причина."
AOI-0063,2021-07-14,2021-07-24,10,6,6,-1.4048715947522175,-1.2322480787925696,2.222226733075588,1.0,2.2222,угнетение,повышенная температура (выше 80-го перцентиля),"С 2021-07-14 по 2021-07-24 (10 дн.) NDVI поля AOI-0063 был ниже собственной исторической нормы, минимум z = -1.40. Совпадения: повышенная температура (выше 80-го перцентиля). Это описание отклонения, а не установленная причина."
AOI-0027,2024-08-17,2024-08-27,10,5,5,-1.4741254074097498,-1.3431218214007346,2.2059475931628016,1.0,2.2059,угнетение,"погодная аномалия не обнаружена; возможны уборка, смена культуры или качество съёмки","С 2024-08-17 по 2024-08-27 (10 дн.) NDVI поля AOI-0027 был ниже собственной исторической нормы, минимум z = -1.47. Совпадения: погодная аномалия не обнаружена; возможны уборка, смена культуры или качество съёмки. Это описание отклонения, а не установленная причина."
AOI-0064,2020-05-17,2020-05-29,12,4,4,-1.5794089092905703,-1.3902871290001166,2.195797152775197,1.0,2.1958,угнетение,"погодная аномалия не обнаружена; возможны уборка, смена культуры или качество съёмки","С 2020-05-17 по 2020-05-29 (12 дн.) NDVI поля AOI-0064 был ниже собственной исторической нормы, минимум z = -1.58. Совпадения: погодная аномалия не обнаружена; возможны уборка, смена культуры или качество съёмки. Это описание отклонения, а не установленная причина."
AOI-0071,2021-06-11,2021-06-26,15,6,6,-2.555910171386936,-1.9318298285390751,2.1936705158956986,1.0,2.1937,критическая,"погодная аномалия не обнаружена; возможны уборка, смена культуры или качество съёмки","С 2021-06-11 по 2021-06-26 (15 дн.) NDVI поля AOI-0071 был ниже собственной исторической нормы, минимум z = -2.56. Совпадения: погодная аномалия не обнаружена; возможны уборка, смена культуры или качество съёмки. Это описание отклонения, а не установленная причина."
AOI-0075,2017-05-27,2017-06-05,9,2,2,-2.3378779342778775,-2.0751687972135313,2.905366167714167,0.75,2.179,критическая,"погодная аномалия не обнаружена; возможны уборка, смена культуры или качество съёмки","С 2017-05-27 по 2017-06-05 (9 дн.) NDVI поля AOI-0075 был ниже собственной исторической нормы, минимум z = -2.34. Совпадения: погодная аномалия не обнаружена; возможны уборка, смена культуры или качество съёмки. Это описание отклонения, а не установленная причина."
AOI-0041,2020-04-22,2020-05-08,16,8,8,-3.37348424310636,-2.3201865316475807,2.1612577715549324,1.0,2.1613,критическая,"погодная аномалия не обнаружена; возможны уборка, смена культуры или качество съёмки","С 2020-04-22 по 2020-05-08 (16 дн.) NDVI поля AOI-0041 был ниже собственной исторической нормы, минимум z = -3.37. Совпадения: погодная аномалия не обнаружена; возможны уборка, смена культуры или качество съёмки. Это описание отклонения, а не установленная причина."
AOI-0019,2021-04-29,2021-05-08,9,5,5,-2.57051035568081,-1.802601949872908,2.1596862768624807,1.0,2.1597,критическая,"погодная аномалия не обнаружена; возможны уборка, смена культуры или качество съёмки","С 2021-04-29 по 2021-05-08 (9 дн.) NDVI поля AOI-0019 был ниже собственной исторической нормы, минимум z = -2.57. Совпадения: погодная аномалия не обнаружена; возможны уборка, смена культуры или качество съёмки. Это описание отклонения, а не установленная причина."
AOI-0078,2015-07-17,2015-07-25,8,2,2,-2.2576143819786303,-1.8567370688777292,2.869019415788412,0.75,2.1518,критическая,"погодная аномалия не обнаружена; возможны уборка, смена культуры или качество съёмки","С 2015-07-17 по 2015-07-25 (8 дн.) NDVI поля AOI-0078 был ниже собственной исторической нормы, минимум z = -2.26. Совпадения: погодная аномалия не обнаружена; возможны уборка, смена культуры или качество съёмки. Это описание отклонения, а не установленная причина."
AOI-0034,2017-04-28,2017-05-06,8,4,4,-1.219273785410325,-1.1627562717054902,2.145336499794281,1.0,2.1453,угнетение,"погодная аномалия не обнаружена; возможны уборка, смена культуры или качество съёмки","С 2017-04-28 по 2017-05-06 (8 дн.) NDVI поля AOI-0034 был ниже собственной исторической нормы, минимум z = -1.22. Совпадения: погодная аномалия не обнаружена; возможны уборка, смена культуры или качество съёмки. Это описание отклонения, а не установленная причина."
AOI-0050,2024-05-30,2024-06-07,8,3,3,-2.2651180771756034,-1.8509269274474172,2.247903734089019,0.95,2.1355,критическая,"погодная аномалия не обнаружена; возможны уборка, смена культуры или качество съёмки","С 2024-05-30 по 2024-06-07 (8 дн.) NDVI поля AOI-0050 был ниже собственной исторической нормы, минимум z = -2.27. Совпадения: погодная аномалия не обнаружена; возможны уборка, смена культуры или качество съёмки. Это описание отклонения, а не установленная причина."
AOI-0070,2018-06-26,2018-07-19,23,6,6,-2.160608236168511,-1.422919316954231,2.1335321013576958,1.0,2.1335,критическая,повышенная температура (выше 80-го перцентиля),"С 2018-06-26 по 2018-07-19 (23 дн.) NDVI поля AOI-0070 был ниже собственной исторической нормы, минимум z = -2.16. Совпадения: повышенная температура (выше 80-го перцентиля). Это описание отклонения, а не установленная причина."
AOI-0060,2020-08-31,2020-09-12,12,6,6,-2.0223484272976435,-1.6731906858801198,2.1290813897500023,1.0,2.1291,критическая,дефицит осадков (ниже 20-го перцентиля прошлых лет),"С 2020-08-31 по 2020-09-12 (12 дн.) NDVI поля AOI-0060 был ниже собственной исторической нормы, минимум z = -2.02. Совпадения: дефицит осадков (ниже 20-го перцентиля прошлых лет). Это описание отклонения, а не установленная причина."
AOI-0057,2024-05-09,2024-05-19,10,2,2,-1.738353652944223,-1.4775413395052248,2.772808136824321,0.75,2.0796,угнетение,"погодная аномалия не обнаружена; возможны уборка, смена культуры или качество съёмки","С 2024-05-09 по 2024-05-19 (10 дн.) NDVI поля AOI-0057 был ниже собственной исторической нормы, минимум z = -1.74. Совпадения: погодная аномалия не обнаружена; возможны уборка, смена культуры или качество съёмки. Это описание отклонения, а не установленная причина."
AOI-0060,2019-09-15,2019-09-23,8,3,3,-5.039203590690364,-3.513154055211437,2.183291592836242,0.95,2.0741,критическая,"погодная аномалия не обнаружена; возможны уборка, смена культуры или качество съёмки","С 2019-09-15 по 2019-09-23 (8 дн.) NDVI поля AOI-0060 был ниже собственной исторической нормы, минимум z = -5.04. Совпадения: погодная аномалия не обнаружена; возможны уборка, смена культуры или качество съёмки. Это описание отклонения, а не установленная причина."
AOI-0050,2017-05-27,2017-06-05,9,5,5,-3.6749999901702908,-2.8632015006509244,2.0740954159253833,1.0,2.0741,критическая,"погодная аномалия не обнаружена; возможны уборка, смена культуры или качество съёмки","С 2017-05-27 по 2017-06-05 (9 дн.) NDVI поля AOI-0050 был ниже собственной исторической нормы, минимум z = -3.67. Совпадения: погодная аномалия не обнаружена; возможны уборка, смена культуры или качество съёмки. Это описание отклонения, а не установленная причина."
AOI-0019,2015-05-23,2015-05-31,8,4,4,-2.9217980449640435,-1.6292438268214569,2.0610584871642317,1.0,2.0611,критическая,"погодная аномалия не обнаружена; возможны уборка, смена культуры или качество съёмки","С 2015-05-23 по 2015-05-31 (8 дн.) NDVI поля AOI-0019 был ниже собственной исторической нормы, минимум z = -2.92. Совпадения: погодная аномалия не обнаружена; возможны уборка, смена культуры или качество съёмки. Это описание отклонения, а не установленная причина."
AOI-0050,2023-07-29,2023-08-09,11,8,8,-2.23647600798964,-1.6109973626065415,2.059892175349291,1.0,2.0599,критическая,"погодная аномалия не обнаружена; возможны уборка, смена культуры или качество съёмки","С 2023-07-29 по 2023-08-09 (11 дн.) NDVI поля AOI-0050 был ниже собственной исторической нормы, минимум z = -2.24. Совпадения: погодная аномалия не обнаружена; возможны уборка, смена культуры или качество съёмки. Это описание отклонения, а не установленная причина."
AOI-0024,2016-05-25,2016-06-03,9,2,2,-1.4388144514336054,-1.2779609080257552,2.7282856081815003,0.75,2.0462,угнетение,"погодная аномалия не обнаружена; возможны уборка, смена культуры или качество съёмки","С 2016-05-25 по 2016-06-03 (9 дн.) NDVI поля AOI-0024 был ниже собственной исторической нормы, минимум z = -1.44. Совпадения: погодная аномалия не обнаружена; возможны уборка, смена культуры или качество съёмки. Это описание отклонения, а не установленная причина."
AOI-0021,2020-08-18,2020-09-02,15,10,10,-1.6238918951552803,-1.260093002641153,2.0229067176473605,1.0,2.0229,угнетение,"погодная аномалия не обнаружена; возможны уборка, смена культуры или качество съёмки","С 2020-08-18 по 2020-09-02 (15 дн.) NDVI поля AOI-0021 был ниже собственной исторической нормы, минимум z = -1.62. Совпадения: погодная аномалия не обнаружена; возможны уборка, смена культуры или качество съёмки. Это описание отклонения, а не установленная причина."
AOI-0055,2014-10-02,2014-10-26,24,4,4,-1.3744066846294973,-1.1769881509409097,2.018772774915991,1.0,2.0188,угнетение,"погодная аномалия не обнаружена; возможны уборка, смена культуры или качество съёмки","С 2014-10-02 по 2014-10-26 (24 дн.) NDVI поля AOI-0055 был ниже собственной исторической нормы, минимум z = -1.37. Совпадения: погодная аномалия не обнаружена; возможны уборка, смена культуры или качество съёмки. Это описание отклонения, а не установленная причина."
AOI-0054,2020-10-12,2020-10-27,15,4,2,-1.4511879350345511,-1.319489123130019,2.3716331199025547,0.85,2.0159,угнетение,дефицит осадков (ниже 20-го перцентиля прошлых лет); повышенная температура (выше 80-го перцентиля),"С 2020-10-12 по 2020-10-27 (15 дн.) NDVI поля AOI-0054 был ниже собственной исторической нормы, минимум z = -1.45. Совпадения: дефицит осадков (ниже 20-го перцентиля прошлых лет); повышенная температура (выше 80-го перцентиля). Это описание отклонения, а не установленная причина."
AOI-0045,2020-09-03,2020-10-05,32,14,14,-2.509917310870121,-1.5816120815855812,2.0061680726033235,1.0,2.0062,критическая,дефицит осадков (ниже 20-го перцентиля прошлых лет); длительное отклонение,"С 2020-09-03 по 2020-10-05 (32 дн.) NDVI поля AOI-0045 был ниже собственной исторической нормы, минимум z = -2.51. Совпадения: дефицит осадков (ниже 20-го перцентиля прошлых лет); длительное отклонение. Это описание отклонения, а не установленная причина."
AOI-0045,2014-05-30,2014-06-07,8,3,3,-1.3312547397920194,-1.1638084337581593,2.093578047299973,0.95,1.9889,угнетение,"погодная аномалия не обнаружена; возможны уборка, смена культуры или качество съёмки","С 2014-05-30 по 2014-06-07 (8 дн.) NDVI поля AOI-0045 был ниже собственной исторической нормы, минимум z = -1.33. Совпадения: погодная аномалия не обнаружена; возможны уборка, смена культуры или качество съёмки. Это описание отклонения, а не установленная причина."
AOI-0034,2014-07-10,2014-08-03,24,7,6,-2.5726308407053917,-1.9350026522010582,1.9767696200202496,1.0,1.9768,критическая,дефицит осадков (ниже 20-го перцентиля прошлых лет),"С 2014-07-10 по 2014-08-03 (24 дн.) NDVI поля AOI-0034 был ниже собственной исторической нормы, минимум z = -2.57. Совпадения: дефицит осадков (ниже 20-го перцентиля прошлых лет). Это описание отклонения, а не установленная причина."
AOI-0050,2022-06-29,2022-07-12,13,6,6,-2.274436957920579,-1.7327201895092548,1.9764767341803695,1.0,1.9765,критическая,"погодная аномалия не обнаружена; возможны уборка, смена культуры или качество съёмки","С 2022-06-29 по 2022-07-12 (13 дн.) NDVI поля AOI-0050 был ниже собственной исторической нормы, минимум z = -2.27. Совпадения: погодная аномалия не обнаружена; возможны уборка, смена культуры или качество съёмки. Это описание отклонения, а не установленная причина."
AOI-0009,2013-04-24,2013-05-02,8,2,2,-5.562782109306743,-3.34789278492155,2.634082031003995,0.75,1.9756,критическая,дефицит осадков (ниже 20-го перцентиля прошлых лет),"С 2013-04-24 по 2013-05-02 (8 дн.) NDVI поля AOI-0009 был ниже собственной исторической нормы, минимум z = -5.56. Совпадения: дефицит осадков (ниже 20-го перцентиля прошлых лет). Это описание отклонения, а не установленная причина."
AOI-0066,2019-06-17,2019-06-25,8,3,2,-1.3266436060346856,-1.17629691811367,2.4669588974818994,0.8,1.9736,угнетение,дефицит осадков (ниже 20-го перцентиля прошлых лет); повышенная температура (выше 80-го перцентиля),"С 2019-06-17 по 2019-06-25 (8 дн.) NDVI поля AOI-0066 был ниже собственной исторической нормы, минимум z = -1.33. Совпадения: дефицит осадков (ниже 20-го перцентиля прошлых лет); повышенная температура (выше 80-го перцентиля). Это описание отклонения, а не установленная причина."
AOI-0041,2014-10-14,2014-10-30,16,4,4,-1.645833492196381,-1.3425852633346036,1.9555899788880513,1.0,1.9556,угнетение,"погодная аномалия не обнаружена; возможны уборка, смена культуры или качество съёмки","С 2014-10-14 по 2014-10-30 (16 дн.) NDVI поля AOI-0041 был ниже собственной исторической нормы, минимум z = -1.65. Совпадения: погодная аномалия не обнаружена; возможны уборка, смена культуры или качество съёмки. Это описание отклонения, а не установленная причина."
AOI-0011,2013-04-24,2013-05-02,8,2,2,-1.5180564531866263,-1.439960453355913,2.604548906925893,0.75,1.9534,угнетение,дефицит осадков (ниже 20-го перцентиля прошлых лет),"С 2013-04-24 по 2013-05-02 (8 дн.) NDVI поля AOI-0011 был ниже собственной исторической нормы, минимум z = -1.52. Совпадения: дефицит осадков (ниже 20-го перцентиля прошлых лет). Это описание отклонения, а не установленная причина."
AOI-0057,2014-10-02,2014-10-26,24,4,1,-1.8344605892524344,-1.5461389071642333,2.760979524936858,0.7,1.9327,угнетение,"погодная аномалия не обнаружена; возможны уборка, смена культуры или качество съёмки","С 2014-10-02 по 2014-10-26 (24 дн.) NDVI поля AOI-0057 был ниже собственной исторической нормы, минимум z = -1.83. Совпадения: погодная аномалия не обнаружена; возможны уборка, смена культуры или качество съёмки. Это описание отклонения, а не установленная причина."
AOI-0024,2017-09-02,2017-09-15,13,8,6,-1.3337765297563997,-1.2209467590653915,1.9182847086209984,1.0,1.9183,угнетение,"погодная аномалия не обнаружена; возможны уборка, смена культуры или качество съёмки","С 2017-09-02 по 2017-09-15 (13 дн.) NDVI поля AOI-0024 был ниже собственной исторической нормы, минимум z = -1.33. Совпадения: погодная аномалия не обнаружена; возможны уборка, смена культуры или качество съёмки. Это описание отклонения, а не установленная причина."
AOI-0056,2019-09-18,2019-09-28,10,3,3,-3.616301357396549,-2.7576585955711894,2.011661523157922,0.95,1.9111,критическая,"погодная аномалия не обнаружена; возможны уборка, смена культуры или качество съёмки","С 2019-09-18 по 2019-09-28 (10 дн.) NDVI поля AOI-0056 был ниже собственной исторической нормы, минимум z = -3.62. Совпадения: погодная аномалия не обнаружена; возможны уборка, смена культуры или качество съёмки. Это описание отклонения, а не установленная причина."
AOI-0077,2020-09-17,2020-09-27,10,7,7,-1.2261837656933945,-1.1566413423281443,1.9080228562701231,1.0,1.908,угнетение,"погодная аномалия не обнаружена; возможны уборка, смена культуры или качество съёмки","С 2020-09-17 по 2020-09-27 (10 дн.) NDVI поля AOI-0077 был ниже собственной исторической нормы, минимум z = -1.23. Совпадения: погодная аномалия не обнаружена; возможны уборка, смена культуры или качество съёмки. Это описание отклонения, а не установленная причина."
AOI-0071,2019-04-09,2019-04-18,9,4,4,-2.328845132106852,-1.71552755805636,1.9042420495509282,1.0,1.9042,критическая,"погодная аномалия не обнаружена; возможны уборка, смена культуры или качество съёмки","С 2019-04-09 по 2019-04-18 (9 дн.) NDVI поля AOI-0071 был ниже собственной исторической нормы, минимум z = -2.33. Совпадения: погодная аномалия не обнаружена; возможны уборка, смена культуры или качество съёмки. Это описание отклонения, а не установленная причина."
AOI-0035,2014-05-15,2014-05-23,8,2,2,-1.0664941421678764,-1.0477051077625492,2.5352580929164787,0.75,1.9014,угнетение,"погодная аномалия не обнаружена; возможны уборка, смена культуры или качество съёмки","С 2014-05-15 по 2014-05-23 (8 дн.) NDVI поля AOI-0035 был ниже собственной исторической нормы, минимум z = -1.07. Совпадения: погодная аномалия не обнаружена; возможны уборка, смена культуры или качество съёмки. Это описание отклонения, а не установленная причина."
AOI-0078,2020-09-15,2020-09-25,10,8,5,-1.4699675986735454,-1.2565434518271488,1.8805594308736762,1.0,1.8806,угнетение,дефицит осадков (ниже 20-го перцентиля прошлых лет); повышенная температура (выше 80-го перцентиля),"С 2020-09-15 по 2020-09-25 (10 дн.) NDVI поля AOI-0078 был ниже собственной исторической нормы, минимум z = -1.47. Совпадения: дефицит осадков (ниже 20-го перцентиля прошлых лет); повышенная температура (выше 80-го перцентиля). Это описание отклонения, а не установленная причина."
AOI-0063,2019-06-17,2019-06-25,8,4,4,-1.754930479131404,-1.515992934092674,1.8701454411784142,1.0,1.8701,угнетение,дефицит осадков (ниже 20-го перцентиля прошлых лет); повышенная температура (выше 80-го перцентиля),"С 2019-06-17 по 2019-06-25 (8 дн.) NDVI поля AOI-0063 был ниже собственной исторической нормы, минимум z = -1.75. Совпадения: дефицит осадков (ниже 20-го перцентиля прошлых лет); повышенная температура (выше 80-го перцентиля). Это описание отклонения, а не установленная причина."
AOI-0016,2015-10-16,2015-10-30,14,2,2,-3.335187900047068,-2.1738255418076564,2.491311125505906,0.75,1.8685,критическая,"погодная аномалия не обнаружена; возможны уборка, смена культуры или качество съёмки","С 2015-10-16 по 2015-10-30 (14 дн.) NDVI поля AOI-0016 был ниже собственной исторической нормы, минимум z = -3.34. Совпадения: погодная аномалия не обнаружена; возможны уборка, смена культуры или качество съёмки. Это описание отклонения, а не установленная причина."
AOI-0008,2018-06-26,2018-07-12,16,4,4,-1.195738052846858,-1.162856800399235,1.8603645217772884,1.0,1.8604,угнетение,"погодная аномалия не обнаружена; возможны уборка, смена культуры или качество съёмки","С 2018-06-26 по 2018-07-12 (16 дн.) NDVI поля AOI-0008 был ниже собственной исторической нормы, минимум z = -1.20. Совпадения: погодная аномалия не обнаружена; возможны уборка, смена культуры или качество съёмки. Это описание отклонения, а не установленная причина."
AOI-0078,2015-08-02,2015-08-10,8,3,3,-1.5648663999532562,-1.4278445578127876,1.9456725634470735,0.95,1.8484,угнетение,дефицит осадков (ниже 20-го перцентиля прошлых лет),"С 2015-08-02 по 2015-08-10 (8 дн.) NDVI поля AOI-0078 был ниже собственной исторической нормы, минимум z = -1.56. Совпадения: дефицит осадков (ниже 20-го перцентиля прошлых лет). Это описание отклонения, а не установленная причина."
AOI-0065,2024-09-13,2024-10-06,23,11,11,-3.2946272642565235,-1.5585066689489802,1.8433841530459616,1.0,1.8434,критическая,дефицит осадков (ниже 20-го перцентиля прошлых лет); повышенная температура (выше 80-го перцентиля),"С 2024-09-13 по 2024-10-06 (23 дн.) NDVI поля AOI-0065 был ниже собственной исторической нормы, минимум z = -3.29. Совпадения: дефицит осадков (ниже 20-го перцентиля прошлых лет); повышенная температура (выше 80-го перцентиля). Это описание отклонения, а не установленная причина."
AOI-0075,2020-08-31,2020-09-12,12,8,8,-1.3138816729819065,-1.1885973448912956,1.8423920331043293,1.0,1.8424,угнетение,дефицит осадков (ниже 20-го перцентиля прошлых лет),"С 2020-08-31 по 2020-09-12 (12 дн.) NDVI поля AOI-0075 был ниже собственной исторической нормы, минимум z = -1.31. Совпадения: дефицит осадков (ниже 20-го перцентиля прошлых лет). Это описание отклонения, а не установленная причина."
AOI-0020,2014-09-17,2014-10-03,16,5,5,-1.7729516577913493,-1.3805945283356684,1.8388808690770766,1.0,1.8389,угнетение,дефицит осадков (ниже 20-го перцентиля прошлых лет),"С 2014-09-17 по 2014-10-03 (16 дн.) NDVI поля AOI-0020 был ниже собственной исторической нормы, минимум z = -1.77. Совпадения: дефицит осадков (ниже 20-го перцентиля прошлых лет). Это описание отклонения, а не установленная причина."
AOI-0018,2014-08-08,2014-08-17,9,5,5,-2.669252941366919,-1.8286067773007193,1.8331552088408853,1.0,1.8332,критическая,дефицит осадков (ниже 20-го перцентиля прошлых лет),"С 2014-08-08 по 2014-08-17 (9 дн.) NDVI поля AOI-0018 был ниже собственной исторической нормы, минимум z = -2.67. Совпадения: дефицит осадков (ниже 20-го перцентиля прошлых лет). Это описание отклонения, а не установленная причина."
AOI-0037,2020-04-24,2020-05-04,10,5,5,-5.462834234487805,-2.497682409749681,1.8220702256223769,1.0,1.8221,критическая,"погодная аномалия не обнаружена; возможны уборка, смена культуры или качество съёмки","С 2020-04-24 по 2020-05-04 (10 дн.) NDVI поля AOI-0037 был ниже собственной исторической нормы, минимум z = -5.46. Совпадения: погодная аномалия не обнаружена; возможны уборка, смена культуры или качество съёмки. Это описание отклонения, а не установленная причина."
AOI-0063,2015-04-30,2015-05-08,8,2,2,-1.5914822345722044,-1.5313465397725854,2.4047892743353136,0.75,1.8036,угнетение,"погодная аномалия не обнаружена; возможны уборка, смена культуры или качество съёмки","С 2015-04-30 по 2015-05-08 (8 дн.) NDVI поля AOI-0063 был ниже собственной исторической нормы, минимум z = -1.59. Совпадения: погодная аномалия не обнаружена; возможны уборка, смена культуры или качество съёмки. Это описание отклонения, а не установленная причина."
AOI-0063,2013-04-24,2013-05-02,8,2,2,-2.4902203457079133,-2.067615441001695,2.392917891453851,0.75,1.7947,критическая,дефицит осадков (ниже 20-го перцентиля прошлых лет),"С 2013-04-24 по 2013-05-02 (8 дн.) NDVI поля AOI-0063 был ниже собственной исторической нормы, минимум z = -2.49. Совпадения: дефицит осадков (ниже 20-го перцентиля прошлых лет). Это описание отклонения, а не установленная причина."
AOI-0034,2015-05-25,2015-06-02,8,3,2,-1.2719856404850913,-1.2062291014370297,2.1847682120357863,0.8,1.7478,угнетение,"погодная аномалия не обнаружена; возможны уборка, смена культуры или качество съёмки","С 2015-05-25 по 2015-06-02 (8 дн.) NDVI поля AOI-0034 был ниже собственной исторической нормы, минимум z = -1.27. Совпадения: погодная аномалия не обнаружена; возможны уборка, смена культуры или качество съёмки. Это описание отклонения, а не установленная причина."
AOI-0065,2021-05-27,2021-06-06,10,3,3,-1.266664811405625,-1.2141371818871691,1.831445014561548,0.95,1.7399,угнетение,"погодная аномалия не обнаружена; возможны уборка, смена культуры или качество съёмки","С 2021-05-27 по 2021-06-06 (10 дн.) NDVI поля AOI-0065 был ниже собственной исторической нормы, минимум z = -1.27. Совпадения: погодная аномалия не обнаружена; возможны уборка, смена культуры или качество съёмки. Это описание отклонения, а не установленная причина."
AOI-0056,2021-04-07,2021-04-15,8,2,2,-1.6837973387147391,-1.6183168363216862,2.316990759492663,0.75,1.7377,угнетение,"погодная аномалия не обнаружена; возможны уборка, смена культуры или качество съёмки","С 2021-04-07 по 2021-04-15 (8 дн.) NDVI поля AOI-0056 был ниже собственной исторической нормы, минимум z = -1.68. Совпадения: погодная аномалия не обнаружена; возможны уборка, смена культуры или качество съёмки. Это описание отклонения, а не установленная причина."
AOI-0076,2015-07-17,2015-07-28,11,3,3,-1.3252282696895572,-1.1861966206748846,1.8290716451349163,0.95,1.7376,угнетение,"погодная аномалия не обнаружена; возможны уборка, смена культуры или качество съёмки","С 2015-07-17 по 2015-07-28 (11 дн.) NDVI поля AOI-0076 был ниже собственной исторической нормы, минимум z = -1.33. Совпадения: погодная аномалия не обнаружена; возможны уборка, смена культуры или качество съёмки. Это описание отклонения, а не установленная причина."
AOI-0043,2017-07-28,2017-08-21,24,10,10,-2.250150818723984,-1.6238165612334594,1.7368579062671994,1.0,1.7369,критическая,дефицит осадков (ниже 20-го перцентиля прошлых лет); повышенная температура (выше 80-го перцентиля),"С 2017-07-28 по 2017-08-21 (24 дн.) NDVI поля AOI-0043 был ниже собственной исторической нормы, минимум z = -2.25. Совпадения: дефицит осадков (ниже 20-го перцентиля прошлых лет); повышенная температура (выше 80-го перцентиля). Это описание отклонения, а не установленная причина."
AOI-0002,2021-07-18,2021-07-26,8,4,4,-1.310967637072621,-1.1412442388852742,1.7356908367240018,1.0,1.7357,угнетение,повышенная температура (выше 80-го перцентиля),"С 2021-07-18 по 2021-07-26 (8 дн.) NDVI поля AOI-0002 был ниже собственной исторической нормы, минимум z = -1.31. Совпадения: повышенная температура (выше 80-го перцентиля). Это описание отклонения, а не установленная причина."
AOI-0007,2016-04-24,2016-05-02,8,2,2,-1.3189702798966327,-1.2581119967194876,2.3079762768894763,0.75,1.731,угнетение,дефицит осадков (ниже 20-го перцентиля прошлых лет); повышенная температура (выше 80-го перцентиля),"С 2016-04-24 по 2016-05-02 (8 дн.) NDVI поля AOI-0007 был ниже собственной исторической нормы, минимум z = -1.32. Совпадения: дефицит осадков (ниже 20-го перцентиля прошлых лет); повышенная температура (выше 80-го перцентиля). Это описание отклонения, а не установленная причина."
AOI-0060,2022-08-30,2022-09-07,8,4,4,-1.5407263416034123,-1.3227670137468415,1.708608708330768,1.0,1.7086,угнетение,"погодная аномалия не обнаружена; возможны уборка, смена культуры или качество съёмки","С 2022-08-30 по 2022-09-07 (8 дн.) NDVI поля AOI-0060 был ниже собственной исторической нормы, минимум z = -1.54. Совпадения: погодная аномалия не обнаружена; возможны уборка, смена культуры или качество съёмки. Это описание отклонения, а не установленная причина."
AOI-0052,2019-09-15,2019-09-28,13,4,4,-4.857345161078081,-2.6399517818558618,1.7060698883082224,1.0,1.7061,критическая,"погодная аномалия не обнаружена; возможны уборка, смена культуры или качество съёмки","С 2019-09-15 по 2019-09-28 (13 дн.) NDVI поля AOI-0052 был ниже собственной исторической нормы, минимум z = -4.86. Совпадения: погодная аномалия не обнаружена; возможны уборка, смена культуры или качество съёмки. Это описание отклонения, а не установленная причина."
AOI-0056,2017-10-08,2017-10-19,11,5,5,-4.8142085408838335,-2.3086181503844587,1.6935884564259445,1.0,1.6936,критическая,"погодная аномалия не обнаружена; возможны уборка, смена культуры или качество съёмки","С 2017-10-08 по 2017-10-19 (11 дн.) NDVI поля AOI-0056 был ниже собственной исторической нормы, минимум z = -4.81. Совпадения: погодная аномалия не обнаружена; возможны уборка, смена культуры или качество съёмки. Это описание отклонения, а не установленная причина."
AOI-0066,2014-07-16,2014-07-24,8,2,2,-1.2386938887550818,-1.2349744319638791,2.223937442469241,0.75,1.668,угнетение,дефицит осадков (ниже 20-го перцентиля прошлых лет),"С 2014-07-16 по 2014-07-24 (8 дн.) NDVI поля AOI-0066 был ниже собственной исторической нормы, минимум z = -1.24. Совпадения: дефицит осадков (ниже 20-го перцентиля прошлых лет). Это описание отклонения, а не установленная причина."
AOI-0043,2020-07-11,2020-08-05,25,9,9,-5.273390170881695,-2.015821339950528,1.662202535587523,1.0,1.6622,критическая,дефицит осадков (ниже 20-го перцентиля прошлых лет),"С 2020-07-11 по 2020-08-05 (25 дн.) NDVI поля AOI-0043 был ниже собственной исторической нормы, минимум z = -5.27. Совпадения: дефицит осадков (ниже 20-го перцентиля прошлых лет). Это описание отклонения, а не установленная причина."
AOI-0063,2015-05-16,2015-05-24,8,2,2,-2.364370885338642,-2.3043435797331258,2.2109766848934247,0.75,1.6582,критическая,"погодная аномалия не обнаружена; возможны уборка, смена культуры или качество съёмки","С 2015-05-16 по 2015-05-24 (8 дн.) NDVI поля AOI-0063 был ниже собственной исторической нормы, минимум z = -2.36. Совпадения: погодная аномалия не обнаружена; возможны уборка, смена культуры или качество съёмки. Это описание отклонения, а не установленная причина."
AOI-0056,2020-10-12,2020-10-27,15,6,6,-2.6898546717576957,-1.8148863220029146,1.6548721470069527,1.0,1.6549,критическая,"погодная аномалия не обнаружена; возможны уборка, смена культуры или качество съёмки","С 2020-10-12 по 2020-10-27 (15 дн.) NDVI поля AOI-0056 был ниже собственной исторической нормы, минимум z = -2.69. Совпадения: погодная аномалия не обнаружена; возможны уборка, смена культуры или качество съёмки. Это описание отклонения, а не установленная причина."
AOI-0038,2014-09-19,2014-10-05,16,4,4,-2.772239051033422,-1.9542800447021387,1.6517968029561843,1.0,1.6518,критическая,"погодная аномалия не обнаружена; возможны уборка, смена культуры или качество съёмки","С 2014-09-19 по 2014-10-05 (16 дн.) NDVI поля AOI-0038 был ниже собственной исторической нормы, минимум z = -2.77. Совпадения: погодная аномалия не обнаружена; возможны уборка, смена культуры или качество съёмки. Это описание отклонения, а не установленная причина."
AOI-0071,2024-08-28,2024-09-13,16,8,8,-1.333415340701746,-1.1899950941700017,1.637798430753754,1.0,1.6378,угнетение,"погодная аномалия не обнаружена; возможны уборка, смена культуры или качество съёмки","С 2024-08-28 по 2024-09-13 (16 дн.) NDVI поля AOI-0071 был ниже собственной исторической нормы, минимум z = -1.33. Совпадения: погодная аномалия не обнаружена; возможны уборка, смена культуры или качество съёмки. Это описание отклонения, а не установленная причина."
AOI-0064,2016-06-27,2016-07-05,8,2,2,-1.507648618737825,-1.2744659419373972,2.1681895925931594,0.75,1.6261,угнетение,"погодная аномалия не обнаружена; возможны уборка, смена культуры или качество съёмки","С 2016-06-27 по 2016-07-05 (8 дн.) NDVI поля AOI-0064 был ниже собственной исторической нормы, минимум z = -1.51. Совпадения: погодная аномалия не обнаружена; возможны уборка, смена культуры или качество съёмки. Это описание отклонения, а не установленная причина."
AOI-0053,2019-09-15,2019-09-28,13,4,4,-3.489538758808572,-2.011492832676625,1.61829356732412,1.0,1.6183,критическая,"погодная аномалия не обнаружена; возможны уборка, смена культуры или качество съёмки","С 2019-09-15 по 2019-09-28 (13 дн.) NDVI поля AOI-0053 был ниже собственной исторической нормы, минимум z = -3.49. Совпадения: погодная аномалия не обнаружена; возможны уборка, смена культуры или качество съёмки. Это описание отклонения, а не установленная причина."
AOI-0060,2020-10-17,2020-10-27,10,3,3,-1.5583596791560423,-1.3250225834646228,1.695696652388215,0.95,1.6109,угнетение,дефицит осадков (ниже 20-го перцентиля прошлых лет); повышенная температура (выше 80-го перцентиля),"С 2020-10-17 по 2020-10-27 (10 дн.) NDVI поля AOI-0060 был ниже собственной исторической нормы, минимум z = -1.56. Совпадения: дефицит осадков (ниже 20-го перцентиля прошлых лет); повышенная температура (выше 80-го перцентиля). Это описание отклонения, а не установленная причина."
AOI-0023,2017-08-17,2017-08-29,12,6,6,-1.5889316566639011,-1.3741425683578152,1.599817928028375,1.0,1.5998,угнетение,"погодная аномалия не обнаружена; возможны уборка, смена культуры или качество съёмки","С 2017-08-17 по 2017-08-29 (12 дн.) NDVI поля AOI-0023 был ниже собственной исторической нормы, минимум z = -1.59. Совпадения: погодная аномалия не обнаружена; возможны уборка, смена культуры или качество съёмки. Это описание отклонения, а не установленная причина."
AOI-0047,2014-10-12,2014-10-28,16,3,3,-1.81147438316781,-1.4824310172493054,1.6698173528226892,0.95,1.5863,угнетение,"погодная аномалия не обнаружена; возможны уборка, смена культуры или качество съёмки","С 2014-10-12 по 2014-10-28 (16 дн.) NDVI поля AOI-0047 был ниже собственной исторической нормы, минимум z = -1.81. Совпадения: погодная аномалия не обнаружена; возможны уборка, смена культуры или качество съёмки. Это описание отклонения, а не установленная причина."
AOI-0018,2015-07-26,2015-08-03,8,4,4,-2.1492420736412186,-1.5121294532462355,1.579631250205494,1.0,1.5796,критическая,дефицит осадков (ниже 20-го перцентиля прошлых лет),"С 2015-07-26 по 2015-08-03 (8 дн.) NDVI поля AOI-0018 был ниже собственной исторической нормы, минимум z = -2.15. Совпадения: дефицит осадков (ниже 20-го перцентиля прошлых лет). Это описание отклонения, а не установленная причина."
AOI-0034,2014-08-13,2014-09-03,21,4,4,-2.590556814757674,-2.2751133288585947,1.5694596269136474,1.0,1.5695,критическая,дефицит осадков (ниже 20-го перцентиля прошлых лет); повышенная температура (выше 80-го перцентиля),"С 2014-08-13 по 2014-09-03 (21 дн.) NDVI поля AOI-0034 был ниже собственной исторической нормы, минимум z = -2.59. Совпадения: дефицит осадков (ниже 20-го перцентиля прошлых лет); повышенная температура (выше 80-го перцентиля). Это описание отклонения, а не установленная причина."
AOI-0076,2018-04-28,2018-05-06,8,4,4,-1.3836738362841396,-1.2278004083151595,1.5608706202957563,1.0,1.5609,угнетение,"погодная аномалия не обнаружена; возможны уборка, смена культуры или качество съёмки","С 2018-04-28 по 2018-05-06 (8 дн.) NDVI поля AOI-0076 был ниже собственной исторической нормы, минимум z = -1.38. Совпадения: погодная аномалия не обнаружена; возможны уборка, смена культуры или качество съёмки. Это описание отклонения, а не установленная причина."
AOI-0071,2021-07-01,2021-07-11,10,4,4,-2.0270910325828586,-1.525499385088904,1.5600465484124788,1.0,1.56,критическая,"погодная аномалия не обнаружена; возможны уборка, смена культуры или качество съёмки","С 2021-07-01 по 2021-07-11 (10 дн.) NDVI поля AOI-0071 был ниже собственной исторической нормы, минимум z = -2.03. Совпадения: погодная аномалия не обнаружена; возможны уборка, смена культуры или качество съёмки. Это описание отклонения, а не установленная причина."
AOI-0039,2020-09-24,2020-10-05,11,5,5,-1.8137824626958512,-1.5337815050983654,1.5499524309513841,1.0,1.55,угнетение,"погодная аномалия не обнаружена; возможны уборка, смена культуры или качество съёмки","С 2020-09-24 по 2020-10-05 (11 дн.) NDVI поля AOI-0039 был ниже собственной исторической нормы, минимум z = -1.81. Совпадения: погодная аномалия не обнаружена; возможны уборка, смена культуры или качество съёмки. Это описание отклонения, а не установленная причина."
AOI-0016,2020-04-07,2020-04-17,10,5,5,-1.37988692989199,-1.192265368503981,1.5420884286245398,1.0,1.5421,угнетение,"погодная аномалия не обнаружена; возможны уборка, смена культуры или качество съёмки","С 2020-04-07 по 2020-04-17 (10 дн.) NDVI поля AOI-0016 был ниже собственной исторической нормы, минимум z = -1.38. Совпадения: погодная аномалия не обнаружена; возможны уборка, смена культуры или качество съёмки. Это описание отклонения, а не установленная причина."
AOI-0041,2018-06-03,2018-06-11,8,4,4,-2.1327174694803674,-1.578213807210118,1.5309056544361839,1.0,1.5309,критическая,"погодная аномалия не обнаружена; возможны уборка, смена культуры или качество съёмки","С 2018-06-03 по 2018-06-11 (8 дн.) NDVI поля AOI-0041 был ниже собственной исторической нормы, минимум z = -2.13. Совпадения: погодная аномалия не обнаружена; возможны уборка, смена культуры или качество съёмки. Это описание отклонения, а не установленная причина."
AOI-0065,2024-08-28,2024-09-13,16,7,7,-1.5150967652528793,-1.3138796473611742,1.5223917598511179,1.0,1.5224,угнетение,дефицит осадков (ниже 20-го перцентиля прошлых лет),"С 2024-08-28 по 2024-09-13 (16 дн.) NDVI поля AOI-0065 был ниже собственной исторической нормы, минимум z = -1.52. Совпадения: дефицит осадков (ниже 20-го перцентиля прошлых лет). Это описание отклонения, а не установленная причина."
AOI-0040,2018-04-24,2018-05-02,8,4,4,-1.2960387795059458,-1.2382826718462923,1.5212487983994036,1.0,1.5212,угнетение,дефицит осадков (ниже 20-го перцентиля прошлых лет),"С 2018-04-24 по 2018-05-02 (8 дн.) NDVI поля AOI-0040 был ниже собственной исторической нормы, минимум z = -1.30. Совпадения: дефицит осадков (ниже 20-го перцентиля прошлых лет). Это описание отклонения, а не установленная причина."
AOI-0034,2014-09-14,2014-10-05,21,4,4,-1.5665776019716011,-1.321478375067103,1.5190069567917108,1.0,1.519,угнетение,"погодная аномалия не обнаружена; возможны уборка, смена культуры или качество съёмки","С 2014-09-14 по 2014-10-05 (21 дн.) NDVI поля AOI-0034 был ниже собственной исторической нормы, минимум z = -1.57. Совпадения: погодная аномалия не обнаружена; возможны уборка, смена культуры или качество съёмки. Это описание отклонения, а не установленная причина."
AOI-0016,2020-07-26,2020-08-03,8,6,6,-2.406112967685586,-1.8406361807518532,1.5189335792876117,1.0,1.5189,критическая,"погодная аномалия не обнаружена; возможны уборка, смена культуры или качество съёмки","С 2020-07-26 по 2020-08-03 (8 дн.) NDVI поля AOI-0016 был ниже собственной исторической нормы, минимум z = -2.41. Совпадения: погодная аномалия не обнаружена; возможны уборка, смена культуры или качество съёмки. Это описание отклонения, а не установленная причина."
AOI-0066,2017-08-01,2017-08-09,8,4,4,-1.4662200053010288,-1.2957296114359411,1.5086396066377996,1.0,1.5086,угнетение,повышенная температура (выше 80-го перцентиля),"С 2017-08-01 по 2017-08-09 (8 дн.) NDVI поля AOI-0066 был ниже собственной исторической нормы, минимум z = -1.47. Совпадения: повышенная температура (выше 80-го перцентиля). Это описание отклонения, а не установленная причина."
AOI-0039,2020-04-22,2020-05-04,12,6,5,-3.2523246117878504,-1.688915279657716,1.4990235326127317,1.0,1.499,критическая,"погодная аномалия не обнаружена; возможны уборка, смена культуры или качество съёмки","С 2020-04-22 по 2020-05-04 (12 дн.) NDVI поля AOI-0039 был ниже собственной исторической нормы, минимум z = -3.25. Совпадения: погодная аномалия не обнаружена; возможны уборка, смена культуры или качество съёмки. Это описание отклонения, а не установленная причина."
AOI-0063,2015-04-14,2015-04-22,8,2,2,-1.033292551340921,-1.0200621524937659,1.9719355393934281,0.75,1.479,угнетение,"погодная аномалия не обнаружена; возможны уборка, смена культуры или качество съёмки","С 2015-04-14 по 2015-04-22 (8 дн.) NDVI поля AOI-0063 был ниже собственной исторической нормы, минимум z = -1.03. Совпадения: погодная аномалия не обнаружена; возможны уборка, смена культуры или качество съёмки. Это описание отклонения, а не установленная причина."
AOI-0019,2021-05-12,2021-05-20,8,5,5,-1.7920208177857022,-1.395067360992599,1.4674241796580008,1.0,1.4674,угнетение,"погодная аномалия не обнаружена; возможны уборка, смена культуры или качество съёмки","С 2021-05-12 по 2021-05-20 (8 дн.) NDVI поля AOI-0019 был ниже собственной исторической нормы, минимум z = -1.79. Совпадения: погодная аномалия не обнаружена; возможны уборка, смена культуры или качество съёмки. Это описание отклонения, а не установленная причина."
AOI-0016,2019-08-23,2019-08-31,8,7,6,-2.597789938835344,-1.714795299348032,1.4614581803575668,1.0,1.4615,критическая,"погодная аномалия не обнаружена; возможны уборка, смена культуры или качество съёмки","С 2019-08-23 по 2019-08-31 (8 дн.) NDVI поля AOI-0016 был ниже собственной исторической нормы, минимум z = -2.60. Совпадения: погодная аномалия не обнаружена; возможны уборка, смена культуры или качество съёмки. Это описание отклонения, а не установленная причина."
AOI-0045,2020-07-26,2020-08-15,20,8,8,-1.547318825152431,-1.2338457678067793,1.4557250904605479,1.0,1.4557,угнетение,дефицит осадков (ниже 20-го перцентиля прошлых лет),"С 2020-07-26 по 2020-08-15 (20 дн.) NDVI поля AOI-0045 был ниже собственной исторической нормы, минимум z = -1.55. Совпадения: дефицит осадков (ниже 20-го перцентиля прошлых лет). Это описание отклонения, а не установленная причина."
AOI-0012,2018-06-26,2018-07-11,15,3,3,-2.4123947144148836,-1.938279383810688,1.529126046987511,0.95,1.4527,критическая,"погодная аномалия не обнаружена; возможны уборка, смена культуры или качество съёмки","С 2018-06-26 по 2018-07-11 (15 дн.) NDVI поля AOI-0012 был ниже собственной исторической нормы, минимум z = -2.41. Совпадения: погодная аномалия не обнаружена; возможны уборка, смена культуры или качество съёмки. Это описание отклонения, а не установленная причина."
AOI-0064,2017-08-01,2017-08-09,8,4,4,-1.552857439852171,-1.3644512596754665,1.4470958667601115,1.0,1.4471,угнетение,дефицит осадков (ниже 20-го перцентиля прошлых лет); повышенная температура (выше 80-го перцентиля),"С 2017-08-01 по 2017-08-09 (8 дн.) NDVI поля AOI-0064 был ниже собственной исторической нормы, минимум z = -1.55. Совпадения: дефицит осадков (ниже 20-го перцентиля прошлых лет); повышенная температура (выше 80-го перцентиля). Это описание отклонения, а не установленная причина."
AOI-0053,2013-08-13,2013-08-29,16,5,5,-2.420916221156468,-1.6248251502675082,1.4334719843581019,1.0,1.4335,критическая,"погодная аномалия не обнаружена; возможны уборка, смена культуры или качество съёмки","С 2013-08-13 по 2013-08-29 (16 дн.) NDVI поля AOI-0053 был ниже собственной исторической нормы, минимум z = -2.42. Совпадения: погодная аномалия не обнаружена; возможны уборка, смена культуры или качество съёмки. Это описание отклонения, а не установленная причина."
AOI-0055,2019-09-15,2019-09-23,8,2,2,-6.421422079850608,-3.872049747888186,1.9050157800112995,0.75,1.4288,критическая,"погодная аномалия не обнаружена; возможны уборка, смена культуры или качество съёмки","С 2019-09-15 по 2019-09-23 (8 дн.) NDVI поля AOI-0055 был ниже собственной исторической нормы, минимум z = -6.42. Совпадения: погодная аномалия не обнаружена; возможны уборка, смена культуры или качество съёмки. Это описание отклонения, а не установленная причина."
AOI-0050,2024-08-17,2024-08-27,10,6,6,-2.2077710488320377,-1.606020726012555,1.4281083531662815,1.0,1.4281,критическая,"погодная аномалия не обнаружена; возможны уборка, смена культуры или качество съёмки","С 2024-08-17 по 2024-08-27 (10 дн.) NDVI поля AOI-0050 был ниже собственной исторической нормы, минимум z = -2.21. Совпадения: погодная аномалия не обнаружена; возможны уборка, смена культуры или качество съёмки. Это описание отклонения, а не установленная причина."
AOI-0018,2019-09-08,2019-09-16,8,6,5,-2.0602371428433193,-1.6264903679042761,1.4262003935595433,1.0,1.4262,критическая,дефицит осадков (ниже 20-го перцентиля прошлых лет),"С 2019-09-08 по 2019-09-16 (8 дн.) NDVI поля AOI-0018 был ниже собственной исторической нормы, минимум z = -2.06. Совпадения: дефицит осадков (ниже 20-го перцентиля прошлых лет). Это описание отклонения, а не установленная причина."
AOI-0004,2024-05-24,2024-06-09,16,7,7,-1.5733435660487398,-1.351280470981168,1.4248851534533873,1.0,1.4249,угнетение,дефицит осадков (ниже 20-го перцентиля прошлых лет),"С 2024-05-24 по 2024-06-09 (16 дн.) NDVI поля AOI-0004 был ниже собственной исторической нормы, минимум z = -1.57. Совпадения: дефицит осадков (ниже 20-го перцентиля прошлых лет). Это описание отклонения, а не установленная причина."
AOI-0036,2016-04-26,2016-05-08,12,3,3,-1.224839190569295,-1.1225256223684654,1.4992096992163686,0.95,1.4242,угнетение,"погодная аномалия не обнаружена; возможны уборка, смена культуры или качество съёмки","С 2016-04-26 по 2016-05-08 (12 дн.) NDVI поля AOI-0036 был ниже собственной исторической нормы, минимум z = -1.22. Совпадения: погодная аномалия не обнаружена; возможны уборка, смена культуры или качество съёмки. Это описание отклонения, а не установленная причина."
AOI-0036,2019-07-02,2019-07-17,15,9,8,-1.5921438801128194,-1.3257081067253462,1.4216079982762966,1.0,1.4216,угнетение,дефицит осадков (ниже 20-го перцентиля прошлых лет),"С 2019-07-02 по 2019-07-17 (15 дн.) NDVI поля AOI-0036 был ниже собственной исторической нормы, минимум z = -1.59. Совпадения: дефицит осадков (ниже 20-го перцентиля прошлых лет). Это описание отклонения, а не установленная причина."
AOI-0015,2014-07-16,2014-07-24,8,3,3,-1.1255553337010153,-1.0722576477631849,1.4952643667634151,0.95,1.4205,угнетение,"погодная аномалия не обнаружена; возможны уборка, смена культуры или качество съёмки","С 2014-07-16 по 2014-07-24 (8 дн.) NDVI поля AOI-0015 был ниже собственной исторической нормы, минимум z = -1.13. Совпадения: погодная аномалия не обнаружена; возможны уборка, смена культуры или качество съёмки. Это описание отклонения, а не установленная причина."
AOI-0071,2017-04-27,2017-05-06,9,5,5,-2.8862622655781776,-2.1821671782167895,1.4088167138384922,1.0,1.4088,критическая,"погодная аномалия не обнаружена; возможны уборка, смена культуры или качество съёмки","С 2017-04-27 по 2017-05-06 (9 дн.) NDVI поля AOI-0071 был ниже собственной исторической нормы, минимум z = -2.89. Совпадения: погодная аномалия не обнаружена; возможны уборка, смена культуры или качество съёмки. Это описание отклонения, а не установленная причина."
AOI-0071,2024-07-12,2024-07-20,8,4,4,-1.2449876668505577,-1.1693560254069364,1.3837796101630326,1.0,1.3838,угнетение,"погодная аномалия не обнаружена; возможны уборка, смена культуры или качество съёмки","С 2024-07-12 по 2024-07-20 (8 дн.) NDVI поля AOI-0071 был ниже собственной исторической нормы, минимум z = -1.24. Совпадения: погодная аномалия не обнаружена; возможны уборка, смена культуры или качество съёмки. Это описание отклонения, а не установленная причина."
AOI-0071,2024-09-14,2024-09-29,15,7,7,-1.694019840781539,-1.304345517741776,1.3833957021261705,1.0,1.3834,угнетение,"погодная аномалия не обнаружена; возможны уборка, смена культуры или качество съёмки","С 2024-09-14 по 2024-09-29 (15 дн.) NDVI поля AOI-0071 был ниже собственной исторической нормы, минимум z = -1.69. Совпадения: погодная аномалия не обнаружена; возможны уборка, смена культуры или качество съёмки. Это описание отклонения, а не установленная причина."
AOI-0037,2019-07-08,2019-07-19,11,5,5,-3.7998709158617343,-2.1981919025984835,1.3797190170187148,1.0,1.3797,критическая,"погодная аномалия не обнаружена; возможны уборка, смена культуры или качество съёмки","С 2019-07-08 по 2019-07-19 (11 дн.) NDVI поля AOI-0037 был ниже собственной исторической нормы, минимум z = -3.80. Совпадения: погодная аномалия не обнаружена; возможны уборка, смена культуры или качество съёмки. Это описание отклонения, а не установленная причина."
AOI-0040,2014-06-24,2014-07-12,18,5,5,-1.351025741764628,-1.1372917834303908,1.3662833124440648,1.0,1.3663,угнетение,"погодная аномалия не обнаружена; возможны уборка, смена культуры или качество съёмки","С 2014-06-24 по 2014-07-12 (18 дн.) NDVI поля AOI-0040 был ниже собственной исторической нормы, минимум z = -1.35. Совпадения: погодная аномалия не обнаружена; возможны уборка, смена культуры или качество съёмки. Это описание отклонения, а не установленная причина."
AOI-0016,2023-08-30,2023-09-07,8,3,2,-1.267929876182874,-1.1504777356334435,1.7008674716192806,0.8,1.3607,угнетение,"погодная аномалия не обнаружена; возможны уборка, смена культуры или качество съёмки","С 2023-08-30 по 2023-09-07 (8 дн.) NDVI поля AOI-0016 был ниже собственной исторической нормы, минимум z = -1.27. Совпадения: погодная аномалия не обнаружена; возможны уборка, смена культуры или качество съёмки. Это описание отклонения, а не установленная причина."
AOI-0037,2013-06-04,2013-06-12,8,3,3,-2.9619482573101044,-2.109429503498441,1.41650534553884,0.95,1.3457,критическая,дефицит осадков (ниже 20-го перцентиля прошлых лет); повышенная температура (выше 80-го перцентиля),"С 2013-06-04 по 2013-06-12 (8 дн.) NDVI поля AOI-0037 был ниже собственной исторической нормы, минимум z = -2.96. Совпадения: дефицит осадков (ниже 20-го перцентиля прошлых лет); повышенная температура (выше 80-го перцентиля). Это описание отклонения, а не установленная причина."
AOI-0016,2018-04-05,2018-04-14,9,5,2,-1.7117387402874296,-1.4306481211182187,1.4830573448844973,0.9,1.3348,угнетение,"погодная аномалия не обнаружена; возможны уборка, смена культуры или качество съёмки","С 2018-04-05 по 2018-04-14 (9 дн.) NDVI поля AOI-0016 был ниже собственной исторической нормы, минимум z = -1.71. Совпадения: погодная аномалия не обнаружена; возможны уборка, смена культуры или качество съёмки. Это описание отклонения, а не установленная причина."
AOI-0029,2015-09-30,2015-10-16,16,3,3,-1.7234923396300674,-1.49568429674731,1.4049627849570956,0.95,1.3347,угнетение,дефицит осадков (ниже 20-го перцентиля прошлых лет); повышенная температура (выше 80-го перцентиля),"С 2015-09-30 по 2015-10-16 (16 дн.) NDVI поля AOI-0029 был ниже собственной исторической нормы, минимум z = -1.72. Совпадения: дефицит осадков (ниже 20-го перцентиля прошлых лет); повышенная температура (выше 80-го перцентиля). Это описание отклонения, а не установленная причина."
AOI-0072,2013-05-11,2013-05-19,8,2,1,-1.3335479748707335,-1.211839905433064,2.2211112051561415,0.6,1.3327,угнетение,дефицит осадков (ниже 20-го перцентиля прошлых лет),"С 2013-05-11 по 2013-05-19 (8 дн.) NDVI поля AOI-0072 был ниже собственной исторической нормы, минимум z = -1.33. Совпадения: дефицит осадков (ниже 20-го перцентиля прошлых лет). Это описание отклонения, а не установленная причина."
AOI-0042,2014-07-10,2014-07-26,16,4,4,-1.3817403314771939,-1.1380900357230972,1.3304677736349682,1.0,1.3305,угнетение,"погодная аномалия не обнаружена; возможны уборка, смена культуры или качество съёмки","С 2014-07-10 по 2014-07-26 (16 дн.) NDVI поля AOI-0042 был ниже собственной исторической нормы, минимум z = -1.38. Совпадения: погодная аномалия не обнаружена; возможны уборка, смена культуры или качество съёмки. Это описание отклонения, а не установленная причина."
AOI-0050,2016-08-04,2016-08-12,8,2,2,-2.4311099691169487,-2.2569030599982907,1.7733945110555114,0.75,1.33,критическая,"погодная аномалия не обнаружена; возможны уборка, смена культуры или качество съёмки","С 2016-08-04 по 2016-08-12 (8 дн.) NDVI поля AOI-0050 был ниже собственной исторической нормы, минимум z = -2.43. Совпадения: погодная аномалия не обнаружена; возможны уборка, смена культуры или качество съёмки. Это описание отклонения, а не установленная причина."
AOI-0041,2013-04-02,2013-04-18,16,4,4,-5.544326929360536,-3.1448547834249223,1.3217091080578196,1.0,1.3217,критическая,"погодная аномалия не обнаружена; возможны уборка, смена культуры или качество съёмки","С 2013-04-02 по 2013-04-18 (16 дн.) NDVI поля AOI-0041 был ниже собственной исторической нормы, минимум z = -5.54. Совпадения: погодная аномалия не обнаружена; возможны уборка, смена культуры или качество съёмки. Это описание отклонения, а не установленная причина."
AOI-0078,2017-06-12,2017-06-20,8,2,2,-1.3702295997944818,-1.1989440831162588,1.7577240672171683,0.75,1.3183,угнетение,"погодная аномалия не обнаружена; возможны уборка, смена культуры или качество съёмки","С 2017-06-12 по 2017-06-20 (8 дн.) NDVI поля AOI-0078 был ниже собственной исторической нормы, минимум z = -1.37. Совпадения: погодная аномалия не обнаружена; возможны уборка, смена культуры или качество съёмки. Это описание отклонения, а не установленная причина."
AOI-0020,2023-04-27,2023-05-05,8,2,2,-1.1459101526269189,-1.1154122903266221,1.7394997577630003,0.75,1.3046,угнетение,"погодная аномалия не обнаружена; возможны уборка, смена культуры или качество съёмки","С 2023-04-27 по 2023-05-05 (8 дн.) NDVI поля AOI-0020 был ниже собственной исторической нормы, минимум z = -1.15. Совпадения: погодная аномалия не обнаружена; возможны уборка, смена культуры или качество съёмки. Это описание отклонения, а не установленная причина."
AOI-0042,2020-09-24,2020-10-11,17,8,7,-2.204429505396094,-1.440307109665614,1.3043764713662158,1.0,1.3044,критическая,дефицит осадков (ниже 20-го перцентиля прошлых лет); повышенная температура (выше 80-го перцентиля),"С 2020-09-24 по 2020-10-11 (17 дн.) NDVI поля AOI-0042 был ниже собственной исторической нормы, минимум z = -2.20. Совпадения: дефицит осадков (ниже 20-го перцентиля прошлых лет); повышенная температура (выше 80-го перцентиля). Это описание отклонения, а не установленная причина."
AOI-0078,2015-09-19,2015-09-27,8,3,3,-1.4198116139222283,-1.3434514047857193,1.3688381721460983,0.95,1.3004,угнетение,дефицит осадков (ниже 20-го перцентиля прошлых лет); повышенная температура (выше 80-го перцентиля),"С 2015-09-19 по 2015-09-27 (8 дн.) NDVI поля AOI-0078 был ниже собственной исторической нормы, минимум z = -1.42. Совпадения: дефицит осадков (ниже 20-го перцентиля прошлых лет); повышенная температура (выше 80-го перцентиля). Это описание отклонения, а не установленная причина."
AOI-0057,2020-10-12,2020-10-26,14,4,4,-2.1452289457178235,-1.541130317115098,1.2927544367322308,1.0,1.2928,критическая,"погодная аномалия не обнаружена; возможны уборка, смена культуры или качество съёмки","С 2020-10-12 по 2020-10-26 (14 дн.) NDVI поля AOI-0057 был ниже собственной исторической нормы, минимум z = -2.15. Совпадения: погодная аномалия не обнаружена; возможны уборка, смена культуры или качество съёмки. Это описание отклонения, а не установленная причина."
AOI-0071,2018-04-07,2018-04-15,8,2,2,-1.8156706636273499,-1.8139136770515842,1.7058454175987838,0.75,1.2794,угнетение,"погодная аномалия не обнаружена; возможны уборка, смена культуры или качество съёмки","С 2018-04-07 по 2018-04-15 (8 дн.) NDVI поля AOI-0071 был ниже собственной исторической нормы, минимум z = -1.82. Совпадения: погодная аномалия не обнаружена; возможны уборка, смена культуры или качество съёмки. Это описание отклонения, а не установленная причина."
AOI-0020,2024-08-04,2024-08-12,8,4,4,-1.3578167402443235,-1.232157933375059,1.265946066413258,1.0,1.2659,угнетение,повышенная температура (выше 80-го перцентиля),"С 2024-08-04 по 2024-08-12 (8 дн.) NDVI поля AOI-0020 был ниже собственной исторической нормы, минимум z = -1.36. Совпадения: повышенная температура (выше 80-го перцентиля). Это описание отклонения, а не установленная причина."
AOI-0008,2014-10-12,2014-10-28,16,3,3,-2.4792047396941843,-2.1188446290177496,1.3227416263982552,0.95,1.2566,критическая,"погодная аномалия не обнаружена; возможны уборка, смена культуры или качество съёмки","С 2014-10-12 по 2014-10-28 (16 дн.) NDVI поля AOI-0008 был ниже собственной исторической нормы, минимум z = -2.48. Совпадения: погодная аномалия не обнаружена; возможны уборка, смена культуры или качество съёмки. Это описание отклонения, а не установленная причина."
AOI-0052,2016-08-29,2016-09-13,15,5,5,-3.1002374175323832,-1.8587292727225477,1.1740977304404545,1.0,1.1741,критическая,"погодная аномалия не обнаружена; возможны уборка, смена культуры или качество съёмки","С 2016-08-29 по 2016-09-13 (15 дн.) NDVI поля AOI-0052 был ниже собственной исторической нормы, минимум z = -3.10. Совпадения: погодная аномалия не обнаружена; возможны уборка, смена культуры или качество съёмки. Это описание отклонения, а не установленная причина."
AOI-0009,2014-08-01,2014-08-13,12,3,1,-2.6488151687569244,-1.8746992824760802,1.7386084406601938,0.65,1.1301,критическая,"погодная аномалия не обнаружена; возможны уборка, смена культуры или качество съёмки","С 2014-08-01 по 2014-08-13 (12 дн.) NDVI поля AOI-0009 был ниже собственной исторической нормы, минимум z = -2.65. Совпадения: погодная аномалия не обнаружена; возможны уборка, смена культуры или качество съёмки. Это описание отклонения, а не установленная причина."
AOI-0038,2014-08-18,2014-09-04,17,5,5,-2.143032669543397,-1.4499904559004064,1.1119827183607771,1.0,1.112,критическая,дефицит осадков (ниже 20-го перцентиля прошлых лет),"С 2014-08-18 по 2014-09-04 (17 дн.) NDVI поля AOI-0038 был ниже собственной исторической нормы, минимум z = -2.14. Совпадения: дефицит осадков (ниже 20-го перцентиля прошлых лет). Это описание отклонения, а не установленная причина."
AOI-0025,2013-08-29,2013-09-14,16,2,2,-4.12900240544046,-2.851975859947364,1.4709899076431234,0.75,1.1032,критическая,"погодная аномалия не обнаружена; возможны уборка, смена культуры или качество съёмки","С 2013-08-29 по 2013-09-14 (16 дн.) NDVI поля AOI-0025 был ниже собственной исторической нормы, минимум z = -4.13. Совпадения: погодная аномалия не обнаружена; возможны уборка, смена культуры или качество съёмки. Это описание отклонения, а не установленная причина."
AOI-0008,2019-07-02,2019-07-12,10,5,5,-1.2977136560453626,-1.1233684112555917,1.076852147923728,1.0,1.0769,угнетение,"погодная аномалия не обнаружена; возможны уборка, смена культуры или качество съёмки","С 2019-07-02 по 2019-07-12 (10 дн.) NDVI поля AOI-0008 был ниже собственной исторической нормы, минимум z = -1.30. Совпадения: погодная аномалия не обнаружена; возможны уборка, смена культуры или качество съёмки. Это описание отклонения, а не установленная причина."
AOI-0077,2018-05-30,2018-06-07,8,2,2,-1.3947032312344199,-1.3038147111733946,1.431440469933998,0.75,1.0736,угнетение,"погодная аномалия не обнаружена; возможны уборка, смена культуры или качество съёмки","С 2018-05-30 по 2018-06-07 (8 дн.) NDVI поля AOI-0077 был ниже собственной исторической нормы, минимум z = -1.39. Совпадения: погодная аномалия не обнаружена; возможны уборка, смена культуры или качество съёмки. Это описание отклонения, а не установленная причина."
AOI-0036,2021-04-24,2021-05-02,8,4,4,-1.6896072854842121,-1.5154008860895096,1.0675275252657415,1.0,1.0675,угнетение,"погодная аномалия не обнаружена; возможны уборка, смена культуры или качество съёмки","С 2021-04-24 по 2021-05-02 (8 дн.) NDVI поля AOI-0036 был ниже собственной исторической нормы, минимум z = -1.69. Совпадения: погодная аномалия не обнаружена; возможны уборка, смена культуры или качество съёмки. Это описание отклонения, а не установленная причина."
AOI-0030,2015-09-30,2015-10-16,16,2,2,-2.4491997592958126,-1.7728470406253938,1.4187015923834085,0.75,1.064,критическая,дефицит осадков (ниже 20-го перцентиля прошлых лет); повышенная температура (выше 80-го перцентиля),"С 2015-09-30 по 2015-10-16 (16 дн.) NDVI поля AOI-0030 был ниже собственной исторической нормы, минимум z = -2.45. Совпадения: дефицит осадков (ниже 20-го перцентиля прошлых лет); повышенная температура (выше 80-го перцентиля). Это описание отклонения, а не установленная причина."
AOI-0027,2019-09-15,2019-09-28,13,2,2,-1.5671009311864228,-1.358681629122615,1.3771040279864133,0.75,1.0328,угнетение,"погодная аномалия не обнаружена; возможны уборка, смена культуры или качество съёмки","С 2019-09-15 по 2019-09-28 (13 дн.) NDVI поля AOI-0027 был ниже собственной исторической нормы, минимум z = -1.57. Совпадения: погодная аномалия не обнаружена; возможны уборка, смена культуры или качество съёмки. Это описание отклонения, а не установленная причина."
AOI-0015,2017-08-14,2017-08-24,10,4,4,-1.3304299780666042,-1.2411003182236011,1.0040359098690135,1.0,1.004,угнетение,повышенная температура (выше 80-го перцентиля),"С 2017-08-14 по 2017-08-24 (10 дн.) NDVI поля AOI-0015 был ниже собственной исторической нормы, минимум z = -1.33. Совпадения: повышенная температура (выше 80-го перцентиля). Это описание отклонения, а не установленная причина."
AOI-0037,2018-06-29,2018-07-12,13,4,4,-1.6964861706568093,-1.4878421840170888,0.9993519410922644,1.0,0.9994,угнетение,повышенная температура (выше 80-го перцентиля),"С 2018-06-29 по 2018-07-12 (13 дн.) NDVI поля AOI-0037 был ниже собственной исторической нормы, минимум z = -1.70. Совпадения: повышенная температура (выше 80-го перцентиля). Это описание отклонения, а не установленная причина."
AOI-0030,2014-06-10,2014-06-26,16,2,2,-2.3155153898693843,-1.9292227142201934,1.331982661439091,0.75,0.999,критическая,"погодная аномалия не обнаружена; возможны уборка, смена культуры или качество съёмки","С 2014-06-10 по 2014-06-26 (16 дн.) NDVI поля AOI-0030 был ниже собственной исторической нормы, минимум z = -2.32. Совпадения: погодная аномалия не обнаружена; возможны уборка, смена культуры или качество съёмки. Это описание отклонения, а не установленная причина."
AOI-0021,2020-09-04,2020-09-14,10,8,8,-1.7786324494028283,-1.3124764331804246,0.9984666070965726,1.0,0.9985,угнетение,дефицит осадков (ниже 20-го перцентиля прошлых лет),"С 2020-09-04 по 2020-09-14 (10 дн.) NDVI поля AOI-0021 был ниже собственной исторической нормы, минимум z = -1.78. Совпадения: дефицит осадков (ниже 20-го перцентиля прошлых лет). Это описание отклонения, а не установленная причина."
AOI-0037,2015-04-07,2015-04-15,8,3,3,-2.581725644529086,-2.0701898455677075,1.0470644461956342,0.95,0.9947,критическая,"погодная аномалия не обнаружена; возможны уборка, смена культуры или качество съёмки","С 2015-04-07 по 2015-04-15 (8 дн.) NDVI поля AOI-0037 был ниже собственной исторической нормы, минимум z = -2.58. Совпадения: погодная аномалия не обнаружена; возможны уборка, смена культуры или качество съёмки. Это описание отклонения, а не установленная причина."
AOI-0002,2020-10-17,2020-10-27,10,3,3,-1.6118634830046275,-1.3556798429462589,1.0311696129794967,0.95,0.9796,угнетение,дефицит осадков (ниже 20-го перцентиля прошлых лет); повышенная температура (выше 80-го перцентиля),"С 2020-10-17 по 2020-10-27 (10 дн.) NDVI поля AOI-0002 был ниже собственной исторической нормы, минимум z = -1.61. Совпадения: дефицит осадков (ниже 20-го перцентиля прошлых лет); повышенная температура (выше 80-го перцентиля). Это описание отклонения, а не установленная причина."
AOI-0025,2019-09-15,2019-09-28,13,4,3,-2.1864546205260735,-1.8074085667271724,0.9787396123817642,1.0,0.9787,критическая,"погодная аномалия не обнаружена; возможны уборка, смена культуры или качество съёмки","С 2019-09-15 по 2019-09-28 (13 дн.) NDVI поля AOI-0025 был ниже собственной исторической нормы, минимум z = -2.19. Совпадения: погодная аномалия не обнаружена; возможны уборка, смена культуры или качество съёмки. Это описание отклонения, а не установленная причина."
AOI-0053,2013-07-03,2013-07-12,9,5,5,-2.8002929159578325,-1.952473019306116,0.9713523594563833,1.0,0.9714,критическая,"погодная аномалия не обнаружена; возможны уборка, смена культуры или качество съёмки","С 2013-07-03 по 2013-07-12 (9 дн.) NDVI поля AOI-0053 был ниже собственной исторической нормы, минимум z = -2.80. Совпадения: погодная аномалия не обнаружена; возможны уборка, смена культуры или качество съёмки. Это описание отклонения, а не установленная причина."
AOI-0022,2013-04-07,2013-04-16,9,3,3,-1.8666215691597712,-1.4438906937229763,1.0118296910244458,0.95,0.9612,угнетение,дефицит осадков (ниже 20-го перцентиля прошлых лет); повышенная температура (выше 80-го перцентиля),"С 2013-04-07 по 2013-04-16 (9 дн.) NDVI поля AOI-0022 был ниже собственной исторической нормы, минимум z = -1.87. Совпадения: дефицит осадков (ниже 20-го перцентиля прошлых лет); повышенная температура (выше 80-го перцентиля). Это описание отклонения, а не установленная причина."
AOI-0027,2013-08-21,2013-08-29,8,2,2,-4.817116474587925,-2.936903863326279,1.2747575089957315,0.75,0.9561,критическая,"погодная аномалия не обнаружена; возможны уборка, смена культуры или качество съёмки","С 2013-08-21 по 2013-08-29 (8 дн.) NDVI поля AOI-0027 был ниже собственной исторической нормы, минимум z = -4.82. Совпадения: погодная аномалия не обнаружена; возможны уборка, смена культуры или качество съёмки. Это описание отклонения, а не установленная причина."
AOI-0022,2015-07-02,2015-07-11,9,2,2,-1.3325821288098807,-1.298273549596487,1.2584105333819955,0.75,0.9438,угнетение,"погодная аномалия не обнаружена; возможны уборка, смена культуры или качество съёмки","С 2015-07-02 по 2015-07-11 (9 дн.) NDVI поля AOI-0022 был ниже собственной исторической нормы, минимум z = -1.33. Совпадения: погодная аномалия не обнаружена; возможны уборка, смена культуры или качество съёмки. Это описание отклонения, а не установленная причина."
AOI-0039,2015-04-07,2015-04-15,8,3,3,-2.8166896449946672,-2.3923709573754817,0.978979438680282,0.95,0.93,критическая,"погодная аномалия не обнаружена; возможны уборка, смена культуры или качество съёмки","С 2015-04-07 по 2015-04-15 (8 дн.) NDVI поля AOI-0039 был ниже собственной исторической нормы, минимум z = -2.82. Совпадения: погодная аномалия не обнаружена; возможны уборка, смена культуры или качество съёмки. Это описание отклонения, а не установленная причина."
AOI-0025,2024-10-11,2024-10-26,15,3,2,-2.4813588646238602,-1.7129400176137166,1.1492183579782953,0.8,0.9194,критическая,"погодная аномалия не обнаружена; возможны уборка, смена культуры или качество съёмки","С 2024-10-11 по 2024-10-26 (15 дн.) NDVI поля AOI-0025 был ниже собственной исторической нормы, минимум z = -2.48. Совпадения: погодная аномалия не обнаружена; возможны уборка, смена культуры или качество съёмки. Это описание отклонения, а не установленная причина."
AOI-0003,2024-07-05,2024-07-13,8,4,4,-1.4131632828527612,-1.3010015677849762,0.893263389617717,1.0,0.8933,угнетение,дефицит осадков (ниже 20-го перцентиля прошлых лет); повышенная температура (выше 80-го перцентиля),"С 2024-07-05 по 2024-07-13 (8 дн.) NDVI поля AOI-0003 был ниже собственной исторической нормы, минимум z = -1.41. Совпадения: дефицит осадков (ниже 20-го перцентиля прошлых лет); повышенная температура (выше 80-го перцентиля). Это описание отклонения, а не установленная причина."
AOI-0047,2017-08-01,2017-08-11,10,5,5,-1.6130296136240565,-1.3795841822859434,0.8810030247811094,1.0,0.881,угнетение,дефицит осадков (ниже 20-го перцентиля прошлых лет),"С 2017-08-01 по 2017-08-11 (10 дн.) NDVI поля AOI-0047 был ниже собственной исторической нормы, минимум z = -1.61. Совпадения: дефицит осадков (ниже 20-го перцентиля прошлых лет). Это описание отклонения, а не установленная причина."
AOI-0021,2018-10-16,2018-10-30,14,2,2,-2.256291288646546,-1.7674880954664356,1.1378209784852382,0.75,0.8534,критическая,дефицит осадков (ниже 20-го перцентиля прошлых лет); повышенная температура (выше 80-го перцентиля),"С 2018-10-16 по 2018-10-30 (14 дн.) NDVI поля AOI-0021 был ниже собственной исторической нормы, минимум z = -2.26. Совпадения: дефицит осадков (ниже 20-го перцентиля прошлых лет); повышенная температура (выше 80-го перцентиля). Это описание отклонения, а не установленная причина."
AOI-0071,2013-07-13,2013-07-21,8,3,3,-4.242742308469611,-2.410793147279683,0.890572485775189,0.95,0.846,критическая,"погодная аномалия не обнаружена; возможны уборка, смена культуры или качество съёмки","С 2013-07-13 по 2013-07-21 (8 дн.) NDVI поля AOI-0071 был ниже собственной исторической нормы, минимум z = -4.24. Совпадения: погодная аномалия не обнаружена; возможны уборка, смена культуры или качество съёмки. Это описание отклонения, а не установленная причина."
AOI-0020,2014-08-25,2014-09-02,8,3,3,-2.0633263280316423,-1.634588590119608,0.889864640765829,0.95,0.8454,критическая,дефицит осадков (ниже 20-го перцентиля прошлых лет); повышенная температура (выше 80-го перцентиля),"С 2014-08-25 по 2014-09-02 (8 дн.) NDVI поля AOI-0020 был ниже собственной исторической нормы, минимум z = -2.06. Совпадения: дефицит осадков (ниже 20-го перцентиля прошлых лет); повышенная температура (выше 80-го перцентиля). Это описание отклонения, а не установленная причина."
AOI-0055,2014-08-29,2014-09-14,16,3,3,-1.7014406995290203,-1.4980925207648779,0.8818752935815373,0.95,0.8378,угнетение,"погодная аномалия не обнаружена; возможны уборка, смена культуры или качество съёмки","С 2014-08-29 по 2014-09-14 (16 дн.) NDVI поля AOI-0055 был ниже собственной исторической нормы, минимум z = -1.70. Совпадения: погодная аномалия не обнаружена; возможны уборка, смена культуры или качество съёмки. Это описание отклонения, а не установленная причина."
AOI-0076,2019-08-14,2019-08-22,8,3,3,-1.7477928195815986,-1.3309551848144565,0.8797471582753145,0.95,0.8358,угнетение,"погодная аномалия не обнаружена; возможны уборка, смена культуры или качество съёмки","С 2019-08-14 по 2019-08-22 (8 дн.) NDVI поля AOI-0076 был ниже собственной исторической нормы, минимум z = -1.75. Совпадения: погодная аномалия не обнаружена; возможны уборка, смена культуры или качество съёмки. Это описание отклонения, а не установленная причина."
AOI-0003,2013-07-04,2013-07-12,8,2,2,-1.3399162207794906,-1.2112490358060617,1.1132656724770507,0.75,0.8349,угнетение,повышенная температура (выше 80-го перцентиля),"С 2013-07-04 по 2013-07-12 (8 дн.) NDVI поля AOI-0003 был ниже собственной исторической нормы, минимум z = -1.34. Совпадения: повышенная температура (выше 80-го перцентиля). Это описание отклонения, а не установленная причина."
AOI-0008,2013-04-07,2013-04-16,9,2,2,-2.4287807381944115,-2.162199837200419,1.1106630385827774,0.75,0.833,критическая,"погодная аномалия не обнаружена; возможны уборка, смена культуры или качество съёмки","С 2013-04-07 по 2013-04-16 (9 дн.) NDVI поля AOI-0008 был ниже собственной исторической нормы, минимум z = -2.43. Совпадения: погодная аномалия не обнаружена; возможны уборка, смена культуры или качество съёмки. Это описание отклонения, а не установленная причина."
AOI-0027,2014-07-15,2014-07-23,8,2,2,-1.3479149428489403,-1.2972838378323794,1.103720230056226,0.75,0.8278,угнетение,"погодная аномалия не обнаружена; возможны уборка, смена культуры или качество съёмки","С 2014-07-15 по 2014-07-23 (8 дн.) NDVI поля AOI-0027 был ниже собственной исторической нормы, минимум z = -1.35. Совпадения: погодная аномалия не обнаружена; возможны уборка, смена культуры или качество съёмки. Это описание отклонения, а не установленная причина."
AOI-0041,2020-08-15,2020-08-25,10,7,7,-2.2886455162206736,-1.4175339634017274,0.7844339601149453,1.0,0.7844,критическая,"погодная аномалия не обнаружена; возможны уборка, смена культуры или качество съёмки","С 2020-08-15 по 2020-08-25 (10 дн.) NDVI поля AOI-0041 был ниже собственной исторической нормы, минимум z = -2.29. Совпадения: погодная аномалия не обнаружена; возможны уборка, смена культуры или качество съёмки. Это описание отклонения, а не установленная причина."
AOI-0050,2020-07-15,2020-07-24,9,3,3,-1.3829391816928454,-1.196176128220251,0.820591010561565,0.95,0.7796,угнетение,"погодная аномалия не обнаружена; возможны уборка, смена культуры или качество съёмки","С 2020-07-15 по 2020-07-24 (9 дн.) NDVI поля AOI-0050 был ниже собственной исторической нормы, минимум z = -1.38. Совпадения: погодная аномалия не обнаружена; возможны уборка, смена культуры или качество съёмки. Это описание отклонения, а не установленная причина."
AOI-0005,2018-06-01,2018-06-10,9,3,2,-1.3364064760090335,-1.2459044662595413,0.9743579436082288,0.8,0.7795,угнетение,дефицит осадков (ниже 20-го перцентиля прошлых лет),"С 2018-06-01 по 2018-06-10 (9 дн.) NDVI поля AOI-0005 был ниже собственной исторической нормы, минимум z = -1.34. Совпадения: дефицит осадков (ниже 20-го перцентиля прошлых лет). Это описание отклонения, а не установленная причина."
AOI-0055,2018-07-10,2018-07-18,8,3,3,-1.533953617021429,-1.3710157484892262,0.8202479837787677,0.95,0.7792,угнетение,"погодная аномалия не обнаружена; возможны уборка, смена культуры или качество съёмки","С 2018-07-10 по 2018-07-18 (8 дн.) NDVI поля AOI-0055 был ниже собственной исторической нормы, минимум z = -1.53. Совпадения: погодная аномалия не обнаружена; возможны уборка, смена культуры или качество съёмки. Это описание отклонения, а не установленная причина."
AOI-0019,2014-09-17,2014-09-26,9,3,3,-3.0875873402117127,-2.2417070182269234,0.8148728437800153,0.95,0.7741,критическая,дефицит осадков (ниже 20-го перцентиля прошлых лет); повышенная температура (выше 80-го перцентиля),"С 2014-09-17 по 2014-09-26 (9 дн.) NDVI поля AOI-0019 был ниже собственной исторической нормы, минимум z = -3.09. Совпадения: дефицит осадков (ниже 20-го перцентиля прошлых лет); повышенная температура (выше 80-го перцентиля). Это описание отклонения, а не установленная причина."
AOI-0054,2020-06-14,2020-06-25,11,2,2,-2.092808684801711,-1.9420823878959672,1.0250078370382596,0.75,0.7688,критическая,"погодная аномалия не обнаружена; возможны уборка, смена культуры или качество съёмки","С 2020-06-14 по 2020-06-25 (11 дн.) NDVI поля AOI-0054 был ниже собственной исторической нормы, минимум z = -2.09. Совпадения: погодная аномалия не обнаружена; возможны уборка, смена культуры или качество съёмки. Это описание отклонения, а не установленная причина."
AOI-0005,2014-10-16,2014-10-27,11,2,2,-2.0142426631872197,-1.808057618828793,1.0239846785312638,0.75,0.768,критическая,"погодная аномалия не обнаружена; возможны уборка, смена культуры или качество съёмки","С 2014-10-16 по 2014-10-27 (11 дн.) NDVI поля AOI-0005 был ниже собственной исторической нормы, минимум z = -2.01. Совпадения: погодная аномалия не обнаружена; возможны уборка, смена культуры или качество съёмки. Это описание отклонения, а не установленная причина."
AOI-0045,2020-07-16,2020-07-24,8,2,2,-3.4250741565977143,-2.624486824734773,1.0145980281483578,0.75,0.7609,критическая,дефицит осадков (ниже 20-го перцентиля прошлых лет); повышенная температура (выше 80-го перцентиля),"С 2020-07-16 по 2020-07-24 (8 дн.) NDVI поля AOI-0045 был ниже собственной исторической нормы, минимум z = -3.43. Совпадения: дефицит осадков (ниже 20-го перцентиля прошлых лет); повышенная температура (выше 80-го перцентиля). Это описание отклонения, а не установленная причина."
AOI-0055,2015-09-20,2015-09-28,8,3,3,-2.279536337058668,-1.5167335704715932,0.7960233418639109,0.95,0.7562,критическая,"погодная аномалия не обнаружена; возможны уборка, смена культуры или качество съёмки","С 2015-09-20 по 2015-09-28 (8 дн.) NDVI поля AOI-0055 был ниже собственной исторической нормы, минимум z = -2.28. Совпадения: погодная аномалия не обнаружена; возможны уборка, смена культуры или качество съёмки. Это описание отклонения, а не установленная причина."
AOI-0036,2013-06-12,2013-06-20,8,3,3,-1.585560948942545,-1.4700945414010078,0.785402180147204,0.95,0.7461,угнетение,дефицит осадков (ниже 20-го перцентиля прошлых лет); повышенная температура (выше 80-го перцентиля),"С 2013-06-12 по 2013-06-20 (8 дн.) NDVI поля AOI-0036 был ниже собственной исторической нормы, минимум z = -1.59. Совпадения: дефицит осадков (ниже 20-го перцентиля прошлых лет); повышенная температура (выше 80-го перцентиля). Это описание отклонения, а не установленная причина."
AOI-0012,2014-09-18,2014-09-26,8,2,2,-2.2263207735110533,-1.7182747564563925,0.966995672248973,0.75,0.7252,критическая,"погодная аномалия не обнаружена; возможны уборка, смена культуры или качество съёмки","С 2014-09-18 по 2014-09-26 (8 дн.) NDVI поля AOI-0012 был ниже собственной исторической нормы, минимум z = -2.23. Совпадения: погодная аномалия не обнаружена; возможны уборка, смена культуры или качество съёмки. Это описание отклонения, а не установленная причина."
AOI-0030,2014-10-16,2014-10-27,11,2,2,-2.3848709389287226,-1.7587830584188449,0.9471460432354959,0.75,0.7104,критическая,"погодная аномалия не обнаружена; возможны уборка, смена культуры или качество съёмки","С 2014-10-16 по 2014-10-27 (11 дн.) NDVI поля AOI-0030 был ниже собственной исторической нормы, минимум z = -2.38. Совпадения: погодная аномалия не обнаружена; возможны уборка, смена культуры или качество съёмки. Это описание отклонения, а не установленная причина."
AOI-0008,2018-08-29,2018-09-13,15,3,3,-1.8857853665162208,-1.3650339289318285,0.7315246928817274,0.95,0.6949,угнетение,"погодная аномалия не обнаружена; возможны уборка, смена культуры или качество съёмки","С 2018-08-29 по 2018-09-13 (15 дн.) NDVI поля AOI-0008 был ниже собственной исторической нормы, минимум z = -1.89. Совпадения: погодная аномалия не обнаружена; возможны уборка, смена культуры или качество съёмки. Это описание отклонения, а не установленная причина."
AOI-0054,2013-06-10,2013-06-18,8,2,2,-4.9792511342108385,-3.4151163683896333,0.9204527578111872,0.75,0.6903,критическая,повышенная температура (выше 80-го перцентиля),"С 2013-06-10 по 2013-06-18 (8 дн.) NDVI поля AOI-0054 был ниже собственной исторической нормы, минимум z = -4.98. Совпадения: повышенная температура (выше 80-го перцентиля). Это описание отклонения, а не установленная причина."
AOI-0065,2022-09-18,2022-09-29,11,2,2,-1.5946915622928866,-1.545255243644018,0.8993528603521821,0.75,0.6745,угнетение,"погодная аномалия не обнаружена; возможны уборка, смена культуры или качество съёмки","С 2022-09-18 по 2022-09-29 (11 дн.) NDVI поля AOI-0065 был ниже собственной исторической нормы, минимум z = -1.59. Совпадения: погодная аномалия не обнаружена; возможны уборка, смена культуры или качество съёмки. Это описание отклонения, а не установленная причина."
AOI-0063,2017-09-15,2017-09-25,10,5,5,-1.807217117975353,-1.3878617771472197,0.6742719232883901,1.0,0.6743,угнетение,повышенная температура (выше 80-го перцентиля),"С 2017-09-15 по 2017-09-25 (10 дн.) NDVI поля AOI-0063 был ниже собственной исторической нормы, минимум z = -1.81. Совпадения: повышенная температура (выше 80-го перцентиля). Это описание отклонения, а не установленная причина."
AOI-0052,2018-09-04,2018-09-13,9,3,3,-2.241031936224909,-1.4450337471724406,0.7019756880951309,0.95,0.6669,критическая,дефицит осадков (ниже 20-го перцентиля прошлых лет),"С 2018-09-04 по 2018-09-13 (9 дн.) NDVI поля AOI-0052 был ниже собственной исторической нормы, минимум z = -2.24. Совпадения: дефицит осадков (ниже 20-го перцентиля прошлых лет). Это описание отклонения, а не установленная причина."
AOI-0056,2014-10-16,2014-10-26,10,2,2,-2.5425791227533194,-1.9390052154563835,0.8823676793366392,0.75,0.6618,критическая,"погодная аномалия не обнаружена; возможны уборка, смена культуры или качество съёмки","С 2014-10-16 по 2014-10-26 (10 дн.) NDVI поля AOI-0056 был ниже собственной исторической нормы, минимум z = -2.54. Совпадения: погодная аномалия не обнаружена; возможны уборка, смена культуры или качество съёмки. Это описание отклонения, а не установленная причина."
AOI-0025,2024-08-22,2024-09-01,10,5,5,-2.226352049994761,-1.7601827262250165,0.6608459367847161,1.0,0.6608,критическая,"погодная аномалия не обнаружена; возможны уборка, смена культуры или качество съёмки","С 2024-08-22 по 2024-09-01 (10 дн.) NDVI поля AOI-0025 был ниже собственной исторической нормы, минимум z = -2.23. Совпадения: погодная аномалия не обнаружена; возможны уборка, смена культуры или качество съёмки. Это описание отклонения, а не установленная причина."
AOI-0075,2013-06-01,2013-06-09,8,2,2,-2.9230434586255125,-2.3074335308284644,0.8764519792335119,0.75,0.6573,критическая,повышенная температура (выше 80-го перцентиля),"С 2013-06-01 по 2013-06-09 (8 дн.) NDVI поля AOI-0075 был ниже собственной исторической нормы, минимум z = -2.92. Совпадения: повышенная температура (выше 80-го перцентиля). Это описание отклонения, а не установленная причина."
AOI-0012,2018-08-29,2018-09-13,15,3,2,-1.619216444692041,-1.2841223730727869,0.806721703573515,0.8,0.6454,угнетение,"погодная аномалия не обнаружена; возможны уборка, смена культуры или качество съёмки","С 2018-08-29 по 2018-09-13 (15 дн.) NDVI поля AOI-0012 был ниже собственной исторической нормы, минимум z = -1.62. Совпадения: погодная аномалия не обнаружена; возможны уборка, смена культуры или качество съёмки. Это описание отклонения, а не установленная причина."
AOI-0022,2017-08-01,2017-08-09,8,5,5,-1.4522283920304477,-1.2991177214553464,0.6427525622668577,1.0,0.6428,угнетение,"погодная аномалия не обнаружена; возможны уборка, смена культуры или качество съёмки","С 2017-08-01 по 2017-08-09 (8 дн.) NDVI поля AOI-0022 был ниже собственной исторической нормы, минимум z = -1.45. Совпадения: погодная аномалия не обнаружена; возможны уборка, смена культуры или качество съёмки. Это описание отклонения, а не установленная причина."
AOI-0063,2017-09-30,2017-10-08,8,3,3,-1.6038071303943,-1.2437877485812068,0.6757910930340453,0.95,0.642,угнетение,дефицит осадков (ниже 20-го перцентиля прошлых лет),"С 2017-09-30 по 2017-10-08 (8 дн.) NDVI поля AOI-0063 был ниже собственной исторической нормы, минимум z = -1.60. Совпадения: дефицит осадков (ниже 20-го перцентиля прошлых лет). Это описание отклонения, а не установленная причина."
AOI-0011,2014-08-25,2014-09-02,8,3,3,-2.194757295009049,-1.7734419640327175,0.6714515372601376,0.95,0.6379,критическая,дефицит осадков (ниже 20-го перцентиля прошлых лет); повышенная температура (выше 80-го перцентиля),"С 2014-08-25 по 2014-09-02 (8 дн.) NDVI поля AOI-0011 был ниже собственной исторической нормы, минимум z = -2.19. Совпадения: дефицит осадков (ниже 20-го перцентиля прошлых лет); повышенная температура (выше 80-го перцентиля). Это описание отклонения, а не установленная причина."
AOI-0071,2013-06-27,2013-07-06,9,3,3,-1.7239024155086042,-1.3151916979932246,0.6667751657997232,0.95,0.6334,угнетение,"погодная аномалия не обнаружена; возможны уборка, смена культуры или качество съёмки","С 2013-06-27 по 2013-07-06 (9 дн.) NDVI поля AOI-0071 был ниже собственной исторической нормы, минимум z = -1.72. Совпадения: погодная аномалия не обнаружена; возможны уборка, смена культуры или качество съёмки. Это описание отклонения, а не установленная причина."
AOI-0012,2020-10-09,2020-10-17,8,5,4,-2.298771854351057,-1.5556237487254132,0.6320658057944505,1.0,0.6321,критическая,"погодная аномалия не обнаружена; возможны уборка, смена культуры или качество съёмки","С 2020-10-09 по 2020-10-17 (8 дн.) NDVI поля AOI-0012 был ниже собственной исторической нормы, минимум z = -2.30. Совпадения: погодная аномалия не обнаружена; возможны уборка, смена культуры или качество съёмки. Это описание отклонения, а не установленная причина."
AOI-0021,2018-09-05,2018-09-13,8,2,2,-1.5581859563400133,-1.2999978519331656,0.8422368876544658,0.75,0.6317,угнетение,дефицит осадков (ниже 20-го перцентиля прошлых лет),"С 2018-09-05 по 2018-09-13 (8 дн.) NDVI поля AOI-0021 был ниже собственной исторической нормы, минимум z = -1.56. Совпадения: дефицит осадков (ниже 20-го перцентиля прошлых лет). Это описание отклонения, а не установленная причина."
AOI-0009,2014-08-25,2014-09-02,8,3,2,-2.800266021988301,-1.9018295366819158,0.76637142532942,0.8,0.6131,критическая,дефицит осадков (ниже 20-го перцентиля прошлых лет); повышенная температура (выше 80-го перцентиля),"С 2014-08-25 по 2014-09-02 (8 дн.) NDVI поля AOI-0009 был ниже собственной исторической нормы, минимум z = -2.80. Совпадения: дефицит осадков (ниже 20-го перцентиля прошлых лет); повышенная температура (выше 80-го перцентиля). Это описание отклонения, а не установленная причина."
AOI-0057,2018-07-18,2018-07-26,8,2,1,-1.150274804299913,-1.0767220245986016,1.0092936670735548,0.6,0.6056,угнетение,"погодная аномалия не обнаружена; возможны уборка, смена культуры или качество съёмки","С 2018-07-18 по 2018-07-26 (8 дн.) NDVI поля AOI-0057 был ниже собственной исторической нормы, минимум z = -1.15. Совпадения: погодная аномалия не обнаружена; возможны уборка, смена культуры или качество съёмки. Это описание отклонения, а не установленная причина."
AOI-0076,2014-10-16,2014-10-26,10,2,2,-1.3005857930769174,-1.209277460900268,0.788473628477016,0.75,0.5914,угнетение,"погодная аномалия не обнаружена; возможны уборка, смена культуры или качество съёмки","С 2014-10-16 по 2014-10-26 (10 дн.) NDVI поля AOI-0076 был ниже собственной исторической нормы, минимум z = -1.30. Совпадения: погодная аномалия не обнаружена; возможны уборка, смена культуры или качество съёмки. Это описание отклонения, а не установленная причина."
AOI-0033,2021-09-21,2021-09-29,8,2,2,-3.8179089439801794,-2.781972275098072,0.7735250946031331,0.75,0.5801,критическая,"погодная аномалия не обнаружена; возможны уборка, смена культуры или качество съёмки","С 2021-09-21 по 2021-09-29 (8 дн.) NDVI поля AOI-0033 был ниже собственной исторической нормы, минимум z = -3.82. Совпадения: погодная аномалия не обнаружена; возможны уборка, смена культуры или качество съёмки. Это описание отклонения, а не установленная причина."
AOI-0029,2019-09-15,2019-09-23,8,3,2,-1.7895962861563817,-1.630417914091612,0.6517712310210095,0.8,0.5214,угнетение,"погодная аномалия не обнаружена; возможны уборка, смена культуры или качество съёмки","С 2019-09-15 по 2019-09-23 (8 дн.) NDVI поля AOI-0029 был ниже собственной исторической нормы, минимум z = -1.79. Совпадения: погодная аномалия не обнаружена; возможны уборка, смена культуры или качество съёмки. Это описание отклонения, а не установленная причина."
AOI-0008,2013-07-13,2013-07-21,8,2,2,-1.7441756731577658,-1.624534491468181,0.6867924569013031,0.75,0.5151,угнетение,"погодная аномалия не обнаружена; возможны уборка, смена культуры или качество съёмки","С 2013-07-13 по 2013-07-21 (8 дн.) NDVI поля AOI-0008 был ниже собственной исторической нормы, минимум z = -1.74. Совпадения: погодная аномалия не обнаружена; возможны уборка, смена культуры или качество съёмки. Это описание отклонения, а не установленная причина."
AOI-0023,2024-09-06,2024-09-16,10,7,7,-1.4718088373805736,-1.2420928262325008,0.5058519973120146,1.0,0.5059,угнетение,дефицит осадков (ниже 20-го перцентиля прошлых лет); повышенная температура (выше 80-го перцентиля),"С 2024-09-06 по 2024-09-16 (10 дн.) NDVI поля AOI-0023 был ниже собственной исторической нормы, минимум z = -1.47. Совпадения: дефицит осадков (ниже 20-го перцентиля прошлых лет); повышенная температура (выше 80-го перцентиля). Это описание отклонения, а не установленная причина."
AOI-0026,2024-07-03,2024-07-11,8,2,2,-1.2528097930780653,-1.2135676941684863,0.6730533947563888,0.75,0.5048,угнетение,дефицит осадков (ниже 20-го перцентиля прошлых лет); повышенная температура (выше 80-го перцентиля),"С 2024-07-03 по 2024-07-11 (8 дн.) NDVI поля AOI-0026 был ниже собственной исторической нормы, минимум z = -1.25. Совпадения: дефицит осадков (ниже 20-го перцентиля прошлых лет); повышенная температура (выше 80-го перцентиля). Это описание отклонения, а не установленная причина."
AOI-0012,2021-07-29,2021-08-08,10,5,5,-3.3621199365332624,-1.7359421786391238,0.5022842915154013,1.0,0.5023,критическая,"погодная аномалия не обнаружена; возможны уборка, смена культуры или качество съёмки","С 2021-07-29 по 2021-08-08 (10 дн.) NDVI поля AOI-0012 был ниже собственной исторической нормы, минимум z = -3.36. Совпадения: погодная аномалия не обнаружена; возможны уборка, смена культуры или качество съёмки. Это описание отклонения, а не установленная причина."
AOI-0042,2019-07-08,2019-07-17,9,5,5,-2.2533375652209466,-1.48485212026015,0.49623225480763594,1.0,0.4962,критическая,"погодная аномалия не обнаружена; возможны уборка, смена культуры или качество съёмки","С 2019-07-08 по 2019-07-17 (9 дн.) NDVI поля AOI-0042 был ниже собственной исторической нормы, минимум z = -2.25. Совпадения: погодная аномалия не обнаружена; возможны уборка, смена культуры или качество съёмки. Это описание отклонения, а не установленная причина."
AOI-0036,2015-09-14,2015-09-22,8,3,3,-2.042440829774064,-1.6214146421101117,0.5191507372104975,0.95,0.4932,критическая,"погодная аномалия не обнаружена; возможны уборка, смена культуры или качество съёмки","С 2015-09-14 по 2015-09-22 (8 дн.) NDVI поля AOI-0036 был ниже собственной исторической нормы, минимум z = -2.04. Совпадения: погодная аномалия не обнаружена; возможны уборка, смена культуры или качество съёмки. Это описание отклонения, а не установленная причина."
AOI-0006,2019-09-15,2019-09-23,8,2,2,-1.2411469489624545,-1.2206203514090124,0.6557983550103501,0.75,0.4918,угнетение,"погодная аномалия не обнаружена; возможны уборка, смена культуры или качество съёмки","С 2019-09-15 по 2019-09-23 (8 дн.) NDVI поля AOI-0006 был ниже собственной исторической нормы, минимум z = -1.24. Совпадения: погодная аномалия не обнаружена; возможны уборка, смена культуры или качество съёмки. Это описание отклонения, а не установленная причина."
AOI-0070,2014-07-01,2014-07-12,11,2,2,-1.3432787814937397,-1.2319582130014868,0.6516514947409169,0.75,0.4887,угнетение,"погодная аномалия не обнаружена; возможны уборка, смена культуры или качество съёмки","С 2014-07-01 по 2014-07-12 (11 дн.) NDVI поля AOI-0070 был ниже собственной исторической нормы, минимум z = -1.34. Совпадения: погодная аномалия не обнаружена; возможны уборка, смена культуры или качество съёмки. Это описание отклонения, а не установленная причина."
AOI-0039,2016-09-08,2016-09-17,9,3,2,-1.4166430482781645,-1.2508949565662706,0.5559682866403084,0.8,0.4448,угнетение,"погодная аномалия не обнаружена; возможны уборка, смена культуры или качество съёмки","С 2016-09-08 по 2016-09-17 (9 дн.) NDVI поля AOI-0039 был ниже собственной исторической нормы, минимум z = -1.42. Совпадения: погодная аномалия не обнаружена; возможны уборка, смена культуры или качество съёмки. Это описание отклонения, а не установленная причина."
AOI-0023,2024-09-20,2024-09-29,9,8,8,-1.7425494427078707,-1.3385845962132525,0.4444110839081497,1.0,0.4444,угнетение,дефицит осадков (ниже 20-го перцентиля прошлых лет); повышенная температура (выше 80-го перцентиля),"С 2024-09-20 по 2024-09-29 (9 дн.) NDVI поля AOI-0023 был ниже собственной исторической нормы, минимум z = -1.74. Совпадения: дефицит осадков (ниже 20-го перцентиля прошлых лет); повышенная температура (выше 80-го перцентиля). Это описание отклонения, а не установленная причина."
AOI-0012,2014-08-25,2014-09-02,8,3,3,-2.2239704599773957,-1.5329003583016039,0.45879319460162,0.95,0.4359,критическая,"погодная аномалия не обнаружена; возможны уборка, смена культуры или качество съёмки","С 2014-08-25 по 2014-09-02 (8 дн.) NDVI поля AOI-0012 был ниже собственной исторической нормы, минимум z = -2.22. Совпадения: погодная аномалия не обнаружена; возможны уборка, смена культуры или качество съёмки. Это описание отклонения, а не установленная причина."
AOI-0038,2014-07-17,2014-07-26,9,2,2,-1.1685640758608915,-1.1424093367654211,0.5731808891437478,0.75,0.4299,угнетение,дефицит осадков (ниже 20-го перцентиля прошлых лет),"С 2014-07-17 по 2014-07-26 (9 дн.) NDVI поля AOI-0038 был ниже собственной исторической нормы, минимум z = -1.17. Совпадения: дефицит осадков (ниже 20-го перцентиля прошлых лет). Это описание отклонения, а не установленная причина."
AOI-0029,2021-07-29,2021-08-08,10,4,4,-1.3251965995156276,-1.3145933255355018,0.42828112489174275,1.0,0.4283,угнетение,повышенная температура (выше 80-го перцентиля),"С 2021-07-29 по 2021-08-08 (10 дн.) NDVI поля AOI-0029 был ниже собственной исторической нормы, минимум z = -1.33. Совпадения: повышенная температура (выше 80-го перцентиля). Это описание отклонения, а не установленная причина."
AOI-0033,2014-07-17,2014-07-26,9,2,2,-1.552732697967733,-1.4151186000439715,0.4009827023385608,0.75,0.3007,угнетение,дефицит осадков (ниже 20-го перцентиля прошлых лет),"С 2014-07-17 по 2014-07-26 (9 дн.) NDVI поля AOI-0033 был ниже собственной исторической нормы, минимум z = -1.55. Совпадения: дефицит осадков (ниже 20-го перцентиля прошлых лет). Это описание отклонения, а не установленная причина."
AOI-0034,2015-06-26,2015-07-04,8,2,1,-1.3251818306324914,-1.2641187835520586,0.47684420607750305,0.6,0.2861,угнетение,дефицит осадков (ниже 20-го перцентиля прошлых лет); повышенная температура (выше 80-го перцентиля),"С 2015-06-26 по 2015-07-04 (8 дн.) NDVI поля AOI-0034 был ниже собственной исторической нормы, минимум z = -1.33. Совпадения: дефицит осадков (ниже 20-го перцентиля прошлых лет); повышенная температура (выше 80-го перцентиля). Это описание отклонения, а не установленная причина."
AOI-0066,2015-09-21,2015-09-29,8,2,1,-1.1569909278566535,-1.1052862416947495,0.44873304851878637,0.6,0.2692,угнетение,повышенная температура (выше 80-го перцентиля),"С 2015-09-21 по 2015-09-29 (8 дн.) NDVI поля AOI-0066 был ниже собственной исторической нормы, минимум z = -1.16. Совпадения: повышенная температура (выше 80-го перцентиля). Это описание отклонения, а не установленная причина."
