model,mode,repeat,fold,feature,importance,std
catboost,A,0,0,anon_polygon_id,1.2594037416463477e-05,2.8293917911870192e-05
catboost,A,0,0,date,0.0,0.0
catboost,A,0,0,crop_type,3.2373659892837026e-05,6.992992377621854e-06
catboost,A,0,0,year,-1.1330769800414753e-05,9.797913172120143e-06
catboost,A,0,0,month,9.299775955186329e-05,6.0845408940413126e-05
catboost,A,0,0,doy,0.000131708565134378,1.5992263543776475e-05
catboost,A,0,0,iso_week,-6.590706403773738e-05,2.5296766230448187e-05
catboost,A,0,0,sin_doy,-0.00012344180066219818,1.505758552023534e-05
catboost,A,0,0,cos_doy,0.00042673324407346835,0.00015984713070417433
catboost,A,0,0,prior_polygon_crop_season_median,5.3293478079127765e-06,1.0367979424323603e-05
catboost,A,0,0,prior_polygon_crop_season_iqr,-4.4405773600368625e-05,2.7863151250827334e-05
catboost,A,0,0,prior_polygon_crop_season_count,-3.058551144494853e-05,1.257040057748432e-05
catboost,A,0,0,prior_polygon_crop_median,2.7392337029544245e-06,4.432994056273454e-06
catboost,A,0,0,prior_polygon_crop_iqr,-1.7048265943078733e-05,5.017177100538617e-06
catboost,A,0,0,prior_polygon_crop_count,3.410441909742351e-05,2.3854839298863284e-05
catboost,A,0,0,prior_crop_season_median,-4.8776493341659566e-05,3.8020446609055014e-05
catboost,A,0,0,prior_crop_season_iqr,-5.2925908635148566e-05,8.20935684212043e-06
catboost,A,0,0,prior_crop_season_count,2.508901321870982e-05,7.05661965350185e-05
catboost,A,0,0,prior_crop_median,1.358116769618195e-05,8.096592783238266e-07
catboost,A,0,0,prior_crop_iqr,-4.6005876786416044e-05,1.9588635436058877e-05
catboost,A,0,0,prior_crop_count,-0.00010429520464200204,0.0001225673710272407
catboost,A,0,0,prior_global_season_median,-6.55281682403197e-05,1.8502278374896153e-05
catboost,A,0,0,prior_global_season_iqr,-1.3819966422176644e-05,7.00762372538577e-05
catboost,A,0,0,prior_global_season_count,-0.00012272792787692416,5.030281475259385e-05
catboost,A,0,0,prior_polygon_crop_year_median,3.5974957007398056e-05,4.1628078368133314e-06
catboost,A,0,0,prior_polygon_crop_year_iqr,-2.9949797825827573e-05,1.4524198112056408e-06
catboost,A,0,0,prior_polygon_crop_year_count,-4.612139232103296e-05,0.00019424170124685003
catboost,A,0,0,prior_crop_year_median,-4.584749238845803e-05,3.449961855295919e-05
catboost,A,0,0,prior_crop_year_iqr,0.00010955982366032263,6.368118262038008e-05
catboost,A,0,0,prior_crop_year_count,-1.3637960405953053e-05,1.6590115694180285e-05
catboost,A,0,0,seasonal_prior,2.5849813216426154e-05,3.243378387004364e-05
catboost,A,0,0,seasonal_prior_level,1.640531952797758e-05,2.894054665455309e-05
catboost,A,0,0,crop_seasonal_prior,-9.371757920906276e-05,7.56757594102403e-05
catboost,A,0,0,prior_global_median,0.0,0.0
catboost,A,0,0,prior_global_iqr,0.0,0.0
catboost,A,0,0,seen_polygon,0.0,0.0
catboost,A,0,0,crop_frequency,4.680145493825283e-06,8.731740445931668e-06
catboost,A,0,0,fit_target_count,0.0,0.0
catboost,A,0,0,target_left_1,0.0001231190451290512,3.66982678172631e-05
catboost,A,0,0,target_left_1_raw,-1.1668252600308127e-05,8.234559187772494e-05
catboost,A,0,0,target_left_1_cleaned,6.628773293070045e-06,4.578405470002239e-05
catboost,A,0,0,target_left_1_invalid_flag,0.0,0.0
catboost,A,0,0,target_left_1_missing_flag,0.0,0.0
catboost,A,0,0,days_left_1,6.813982787914896e-06,2.9628527049574416e-06
catboost,A,0,0,target_left_2,-0.00015617898720033524,0.0001467223036125051
catboost,A,0,0,target_left_2_raw,9.111896341044284e-05,0.00017042921381860837
catboost,A,0,0,target_left_2_cleaned,-0.00016567156486119866,0.0001454016722270482
catboost,A,0,0,target_left_2_invalid_flag,0.0,0.0
catboost,A,0,0,target_left_2_missing_flag,0.0,0.0
catboost,A,0,0,days_left_2,6.056038440463429e-06,1.7307809518640749e-06
catboost,A,0,0,target_left_3,-6.062574109892693e-05,6.243870873737234e-06
catboost,A,0,0,target_left_3_raw,1.4897876900385465e-05,3.0447099519853582e-05
catboost,A,0,0,target_left_3_cleaned,0.00010341340405684712,2.3148577222763256e-05
catboost,A,0,0,target_left_3_invalid_flag,0.0,0.0
catboost,A,0,0,target_left_3_missing_flag,0.0,0.0
catboost,A,0,0,days_left_3,-1.874454689920757e-05,3.2106960293362685e-05
catboost,A,0,0,target_left_4,5.4211182386097734e-05,0.00012056167777333565
catboost,A,0,0,target_left_4_raw,5.2413598649422855e-05,1.3234187944244358e-05
catboost,A,0,0,target_left_4_cleaned,-3.7455028655417055e-05,3.1608859234630304e-05
catboost,A,0,0,target_left_4_invalid_flag,0.0,0.0
catboost,A,0,0,target_left_4_missing_flag,0.0,0.0
catboost,A,0,0,days_left_4,-5.3638784126633365e-06,1.1824809097761568e-05
catboost,A,0,0,target_right_1,0.00012924063792906643,7.033863849429528e-05
catboost,A,0,0,target_right_1_raw,4.271867889556885e-05,1.541282282021411e-05
catboost,A,0,0,target_right_1_cleaned,0.00023951375982050188,7.637033412271482e-05
catboost,A,0,0,target_right_1_invalid_flag,0.0,0.0
catboost,A,0,0,target_right_1_missing_flag,-3.6136583297027847e-06,2.473896263281705e-06
catboost,A,0,0,days_right_1,-5.167757172405002e-05,4.731030047479268e-06
catboost,A,0,0,target_right_2,0.00018002278496653118,6.449472058737971e-06
catboost,A,0,0,target_right_2_raw,-4.841047615330302e-05,0.00010314293776072375
catboost,A,0,0,target_right_2_cleaned,1.4241081197477468e-05,3.4719395818477716e-05
catboost,A,0,0,target_right_2_invalid_flag,0.0,0.0
catboost,A,0,0,target_right_2_missing_flag,-2.0023607285660217e-06,1.4495566446545705e-06
catboost,A,0,0,days_right_2,6.557690209677697e-05,1.632044673017391e-05
catboost,A,0,0,target_right_3,-5.730493214450849e-05,1.614045468555092e-05
catboost,A,0,0,target_right_3_raw,-3.524997826194476e-06,9.311715774215634e-07
catboost,A,0,0,target_right_3_cleaned,-1.7600183848484607e-05,1.644838442189933e-05
catboost,A,0,0,target_right_3_invalid_flag,0.0,0.0
catboost,A,0,0,target_right_3_missing_flag,4.202872432348265e-05,3.7317062954088376e-05
catboost,A,0,0,days_right_3,7.11130444559227e-05,5.268716074095792e-05
catboost,A,0,0,target_right_4,4.032437251735854e-05,5.39582979283415e-05
catboost,A,0,0,target_right_4_raw,-5.562449332068703e-05,3.6033056415286924e-05
catboost,A,0,0,target_right_4_cleaned,-4.129577343761626e-05,2.165747921870076e-05
catboost,A,0,0,target_right_4_invalid_flag,0.0,0.0
catboost,A,0,0,target_right_4_missing_flag,-1.5233751252535788e-06,2.5705004486065164e-07
catboost,A,0,0,days_right_4,2.2902298832956636e-05,4.7080055388525055e-05
catboost,A,0,0,linear_interpolation,0.008765533768001134,0.0011688462800446206
catboost,A,0,0,mean_neighbors,0.0009139195528366853,0.0005925300997265751
catboost,A,0,0,local_slope,3.904936521863245e-05,4.2990930059924604e-05
catboost,A,0,0,local_level,0.004628818316849755,0.0006261184245176729
catboost,A,0,0,local_iqr,5.492596028155994e-05,3.392927872054863e-05
catboost,A,0,0,local_curvature,0.0005587475288016744,0.0001884751064902615
catboost,A,0,0,target_count_7d,-5.867849719968371e-05,2.9901799541064145e-05
catboost,A,0,0,target_density_7d,3.3567831707534412e-06,1.0024009930102717e-05
catboost,A,0,0,target_count_15d,-9.113060580526883e-05,2.4859434098002675e-05
catboost,A,0,0,target_density_15d,5.4807963119130054e-05,2.025892242969729e-05
catboost,A,0,0,target_count_30d,-2.6219795297599546e-05,2.5885484133264525e-06
catboost,A,0,0,target_density_30d,2.6862392246050637e-05,1.72101726979082e-05
catboost,A,0,0,gap_run_length,-1.8821936654950244e-06,2.2758233949454754e-06
catboost,A,0,0,gap_run_position,-1.3560429744027824e-06,7.665935185856287e-06
catboost,A,0,0,left_missing,0.0,0.0
catboost,A,0,0,right_missing,-8.819053357311812e-07,2.0759201591197263e-06
catboost,A,0,0,is_edge,-4.17371997603333e-06,1.194894839393057e-06
catboost,A,0,0,context_quality,3.753056013925532e-05,3.0087266608504193e-05
catboost,A,0,0,same_date_target_count,5.026707951790582e-05,2.520247312397944e-05
catboost,A,0,0,same_date_target_median,0.0025541362857252684,0.0007638591946984644
catboost,A,0,0,same_date_target_iqr,-3.087985732834475e-05,4.393841013530797e-05
catboost,A,0,0,primary_ndvi_raw,0.0,0.0
catboost,A,0,0,primary_ndvi_cleaned,0.0,0.0
catboost,A,0,0,primary_ndvi_invalid_flag,0.0,0.0
catboost,A,0,0,primary_ndvi_missing_flag,0.0,0.0
catboost,A,0,0,primary_ndvi_interpolated,0.012432052061372469,0.0013648301632580087
catboost,A,0,0,primary_ndvi_left,-0.0003132511626356832,0.00012940956884971433
catboost,A,0,0,primary_ndvi_right,7.064958649657255e-05,4.217786334356072e-05
catboost,A,0,0,primary_ndvi_days_since,2.8911021288685612e-05,2.2638075812375646e-05
catboost,A,0,0,primary_ndvi_days_until,-1.2033521389231971e-05,1.2481677201386931e-05
catboost,A,0,0,primary_ndvi_context_median,0.005376066062852465,1.804803065848931e-05
catboost,A,0,0,primary_ndvi_context_iqr,0.00025892108016425247,8.876007102096711e-05
catboost,A,0,0,primary_ndvi_context_count,-3.6209038402353066e-05,6.390800808116215e-06
catboost,A,0,0,primary_ndvi_context_invalid_count,0.0,0.0
catboost,A,0,0,s2_ndvi_raw,0.0,0.0
catboost,A,0,0,s2_ndvi_cleaned,0.0,0.0
catboost,A,0,0,s2_ndvi_invalid_flag,0.0,0.0
catboost,A,0,0,s2_ndvi_missing_flag,0.0,0.0
catboost,A,0,0,s2_ndvi_interpolated,0.00045026968797626243,0.00010237210168874411
catboost,A,0,0,s2_ndvi_left,4.1034186392202576e-05,0.00010798086861583955
catboost,A,0,0,s2_ndvi_right,-0.0001030049286191298,0.00011862651860505835
catboost,A,0,0,s2_ndvi_days_since,3.816756203654792e-05,6.1441720322213955e-06
catboost,A,0,0,s2_ndvi_days_until,4.628190745030458e-05,1.8095840122134277e-05
catboost,A,0,0,s2_ndvi_context_median,-0.00012081467282252373,9.665332819857458e-05
catboost,A,0,0,s2_ndvi_context_iqr,2.5116710658752706e-05,1.4874205500677029e-05
catboost,A,0,0,s2_ndvi_context_count,-1.4149459040477264e-05,5.739625126871539e-06
catboost,A,0,0,s2_ndvi_context_invalid_count,0.0,0.0
catboost,A,0,0,s2_evi_raw,0.0,0.0
catboost,A,0,0,s2_evi_cleaned,0.0,0.0
catboost,A,0,0,s2_evi_invalid_flag,0.0,0.0
catboost,A,0,0,s2_evi_missing_flag,0.0,0.0
catboost,A,0,0,s2_evi_interpolated,0.0005092807610165354,3.3184604763654424e-05
catboost,A,0,0,s2_evi_left,0.00023923574133601078,0.00016629145706099913
catboost,A,0,0,s2_evi_right,-9.271514222516236e-05,1.019908789071794e-05
catboost,A,0,0,s2_evi_days_since,6.467814360014423e-05,1.1118060693496301e-05
catboost,A,0,0,s2_evi_days_until,-2.3838055132709146e-05,4.890611026969055e-05
catboost,A,0,0,s2_evi_context_median,-9.902125103385812e-05,6.24217807246516e-05
catboost,A,0,0,s2_evi_context_iqr,0.00010239049112023557,5.705135059921873e-05
catboost,A,0,0,s2_evi_context_count,-3.642977670370584e-05,7.455173792289549e-06
catboost,A,0,0,s2_evi_context_invalid_count,-1.0317324962642871e-05,4.183039372628039e-06
catboost,A,0,0,s2_ndwi_raw,0.0,0.0
catboost,A,0,0,s2_ndwi_cleaned,0.0,0.0
catboost,A,0,0,s2_ndwi_invalid_flag,0.0,0.0
catboost,A,0,0,s2_ndwi_missing_flag,0.0,0.0
catboost,A,0,0,s2_ndwi_interpolated,0.00029224594437776696,5.9665705273562186e-05
catboost,A,0,0,s2_ndwi_left,5.534498037669533e-05,5.5346218856472396e-05
catboost,A,0,0,s2_ndwi_right,0.00013093539738080057,8.839383833520592e-05
catboost,A,0,0,s2_ndwi_days_since,1.904271574352384e-05,5.178402408958366e-05
catboost,A,0,0,s2_ndwi_days_until,-3.505616826985497e-05,4.6604529428791175e-05
catboost,A,0,0,s2_ndwi_context_median,0.00024042212948443414,5.245838205163861e-05
catboost,A,0,0,s2_ndwi_context_iqr,7.0005874238388e-05,7.651629604557564e-05
catboost,A,0,0,s2_ndwi_context_count,2.164214317132429e-07,7.241800711807467e-07
catboost,A,0,0,s2_ndwi_context_invalid_count,0.0,0.0
catboost,A,0,0,landsat_ndvi_raw,0.0,0.0
catboost,A,0,0,landsat_ndvi_cleaned,0.0,0.0
catboost,A,0,0,landsat_ndvi_invalid_flag,0.0,0.0
catboost,A,0,0,landsat_ndvi_missing_flag,0.0,0.0
catboost,A,0,0,landsat_ndvi_interpolated,0.005872049733627878,0.0005458499253878993
catboost,A,0,0,landsat_ndvi_left,0.0005680991655188442,0.00014990610193543058
catboost,A,0,0,landsat_ndvi_right,0.00012415993406483805,5.5454695246981434e-05
catboost,A,0,0,landsat_ndvi_days_since,-8.544594760698243e-07,1.094976508542872e-05
catboost,A,0,0,landsat_ndvi_days_until,-1.5086568866014283e-05,4.419318324559718e-06
catboost,A,0,0,landsat_ndvi_context_median,0.0005908911463510455,9.202241988352788e-06
catboost,A,0,0,landsat_ndvi_context_iqr,0.00010560737698618594,8.666952393913963e-05
catboost,A,0,0,landsat_ndvi_context_count,-6.198112120423677e-05,8.18400055153587e-05
catboost,A,0,0,landsat_ndvi_context_invalid_count,0.0,0.0
catboost,A,0,0,landsat_evi_raw,0.0,0.0
catboost,A,0,0,landsat_evi_cleaned,0.0,0.0
catboost,A,0,0,landsat_evi_invalid_flag,0.0,0.0
catboost,A,0,0,landsat_evi_missing_flag,0.0,0.0
catboost,A,0,0,landsat_evi_interpolated,0.004109258884784542,0.0008031102710965021
catboost,A,0,0,landsat_evi_left,-7.538457138586002e-05,0.00010679102892757059
catboost,A,0,0,landsat_evi_right,6.854295728379867e-06,2.1020184818518195e-06
catboost,A,0,0,landsat_evi_days_since,6.255016161913624e-05,4.304641528602576e-05
catboost,A,0,0,landsat_evi_days_until,5.239461803219214e-05,1.7875476449699668e-05
catboost,A,0,0,landsat_evi_context_median,0.000125210290241623,0.00016141118008961008
catboost,A,0,0,landsat_evi_context_iqr,8.961368511714585e-05,4.853118100761611e-05
catboost,A,0,0,landsat_evi_context_count,9.040643082146999e-05,4.108458191244557e-06
catboost,A,0,0,landsat_evi_context_invalid_count,0.0,0.0
catboost,A,0,0,landsat_ndwi_raw,0.0,0.0
catboost,A,0,0,landsat_ndwi_cleaned,0.0,0.0
catboost,A,0,0,landsat_ndwi_invalid_flag,0.0,0.0
catboost,A,0,0,landsat_ndwi_missing_flag,0.0,0.0
catboost,A,0,0,landsat_ndwi_interpolated,0.0004172043687734467,7.758540884847398e-05
catboost,A,0,0,landsat_ndwi_left,-5.7936660681774665e-05,2.407254202187875e-05
catboost,A,0,0,landsat_ndwi_right,-1.2635460638642237e-05,3.2679449627807944e-05
catboost,A,0,0,landsat_ndwi_days_since,3.497930197021021e-05,6.955149826617241e-05
catboost,A,0,0,landsat_ndwi_days_until,-7.137614087165955e-05,1.9395160586202498e-05
catboost,A,0,0,landsat_ndwi_context_median,6.610302789850087e-05,2.7290292985621134e-05
catboost,A,0,0,landsat_ndwi_context_iqr,-0.0001263004925400671,8.262886920069185e-05
catboost,A,0,0,landsat_ndwi_context_count,1.4429246325171896e-05,4.340138260248982e-06
catboost,A,0,0,landsat_ndwi_context_invalid_count,0.0,0.0
catboost,A,0,0,modis_ndvi_raw,0.0,0.0
catboost,A,0,0,modis_ndvi_cleaned,0.0,0.0
catboost,A,0,0,modis_ndvi_invalid_flag,0.0,0.0
catboost,A,0,0,modis_ndvi_missing_flag,0.0,0.0
catboost,A,0,0,modis_ndvi_interpolated,0.0007605557549090342,5.185958919443068e-05
catboost,A,0,0,modis_ndvi_left,9.16661755741982e-06,9.602904240828963e-05
catboost,A,0,0,modis_ndvi_right,-5.749508043553092e-05,9.991999524753409e-05
catboost,A,0,0,modis_ndvi_days_since,-6.711867694304818e-06,1.1643608019702711e-05
catboost,A,0,0,modis_ndvi_days_until,-2.528795058007183e-07,5.102973002719946e-06
catboost,A,0,0,modis_ndvi_context_median,-0.00010214953789219883,9.759443369444787e-05
catboost,A,0,0,modis_ndvi_context_iqr,-0.00013036845277099307,4.3530731650393006e-05
catboost,A,0,0,modis_ndvi_context_count,-7.157835715330962e-06,1.588413840215852e-06
catboost,A,0,0,modis_ndvi_context_invalid_count,0.0,0.0
catboost,A,0,0,modis_evi_raw,0.0,0.0
catboost,A,0,0,modis_evi_cleaned,0.0,0.0
catboost,A,0,0,modis_evi_invalid_flag,0.0,0.0
catboost,A,0,0,modis_evi_missing_flag,0.0,0.0
catboost,A,0,0,modis_evi_interpolated,0.00044891697322257257,0.00013036803635089328
catboost,A,0,0,modis_evi_left,0.00017499464741952547,9.658695086155883e-05
catboost,A,0,0,modis_evi_right,7.601779823129123e-05,1.238287045048081e-06
catboost,A,0,0,modis_evi_days_since,-9.535883448839877e-06,3.4930072067909657e-06
catboost,A,0,0,modis_evi_days_until,5.115272795411241e-06,1.0981222044445516e-05
catboost,A,0,0,modis_evi_context_median,-0.0002298861683870529,1.3464567223384072e-05
catboost,A,0,0,modis_evi_context_iqr,1.9679380207852926e-05,3.400056273342861e-05
catboost,A,0,0,modis_evi_context_count,3.276134718905449e-05,3.0916527441679498e-06
catboost,A,0,0,modis_evi_context_invalid_count,0.0,0.0
catboost,A,0,0,era5_temp_c_raw,0.0,0.0
catboost,A,0,0,era5_temp_c_cleaned,0.0,0.0
catboost,A,0,0,era5_temp_c_invalid_flag,0.0,0.0
catboost,A,0,0,era5_temp_c_missing_flag,0.0,0.0
catboost,A,0,0,era5_temp_c_interpolated,-1.5505293077033855e-05,1.747606818244818e-06
catboost,A,0,0,era5_temp_c_left,-4.458174779967822e-05,2.845237670438122e-05
catboost,A,0,0,era5_temp_c_right,-1.4779601176635737e-05,5.348064259610291e-05
catboost,A,0,0,era5_temp_c_days_since,0.0,0.0
catboost,A,0,0,era5_temp_c_days_until,0.0,0.0
catboost,A,0,0,era5_temp_c_context_median,-1.680397000002748e-05,1.3021950525111958e-05
catboost,A,0,0,era5_temp_c_context_iqr,-9.97662154269413e-06,5.7352000793278735e-06
catboost,A,0,0,era5_temp_c_context_count,2.00411820548696e-06,3.0751803099943187e-06
catboost,A,0,0,era5_temp_c_context_invalid_count,0.0,0.0
catboost,A,0,0,era5_temp_c_same_date,-4.486329143729706e-05,2.6324726541598897e-05
catboost,A,0,0,era5_temp_c_same_date_count,0.0,0.0
catboost,A,0,0,era5_temp_c_reconstructed,-5.37409210320805e-05,4.000893860089949e-05
catboost,A,0,0,era5_temp_c_available,0.0,0.0
catboost,A,0,0,era5_precip_mm_raw,0.0,0.0
catboost,A,0,0,era5_precip_mm_cleaned,0.0,0.0
catboost,A,0,0,era5_precip_mm_invalid_flag,0.0,0.0
catboost,A,0,0,era5_precip_mm_missing_flag,0.0,0.0
catboost,A,0,0,era5_precip_mm_interpolated,-1.8996208802905812e-05,1.4122623833233428e-05
catboost,A,0,0,era5_precip_mm_left,-6.544798539454e-06,2.073647880171392e-06
catboost,A,0,0,era5_precip_mm_right,1.5624871711951427e-05,1.3752116721228724e-05
catboost,A,0,0,era5_precip_mm_days_since,3.2597197191300276e-06,9.644013625673131e-07
catboost,A,0,0,era5_precip_mm_days_until,0.0,0.0
catboost,A,0,0,era5_precip_mm_context_median,-3.990732240582995e-05,1.2180096442937494e-05
catboost,A,0,0,era5_precip_mm_context_iqr,7.583814595448629e-05,5.5229797876962805e-06
catboost,A,0,0,era5_precip_mm_context_count,-9.333500564535913e-05,1.967139216496605e-05
catboost,A,0,0,era5_precip_mm_context_invalid_count,-7.59081356453764e-05,3.07279389372625e-05
catboost,A,0,0,era5_precip_mm_same_date,-0.00016384818330287404,9.66494405058374e-05
catboost,A,0,0,era5_precip_mm_same_date_count,1.0506212939333237e-05,6.5913417105420424e-06
catboost,A,0,0,era5_precip_mm_reconstructed,-0.0001725461994360883,8.289201579278482e-05
catboost,A,0,0,era5_precip_mm_available,0.0,0.0
catboost,A,0,0,availability_s2_days_since,0.0,0.0
catboost,A,0,0,availability_s2_days_until,2.8460591692834603e-05,1.8335335578677225e-05
catboost,A,0,0,availability_s2_same_date_count,-0.0002255389052088913,4.860983455062806e-05
catboost,A,0,0,availability_s2_count_7d,1.5949975428052043e-05,3.9857193140986624e-05
catboost,A,0,0,availability_s2_count_15d,-0.0003055227657733292,9.70815444459247e-05
catboost,A,0,0,availability_s2_count_30d,-1.5079509821380732e-07,1.9952130984879357e-07
catboost,A,0,0,source_calendar_s2_local_count,-6.518980267862517e-05,6.367230646725508e-05
catboost,A,0,0,source_calendar_s2_same_date_count,1.3318534118948733e-05,7.659879538250008e-05
catboost,A,0,0,source_calendar_s2_fit_count,0.0,0.0
catboost,A,0,0,availability_landsat_days_since,-2.946757647211834e-05,5.633206018131054e-06
catboost,A,0,0,availability_landsat_days_until,0.0,0.0
catboost,A,0,0,availability_landsat_same_date_count,6.253584047662131e-06,8.576290346303667e-05
catboost,A,0,0,availability_landsat_count_7d,1.3138235965416689e-05,2.0047790701048507e-05
catboost,A,0,0,availability_landsat_count_15d,-7.1499079765877105e-06,1.2502570734422569e-05
catboost,A,0,0,availability_landsat_count_30d,-1.1585874555491982e-05,2.0244632949875663e-05
catboost,A,0,0,source_calendar_landsat_local_count,-6.702048727566523e-05,0.0001284384724109522
catboost,A,0,0,source_calendar_landsat_same_date_count,3.826980070811836e-05,1.5936044783171344e-05
catboost,A,0,0,source_calendar_landsat_fit_count,0.0,0.0
catboost,A,0,0,availability_modis_days_since,8.30692260791327e-06,2.486964593394897e-05
catboost,A,0,0,availability_modis_days_until,7.30135190437492e-06,2.2645769948842487e-07
catboost,A,0,0,availability_modis_same_date_count,0.0013066311102707465,2.4527582967538708e-05
catboost,A,0,0,availability_modis_count_7d,-5.651553099996626e-05,5.957258295315876e-05
catboost,A,0,0,availability_modis_count_15d,-0.00010490809455511452,5.9128358270113535e-05
catboost,A,0,0,availability_modis_count_30d,-9.755711645190179e-05,4.407476002166177e-06
catboost,A,0,0,source_calendar_modis_local_count,1.7819088049285392e-05,1.9656595786267383e-05
catboost,A,0,0,source_calendar_modis_same_date_count,0.0008430595563016716,2.5539699486910872e-05
catboost,A,0,0,source_calendar_modis_fit_count,0.0,0.0
catboost,A,0,0,p_s2,0.0005293639751512424,0.00017788552792448453
catboost,A,0,0,p_landsat,4.860558211822186e-05,0.00012094762173993356
catboost,A,0,0,p_modis,0.0012084410286101813,7.143078939293723e-06
catboost,A,0,0,p_unknown,0.0,0.0
catboost,A,0,0,source_confidence,-0.0003612773672482805,3.3530689007882364e-05
catboost,A,0,0,source_unknown_local_count,0.0,0.0
catboost,A,0,0,pchip_interpolation,-0.000502800669800206,0.0002762288370421265
catboost,A,0,0,akima_interpolation,0.0002743298150393106,7.668139059942986e-05
catboost,A,0,0,left_days_1,3.683543761397873e-05,3.1250093299253767e-06
catboost,A,0,0,left_days_2,-8.142273819025658e-06,9.169762251182156e-07
catboost,A,0,0,left_days_3,-3.4915810295674254e-05,3.9508837167134825e-06
catboost,A,0,0,left_days_4,2.315218730461477e-05,7.468056616152796e-06
catboost,A,0,0,right_days_1,-8.219424639334394e-06,6.721377425779329e-06
catboost,A,0,0,right_days_2,-6.902731244902427e-05,3.4687675550468255e-05
catboost,A,0,0,right_days_3,-3.400274543773063e-05,5.101361089988876e-05
catboost,A,0,0,right_days_4,-1.7508285967068882e-05,1.049916706601095e-05
catboost,A,1,0,anon_polygon_id,5.9379782482403554e-05,1.3731410630206387e-05
catboost,A,1,0,date,0.0,0.0
catboost,A,1,0,crop_type,-0.0003876907867580229,0.000195080686638531
catboost,A,1,0,year,1.7522015059827367e-05,2.6546830867099636e-06
catboost,A,1,0,month,0.0002254601110387236,0.0001319828362099998
catboost,A,1,0,doy,0.00013143362666490077,8.975342440514789e-06
catboost,A,1,0,iso_week,-1.343479887225274e-05,2.600957946605198e-05
catboost,A,1,0,sin_doy,8.796558415748862e-05,5.4018974407772646e-05
catboost,A,1,0,cos_doy,0.0002977629059756487,4.861026798819168e-05
catboost,A,1,0,prior_polygon_crop_season_median,9.095034972705918e-06,5.424441329990315e-06
catboost,A,1,0,prior_polygon_crop_season_iqr,0.0,0.0
catboost,A,1,0,prior_polygon_crop_season_count,-1.9042697076976367e-05,1.4925893309494787e-05
catboost,A,1,0,prior_polygon_crop_median,1.4430432013427807e-05,3.4558667220269124e-07
catboost,A,1,0,prior_polygon_crop_iqr,3.6136223517793664e-05,1.1232662002619298e-06
catboost,A,1,0,prior_polygon_crop_count,-1.1766616485574255e-05,4.3548544659412214e-05
catboost,A,1,0,prior_crop_season_median,-1.893873202422902e-05,5.22728553206675e-07
catboost,A,1,0,prior_crop_season_iqr,-0.0001282908732696958,0.0003215432570283089
catboost,A,1,0,prior_crop_season_count,-2.5458153730166522e-05,1.0060636540097645e-05
catboost,A,1,0,prior_crop_median,4.774919822939094e-06,5.058943418402573e-05
catboost,A,1,0,prior_crop_iqr,4.1240812631779256e-05,1.6054386421729405e-05
catboost,A,1,0,prior_crop_count,-1.1310711554086972e-05,3.8948098202915005e-06
catboost,A,1,0,prior_global_season_median,0.00013327396181311152,8.087772208400373e-05
catboost,A,1,0,prior_global_season_iqr,1.1757732559271317e-05,1.2004681524589722e-05
catboost,A,1,0,prior_global_season_count,-4.34502215477528e-05,2.359108119123765e-05
catboost,A,1,0,prior_polygon_crop_year_median,1.3631560311408442e-05,3.128490221024349e-05
catboost,A,1,0,prior_polygon_crop_year_iqr,6.906216216961969e-06,3.6640493305817312e-06
catboost,A,1,0,prior_polygon_crop_year_count,-3.2979553506812254e-05,3.3608026588957673e-05
catboost,A,1,0,prior_crop_year_median,4.958598229681116e-05,9.440527169606028e-06
catboost,A,1,0,prior_crop_year_iqr,-1.6524118031407964e-05,5.4975710492358165e-05
catboost,A,1,0,prior_crop_year_count,0.00031565642146501316,0.0002452204911459893
catboost,A,1,0,seasonal_prior,-7.319071422269563e-05,3.4578070482058076e-05
catboost,A,1,0,seasonal_prior_level,-4.722472232952801e-06,1.3140651424208005e-05
catboost,A,1,0,crop_seasonal_prior,9.672124577811414e-05,2.503311847724954e-05
catboost,A,1,0,prior_global_median,0.0,0.0
catboost,A,1,0,prior_global_iqr,0.0,0.0
catboost,A,1,0,seen_polygon,0.0,0.0
catboost,A,1,0,crop_frequency,-7.963717408125681e-06,1.9220586224902303e-06
catboost,A,1,0,fit_target_count,0.0,0.0
catboost,A,1,0,target_left_1,0.0001881100846261724,4.0573636440693894e-05
catboost,A,1,0,target_left_1_raw,0.000617235402294268,0.0001321097571321747
catboost,A,1,0,target_left_1_cleaned,0.00012322698886872013,3.926355632118822e-05
catboost,A,1,0,target_left_1_invalid_flag,0.0,0.0
catboost,A,1,0,target_left_1_missing_flag,0.0,0.0
catboost,A,1,0,days_left_1,2.3568834766909963e-05,3.3681980728117455e-07
catboost,A,1,0,target_left_2,0.0003582784605269673,9.935445489057948e-05
catboost,A,1,0,target_left_2_raw,0.0004567172921753973,0.00016400252015590783
catboost,A,1,0,target_left_2_cleaned,0.0006268333644372792,0.0006343435439217782
catboost,A,1,0,target_left_2_invalid_flag,0.0,0.0
catboost,A,1,0,target_left_2_missing_flag,0.0,0.0
catboost,A,1,0,days_left_2,-7.72733821364363e-06,9.114427115299029e-06
catboost,A,1,0,target_left_3,5.2448520610995364e-05,2.63403330873907e-05
catboost,A,1,0,target_left_3_raw,3.8882434957671075e-05,3.8996775142241535e-05
catboost,A,1,0,target_left_3_cleaned,3.085830813603918e-05,0.00020578446136716722
catboost,A,1,0,target_left_3_invalid_flag,0.0,0.0
catboost,A,1,0,target_left_3_missing_flag,0.0,0.0
catboost,A,1,0,days_left_3,-3.8097644321756496e-05,2.778923981843623e-05
catboost,A,1,0,target_left_4,7.081962735336345e-05,5.0079453034201915e-06
catboost,A,1,0,target_left_4_raw,-6.133169538324879e-05,1.946312957468166e-07
catboost,A,1,0,target_left_4_cleaned,8.104382674339189e-05,3.616077082623653e-05
catboost,A,1,0,target_left_4_invalid_flag,0.0,0.0
catboost,A,1,0,target_left_4_missing_flag,0.0,0.0
catboost,A,1,0,days_left_4,-1.9401577281558113e-06,1.1707376181835372e-06
catboost,A,1,0,target_right_1,1.3190848196183158e-05,0.0004935677987048873
catboost,A,1,0,target_right_1_raw,5.179491089202237e-05,1.999297850163728e-06
catboost,A,1,0,target_right_1_cleaned,-1.2708393666967244e-05,0.00029118058106859107
catboost,A,1,0,target_right_1_invalid_flag,0.0,0.0
catboost,A,1,0,target_right_1_missing_flag,1.4428366317681407e-07,1.0146000548535983e-06
catboost,A,1,0,days_right_1,4.028563666835794e-05,4.380425692043777e-05
catboost,A,1,0,target_right_2,0.00020027550138371902,0.00015654603506113501
catboost,A,1,0,target_right_2_raw,0.00010953576467896686,0.00018655339071135812
catboost,A,1,0,target_right_2_cleaned,-9.098895294964299e-05,6.768176947364452e-05
catboost,A,1,0,target_right_2_invalid_flag,0.0,0.0
catboost,A,1,0,target_right_2_missing_flag,-5.496719199804545e-07,4.793001309011391e-06
catboost,A,1,0,days_right_2,0.0,0.0
catboost,A,1,0,target_right_3,-6.434736140944336e-05,0.00016499123791215847
catboost,A,1,0,target_right_3_raw,9.697758008339608e-06,7.48538437675833e-05
catboost,A,1,0,target_right_3_cleaned,6.807388813493548e-05,5.4584856231588985e-05
catboost,A,1,0,target_right_3_invalid_flag,0.0,0.0
catboost,A,1,0,target_right_3_missing_flag,1.035481704526886e-06,2.1858712945937997e-07
catboost,A,1,0,days_right_3,1.1347836689053203e-05,4.647704882503045e-06
catboost,A,1,0,target_right_4,-3.115574536309562e-05,0.00014392252883847767
catboost,A,1,0,target_right_4_raw,0.00012329750570429926,8.60079787016535e-05
catboost,A,1,0,target_right_4_cleaned,0.0001449469637346268,0.0001281927928685339
catboost,A,1,0,target_right_4_invalid_flag,0.0,0.0
catboost,A,1,0,target_right_4_missing_flag,5.117602907660224e-06,2.556686372313932e-06
catboost,A,1,0,days_right_4,-8.37658663633209e-05,1.6777555794801613e-05
catboost,A,1,0,linear_interpolation,0.010682587092972762,0.002462467357139231
catboost,A,1,0,mean_neighbors,0.015014873949668647,0.004291369836015607
catboost,A,1,0,local_slope,0.0001089116763458367,0.00015136499015380028
catboost,A,1,0,local_level,0.004398260129270755,0.003014233682331384
catboost,A,1,0,local_iqr,8.608256213837873e-05,3.8119131200303746e-05
catboost,A,1,0,local_curvature,0.0011833655277013813,0.000374834551623994
catboost,A,1,0,target_count_7d,-0.0002025022073339905,7.245453965649962e-05
catboost,A,1,0,target_density_7d,-6.604900534266933e-05,8.375325971218817e-05
catboost,A,1,0,target_count_15d,-8.077877932333166e-05,2.9809772881805863e-05
catboost,A,1,0,target_density_15d,4.419848000533633e-05,2.19943078186291e-06
catboost,A,1,0,target_count_30d,0.0003036937054987643,8.609299120533598e-05
catboost,A,1,0,target_density_30d,4.495473856781784e-05,2.3612301517303425e-05
catboost,A,1,0,gap_run_length,-2.2296665855292552e-07,1.8300990599767752e-06
catboost,A,1,0,gap_run_position,-2.092608482581748e-05,9.89055553096696e-07
catboost,A,1,0,left_missing,0.0,0.0
catboost,A,1,0,right_missing,-1.4944301839764362e-06,5.083232931635262e-06
catboost,A,1,0,is_edge,4.2523271727434864e-07,1.170933443470079e-06
catboost,A,1,0,context_quality,3.8745927419196746e-05,1.583002222160096e-05
catboost,A,1,0,same_date_target_count,-0.00011320209567074885,3.484441432203417e-05
catboost,A,1,0,same_date_target_median,0.00340967992021414,0.0009891506339699957
catboost,A,1,0,same_date_target_iqr,5.818532690207712e-05,0.00011934338150941526
catboost,A,1,0,primary_ndvi_raw,0.0,0.0
catboost,A,1,0,primary_ndvi_cleaned,0.0,0.0
catboost,A,1,0,primary_ndvi_invalid_flag,0.0,0.0
catboost,A,1,0,primary_ndvi_missing_flag,0.0,0.0
catboost,A,1,0,primary_ndvi_interpolated,0.006689837950894166,0.001902954926730517
catboost,A,1,0,primary_ndvi_left,0.00022105767233014662,6.85722645920317e-05
catboost,A,1,0,primary_ndvi_right,-5.837363008862756e-05,0.0002601612817348317
catboost,A,1,0,primary_ndvi_days_since,5.091567947618225e-06,8.62605829977936e-06
catboost,A,1,0,primary_ndvi_days_until,2.7975313935280077e-05,1.4957680687308073e-05
catboost,A,1,0,primary_ndvi_context_median,0.002905680237616247,0.0017021309306486584
catboost,A,1,0,primary_ndvi_context_iqr,-4.213618319149487e-05,5.824944144750682e-05
catboost,A,1,0,primary_ndvi_context_count,4.088389941007964e-05,2.1350729007177383e-05
catboost,A,1,0,primary_ndvi_context_invalid_count,0.0,0.0
catboost,A,1,0,s2_ndvi_raw,0.0,0.0
catboost,A,1,0,s2_ndvi_cleaned,0.0,0.0
catboost,A,1,0,s2_ndvi_invalid_flag,0.0,0.0
catboost,A,1,0,s2_ndvi_missing_flag,0.0,0.0
catboost,A,1,0,s2_ndvi_interpolated,2.7810581425889713e-05,6.836250900151691e-05
catboost,A,1,0,s2_ndvi_left,-9.730556633523457e-06,3.130763080359117e-05
catboost,A,1,0,s2_ndvi_right,2.363857993478019e-05,3.7009584556581265e-05
catboost,A,1,0,s2_ndvi_days_since,6.977064959359791e-05,3.380678789244307e-06
catboost,A,1,0,s2_ndvi_days_until,0.00010899641954826428,2.162090065010308e-05
catboost,A,1,0,s2_ndvi_context_median,0.00016060649396260757,0.00012551216926959957
catboost,A,1,0,s2_ndvi_context_iqr,8.928987934180704e-05,1.8570886619044547e-05
catboost,A,1,0,s2_ndvi_context_count,3.6914658096964814e-07,3.279171397058134e-07
catboost,A,1,0,s2_ndvi_context_invalid_count,0.0,0.0
catboost,A,1,0,s2_evi_raw,0.0,0.0
catboost,A,1,0,s2_evi_cleaned,0.0,0.0
catboost,A,1,0,s2_evi_invalid_flag,0.0,0.0
catboost,A,1,0,s2_evi_missing_flag,0.0,0.0
catboost,A,1,0,s2_evi_interpolated,0.0008806923734836491,9.559727690469644e-05
catboost,A,1,0,s2_evi_left,9.169930618688205e-05,0.00012364176247321723
catboost,A,1,0,s2_evi_right,-5.732972589786445e-05,3.2976494330261286e-05
catboost,A,1,0,s2_evi_days_since,0.0,0.0
catboost,A,1,0,s2_evi_days_until,7.981929814317862e-05,2.9155690274750012e-05
catboost,A,1,0,s2_evi_context_median,2.660196714994456e-05,3.332045337234302e-05
catboost,A,1,0,s2_evi_context_iqr,2.3498477646897997e-05,4.929288686880001e-05
catboost,A,1,0,s2_evi_context_count,3.211589981240437e-05,3.6778489805600056e-06
catboost,A,1,0,s2_evi_context_invalid_count,-1.510878079374195e-05,2.4907584601080446e-07
catboost,A,1,0,s2_ndwi_raw,0.0,0.0
catboost,A,1,0,s2_ndwi_cleaned,0.0,0.0
catboost,A,1,0,s2_ndwi_invalid_flag,0.0,0.0
catboost,A,1,0,s2_ndwi_missing_flag,0.0,0.0
catboost,A,1,0,s2_ndwi_interpolated,0.0003192078335128301,5.829916703679883e-05
catboost,A,1,0,s2_ndwi_left,0.00035948572084172625,0.00016922902758108316
catboost,A,1,0,s2_ndwi_right,0.00010992422367524929,1.3770534480588015e-05
catboost,A,1,0,s2_ndwi_days_since,0.0,0.0
catboost,A,1,0,s2_ndwi_days_until,5.44513242691641e-06,6.982917625512897e-06
catboost,A,1,0,s2_ndwi_context_median,-0.00011204683983170871,0.00025829248535938487
catboost,A,1,0,s2_ndwi_context_iqr,1.0923267508899936e-05,3.156087131178653e-05
catboost,A,1,0,s2_ndwi_context_count,1.3805716180655125e-05,2.017865762420079e-06
catboost,A,1,0,s2_ndwi_context_invalid_count,0.0,0.0
catboost,A,1,0,landsat_ndvi_raw,0.0,0.0
catboost,A,1,0,landsat_ndvi_cleaned,0.0,0.0
catboost,A,1,0,landsat_ndvi_invalid_flag,0.0,0.0
catboost,A,1,0,landsat_ndvi_missing_flag,0.0,0.0
catboost,A,1,0,landsat_ndvi_interpolated,0.008129552685631862,0.0020305311934477113
catboost,A,1,0,landsat_ndvi_left,0.0001736298447600551,0.0003368258640036384
catboost,A,1,0,landsat_ndvi_right,0.0002654553581926192,0.00037513349539395474
catboost,A,1,0,landsat_ndvi_days_since,1.2963903712082114e-05,3.251581745716825e-06
catboost,A,1,0,landsat_ndvi_days_until,3.821142089880519e-05,8.797159539254695e-06
catboost,A,1,0,landsat_ndvi_context_median,0.0012372310907142886,0.0008847524294125636
catboost,A,1,0,landsat_ndvi_context_iqr,5.048419513079688e-05,2.7663558875658245e-05
catboost,A,1,0,landsat_ndvi_context_count,-8.755090197525711e-05,7.248278419346582e-05
catboost,A,1,0,landsat_ndvi_context_invalid_count,0.0,0.0
catboost,A,1,0,landsat_evi_raw,0.0,0.0
catboost,A,1,0,landsat_evi_cleaned,0.0,0.0
catboost,A,1,0,landsat_evi_invalid_flag,0.0,0.0
catboost,A,1,0,landsat_evi_missing_flag,0.0,0.0
catboost,A,1,0,landsat_evi_interpolated,0.0030753880392078714,0.0013354837850452772
catboost,A,1,0,landsat_evi_left,0.0001109136340646244,4.472518392595326e-05
catboost,A,1,0,landsat_evi_right,0.000244832925005746,1.3725980234559343e-05
catboost,A,1,0,landsat_evi_days_since,8.100386943361848e-05,1.582236300298745e-06
catboost,A,1,0,landsat_evi_days_until,4.6200757762883404e-05,6.519710534155787e-07
catboost,A,1,0,landsat_evi_context_median,0.00033427315974425553,6.584133525919245e-05
catboost,A,1,0,landsat_evi_context_iqr,-4.523753165619482e-05,9.597510936679154e-05
catboost,A,1,0,landsat_evi_context_count,-8.328525096384931e-06,1.6210975027811103e-05
catboost,A,1,0,landsat_evi_context_invalid_count,0.00020366944762802847,7.260430802136925e-05
catboost,A,1,0,landsat_ndwi_raw,0.0,0.0
catboost,A,1,0,landsat_ndwi_cleaned,0.0,0.0
catboost,A,1,0,landsat_ndwi_invalid_flag,0.0,0.0
catboost,A,1,0,landsat_ndwi_missing_flag,0.0,0.0
catboost,A,1,0,landsat_ndwi_interpolated,0.0016480309037733704,0.0003681858932447074
catboost,A,1,0,landsat_ndwi_left,0.00014188028743322006,2.5771956897450987e-05
catboost,A,1,0,landsat_ndwi_right,3.625108252860304e-05,1.1250489975890565e-05
catboost,A,1,0,landsat_ndwi_days_since,4.890841163021631e-06,1.496042605894643e-06
catboost,A,1,0,landsat_ndwi_days_until,2.5019949135923758e-05,7.172028153201726e-06
catboost,A,1,0,landsat_ndwi_context_median,0.00012450800454347905,3.993706430074212e-05
catboost,A,1,0,landsat_ndwi_context_iqr,1.8930233972917765e-05,4.447368847613348e-05
catboost,A,1,0,landsat_ndwi_context_count,-2.1877408541981502e-06,3.618110978154121e-06
catboost,A,1,0,landsat_ndwi_context_invalid_count,0.0,0.0
catboost,A,1,0,modis_ndvi_raw,0.0,0.0
catboost,A,1,0,modis_ndvi_cleaned,0.0,0.0
catboost,A,1,0,modis_ndvi_invalid_flag,0.0,0.0
catboost,A,1,0,modis_ndvi_missing_flag,0.0,0.0
catboost,A,1,0,modis_ndvi_interpolated,0.0009708746148721359,0.0007673812065187163
catboost,A,1,0,modis_ndvi_left,0.0004855261971238034,0.00013455603968141883
catboost,A,1,0,modis_ndvi_right,0.0003305501504362318,0.00032593645218968736
catboost,A,1,0,modis_ndvi_days_since,3.8051974593548976e-05,1.581465416362199e-05
catboost,A,1,0,modis_ndvi_days_until,1.8095795852351992e-05,7.295078509800268e-06
catboost,A,1,0,modis_ndvi_context_median,0.00027192654831405955,8.534861262083498e-05
catboost,A,1,0,modis_ndvi_context_iqr,3.376670383133107e-05,1.875884140901951e-05
catboost,A,1,0,modis_ndvi_context_count,0.0,0.0
catboost,A,1,0,modis_ndvi_context_invalid_count,0.0,0.0
catboost,A,1,0,modis_evi_raw,0.0,0.0
catboost,A,1,0,modis_evi_cleaned,0.0,0.0
catboost,A,1,0,modis_evi_invalid_flag,0.0,0.0
catboost,A,1,0,modis_evi_missing_flag,0.0,0.0
catboost,A,1,0,modis_evi_interpolated,0.0012292225737456156,0.0008720246971496634
catboost,A,1,0,modis_evi_left,0.0001749178173435159,5.831410785982899e-05
catboost,A,1,0,modis_evi_right,0.00027448171830343066,0.00040602587488785397
catboost,A,1,0,modis_evi_days_since,4.184149578057017e-05,4.947818602112075e-05
catboost,A,1,0,modis_evi_days_until,5.9979441317942195e-06,9.385024015970411e-06
catboost,A,1,0,modis_evi_context_median,0.0001428552234962327,5.72889906352847e-05
catboost,A,1,0,modis_evi_context_iqr,-1.044700747085403e-05,3.864174590870184e-05
catboost,A,1,0,modis_evi_context_count,0.0,0.0
catboost,A,1,0,modis_evi_context_invalid_count,0.0,0.0
catboost,A,1,0,era5_temp_c_raw,0.0,0.0
catboost,A,1,0,era5_temp_c_cleaned,0.0,0.0
catboost,A,1,0,era5_temp_c_invalid_flag,0.0,0.0
catboost,A,1,0,era5_temp_c_missing_flag,0.0,0.0
catboost,A,1,0,era5_temp_c_interpolated,3.3967398596949916e-05,2.621514491902427e-05
catboost,A,1,0,era5_temp_c_left,-9.696088137473025e-05,0.0001084455605520479
catboost,A,1,0,era5_temp_c_right,-6.176812959064748e-06,5.4137540924578675e-06
catboost,A,1,0,era5_temp_c_days_since,8.433588259380842e-06,8.300143766772072e-06
catboost,A,1,0,era5_temp_c_days_until,-5.4162872248804395e-05,2.077429528194591e-05
catboost,A,1,0,era5_temp_c_context_median,-9.12907179838815e-05,1.3483189191858258e-05
catboost,A,1,0,era5_temp_c_context_iqr,-6.655879176774987e-05,1.976581723412557e-05
catboost,A,1,0,era5_temp_c_context_count,0.0008827626419690981,0.0003916811777916057
catboost,A,1,0,era5_temp_c_context_invalid_count,0.0,0.0
catboost,A,1,0,era5_temp_c_same_date,-5.817874835178233e-05,1.6417741653881879e-06
catboost,A,1,0,era5_temp_c_same_date_count,0.0,0.0
catboost,A,1,0,era5_temp_c_reconstructed,8.851115730886677e-05,9.594674412936877e-06
catboost,A,1,0,era5_temp_c_available,0.0,0.0
catboost,A,1,0,era5_precip_mm_raw,0.0,0.0
catboost,A,1,0,era5_precip_mm_cleaned,0.0,0.0
catboost,A,1,0,era5_precip_mm_invalid_flag,0.0,0.0
catboost,A,1,0,era5_precip_mm_missing_flag,0.0,0.0
catboost,A,1,0,era5_precip_mm_interpolated,0.0001291159550450907,1.6931628582288194e-05
catboost,A,1,0,era5_precip_mm_left,6.600766019081161e-05,7.964499984626505e-05
catboost,A,1,0,era5_precip_mm_right,2.417828553959167e-05,7.546612914105522e-06
catboost,A,1,0,era5_precip_mm_days_since,0.0001683520523000498,6.485623102991944e-05
catboost,A,1,0,era5_precip_mm_days_until,-2.4896402572152643e-05,2.920686265479866e-05
catboost,A,1,0,era5_precip_mm_context_median,0.0011537586542398892,0.00038571258864193714
catboost,A,1,0,era5_precip_mm_context_iqr,0.000488657619680373,2.594159430382298e-05
catboost,A,1,0,era5_precip_mm_context_count,1.2989855261442973e-05,9.266730198582984e-06
catboost,A,1,0,era5_precip_mm_context_invalid_count,-8.378894689325955e-06,2.080852133616584e-05
catboost,A,1,0,era5_precip_mm_same_date,-1.851254205816749e-05,9.577754398498034e-05
catboost,A,1,0,era5_precip_mm_same_date_count,-5.585110990739828e-06,2.5749005270331304e-07
catboost,A,1,0,era5_precip_mm_reconstructed,-5.051551656394537e-05,7.647247447278849e-05
catboost,A,1,0,era5_precip_mm_available,-1.235888606329616e-06,2.597532900647237e-06
catboost,A,1,0,availability_s2_days_since,4.503138763162218e-05,2.0979484884137145e-05
catboost,A,1,0,availability_s2_days_until,-8.475121602707913e-07,7.973134932240389e-06
catboost,A,1,0,availability_s2_same_date_count,0.00011654286696066718,7.293006434676286e-05
catboost,A,1,0,availability_s2_count_7d,-7.250263151417635e-06,3.476001501755144e-05
catboost,A,1,0,availability_s2_count_15d,-4.344486194235442e-05,3.419904606477564e-05
catboost,A,1,0,availability_s2_count_30d,8.57482076379451e-06,3.148619807415154e-06
catboost,A,1,0,source_calendar_s2_local_count,2.8978886328627496e-05,8.255125213969816e-06
catboost,A,1,0,source_calendar_s2_same_date_count,0.0005767466781334135,0.0002044441165862526
catboost,A,1,0,source_calendar_s2_fit_count,0.0,0.0
catboost,A,1,0,availability_landsat_days_since,2.0288770149826107e-05,1.0295331079740455e-06
catboost,A,1,0,availability_landsat_days_until,7.43857997395625e-06,1.520414524114333e-06
catboost,A,1,0,availability_landsat_same_date_count,1.5868877042996e-05,1.5784663652679276e-05
catboost,A,1,0,availability_landsat_count_7d,2.993410873231017e-06,7.142376787602767e-05
catboost,A,1,0,availability_landsat_count_15d,0.00016920925843852408,0.0001117062978728961
catboost,A,1,0,availability_landsat_count_30d,-8.195452425030503e-07,5.140762682695477e-06
catboost,A,1,0,source_calendar_landsat_local_count,-0.00010569987936537295,3.0001508981900016e-05
catboost,A,1,0,source_calendar_landsat_same_date_count,4.5431206915469424e-05,2.332004948045474e-05
catboost,A,1,0,source_calendar_landsat_fit_count,0.0,0.0
catboost,A,1,0,availability_modis_days_since,0.00010089789681170386,3.1361053218569024e-05
catboost,A,1,0,availability_modis_days_until,4.671184716184551e-07,5.732475734446241e-07
catboost,A,1,0,availability_modis_same_date_count,0.002941923396797809,0.0001170644037269894
catboost,A,1,0,availability_modis_count_7d,0.00016446618373923416,1.4296884321390868e-05
catboost,A,1,0,availability_modis_count_15d,0.00021056884924332275,9.056359250914081e-06
catboost,A,1,0,availability_modis_count_30d,6.424912868828458e-05,5.684312883612319e-05
catboost,A,1,0,source_calendar_modis_local_count,2.134407673021893e-05,1.394542642948332e-05
catboost,A,1,0,source_calendar_modis_same_date_count,0.0015899144831528836,0.0003157432156798076
catboost,A,1,0,source_calendar_modis_fit_count,0.0,0.0
catboost,A,1,0,p_s2,0.0012623606980029164,0.0001148862933981129
catboost,A,1,0,p_landsat,0.00018286340924276306,3.870488534379185e-05
catboost,A,1,0,p_modis,0.0019440145501581838,0.0001936847647037096
catboost,A,1,0,p_unknown,0.0,0.0
catboost,A,1,0,source_confidence,8.876326770146381e-05,5.3247484130089506e-05
catboost,A,1,0,source_unknown_local_count,0.0,0.0
catboost,A,1,0,pchip_interpolation,0.0006123479075605259,0.000689728743248047
catboost,A,1,0,akima_interpolation,0.000462344659988026,0.0002037480194955893
catboost,A,1,0,left_days_1,2.2619444218788254e-05,8.117019276637771e-06
catboost,A,1,0,left_days_2,-7.019710475522634e-06,4.499998581528053e-06
catboost,A,1,0,left_days_3,-2.6762233943690428e-05,5.591706384235062e-06
catboost,A,1,0,left_days_4,6.014412237478894e-06,2.3860540268927366e-05
catboost,A,1,0,right_days_1,-2.1468485890144273e-05,1.2669976001078442e-05
catboost,A,1,0,right_days_2,-8.886803199159576e-07,9.200023168981497e-07
catboost,A,1,0,right_days_3,1.92879919885397e-05,9.966751226359039e-06
catboost,A,1,0,right_days_4,9.90211274837921e-06,6.478815444112274e-06
catboost,A,2,0,anon_polygon_id,5.1112596411662103e-05,4.306624181194679e-05
catboost,A,2,0,date,0.0,0.0
catboost,A,2,0,crop_type,0.00021236939751915693,0.00024411263688127807
catboost,A,2,0,year,1.0605058169296105e-05,5.21550235584381e-06
catboost,A,2,0,month,-8.655415630954774e-05,0.0001809906996731829
catboost,A,2,0,doy,0.0001496572302391655,4.921020884019606e-05
catboost,A,2,0,iso_week,0.00011667064521146339,1.6016184458376298e-05
catboost,A,2,0,sin_doy,1.1261440489896551e-05,1.796575795917285e-05
catboost,A,2,0,cos_doy,0.00013910942915648303,4.0536656804760623e-05
catboost,A,2,0,prior_polygon_crop_season_median,0.0002495632485066679,3.489489720120975e-05
catboost,A,2,0,prior_polygon_crop_season_iqr,-0.00010034914222404809,6.6925432175395094e-06
catboost,A,2,0,prior_polygon_crop_season_count,2.0939585161795088e-05,3.178246965156173e-07
catboost,A,2,0,prior_polygon_crop_median,4.193666114311878e-05,3.970133095505812e-06
catboost,A,2,0,prior_polygon_crop_iqr,7.580587666056876e-05,8.253188268616402e-05
catboost,A,2,0,prior_polygon_crop_count,9.329520778245809e-06,7.505447355872497e-07
catboost,A,2,0,prior_crop_season_median,1.6336251745956154e-05,0.00010580729025517349
catboost,A,2,0,prior_crop_season_iqr,3.701575641947008e-05,9.272665336380881e-06
catboost,A,2,0,prior_crop_season_count,2.8244791649225526e-05,9.561109627586467e-06
catboost,A,2,0,prior_crop_median,4.6037139030612184e-05,4.772681343963997e-05
catboost,A,2,0,prior_crop_iqr,9.267521676282683e-05,8.098835924025966e-06
catboost,A,2,0,prior_crop_count,4.689206752932565e-05,2.0915359082784163e-05
catboost,A,2,0,prior_global_season_median,0.0002662980331055789,3.5602611665540296e-05
catboost,A,2,0,prior_global_season_iqr,-1.0163776860257212e-05,4.713604346148065e-05
catboost,A,2,0,prior_global_season_count,-8.072723762501607e-05,5.393365116617907e-05
catboost,A,2,0,prior_polygon_crop_year_median,4.4907361866863144e-05,7.346491480823142e-06
catboost,A,2,0,prior_polygon_crop_year_iqr,-7.933089132525911e-05,8.389719934019657e-06
catboost,A,2,0,prior_polygon_crop_year_count,-0.0005553490954496136,0.0001105930352707056
catboost,A,2,0,prior_crop_year_median,0.00011682640298114541,7.308937132413998e-05
catboost,A,2,0,prior_crop_year_iqr,0.00012399559096521948,5.27370980868587e-05
catboost,A,2,0,prior_crop_year_count,1.2333700202742798e-05,2.0859344079006414e-06
catboost,A,2,0,seasonal_prior,-4.8576186099383994e-05,4.7605395369427345e-05
catboost,A,2,0,seasonal_prior_level,5.8709323786914486e-05,3.1812758044084954e-06
catboost,A,2,0,crop_seasonal_prior,3.362593683236756e-05,2.2339183410314406e-05
catboost,A,2,0,prior_global_median,0.0,0.0
catboost,A,2,0,prior_global_iqr,0.0,0.0
catboost,A,2,0,seen_polygon,6.758238139413508e-06,4.286464181380012e-07
catboost,A,2,0,crop_frequency,2.0329687359300908e-05,2.4794356138016505e-05
catboost,A,2,0,fit_target_count,0.0,0.0
catboost,A,2,0,target_left_1,0.00010168798072482735,0.00012786407437402267
catboost,A,2,0,target_left_1_raw,3.311975585995261e-05,0.00023794887643909315
catboost,A,2,0,target_left_1_cleaned,4.3543111483905494e-05,3.7263252936403646e-05
catboost,A,2,0,target_left_1_invalid_flag,0.0,0.0
catboost,A,2,0,target_left_1_missing_flag,0.0,0.0
catboost,A,2,0,days_left_1,-6.55214664082443e-06,2.3800390434959573e-05
catboost,A,2,0,target_left_2,0.00023218112719527312,2.907579725277415e-05
catboost,A,2,0,target_left_2_raw,3.03213147598326e-05,2.919340364928094e-05
catboost,A,2,0,target_left_2_cleaned,0.00016237891742863775,1.6144853926661207e-05
catboost,A,2,0,target_left_2_invalid_flag,0.0,0.0
catboost,A,2,0,target_left_2_missing_flag,0.0,0.0
catboost,A,2,0,days_left_2,1.4619040787672288e-05,3.221452520239115e-05
catboost,A,2,0,target_left_3,0.0001374786489528254,5.280859644510999e-05
catboost,A,2,0,target_left_3_raw,-1.1392186223070644e-05,3.279031356846762e-05
catboost,A,2,0,target_left_3_cleaned,-5.927681491626341e-06,4.222224010364331e-05
catboost,A,2,0,target_left_3_invalid_flag,0.0,0.0
catboost,A,2,0,target_left_3_missing_flag,0.0,0.0
catboost,A,2,0,days_left_3,5.482211525374356e-05,4.886250527065192e-05
catboost,A,2,0,target_left_4,0.00019993365656343492,4.591125311002864e-06
catboost,A,2,0,target_left_4_raw,-9.085934699368942e-06,3.017016457068991e-05
catboost,A,2,0,target_left_4_cleaned,4.7890404893051464e-05,2.0719771304529566e-05
catboost,A,2,0,target_left_4_invalid_flag,0.0,0.0
catboost,A,2,0,target_left_4_missing_flag,0.0,0.0
catboost,A,2,0,days_left_4,7.127861854720405e-05,3.371195498968679e-05
catboost,A,2,0,target_right_1,-0.00018905705899134248,4.123394696821034e-05
catboost,A,2,0,target_right_1_raw,9.937376710231205e-05,6.296709185879545e-05
catboost,A,2,0,target_right_1_cleaned,0.00013448869138081576,7.394659184287167e-05
catboost,A,2,0,target_right_1_invalid_flag,0.0,0.0
catboost,A,2,0,target_right_1_missing_flag,0.0,0.0
catboost,A,2,0,days_right_1,4.462384643899586e-05,2.1745889476960933e-05
catboost,A,2,0,target_right_2,-1.4070855811378069e-05,8.322356643265805e-05
catboost,A,2,0,target_right_2_raw,0.00011316203269438885,2.902913638466731e-05
catboost,A,2,0,target_right_2_cleaned,-1.4837835130867422e-05,8.453807788139436e-05
catboost,A,2,0,target_right_2_invalid_flag,0.0,0.0
catboost,A,2,0,target_right_2_missing_flag,0.0,0.0
catboost,A,2,0,days_right_2,-1.4787303112932804e-05,2.3260321093981906e-05
catboost,A,2,0,target_right_3,-9.7149665671932e-05,1.97424957327913e-05
catboost,A,2,0,target_right_3_raw,-2.211401750338779e-05,8.3108289921318e-05
catboost,A,2,0,target_right_3_cleaned,5.247730478575782e-05,1.265277161503417e-05
catboost,A,2,0,target_right_3_invalid_flag,0.0,0.0
catboost,A,2,0,target_right_3_missing_flag,-2.8171165345133864e-06,1.5699622652465273e-06
catboost,A,2,0,days_right_3,2.0492096811444704e-06,2.8593490546471867e-06
catboost,A,2,0,target_right_4,4.0666296784064304e-05,2.559049870985708e-05
catboost,A,2,0,target_right_4_raw,6.829537747972056e-05,3.328992739457318e-05
catboost,A,2,0,target_right_4_cleaned,9.267979451372046e-05,1.9811702877483434e-05
catboost,A,2,0,target_right_4_invalid_flag,0.0,0.0
catboost,A,2,0,target_right_4_missing_flag,-3.4123392160870236e-07,3.3299678986811743e-07
catboost,A,2,0,days_right_4,0.00010096802532264318,4.312801787201975e-06
catboost,A,2,0,linear_interpolation,0.013523115251390154,7.491404415155972e-05
catboost,A,2,0,mean_neighbors,0.0013782840672962593,0.00021871594188259402
catboost,A,2,0,local_slope,-0.0001753431380902247,4.199924309607889e-06
catboost,A,2,0,local_level,0.004875907261378792,0.0006425646807482199
catboost,A,2,0,local_iqr,6.282226555364562e-06,8.195088475579024e-05
catboost,A,2,0,local_curvature,0.000564447551198298,0.0004116648708008888
catboost,A,2,0,target_count_7d,-1.149550939060634e-05,4.759783353639607e-05
catboost,A,2,0,target_density_7d,1.622352458478804e-05,4.589159459653103e-06
catboost,A,2,0,target_count_15d,-1.1838307819526939e-05,2.121541747647504e-05
catboost,A,2,0,target_density_15d,8.837198636636734e-05,1.2571212852072189e-05
catboost,A,2,0,target_count_30d,1.4628444955512576e-05,3.417811709125612e-05
catboost,A,2,0,target_density_30d,4.579686242039277e-05,7.972313322709979e-06
catboost,A,2,0,gap_run_length,2.0489267833108393e-05,6.31534120051902e-06
catboost,A,2,0,gap_run_position,9.865973709818898e-06,8.776461437279282e-06
catboost,A,2,0,left_missing,0.0,0.0
catboost,A,2,0,right_missing,0.0,0.0
catboost,A,2,0,is_edge,0.0,0.0
catboost,A,2,0,context_quality,1.3571343403052938e-05,1.1702014176745434e-05
catboost,A,2,0,same_date_target_count,0.0001228324808191239,7.732250752759406e-05
catboost,A,2,0,same_date_target_median,0.001806549594964707,0.000894869415795238
catboost,A,2,0,same_date_target_iqr,7.681157782517614e-05,1.7210675137342007e-05
catboost,A,2,0,primary_ndvi_raw,0.0,0.0
catboost,A,2,0,primary_ndvi_cleaned,0.0,0.0
catboost,A,2,0,primary_ndvi_invalid_flag,0.0,0.0
catboost,A,2,0,primary_ndvi_missing_flag,0.0,0.0
catboost,A,2,0,primary_ndvi_interpolated,0.017427709943530066,6.557486054980383e-05
catboost,A,2,0,primary_ndvi_left,-6.751592954542043e-05,0.00014218163618611931
catboost,A,2,0,primary_ndvi_right,-0.00018796914592802277,9.642385820046728e-06
catboost,A,2,0,primary_ndvi_days_since,3.111873654354849e-05,2.1119867366411332e-05
catboost,A,2,0,primary_ndvi_days_until,4.475956472780457e-05,2.3663864077330676e-05
catboost,A,2,0,primary_ndvi_context_median,0.008918158120710146,0.00031552642357712823
catboost,A,2,0,primary_ndvi_context_iqr,-0.00018212174795205135,9.194923240636935e-05
catboost,A,2,0,primary_ndvi_context_count,-2.6852901698161402e-05,8.322048062989196e-06
catboost,A,2,0,primary_ndvi_context_invalid_count,0.0,0.0
catboost,A,2,0,s2_ndvi_raw,0.0,0.0
catboost,A,2,0,s2_ndvi_cleaned,0.0,0.0
catboost,A,2,0,s2_ndvi_invalid_flag,0.0,0.0
catboost,A,2,0,s2_ndvi_missing_flag,0.0,0.0
catboost,A,2,0,s2_ndvi_interpolated,0.00020622662359772587,4.093853576466605e-05
catboost,A,2,0,s2_ndvi_left,-0.00011797910888285135,0.00023489818783578587
catboost,A,2,0,s2_ndvi_right,7.889507360133233e-05,1.0170815194127797e-05
catboost,A,2,0,s2_ndvi_days_since,-2.8336666675177202e-05,4.12621454401324e-05
catboost,A,2,0,s2_ndvi_days_until,3.858862738104901e-05,2.422949623392262e-05
catboost,A,2,0,s2_ndvi_context_median,0.00021155531774359748,4.404963378595861e-05
catboost,A,2,0,s2_ndvi_context_iqr,-7.397089160227077e-05,1.5002371287181626e-05
catboost,A,2,0,s2_ndvi_context_count,-2.5236946138498806e-06,1.0541396787570878e-05
catboost,A,2,0,s2_ndvi_context_invalid_count,0.0,0.0
catboost,A,2,0,s2_evi_raw,0.0,0.0
catboost,A,2,0,s2_evi_cleaned,0.0,0.0
catboost,A,2,0,s2_evi_invalid_flag,0.0,0.0
catboost,A,2,0,s2_evi_missing_flag,0.0,0.0
catboost,A,2,0,s2_evi_interpolated,5.439122997714582e-05,0.00015167477130506937
catboost,A,2,0,s2_evi_left,0.00011080578370696939,0.00018070802724879861
catboost,A,2,0,s2_evi_right,9.252988709307006e-05,2.530246294217206e-05
catboost,A,2,0,s2_evi_days_since,-7.515974241487783e-05,3.846695447611015e-06
catboost,A,2,0,s2_evi_days_until,2.1193883861500562e-05,2.44842355758626e-05
catboost,A,2,0,s2_evi_context_median,0.0001492803120563789,3.106953752983824e-05
catboost,A,2,0,s2_evi_context_iqr,-0.00011575218980326013,2.1886974353096944e-05
catboost,A,2,0,s2_evi_context_count,1.5818894628649716e-06,1.4644964466632715e-05
catboost,A,2,0,s2_evi_context_invalid_count,-0.00010677354312079237,1.942889372439152e-05
catboost,A,2,0,s2_ndwi_raw,0.0,0.0
catboost,A,2,0,s2_ndwi_cleaned,0.0,0.0
catboost,A,2,0,s2_ndwi_invalid_flag,0.0,0.0
catboost,A,2,0,s2_ndwi_missing_flag,0.0,0.0
catboost,A,2,0,s2_ndwi_interpolated,0.0001636176119618922,7.445498941762926e-05
catboost,A,2,0,s2_ndwi_left,-9.977520858641883e-05,4.927852064574509e-05
catboost,A,2,0,s2_ndwi_right,2.3566103663417298e-05,5.514479436707215e-06
catboost,A,2,0,s2_ndwi_days_since,2.2803938900667342e-05,4.425739603387824e-06
catboost,A,2,0,s2_ndwi_days_until,-2.676963903207319e-06,1.6821787856072246e-06
catboost,A,2,0,s2_ndwi_context_median,0.00010117705613392827,1.7298930785742545e-05
catboost,A,2,0,s2_ndwi_context_iqr,-2.65791003978208e-05,6.906007899688815e-06
catboost,A,2,0,s2_ndwi_context_count,-8.596981260905467e-08,1.4484057307015408e-05
catboost,A,2,0,s2_ndwi_context_invalid_count,0.0,0.0
catboost,A,2,0,landsat_ndvi_raw,0.0,0.0
catboost,A,2,0,landsat_ndvi_cleaned,0.0,0.0
catboost,A,2,0,landsat_ndvi_invalid_flag,0.0,0.0
catboost,A,2,0,landsat_ndvi_missing_flag,0.0,0.0
catboost,A,2,0,landsat_ndvi_interpolated,0.021209556077828186,0.0008708360941578411
catboost,A,2,0,landsat_ndvi_left,0.0002892656172256147,0.00010207444308844849
catboost,A,2,0,landsat_ndvi_right,0.0001258907766295593,0.00019057893745757712
catboost,A,2,0,landsat_ndvi_days_since,0.00011043563317683636,5.5151118272422917e-05
catboost,A,2,0,landsat_ndvi_days_until,1.8093509886601966e-05,0.00011128486090900003
catboost,A,2,0,landsat_ndvi_context_median,0.0008223081184353387,0.00020831078328750752
catboost,A,2,0,landsat_ndvi_context_iqr,4.746889183806016e-05,1.6073067809974778e-05
catboost,A,2,0,landsat_ndvi_context_count,-0.00012526221396269924,2.802342674116179e-05
catboost,A,2,0,landsat_ndvi_context_invalid_count,0.0,0.0
catboost,A,2,0,landsat_evi_raw,0.0,0.0
catboost,A,2,0,landsat_evi_cleaned,0.0,0.0
catboost,A,2,0,landsat_evi_invalid_flag,0.0,0.0
catboost,A,2,0,landsat_evi_missing_flag,0.0,0.0
catboost,A,2,0,landsat_evi_interpolated,0.0020923892101887484,0.0007989978832618275
catboost,A,2,0,landsat_evi_left,-6.589488078803662e-05,3.812208531045469e-06
catboost,A,2,0,landsat_evi_right,3.5878009618184326e-05,4.709705419052995e-05
catboost,A,2,0,landsat_evi_days_since,7.098063592370779e-05,1.6821369932085162e-05
catboost,A,2,0,landsat_evi_days_until,-9.26930034984147e-06,9.151988657536692e-06
catboost,A,2,0,landsat_evi_context_median,-0.0003223949513646712,0.00012342040803759585
catboost,A,2,0,landsat_evi_context_iqr,-4.3608028708216895e-05,0.0001296358382206278
catboost,A,2,0,landsat_evi_context_count,-0.00029210636314242616,8.108004492611565e-05
catboost,A,2,0,landsat_evi_context_invalid_count,0.0,0.0
catboost,A,2,0,landsat_ndwi_raw,0.0,0.0
catboost,A,2,0,landsat_ndwi_cleaned,0.0,0.0
catboost,A,2,0,landsat_ndwi_invalid_flag,0.0,0.0
catboost,A,2,0,landsat_ndwi_missing_flag,0.0,0.0
catboost,A,2,0,landsat_ndwi_interpolated,0.001098728037610408,0.00040244209583914503
catboost,A,2,0,landsat_ndwi_left,7.94774563171452e-05,7.306467885064005e-05
catboost,A,2,0,landsat_ndwi_right,6.121747381604772e-05,3.0014993935557205e-05
catboost,A,2,0,landsat_ndwi_days_since,0.00016912171234892415,5.365753329489298e-06
catboost,A,2,0,landsat_ndwi_days_until,-1.357093797347414e-05,1.4730285733122184e-06
catboost,A,2,0,landsat_ndwi_context_median,0.0001881870361019819,5.294360309939655e-05
catboost,A,2,0,landsat_ndwi_context_iqr,4.768910479052008e-06,3.584239219798016e-05
catboost,A,2,0,landsat_ndwi_context_count,-8.479397786253715e-05,1.9534740163664605e-05
catboost,A,2,0,landsat_ndwi_context_invalid_count,0.0,0.0
catboost,A,2,0,modis_ndvi_raw,0.0,0.0
catboost,A,2,0,modis_ndvi_cleaned,0.0,0.0
catboost,A,2,0,modis_ndvi_invalid_flag,0.0,0.0
catboost,A,2,0,modis_ndvi_missing_flag,0.0,0.0
catboost,A,2,0,modis_ndvi_interpolated,0.0006280919054882997,0.0004469333174712195
catboost,A,2,0,modis_ndvi_left,0.0004812193159828629,9.714192538847616e-05
catboost,A,2,0,modis_ndvi_right,3.632316316732123e-05,0.0001393481811273571
catboost,A,2,0,modis_ndvi_days_since,7.892530553207933e-06,5.0698671894784664e-05
catboost,A,2,0,modis_ndvi_days_until,-0.00018289575661084231,3.178211338826162e-05
catboost,A,2,0,modis_ndvi_context_median,-0.00012146033116496383,0.00020657815142239785
catboost,A,2,0,modis_ndvi_context_iqr,0.00018129085291134633,7.402083457856007e-05
catboost,A,2,0,modis_ndvi_context_count,2.7960650242020435e-05,2.134366294157669e-05
catboost,A,2,0,modis_ndvi_context_invalid_count,0.0,0.0
catboost,A,2,0,modis_evi_raw,0.0,0.0
catboost,A,2,0,modis_evi_cleaned,0.0,0.0
catboost,A,2,0,modis_evi_invalid_flag,0.0,0.0
catboost,A,2,0,modis_evi_missing_flag,0.0,0.0
catboost,A,2,0,modis_evi_interpolated,0.00064189436089198,0.0004256934707900853
catboost,A,2,0,modis_evi_left,0.00012417484221042413,6.386772798754742e-05
catboost,A,2,0,modis_evi_right,0.00019844790019535666,0.00015793124640267261
catboost,A,2,0,modis_evi_days_since,-3.6776622347932386e-05,3.124448491752252e-05
catboost,A,2,0,modis_evi_days_until,-1.4810097350877877e-05,1.951342467925582e-06
catboost,A,2,0,modis_evi_context_median,4.155090709591358e-07,0.00015395607511961215
catboost,A,2,0,modis_evi_context_iqr,3.0697684426053695e-05,3.9435240419966044e-06
catboost,A,2,0,modis_evi_context_count,3.6606174272507674e-05,7.458066002906383e-06
catboost,A,2,0,modis_evi_context_invalid_count,0.0,0.0
catboost,A,2,0,era5_temp_c_raw,0.0,0.0
catboost,A,2,0,era5_temp_c_cleaned,0.0,0.0
catboost,A,2,0,era5_temp_c_invalid_flag,0.0,0.0
catboost,A,2,0,era5_temp_c_missing_flag,0.0,0.0
catboost,A,2,0,era5_temp_c_interpolated,-1.736791394789383e-05,1.2114721681652507e-05
catboost,A,2,0,era5_temp_c_left,-0.0001077612990790476,6.210017673087889e-05
catboost,A,2,0,era5_temp_c_right,2.192415616559737e-05,5.5599502492946484e-06
catboost,A,2,0,era5_temp_c_days_since,0.00023667977728319273,7.997596582574179e-05
catboost,A,2,0,era5_temp_c_days_until,0.0,0.0
catboost,A,2,0,era5_temp_c_context_median,3.8168051764632394e-05,1.90085891042871e-05
catboost,A,2,0,era5_temp_c_context_iqr,0.00013229455808081228,2.2061812279063758e-05
catboost,A,2,0,era5_temp_c_context_count,3.810262850930876e-05,1.269303738659841e-05
catboost,A,2,0,era5_temp_c_context_invalid_count,0.0,0.0
catboost,A,2,0,era5_temp_c_same_date,-2.667753546379409e-06,0.00010161918372197584
catboost,A,2,0,era5_temp_c_same_date_count,0.0,0.0
catboost,A,2,0,era5_temp_c_reconstructed,-9.362255362847793e-06,1.9180927776377144e-05
catboost,A,2,0,era5_temp_c_available,0.0,0.0
catboost,A,2,0,era5_precip_mm_raw,0.0,0.0
catboost,A,2,0,era5_precip_mm_cleaned,0.0,0.0
catboost,A,2,0,era5_precip_mm_invalid_flag,0.0,0.0
catboost,A,2,0,era5_precip_mm_missing_flag,0.0,0.0
catboost,A,2,0,era5_precip_mm_interpolated,3.8293436522500446e-05,2.3323283005735607e-05
catboost,A,2,0,era5_precip_mm_left,-1.9632791886679823e-05,9.295440385678755e-06
catboost,A,2,0,era5_precip_mm_right,-0.00027085838430211326,7.11124024083444e-05
catboost,A,2,0,era5_precip_mm_days_since,7.063065109850358e-05,8.845769526817648e-06
catboost,A,2,0,era5_precip_mm_days_until,8.345722735318348e-05,2.3132322400813005e-05
catboost,A,2,0,era5_precip_mm_context_median,0.00010764836289563207,1.4626773639503377e-05
catboost,A,2,0,era5_precip_mm_context_iqr,0.00011329221131653466,5.0181506156446454e-05
catboost,A,2,0,era5_precip_mm_context_count,-3.10244080436034e-05,7.371279988246937e-06
catboost,A,2,0,era5_precip_mm_context_invalid_count,8.913563246882444e-06,8.275063462827303e-07
catboost,A,2,0,era5_precip_mm_same_date,0.0005840997989189703,0.00018049071808638045
catboost,A,2,0,era5_precip_mm_same_date_count,2.2523780924994796e-06,7.956531711296455e-07
catboost,A,2,0,era5_precip_mm_reconstructed,0.0004234556216639873,5.855446066209413e-05
catboost,A,2,0,era5_precip_mm_available,0.0,0.0
catboost,A,2,0,availability_s2_days_since,-2.8605956695456486e-05,4.291352364030679e-05
catboost,A,2,0,availability_s2_days_until,1.0625414517413667e-05,8.961629529985471e-06
catboost,A,2,0,availability_s2_same_date_count,0.0003153451786706632,9.021736741470637e-05
catboost,A,2,0,availability_s2_count_7d,-1.1585428030098932e-05,1.8484246249207692e-05
catboost,A,2,0,availability_s2_count_15d,6.678097666197591e-06,7.160120875975007e-06
catboost,A,2,0,availability_s2_count_30d,-1.3230734817393924e-05,8.446533440498866e-06
catboost,A,2,0,source_calendar_s2_local_count,0.0,0.0
catboost,A,2,0,source_calendar_s2_same_date_count,0.00047685337479700524,0.00023394467574575778
catboost,A,2,0,source_calendar_s2_fit_count,0.0,0.0
catboost,A,2,0,availability_landsat_days_since,0.00020635046418899378,3.2033262584711675e-05
catboost,A,2,0,availability_landsat_days_until,5.7664981556113104e-05,3.851965118817358e-06
catboost,A,2,0,availability_landsat_same_date_count,0.00015887051686829662,9.661034862419593e-06
catboost,A,2,0,availability_landsat_count_7d,6.061753781048604e-05,1.7026240897544814e-05
catboost,A,2,0,availability_landsat_count_15d,-1.9495649090373046e-05,3.806075701781597e-05
catboost,A,2,0,availability_landsat_count_30d,-6.707827299477775e-05,3.3286545486829744e-06
catboost,A,2,0,source_calendar_landsat_local_count,1.973210432857503e-06,1.0635764493196337e-05
catboost,A,2,0,source_calendar_landsat_same_date_count,0.0008602146405674235,0.00016344444072561443
catboost,A,2,0,source_calendar_landsat_fit_count,0.0,0.0
catboost,A,2,0,availability_modis_days_since,-4.214447886169426e-05,0.00011145269482996933
catboost,A,2,0,availability_modis_days_until,-0.00013693763594398514,3.208578161519385e-05
catboost,A,2,0,availability_modis_same_date_count,0.003395778721311568,4.3022468965703276e-05
catboost,A,2,0,availability_modis_count_7d,-4.2101798049993394e-05,2.9455328177153267e-05
catboost,A,2,0,availability_modis_count_15d,0.00016559695347768272,1.0624710809460647e-05
catboost,A,2,0,availability_modis_count_30d,2.7133245703220288e-05,2.6902969564097934e-05
catboost,A,2,0,source_calendar_modis_local_count,0.00010874653396615239,2.3824197123201857e-05
catboost,A,2,0,source_calendar_modis_same_date_count,0.0022729773918876567,0.00018917481384808643
catboost,A,2,0,source_calendar_modis_fit_count,0.0,0.0
catboost,A,2,0,p_s2,0.0016485461313775276,0.00045568448774844367
catboost,A,2,0,p_landsat,0.00040672695730492245,0.00029496913367756464
catboost,A,2,0,p_modis,0.0033294874094991905,0.0001628094162709065
catboost,A,2,0,p_unknown,0.0,0.0
catboost,A,2,0,source_confidence,-6.401657735604846e-05,2.9716526958562667e-05
catboost,A,2,0,source_unknown_local_count,0.0,0.0
catboost,A,2,0,pchip_interpolation,0.0016571072186716204,0.0002782839630348574
catboost,A,2,0,akima_interpolation,0.00035703255732000283,0.00012081739894011234
catboost,A,2,0,left_days_1,-2.839667095914239e-05,8.826422237533105e-06
catboost,A,2,0,left_days_2,-0.00010027794877639704,1.1982624872886732e-05
catboost,A,2,0,left_days_3,-0.00019299812046812137,3.98140710832634e-06
catboost,A,2,0,left_days_4,-1.904148345160256e-05,1.8123205118882046e-05
catboost,A,2,0,right_days_1,-8.602648059536505e-06,6.755268696274214e-06
catboost,A,2,0,right_days_2,-2.867125074881155e-06,3.050714827971049e-05
catboost,A,2,0,right_days_3,3.7297744721730836e-05,5.978971509969927e-06
catboost,A,2,0,right_days_4,-1.1671873814060596e-05,2.9752939945094925e-05
catboost,A,3,0,anon_polygon_id,1.3976590334204009e-05,7.158411395449121e-05
catboost,A,3,0,date,0.0,0.0
catboost,A,3,0,crop_type,-1.9637054085204497e-05,0.00010745757342512513
catboost,A,3,0,year,-1.7771554495206454e-05,2.802347130995836e-05
catboost,A,3,0,month,-0.0001646614110245373,9.634452505710017e-05
catboost,A,3,0,doy,-1.420301391105716e-05,3.6558485753027115e-05
catboost,A,3,0,iso_week,5.013404088900775e-05,3.080866739600674e-05
catboost,A,3,0,sin_doy,-4.0364501085514426e-05,2.8995444210193344e-05
catboost,A,3,0,cos_doy,3.695188061958454e-05,5.5265116324351715e-05
catboost,A,3,0,prior_polygon_crop_season_median,-6.480529758060016e-05,4.263855391629934e-05
catboost,A,3,0,prior_polygon_crop_season_iqr,-2.6931407088967574e-05,4.169338005483025e-06
catboost,A,3,0,prior_polygon_crop_season_count,8.93153016339604e-06,2.013412906627654e-06
catboost,A,3,0,prior_polygon_crop_median,1.974205244416327e-05,7.873062651431173e-06
catboost,A,3,0,prior_polygon_crop_iqr,1.4511110387679937e-05,6.755883558140496e-07
catboost,A,3,0,prior_polygon_crop_count,0.0,0.0
catboost,A,3,0,prior_crop_season_median,-0.00018676953407534974,4.118936135520668e-06
catboost,A,3,0,prior_crop_season_iqr,-0.0001034626039357403,2.8613984087780264e-06
catboost,A,3,0,prior_crop_season_count,7.5740124527858e-05,5.760888902100331e-05
catboost,A,3,0,prior_crop_median,-3.5496283344753354e-05,1.0561412642426382e-06
catboost,A,3,0,prior_crop_iqr,1.3397165836481761e-05,6.487702831334263e-05
catboost,A,3,0,prior_crop_count,-0.0001041494986743427,4.098466529268291e-05
catboost,A,3,0,prior_global_season_median,-6.109957573729313e-05,3.2681037373596955e-06
catboost,A,3,0,prior_global_season_iqr,0.00015441545749109165,5.131214724528321e-05
catboost,A,3,0,prior_global_season_count,-6.750381955494822e-07,2.7933550907216498e-06
catboost,A,3,0,prior_polygon_crop_year_median,7.119520023808612e-06,5.4806132555665354e-06
catboost,A,3,0,prior_polygon_crop_year_iqr,3.777997982033765e-05,3.013467387714963e-05
catboost,A,3,0,prior_polygon_crop_year_count,1.244604307543834e-05,3.8116921737343934e-06
catboost,A,3,0,prior_crop_year_median,-2.996732902744298e-05,9.879675504966684e-05
catboost,A,3,0,prior_crop_year_iqr,5.5055437246813443e-05,5.0185785977437114e-05
catboost,A,3,0,prior_crop_year_count,9.630639553503961e-06,3.5927849331041095e-05
catboost,A,3,0,seasonal_prior,-0.00025872853288701203,2.070492389789902e-05
catboost,A,3,0,seasonal_prior_level,7.925217382284688e-07,1.5207499632650945e-05
catboost,A,3,0,crop_seasonal_prior,-0.00020207303072031224,1.1214296722045214e-05
catboost,A,3,0,prior_global_median,0.0,0.0
catboost,A,3,0,prior_global_iqr,0.0,0.0
catboost,A,3,0,seen_polygon,0.0,0.0
catboost,A,3,0,crop_frequency,-6.659041998847981e-06,6.955213531258109e-06
catboost,A,3,0,fit_target_count,0.0,0.0
catboost,A,3,0,target_left_1,0.00020798233097849006,1.955479124628179e-05
catboost,A,3,0,target_left_1_raw,-6.992794523879436e-05,9.816079327067823e-05
catboost,A,3,0,target_left_1_cleaned,1.3548649382723321e-05,3.626697178330668e-05
catboost,A,3,0,target_left_1_invalid_flag,0.0,0.0
catboost,A,3,0,target_left_1_missing_flag,0.0,0.0
catboost,A,3,0,days_left_1,-6.308127584710166e-06,1.808702254928879e-05
catboost,A,3,0,target_left_2,0.0003034553081282948,8.749954716955055e-05
catboost,A,3,0,target_left_2_raw,0.00024335803459689387,6.553881340626289e-05
catboost,A,3,0,target_left_2_cleaned,0.0001492634003608384,0.00017096432410673712
catboost,A,3,0,target_left_2_invalid_flag,0.0,0.0
catboost,A,3,0,target_left_2_missing_flag,0.0,0.0
catboost,A,3,0,days_left_2,-4.320819423133532e-05,1.8930275316429712e-05
catboost,A,3,0,target_left_3,5.1763803706313116e-05,4.59798566090977e-05
catboost,A,3,0,target_left_3_raw,0.00011273913903128013,1.1689328539392363e-05
catboost,A,3,0,target_left_3_cleaned,1.034004680669498e-05,3.772518564791605e-05
catboost,A,3,0,target_left_3_invalid_flag,0.0,0.0
catboost,A,3,0,target_left_3_missing_flag,-4.087638168233376e-06,4.480801832761061e-06
catboost,A,3,0,days_left_3,1.659620647160437e-05,2.0480239924028365e-06
catboost,A,3,0,target_left_4,0.00026999412666265515,0.00019500902390404834
catboost,A,3,0,target_left_4_raw,0.00022461903406829908,1.2962092138468773e-05
catboost,A,3,0,target_left_4_cleaned,0.00043798829115927057,9.60110467399175e-05
catboost,A,3,0,target_left_4_invalid_flag,0.0,0.0
catboost,A,3,0,target_left_4_missing_flag,1.3099942234931494e-06,9.011021733992819e-07
catboost,A,3,0,days_left_4,-1.9860700953298893e-05,1.2604909248654927e-05
catboost,A,3,0,target_right_1,0.00014438767435803745,2.8355627455095567e-05
catboost,A,3,0,target_right_1_raw,4.7041271269247786e-05,2.334778939881016e-05
catboost,A,3,0,target_right_1_cleaned,-2.4722324589249167e-05,2.2591204891453387e-05
catboost,A,3,0,target_right_1_invalid_flag,0.0,0.0
catboost,A,3,0,target_right_1_missing_flag,0.0,0.0
catboost,A,3,0,days_right_1,8.548001867371424e-06,2.0143740791213338e-05
catboost,A,3,0,target_right_2,1.9572243591767235e-05,9.845632175188579e-05
catboost,A,3,0,target_right_2_raw,3.377599894089506e-05,3.6078123468653855e-05
catboost,A,3,0,target_right_2_cleaned,-3.5007833220315754e-05,3.2852530806037894e-06
catboost,A,3,0,target_right_2_invalid_flag,0.0,0.0
catboost,A,3,0,target_right_2_missing_flag,1.322912455969938e-07,4.729342775733336e-08
catboost,A,3,0,days_right_2,1.1296778966669863e-05,3.2829878538614965e-07
catboost,A,3,0,target_right_3,0.00021186017297897264,9.860737429687183e-06
catboost,A,3,0,target_right_3_raw,-1.5069292601789519e-05,1.2718350170352888e-05
catboost,A,3,0,target_right_3_cleaned,-2.4811034410140986e-05,1.889242644768918e-05
catboost,A,3,0,target_right_3_invalid_flag,0.0,0.0
catboost,A,3,0,target_right_3_missing_flag,-2.3103125658258117e-06,1.6849857968626036e-06
catboost,A,3,0,days_right_3,2.0974705598773846e-05,2.6023872873107146e-06
catboost,A,3,0,target_right_4,-0.0001060462499610712,2.1819695653783888e-05
catboost,A,3,0,target_right_4_raw,3.202030058437749e-05,4.500917795469822e-05
catboost,A,3,0,target_right_4_cleaned,-5.127380095334283e-05,2.07725635102754e-05
catboost,A,3,0,target_right_4_invalid_flag,0.0,0.0
catboost,A,3,0,target_right_4_missing_flag,0.0,0.0
catboost,A,3,0,days_right_4,1.1578282776182613e-05,6.601260278051024e-06
catboost,A,3,0,linear_interpolation,0.0020635743246279967,0.0005225471647698141
catboost,A,3,0,mean_neighbors,0.0048361678515217235,0.000800238021734602
catboost,A,3,0,local_slope,0.0002778941496507925,5.670595807351353e-05
catboost,A,3,0,local_level,0.013015581426313608,0.0015634774746599994
catboost,A,3,0,local_iqr,0.00014174183484921832,3.0972438373286226e-05
catboost,A,3,0,local_curvature,0.0004553834458750003,5.559621751766858e-05
catboost,A,3,0,target_count_7d,-4.255909763513366e-05,2.0094683251328793e-05
catboost,A,3,0,target_density_7d,-9.485680126837537e-05,1.9050956062693913e-07
catboost,A,3,0,target_count_15d,-6.444969897877878e-05,3.5909829082129974e-05
catboost,A,3,0,target_density_15d,3.862752413978654e-06,2.153777611777624e-05
catboost,A,3,0,target_count_30d,4.046712240808603e-06,4.953374779452513e-06
catboost,A,3,0,target_density_30d,-2.9082170072400326e-05,2.191472957804863e-05
catboost,A,3,0,gap_run_length,-2.9602707995554645e-05,2.4406042631319735e-08
catboost,A,3,0,gap_run_position,7.764928021958273e-06,1.1587070118390663e-06
catboost,A,3,0,left_missing,0.0,0.0
catboost,A,3,0,right_missing,0.0,0.0
catboost,A,3,0,is_edge,0.0,0.0
catboost,A,3,0,context_quality,-7.503691646891519e-06,4.98000550967076e-06
catboost,A,3,0,same_date_target_count,-0.0002165211919640045,5.129281576832928e-05
catboost,A,3,0,same_date_target_median,0.0015482019580267473,0.0003082861067402673
catboost,A,3,0,same_date_target_iqr,0.00020819136952057726,9.673017497673075e-05
catboost,A,3,0,primary_ndvi_raw,0.0,0.0
catboost,A,3,0,primary_ndvi_cleaned,0.0,0.0
catboost,A,3,0,primary_ndvi_invalid_flag,0.0,0.0
catboost,A,3,0,primary_ndvi_missing_flag,0.0,0.0
catboost,A,3,0,primary_ndvi_interpolated,0.002900399570851503,0.00035421600341248305
catboost,A,3,0,primary_ndvi_left,0.00028960864675692255,4.116969533660142e-05
catboost,A,3,0,primary_ndvi_right,0.00017875107280355962,3.5109559607379714e-05
catboost,A,3,0,primary_ndvi_days_since,-7.843222817438544e-06,1.1412262973936604e-06
catboost,A,3,0,primary_ndvi_days_until,-5.159892471656713e-06,5.2226277779704455e-05
catboost,A,3,0,primary_ndvi_context_median,0.005974344949729482,0.000974080445229647
catboost,A,3,0,primary_ndvi_context_iqr,3.416462312900298e-05,8.167932193443861e-06
catboost,A,3,0,primary_ndvi_context_count,3.405600288840238e-05,3.2598049253970696e-05
catboost,A,3,0,primary_ndvi_context_invalid_count,0.0,0.0
catboost,A,3,0,s2_ndvi_raw,0.0,0.0
catboost,A,3,0,s2_ndvi_cleaned,0.0,0.0
catboost,A,3,0,s2_ndvi_invalid_flag,0.0,0.0
catboost,A,3,0,s2_ndvi_missing_flag,0.0,0.0
catboost,A,3,0,s2_ndvi_interpolated,0.0001661476090358202,3.176252082067593e-05
catboost,A,3,0,s2_ndvi_left,0.00010025323853182083,0.0001087495225520832
catboost,A,3,0,s2_ndvi_right,2.8138442401084984e-05,6.488553350121606e-05
catboost,A,3,0,s2_ndvi_days_since,-4.041369761698804e-05,1.3592056826376708e-05
catboost,A,3,0,s2_ndvi_days_until,-8.251820000364923e-05,5.943432396248588e-05
catboost,A,3,0,s2_ndvi_context_median,7.786770130626536e-05,6.21623530997692e-05
catboost,A,3,0,s2_ndvi_context_iqr,2.55276519229089e-05,1.1150931732560598e-05
catboost,A,3,0,s2_ndvi_context_count,0.0,0.0
catboost,A,3,0,s2_ndvi_context_invalid_count,0.0,0.0
catboost,A,3,0,s2_evi_raw,0.0,0.0
catboost,A,3,0,s2_evi_cleaned,0.0,0.0
catboost,A,3,0,s2_evi_invalid_flag,0.0,0.0
catboost,A,3,0,s2_evi_missing_flag,0.0,0.0
catboost,A,3,0,s2_evi_interpolated,1.341065859810503e-05,3.765938582878797e-05
catboost,A,3,0,s2_evi_left,-4.88152888582713e-05,0.00010768496404219702
catboost,A,3,0,s2_evi_right,0.00011800152131800218,2.634109642819099e-05
catboost,A,3,0,s2_evi_days_since,-7.632809361571291e-07,3.1909162809193314e-06
catboost,A,3,0,s2_evi_days_until,-0.00010952889842899549,3.072885137053727e-06
catboost,A,3,0,s2_evi_context_median,6.69196155133403e-05,4.9911116252458754e-05
catboost,A,3,0,s2_evi_context_iqr,6.442817551138152e-05,4.0097013171584706e-05
catboost,A,3,0,s2_evi_context_count,-4.014963501838137e-05,1.750646013696372e-05
catboost,A,3,0,s2_evi_context_invalid_count,-1.82073590952736e-06,4.769554500377859e-07
catboost,A,3,0,s2_ndwi_raw,0.0,0.0
catboost,A,3,0,s2_ndwi_cleaned,0.0,0.0
catboost,A,3,0,s2_ndwi_invalid_flag,0.0,0.0
catboost,A,3,0,s2_ndwi_missing_flag,0.0,0.0
catboost,A,3,0,s2_ndwi_interpolated,4.0438655266039625e-05,5.611810267605599e-06
catboost,A,3,0,s2_ndwi_left,9.245383681021069e-05,4.977037028883191e-06
catboost,A,3,0,s2_ndwi_right,-0.00023936239307293522,5.273076577737984e-05
catboost,A,3,0,s2_ndwi_days_since,3.04326109833164e-07,4.640199479037654e-06
catboost,A,3,0,s2_ndwi_days_until,0.00010902792470514344,3.746325625691993e-07
catboost,A,3,0,s2_ndwi_context_median,0.00012115863960128481,0.00034770597114530677
catboost,A,3,0,s2_ndwi_context_iqr,-7.381148421608391e-05,8.849766754206317e-05
catboost,A,3,0,s2_ndwi_context_count,0.0,0.0
catboost,A,3,0,s2_ndwi_context_invalid_count,0.0,0.0
catboost,A,3,0,landsat_ndvi_raw,0.0,0.0
catboost,A,3,0,landsat_ndvi_cleaned,0.0,0.0
catboost,A,3,0,landsat_ndvi_invalid_flag,0.0,0.0
catboost,A,3,0,landsat_ndvi_missing_flag,0.0,0.0
catboost,A,3,0,landsat_ndvi_interpolated,0.030643733447214792,0.0020772147019135836
catboost,A,3,0,landsat_ndvi_left,0.0003783497287248652,0.00010279773360123007
catboost,A,3,0,landsat_ndvi_right,9.724056080114701e-05,7.993731982482849e-05
catboost,A,3,0,landsat_ndvi_days_since,4.381006517992225e-06,9.372539469962304e-06
catboost,A,3,0,landsat_ndvi_days_until,-6.295313204127823e-05,0.00010865723538239919
catboost,A,3,0,landsat_ndvi_context_median,-1.3527805171817398e-05,6.294289261551955e-05
catboost,A,3,0,landsat_ndvi_context_iqr,0.00017757007857810425,4.251771373031676e-06
catboost,A,3,0,landsat_ndvi_context_count,-1.8583539226194046e-05,2.8894505923401925e-05
catboost,A,3,0,landsat_ndvi_context_invalid_count,0.0,0.0
catboost,A,3,0,landsat_evi_raw,0.0,0.0
catboost,A,3,0,landsat_evi_cleaned,0.0,0.0
catboost,A,3,0,landsat_evi_invalid_flag,0.0,0.0
catboost,A,3,0,landsat_evi_missing_flag,0.0,0.0
catboost,A,3,0,landsat_evi_interpolated,0.016280260333303154,0.0008629328535703223
catboost,A,3,0,landsat_evi_left,0.00016642968903203548,0.0001613001219442356
catboost,A,3,0,landsat_evi_right,2.1457386041368043e-05,0.0001584331534966038
catboost,A,3,0,landsat_evi_days_since,-4.238527383554347e-05,9.663557151803892e-06
catboost,A,3,0,landsat_evi_days_until,-5.332102089958962e-05,4.305011596273528e-05
catboost,A,3,0,landsat_evi_context_median,9.437235224060703e-05,2.9838995854722383e-05
catboost,A,3,0,landsat_evi_context_iqr,-0.00012001547805801788,2.400002140071772e-05
catboost,A,3,0,landsat_evi_context_count,1.2905627022635757e-05,1.2645079692993888e-05
catboost,A,3,0,landsat_evi_context_invalid_count,0.0,0.0
catboost,A,3,0,landsat_ndwi_raw,0.0,0.0
catboost,A,3,0,landsat_ndwi_cleaned,0.0,0.0
catboost,A,3,0,landsat_ndwi_invalid_flag,0.0,0.0
catboost,A,3,0,landsat_ndwi_missing_flag,0.0,0.0
catboost,A,3,0,landsat_ndwi_interpolated,-0.0001910592787215254,0.00029605023721020196
catboost,A,3,0,landsat_ndwi_left,-9.574442192655797e-06,5.312756219415238e-05
catboost,A,3,0,landsat_ndwi_right,7.930362003766983e-05,0.00011223812300403119
catboost,A,3,0,landsat_ndwi_days_since,-8.945657812779728e-06,2.2631565727550262e-05
catboost,A,3,0,landsat_ndwi_days_until,1.7044236083528508e-05,1.211282866565161e-05
catboost,A,3,0,landsat_ndwi_context_median,0.00019504653594016458,6.849107495076473e-05
catboost,A,3,0,landsat_ndwi_context_iqr,4.37884683011161e-05,8.604234932228783e-06
catboost,A,3,0,landsat_ndwi_context_count,2.9836062656780904e-05,2.477492032141454e-05
catboost,A,3,0,landsat_ndwi_context_invalid_count,2.564123191883816e-06,1.0494862321547282e-06
catboost,A,3,0,modis_ndvi_raw,0.0,0.0
catboost,A,3,0,modis_ndvi_cleaned,0.0,0.0
catboost,A,3,0,modis_ndvi_invalid_flag,0.0,0.0
catboost,A,3,0,modis_ndvi_missing_flag,0.0,0.0
catboost,A,3,0,modis_ndvi_interpolated,-4.285412169743874e-05,0.00016503001633161318
catboost,A,3,0,modis_ndvi_left,1.653223170296203e-05,0.00010189537045847408
catboost,A,3,0,modis_ndvi_right,-0.00031687400996713994,0.00019003092480360945
catboost,A,3,0,modis_ndvi_days_since,0.00017902633131598733,4.494364264782946e-05
catboost,A,3,0,modis_ndvi_days_until,-1.0285793968362045e-05,4.163343575822043e-06
catboost,A,3,0,modis_ndvi_context_median,-0.0002632541480896283,3.989020079826766e-05
catboost,A,3,0,modis_ndvi_context_iqr,0.00017925690874497774,3.950978627564189e-05
catboost,A,3,0,modis_ndvi_context_count,5.5929494807899216e-05,1.912606676438e-05
catboost,A,3,0,modis_ndvi_context_invalid_count,0.0,0.0
catboost,A,3,0,modis_evi_raw,0.0,0.0
catboost,A,3,0,modis_evi_cleaned,0.0,0.0
catboost,A,3,0,modis_evi_invalid_flag,0.0,0.0
catboost,A,3,0,modis_evi_missing_flag,0.0,0.0
catboost,A,3,0,modis_evi_interpolated,0.0008078382329340383,4.600917080807565e-05
catboost,A,3,0,modis_evi_left,-9.369337517448756e-05,0.00011891025734566546
catboost,A,3,0,modis_evi_right,-0.00031922121746804505,8.739391010739034e-05
catboost,A,3,0,modis_evi_days_since,7.619515114944131e-05,6.0494156369050867e-05
catboost,A,3,0,modis_evi_days_until,4.359673759855853e-06,6.569287947379154e-06
catboost,A,3,0,modis_evi_context_median,0.0005727301845247917,0.0001791684800421106
catboost,A,3,0,modis_evi_context_iqr,2.0692771765945528e-05,4.977371018857757e-06
catboost,A,3,0,modis_evi_context_count,1.1064150042698617e-05,3.2962402166290816e-05
catboost,A,3,0,modis_evi_context_invalid_count,0.0,0.0
catboost,A,3,0,era5_temp_c_raw,0.0,0.0
catboost,A,3,0,era5_temp_c_cleaned,0.0,0.0
catboost,A,3,0,era5_temp_c_invalid_flag,0.0,0.0
catboost,A,3,0,era5_temp_c_missing_flag,0.0,0.0
catboost,A,3,0,era5_temp_c_interpolated,4.867832436193653e-05,2.353422862332033e-05
catboost,A,3,0,era5_temp_c_left,8.733400575217098e-05,1.0220771118119032e-05
catboost,A,3,0,era5_temp_c_right,-0.00012762448233508833,1.5706126343030535e-05
catboost,A,3,0,era5_temp_c_days_since,-6.240204586602238e-07,3.26939751852523e-06
catboost,A,3,0,era5_temp_c_days_until,3.939317582445784e-05,6.722068543525694e-06
catboost,A,3,0,era5_temp_c_context_median,3.857813749938432e-06,0.00011690072790260242
catboost,A,3,0,era5_temp_c_context_iqr,-6.87483752724316e-05,2.9651867474209115e-05
catboost,A,3,0,era5_temp_c_context_count,-0.00010827432655179797,5.588632266376875e-05
catboost,A,3,0,era5_temp_c_context_invalid_count,0.0,0.0
catboost,A,3,0,era5_temp_c_same_date,0.00027414057873933334,6.710634761868117e-06
catboost,A,3,0,era5_temp_c_same_date_count,0.0,0.0
catboost,A,3,0,era5_temp_c_reconstructed,0.0001259451141261761,4.378591182623709e-05
catboost,A,3,0,era5_temp_c_available,0.0,0.0
catboost,A,3,0,era5_precip_mm_raw,0.0,0.0
catboost,A,3,0,era5_precip_mm_cleaned,0.0,0.0
catboost,A,3,0,era5_precip_mm_invalid_flag,0.0,0.0
catboost,A,3,0,era5_precip_mm_missing_flag,0.0,0.0
catboost,A,3,0,era5_precip_mm_interpolated,-7.39417759744801e-05,2.369139494055178e-05
catboost,A,3,0,era5_precip_mm_left,-0.00017218746928427536,9.896472546324503e-05
catboost,A,3,0,era5_precip_mm_right,0.00011176667053171274,4.102555231561e-06
catboost,A,3,0,era5_precip_mm_days_since,0.0,0.0
catboost,A,3,0,era5_precip_mm_days_until,-3.444233010745784e-05,1.692375753391262e-06
catboost,A,3,0,era5_precip_mm_context_median,-1.3855085535988132e-05,1.4814929628709228e-05
catboost,A,3,0,era5_precip_mm_context_iqr,-2.1098551630516216e-06,1.4997870681432435e-05
catboost,A,3,0,era5_precip_mm_context_count,-1.5092528184199039e-05,5.897027096080087e-07
catboost,A,3,0,era5_precip_mm_context_invalid_count,8.052496776771167e-05,2.2843877733158546e-05
catboost,A,3,0,era5_precip_mm_same_date,6.601952727314231e-05,4.908245020372737e-05
catboost,A,3,0,era5_precip_mm_same_date_count,7.575312730247197e-06,4.21791184083975e-07
catboost,A,3,0,era5_precip_mm_reconstructed,-0.00015243455749144874,6.914892621369406e-05
catboost,A,3,0,era5_precip_mm_available,0.0,0.0
catboost,A,3,0,availability_s2_days_since,-1.072393796860277e-05,2.1113353756423148e-05
catboost,A,3,0,availability_s2_days_until,2.7171081291493815e-05,6.143337767151869e-05
catboost,A,3,0,availability_s2_same_date_count,5.689471298672699e-05,4.5070223760615424e-05
catboost,A,3,0,availability_s2_count_7d,1.4313752715794381e-05,2.454267579453384e-05
catboost,A,3,0,availability_s2_count_15d,6.129749821477681e-05,5.585789201215108e-05
catboost,A,3,0,availability_s2_count_30d,1.2357646782396037e-06,3.1129257139494992e-06
catboost,A,3,0,source_calendar_s2_local_count,8.953489768105671e-05,4.5925393532403325e-05
catboost,A,3,0,source_calendar_s2_same_date_count,-6.447953890285907e-06,3.164954982449314e-05
catboost,A,3,0,source_calendar_s2_fit_count,0.0,0.0
catboost,A,3,0,availability_landsat_days_since,-3.485816985610013e-05,2.5909389707937103e-05
catboost,A,3,0,availability_landsat_days_until,-0.00010052588293399389,2.57153485170164e-05
catboost,A,3,0,availability_landsat_same_date_count,0.0001739281059548181,0.00021266245311658827
catboost,A,3,0,availability_landsat_count_7d,-6.527320483194765e-06,4.525466147167756e-07
catboost,A,3,0,availability_landsat_count_15d,-1.8013847839240538e-05,4.793704653408004e-06
catboost,A,3,0,availability_landsat_count_30d,3.639380973223527e-05,5.550971754680889e-05
catboost,A,3,0,source_calendar_landsat_local_count,4.378948177784919e-05,3.156925189869847e-05
catboost,A,3,0,source_calendar_landsat_same_date_count,-0.00011358766604740306,1.817635220748709e-05
catboost,A,3,0,source_calendar_landsat_fit_count,0.0,0.0
catboost,A,3,0,availability_modis_days_since,-1.3573826091746455e-05,1.150305298196902e-05
catboost,A,3,0,availability_modis_days_until,-1.686465045054597e-05,1.606091366553042e-05
catboost,A,3,0,availability_modis_same_date_count,0.000999865539022697,7.827898860634369e-05
catboost,A,3,0,availability_modis_count_7d,0.00013050923184504404,7.710077250344671e-05
catboost,A,3,0,availability_modis_count_15d,-2.8536465656994747e-05,6.197125753915067e-05
catboost,A,3,0,availability_modis_count_30d,-1.6615036905115455e-05,3.0897134783242075e-05
catboost,A,3,0,source_calendar_modis_local_count,8.004258989635638e-05,1.1336321646404635e-05
catboost,A,3,0,source_calendar_modis_same_date_count,0.00046675665480731127,6.331335899722318e-05
catboost,A,3,0,source_calendar_modis_fit_count,0.0,0.0
catboost,A,3,0,p_s2,0.0007412327579675304,0.00026619286754291094
catboost,A,3,0,p_landsat,-4.2926090795834815e-05,6.719274568294659e-05
catboost,A,3,0,p_modis,0.0022075837241405383,4.487270001342358e-05
catboost,A,3,0,p_unknown,0.0,0.0
catboost,A,3,0,source_confidence,2.884619848868286e-06,4.185859755789084e-05
catboost,A,3,0,source_unknown_local_count,0.0,0.0
catboost,A,3,0,pchip_interpolation,0.0009474879369649747,6.406732778517499e-05
catboost,A,3,0,akima_interpolation,0.00040108560207906957,0.0002893273755377665
catboost,A,3,0,left_days_1,1.3294427967359967e-05,4.01752739231237e-06
catboost,A,3,0,left_days_2,-1.923892486869333e-05,1.6034773074671826e-06
catboost,A,3,0,left_days_3,9.973499514120965e-06,2.396877208571402e-06
catboost,A,3,0,left_days_4,-6.861105319493077e-06,4.905619909685577e-06
catboost,A,3,0,right_days_1,7.195861917974611e-05,1.4511069931930076e-05
catboost,A,3,0,right_days_2,-3.242200424465741e-05,1.6822681901375314e-05
catboost,A,3,0,right_days_3,-1.0548699049331423e-05,1.483292217281662e-05
catboost,A,3,0,right_days_4,1.719586777474552e-05,1.963484861831899e-06
catboost,A,4,0,anon_polygon_id,-7.816374163562706e-05,5.065673548996369e-05
catboost,A,4,0,date,0.0,0.0
catboost,A,4,0,crop_type,-6.76036233572333e-05,4.5588424416133366e-05
catboost,A,4,0,year,-2.7453285428663543e-05,3.919453400563766e-05
catboost,A,4,0,month,0.0006928005232719886,8.542554635759814e-05
catboost,A,4,0,doy,0.00029994902250133487,5.7495493527993935e-05
catboost,A,4,0,iso_week,5.316459021513509e-05,5.645719085006773e-05
catboost,A,4,0,sin_doy,0.0003676659240633984,0.00010430855384642446
catboost,A,4,0,cos_doy,0.00017816668792081103,1.007120118004523e-05
catboost,A,4,0,prior_polygon_crop_season_median,-1.641844939978543e-05,2.098163908534345e-05
catboost,A,4,0,prior_polygon_crop_season_iqr,-2.766890808902911e-05,4.4698133328247014e-05
catboost,A,4,0,prior_polygon_crop_season_count,1.5185556419765323e-05,2.5794564324777003e-08
catboost,A,4,0,prior_polygon_crop_median,-6.258906758512678e-05,4.2801677533337024e-05
catboost,A,4,0,prior_polygon_crop_iqr,8.353161851406415e-05,4.0392597374511174e-07
catboost,A,4,0,prior_polygon_crop_count,-3.3650555884071065e-05,1.7460221928375375e-05
catboost,A,4,0,prior_crop_season_median,0.00033956871339222566,0.00034528320947280894
catboost,A,4,0,prior_crop_season_iqr,0.0001608324371966327,8.001522040818748e-05
catboost,A,4,0,prior_crop_season_count,5.3974013238373975e-05,2.3729070135196373e-05
catboost,A,4,0,prior_crop_median,-2.9062957185091443e-06,8.429712373893283e-06
catboost,A,4,0,prior_crop_iqr,7.65525922730853e-06,3.5926163307990755e-05
catboost,A,4,0,prior_crop_count,0.0001820190187042381,9.963597837285565e-05
catboost,A,4,0,prior_global_season_median,0.0003005454459417273,0.0002815150835460134
catboost,A,4,0,prior_global_season_iqr,0.0001061403545176004,2.636177766651704e-05
catboost,A,4,0,prior_global_season_count,2.9080710676337995e-06,7.961145736992692e-06
catboost,A,4,0,prior_polygon_crop_year_median,3.338627431376251e-06,4.118758717222559e-05
catboost,A,4,0,prior_polygon_crop_year_iqr,4.654705134811421e-06,1.1475144495939893e-06
catboost,A,4,0,prior_polygon_crop_year_count,3.9459505300487585e-05,2.784123390442428e-06
catboost,A,4,0,prior_crop_year_median,-3.769995993790215e-05,0.00010374305802369338
catboost,A,4,0,prior_crop_year_iqr,-0.0001409211390443546,1.1468430349166614e-05
catboost,A,4,0,prior_crop_year_count,0.00010552585807758336,9.386513544394626e-06
catboost,A,4,0,seasonal_prior,0.0002370112004606295,8.035924552828033e-05
catboost,A,4,0,seasonal_prior_level,1.1441510555626477e-05,1.5193811775823796e-05
catboost,A,4,0,crop_seasonal_prior,0.0002599143764622641,0.00019544956361916554
catboost,A,4,0,prior_global_median,0.0,0.0
catboost,A,4,0,prior_global_iqr,0.0,0.0
catboost,A,4,0,seen_polygon,-5.821062892485962e-06,1.558340638455058e-05
catboost,A,4,0,crop_frequency,2.036883594854627e-05,8.637366993947959e-06
catboost,A,4,0,fit_target_count,0.0,0.0
catboost,A,4,0,target_left_1,0.0003111346225238426,9.639044737008717e-05
catboost,A,4,0,target_left_1_raw,0.0016983082919012696,0.00017511326237457797
catboost,A,4,0,target_left_1_cleaned,3.273045951159015e-05,5.291577981805795e-06
catboost,A,4,0,target_left_1_invalid_flag,0.0,0.0
catboost,A,4,0,target_left_1_missing_flag,0.0,0.0
catboost,A,4,0,days_left_1,-8.96666945701674e-06,1.4645582940703283e-06
catboost,A,4,0,target_left_2,0.0001487600774027209,0.0001222363487173861
catboost,A,4,0,target_left_2_raw,0.00045160756471042396,0.00017832012057396318
catboost,A,4,0,target_left_2_cleaned,1.920554860875001e-06,3.987030681128212e-06
catboost,A,4,0,target_left_2_invalid_flag,0.0,0.0
catboost,A,4,0,target_left_2_missing_flag,0.0,0.0
catboost,A,4,0,days_left_2,5.789432666004901e-05,7.352874956151334e-06
catboost,A,4,0,target_left_3,0.00013711183290534418,5.3877891636223973e-05
catboost,A,4,0,target_left_3_raw,0.0001270069747239394,3.7997299463687906e-05
catboost,A,4,0,target_left_3_cleaned,0.00029396033229477786,3.16513866394294e-05
catboost,A,4,0,target_left_3_invalid_flag,0.0,0.0
catboost,A,4,0,target_left_3_missing_flag,0.0,0.0
catboost,A,4,0,days_left_3,-2.4546773637855457e-05,1.4927947262162455e-05
catboost,A,4,0,target_left_4,-0.000249090663553983,5.1057373032639686e-05
catboost,A,4,0,target_left_4_raw,-4.963209305026972e-05,1.5083046469771544e-05
catboost,A,4,0,target_left_4_cleaned,-5.637193047142858e-05,5.535542165792384e-06
catboost,A,4,0,target_left_4_invalid_flag,0.0,0.0
catboost,A,4,0,target_left_4_missing_flag,0.0,0.0
catboost,A,4,0,days_left_4,-1.924973971594024e-05,1.0072527495574857e-05
catboost,A,4,0,target_right_1,-3.232100277263117e-05,0.00010053750252214666
catboost,A,4,0,target_right_1_raw,0.0006377095005925953,6.644259044619183e-07
catboost,A,4,0,target_right_1_cleaned,0.004013123403665518,0.0006231099843092489
catboost,A,4,0,target_right_1_invalid_flag,0.0,0.0
catboost,A,4,0,target_right_1_missing_flag,0.0,0.0
catboost,A,4,0,days_right_1,-5.6983031853447e-05,2.4955139657389935e-05
catboost,A,4,0,target_right_2,7.241633300375527e-05,0.00011850673797697553
catboost,A,4,0,target_right_2_raw,-4.3416072989105325e-05,5.54219712936288e-05
catboost,A,4,0,target_right_2_cleaned,0.0004203841124063093,0.00016915095319647994
catboost,A,4,0,target_right_2_invalid_flag,0.0,0.0
catboost,A,4,0,target_right_2_missing_flag,0.0,0.0
catboost,A,4,0,days_right_2,3.302140635429163e-05,5.436973280238677e-05
catboost,A,4,0,target_right_3,5.160352026881143e-05,5.6266069900626214e-05
catboost,A,4,0,target_right_3_raw,-9.528667763936821e-05,0.0001621315744665744
catboost,A,4,0,target_right_3_cleaned,-8.8478692874365e-05,9.393344406512932e-05
catboost,A,4,0,target_right_3_invalid_flag,0.0,0.0
catboost,A,4,0,target_right_3_missing_flag,0.0,0.0
catboost,A,4,0,days_right_3,1.2780348790056295e-05,4.478985112493783e-06
catboost,A,4,0,target_right_4,-6.456805615404765e-05,1.256471756076738e-06
catboost,A,4,0,target_right_4_raw,0.00016566966343596612,0.00010787482078444821
catboost,A,4,0,target_right_4_cleaned,7.879487567807181e-05,7.491295898289646e-05
catboost,A,4,0,target_right_4_invalid_flag,0.0,0.0
catboost,A,4,0,target_right_4_missing_flag,0.0,0.0
catboost,A,4,0,days_right_4,4.591420818231967e-05,3.324987612469271e-05
catboost,A,4,0,linear_interpolation,0.014241989269252589,0.0008841523252289818
catboost,A,4,0,mean_neighbors,0.005267457963220083,8.299728570131115e-06
catboost,A,4,0,local_slope,8.43520036811693e-05,1.7938371479724047e-05
catboost,A,4,0,local_level,0.008274572773881342,0.00012872015955850413
catboost,A,4,0,local_iqr,-1.8871076741276693e-05,9.670585225506761e-05
catboost,A,4,0,local_curvature,0.0006376999199421002,0.0001936845101123824
catboost,A,4,0,target_count_7d,0.00020146550082237452,5.4105163606800455e-05
catboost,A,4,0,target_density_7d,8.344390007789665e-05,9.818045208491444e-06
catboost,A,4,0,target_count_15d,-6.650228398058511e-05,5.175867283380153e-05
catboost,A,4,0,target_density_15d,8.82724163466242e-05,3.944488481387454e-05
catboost,A,4,0,target_count_30d,-3.993885272543518e-06,4.187006619679745e-06
catboost,A,4,0,target_density_30d,-3.776033873528761e-05,2.3439551974757666e-05
catboost,A,4,0,gap_run_length,-1.1177532063949558e-05,2.272646469775319e-05
catboost,A,4,0,gap_run_position,0.0,0.0
catboost,A,4,0,left_missing,0.0,0.0
catboost,A,4,0,right_missing,0.0,0.0
catboost,A,4,0,is_edge,0.0,0.0
catboost,A,4,0,context_quality,-4.316664172727969e-06,2.9042389008492042e-05
catboost,A,4,0,same_date_target_count,0.00015314965372375394,2.7904021602097318e-05
catboost,A,4,0,same_date_target_median,0.004560463209765261,0.0007915349491969675
catboost,A,4,0,same_date_target_iqr,0.00018629312510239082,1.5497506254527615e-05
catboost,A,4,0,primary_ndvi_raw,0.0,0.0
catboost,A,4,0,primary_ndvi_cleaned,0.0,0.0
catboost,A,4,0,primary_ndvi_invalid_flag,0.0,0.0
catboost,A,4,0,primary_ndvi_missing_flag,0.0,0.0
catboost,A,4,0,primary_ndvi_interpolated,0.02628241572645782,0.0011999093707789968
catboost,A,4,0,primary_ndvi_left,2.607665645278784e-05,5.393507113237578e-05
catboost,A,4,0,primary_ndvi_right,-0.00023702284304657345,2.611174842124392e-05
catboost,A,4,0,primary_ndvi_days_since,-9.063254312893787e-06,2.9727445940985753e-06
catboost,A,4,0,primary_ndvi_days_until,-7.433771766809233e-05,1.093612545097905e-05
catboost,A,4,0,primary_ndvi_context_median,0.003946424867952644,0.0004034896299096036
catboost,A,4,0,primary_ndvi_context_iqr,3.3710480691645506e-05,5.823138551638851e-05
catboost,A,4,0,primary_ndvi_context_count,-8.67864848271005e-07,1.9969045361931115e-06
catboost,A,4,0,primary_ndvi_context_invalid_count,0.0,0.0
catboost,A,4,0,s2_ndvi_raw,0.0,0.0
catboost,A,4,0,s2_ndvi_cleaned,0.0,0.0
catboost,A,4,0,s2_ndvi_invalid_flag,0.0,0.0
catboost,A,4,0,s2_ndvi_missing_flag,0.0,0.0
catboost,A,4,0,s2_ndvi_interpolated,0.0004259474173869057,2.3397694234837674e-05
catboost,A,4,0,s2_ndvi_left,0.00021246635401297315,1.4169824098582418e-05
catboost,A,4,0,s2_ndvi_right,-3.401739943959675e-05,4.026889841234754e-05
catboost,A,4,0,s2_ndvi_days_since,-2.42943242082308e-05,9.85940325134299e-06
catboost,A,4,0,s2_ndvi_days_until,-0.00012124206971280554,2.864376111017669e-05
catboost,A,4,0,s2_ndvi_context_median,7.365019372827797e-05,0.00010874029997519352
catboost,A,4,0,s2_ndvi_context_iqr,0.0001279576674238156,5.8399461482928905e-05
catboost,A,4,0,s2_ndvi_context_count,3.2744748373871035e-05,2.102881293054165e-05
catboost,A,4,0,s2_ndvi_context_invalid_count,0.0,0.0
catboost,A,4,0,s2_evi_raw,0.0,0.0
catboost,A,4,0,s2_evi_cleaned,0.0,0.0
catboost,A,4,0,s2_evi_invalid_flag,0.0,0.0
catboost,A,4,0,s2_evi_missing_flag,0.0,0.0
catboost,A,4,0,s2_evi_interpolated,0.0003214157347960975,0.00011863512725834163
catboost,A,4,0,s2_evi_left,-0.00013841708422268617,0.00014424191016768062
catboost,A,4,0,s2_evi_right,0.0002871058930505946,3.162987123404848e-06
catboost,A,4,0,s2_evi_days_since,-2.317142489721702e-05,2.9582237186395743e-05
catboost,A,4,0,s2_evi_days_until,-4.7531822223237374e-06,3.426298878151518e-05
catboost,A,4,0,s2_evi_context_median,-6.336504940605836e-05,0.0002156325356821448
catboost,A,4,0,s2_evi_context_iqr,0.00013309727280670647,7.889448804171417e-05
catboost,A,4,0,s2_evi_context_count,-4.420827722402543e-06,2.85978245159052e-06
catboost,A,4,0,s2_evi_context_invalid_count,-3.726481407657217e-05,1.7624513831901445e-06
catboost,A,4,0,s2_ndwi_raw,0.0,0.0
catboost,A,4,0,s2_ndwi_cleaned,0.0,0.0
catboost,A,4,0,s2_ndwi_invalid_flag,0.0,0.0
catboost,A,4,0,s2_ndwi_missing_flag,0.0,0.0
catboost,A,4,0,s2_ndwi_interpolated,1.354863830411307e-05,6.901391233334053e-06
catboost,A,4,0,s2_ndwi_left,0.00023930275424772357,6.453401147476362e-05
catboost,A,4,0,s2_ndwi_right,-7.04637121904661e-05,0.00010500587861626831
catboost,A,4,0,s2_ndwi_days_since,6.548876126111214e-08,3.9395295153843435e-07
catboost,A,4,0,s2_ndwi_days_until,4.3211363399311975e-05,1.852583904347893e-05
catboost,A,4,0,s2_ndwi_context_median,0.0002285254166094694,0.0001447091803668185
catboost,A,4,0,s2_ndwi_context_iqr,0.0002057817414434851,8.850867618974412e-06
catboost,A,4,0,s2_ndwi_context_count,4.1182377806772696e-05,1.7037421554566556e-05
catboost,A,4,0,s2_ndwi_context_invalid_count,0.0,0.0
catboost,A,4,0,landsat_ndvi_raw,0.0,0.0
catboost,A,4,0,landsat_ndvi_cleaned,0.0,0.0
catboost,A,4,0,landsat_ndvi_invalid_flag,0.0,0.0
catboost,A,4,0,landsat_ndvi_missing_flag,0.0,0.0
catboost,A,4,0,landsat_ndvi_interpolated,0.017408664704949846,0.0008374852884362113
catboost,A,4,0,landsat_ndvi_left,0.0007865998227556403,0.00017008450984783152
catboost,A,4,0,landsat_ndvi_right,0.0001801756693051368,7.124282877000315e-05
catboost,A,4,0,landsat_ndvi_days_since,-5.071923946002588e-05,2.38097687362826e-05
catboost,A,4,0,landsat_ndvi_days_until,2.0361988454807578e-05,1.2736634572567407e-05
catboost,A,4,0,landsat_ndvi_context_median,0.000960842833083668,0.0002329033916184317
catboost,A,4,0,landsat_ndvi_context_iqr,-3.2806902851484354e-05,1.6427558538908982e-05
catboost,A,4,0,landsat_ndvi_context_count,0.00012602592474258295,1.5136375946182834e-05
catboost,A,4,0,landsat_ndvi_context_invalid_count,0.0,0.0
catboost,A,4,0,landsat_evi_raw,0.0,0.0
catboost,A,4,0,landsat_evi_cleaned,0.0,0.0
catboost,A,4,0,landsat_evi_invalid_flag,0.0,0.0
catboost,A,4,0,landsat_evi_missing_flag,0.0,0.0
catboost,A,4,0,landsat_evi_interpolated,0.004791720918269647,0.000568829195816016
catboost,A,4,0,landsat_evi_left,0.00013963425503111387,7.536799203067962e-05
catboost,A,4,0,landsat_evi_right,8.821530505039726e-05,5.2585272023793206e-05
catboost,A,4,0,landsat_evi_days_since,-8.770572543566335e-06,5.6305918688867584e-06
catboost,A,4,0,landsat_evi_days_until,7.579249411353295e-06,5.747478730895594e-06
catboost,A,4,0,landsat_evi_context_median,0.0006560370609117808,4.2116526447415203e-05
catboost,A,4,0,landsat_evi_context_iqr,5.567793810917765e-06,6.185298060276678e-06
catboost,A,4,0,landsat_evi_context_count,9.109353432377315e-05,0.00010433776216019902
catboost,A,4,0,landsat_evi_context_invalid_count,7.426859318579448e-07,1.5131613834776236e-06
catboost,A,4,0,landsat_ndwi_raw,0.0,0.0
catboost,A,4,0,landsat_ndwi_cleaned,0.0,0.0
catboost,A,4,0,landsat_ndwi_invalid_flag,0.0,0.0
catboost,A,4,0,landsat_ndwi_missing_flag,0.0,0.0
catboost,A,4,0,landsat_ndwi_interpolated,0.00012498703573562975,2.679616759805603e-05
catboost,A,4,0,landsat_ndwi_left,0.00014737241675449875,0.00014288599721747064
catboost,A,4,0,landsat_ndwi_right,0.00011953051521886027,7.667401828624631e-05
catboost,A,4,0,landsat_ndwi_days_since,2.4323560395167476e-05,2.5246980632498417e-07
catboost,A,4,0,landsat_ndwi_days_until,4.824084465663431e-05,1.1604079424638869e-05
catboost,A,4,0,landsat_ndwi_context_median,0.0001300190066768278,8.207658641978116e-05
catboost,A,4,0,landsat_ndwi_context_iqr,-6.933979324479089e-05,4.04722511340716e-06
catboost,A,4,0,landsat_ndwi_context_count,0.00031421897481835603,6.66627929145347e-05
catboost,A,4,0,landsat_ndwi_context_invalid_count,0.0,0.0
catboost,A,4,0,modis_ndvi_raw,0.0,0.0
catboost,A,4,0,modis_ndvi_cleaned,0.0,0.0
catboost,A,4,0,modis_ndvi_invalid_flag,0.0,0.0
catboost,A,4,0,modis_ndvi_missing_flag,0.0,0.0
catboost,A,4,0,modis_ndvi_interpolated,0.0003461175794144192,0.00014037940449584257
catboost,A,4,0,modis_ndvi_left,2.6332262648788574e-05,2.5102717430121324e-05
catboost,A,4,0,modis_ndvi_right,8.487443473343542e-05,6.7065754840792136e-06
catboost,A,4,0,modis_ndvi_days_since,-3.598972266961181e-05,5.64757609409286e-05
catboost,A,4,0,modis_ndvi_days_until,-3.3095823014639425e-05,1.619421741896887e-05
catboost,A,4,0,modis_ndvi_context_median,0.0003817984421369963,0.00017273693154808145
catboost,A,4,0,modis_ndvi_context_iqr,0.0003826690759403742,3.904251198685177e-05
catboost,A,4,0,modis_ndvi_context_count,0.00011603545645660907,6.744260018415327e-05
catboost,A,4,0,modis_ndvi_context_invalid_count,0.0,0.0
catboost,A,4,0,modis_evi_raw,0.0,0.0
catboost,A,4,0,modis_evi_cleaned,0.0,0.0
catboost,A,4,0,modis_evi_invalid_flag,0.0,0.0
catboost,A,4,0,modis_evi_missing_flag,0.0,0.0
catboost,A,4,0,modis_evi_interpolated,0.0004855382337152353,0.00023379665420221463
catboost,A,4,0,modis_evi_left,0.00021390008124887172,9.07301936511895e-05
catboost,A,4,0,modis_evi_right,1.2315700229560689e-05,1.2432577153144442e-05
catboost,A,4,0,modis_evi_days_since,3.0281209261830144e-05,1.7810127035798595e-05
catboost,A,4,0,modis_evi_days_until,-3.350969073252774e-05,4.1215191858429145e-06
catboost,A,4,0,modis_evi_context_median,0.00048519500297772994,0.00014044544579808887
catboost,A,4,0,modis_evi_context_iqr,0.00012241550847949534,1.9925008022392277e-05
catboost,A,4,0,modis_evi_context_count,9.948027401979198e-06,1.332413099108809e-05
catboost,A,4,0,modis_evi_context_invalid_count,0.0,0.0
catboost,A,4,0,era5_temp_c_raw,0.0,0.0
catboost,A,4,0,era5_temp_c_cleaned,0.0,0.0
catboost,A,4,0,era5_temp_c_invalid_flag,0.0,0.0
catboost,A,4,0,era5_temp_c_missing_flag,0.0,0.0
catboost,A,4,0,era5_temp_c_interpolated,3.369517229435959e-05,1.882847551547273e-05
catboost,A,4,0,era5_temp_c_left,4.298047324759885e-05,2.8704164781269415e-05
catboost,A,4,0,era5_temp_c_right,-4.502239319352508e-05,2.9863173387725817e-05
catboost,A,4,0,era5_temp_c_days_since,8.332423082665907e-06,5.09370956254529e-06
catboost,A,4,0,era5_temp_c_days_until,0.0,0.0
catboost,A,4,0,era5_temp_c_context_median,3.210888000693829e-05,1.5039614800448076e-05
catboost,A,4,0,era5_temp_c_context_iqr,1.591292120400184e-05,6.056564926736757e-05
catboost,A,4,0,era5_temp_c_context_count,-2.6447453579631075e-05,2.5078715507165228e-05
catboost,A,4,0,era5_temp_c_context_invalid_count,0.0,0.0
catboost,A,4,0,era5_temp_c_same_date,1.3859163795947038e-05,1.4785795776524335e-05
catboost,A,4,0,era5_temp_c_same_date_count,0.0,0.0
catboost,A,4,0,era5_temp_c_reconstructed,1.7352738007486712e-05,1.6524234482340194e-05
catboost,A,4,0,era5_temp_c_available,0.0,0.0
catboost,A,4,0,era5_precip_mm_raw,0.0,0.0
catboost,A,4,0,era5_precip_mm_cleaned,0.0,0.0
catboost,A,4,0,era5_precip_mm_invalid_flag,0.0,0.0
catboost,A,4,0,era5_precip_mm_missing_flag,0.0,0.0
catboost,A,4,0,era5_precip_mm_interpolated,0.00026543987957382276,4.094399933338155e-05
catboost,A,4,0,era5_precip_mm_left,-4.217571827021954e-05,4.01569551638295e-05
catboost,A,4,0,era5_precip_mm_right,7.082800213049911e-05,1.4605186018423755e-05
catboost,A,4,0,era5_precip_mm_days_since,0.0,0.0
catboost,A,4,0,era5_precip_mm_days_until,1.0611666311638457e-07,1.724139445002243e-05
catboost,A,4,0,era5_precip_mm_context_median,3.3978590179097046e-05,1.5996765083896303e-05
catboost,A,4,0,era5_precip_mm_context_iqr,0.00014992761645362535,2.604548932916978e-05
catboost,A,4,0,era5_precip_mm_context_count,0.0,0.0
catboost,A,4,0,era5_precip_mm_context_invalid_count,0.0,0.0
catboost,A,4,0,era5_precip_mm_same_date,0.0002533971681795352,2.342543735969066e-05
catboost,A,4,0,era5_precip_mm_same_date_count,4.2274947965915965e-05,7.526681255247414e-06
catboost,A,4,0,era5_precip_mm_reconstructed,0.00015927091361621348,6.833776426583282e-05
catboost,A,4,0,era5_precip_mm_available,0.0,0.0
catboost,A,4,0,availability_s2_days_since,-1.0469031438489762e-06,8.761785010649725e-07
catboost,A,4,0,availability_s2_days_until,-7.189373330030585e-05,3.22018352200068e-05
catboost,A,4,0,availability_s2_same_date_count,9.569155495423032e-06,8.16331807247106e-05
catboost,A,4,0,availability_s2_count_7d,-0.00014151259481193224,2.3160039281280853e-05
catboost,A,4,0,availability_s2_count_15d,0.00014613293332125382,0.00010517755152383151
catboost,A,4,0,availability_s2_count_30d,-1.033481882789511e-05,1.6568945176986816e-07
catboost,A,4,0,source_calendar_s2_local_count,-1.3099394305098044e-05,9.462834611430326e-06
catboost,A,4,0,source_calendar_s2_same_date_count,-3.1277312290828307e-06,8.817309999242795e-05
catboost,A,4,0,source_calendar_s2_fit_count,0.0,0.0
catboost,A,4,0,availability_landsat_days_since,-5.401326228796077e-06,1.5649012701207665e-05
catboost,A,4,0,availability_landsat_days_until,4.304467041256477e-06,5.738457765282201e-06
catboost,A,4,0,availability_landsat_same_date_count,-9.520511820652194e-05,8.213345407716288e-06
catboost,A,4,0,availability_landsat_count_7d,3.813430927373379e-05,7.32236450367435e-06
catboost,A,4,0,availability_landsat_count_15d,0.00010526706405154795,1.577403900361596e-05
catboost,A,4,0,availability_landsat_count_30d,0.00011922954511092709,6.899219200857953e-05
catboost,A,4,0,source_calendar_landsat_local_count,-1.740247762865854e-05,1.3852469076230944e-05
catboost,A,4,0,source_calendar_landsat_same_date_count,2.7919456105980622e-05,1.416864320637895e-05
catboost,A,4,0,source_calendar_landsat_fit_count,0.0,0.0
catboost,A,4,0,availability_modis_days_since,-2.0238082804394097e-06,4.0932994251181853e-05
catboost,A,4,0,availability_modis_days_until,3.20273249543937e-05,4.336994525226678e-06
catboost,A,4,0,availability_modis_same_date_count,0.0017236259795089942,0.0003899599156961253
catboost,A,4,0,availability_modis_count_7d,-2.8316859030999564e-06,4.8514806094600293e-05
catboost,A,4,0,availability_modis_count_15d,0.00015578593533214363,4.453527663014073e-05
catboost,A,4,0,availability_modis_count_30d,3.688424959377712e-05,8.065177911437127e-06
catboost,A,4,0,source_calendar_modis_local_count,-2.3989962690845745e-05,9.229820077463757e-06
catboost,A,4,0,source_calendar_modis_same_date_count,0.0022454756498516346,0.0005041464599440035
catboost,A,4,0,source_calendar_modis_fit_count,0.0,0.0
catboost,A,4,0,p_s2,0.0029776123530516965,8.289104269700726e-05
catboost,A,4,0,p_landsat,0.0005387754040488898,4.017585215480152e-05
catboost,A,4,0,p_modis,0.001721026412748121,0.0007527390281299381
catboost,A,4,0,p_unknown,0.0,0.0
catboost,A,4,0,source_confidence,-0.0001414021922665487,2.0752532277207303e-06
catboost,A,4,0,source_unknown_local_count,0.0,0.0
catboost,A,4,0,pchip_interpolation,0.0010339386683873922,1.9073382148897255e-05
catboost,A,4,0,akima_interpolation,0.0001936047602114216,2.6702039392006993e-05
catboost,A,4,0,left_days_1,-3.3378895410982046e-05,1.813832969846385e-05
catboost,A,4,0,left_days_2,-3.546727832082208e-05,1.3540671462600185e-05
catboost,A,4,0,left_days_3,6.035302757105565e-05,5.039859188760154e-06
catboost,A,4,0,left_days_4,-2.6159642718605325e-05,3.958600209531121e-05
catboost,A,4,0,right_days_1,5.1996030871533094e-05,3.845018870969608e-06
catboost,A,4,0,right_days_2,7.796289756063779e-06,1.692171535489645e-05
catboost,A,4,0,right_days_3,-4.518007597500984e-06,1.330564553295166e-05
catboost,A,4,0,right_days_4,7.38735166928503e-05,7.728260606722215e-06
catboost,B,0,0,anon_polygon_id,0.0,0.0
catboost,B,0,0,date,0.0,0.0
catboost,B,0,0,crop_type,0.00013358407891877339,1.693429071552427e-05
catboost,B,0,0,year,4.749263534997716e-06,8.625560599891113e-05
catboost,B,0,0,month,0.00011818335924137363,0.00010962287648435404
catboost,B,0,0,doy,5.1376280143324016e-05,5.396971639801129e-07
catboost,B,0,0,iso_week,5.6980534747883005e-05,2.394033905421533e-05
catboost,B,0,0,sin_doy,1.3380870926338329e-05,5.0062870783865177e-05
catboost,B,0,0,cos_doy,0.0003723828328976858,2.3900349638006357e-06
catboost,B,0,0,prior_polygon_crop_season_median,0.0,0.0
catboost,B,0,0,prior_polygon_crop_season_iqr,0.0,0.0
catboost,B,0,0,prior_polygon_crop_season_count,0.0,0.0
catboost,B,0,0,prior_polygon_crop_median,0.0,0.0
catboost,B,0,0,prior_polygon_crop_iqr,0.0,0.0
catboost,B,0,0,prior_polygon_crop_count,0.0,0.0
catboost,B,0,0,prior_crop_season_median,0.00010515084029434629,0.0001637674804065431
catboost,B,0,0,prior_crop_season_iqr,-1.8624518935854428e-05,2.9790386798782265e-05
catboost,B,0,0,prior_crop_season_count,-1.1593373999210788e-05,4.8583060265477984e-05
catboost,B,0,0,prior_crop_median,0.00025374134789884345,3.080085925732251e-05
catboost,B,0,0,prior_crop_iqr,4.714377398774838e-06,8.347459164941007e-06
catboost,B,0,0,prior_crop_count,0.0,0.0
catboost,B,0,0,prior_global_season_median,5.904450870083955e-05,4.4939586251832586e-05
catboost,B,0,0,prior_global_season_iqr,-3.3776836856486137e-05,1.1328193223303362e-05
catboost,B,0,0,prior_global_season_count,1.3654640193816459e-05,7.845145815060794e-07
catboost,B,0,0,prior_polygon_crop_year_median,0.0,0.0
catboost,B,0,0,prior_polygon_crop_year_iqr,0.0,0.0
catboost,B,0,0,prior_polygon_crop_year_count,0.0,0.0
catboost,B,0,0,prior_crop_year_median,0.00015774605240837652,8.3947177535737e-08
catboost,B,0,0,prior_crop_year_iqr,1.498245468245507e-05,1.4122109215947143e-05
catboost,B,0,0,prior_crop_year_count,-6.419308820049957e-05,2.282930140926759e-05
catboost,B,0,0,seasonal_prior,1.9259104768569457e-05,2.4857986036137814e-05
catboost,B,0,0,seasonal_prior_level,0.0,0.0
catboost,B,0,0,crop_seasonal_prior,-5.6450572512523056e-05,7.759348285479861e-06
catboost,B,0,0,prior_global_median,0.0,0.0
catboost,B,0,0,prior_global_iqr,0.0,0.0
catboost,B,0,0,seen_polygon,0.0,0.0
catboost,B,0,0,crop_frequency,0.0,0.0
catboost,B,0,0,fit_target_count,0.0,0.0
catboost,B,0,0,target_left_1,0.00010439110357112619,0.00011685497231962022
catboost,B,0,0,target_left_1_raw,0.0002877702346820721,0.0002013813749223159
catboost,B,0,0,target_left_1_cleaned,1.610661773018135e-05,8.543149144155798e-05
catboost,B,0,0,target_left_1_invalid_flag,0.0,0.0
catboost,B,0,0,target_left_1_missing_flag,-2.841578583753779e-06,2.781561279224798e-06
catboost,B,0,0,days_left_1,1.4876311940276166e-05,2.4108031941583175e-07
catboost,B,0,0,target_left_2,0.0001715897459253629,3.0484378991696426e-05
catboost,B,0,0,target_left_2_raw,0.0003282411905317223,0.0005306581432168445
catboost,B,0,0,target_left_2_cleaned,0.0001855094513653066,0.0001067327665233847
catboost,B,0,0,target_left_2_invalid_flag,0.0,0.0
catboost,B,0,0,target_left_2_missing_flag,-4.403348557231734e-06,6.654328577083979e-06
catboost,B,0,0,days_left_2,2.0996262546299493e-05,3.6653133668920757e-05
catboost,B,0,0,target_left_3,0.00013063890002622258,6.66284137560702e-05
catboost,B,0,0,target_left_3_raw,0.00011630454480126423,0.00011608728312554467
catboost,B,0,0,target_left_3_cleaned,0.00017033555103537767,0.00030883795821939897
catboost,B,0,0,target_left_3_invalid_flag,0.0,0.0
catboost,B,0,0,target_left_3_missing_flag,-8.663894621143559e-05,8.360415378932257e-05
catboost,B,0,0,days_left_3,-4.6576378082571757e-05,5.305161880436726e-06
catboost,B,0,0,target_left_4,1.0980256382707443e-05,1.1701723970351796e-05
catboost,B,0,0,target_left_4_raw,6.44548337207021e-05,3.5732204412337876e-05
catboost,B,0,0,target_left_4_cleaned,5.323381871335381e-05,3.4204182683315876e-05
catboost,B,0,0,target_left_4_invalid_flag,0.0,0.0
catboost,B,0,0,target_left_4_missing_flag,9.995022988894264e-06,9.28596584905822e-06
catboost,B,0,0,days_left_4,-6.0732429431324675e-05,3.1267977123890234e-05
catboost,B,0,0,target_right_1,-2.6821723528677732e-05,6.65137140938854e-05
catboost,B,0,0,target_right_1_raw,3.250333353643775e-05,0.0001174439983071679
catboost,B,0,0,target_right_1_cleaned,1.1179979539331641e-05,1.4121282623798248e-05
catboost,B,0,0,target_right_1_invalid_flag,0.0,0.0
catboost,B,0,0,target_right_1_missing_flag,0.0,0.0
catboost,B,0,0,days_right_1,5.927054370191698e-06,2.859154522026619e-05
catboost,B,0,0,target_right_2,-2.0813141782635713e-05,7.717439189142139e-05
catboost,B,0,0,target_right_2_raw,-7.489784882155209e-05,0.0002098045548358865
catboost,B,0,0,target_right_2_cleaned,0.0003470051598710583,0.00014858397856620797
catboost,B,0,0,target_right_2_invalid_flag,0.0,0.0
catboost,B,0,0,target_right_2_missing_flag,0.0,0.0
catboost,B,0,0,days_right_2,1.0599017043623482e-05,9.116824790586509e-07
catboost,B,0,0,target_right_3,6.622449748943521e-05,8.850420843940776e-06
catboost,B,0,0,target_right_3_raw,4.1716410288286654e-05,1.691373457025913e-05
catboost,B,0,0,target_right_3_cleaned,-1.434101605327781e-05,0.0001456500558071963
catboost,B,0,0,target_right_3_invalid_flag,0.0,0.0
catboost,B,0,0,target_right_3_missing_flag,0.0,0.0
catboost,B,0,0,days_right_3,1.8222019727634486e-06,3.2603461952371293e-06
catboost,B,0,0,target_right_4,1.708751357697852e-05,4.573605653266505e-05
catboost,B,0,0,target_right_4_raw,-2.7461399127612363e-05,6.9852674757509e-06
catboost,B,0,0,target_right_4_cleaned,-3.864974135045496e-05,1.925914795182504e-05
catboost,B,0,0,target_right_4_invalid_flag,0.0,0.0
catboost,B,0,0,target_right_4_missing_flag,-3.2218834323596846e-06,3.5505403023147752e-06
catboost,B,0,0,days_right_4,-7.161529593303906e-05,5.387525979450025e-06
catboost,B,0,0,linear_interpolation,0.0006264552403790966,0.0003431759968955464
catboost,B,0,0,mean_neighbors,0.0068888144770921575,0.0009192158945667064
catboost,B,0,0,local_slope,-4.284395369365257e-05,0.00010923768250194199
catboost,B,0,0,local_level,0.023395333868707464,0.0004884530067546453
catboost,B,0,0,local_iqr,0.00011672062825538593,0.00013109113791464483
catboost,B,0,0,local_curvature,0.0005019676404754217,6.618119231492636e-06
catboost,B,0,0,target_count_7d,3.250881703695252e-05,2.016778505929684e-05
catboost,B,0,0,target_density_7d,7.588628517664342e-06,3.2228303229887845e-05
catboost,B,0,0,target_count_15d,3.382294997943125e-05,1.7265537507055173e-06
catboost,B,0,0,target_density_15d,3.855848733072542e-05,1.4236981379631142e-05
catboost,B,0,0,target_count_30d,0.0,0.0
catboost,B,0,0,target_density_30d,-2.3689566871140655e-06,4.01255208454937e-06
catboost,B,0,0,gap_run_length,-4.6061158841669e-05,4.485940762232604e-05
catboost,B,0,0,gap_run_position,3.829947645019732e-05,1.1128925983948379e-05
catboost,B,0,0,left_missing,-5.849065916337798e-05,5.568321404660764e-05
catboost,B,0,0,right_missing,0.0,0.0
catboost,B,0,0,is_edge,-0.0001738515172470187,0.00017544976800883821
catboost,B,0,0,context_quality,-0.00011401328463703925,0.00010411686058583308
catboost,B,0,0,same_date_target_count,-7.556996637347879e-07,0.00010939175236387988
catboost,B,0,0,same_date_target_median,0.0010626808723661271,0.0002015862505582791
catboost,B,0,0,same_date_target_iqr,8.659567001990248e-05,4.423593345990323e-05
catboost,B,0,0,primary_ndvi_raw,0.0,0.0
catboost,B,0,0,primary_ndvi_cleaned,0.0,0.0
catboost,B,0,0,primary_ndvi_invalid_flag,0.0,0.0
catboost,B,0,0,primary_ndvi_missing_flag,0.0,0.0
catboost,B,0,0,primary_ndvi_interpolated,0.003185326140037338,0.0004502754065547135
catboost,B,0,0,primary_ndvi_left,-2.4091244938219403e-05,3.6605259839735116e-05
catboost,B,0,0,primary_ndvi_right,-2.786860625738491e-05,0.00018951261830326555
catboost,B,0,0,primary_ndvi_days_since,-9.877675143810105e-05,7.131949282576655e-06
catboost,B,0,0,primary_ndvi_days_until,2.7142552402062425e-05,1.0299376525052528e-05
catboost,B,0,0,primary_ndvi_context_median,0.003671348396932346,0.0016031137242827828
catboost,B,0,0,primary_ndvi_context_iqr,-1.932974479195576e-05,8.850214017323138e-05
catboost,B,0,0,primary_ndvi_context_count,0.0,0.0
catboost,B,0,0,primary_ndvi_context_invalid_count,0.0,0.0
catboost,B,0,0,s2_ndvi_raw,0.0,0.0
catboost,B,0,0,s2_ndvi_cleaned,0.0,0.0
catboost,B,0,0,s2_ndvi_invalid_flag,0.0,0.0
catboost,B,0,0,s2_ndvi_missing_flag,0.0,0.0
catboost,B,0,0,s2_ndvi_interpolated,2.248884483564695e-05,6.995337455170669e-06
catboost,B,0,0,s2_ndvi_left,0.00025873356168291256,0.00019788145390025463
catboost,B,0,0,s2_ndvi_right,-2.5394394108965712e-05,1.8261021527646304e-05
catboost,B,0,0,s2_ndvi_days_since,-2.0181177728922917e-05,8.083800537572738e-07
catboost,B,0,0,s2_ndvi_days_until,5.336140993619787e-05,2.8084596333785572e-05
catboost,B,0,0,s2_ndvi_context_median,6.808884211038924e-05,0.00010204726564680411
catboost,B,0,0,s2_ndvi_context_iqr,2.4939698195537707e-05,8.14113201650507e-06
catboost,B,0,0,s2_ndvi_context_count,-2.3633527404878785e-06,1.1804236002624369e-06
catboost,B,0,0,s2_ndvi_context_invalid_count,0.0,0.0
catboost,B,0,0,s2_evi_raw,0.0,0.0
catboost,B,0,0,s2_evi_cleaned,0.0,0.0
catboost,B,0,0,s2_evi_invalid_flag,0.0,0.0
catboost,B,0,0,s2_evi_missing_flag,0.0,0.0
catboost,B,0,0,s2_evi_interpolated,-4.192449973064449e-05,1.2231392500089422e-06
catboost,B,0,0,s2_evi_left,-2.167113539557064e-06,0.0001143801528940766
catboost,B,0,0,s2_evi_right,-0.0002352925215708332,5.242898114314609e-06
catboost,B,0,0,s2_evi_days_since,-1.8644922152366572e-05,1.0983694260641164e-06
catboost,B,0,0,s2_evi_days_until,-1.5944288409390495e-05,6.686935171869995e-05
catboost,B,0,0,s2_evi_context_median,-0.00012140674405361485,2.535366279370066e-05
catboost,B,0,0,s2_evi_context_iqr,7.449077750276006e-05,1.667207333363313e-05
catboost,B,0,0,s2_evi_context_count,0.0,0.0
catboost,B,0,0,s2_evi_context_invalid_count,-1.4038828500408107e-05,3.8928280119560066e-07
catboost,B,0,0,s2_ndwi_raw,0.0,0.0
catboost,B,0,0,s2_ndwi_cleaned,0.0,0.0
catboost,B,0,0,s2_ndwi_invalid_flag,0.0,0.0
catboost,B,0,0,s2_ndwi_missing_flag,0.0,0.0
catboost,B,0,0,s2_ndwi_interpolated,-4.277662244665803e-06,5.4617105999868465e-06
catboost,B,0,0,s2_ndwi_left,-5.988784385749235e-06,9.53378772118596e-06
catboost,B,0,0,s2_ndwi_right,-5.397920508445203e-05,3.1015788859715954e-05
catboost,B,0,0,s2_ndwi_days_since,3.0572158676883676e-05,3.5960889313457756e-05
catboost,B,0,0,s2_ndwi_days_until,6.624149618742609e-05,7.0734106306577504e-06
catboost,B,0,0,s2_ndwi_context_median,6.016440264695888e-05,0.0001305052903079057
catboost,B,0,0,s2_ndwi_context_iqr,-4.9901637736188276e-05,1.9768158683625137e-05
catboost,B,0,0,s2_ndwi_context_count,-9.268571811854587e-07,8.718463837820156e-07
catboost,B,0,0,s2_ndwi_context_invalid_count,0.0,0.0
catboost,B,0,0,landsat_ndvi_raw,0.0,0.0
catboost,B,0,0,landsat_ndvi_cleaned,0.0,0.0
catboost,B,0,0,landsat_ndvi_invalid_flag,0.0,0.0
catboost,B,0,0,landsat_ndvi_missing_flag,0.0,0.0
catboost,B,0,0,landsat_ndvi_interpolated,0.01146133705000664,0.0017198441293084649
catboost,B,0,0,landsat_ndvi_left,0.0003972890491430042,0.000129798463114561
catboost,B,0,0,landsat_ndvi_right,0.0001414614803076919,7.525467126387464e-06
catboost,B,0,0,landsat_ndvi_days_since,1.819218274001083e-05,2.4006309467049236e-05
catboost,B,0,0,landsat_ndvi_days_until,1.144625291507606e-05,1.544060706729078e-05
catboost,B,0,0,landsat_ndvi_context_median,0.0005822512007827643,0.000832325571187266
catboost,B,0,0,landsat_ndvi_context_iqr,3.910365371219415e-05,7.587497587516201e-06
catboost,B,0,0,landsat_ndvi_context_count,3.68638968645113e-05,1.0031520581862963e-05
catboost,B,0,0,landsat_ndvi_context_invalid_count,0.0,0.0
catboost,B,0,0,landsat_evi_raw,0.0,0.0
catboost,B,0,0,landsat_evi_cleaned,0.0,0.0
catboost,B,0,0,landsat_evi_invalid_flag,0.0,0.0
catboost,B,0,0,landsat_evi_missing_flag,0.0,0.0
catboost,B,0,0,landsat_evi_interpolated,0.008322552836697562,0.0002928385085069693
catboost,B,0,0,landsat_evi_left,1.3275129594918222e-05,0.00011506254911305275
catboost,B,0,0,landsat_evi_right,-3.353351723177356e-05,7.292268281147707e-05
catboost,B,0,0,landsat_evi_days_since,6.991512506415026e-05,3.0483930580568752e-06
catboost,B,0,0,landsat_evi_days_until,-1.1483810292846341e-05,2.042704026068015e-05
catboost,B,0,0,landsat_evi_context_median,-0.000231596749551706,0.000320559312071568
catboost,B,0,0,landsat_evi_context_iqr,-2.8335608462486117e-05,2.2184566342571543e-05
catboost,B,0,0,landsat_evi_context_count,4.151565738693547e-05,3.644384603117279e-06
catboost,B,0,0,landsat_evi_context_invalid_count,0.0,0.0
catboost,B,0,0,landsat_ndwi_raw,0.0,0.0
catboost,B,0,0,landsat_ndwi_cleaned,0.0,0.0
catboost,B,0,0,landsat_ndwi_invalid_flag,0.0,0.0
catboost,B,0,0,landsat_ndwi_missing_flag,0.0,0.0
catboost,B,0,0,landsat_ndwi_interpolated,-9.654167713205042e-05,0.0002648864108050625
catboost,B,0,0,landsat_ndwi_left,3.322865114084583e-05,0.00010545238682996283
catboost,B,0,0,landsat_ndwi_right,-5.640835363174973e-05,2.3590798399343582e-05
catboost,B,0,0,landsat_ndwi_days_since,2.3874473508260496e-05,2.1554257711796365e-05
catboost,B,0,0,landsat_ndwi_days_until,5.0892199196912735e-05,3.3225511558224174e-06
catboost,B,0,0,landsat_ndwi_context_median,1.7713844735367523e-05,5.86500752398772e-05
catboost,B,0,0,landsat_ndwi_context_iqr,-3.1307424866733324e-06,1.4632597881397702e-05
catboost,B,0,0,landsat_ndwi_context_count,4.596596277237075e-05,2.759882459998919e-06
catboost,B,0,0,landsat_ndwi_context_invalid_count,-1.7118627541147513e-05,1.2498550860932933e-05
catboost,B,0,0,modis_ndvi_raw,0.0,0.0
catboost,B,0,0,modis_ndvi_cleaned,0.0,0.0
catboost,B,0,0,modis_ndvi_invalid_flag,0.0,0.0
catboost,B,0,0,modis_ndvi_missing_flag,0.0,0.0
catboost,B,0,0,modis_ndvi_interpolated,0.0029299075967326588,0.0014467620725369529
catboost,B,0,0,modis_ndvi_left,-0.00010967087779021473,8.871083881110964e-06
catboost,B,0,0,modis_ndvi_right,0.00012292020799915815,5.403217479098277e-05
catboost,B,0,0,modis_ndvi_days_since,-1.2316676746608468e-05,1.8934809585112455e-05
catboost,B,0,0,modis_ndvi_days_until,-5.550025497569333e-06,6.478827494688089e-06
catboost,B,0,0,modis_ndvi_context_median,-7.06224198031638e-05,0.00011440574856732416
catboost,B,0,0,modis_ndvi_context_iqr,-5.0008021086227206e-05,6.105426679738762e-05
catboost,B,0,0,modis_ndvi_context_count,-1.8351968367122384e-06,4.715656461852513e-06
catboost,B,0,0,modis_ndvi_context_invalid_count,0.0,0.0
catboost,B,0,0,modis_evi_raw,0.0,0.0
catboost,B,0,0,modis_evi_cleaned,0.0,0.0
catboost,B,0,0,modis_evi_invalid_flag,0.0,0.0
catboost,B,0,0,modis_evi_missing_flag,0.0,0.0
catboost,B,0,0,modis_evi_interpolated,0.00099050063765415,0.0010293299152640892
catboost,B,0,0,modis_evi_left,6.924706831039351e-05,3.87578403079486e-05
catboost,B,0,0,modis_evi_right,-7.997739913373492e-05,2.789870051599086e-05
catboost,B,0,0,modis_evi_days_since,2.580408686588681e-05,4.703593521403898e-05
catboost,B,0,0,modis_evi_days_until,-1.303359455709363e-06,9.581207752934473e-06
catboost,B,0,0,modis_evi_context_median,4.1595572961017346e-05,2.2794065507342198e-05
catboost,B,0,0,modis_evi_context_iqr,2.007539648607448e-05,6.83676526760102e-05
catboost,B,0,0,modis_evi_context_count,7.679988008840732e-05,4.5821534157136634e-05
catboost,B,0,0,modis_evi_context_invalid_count,0.0,0.0
catboost,B,0,0,era5_temp_c_raw,0.0,0.0
catboost,B,0,0,era5_temp_c_cleaned,0.0,0.0
catboost,B,0,0,era5_temp_c_invalid_flag,0.0,0.0
catboost,B,0,0,era5_temp_c_missing_flag,0.0,0.0
catboost,B,0,0,era5_temp_c_interpolated,-1.2674324028003059e-06,4.514440649215634e-06
catboost,B,0,0,era5_temp_c_left,-1.830128166717404e-05,5.707946676467013e-06
catboost,B,0,0,era5_temp_c_right,-4.9112572036234814e-05,3.69886317639484e-06
catboost,B,0,0,era5_temp_c_days_since,4.493052952699028e-06,1.5246445727451485e-07
catboost,B,0,0,era5_temp_c_days_until,6.42538523408509e-07,8.002642534060689e-08
catboost,B,0,0,era5_temp_c_context_median,-2.2211813141388703e-05,4.2337893009232463e-05
catboost,B,0,0,era5_temp_c_context_iqr,2.69938482402865e-05,2.0915692999501356e-05
catboost,B,0,0,era5_temp_c_context_count,-4.075831794347895e-05,2.237819649987538e-05
catboost,B,0,0,era5_temp_c_context_invalid_count,0.0,0.0
catboost,B,0,0,era5_temp_c_same_date,1.5421112247407387e-05,5.642399583585811e-05
catboost,B,0,0,era5_temp_c_same_date_count,0.0,0.0
catboost,B,0,0,era5_temp_c_reconstructed,-2.3253330177226694e-05,1.0907030977579113e-05
catboost,B,0,0,era5_temp_c_available,0.0,0.0
catboost,B,0,0,era5_precip_mm_raw,0.0,0.0
catboost,B,0,0,era5_precip_mm_cleaned,0.0,0.0
catboost,B,0,0,era5_precip_mm_invalid_flag,0.0,0.0
catboost,B,0,0,era5_precip_mm_missing_flag,0.0,0.0
catboost,B,0,0,era5_precip_mm_interpolated,-5.119612261202111e-05,5.981116346989723e-06
catboost,B,0,0,era5_precip_mm_left,0.00012198884034177876,0.00024063711790350134
catboost,B,0,0,era5_precip_mm_right,2.7179485619956145e-05,7.801966894741691e-05
catboost,B,0,0,era5_precip_mm_days_since,4.573755190903639e-06,3.3375928928519594e-06
catboost,B,0,0,era5_precip_mm_days_until,-1.2832739746809763e-06,4.4034962237704534e-07
catboost,B,0,0,era5_precip_mm_context_median,-4.274185558388738e-05,6.672227714692863e-05
catboost,B,0,0,era5_precip_mm_context_iqr,-2.841620434626546e-05,3.275565415510051e-05
catboost,B,0,0,era5_precip_mm_context_count,0.0,0.0
catboost,B,0,0,era5_precip_mm_context_invalid_count,9.48251917681775e-08,1.4497080363384818e-06
catboost,B,0,0,era5_precip_mm_same_date,6.210123208490181e-05,0.00010128456828147059
catboost,B,0,0,era5_precip_mm_same_date_count,5.17454184189442e-06,2.5964742250764172e-06
catboost,B,0,0,era5_precip_mm_reconstructed,3.720357694374926e-05,6.900565244210427e-05
catboost,B,0,0,era5_precip_mm_available,0.0,0.0
catboost,B,0,0,availability_s2_days_since,3.1879988588376373e-06,8.823722213238683e-07
catboost,B,0,0,availability_s2_days_until,1.274135328775683e-05,1.602924353574786e-05
catboost,B,0,0,availability_s2_same_date_count,-0.00016003646672975436,1.4833717678811031e-05
catboost,B,0,0,availability_s2_count_7d,-1.7448440500569817e-05,3.86221012532717e-06
catboost,B,0,0,availability_s2_count_15d,1.6371953553251384e-05,1.2793173577649308e-05
catboost,B,0,0,availability_s2_count_30d,0.0,0.0
catboost,B,0,0,source_calendar_s2_local_count,0.0,0.0
catboost,B,0,0,source_calendar_s2_same_date_count,-0.00018703827261345313,2.0699015427096124e-05
catboost,B,0,0,source_calendar_s2_fit_count,0.0,0.0
catboost,B,0,0,availability_landsat_days_since,0.00010626568173077722,1.524871177040199e-05
catboost,B,0,0,availability_landsat_days_until,8.381238170064587e-05,2.4385126353373976e-05
catboost,B,0,0,availability_landsat_same_date_count,1.0985908665168964e-05,6.682509154305044e-05
catboost,B,0,0,availability_landsat_count_7d,1.904951931571558e-05,3.7621693440084703e-06
catboost,B,0,0,availability_landsat_count_15d,0.00021962383495877785,0.00013735420609369692
catboost,B,0,0,availability_landsat_count_30d,1.553848820280701e-05,3.1249616097711597e-06
catboost,B,0,0,source_calendar_landsat_local_count,9.725422197404132e-06,9.79517987126366e-06
catboost,B,0,0,source_calendar_landsat_same_date_count,2.5703839051760546e-05,9.696784838419958e-06
catboost,B,0,0,source_calendar_landsat_fit_count,0.0,0.0
catboost,B,0,0,availability_modis_days_since,5.559634215682174e-06,1.2547760112363582e-05
catboost,B,0,0,availability_modis_days_until,0.0,0.0
catboost,B,0,0,availability_modis_same_date_count,0.0016584705150868156,0.00010758252159305537
catboost,B,0,0,availability_modis_count_7d,7.805062967186638e-06,9.709139175417825e-06
catboost,B,0,0,availability_modis_count_15d,-0.00010031523434814171,8.190013041822763e-06
catboost,B,0,0,availability_modis_count_30d,3.603919211786488e-05,6.47324866303034e-05
catboost,B,0,0,source_calendar_modis_local_count,-1.2533518543002276e-05,6.165426761385595e-06
catboost,B,0,0,source_calendar_modis_same_date_count,0.0004338135404705068,5.061200233912044e-05
catboost,B,0,0,source_calendar_modis_fit_count,0.0,0.0
catboost,B,0,0,p_s2,0.0022075011187693214,1.8513310651523118e-05
catboost,B,0,0,p_landsat,7.920854319171805e-05,0.00012541954537787642
catboost,B,0,0,p_modis,0.000969961796717142,0.00020660497084468155
catboost,B,0,0,p_unknown,0.0,0.0
catboost,B,0,0,source_confidence,3.151180445813695e-05,1.8180173802423427e-05
catboost,B,0,0,source_unknown_local_count,0.0,0.0
catboost,B,0,0,pchip_interpolation,0.0019334758572270502,0.0004220957982562293
catboost,B,0,0,akima_interpolation,0.00010401761501116491,5.3256690712460975e-05
catboost,B,0,0,left_days_1,5.09424500966249e-06,9.454797490482392e-07
catboost,B,0,0,left_days_2,-3.430855129794852e-05,1.441087719636358e-05
catboost,B,0,0,left_days_3,-1.870005444467443e-05,1.6668270956511633e-05
catboost,B,0,0,left_days_4,-8.741794826358507e-05,8.401619911030389e-07
catboost,B,0,0,right_days_1,4.6660487207778045e-05,2.2937829363911533e-05
catboost,B,0,0,right_days_2,2.0483311734958987e-06,6.157810437418254e-06
catboost,B,0,0,right_days_3,-4.551378408441942e-06,9.83366167538885e-06
catboost,B,0,0,right_days_4,-6.347084108798001e-05,3.050562784399913e-06
catboost,B,0,1,anon_polygon_id,0.0,0.0
catboost,B,0,1,date,0.0,0.0
catboost,B,0,1,crop_type,6.431381464453573e-05,5.669855129911139e-07
catboost,B,0,1,year,5.38894920534827e-05,2.795920863210566e-05
catboost,B,0,1,month,0.00013279527026100607,1.2141761808463769e-05
catboost,B,0,1,doy,5.606158525142679e-06,0.00010237602213367114
catboost,B,0,1,iso_week,-1.1503556985210939e-05,5.1684997485944295e-05
catboost,B,0,1,sin_doy,0.00022162519914733364,0.00010472158832926931
catboost,B,0,1,cos_doy,9.831200083967179e-05,2.4177064714935026e-05
catboost,B,0,1,prior_polygon_crop_season_median,0.0,0.0
catboost,B,0,1,prior_polygon_crop_season_iqr,0.0,0.0
catboost,B,0,1,prior_polygon_crop_season_count,0.0,0.0
catboost,B,0,1,prior_polygon_crop_median,0.0,0.0
catboost,B,0,1,prior_polygon_crop_iqr,0.0,0.0
catboost,B,0,1,prior_polygon_crop_count,0.0,0.0
catboost,B,0,1,prior_crop_season_median,4.65776928701353e-05,1.2989726799271517e-05
catboost,B,0,1,prior_crop_season_iqr,-5.473785619068694e-06,1.0008519339944899e-05
catboost,B,0,1,prior_crop_season_count,-3.349657903170544e-05,0.00012841071386175684
catboost,B,0,1,prior_crop_median,2.6347154057082545e-07,2.636219052926103e-05
catboost,B,0,1,prior_crop_iqr,2.7778626490851388e-05,2.4740501445935648e-05
catboost,B,0,1,prior_crop_count,-2.4338485337331572e-05,2.7334063296739763e-05
catboost,B,0,1,prior_global_season_median,3.7897599719075026e-05,4.693230358744638e-05
catboost,B,0,1,prior_global_season_iqr,0.00012820091304213688,0.00016605041040790303
catboost,B,0,1,prior_global_season_count,-9.767811574336316e-06,2.2595872268667272e-05
catboost,B,0,1,prior_polygon_crop_year_median,0.0,0.0
catboost,B,0,1,prior_polygon_crop_year_iqr,0.0,0.0
catboost,B,0,1,prior_polygon_crop_year_count,0.0,0.0
catboost,B,0,1,prior_crop_year_median,2.9642513704457307e-05,2.9655813425781552e-05
catboost,B,0,1,prior_crop_year_iqr,-0.000261884515219607,0.00023119109904683188
catboost,B,0,1,prior_crop_year_count,2.8142435187422654e-05,2.6188067407145743e-05
catboost,B,0,1,seasonal_prior,0.000156209557891189,1.605361111949727e-05
catboost,B,0,1,seasonal_prior_level,0.0,0.0
catboost,B,0,1,crop_seasonal_prior,7.836424914051121e-05,1.7603698635057508e-05
catboost,B,0,1,prior_global_median,0.0,0.0
catboost,B,0,1,prior_global_iqr,0.0,0.0
catboost,B,0,1,seen_polygon,0.0,0.0
catboost,B,0,1,crop_frequency,2.3104544251487114e-06,4.75514878405664e-06
catboost,B,0,1,fit_target_count,0.0,0.0
catboost,B,0,1,target_left_1,-5.043884225283679e-05,0.0001803120434292621
catboost,B,0,1,target_left_1_raw,-2.7672483159102423e-08,2.950044625173176e-06
catboost,B,0,1,target_left_1_cleaned,3.789435917399275e-05,4.898922380938697e-05
catboost,B,0,1,target_left_1_invalid_flag,0.0,0.0
catboost,B,0,1,target_left_1_missing_flag,3.982614262723616e-06,6.557041482696535e-07
catboost,B,0,1,days_left_1,-0.00018829891858913872,4.433199110920327e-06
catboost,B,0,1,target_left_2,-0.00031857936666092324,0.00025821084377655734
catboost,B,0,1,target_left_2_raw,9.301636308997607e-05,0.00028728158412559546
catboost,B,0,1,target_left_2_cleaned,-6.521984064332409e-05,0.00016360960217125242
catboost,B,0,1,target_left_2_invalid_flag,0.0,0.0
catboost,B,0,1,target_left_2_missing_flag,-3.820879977668723e-05,8.415141204240473e-06
catboost,B,0,1,days_left_2,-1.921976913286244e-05,5.1667053902935967e-05
catboost,B,0,1,target_left_3,-8.473466218332504e-05,1.887838810342435e-05
catboost,B,0,1,target_left_3_raw,-0.00017593524999970356,1.0039566225444885e-06
catboost,B,0,1,target_left_3_cleaned,-3.5776551177514604e-05,2.1037896409885348e-05
catboost,B,0,1,target_left_3_invalid_flag,0.0,0.0
catboost,B,0,1,target_left_3_missing_flag,-3.249479200565647e-05,1.3784938177975603e-05
catboost,B,0,1,days_left_3,2.1446809339457917e-05,1.3966209012825082e-06
catboost,B,0,1,target_left_4,2.6919245985954077e-05,5.734965793489921e-05
catboost,B,0,1,target_left_4_raw,-8.843336592179174e-06,4.154152236447717e-05
catboost,B,0,1,target_left_4_cleaned,2.3710365421578117e-05,2.0574666683398357e-05
catboost,B,0,1,target_left_4_invalid_flag,0.0,0.0
catboost,B,0,1,target_left_4_missing_flag,-1.0840304521073096e-05,2.0621169574408516e-06
catboost,B,0,1,days_left_4,-5.7113571260564155e-05,4.92714981589204e-05
catboost,B,0,1,target_right_1,8.410583298502916e-05,2.722197289797834e-05
catboost,B,0,1,target_right_1_raw,0.0005785249490771888,0.00027142803254789905
catboost,B,0,1,target_right_1_cleaned,-1.55466719323899e-06,7.971147503129522e-05
catboost,B,0,1,target_right_1_invalid_flag,0.0,0.0
catboost,B,0,1,target_right_1_missing_flag,0.0,0.0
catboost,B,0,1,days_right_1,4.071800201801978e-06,1.2076811732320003e-06
catboost,B,0,1,target_right_2,0.00019741137787231827,0.00010440325945331591
catboost,B,0,1,target_right_2_raw,-0.00019279115829731047,4.360140180503097e-05
catboost,B,0,1,target_right_2_cleaned,4.519330370574004e-05,1.5389702493581736e-05
catboost,B,0,1,target_right_2_invalid_flag,0.0,0.0
catboost,B,0,1,target_right_2_missing_flag,-2.8156806360715714e-06,1.5117567499917106e-07
catboost,B,0,1,days_right_2,2.8774256596551806e-05,1.8059578963565415e-05
catboost,B,0,1,target_right_3,0.0001039744262670006,7.914644019856032e-05
catboost,B,0,1,target_right_3_raw,-0.0001539984899301336,3.753886148188251e-05
catboost,B,0,1,target_right_3_cleaned,-6.248494135587673e-05,1.4276295939079364e-05
catboost,B,0,1,target_right_3_invalid_flag,0.0,0.0
catboost,B,0,1,target_right_3_missing_flag,-9.655481703826907e-07,9.22136648297267e-07
catboost,B,0,1,days_right_3,6.103793871305163e-05,4.75653247832275e-05
catboost,B,0,1,target_right_4,-0.0003398028285813079,3.498983095350655e-05
catboost,B,0,1,target_right_4_raw,-0.00021527113432913414,4.703420097290634e-05
catboost,B,0,1,target_right_4_cleaned,-9.763038284103104e-05,9.311026128624306e-05
catboost,B,0,1,target_right_4_invalid_flag,0.0,0.0
catboost,B,0,1,target_right_4_missing_flag,-1.739200864062096e-06,1.3107676191392859e-06
catboost,B,0,1,days_right_4,8.954140287648071e-06,1.7793979971134077e-05
catboost,B,0,1,linear_interpolation,0.0058798985438869855,0.0005261824249540026
catboost,B,0,1,mean_neighbors,0.003778869740137858,0.00017519021936046597
catboost,B,0,1,local_slope,0.00019910573556833344,2.835873491183194e-05
catboost,B,0,1,local_level,0.004856131419851258,0.0003478785693264638
catboost,B,0,1,local_iqr,0.00023866477916899276,0.00012363579800439561
catboost,B,0,1,local_curvature,0.00020679230114831193,0.0005865037735442585
catboost,B,0,1,target_count_7d,8.565553155412409e-05,6.730080762347435e-05
catboost,B,0,1,target_density_7d,-3.983672294087526e-06,1.2180409697228056e-05
catboost,B,0,1,target_count_15d,-8.717718203003072e-05,1.6784662821081597e-06
catboost,B,0,1,target_density_15d,1.0402659087326016e-05,1.6945968192551286e-05
catboost,B,0,1,target_count_30d,-1.6972325219029305e-05,1.6177262792467506e-05
catboost,B,0,1,target_density_30d,-9.436739154544682e-07,2.489320942876405e-05
catboost,B,0,1,gap_run_length,1.1837056528192502e-05,1.9071942809679998e-05
catboost,B,0,1,gap_run_position,-1.662628026833507e-05,1.2118317240121523e-05
catboost,B,0,1,left_missing,-2.5549842774676146e-05,7.095232244097582e-08
catboost,B,0,1,right_missing,0.0,0.0
catboost,B,0,1,is_edge,4.840726757500413e-06,1.6444766322495918e-06
catboost,B,0,1,context_quality,8.844315799500652e-05,5.8601459298548986e-06
catboost,B,0,1,same_date_target_count,0.0003337318049634608,5.75974865384965e-05
catboost,B,0,1,same_date_target_median,0.0014501725561210169,0.0002558196349766659
catboost,B,0,1,same_date_target_iqr,0.0005846738360093598,8.063936745588557e-05
catboost,B,0,1,primary_ndvi_raw,0.0,0.0
catboost,B,0,1,primary_ndvi_cleaned,0.0,0.0
catboost,B,0,1,primary_ndvi_invalid_flag,0.0,0.0
catboost,B,0,1,primary_ndvi_missing_flag,0.0,0.0
catboost,B,0,1,primary_ndvi_interpolated,0.0019334544286006422,6.985340075507662e-05
catboost,B,0,1,primary_ndvi_left,-5.374294495012061e-05,0.0003188199206977452
catboost,B,0,1,primary_ndvi_right,1.7141865810157975e-05,2.2681871217206107e-05
catboost,B,0,1,primary_ndvi_days_since,-0.00013048960536083537,1.0126134634483308e-06
catboost,B,0,1,primary_ndvi_days_until,7.294057148641425e-05,2.329822208983756e-06
catboost,B,0,1,primary_ndvi_context_median,0.006220610483861286,0.00017062714873594675
catboost,B,0,1,primary_ndvi_context_iqr,-4.494937184986586e-05,4.398007070675197e-05
catboost,B,0,1,primary_ndvi_context_count,-4.688672097695468e-05,9.40875607972902e-06
catboost,B,0,1,primary_ndvi_context_invalid_count,0.0,0.0
catboost,B,0,1,s2_ndvi_raw,0.0,0.0
catboost,B,0,1,s2_ndvi_cleaned,0.0,0.0
catboost,B,0,1,s2_ndvi_invalid_flag,0.0,0.0
catboost,B,0,1,s2_ndvi_missing_flag,0.0,0.0
catboost,B,0,1,s2_ndvi_interpolated,0.00018840175889526384,0.00016917389006444045
catboost,B,0,1,s2_ndvi_left,8.07500697937169e-06,3.667450621414048e-06
catboost,B,0,1,s2_ndvi_right,0.00010043209252549173,7.530982264231795e-05
catboost,B,0,1,s2_ndvi_days_since,0.00010141005102694278,4.04330815700904e-05
catboost,B,0,1,s2_ndvi_days_until,-6.703839570568887e-05,6.762976393411002e-06
catboost,B,0,1,s2_ndvi_context_median,-7.572210932237089e-05,6.295279505894036e-06
catboost,B,0,1,s2_ndvi_context_iqr,-2.6734042833709282e-05,3.463456372487794e-05
catboost,B,0,1,s2_ndvi_context_count,0.00012089539892158607,3.1429014421741064e-05
catboost,B,0,1,s2_ndvi_context_invalid_count,0.0,0.0
catboost,B,0,1,s2_evi_raw,0.0,0.0
catboost,B,0,1,s2_evi_cleaned,0.0,0.0
catboost,B,0,1,s2_evi_invalid_flag,0.0,0.0
catboost,B,0,1,s2_evi_missing_flag,0.0,0.0
catboost,B,0,1,s2_evi_interpolated,-2.029622737237391e-06,3.0762435630729557e-05
catboost,B,0,1,s2_evi_left,0.00011700537798771393,0.00010729478775124701
catboost,B,0,1,s2_evi_right,-7.358062993725184e-05,1.3189540488227347e-05
catboost,B,0,1,s2_evi_days_since,1.5666361000997442e-05,2.392855177555525e-05
catboost,B,0,1,s2_evi_days_until,9.445523983576953e-05,9.978289502687865e-05
catboost,B,0,1,s2_evi_context_median,0.00014755763994616505,0.00010381699115798865
catboost,B,0,1,s2_evi_context_iqr,3.575547338163093e-05,2.2714138537320572e-05
catboost,B,0,1,s2_evi_context_count,3.468872516465549e-05,2.9614448478057498e-05
catboost,B,0,1,s2_evi_context_invalid_count,0.0,0.0
catboost,B,0,1,s2_ndwi_raw,0.0,0.0
catboost,B,0,1,s2_ndwi_cleaned,0.0,0.0
catboost,B,0,1,s2_ndwi_invalid_flag,0.0,0.0
catboost,B,0,1,s2_ndwi_missing_flag,0.0,0.0
catboost,B,0,1,s2_ndwi_interpolated,-0.0001006754739428517,7.556959415080944e-06
catboost,B,0,1,s2_ndwi_left,1.1085470426913657e-05,6.659295760726158e-05
catboost,B,0,1,s2_ndwi_right,-8.542968177520371e-05,3.322122600640798e-05
catboost,B,0,1,s2_ndwi_days_since,2.155855969363657e-05,5.956226285720734e-06
catboost,B,0,1,s2_ndwi_days_until,-1.6852257536288662e-05,6.394614543964866e-05
catboost,B,0,1,s2_ndwi_context_median,-0.00016008543131837416,5.364838409417649e-05
catboost,B,0,1,s2_ndwi_context_iqr,-3.0093896511151907e-06,1.0001604926340724e-06
catboost,B,0,1,s2_ndwi_context_count,0.00014836916761822722,2.3355350856103796e-05
catboost,B,0,1,s2_ndwi_context_invalid_count,0.0,0.0
catboost,B,0,1,landsat_ndvi_raw,0.0,0.0
catboost,B,0,1,landsat_ndvi_cleaned,0.0,0.0
catboost,B,0,1,landsat_ndvi_invalid_flag,0.0,0.0
catboost,B,0,1,landsat_ndvi_missing_flag,0.0,0.0
catboost,B,0,1,landsat_ndvi_interpolated,0.01858087157520804,0.0006171062204591224
catboost,B,0,1,landsat_ndvi_left,-0.00031091330471862827,3.7079408379374346e-05
catboost,B,0,1,landsat_ndvi_right,0.00034168567817657175,3.6989026032295536e-05
catboost,B,0,1,landsat_ndvi_days_since,-6.10737570213779e-05,9.489240251894099e-05
catboost,B,0,1,landsat_ndvi_days_until,-4.30707289457849e-05,2.113674621383177e-05
catboost,B,0,1,landsat_ndvi_context_median,-0.0003584732498495419,0.00024197373341149075
catboost,B,0,1,landsat_ndvi_context_iqr,6.233280351086723e-05,4.683744132080725e-06
catboost,B,0,1,landsat_ndvi_context_count,-5.067350928512904e-06,1.2849035385044394e-05
catboost,B,0,1,landsat_ndvi_context_invalid_count,0.0,0.0
catboost,B,0,1,landsat_evi_raw,0.0,0.0
catboost,B,0,1,landsat_evi_cleaned,0.0,0.0
catboost,B,0,1,landsat_evi_invalid_flag,0.0,0.0
catboost,B,0,1,landsat_evi_missing_flag,0.0,0.0
catboost,B,0,1,landsat_evi_interpolated,0.004470868612899116,0.0005946298920013818
catboost,B,0,1,landsat_evi_left,-2.79032560038181e-05,0.00017114968481442977
catboost,B,0,1,landsat_evi_right,3.908136745126023e-05,4.68405493000007e-05
catboost,B,0,1,landsat_evi_days_since,-8.144680910766866e-06,2.0227481503203026e-05
catboost,B,0,1,landsat_evi_days_until,4.74994247090868e-05,2.6424473471571563e-05
catboost,B,0,1,landsat_evi_context_median,-6.796108594669253e-05,8.091931059779622e-06
catboost,B,0,1,landsat_evi_context_iqr,-6.599475211926942e-05,9.990309156160393e-06
catboost,B,0,1,landsat_evi_context_count,-4.034508432317063e-06,1.580181788960605e-05
catboost,B,0,1,landsat_evi_context_invalid_count,0.0,0.0
catboost,B,0,1,landsat_ndwi_raw,0.0,0.0
catboost,B,0,1,landsat_ndwi_cleaned,0.0,0.0
catboost,B,0,1,landsat_ndwi_invalid_flag,0.0,0.0
catboost,B,0,1,landsat_ndwi_missing_flag,0.0,0.0
catboost,B,0,1,landsat_ndwi_interpolated,-0.00012984012052566496,1.4979076524285206e-06
catboost,B,0,1,landsat_ndwi_left,0.0003735749113362996,0.00017753275307956506
catboost,B,0,1,landsat_ndwi_right,-9.161710661743233e-05,0.0001031546851675072
catboost,B,0,1,landsat_ndwi_days_since,5.810993771104833e-05,0.00015014515295198871
catboost,B,0,1,landsat_ndwi_days_until,3.459269851168595e-05,1.6410943155721613e-05
catboost,B,0,1,landsat_ndwi_context_median,-9.74525492406994e-05,5.78292543290046e-05
catboost,B,0,1,landsat_ndwi_context_iqr,-3.973962109123097e-05,3.463829271001251e-05
catboost,B,0,1,landsat_ndwi_context_count,0.0,0.0
catboost,B,0,1,landsat_ndwi_context_invalid_count,0.0,0.0
catboost,B,0,1,modis_ndvi_raw,0.0,0.0
catboost,B,0,1,modis_ndvi_cleaned,0.0,0.0
catboost,B,0,1,modis_ndvi_invalid_flag,0.0,0.0
catboost,B,0,1,modis_ndvi_missing_flag,0.0,0.0
catboost,B,0,1,modis_ndvi_interpolated,0.0018040157679090965,0.00024723213534661587
catboost,B,0,1,modis_ndvi_left,-0.00020815727609829748,4.4042377643313535e-05
catboost,B,0,1,modis_ndvi_right,0.0006447159243402611,4.63202322737305e-05
catboost,B,0,1,modis_ndvi_days_since,0.00010201042204035365,6.341236596114214e-05
catboost,B,0,1,modis_ndvi_days_until,7.040410030025035e-05,5.5624362402001415e-05
catboost,B,0,1,modis_ndvi_context_median,-5.545886879242817e-05,8.774603358151917e-05
catboost,B,0,1,modis_ndvi_context_iqr,-3.2336168254057385e-05,2.857448806435625e-05
catboost,B,0,1,modis_ndvi_context_count,0.0,0.0
catboost,B,0,1,modis_ndvi_context_invalid_count,0.0,0.0
catboost,B,0,1,modis_evi_raw,0.0,0.0
catboost,B,0,1,modis_evi_cleaned,0.0,0.0
catboost,B,0,1,modis_evi_invalid_flag,0.0,0.0
catboost,B,0,1,modis_evi_missing_flag,0.0,0.0
catboost,B,0,1,modis_evi_interpolated,0.0010436638776587168,2.0642083871931505e-05
catboost,B,0,1,modis_evi_left,1.0098654029837284e-05,5.599950378360613e-05
catboost,B,0,1,modis_evi_right,0.0004991639250077964,2.4677796835591292e-05
catboost,B,0,1,modis_evi_days_since,4.4464794794397966e-05,3.456289179874089e-05
catboost,B,0,1,modis_evi_days_until,7.9802439381986e-05,4.668324344666436e-05
catboost,B,0,1,modis_evi_context_median,0.00011669772052654709,2.348785836402828e-05
catboost,B,0,1,modis_evi_context_iqr,-6.819858523260391e-05,7.154590598829058e-06
catboost,B,0,1,modis_evi_context_count,6.0591193449741065e-06,9.742983773722291e-07
catboost,B,0,1,modis_evi_context_invalid_count,0.0,0.0
catboost,B,0,1,era5_temp_c_raw,0.0,0.0
catboost,B,0,1,era5_temp_c_cleaned,0.0,0.0
catboost,B,0,1,era5_temp_c_invalid_flag,0.0,0.0
catboost,B,0,1,era5_temp_c_missing_flag,0.0,0.0
catboost,B,0,1,era5_temp_c_interpolated,-7.753044341090448e-05,7.025827982427152e-05
catboost,B,0,1,era5_temp_c_left,1.6202557541811213e-05,2.826500459884862e-05
catboost,B,0,1,era5_temp_c_right,-9.482521833040214e-06,1.695187529716924e-05
catboost,B,0,1,era5_temp_c_days_since,-0.00011077771265980557,0.00012537254263918912
catboost,B,0,1,era5_temp_c_days_until,-9.918879305223505e-06,2.6785183455169115e-05
catboost,B,0,1,era5_temp_c_context_median,-6.496332900100127e-05,4.834683972491927e-06
catboost,B,0,1,era5_temp_c_context_iqr,8.468665858321622e-05,1.054944062230112e-05
catboost,B,0,1,era5_temp_c_context_count,-4.1916674609010496e-05,1.7565635697519566e-05
catboost,B,0,1,era5_temp_c_context_invalid_count,0.0,0.0
catboost,B,0,1,era5_temp_c_same_date,0.00012625983945472458,1.9261575109293105e-05
catboost,B,0,1,era5_temp_c_same_date_count,0.0,0.0
catboost,B,0,1,era5_temp_c_reconstructed,1.3857318160934162e-06,3.307160931202008e-05
catboost,B,0,1,era5_temp_c_available,0.0,0.0
catboost,B,0,1,era5_precip_mm_raw,0.0,0.0
catboost,B,0,1,era5_precip_mm_cleaned,0.0,0.0
catboost,B,0,1,era5_precip_mm_invalid_flag,0.0,0.0
catboost,B,0,1,era5_precip_mm_missing_flag,0.0,0.0
catboost,B,0,1,era5_precip_mm_interpolated,-0.0001017235201227068,2.7843740479913115e-05
catboost,B,0,1,era5_precip_mm_left,5.017574152499371e-06,4.4339540146362544e-05
catboost,B,0,1,era5_precip_mm_right,-0.00016454664292354926,1.3762460808933175e-05
catboost,B,0,1,era5_precip_mm_days_since,4.0181394543967186e-05,5.522249666449486e-05
catboost,B,0,1,era5_precip_mm_days_until,-0.0002059481189823978,5.9932160782642796e-05
catboost,B,0,1,era5_precip_mm_context_median,6.699890535938335e-05,1.8096790608809754e-05
catboost,B,0,1,era5_precip_mm_context_iqr,-0.0002275988916711283,2.577606521835668e-05
catboost,B,0,1,era5_precip_mm_context_count,-6.115665154855787e-06,3.371036767952501e-05
catboost,B,0,1,era5_precip_mm_context_invalid_count,-6.709119713415451e-05,1.0829090949647513e-05
catboost,B,0,1,era5_precip_mm_same_date,0.00033904775670088455,6.819202394321711e-06
catboost,B,0,1,era5_precip_mm_same_date_count,0.0,0.0
catboost,B,0,1,era5_precip_mm_reconstructed,0.00016466497525313706,8.24627011475898e-05
catboost,B,0,1,era5_precip_mm_available,0.0,0.0
catboost,B,0,1,availability_s2_days_since,-1.558405777729588e-05,3.017348641418116e-05
catboost,B,0,1,availability_s2_days_until,2.152240024344554e-05,4.031499587373033e-05
catboost,B,0,1,availability_s2_same_date_count,0.00024030729943694956,8.287711930635849e-05
catboost,B,0,1,availability_s2_count_7d,-3.3663212567938694e-05,4.950892198739287e-05
catboost,B,0,1,availability_s2_count_15d,3.362015321554945e-05,3.035181128481501e-05
catboost,B,0,1,availability_s2_count_30d,7.324305541431264e-05,8.440884485816369e-07
catboost,B,0,1,source_calendar_s2_local_count,1.3689735122141e-05,1.2495857537736521e-06
catboost,B,0,1,source_calendar_s2_same_date_count,2.0439913830869183e-06,1.7891326281931075e-05
catboost,B,0,1,source_calendar_s2_fit_count,0.0,0.0
catboost,B,0,1,availability_landsat_days_since,-1.212913033970392e-05,2.5849434248451097e-06
catboost,B,0,1,availability_landsat_days_until,9.36449628613778e-05,7.903483721913296e-06
catboost,B,0,1,availability_landsat_same_date_count,-3.0457377858887635e-05,4.459556226667216e-06
catboost,B,0,1,availability_landsat_count_7d,-7.552163734918238e-05,2.637451114333167e-05
catboost,B,0,1,availability_landsat_count_15d,-0.00014194318443132292,8.278144137519039e-05
catboost,B,0,1,availability_landsat_count_30d,-8.033972666737776e-05,1.0884634457239417e-05
catboost,B,0,1,source_calendar_landsat_local_count,6.012919001014555e-05,0.00010708808958067445
catboost,B,0,1,source_calendar_landsat_same_date_count,6.73938658081602e-05,7.39010542413765e-06
catboost,B,0,1,source_calendar_landsat_fit_count,0.0,0.0
catboost,B,0,1,availability_modis_days_since,0.0001449005941334125,1.6454703471405208e-05
catboost,B,0,1,availability_modis_days_until,1.2365739552572252e-05,1.3152971276297887e-05
catboost,B,0,1,availability_modis_same_date_count,0.0032768340080467223,0.00045820834571377866
catboost,B,0,1,availability_modis_count_7d,0.00017863032393203304,0.00019832570145064676
catboost,B,0,1,availability_modis_count_15d,0.0010700986690667935,0.000220571999342542
catboost,B,0,1,availability_modis_count_30d,-4.291717945165141e-06,7.3443315466159564e-06
catboost,B,0,1,source_calendar_modis_local_count,5.732286704647482e-06,1.7910554793408584e-05
catboost,B,0,1,source_calendar_modis_same_date_count,0.00098508321647936,0.0003537509476119055
catboost,B,0,1,source_calendar_modis_fit_count,0.0,0.0
catboost,B,0,1,p_s2,0.0016670130348598253,0.0011191529314061796
catboost,B,0,1,p_landsat,0.00020347692527836886,9.83948068684834e-05
catboost,B,0,1,p_modis,0.0013248902699541168,0.00040519488445834445
catboost,B,0,1,p_unknown,0.0,0.0
catboost,B,0,1,source_confidence,-8.752978502166858e-05,3.772509248121947e-06
catboost,B,0,1,source_unknown_local_count,0.0,0.0
catboost,B,0,1,pchip_interpolation,0.0016399311783911186,0.000232052486184256
catboost,B,0,1,akima_interpolation,0.00012790577238289136,0.0001130060694529561
catboost,B,0,1,left_days_1,-0.0003748023951963275,3.844901470660689e-05
catboost,B,0,1,left_days_2,2.4843843606833782e-05,1.4446228589565235e-05
catboost,B,0,1,left_days_3,1.2947715895807177e-05,2.9578784975413386e-05
catboost,B,0,1,left_days_4,-1.690214554969649e-05,4.0969964870837816e-05
catboost,B,0,1,right_days_1,0.0,0.0
catboost,B,0,1,right_days_2,1.231028329323064e-05,2.5468952795239252e-05
catboost,B,0,1,right_days_3,1.6407469054180446e-05,5.117965989231976e-06
catboost,B,0,1,right_days_4,-7.605993165477748e-05,9.808148088007174e-06
catboost,B,0,2,anon_polygon_id,0.0,0.0
catboost,B,0,2,date,0.0,0.0
catboost,B,0,2,crop_type,-0.000155336246307064,0.00013717203974615566
catboost,B,0,2,year,1.7890648338007853e-05,2.312556330492932e-06
catboost,B,0,2,month,3.683726191063691e-05,0.00013064417280226476
catboost,B,0,2,doy,1.8593117488488464e-05,1.268920262943729e-05
catboost,B,0,2,iso_week,-1.7135665853061643e-05,3.89573519546868e-05
catboost,B,0,2,sin_doy,-1.3277699851939329e-05,6.791555201075133e-05
catboost,B,0,2,cos_doy,4.086722619452837e-05,0.00011894774318480655
catboost,B,0,2,prior_polygon_crop_season_median,0.0,0.0
catboost,B,0,2,prior_polygon_crop_season_iqr,0.0,0.0
catboost,B,0,2,prior_polygon_crop_season_count,0.0,0.0
catboost,B,0,2,prior_polygon_crop_median,0.0,0.0
catboost,B,0,2,prior_polygon_crop_iqr,0.0,0.0
catboost,B,0,2,prior_polygon_crop_count,0.0,0.0
catboost,B,0,2,prior_crop_season_median,-3.977772176632505e-05,1.2668958948587605e-05
catboost,B,0,2,prior_crop_season_iqr,-3.747949353825192e-05,3.819853576405435e-05
catboost,B,0,2,prior_crop_season_count,-2.9547436086539702e-05,0.00016932006784804027
catboost,B,0,2,prior_crop_median,5.573485673633638e-05,0.00016096722294732524
catboost,B,0,2,prior_crop_iqr,-3.16311959282084e-05,0.00011750903174746752
catboost,B,0,2,prior_crop_count,0.0,0.0
catboost,B,0,2,prior_global_season_median,-0.00017216830758980117,2.3869899400411065e-05
catboost,B,0,2,prior_global_season_iqr,4.7053417230533134e-06,3.4136948508227405e-05
catboost,B,0,2,prior_global_season_count,0.00018395166943838137,9.185413435740253e-05
catboost,B,0,2,prior_polygon_crop_year_median,0.0,0.0
catboost,B,0,2,prior_polygon_crop_year_iqr,0.0,0.0
catboost,B,0,2,prior_polygon_crop_year_count,0.0,0.0
catboost,B,0,2,prior_crop_year_median,-2.003317758581674e-05,4.5354390770684094e-05
catboost,B,0,2,prior_crop_year_iqr,-2.0729605028177445e-05,0.0002520185346248094
catboost,B,0,2,prior_crop_year_count,-6.689817002345638e-05,0.00016649769609438508
catboost,B,0,2,seasonal_prior,-0.0001224012748950315,1.1490413758960538e-05
catboost,B,0,2,seasonal_prior_level,0.0,0.0
catboost,B,0,2,crop_seasonal_prior,-0.00013957048496748142,3.3435468636024146e-05
catboost,B,0,2,prior_global_median,0.0,0.0
catboost,B,0,2,prior_global_iqr,0.0,0.0
catboost,B,0,2,seen_polygon,0.0,0.0
catboost,B,0,2,crop_frequency,0.0,0.0
catboost,B,0,2,fit_target_count,0.0,0.0
catboost,B,0,2,target_left_1,6.323418636389883e-05,4.089377225242191e-05
catboost,B,0,2,target_left_1_raw,8.731277428641188e-05,7.016373016722338e-05
catboost,B,0,2,target_left_1_cleaned,0.00033353304738131806,0.0003508921222047101
catboost,B,0,2,target_left_1_invalid_flag,0.0,0.0
catboost,B,0,2,target_left_1_missing_flag,0.0,0.0
catboost,B,0,2,days_left_1,0.00010199299467534423,6.148422170629275e-07
catboost,B,0,2,target_left_2,6.665846295129951e-05,4.1657475587694726e-05
catboost,B,0,2,target_left_2_raw,0.00011777438110686933,2.8746012663616316e-05
catboost,B,0,2,target_left_2_cleaned,0.0009698945667380235,0.00017927379836803897
catboost,B,0,2,target_left_2_invalid_flag,0.0,0.0
catboost,B,0,2,target_left_2_missing_flag,0.0,0.0
catboost,B,0,2,days_left_2,8.302172773003158e-05,3.3178313208551136e-05
catboost,B,0,2,target_left_3,0.00011917905008490548,6.175957464345239e-05
catboost,B,0,2,target_left_3_raw,-8.356444547374248e-05,5.7877454387435245e-05
catboost,B,0,2,target_left_3_cleaned,2.188762496558444e-05,2.3756832723660637e-05
catboost,B,0,2,target_left_3_invalid_flag,0.0,0.0
catboost,B,0,2,target_left_3_missing_flag,-5.296622053586886e-05,6.0292557473307085e-06
catboost,B,0,2,days_left_3,-2.3304043456864876e-05,3.80498020588621e-05
catboost,B,0,2,target_left_4,1.0964023680309909e-05,2.0257765981954168e-05
catboost,B,0,2,target_left_4_raw,0.00011183769918150788,1.1477877422602645e-05
catboost,B,0,2,target_left_4_cleaned,1.1267963717587204e-05,3.7067957257774786e-05
catboost,B,0,2,target_left_4_invalid_flag,0.0,0.0
catboost,B,0,2,target_left_4_missing_flag,-1.6752689533106047e-05,2.286119780653406e-05
catboost,B,0,2,days_left_4,2.5794642459220363e-05,1.269860707091286e-05
catboost,B,0,2,target_right_1,0.00012867956069270714,1.4861279697131469e-05
catboost,B,0,2,target_right_1_raw,-6.785836961695907e-05,5.5873007911773354e-05
catboost,B,0,2,target_right_1_cleaned,-0.0001279279516021442,3.5295878725125074e-05
catboost,B,0,2,target_right_1_invalid_flag,0.0,0.0
catboost,B,0,2,target_right_1_missing_flag,0.0,0.0
catboost,B,0,2,days_right_1,-4.743967289128764e-05,3.251861320554411e-05
catboost,B,0,2,target_right_2,0.0003014645083915801,8.396535858054555e-05
catboost,B,0,2,target_right_2_raw,1.2791191154853943e-05,0.0001529686777762551
catboost,B,0,2,target_right_2_cleaned,0.0004922370343063628,0.00012875946969884838
catboost,B,0,2,target_right_2_invalid_flag,0.0,0.0
catboost,B,0,2,target_right_2_missing_flag,0.0,0.0
catboost,B,0,2,days_right_2,-4.755873635617358e-06,2.541444109283031e-05
catboost,B,0,2,target_right_3,2.722799736162851e-05,2.9980557900349813e-05
catboost,B,0,2,target_right_3_raw,7.653751626927191e-05,4.5703550320339015e-06
catboost,B,0,2,target_right_3_cleaned,0.00013632503425049097,2.9861451253825055e-05
catboost,B,0,2,target_right_3_invalid_flag,0.0,0.0
catboost,B,0,2,target_right_3_missing_flag,0.0,0.0
catboost,B,0,2,days_right_3,-2.46611443374678e-05,2.427938298593668e-05
catboost,B,0,2,target_right_4,-6.034515615993552e-05,3.684644519449942e-05
catboost,B,0,2,target_right_4_raw,3.978229648481796e-05,3.6784097208815425e-05
catboost,B,0,2,target_right_4_cleaned,-5.6346077690422325e-05,2.3118143649164535e-05
catboost,B,0,2,target_right_4_invalid_flag,0.0,0.0
catboost,B,0,2,target_right_4_missing_flag,0.0,0.0
catboost,B,0,2,days_right_4,-4.73010315004338e-05,1.857085825746757e-05
catboost,B,0,2,linear_interpolation,0.0056367005443133805,9.089602532753871e-05
catboost,B,0,2,mean_neighbors,0.0012631613879724862,0.00016959814479382274
catboost,B,0,2,local_slope,0.00040198035547266836,4.300102682007478e-06
catboost,B,0,2,local_level,0.024248182350585762,0.0005725146867467945
catboost,B,0,2,local_iqr,0.0001272168113854305,1.07935819509547e-05
catboost,B,0,2,local_curvature,0.00023473212846249897,9.845770052960973e-05
catboost,B,0,2,target_count_7d,1.5629668771027783e-05,2.205528167255333e-05
catboost,B,0,2,target_density_7d,-3.858765285259802e-05,9.739779596784626e-06
catboost,B,0,2,target_count_15d,-1.1635860302366963e-05,2.2779727726129906e-05
catboost,B,0,2,target_density_15d,-2.233462576808204e-05,7.591790068407767e-06
catboost,B,0,2,target_count_30d,3.2293856995234405e-05,1.3197927777035268e-05
catboost,B,0,2,target_density_30d,6.8844332176687395e-06,1.5352983439395618e-05
catboost,B,0,2,gap_run_length,0.00010656666764357475,5.1337283472965844e-06
catboost,B,0,2,gap_run_position,1.9289221919738253e-05,1.0253830419748589e-06
catboost,B,0,2,left_missing,0.0,0.0
catboost,B,0,2,right_missing,0.0,0.0
catboost,B,0,2,is_edge,0.0,0.0
catboost,B,0,2,context_quality,-5.8811387849140584e-05,1.1446020953355396e-05
catboost,B,0,2,same_date_target_count,-2.7296266318609097e-05,1.1599146331385535e-05
catboost,B,0,2,same_date_target_median,0.005289881593089407,0.00048595573308016227
catboost,B,0,2,same_date_target_iqr,0.000292881509153492,3.104880398752119e-05
catboost,B,0,2,primary_ndvi_raw,0.0,0.0
catboost,B,0,2,primary_ndvi_cleaned,0.0,0.0
catboost,B,0,2,primary_ndvi_invalid_flag,0.0,0.0
catboost,B,0,2,primary_ndvi_missing_flag,0.0,0.0
catboost,B,0,2,primary_ndvi_interpolated,0.0031792694511697875,0.0003906643134614571
catboost,B,0,2,primary_ndvi_left,0.0002598451798972931,1.2126189537074727e-05
catboost,B,0,2,primary_ndvi_right,0.0002976286326442715,3.23927461758286e-05
catboost,B,0,2,primary_ndvi_days_since,-0.00010206976664511869,2.1954884200175995e-05
catboost,B,0,2,primary_ndvi_days_until,-1.0803168087492043e-05,7.440296048419337e-06
catboost,B,0,2,primary_ndvi_context_median,0.0010211253711353702,8.767698913583755e-05
catboost,B,0,2,primary_ndvi_context_iqr,-4.764659086122641e-05,6.23143338986179e-05
catboost,B,0,2,primary_ndvi_context_count,4.236675511130883e-06,7.647268435793941e-06
catboost,B,0,2,primary_ndvi_context_invalid_count,0.0,0.0
catboost,B,0,2,s2_ndvi_raw,0.0,0.0
catboost,B,0,2,s2_ndvi_cleaned,0.0,0.0
catboost,B,0,2,s2_ndvi_invalid_flag,0.0,0.0
catboost,B,0,2,s2_ndvi_missing_flag,0.0,0.0
catboost,B,0,2,s2_ndvi_interpolated,0.0002852471061093459,4.004196479570621e-06
catboost,B,0,2,s2_ndvi_left,-5.075669122067e-05,3.9793096882810575e-05
catboost,B,0,2,s2_ndvi_right,5.866609973205483e-05,3.610705814768855e-05
catboost,B,0,2,s2_ndvi_days_since,0.00013458649040453546,1.15456063210298e-05
catboost,B,0,2,s2_ndvi_days_until,3.575654154013008e-05,2.7826555985766e-05
catboost,B,0,2,s2_ndvi_context_median,4.989698618023536e-05,5.486465193222517e-05
catboost,B,0,2,s2_ndvi_context_iqr,0.0001424809222510537,3.251250714496334e-05
catboost,B,0,2,s2_ndvi_context_count,-2.1184563863650696e-05,3.467303117705295e-05
catboost,B,0,2,s2_ndvi_context_invalid_count,0.0,0.0
catboost,B,0,2,s2_evi_raw,0.0,0.0
catboost,B,0,2,s2_evi_cleaned,0.0,0.0
catboost,B,0,2,s2_evi_invalid_flag,0.0,0.0
catboost,B,0,2,s2_evi_missing_flag,0.0,0.0
catboost,B,0,2,s2_evi_interpolated,0.00024869164169347147,3.116075023602838e-05
catboost,B,0,2,s2_evi_left,0.0003565239034294884,0.0001394027038598769
catboost,B,0,2,s2_evi_right,1.887273560294972e-05,8.239143850417852e-06
catboost,B,0,2,s2_evi_days_since,0.00011402277810958206,1.2979518463088202e-05
catboost,B,0,2,s2_evi_days_until,1.3589411406875196e-05,1.655040946137165e-05
catboost,B,0,2,s2_evi_context_median,0.00010033237733655248,8.469550905331608e-05
catboost,B,0,2,s2_evi_context_iqr,0.00010765484634644301,0.00020214770972228763
catboost,B,0,2,s2_evi_context_count,-2.3442869654159704e-05,8.838724089278716e-06
catboost,B,0,2,s2_evi_context_invalid_count,-1.885944213714935e-05,1.1849051181435366e-05
catboost,B,0,2,s2_ndwi_raw,0.0,0.0
catboost,B,0,2,s2_ndwi_cleaned,0.0,0.0
catboost,B,0,2,s2_ndwi_invalid_flag,0.0,0.0
catboost,B,0,2,s2_ndwi_missing_flag,0.0,0.0
catboost,B,0,2,s2_ndwi_interpolated,0.00012652853358613436,9.871530709873455e-06
catboost,B,0,2,s2_ndwi_left,-3.816987276141631e-05,4.186489346404837e-05
catboost,B,0,2,s2_ndwi_right,0.00010428419323930266,3.136937249070132e-05
catboost,B,0,2,s2_ndwi_days_since,6.360845042365643e-05,1.7548888991837652e-05
catboost,B,0,2,s2_ndwi_days_until,-1.7302717100764475e-05,3.390490129764889e-05
catboost,B,0,2,s2_ndwi_context_median,-3.6700522858534868e-06,4.6273599256171916e-05
catboost,B,0,2,s2_ndwi_context_iqr,-2.0211366129480046e-06,2.3303584610057104e-06
catboost,B,0,2,s2_ndwi_context_count,3.875764785707392e-07,9.629411919023778e-07
catboost,B,0,2,s2_ndwi_context_invalid_count,0.0,0.0
catboost,B,0,2,landsat_ndvi_raw,0.0,0.0
catboost,B,0,2,landsat_ndvi_cleaned,0.0,0.0
catboost,B,0,2,landsat_ndvi_invalid_flag,0.0,0.0
catboost,B,0,2,landsat_ndvi_missing_flag,0.0,0.0
catboost,B,0,2,landsat_ndvi_interpolated,0.03212157004560124,0.0009452811768349209
catboost,B,0,2,landsat_ndvi_left,0.00011768323949568754,4.935456764796481e-05
catboost,B,0,2,landsat_ndvi_right,0.00042054814115176364,0.0002918183579324052
catboost,B,0,2,landsat_ndvi_days_since,-3.973530987674834e-06,4.812217178948308e-06
catboost,B,0,2,landsat_ndvi_days_until,-2.8169643228596886e-05,3.578246871829144e-05
catboost,B,0,2,landsat_ndvi_context_median,0.0035034356614440237,0.0002772307673649388
catboost,B,0,2,landsat_ndvi_context_iqr,6.613505703887551e-05,1.2180854761269233e-05
catboost,B,0,2,landsat_ndvi_context_count,-4.868054223616802e-10,2.2228932470814977e-05
catboost,B,0,2,landsat_ndvi_context_invalid_count,0.0,0.0
catboost,B,0,2,landsat_evi_raw,0.0,0.0
catboost,B,0,2,landsat_evi_cleaned,0.0,0.0
catboost,B,0,2,landsat_evi_invalid_flag,0.0,0.0
catboost,B,0,2,landsat_evi_missing_flag,0.0,0.0
catboost,B,0,2,landsat_evi_interpolated,0.005640114029753479,9.359371742884148e-05
catboost,B,0,2,landsat_evi_left,-4.489092708761383e-05,2.5795528315060434e-05
catboost,B,0,2,landsat_evi_right,0.00037057562073107564,0.00015111582718124739
catboost,B,0,2,landsat_evi_days_since,-5.940595405873328e-06,2.7314759707436354e-05
catboost,B,0,2,landsat_evi_days_until,-7.747469216411174e-06,5.473262620410424e-06
catboost,B,0,2,landsat_evi_context_median,-3.296204466838454e-05,6.938771945266126e-05
catboost,B,0,2,landsat_evi_context_iqr,2.6947124649553955e-05,5.009756816592992e-05
catboost,B,0,2,landsat_evi_context_count,-3.0600546123346617e-06,3.926839570774637e-05
catboost,B,0,2,landsat_evi_context_invalid_count,-6.67414513864234e-06,4.365615556688185e-06
catboost,B,0,2,landsat_ndwi_raw,0.0,0.0
catboost,B,0,2,landsat_ndwi_cleaned,0.0,0.0
catboost,B,0,2,landsat_ndwi_invalid_flag,0.0,0.0
catboost,B,0,2,landsat_ndwi_missing_flag,0.0,0.0
catboost,B,0,2,landsat_ndwi_interpolated,3.325559482370011e-05,9.807672663325606e-05
catboost,B,0,2,landsat_ndwi_left,0.00016289056183322465,1.5523835116125484e-05
catboost,B,0,2,landsat_ndwi_right,0.00017996555256587915,5.919977600752496e-05
catboost,B,0,2,landsat_ndwi_days_since,1.7092525701513372e-05,5.677045703880723e-07
catboost,B,0,2,landsat_ndwi_days_until,6.542078736654355e-06,2.8017257265686157e-05
catboost,B,0,2,landsat_ndwi_context_median,3.399785852215009e-05,5.3562351208957804e-05
catboost,B,0,2,landsat_ndwi_context_iqr,0.00011011248696163323,5.563074355867392e-05
catboost,B,0,2,landsat_ndwi_context_count,-7.963978519723997e-05,1.9718961024241255e-05
catboost,B,0,2,landsat_ndwi_context_invalid_count,1.1376305553492672e-06,1.7254349658976653e-06
catboost,B,0,2,modis_ndvi_raw,0.0,0.0
catboost,B,0,2,modis_ndvi_cleaned,0.0,0.0
catboost,B,0,2,modis_ndvi_invalid_flag,0.0,0.0
catboost,B,0,2,modis_ndvi_missing_flag,0.0,0.0
catboost,B,0,2,modis_ndvi_interpolated,0.0013438165378101621,0.00021040215406025603
catboost,B,0,2,modis_ndvi_left,-0.00011588774219866566,0.00016411745455990195
catboost,B,0,2,modis_ndvi_right,-7.909424587204672e-05,0.0001610735392078011
catboost,B,0,2,modis_ndvi_days_since,-4.3946847470568984e-05,9.641772481555622e-06
catboost,B,0,2,modis_ndvi_days_until,2.746630428693969e-05,9.605974526268046e-06
catboost,B,0,2,modis_ndvi_context_median,-0.00012937085895016465,0.00011766938562050855
catboost,B,0,2,modis_ndvi_context_iqr,8.293705257290257e-05,2.131810216248614e-05
catboost,B,0,2,modis_ndvi_context_count,6.799175855878165e-05,3.246220019623852e-05
catboost,B,0,2,modis_ndvi_context_invalid_count,0.0,0.0
catboost,B,0,2,modis_evi_raw,0.0,0.0
catboost,B,0,2,modis_evi_cleaned,0.0,0.0
catboost,B,0,2,modis_evi_invalid_flag,0.0,0.0
catboost,B,0,2,modis_evi_missing_flag,0.0,0.0
catboost,B,0,2,modis_evi_interpolated,0.003889855597083325,0.0004001729734952886
catboost,B,0,2,modis_evi_left,0.0002023630995824019,1.1010125451620112e-05
catboost,B,0,2,modis_evi_right,0.00011852178020520937,2.4270039404354626e-05
catboost,B,0,2,modis_evi_days_since,4.1198186962541905e-05,6.7673807528298435e-06
catboost,B,0,2,modis_evi_days_until,2.0877009554644277e-05,9.142552016401517e-06
catboost,B,0,2,modis_evi_context_median,0.00013802220842852597,3.6338808958549795e-05
catboost,B,0,2,modis_evi_context_iqr,0.00012894700650178254,4.717668044457862e-05
catboost,B,0,2,modis_evi_context_count,-3.953685124243739e-05,7.99556627391132e-05
catboost,B,0,2,modis_evi_context_invalid_count,0.0,0.0
catboost,B,0,2,era5_temp_c_raw,0.0,0.0
catboost,B,0,2,era5_temp_c_cleaned,0.0,0.0
catboost,B,0,2,era5_temp_c_invalid_flag,0.0,0.0
catboost,B,0,2,era5_temp_c_missing_flag,0.0,0.0
catboost,B,0,2,era5_temp_c_interpolated,4.558112549062077e-06,1.7795048901959876e-05
catboost,B,0,2,era5_temp_c_left,9.29082084957164e-05,2.1344706277896808e-05
catboost,B,0,2,era5_temp_c_right,6.466094699353331e-05,6.931718795881447e-05
catboost,B,0,2,era5_temp_c_days_since,0.0,0.0
catboost,B,0,2,era5_temp_c_days_until,0.0,0.0
catboost,B,0,2,era5_temp_c_context_median,0.0001308762476732936,3.715518864560313e-05
catboost,B,0,2,era5_temp_c_context_iqr,6.357985409295719e-05,2.315252051295069e-05
catboost,B,0,2,era5_temp_c_context_count,1.9541233172368222e-05,1.3529829289427031e-06
catboost,B,0,2,era5_temp_c_context_invalid_count,0.0,0.0
catboost,B,0,2,era5_temp_c_same_date,5.500540453068359e-05,3.161704333713711e-05
catboost,B,0,2,era5_temp_c_same_date_count,0.0,0.0
catboost,B,0,2,era5_temp_c_reconstructed,6.901682984226248e-05,2.4356143672306374e-05
catboost,B,0,2,era5_temp_c_available,0.0,0.0
catboost,B,0,2,era5_precip_mm_raw,0.0,0.0
catboost,B,0,2,era5_precip_mm_cleaned,0.0,0.0
catboost,B,0,2,era5_precip_mm_invalid_flag,0.0,0.0
catboost,B,0,2,era5_precip_mm_missing_flag,0.0,0.0
catboost,B,0,2,era5_precip_mm_interpolated,2.3694014619546344e-05,8.728818526516913e-05
catboost,B,0,2,era5_precip_mm_left,3.961515936290461e-06,7.356684387865853e-06
catboost,B,0,2,era5_precip_mm_right,0.00019435258881169565,0.00018626703278760287
catboost,B,0,2,era5_precip_mm_days_since,-2.2856640553570173e-06,1.6761081541583067e-06
catboost,B,0,2,era5_precip_mm_days_until,0.0,0.0
catboost,B,0,2,era5_precip_mm_context_median,0.00010552654094915515,6.912984944554279e-06
catboost,B,0,2,era5_precip_mm_context_iqr,0.00013809886120037113,1.571939285326812e-05
catboost,B,0,2,era5_precip_mm_context_count,-3.351933199238072e-05,4.185970100274716e-06
catboost,B,0,2,era5_precip_mm_context_invalid_count,0.0,0.0
catboost,B,0,2,era5_precip_mm_same_date,0.00031317473269946994,0.00012416703731132905
catboost,B,0,2,era5_precip_mm_same_date_count,2.3565447845319554e-06,4.560638092662717e-06
catboost,B,0,2,era5_precip_mm_reconstructed,0.0005533729608102611,0.00014365359969990832
catboost,B,0,2,era5_precip_mm_available,0.0,0.0
catboost,B,0,2,availability_s2_days_since,2.2997844812237822e-05,1.9514177770817154e-05
catboost,B,0,2,availability_s2_days_until,-5.318804077208278e-05,9.523375584193083e-06
catboost,B,0,2,availability_s2_same_date_count,0.00013695486736818585,2.461135267667336e-05
catboost,B,0,2,availability_s2_count_7d,-1.790409809641208e-05,1.1563294528213475e-06
catboost,B,0,2,availability_s2_count_15d,-5.062903032891641e-06,2.915495116766892e-05
catboost,B,0,2,availability_s2_count_30d,0.0,0.0
catboost,B,0,2,source_calendar_s2_local_count,3.362656396665997e-07,1.8316686627301015e-06
catboost,B,0,2,source_calendar_s2_same_date_count,-2.22187812838337e-05,7.5070155807627215e-06
catboost,B,0,2,source_calendar_s2_fit_count,0.0,0.0
catboost,B,0,2,availability_landsat_days_since,-7.494413483376261e-05,1.3404630536589801e-05
catboost,B,0,2,availability_landsat_days_until,-1.3918434173948446e-06,4.786611744883595e-07
catboost,B,0,2,availability_landsat_same_date_count,8.818301813402069e-05,8.813996758313264e-05
catboost,B,0,2,availability_landsat_count_7d,9.297862230805976e-05,0.00010832265583282652
catboost,B,0,2,availability_landsat_count_15d,-8.185523775563336e-05,0.00013347888439051853
catboost,B,0,2,availability_landsat_count_30d,-1.3463814331440838e-05,7.780020457398562e-06
catboost,B,0,2,source_calendar_landsat_local_count,-3.510927805656233e-05,1.663384334167628e-06
catboost,B,0,2,source_calendar_landsat_same_date_count,6.708770301198236e-05,2.747645715566599e-05
catboost,B,0,2,source_calendar_landsat_fit_count,0.0,0.0
catboost,B,0,2,availability_modis_days_since,-0.0001470155863881467,2.2912648742628994e-06
catboost,B,0,2,availability_modis_days_until,-5.7990782982290934e-05,4.165477440989246e-05
catboost,B,0,2,availability_modis_same_date_count,0.0012088411965509652,0.0003749071847423749
catboost,B,0,2,availability_modis_count_7d,0.00019529119925577182,2.559586226404814e-05
catboost,B,0,2,availability_modis_count_15d,0.00019587558330273758,5.967065124568016e-05
catboost,B,0,2,availability_modis_count_30d,-2.0293226959754163e-05,5.636044755306935e-06
catboost,B,0,2,source_calendar_modis_local_count,2.1800393929828632e-05,2.5001881369259016e-05
catboost,B,0,2,source_calendar_modis_same_date_count,0.00046324596075650315,0.0004240175819425901
catboost,B,0,2,source_calendar_modis_fit_count,0.0,0.0
catboost,B,0,2,p_s2,0.002683687066943878,1.2803429119821741e-05
catboost,B,0,2,p_landsat,0.00012936672714734115,8.143958687310132e-05
catboost,B,0,2,p_modis,0.002456749228282651,0.0007388864380381277
catboost,B,0,2,p_unknown,0.0,0.0
catboost,B,0,2,source_confidence,4.1463854757582685e-05,7.128959123452877e-05
catboost,B,0,2,source_unknown_local_count,0.0,0.0
catboost,B,0,2,pchip_interpolation,0.0007320348336070648,4.4916230212160846e-05
catboost,B,0,2,akima_interpolation,7.972387947789011e-05,0.0002252616862853038
catboost,B,0,2,left_days_1,-1.3159071631053953e-05,3.4596119172017326e-06
catboost,B,0,2,left_days_2,2.269897697781964e-05,2.272017482479738e-05
catboost,B,0,2,left_days_3,-0.00011170918315279305,4.226669387458887e-05
catboost,B,0,2,left_days_4,-1.1432459312128718e-05,1.0324488399306164e-05
catboost,B,0,2,right_days_1,-4.2087142725626137e-05,1.1465306222084581e-05
catboost,B,0,2,right_days_2,-2.0062638577234004e-05,2.6669263438666713e-05
catboost,B,0,2,right_days_3,4.7589159672678516e-07,2.307833314477148e-05
catboost,B,0,2,right_days_4,-2.2236629155694687e-05,1.1538173438851995e-05
catboost,B,0,3,anon_polygon_id,0.0,0.0
catboost,B,0,3,date,0.0,0.0
catboost,B,0,3,crop_type,-5.2506252769458917e-05,6.971257441073381e-05
catboost,B,0,3,year,-7.126016503090221e-05,2.3830039881204967e-05
catboost,B,0,3,month,-2.4591004526425264e-05,1.8867910220085604e-05
catboost,B,0,3,doy,-0.000324872056006828,4.104258470082056e-05
catboost,B,0,3,iso_week,-1.779308353506287e-05,8.488720230008517e-06
catboost,B,0,3,sin_doy,-0.00019576206799239854,6.0115606600665006e-05
catboost,B,0,3,cos_doy,0.00018925882307838093,0.00011825765782155773
catboost,B,0,3,prior_polygon_crop_season_median,0.0,0.0
catboost,B,0,3,prior_polygon_crop_season_iqr,0.0,0.0
catboost,B,0,3,prior_polygon_crop_season_count,0.0,0.0
catboost,B,0,3,prior_polygon_crop_median,0.0,0.0
catboost,B,0,3,prior_polygon_crop_iqr,0.0,0.0
catboost,B,0,3,prior_polygon_crop_count,0.0,0.0
catboost,B,0,3,prior_crop_season_median,-6.430271770212909e-05,5.3124948422231255e-06
catboost,B,0,3,prior_crop_season_iqr,-9.445554607592083e-05,8.784365535268596e-05
catboost,B,0,3,prior_crop_season_count,-3.5266302987890796e-06,1.3588820140825186e-05
catboost,B,0,3,prior_crop_median,-1.0026385649425373e-05,7.85469321697152e-06
catboost,B,0,3,prior_crop_iqr,7.143821636809017e-05,3.68395178191247e-05
catboost,B,0,3,prior_crop_count,-3.070505481912039e-05,4.204594195068856e-06
catboost,B,0,3,prior_global_season_median,0.00012379701012048966,1.1322151026123273e-05
catboost,B,0,3,prior_global_season_iqr,8.874849676543395e-07,4.224804469604715e-05
catboost,B,0,3,prior_global_season_count,-1.9429404376020143e-05,8.191374155974707e-06
catboost,B,0,3,prior_polygon_crop_year_median,0.0,0.0
catboost,B,0,3,prior_polygon_crop_year_iqr,0.0,0.0
catboost,B,0,3,prior_polygon_crop_year_count,0.0,0.0
catboost,B,0,3,prior_crop_year_median,-3.745241022909407e-06,0.00016686533006821103
catboost,B,0,3,prior_crop_year_iqr,0.00022281677095122715,8.73759188720763e-06
catboost,B,0,3,prior_crop_year_count,0.0001099964711489751,2.17410932395537e-05
catboost,B,0,3,seasonal_prior,8.61367900406862e-05,1.0767569451022863e-05
catboost,B,0,3,seasonal_prior_level,0.0,0.0
catboost,B,0,3,crop_seasonal_prior,-1.8705410775692044e-05,1.2399763949476339e-05
catboost,B,0,3,prior_global_median,0.0,0.0
catboost,B,0,3,prior_global_iqr,0.0,0.0
catboost,B,0,3,seen_polygon,0.0,0.0
catboost,B,0,3,crop_frequency,6.85855818292197e-06,7.004915316390081e-06
catboost,B,0,3,fit_target_count,0.0,0.0
catboost,B,0,3,target_left_1,0.0003192972457182891,1.5556916178910418e-05
catboost,B,0,3,target_left_1_raw,0.0001793565630371849,4.5189486861267614e-05
catboost,B,0,3,target_left_1_cleaned,0.0006211397504515132,3.984745452505212e-05
catboost,B,0,3,target_left_1_invalid_flag,0.0,0.0
catboost,B,0,3,target_left_1_missing_flag,-4.761136229554375e-06,1.1263150199655736e-06
catboost,B,0,3,days_left_1,-0.00013603017283299323,0.00011185438055091868
catboost,B,0,3,target_left_2,0.0014309605215909668,0.00022797805434358193
catboost,B,0,3,target_left_2_raw,0.000355215898941115,5.234500885917953e-05
catboost,B,0,3,target_left_2_cleaned,0.0008992740232111329,5.706324533991114e-06
catboost,B,0,3,target_left_2_invalid_flag,0.0,0.0
catboost,B,0,3,target_left_2_missing_flag,-1.0702126472791895e-05,4.30941562848397e-06
catboost,B,0,3,days_left_2,-1.88107971837298e-05,3.101205723349265e-05
catboost,B,0,3,target_left_3,0.00017234324464327627,5.034666025256068e-05
catboost,B,0,3,target_left_3_raw,4.976458464444472e-05,9.851023530176028e-06
catboost,B,0,3,target_left_3_cleaned,0.00013016564205963616,4.4170687129273245e-05
catboost,B,0,3,target_left_3_invalid_flag,0.0,0.0
catboost,B,0,3,target_left_3_missing_flag,0.0,0.0
catboost,B,0,3,days_left_3,1.0068926269278522e-05,1.5605528395981616e-06
catboost,B,0,3,target_left_4,0.00011255838617355712,3.1663845781390587e-06
catboost,B,0,3,target_left_4_raw,-1.1289747428512575e-05,1.6041738038492792e-05
catboost,B,0,3,target_left_4_cleaned,7.658814685582854e-05,1.8141997727497139e-06
catboost,B,0,3,target_left_4_invalid_flag,0.0,0.0
catboost,B,0,3,target_left_4_missing_flag,-7.009052583870079e-06,1.2893683185022375e-06
catboost,B,0,3,days_left_4,-6.902853962618971e-06,4.100979117661885e-06
catboost,B,0,3,target_right_1,0.00018367888466879617,0.00011352624132138917
catboost,B,0,3,target_right_1_raw,0.0005530175676637453,7.918600766130407e-05
catboost,B,0,3,target_right_1_cleaned,-7.466911236830853e-05,2.821024587915111e-06
catboost,B,0,3,target_right_1_invalid_flag,0.0,0.0
catboost,B,0,3,target_right_1_missing_flag,-4.6820945576821205e-05,3.350163646433785e-05
catboost,B,0,3,days_right_1,1.6350614199564517e-05,6.226922766208731e-06
catboost,B,0,3,target_right_2,0.00043285090036713353,0.00022495472744975958
catboost,B,0,3,target_right_2_raw,0.0008160125578917932,0.00020669647552823411
catboost,B,0,3,target_right_2_cleaned,0.000790088932032959,0.00022569915262522777
catboost,B,0,3,target_right_2_invalid_flag,0.0,0.0
catboost,B,0,3,target_right_2_missing_flag,-8.168617269538325e-05,4.2300713245735366e-05
catboost,B,0,3,days_right_2,-7.366919650263898e-05,1.1415684724423725e-05
catboost,B,0,3,target_right_3,0.0003991055799837731,8.563930249703283e-05
catboost,B,0,3,target_right_3_raw,1.5155803907380971e-05,1.781160131365811e-06
catboost,B,0,3,target_right_3_cleaned,-3.0742996602113604e-05,4.263152746479537e-06
catboost,B,0,3,target_right_3_invalid_flag,0.0,0.0
catboost,B,0,3,target_right_3_missing_flag,-3.0430315006713116e-07,1.624303303490726e-05
catboost,B,0,3,days_right_3,0.00011943338914634227,3.816956379254499e-05
catboost,B,0,3,target_right_4,1.8228382621277017e-05,1.4475093629576219e-05
catboost,B,0,3,target_right_4_raw,0.00010400692249227378,2.648142217780841e-05
catboost,B,0,3,target_right_4_cleaned,-7.580531208760399e-05,1.532600449404009e-05
catboost,B,0,3,target_right_4_invalid_flag,0.0,0.0
catboost,B,0,3,target_right_4_missing_flag,5.879894229149363e-08,7.999421449203514e-07
catboost,B,0,3,days_right_4,2.0183083529766443e-05,1.6446376846536437e-05
catboost,B,0,3,linear_interpolation,0.006184197281590829,0.0007475142463366294
catboost,B,0,3,mean_neighbors,0.0021211823641382535,0.0001986871899655948
catboost,B,0,3,local_slope,-1.4318405788020516e-05,4.572047437285259e-05
catboost,B,0,3,local_level,0.024067034384025507,0.0006854379229761232
catboost,B,0,3,local_iqr,0.00026400824615477325,7.822628203510429e-05
catboost,B,0,3,local_curvature,-0.00012895680868750536,4.401969683898166e-05
catboost,B,0,3,target_count_7d,2.709620806434776e-05,2.224020386518144e-05
catboost,B,0,3,target_density_7d,1.4231285812488226e-05,5.657524003188641e-05
catboost,B,0,3,target_count_15d,-7.2396038043189e-05,4.962836773682311e-06
catboost,B,0,3,target_density_15d,5.738749033687429e-06,4.965532610673451e-06
catboost,B,0,3,target_count_30d,1.1638266160185484e-05,8.11555377375206e-06
catboost,B,0,3,target_density_30d,-1.1491678176135667e-05,1.3680451545990124e-05
catboost,B,0,3,gap_run_length,1.1697354883738464e-05,2.2863072579246135e-05
catboost,B,0,3,gap_run_position,0.0,0.0
catboost,B,0,3,left_missing,-1.937745072655428e-05,4.7669629731211804e-06
catboost,B,0,3,right_missing,-0.00010120468097838536,3.310857983502419e-05
catboost,B,0,3,is_edge,-1.1632812891744504e-05,1.2924218352756978e-05
catboost,B,0,3,context_quality,-1.9910766185932127e-06,1.6860376971170044e-05
catboost,B,0,3,same_date_target_count,0.00016636994090395152,4.944716286117701e-05
catboost,B,0,3,same_date_target_median,0.00403317357423999,0.0009960109613792317
catboost,B,0,3,same_date_target_iqr,3.422790277366611e-05,7.78861448951576e-05
catboost,B,0,3,primary_ndvi_raw,0.0,0.0
catboost,B,0,3,primary_ndvi_cleaned,0.0,0.0
catboost,B,0,3,primary_ndvi_invalid_flag,0.0,0.0
catboost,B,0,3,primary_ndvi_missing_flag,0.0,0.0
catboost,B,0,3,primary_ndvi_interpolated,0.015860535649274442,0.0012684565779629356
catboost,B,0,3,primary_ndvi_left,0.00033348007827656984,0.0001797669595138343
catboost,B,0,3,primary_ndvi_right,-6.192013696253162e-05,9.233217972248742e-06
catboost,B,0,3,primary_ndvi_days_since,-0.0001641246226796525,0.00012018417728820036
catboost,B,0,3,primary_ndvi_days_until,-4.463786568192213e-05,3.566148907264283e-05
catboost,B,0,3,primary_ndvi_context_median,0.006156630598310411,0.0004695169456461895
catboost,B,0,3,primary_ndvi_context_iqr,0.0002482575758572317,4.382465716076117e-05
catboost,B,0,3,primary_ndvi_context_count,1.0933938032788026e-05,2.7379127135039594e-05
catboost,B,0,3,primary_ndvi_context_invalid_count,0.0,0.0
catboost,B,0,3,s2_ndvi_raw,0.0,0.0
catboost,B,0,3,s2_ndvi_cleaned,0.0,0.0
catboost,B,0,3,s2_ndvi_invalid_flag,0.0,0.0
catboost,B,0,3,s2_ndvi_missing_flag,0.0,0.0
catboost,B,0,3,s2_ndvi_interpolated,0.00018316956887625552,2.741283547439549e-05
catboost,B,0,3,s2_ndvi_left,-5.5573875385427074e-05,0.00029359053509863536
catboost,B,0,3,s2_ndvi_right,4.4068701118747666e-05,6.582968037868037e-05
catboost,B,0,3,s2_ndvi_days_since,-4.12552667272692e-06,1.6544461101733465e-05
catboost,B,0,3,s2_ndvi_days_until,0.00011339838397191743,3.428732253010075e-05
catboost,B,0,3,s2_ndvi_context_median,4.2273241082010915e-06,4.721816192402445e-05
catboost,B,0,3,s2_ndvi_context_iqr,6.975124814943834e-05,2.369508708652268e-05
catboost,B,0,3,s2_ndvi_context_count,-1.3561219913540978e-05,7.386034061723779e-07
catboost,B,0,3,s2_ndvi_context_invalid_count,0.0,0.0
catboost,B,0,3,s2_evi_raw,0.0,0.0
catboost,B,0,3,s2_evi_cleaned,0.0,0.0
catboost,B,0,3,s2_evi_invalid_flag,0.0,0.0
catboost,B,0,3,s2_evi_missing_flag,0.0,0.0
catboost,B,0,3,s2_evi_interpolated,0.00016446869071163467,0.00010152022709588454
catboost,B,0,3,s2_evi_left,0.0013541345936353838,9.874447912545936e-05
catboost,B,0,3,s2_evi_right,9.9041252683299e-05,3.582332921056586e-05
catboost,B,0,3,s2_evi_days_since,-6.142502467673672e-05,9.898226413759814e-05
catboost,B,0,3,s2_evi_days_until,-9.360796302361474e-05,4.267326621454348e-06
catboost,B,0,3,s2_evi_context_median,2.9213069830322236e-05,6.167326760204983e-05
catboost,B,0,3,s2_evi_context_iqr,-0.00011749255019787713,0.0001250270888088975
catboost,B,0,3,s2_evi_context_count,-1.3700633567911846e-05,6.143880944414759e-07
catboost,B,0,3,s2_evi_context_invalid_count,-2.1312370066181585e-06,1.0958911754108125e-06
catboost,B,0,3,s2_ndwi_raw,0.0,0.0
catboost,B,0,3,s2_ndwi_cleaned,0.0,0.0
catboost,B,0,3,s2_ndwi_invalid_flag,0.0,0.0
catboost,B,0,3,s2_ndwi_missing_flag,0.0,0.0
catboost,B,0,3,s2_ndwi_interpolated,1.4838777474303344e-05,1.4511214457606225e-05
catboost,B,0,3,s2_ndwi_left,-0.0003094049148201286,0.0001282581296403948
catboost,B,0,3,s2_ndwi_right,2.539814692730652e-05,2.2437974020114715e-06
catboost,B,0,3,s2_ndwi_days_since,-8.568011331992753e-05,6.395608729256597e-05
catboost,B,0,3,s2_ndwi_days_until,6.86580255998756e-05,5.378016473894104e-05
catboost,B,0,3,s2_ndwi_context_median,0.00017338673424315693,4.314660472331394e-05
catboost,B,0,3,s2_ndwi_context_iqr,-2.116213778335929e-05,2.949459635211149e-05
catboost,B,0,3,s2_ndwi_context_count,-3.97178459806552e-06,1.0279462320982036e-05
catboost,B,0,3,s2_ndwi_context_invalid_count,0.0,0.0
catboost,B,0,3,landsat_ndvi_raw,0.0,0.0
catboost,B,0,3,landsat_ndvi_cleaned,0.0,0.0
catboost,B,0,3,landsat_ndvi_invalid_flag,0.0,0.0
catboost,B,0,3,landsat_ndvi_missing_flag,0.0,0.0
catboost,B,0,3,landsat_ndvi_interpolated,0.021995331662108417,0.0016307587439131077
catboost,B,0,3,landsat_ndvi_left,0.0002386644808792457,1.2288632622946272e-05
catboost,B,0,3,landsat_ndvi_right,9.966007630702461e-05,0.00018345816181081914
catboost,B,0,3,landsat_ndvi_days_since,2.501270940576117e-05,5.58431039160423e-07
catboost,B,0,3,landsat_ndvi_days_until,-2.1147463413882794e-05,1.1932202196772435e-05
catboost,B,0,3,landsat_ndvi_context_median,0.0014700754671217592,0.00020411046066418082
catboost,B,0,3,landsat_ndvi_context_iqr,-3.170092697148824e-05,7.003532541939583e-06
catboost,B,0,3,landsat_ndvi_context_count,1.6464692882620091e-06,2.7969237501729305e-07
catboost,B,0,3,landsat_ndvi_context_invalid_count,0.0,0.0
catboost,B,0,3,landsat_evi_raw,0.0,0.0
catboost,B,0,3,landsat_evi_cleaned,0.0,0.0
catboost,B,0,3,landsat_evi_invalid_flag,0.0,0.0
catboost,B,0,3,landsat_evi_missing_flag,0.0,0.0
catboost,B,0,3,landsat_evi_interpolated,0.007402001506407886,0.0008393740069377806
catboost,B,0,3,landsat_evi_left,6.661082273425739e-05,9.15786836717461e-05
catboost,B,0,3,landsat_evi_right,0.00023369264724233674,7.254962947594867e-05
catboost,B,0,3,landsat_evi_days_since,0.00011881175757577633,1.5428690161536918e-05
catboost,B,0,3,landsat_evi_days_until,-5.587474113458168e-07,2.295122815159506e-05
catboost,B,0,3,landsat_evi_context_median,0.00011993929822903815,3.2355866790304e-05
catboost,B,0,3,landsat_evi_context_iqr,-1.184724555984562e-05,2.0286575464933954e-05
catboost,B,0,3,landsat_evi_context_count,1.831850695676457e-05,8.301799781444685e-06
catboost,B,0,3,landsat_evi_context_invalid_count,0.0,0.0
catboost,B,0,3,landsat_ndwi_raw,0.0,0.0
catboost,B,0,3,landsat_ndwi_cleaned,0.0,0.0
catboost,B,0,3,landsat_ndwi_invalid_flag,0.0,0.0
catboost,B,0,3,landsat_ndwi_missing_flag,0.0,0.0
catboost,B,0,3,landsat_ndwi_interpolated,0.0010177920798379939,0.0002906198595984469
catboost,B,0,3,landsat_ndwi_left,0.0002707552073536526,2.727673805160563e-05
catboost,B,0,3,landsat_ndwi_right,-1.4136022331787124e-06,0.00016043647303202319
catboost,B,0,3,landsat_ndwi_days_since,-4.522552618971276e-05,6.153455174565114e-05
catboost,B,0,3,landsat_ndwi_days_until,-1.1324535685586223e-05,2.266063683101227e-06
catboost,B,0,3,landsat_ndwi_context_median,-3.143419390209956e-05,2.491951071455223e-05
catboost,B,0,3,landsat_ndwi_context_iqr,-9.99653071269424e-06,8.892323663384216e-06
catboost,B,0,3,landsat_ndwi_context_count,0.0,0.0
catboost,B,0,3,landsat_ndwi_context_invalid_count,0.0,0.0
catboost,B,0,3,modis_ndvi_raw,0.0,0.0
catboost,B,0,3,modis_ndvi_cleaned,0.0,0.0
catboost,B,0,3,modis_ndvi_invalid_flag,0.0,0.0
catboost,B,0,3,modis_ndvi_missing_flag,0.0,0.0
catboost,B,0,3,modis_ndvi_interpolated,0.006366617536896109,0.0005332427719847502
catboost,B,0,3,modis_ndvi_left,0.0005194743868153218,0.00018426848644707838
catboost,B,0,3,modis_ndvi_right,0.0005324437491802322,0.00010861833445986041
catboost,B,0,3,modis_ndvi_days_since,6.489089618422206e-07,5.3698188355988385e-05
catboost,B,0,3,modis_ndvi_days_until,3.308438663456037e-05,7.355908172815284e-06
catboost,B,0,3,modis_ndvi_context_median,0.0005255563086241782,3.5220472087649224e-05
catboost,B,0,3,modis_ndvi_context_iqr,-5.874034138686479e-05,1.6051017860466144e-05
catboost,B,0,3,modis_ndvi_context_count,-4.565139316194816e-05,3.930100411247278e-05
catboost,B,0,3,modis_ndvi_context_invalid_count,0.0,0.0
catboost,B,0,3,modis_evi_raw,0.0,0.0
catboost,B,0,3,modis_evi_cleaned,0.0,0.0
catboost,B,0,3,modis_evi_invalid_flag,0.0,0.0
catboost,B,0,3,modis_evi_missing_flag,0.0,0.0
catboost,B,0,3,modis_evi_interpolated,0.0030663654664409706,0.0005866899557188388
catboost,B,0,3,modis_evi_left,0.0003612593462270358,3.830426601804382e-05
catboost,B,0,3,modis_evi_right,0.0006525327244295831,0.0003074133029889736
catboost,B,0,3,modis_evi_days_since,-2.729061522560583e-05,9.533564674812922e-06
catboost,B,0,3,modis_evi_days_until,-3.937732531065358e-05,8.584814212266034e-06
catboost,B,0,3,modis_evi_context_median,0.00018872338951653883,2.7902196899125264e-05
catboost,B,0,3,modis_evi_context_iqr,-5.1701045122691525e-05,3.406185399037337e-05
catboost,B,0,3,modis_evi_context_count,2.0123310483066703e-05,1.8964463964488143e-07
catboost,B,0,3,modis_evi_context_invalid_count,0.0,0.0
catboost,B,0,3,era5_temp_c_raw,0.0,0.0
catboost,B,0,3,era5_temp_c_cleaned,0.0,0.0
catboost,B,0,3,era5_temp_c_invalid_flag,0.0,0.0
catboost,B,0,3,era5_temp_c_missing_flag,0.0,0.0
catboost,B,0,3,era5_temp_c_interpolated,-1.92742951170069e-05,1.6895957469696687e-05
catboost,B,0,3,era5_temp_c_left,1.361210110421146e-05,9.49475286041862e-06
catboost,B,0,3,era5_temp_c_right,0.00016905805839109722,1.0189733024260073e-05
catboost,B,0,3,era5_temp_c_days_since,-5.708542032296926e-05,2.6110070163315457e-06
catboost,B,0,3,era5_temp_c_days_until,0.0,0.0
catboost,B,0,3,era5_temp_c_context_median,-8.856764871496836e-05,3.146119013638926e-05
catboost,B,0,3,era5_temp_c_context_iqr,-7.154635852953117e-05,3.566587253912845e-05
catboost,B,0,3,era5_temp_c_context_count,4.0808602333256006e-06,1.6468126029504926e-05
catboost,B,0,3,era5_temp_c_context_invalid_count,0.0,0.0
catboost,B,0,3,era5_temp_c_same_date,0.00013744550351260654,3.5342581292036046e-05
catboost,B,0,3,era5_temp_c_same_date_count,0.0,0.0
catboost,B,0,3,era5_temp_c_reconstructed,7.102463324788755e-05,1.3849370060409205e-05
catboost,B,0,3,era5_temp_c_available,0.0,0.0
catboost,B,0,3,era5_precip_mm_raw,0.0,0.0
catboost,B,0,3,era5_precip_mm_cleaned,0.0,0.0
catboost,B,0,3,era5_precip_mm_invalid_flag,0.0,0.0
catboost,B,0,3,era5_precip_mm_missing_flag,0.0,0.0
catboost,B,0,3,era5_precip_mm_interpolated,3.184915371225172e-05,2.5102321015116336e-05
catboost,B,0,3,era5_precip_mm_left,-6.767532202607562e-05,4.411537988899261e-05
catboost,B,0,3,era5_precip_mm_right,0.00023461617714679722,7.294157207857893e-05
catboost,B,0,3,era5_precip_mm_days_since,-7.318544459219978e-06,2.903336776025056e-05
catboost,B,0,3,era5_precip_mm_days_until,-5.1330755002076955e-06,5.557714492412935e-06
catboost,B,0,3,era5_precip_mm_context_median,9.695815020280968e-05,8.929623322868202e-05
catboost,B,0,3,era5_precip_mm_context_iqr,0.00016491163793184993,0.00012050556897419407
catboost,B,0,3,era5_precip_mm_context_count,1.943117953449869e-06,7.6508874129258e-06
catboost,B,0,3,era5_precip_mm_context_invalid_count,1.5244058391733484e-05,9.923121432886539e-08
catboost,B,0,3,era5_precip_mm_same_date,0.0002462135300030574,3.545969643883179e-05
catboost,B,0,3,era5_precip_mm_same_date_count,-1.023943164528418e-06,3.6430254360050873e-06
catboost,B,0,3,era5_precip_mm_reconstructed,0.0002571696281414848,2.9726955407788358e-05
catboost,B,0,3,era5_precip_mm_available,1.1559877074324154e-07,3.3060977207219344e-06
catboost,B,0,3,availability_s2_days_since,-9.211905382587593e-05,6.761885963425807e-05
catboost,B,0,3,availability_s2_days_until,-4.493487740401397e-05,4.638525757875989e-06
catboost,B,0,3,availability_s2_same_date_count,-0.00012806936184701218,2.2636230824941983e-05
catboost,B,0,3,availability_s2_count_7d,-7.799253330553757e-06,5.017067514494211e-05
catboost,B,0,3,availability_s2_count_15d,1.1004794914011573e-05,7.319196176566733e-07
catboost,B,0,3,availability_s2_count_30d,4.377770912153411e-06,1.75129693705256e-07
catboost,B,0,3,source_calendar_s2_local_count,4.834413270954352e-06,1.1127254341686266e-06
catboost,B,0,3,source_calendar_s2_same_date_count,-0.00014863694288470147,8.889840428315254e-06
catboost,B,0,3,source_calendar_s2_fit_count,0.0,0.0
catboost,B,0,3,availability_landsat_days_since,1.2947928607467962e-05,2.900604245799354e-05
catboost,B,0,3,availability_landsat_days_until,2.656104556170852e-05,1.8429065516196996e-05
catboost,B,0,3,availability_landsat_same_date_count,4.056431505079089e-05,8.22526704770607e-05
catboost,B,0,3,availability_landsat_count_7d,5.488234854430368e-05,8.3453473155512e-06
catboost,B,0,3,availability_landsat_count_15d,-5.142474003475006e-05,2.251959605380216e-05
catboost,B,0,3,availability_landsat_count_30d,1.3812958807542242e-05,1.2858777308645541e-05
catboost,B,0,3,source_calendar_landsat_local_count,-6.65902867615295e-05,2.095626627485886e-05
catboost,B,0,3,source_calendar_landsat_same_date_count,0.00011408359200133777,6.513572742822271e-05
catboost,B,0,3,source_calendar_landsat_fit_count,0.0,0.0
catboost,B,0,3,availability_modis_days_since,3.1823445391515603e-06,1.6732409514233493e-05
catboost,B,0,3,availability_modis_days_until,1.6962432370024039e-06,1.7846430466414431e-06
catboost,B,0,3,availability_modis_same_date_count,0.0013542932027046858,6.603582621565046e-05
catboost,B,0,3,availability_modis_count_7d,-4.531947611385867e-05,2.7789905625713596e-06
catboost,B,0,3,availability_modis_count_15d,4.6503724169560945e-05,6.588201607603261e-05
catboost,B,0,3,availability_modis_count_30d,-4.4802658012849106e-05,3.828973197311791e-05
catboost,B,0,3,source_calendar_modis_local_count,2.318059664927624e-05,7.069704442180108e-05
catboost,B,0,3,source_calendar_modis_same_date_count,0.00019624474641537215,3.1700268421183675e-05
catboost,B,0,3,source_calendar_modis_fit_count,0.0,0.0
catboost,B,0,3,p_s2,0.002471025821416735,0.0002250181144461752
catboost,B,0,3,p_landsat,0.00024688290502629384,0.00010655905193827919
catboost,B,0,3,p_modis,0.0016669749415156587,0.000296729312067881
catboost,B,0,3,p_unknown,0.0,0.0
catboost,B,0,3,source_confidence,1.5836846706980545e-05,2.743428090582617e-05
catboost,B,0,3,source_unknown_local_count,0.0,0.0
catboost,B,0,3,pchip_interpolation,0.0007526800580843346,6.192426593913669e-05
catboost,B,0,3,akima_interpolation,5.4250142086528785e-05,9.26384400610214e-05
catboost,B,0,3,left_days_1,-2.8991897087042584e-05,3.20930245917353e-05
catboost,B,0,3,left_days_2,-5.2368574000739854e-05,4.413112924541579e-05
catboost,B,0,3,left_days_3,-7.565900626360644e-05,4.4438060493035e-06
catboost,B,0,3,left_days_4,-4.78341874135535e-06,6.310251963487223e-06
catboost,B,0,3,right_days_1,-9.665841951703863e-05,3.4862831612345047e-06
catboost,B,0,3,right_days_2,2.488482257262392e-05,6.112097418006779e-06
catboost,B,0,3,right_days_3,-3.1215495534753224e-05,1.0652550365419788e-05
catboost,B,0,3,right_days_4,-4.4425734440439735e-05,3.1437193139499664e-05
catboost,B,0,4,anon_polygon_id,0.0,0.0
catboost,B,0,4,date,0.0,0.0
catboost,B,0,4,crop_type,6.083855019705514e-05,2.6737447370063505e-05
catboost,B,0,4,year,1.4089217545899813e-05,0.00019582548326822075
catboost,B,0,4,month,0.0003501441226066923,1.8845327109558163e-05
catboost,B,0,4,doy,-7.735259685046764e-05,8.001838076781426e-05
catboost,B,0,4,iso_week,0.00012131596013831292,5.367881512917394e-05
catboost,B,0,4,sin_doy,6.475611379445217e-05,1.8779800694750104e-05
catboost,B,0,4,cos_doy,3.4205122004214716e-05,8.075556150228397e-05
catboost,B,0,4,prior_polygon_crop_season_median,0.0,0.0
catboost,B,0,4,prior_polygon_crop_season_iqr,0.0,0.0
catboost,B,0,4,prior_polygon_crop_season_count,0.0,0.0
catboost,B,0,4,prior_polygon_crop_median,0.0,0.0
catboost,B,0,4,prior_polygon_crop_iqr,0.0,0.0
catboost,B,0,4,prior_polygon_crop_count,0.0,0.0
catboost,B,0,4,prior_crop_season_median,3.3906801102240314e-06,2.8214106476964762e-05
catboost,B,0,4,prior_crop_season_iqr,1.7590612034733277e-05,2.2810837242558113e-05
catboost,B,0,4,prior_crop_season_count,-1.5325372892539824e-05,1.4026494500253561e-05
catboost,B,0,4,prior_crop_median,1.116012690725171e-05,1.3213389600065517e-05
catboost,B,0,4,prior_crop_iqr,5.316378486660417e-05,3.4353428123364005e-05
catboost,B,0,4,prior_crop_count,1.336893789732202e-05,1.091804307028904e-05
catboost,B,0,4,prior_global_season_median,0.00020586412247704244,4.122862985719844e-06
catboost,B,0,4,prior_global_season_iqr,-1.650429709410678e-05,3.664113018657378e-06
catboost,B,0,4,prior_global_season_count,3.87195763623463e-05,5.7894322947234234e-05
catboost,B,0,4,prior_polygon_crop_year_median,0.0,0.0
catboost,B,0,4,prior_polygon_crop_year_iqr,0.0,0.0
catboost,B,0,4,prior_polygon_crop_year_count,0.0,0.0
catboost,B,0,4,prior_crop_year_median,0.0001169160273632383,3.498182566931407e-06
catboost,B,0,4,prior_crop_year_iqr,4.953468809153899e-05,8.64473577977462e-05
catboost,B,0,4,prior_crop_year_count,0.00011341943707308261,3.210981125684881e-05
catboost,B,0,4,seasonal_prior,-6.841492234480051e-05,8.096263148238414e-06
catboost,B,0,4,seasonal_prior_level,0.0,0.0
catboost,B,0,4,crop_seasonal_prior,8.745943391114813e-05,1.8839275190939142e-05
catboost,B,0,4,prior_global_median,0.0,0.0
catboost,B,0,4,prior_global_iqr,0.0,0.0
catboost,B,0,4,seen_polygon,0.0,0.0
catboost,B,0,4,crop_frequency,7.2732593152241565e-06,1.1228927682863099e-05
catboost,B,0,4,fit_target_count,0.0,0.0
catboost,B,0,4,target_left_1,0.00013789713320681157,1.6034023513543383e-05
catboost,B,0,4,target_left_1_raw,9.139294283280752e-05,3.3264308347658034e-05
catboost,B,0,4,target_left_1_cleaned,0.0004385684757382477,9.997770976611503e-05
catboost,B,0,4,target_left_1_invalid_flag,0.0,0.0
catboost,B,0,4,target_left_1_missing_flag,7.233655627381097e-06,4.780594474868005e-07
catboost,B,0,4,days_left_1,-2.876627110182106e-06,1.4577185642614121e-05
catboost,B,0,4,target_left_2,0.00019875525964751367,6.063317387463435e-05
catboost,B,0,4,target_left_2_raw,0.00025391807391018234,9.373512885196139e-05
catboost,B,0,4,target_left_2_cleaned,-0.0001505132740094589,0.0002599134209824855
catboost,B,0,4,target_left_2_invalid_flag,0.0,0.0
catboost,B,0,4,target_left_2_missing_flag,1.939214662183275e-07,1.0489926356993529e-06
catboost,B,0,4,days_left_2,3.145569002061671e-05,2.494447281841533e-05
catboost,B,0,4,target_left_3,5.009489872433853e-05,8.706987707490094e-05
catboost,B,0,4,target_left_3_raw,3.409990709670602e-05,2.6902135973637387e-05
catboost,B,0,4,target_left_3_cleaned,4.757607475500136e-05,5.763710924566734e-05
catboost,B,0,4,target_left_3_invalid_flag,0.0,0.0
catboost,B,0,4,target_left_3_missing_flag,-2.0045731187239013e-05,6.326470090835257e-06
catboost,B,0,4,days_left_3,-4.987353609402223e-05,2.7204829431234923e-05
catboost,B,0,4,target_left_4,-4.256066369662942e-05,8.403432556432222e-06
catboost,B,0,4,target_left_4_raw,2.7666070016231503e-05,5.436818148042005e-05
catboost,B,0,4,target_left_4_cleaned,-0.00011974721237377473,2.61179827602126e-05
catboost,B,0,4,target_left_4_invalid_flag,0.0,0.0
catboost,B,0,4,target_left_4_missing_flag,0.0,0.0
catboost,B,0,4,days_left_4,-1.2230875371582739e-05,7.678797256258085e-06
catboost,B,0,4,target_right_1,7.796681426123359e-05,5.4638446014436404e-05
catboost,B,0,4,target_right_1_raw,8.02920974435628e-05,4.481339277025154e-05
catboost,B,0,4,target_right_1_cleaned,9.334873540715188e-05,2.1741599860410077e-05
catboost,B,0,4,target_right_1_invalid_flag,0.0,0.0
catboost,B,0,4,target_right_1_missing_flag,0.0,0.0
catboost,B,0,4,days_right_1,2.6694294544271635e-07,1.0685889810513327e-07
catboost,B,0,4,target_right_2,0.0002084519497930551,0.00036731365386683673
catboost,B,0,4,target_right_2_raw,0.00010528876067045917,2.3847125882277276e-05
catboost,B,0,4,target_right_2_cleaned,0.0002362017170787628,6.312560704836712e-05
catboost,B,0,4,target_right_2_invalid_flag,0.0,0.0
catboost,B,0,4,target_right_2_missing_flag,0.0,0.0
catboost,B,0,4,days_right_2,-5.599153003729707e-06,4.019917692610342e-06
catboost,B,0,4,target_right_3,1.194426546487215e-05,4.2188783225122206e-05
catboost,B,0,4,target_right_3_raw,5.562735444860495e-05,2.5187446834822047e-05
catboost,B,0,4,target_right_3_cleaned,0.00012487420449727032,0.00010464338265916279
catboost,B,0,4,target_right_3_invalid_flag,0.0,0.0
catboost,B,0,4,target_right_3_missing_flag,0.0,0.0
catboost,B,0,4,days_right_3,-4.8269893298480415e-05,4.510395300000303e-06
catboost,B,0,4,target_right_4,4.803590704491323e-05,2.470944273548492e-05
catboost,B,0,4,target_right_4_raw,2.1245997170953046e-05,9.504475615242092e-06
catboost,B,0,4,target_right_4_cleaned,3.7409823095573e-05,2.0544881385455016e-05
catboost,B,0,4,target_right_4_invalid_flag,0.0,0.0
catboost,B,0,4,target_right_4_missing_flag,-1.3184997307846835e-07,1.2527060767736353e-06
catboost,B,0,4,days_right_4,2.9899062111198027e-05,1.6031081862495633e-05
catboost,B,0,4,linear_interpolation,0.0009697070747517814,0.0002982378784225567
catboost,B,0,4,mean_neighbors,0.00448941825247369,0.0005812287329306498
catboost,B,0,4,local_slope,0.00012515889445863931,3.0614250810169497e-05
catboost,B,0,4,local_level,0.013981233136668991,0.001712312697814078
catboost,B,0,4,local_iqr,0.00012314691984024323,2.448508898943852e-05
catboost,B,0,4,local_curvature,-0.0002354226795659234,0.00015829747627128105
catboost,B,0,4,target_count_7d,-3.8300986883593735e-06,1.1641030849218748e-05
catboost,B,0,4,target_density_7d,2.8887808800115433e-05,2.454867775597558e-05
catboost,B,0,4,target_count_15d,-3.946966064878599e-06,1.950102132832615e-05
catboost,B,0,4,target_density_15d,-2.1415542022812373e-05,5.444174038041205e-06
catboost,B,0,4,target_count_30d,3.736444288252733e-05,1.0786461929271352e-06
catboost,B,0,4,target_density_30d,-2.054778883495839e-05,8.424639728540906e-07
catboost,B,0,4,gap_run_length,3.2994939663175127e-06,1.598623119166559e-05
catboost,B,0,4,gap_run_position,5.556810052861905e-07,6.7911412090296275e-06
catboost,B,0,4,left_missing,-7.682799430322462e-06,9.458284628324765e-06
catboost,B,0,4,right_missing,0.0,0.0
catboost,B,0,4,is_edge,-1.5030899894324934e-06,2.764551602224552e-06
catboost,B,0,4,context_quality,2.3564237256738785e-05,6.252988487963351e-06
catboost,B,0,4,same_date_target_count,-0.00017047937973767302,9.926132953644307e-05
catboost,B,0,4,same_date_target_median,0.003793841840855093,0.0002168079113287133
catboost,B,0,4,same_date_target_iqr,0.00031801297178540855,0.0002006483416368554
catboost,B,0,4,primary_ndvi_raw,0.0,0.0
catboost,B,0,4,primary_ndvi_cleaned,0.0,0.0
catboost,B,0,4,primary_ndvi_invalid_flag,0.0,0.0
catboost,B,0,4,primary_ndvi_missing_flag,0.0,0.0
catboost,B,0,4,primary_ndvi_interpolated,0.003681317505573739,0.0006313529494662989
catboost,B,0,4,primary_ndvi_left,-0.00034456532363163345,0.00018156038396736213
catboost,B,0,4,primary_ndvi_right,-0.00011690833240116105,2.987515264341045e-06
catboost,B,0,4,primary_ndvi_days_since,6.573265058842231e-05,8.028654278138814e-07
catboost,B,0,4,primary_ndvi_days_until,-1.360035172562335e-05,2.3641550317282656e-06
catboost,B,0,4,primary_ndvi_context_median,0.0026454263132681885,0.0004929397608466821
catboost,B,0,4,primary_ndvi_context_iqr,7.836659016523945e-05,4.22294498634429e-06
catboost,B,0,4,primary_ndvi_context_count,-3.874034880765875e-06,7.249322775015887e-06
catboost,B,0,4,primary_ndvi_context_invalid_count,0.0,0.0
catboost,B,0,4,s2_ndvi_raw,0.0,0.0
catboost,B,0,4,s2_ndvi_cleaned,0.0,0.0
catboost,B,0,4,s2_ndvi_invalid_flag,0.0,0.0
catboost,B,0,4,s2_ndvi_missing_flag,0.0,0.0
catboost,B,0,4,s2_ndvi_interpolated,-7.448377377772958e-05,0.00014908754161283705
catboost,B,0,4,s2_ndvi_left,-0.0003809670415659619,4.186252415609021e-05
catboost,B,0,4,s2_ndvi_right,0.00015290049844518538,6.487954692477316e-05
catboost,B,0,4,s2_ndvi_days_since,-9.753726336256263e-07,5.915498238230621e-06
catboost,B,0,4,s2_ndvi_days_until,-5.7091683295096285e-06,2.477180135361523e-05
catboost,B,0,4,s2_ndvi_context_median,-1.488797259609903e-05,3.2083960155089575e-05
catboost,B,0,4,s2_ndvi_context_iqr,-1.3132291966061471e-05,9.718956743773322e-06
catboost,B,0,4,s2_ndvi_context_count,-2.910851891730487e-05,1.2813998869001808e-06
catboost,B,0,4,s2_ndvi_context_invalid_count,0.0,0.0
catboost,B,0,4,s2_evi_raw,0.0,0.0
catboost,B,0,4,s2_evi_cleaned,0.0,0.0
catboost,B,0,4,s2_evi_invalid_flag,0.0,0.0
catboost,B,0,4,s2_evi_missing_flag,0.0,0.0
catboost,B,0,4,s2_evi_interpolated,2.2658332398658998e-05,0.00010018997484458059
catboost,B,0,4,s2_evi_left,-0.0001228638941513302,0.00015344700680212237
catboost,B,0,4,s2_evi_right,3.583140457995987e-05,8.54670623631551e-05
catboost,B,0,4,s2_evi_days_since,1.7534563421531257e-05,3.2429991477817e-05
catboost,B,0,4,s2_evi_days_until,3.3820749068456946e-05,1.0306915052361865e-05
catboost,B,0,4,s2_evi_context_median,3.791289761384542e-05,0.00011468116709806297
catboost,B,0,4,s2_evi_context_iqr,0.00010061929740131509,3.85544655935946e-05
catboost,B,0,4,s2_evi_context_count,1.2257519457284372e-06,7.30387924565562e-06
catboost,B,0,4,s2_evi_context_invalid_count,-0.00029672852627888463,0.00016051061692411855
catboost,B,0,4,s2_ndwi_raw,0.0,0.0
catboost,B,0,4,s2_ndwi_cleaned,0.0,0.0
catboost,B,0,4,s2_ndwi_invalid_flag,0.0,0.0
catboost,B,0,4,s2_ndwi_missing_flag,0.0,0.0
catboost,B,0,4,s2_ndwi_interpolated,-4.740662207123464e-05,5.984107506306485e-05
catboost,B,0,4,s2_ndwi_left,0.00025937220457877136,1.6934061848987436e-05
catboost,B,0,4,s2_ndwi_right,2.83270305149394e-05,1.004261864715611e-05
catboost,B,0,4,s2_ndwi_days_since,2.7440927444548346e-05,2.729151953812653e-05
catboost,B,0,4,s2_ndwi_days_until,5.289166378812105e-06,2.5209397939061906e-05
catboost,B,0,4,s2_ndwi_context_median,0.0001947761999403705,2.715094442493765e-05
catboost,B,0,4,s2_ndwi_context_iqr,2.443415051713027e-06,1.6701272909931675e-05
catboost,B,0,4,s2_ndwi_context_count,1.1782991518674568e-05,1.2437970676931753e-05
catboost,B,0,4,s2_ndwi_context_invalid_count,0.0,0.0
catboost,B,0,4,landsat_ndvi_raw,0.0,0.0
catboost,B,0,4,landsat_ndvi_cleaned,0.0,0.0
catboost,B,0,4,landsat_ndvi_invalid_flag,0.0,0.0
catboost,B,0,4,landsat_ndvi_missing_flag,0.0,0.0
catboost,B,0,4,landsat_ndvi_interpolated,0.019708856562027637,0.0022404323138761825
catboost,B,0,4,landsat_ndvi_left,-1.149204766646983e-06,5.638899777962031e-05
catboost,B,0,4,landsat_ndvi_right,9.801520961415233e-05,0.00034107892528768835
catboost,B,0,4,landsat_ndvi_days_since,-6.031237333802009e-06,7.406041537221658e-05
catboost,B,0,4,landsat_ndvi_days_until,6.645526961937542e-05,2.0449673714451055e-05
catboost,B,0,4,landsat_ndvi_context_median,0.00010184688202587167,0.00014628764352554724
catboost,B,0,4,landsat_ndvi_context_iqr,7.640551535216533e-06,0.00011956495503109149
catboost,B,0,4,landsat_ndvi_context_count,2.2415117399560147e-06,4.518399943087559e-07
catboost,B,0,4,landsat_ndvi_context_invalid_count,0.0,0.0
catboost,B,0,4,landsat_evi_raw,0.0,0.0
catboost,B,0,4,landsat_evi_cleaned,0.0,0.0
catboost,B,0,4,landsat_evi_invalid_flag,0.0,0.0
catboost,B,0,4,landsat_evi_missing_flag,0.0,0.0
catboost,B,0,4,landsat_evi_interpolated,0.010735393058207282,0.0008255276822108359
catboost,B,0,4,landsat_evi_left,0.00010132677345667945,0.00013608139755427046
catboost,B,0,4,landsat_evi_right,2.362354797332683e-05,7.252628875267092e-05
catboost,B,0,4,landsat_evi_days_since,-1.917263386989193e-05,7.618488592479877e-06
catboost,B,0,4,landsat_evi_days_until,5.045958688311425e-05,2.256538404674102e-05
catboost,B,0,4,landsat_evi_context_median,0.00010680879952180977,7.879028406333755e-05
catboost,B,0,4,landsat_evi_context_iqr,2.7263010511327512e-05,8.384810426884104e-05
catboost,B,0,4,landsat_evi_context_count,-9.231988303659566e-06,6.717898278607581e-06
catboost,B,0,4,landsat_evi_context_invalid_count,0.0,0.0
catboost,B,0,4,landsat_ndwi_raw,0.0,0.0
catboost,B,0,4,landsat_ndwi_cleaned,0.0,0.0
catboost,B,0,4,landsat_ndwi_invalid_flag,0.0,0.0
catboost,B,0,4,landsat_ndwi_missing_flag,0.0,0.0
catboost,B,0,4,landsat_ndwi_interpolated,0.0009037647654163497,0.00011050455273946963
catboost,B,0,4,landsat_ndwi_left,-0.000190623063456484,0.00010929422591619137
catboost,B,0,4,landsat_ndwi_right,0.00033345003694557757,0.00013153227940424644
catboost,B,0,4,landsat_ndwi_days_since,-4.509641740466086e-06,4.799293472829147e-06
catboost,B,0,4,landsat_ndwi_days_until,2.1145859816294743e-05,1.2584246226625406e-05
catboost,B,0,4,landsat_ndwi_context_median,-0.0001290650206772978,6.3816756610199366e-06
catboost,B,0,4,landsat_ndwi_context_iqr,-8.315212883407141e-05,2.2323629642495568e-05
catboost,B,0,4,landsat_ndwi_context_count,2.6651028691634937e-06,5.156759054360249e-06
catboost,B,0,4,landsat_ndwi_context_invalid_count,0.0,0.0
catboost,B,0,4,modis_ndvi_raw,0.0,0.0
catboost,B,0,4,modis_ndvi_cleaned,0.0,0.0
catboost,B,0,4,modis_ndvi_invalid_flag,0.0,0.0
catboost,B,0,4,modis_ndvi_missing_flag,0.0,0.0
catboost,B,0,4,modis_ndvi_interpolated,0.0019249345218875294,0.0004853419165570458
catboost,B,0,4,modis_ndvi_left,0.0002719530582023025,8.096895273510679e-05
catboost,B,0,4,modis_ndvi_right,0.0004921397147804318,2.5400076121812054e-05
catboost,B,0,4,modis_ndvi_days_since,9.993384705689334e-05,3.868106208494704e-05
catboost,B,0,4,modis_ndvi_days_until,-2.6384756187443348e-05,1.7145415701740052e-05
catboost,B,0,4,modis_ndvi_context_median,1.9789845577232457e-05,4.5581624600672666e-05
catboost,B,0,4,modis_ndvi_context_iqr,0.0001427390228639011,5.7901458242297366e-05
catboost,B,0,4,modis_ndvi_context_count,0.0,0.0
catboost,B,0,4,modis_ndvi_context_invalid_count,0.0,0.0
catboost,B,0,4,modis_evi_raw,0.0,0.0
catboost,B,0,4,modis_evi_cleaned,0.0,0.0
catboost,B,0,4,modis_evi_invalid_flag,0.0,0.0
catboost,B,0,4,modis_evi_missing_flag,0.0,0.0
catboost,B,0,4,modis_evi_interpolated,0.0006730330991543687,5.726952077877989e-05
catboost,B,0,4,modis_evi_left,2.504516075935853e-05,0.00013588821430737114
catboost,B,0,4,modis_evi_right,7.397703940016653e-06,7.951069659964394e-07
catboost,B,0,4,modis_evi_days_since,-1.2060090706193793e-05,4.228385852504679e-06
catboost,B,0,4,modis_evi_days_until,2.3957036323955794e-05,1.7027026357203934e-05
catboost,B,0,4,modis_evi_context_median,-0.0003586821100389423,4.695223990660441e-05
catboost,B,0,4,modis_evi_context_iqr,3.833479520319594e-05,1.1168154743959602e-05
catboost,B,0,4,modis_evi_context_count,2.7627419837764067e-05,1.555673333089591e-05
catboost,B,0,4,modis_evi_context_invalid_count,0.0,0.0
catboost,B,0,4,era5_temp_c_raw,0.0,0.0
catboost,B,0,4,era5_temp_c_cleaned,0.0,0.0
catboost,B,0,4,era5_temp_c_invalid_flag,0.0,0.0
catboost,B,0,4,era5_temp_c_missing_flag,0.0,0.0
catboost,B,0,4,era5_temp_c_interpolated,2.0788735259527624e-05,3.47822527241165e-05
catboost,B,0,4,era5_temp_c_left,0.00014617224211072033,5.6252799897862915e-05
catboost,B,0,4,era5_temp_c_right,0.00021142514637088883,4.771549225028593e-05
catboost,B,0,4,era5_temp_c_days_since,-2.6422961681218937e-06,3.144186785872943e-05
catboost,B,0,4,era5_temp_c_days_until,5.78880698189066e-07,3.1909576169095177e-06
catboost,B,0,4,era5_temp_c_context_median,3.577328827000098e-05,8.909529983607e-06
catboost,B,0,4,era5_temp_c_context_iqr,-5.369933067655985e-06,2.610314055336016e-05
catboost,B,0,4,era5_temp_c_context_count,-5.718820703437544e-05,3.440672391341604e-05
catboost,B,0,4,era5_temp_c_context_invalid_count,0.0,0.0
catboost,B,0,4,era5_temp_c_same_date,0.00012432452114414377,1.3866508428862778e-05
catboost,B,0,4,era5_temp_c_same_date_count,0.0,0.0
catboost,B,0,4,era5_temp_c_reconstructed,0.00024901374706697704,6.4610352989089015e-06
catboost,B,0,4,era5_temp_c_available,0.0,0.0
catboost,B,0,4,era5_precip_mm_raw,0.0,0.0
catboost,B,0,4,era5_precip_mm_cleaned,0.0,0.0
catboost,B,0,4,era5_precip_mm_invalid_flag,0.0,0.0
catboost,B,0,4,era5_precip_mm_missing_flag,0.0,0.0
catboost,B,0,4,era5_precip_mm_interpolated,4.7501078575235e-05,3.819698570371732e-05
catboost,B,0,4,era5_precip_mm_left,-0.0001113166747016836,3.5470502358414535e-05
catboost,B,0,4,era5_precip_mm_right,-1.4426128822457585e-05,1.8202625214465418e-05
catboost,B,0,4,era5_precip_mm_days_since,3.981989302202782e-06,9.713188194974964e-06
catboost,B,0,4,era5_precip_mm_days_until,0.0,0.0
catboost,B,0,4,era5_precip_mm_context_median,-0.0002903953935869466,0.00020256552517793763
catboost,B,0,4,era5_precip_mm_context_iqr,-0.0001008839503541456,0.00011843587816196682
catboost,B,0,4,era5_precip_mm_context_count,2.985286305434709e-05,7.473181289005537e-06
catboost,B,0,4,era5_precip_mm_context_invalid_count,-6.170919804195096e-05,3.069499473455639e-05
catboost,B,0,4,era5_precip_mm_same_date,-0.00022808518553391055,0.0002400595776193698
catboost,B,0,4,era5_precip_mm_same_date_count,-1.239145017649379e-05,4.495703889106917e-06
catboost,B,0,4,era5_precip_mm_reconstructed,-0.0002952452392850774,1.8647662180182323e-05
catboost,B,0,4,era5_precip_mm_available,0.0,0.0
catboost,B,0,4,availability_s2_days_since,-2.043728052087551e-05,9.952719575816171e-06
catboost,B,0,4,availability_s2_days_until,3.3274823409652765e-05,2.7646223680413695e-06
catboost,B,0,4,availability_s2_same_date_count,-0.00014209014014999327,3.49595299919056e-05
catboost,B,0,4,availability_s2_count_7d,-3.912643429321988e-05,1.2408593656428046e-05
catboost,B,0,4,availability_s2_count_15d,0.0001732356970223295,2.5239997930893987e-05
catboost,B,0,4,availability_s2_count_30d,-6.412021018864511e-06,1.2430577470551318e-05
catboost,B,0,4,source_calendar_s2_local_count,2.560964360569934e-05,1.5191660173094479e-06
catboost,B,0,4,source_calendar_s2_same_date_count,-0.00025525502079572215,2.1334455954077902e-05
catboost,B,0,4,source_calendar_s2_fit_count,0.0,0.0
catboost,B,0,4,availability_landsat_days_since,-3.3071863379599553e-06,1.2108510030715836e-05
catboost,B,0,4,availability_landsat_days_until,4.750334434047709e-06,1.050026132987103e-06
catboost,B,0,4,availability_landsat_same_date_count,6.813037857410914e-05,2.1272287619521213e-05
catboost,B,0,4,availability_landsat_count_7d,0.00015976077621029927,1.164609563131247e-05
catboost,B,0,4,availability_landsat_count_15d,-7.788532061150238e-05,3.5230510512455904e-05
catboost,B,0,4,availability_landsat_count_30d,4.598922335704442e-05,2.233089074897554e-06
catboost,B,0,4,source_calendar_landsat_local_count,6.279460853701041e-05,3.159050393226892e-06
catboost,B,0,4,source_calendar_landsat_same_date_count,-9.435537099866664e-05,4.0035064941643106e-05
catboost,B,0,4,source_calendar_landsat_fit_count,0.0,0.0
catboost,B,0,4,availability_modis_days_since,-2.4251713673477393e-05,5.617424183313596e-05
catboost,B,0,4,availability_modis_days_until,3.946656790057568e-05,1.7452855497049335e-05
catboost,B,0,4,availability_modis_same_date_count,0.0042335403785407275,0.0005566565352853811
catboost,B,0,4,availability_modis_count_7d,0.00018929054381299631,9.589574792509548e-07
catboost,B,0,4,availability_modis_count_15d,0.00043377895831685914,4.9418236120736536e-05
catboost,B,0,4,availability_modis_count_30d,-2.6679393366667303e-05,4.349343667125333e-05
catboost,B,0,4,source_calendar_modis_local_count,9.156771600682401e-07,2.70283355757045e-05
catboost,B,0,4,source_calendar_modis_same_date_count,0.0011321484534120296,0.00018433519675957466
catboost,B,0,4,source_calendar_modis_fit_count,0.0,0.0
catboost,B,0,4,p_s2,0.002247784177229005,2.308678024622035e-06
catboost,B,0,4,p_landsat,0.00013362577666174713,1.2503967407040406e-06
catboost,B,0,4,p_modis,0.003200950611601805,0.0005528748915727272
catboost,B,0,4,p_unknown,0.0,0.0
catboost,B,0,4,source_confidence,-0.0001259647159093033,2.449599004317876e-05
catboost,B,0,4,source_unknown_local_count,0.0,0.0
catboost,B,0,4,pchip_interpolation,0.00015086689182770147,0.00014359294499990266
catboost,B,0,4,akima_interpolation,0.00016496816755438154,0.00011726846725575862
catboost,B,0,4,left_days_1,-3.322378188394537e-05,3.3288986798510334e-05
catboost,B,0,4,left_days_2,-4.132423707149668e-06,7.133534467811814e-05
catboost,B,0,4,left_days_3,-1.3800513634538991e-05,1.2965462941126604e-05
catboost,B,0,4,left_days_4,6.519202353096054e-05,8.7996065823992e-06
catboost,B,0,4,right_days_1,-7.817958803883751e-06,5.300120602187708e-06
catboost,B,0,4,right_days_2,4.400611685032724e-05,2.4445580644412435e-05
catboost,B,0,4,right_days_3,3.489945097371466e-05,9.69173426888098e-06
catboost,B,0,4,right_days_4,4.44911301871187e-05,2.4022307353599448e-05
catboost,C,0,0,anon_polygon_id,-0.0003419918713324921,3.9538328562405134e-05
catboost,C,0,0,date,0.0,0.0
catboost,C,0,0,crop_type,-9.083038958462852e-05,6.539846544229011e-05
catboost,C,0,0,year,0.0,0.0
catboost,C,0,0,month,-0.0005760428487489311,6.8855627217978554e-06
catboost,C,0,0,doy,0.00020589886391639278,3.340519281555543e-05
catboost,C,0,0,iso_week,0.00022186384852049268,0.0001264442672435362
catboost,C,0,0,sin_doy,-0.00021045597456034737,1.991405382437139e-05
catboost,C,0,0,cos_doy,4.901963113648766e-05,3.65315666308319e-05
catboost,C,0,0,prior_polygon_crop_season_median,0.0001364030678602246,2.2001200546517552e-05
catboost,C,0,0,prior_polygon_crop_season_iqr,0.0007216407678119208,1.3793284646429482e-05
catboost,C,0,0,prior_polygon_crop_season_count,-2.4860798737702527e-06,5.07876191782608e-06
catboost,C,0,0,prior_polygon_crop_median,0.0003109563704496998,9.950134703728963e-06
catboost,C,0,0,prior_polygon_crop_iqr,2.089478228514685e-05,3.337234368908093e-05
catboost,C,0,0,prior_polygon_crop_count,-9.93655382097447e-05,3.3927705274938713e-06
catboost,C,0,0,prior_crop_season_median,-0.0001584045468709383,1.359459825156506e-06
catboost,C,0,0,prior_crop_season_iqr,0.00021576636828682383,5.76192731280567e-05
catboost,C,0,0,prior_crop_season_count,9.002109365940925e-06,2.1186309843379547e-05
catboost,C,0,0,prior_crop_median,-0.00013171795125760388,4.0354006665299647e-05
catboost,C,0,0,prior_crop_iqr,1.0405885557285277e-05,2.608412460120002e-05
catboost,C,0,0,prior_crop_count,-2.2858402947134593e-06,1.469227437878029e-06
catboost,C,0,0,prior_global_season_median,3.5879537007565965e-05,1.4467569811826841e-05
catboost,C,0,0,prior_global_season_iqr,0.0019310971186346504,2.636737230288233e-05
catboost,C,0,0,prior_global_season_count,-9.532262238648448e-05,6.14087664579932e-06
catboost,C,0,0,prior_polygon_crop_year_median,0.0,0.0
catboost,C,0,0,prior_polygon_crop_year_iqr,0.0,0.0
catboost,C,0,0,prior_polygon_crop_year_count,0.0,0.0
catboost,C,0,0,prior_crop_year_median,0.0,0.0
catboost,C,0,0,prior_crop_year_iqr,0.0,0.0
catboost,C,0,0,prior_crop_year_count,0.0,0.0
catboost,C,0,0,seasonal_prior,0.0001851520402730289,1.428790071317243e-05
catboost,C,0,0,seasonal_prior_level,0.0,0.0
catboost,C,0,0,crop_seasonal_prior,0.00023553550390323363,2.5757379948088133e-06
catboost,C,0,0,prior_global_median,0.0,0.0
catboost,C,0,0,prior_global_iqr,0.0,0.0
catboost,C,0,0,seen_polygon,0.0,0.0
catboost,C,0,0,crop_frequency,2.4707742415086553e-06,2.1865304508733585e-05
catboost,C,0,0,fit_target_count,0.0,0.0
catboost,C,0,0,target_left_1,-0.0002538482552842114,6.06519277487616e-05
catboost,C,0,0,target_left_1_raw,-4.020284902134241e-05,3.5465138504831017e-06
catboost,C,0,0,target_left_1_cleaned,-3.458991457966354e-05,1.1101128261581383e-05
catboost,C,0,0,target_left_1_invalid_flag,0.0,0.0
catboost,C,0,0,target_left_1_missing_flag,0.0,0.0
catboost,C,0,0,days_left_1,-9.966632441971157e-05,4.2799257036207905e-06
catboost,C,0,0,target_left_2,3.412715828984836e-05,3.408475611005324e-06
catboost,C,0,0,target_left_2_raw,-5.33403402817878e-05,7.1204436760397005e-06
catboost,C,0,0,target_left_2_cleaned,-3.724301647514694e-05,4.4908092975609604e-05
catboost,C,0,0,target_left_2_invalid_flag,0.0,0.0
catboost,C,0,0,target_left_2_missing_flag,0.0,0.0
catboost,C,0,0,days_left_2,-0.00017486183145321021,3.170003104752128e-05
catboost,C,0,0,target_left_3,-0.00045619192849913337,0.00011123353819089687
catboost,C,0,0,target_left_3_raw,-6.629008763109345e-06,6.68061995209579e-05
catboost,C,0,0,target_left_3_cleaned,-9.429129133445291e-05,3.0289260496974e-07
catboost,C,0,0,target_left_3_invalid_flag,0.0,0.0
catboost,C,0,0,target_left_3_missing_flag,0.0,0.0
catboost,C,0,0,days_left_3,0.00012181315747791799,3.6642307178286204e-05
catboost,C,0,0,target_left_4,-3.0505905301569936e-06,1.2170895131363713e-05
catboost,C,0,0,target_left_4_raw,-0.00011427802879515614,4.436763164350488e-05
catboost,C,0,0,target_left_4_cleaned,-2.6004193642514828e-05,7.230093763188616e-06
catboost,C,0,0,target_left_4_invalid_flag,0.0,0.0
catboost,C,0,0,target_left_4_missing_flag,0.0,0.0
catboost,C,0,0,days_left_4,-0.0018082885366201007,0.0001742009402894984
catboost,C,0,0,target_right_1,0.0,0.0
catboost,C,0,0,target_right_1_raw,0.0,0.0
catboost,C,0,0,target_right_1_cleaned,0.0,0.0
catboost,C,0,0,target_right_1_invalid_flag,0.0,0.0
catboost,C,0,0,target_right_1_missing_flag,0.0,0.0
catboost,C,0,0,days_right_1,0.0,0.0
catboost,C,0,0,target_right_2,0.0,0.0
catboost,C,0,0,target_right_2_raw,0.0,0.0
catboost,C,0,0,target_right_2_cleaned,0.0,0.0
catboost,C,0,0,target_right_2_invalid_flag,0.0,0.0
catboost,C,0,0,target_right_2_missing_flag,0.0,0.0
catboost,C,0,0,days_right_2,0.0,0.0
catboost,C,0,0,target_right_3,0.0,0.0
catboost,C,0,0,target_right_3_raw,0.0,0.0
catboost,C,0,0,target_right_3_cleaned,0.0,0.0
catboost,C,0,0,target_right_3_invalid_flag,0.0,0.0
catboost,C,0,0,target_right_3_missing_flag,0.0,0.0
catboost,C,0,0,days_right_3,0.0,0.0
catboost,C,0,0,target_right_4,0.0,0.0
catboost,C,0,0,target_right_4_raw,0.0,0.0
catboost,C,0,0,target_right_4_cleaned,0.0,0.0
catboost,C,0,0,target_right_4_invalid_flag,0.0,0.0
catboost,C,0,0,target_right_4_missing_flag,0.0,0.0
catboost,C,0,0,days_right_4,0.0,0.0
catboost,C,0,0,linear_interpolation,-0.0001389613746946572,1.3517201717549998e-05
catboost,C,0,0,mean_neighbors,-0.0012943535893792796,4.131412272805057e-05
catboost,C,0,0,local_slope,0.0,0.0
catboost,C,0,0,local_level,0.0005424687884593993,0.00016727447948058916
catboost,C,0,0,local_iqr,-7.589843913585748e-05,3.75063023094202e-05
catboost,C,0,0,local_curvature,0.0,0.0
catboost,C,0,0,target_count_7d,0.0,0.0
catboost,C,0,0,target_density_7d,0.0,0.0
catboost,C,0,0,target_count_15d,0.0,0.0
catboost,C,0,0,target_density_15d,0.0,0.0
catboost,C,0,0,target_count_30d,0.0,0.0
catboost,C,0,0,target_density_30d,0.0,0.0
catboost,C,0,0,gap_run_length,0.0,0.0
catboost,C,0,0,gap_run_position,-0.00011045835994547004,4.4357618481621897e-05
catboost,C,0,0,left_missing,0.0,0.0
catboost,C,0,0,right_missing,0.0,0.0
catboost,C,0,0,is_edge,0.0,0.0
catboost,C,0,0,context_quality,0.0,0.0
catboost,C,0,0,same_date_target_count,0.0,0.0
catboost,C,0,0,same_date_target_median,0.0,0.0
catboost,C,0,0,same_date_target_iqr,0.0,0.0
catboost,C,0,0,primary_ndvi_raw,0.0,0.0
catboost,C,0,0,primary_ndvi_cleaned,0.0,0.0
catboost,C,0,0,primary_ndvi_invalid_flag,0.0,0.0
catboost,C,0,0,primary_ndvi_missing_flag,0.0,0.0
catboost,C,0,0,primary_ndvi_interpolated,-0.000614921888134945,7.230936477398142e-05
catboost,C,0,0,primary_ndvi_left,-0.00014926462335751456,5.56930625439378e-06
catboost,C,0,0,primary_ndvi_right,0.0,0.0
catboost,C,0,0,primary_ndvi_days_since,-0.00014009587830599024,1.9040031854600237e-05
catboost,C,0,0,primary_ndvi_days_until,0.0,0.0
catboost,C,0,0,primary_ndvi_context_median,0.0,0.0
catboost,C,0,0,primary_ndvi_context_iqr,0.0,0.0
catboost,C,0,0,primary_ndvi_context_count,0.0,0.0
catboost,C,0,0,primary_ndvi_context_invalid_count,0.0,0.0
catboost,C,0,0,s2_ndvi_raw,0.0,0.0
catboost,C,0,0,s2_ndvi_cleaned,0.0,0.0
catboost,C,0,0,s2_ndvi_invalid_flag,0.0,0.0
catboost,C,0,0,s2_ndvi_missing_flag,0.0,0.0
catboost,C,0,0,s2_ndvi_interpolated,-2.0373101513093683e-05,1.015007749560759e-05
catboost,C,0,0,s2_ndvi_left,4.1881267660026644e-06,3.5064151453712e-05
catboost,C,0,0,s2_ndvi_right,0.0,0.0
catboost,C,0,0,s2_ndvi_days_since,-0.00017480804321892696,8.665490552811628e-06
catboost,C,0,0,s2_ndvi_days_until,0.0,0.0
catboost,C,0,0,s2_ndvi_context_median,0.0,0.0
catboost,C,0,0,s2_ndvi_context_iqr,0.0,0.0
catboost,C,0,0,s2_ndvi_context_count,0.0,0.0
catboost,C,0,0,s2_ndvi_context_invalid_count,0.0,0.0
catboost,C,0,0,s2_evi_raw,0.0,0.0
catboost,C,0,0,s2_evi_cleaned,0.0,0.0
catboost,C,0,0,s2_evi_invalid_flag,0.0,0.0
catboost,C,0,0,s2_evi_missing_flag,0.0,0.0
catboost,C,0,0,s2_evi_interpolated,-3.42470597534672e-05,1.0718030060363759e-05
catboost,C,0,0,s2_evi_left,3.0182112874643785e-05,2.1926021209317526e-05
catboost,C,0,0,s2_evi_right,0.0,0.0
catboost,C,0,0,s2_evi_days_since,-0.00040100300725551263,3.3062102017172856e-05
catboost,C,0,0,s2_evi_days_until,0.0,0.0
catboost,C,0,0,s2_evi_context_median,0.0,0.0
catboost,C,0,0,s2_evi_context_iqr,0.0,0.0
catboost,C,0,0,s2_evi_context_count,0.0,0.0
catboost,C,0,0,s2_evi_context_invalid_count,0.0,0.0
catboost,C,0,0,s2_ndwi_raw,0.0,0.0
catboost,C,0,0,s2_ndwi_cleaned,0.0,0.0
catboost,C,0,0,s2_ndwi_invalid_flag,0.0,0.0
catboost,C,0,0,s2_ndwi_missing_flag,0.0,0.0
catboost,C,0,0,s2_ndwi_interpolated,1.876139298281898e-05,2.3097107422015428e-05
catboost,C,0,0,s2_ndwi_left,-9.28440867402347e-05,1.0243287526828793e-05
catboost,C,0,0,s2_ndwi_right,0.0,0.0
catboost,C,0,0,s2_ndwi_days_since,-6.17265021318758e-05,1.056191169734877e-05
catboost,C,0,0,s2_ndwi_days_until,0.0,0.0
catboost,C,0,0,s2_ndwi_context_median,0.0,0.0
catboost,C,0,0,s2_ndwi_context_iqr,0.0,0.0
catboost,C,0,0,s2_ndwi_context_count,0.0,0.0
catboost,C,0,0,s2_ndwi_context_invalid_count,0.0,0.0
catboost,C,0,0,landsat_ndvi_raw,0.0,0.0
catboost,C,0,0,landsat_ndvi_cleaned,0.0,0.0
catboost,C,0,0,landsat_ndvi_invalid_flag,0.0,0.0
catboost,C,0,0,landsat_ndvi_missing_flag,0.0,0.0
catboost,C,0,0,landsat_ndvi_interpolated,-0.000667586749812682,8.190772701810456e-05
catboost,C,0,0,landsat_ndvi_left,0.0006687211444271202,2.1399813793232525e-05
catboost,C,0,0,landsat_ndvi_right,0.0,0.0
catboost,C,0,0,landsat_ndvi_days_since,0.0005864346907591966,0.00010372189003365895
catboost,C,0,0,landsat_ndvi_days_until,0.0,0.0
catboost,C,0,0,landsat_ndvi_context_median,0.0,0.0
catboost,C,0,0,landsat_ndvi_context_iqr,0.0,0.0
catboost,C,0,0,landsat_ndvi_context_count,0.0,0.0
catboost,C,0,0,landsat_ndvi_context_invalid_count,0.0,0.0
catboost,C,0,0,landsat_evi_raw,0.0,0.0
catboost,C,0,0,landsat_evi_cleaned,0.0,0.0
catboost,C,0,0,landsat_evi_invalid_flag,0.0,0.0
catboost,C,0,0,landsat_evi_missing_flag,0.0,0.0
catboost,C,0,0,landsat_evi_interpolated,-0.00015649418512647673,9.0158965056375e-05
catboost,C,0,0,landsat_evi_left,-9.262493529549332e-05,7.754872350684838e-05
catboost,C,0,0,landsat_evi_right,0.0,0.0
catboost,C,0,0,landsat_evi_days_since,5.064717591218848e-05,6.712540172815196e-06
catboost,C,0,0,landsat_evi_days_until,0.0,0.0
catboost,C,0,0,landsat_evi_context_median,0.0,0.0
catboost,C,0,0,landsat_evi_context_iqr,0.0,0.0
catboost,C,0,0,landsat_evi_context_count,0.0,0.0
catboost,C,0,0,landsat_evi_context_invalid_count,0.0,0.0
catboost,C,0,0,landsat_ndwi_raw,0.0,0.0
catboost,C,0,0,landsat_ndwi_cleaned,0.0,0.0
catboost,C,0,0,landsat_ndwi_invalid_flag,0.0,0.0
catboost,C,0,0,landsat_ndwi_missing_flag,0.0,0.0
catboost,C,0,0,landsat_ndwi_interpolated,-0.0002466541563360125,6.148586281923274e-05
catboost,C,0,0,landsat_ndwi_left,9.306614930035262e-05,3.852097157083789e-05
catboost,C,0,0,landsat_ndwi_right,0.0,0.0
catboost,C,0,0,landsat_ndwi_days_since,-3.1392467777502375e-05,3.263355385607625e-05
catboost,C,0,0,landsat_ndwi_days_until,0.0,0.0
catboost,C,0,0,landsat_ndwi_context_median,0.0,0.0
catboost,C,0,0,landsat_ndwi_context_iqr,0.0,0.0
catboost,C,0,0,landsat_ndwi_context_count,0.0,0.0
catboost,C,0,0,landsat_ndwi_context_invalid_count,0.0,0.0
catboost,C,0,0,modis_ndvi_raw,0.0,0.0
catboost,C,0,0,modis_ndvi_cleaned,0.0,0.0
catboost,C,0,0,modis_ndvi_invalid_flag,0.0,0.0
catboost,C,0,0,modis_ndvi_missing_flag,0.0,0.0
catboost,C,0,0,modis_ndvi_interpolated,-0.0004416597073225864,9.685409356637031e-05
catboost,C,0,0,modis_ndvi_left,-8.18977106208374e-05,1.947882273745094e-05
catboost,C,0,0,modis_ndvi_right,0.0,0.0
catboost,C,0,0,modis_ndvi_days_since,0.00016446083702037484,1.5350629828658757e-05
catboost,C,0,0,modis_ndvi_days_until,0.0,0.0
catboost,C,0,0,modis_ndvi_context_median,0.0,0.0
catboost,C,0,0,modis_ndvi_context_iqr,0.0,0.0
catboost,C,0,0,modis_ndvi_context_count,0.0,0.0
catboost,C,0,0,modis_ndvi_context_invalid_count,0.0,0.0
catboost,C,0,0,modis_evi_raw,0.0,0.0
catboost,C,0,0,modis_evi_cleaned,0.0,0.0
catboost,C,0,0,modis_evi_invalid_flag,0.0,0.0
catboost,C,0,0,modis_evi_missing_flag,0.0,0.0
catboost,C,0,0,modis_evi_interpolated,-1.2478374929514313e-05,7.009556420228824e-05
catboost,C,0,0,modis_evi_left,0.00013746533179753717,2.485021729825565e-05
catboost,C,0,0,modis_evi_right,0.0,0.0
catboost,C,0,0,modis_evi_days_since,0.0001446544500913749,8.657797047617599e-07
catboost,C,0,0,modis_evi_days_until,0.0,0.0
catboost,C,0,0,modis_evi_context_median,0.0,0.0
catboost,C,0,0,modis_evi_context_iqr,0.0,0.0
catboost,C,0,0,modis_evi_context_count,0.0,0.0
catboost,C,0,0,modis_evi_context_invalid_count,0.0,0.0
catboost,C,0,0,era5_temp_c_raw,0.0,0.0
catboost,C,0,0,era5_temp_c_cleaned,0.0,0.0
catboost,C,0,0,era5_temp_c_invalid_flag,0.0,0.0
catboost,C,0,0,era5_temp_c_missing_flag,0.0,0.0
catboost,C,0,0,era5_temp_c_interpolated,0.0,0.0
catboost,C,0,0,era5_temp_c_left,0.0,0.0
catboost,C,0,0,era5_temp_c_right,0.0,0.0
catboost,C,0,0,era5_temp_c_days_since,-0.00046707147983411634,2.1171113792253782e-05
catboost,C,0,0,era5_temp_c_days_until,0.0,0.0
catboost,C,0,0,era5_temp_c_context_median,0.0,0.0
catboost,C,0,0,era5_temp_c_context_iqr,0.0,0.0
catboost,C,0,0,era5_temp_c_context_count,0.0,0.0
catboost,C,0,0,era5_temp_c_context_invalid_count,0.0,0.0
catboost,C,0,0,era5_temp_c_same_date,0.0,0.0
catboost,C,0,0,era5_temp_c_same_date_count,0.0,0.0
catboost,C,0,0,era5_temp_c_reconstructed,8.489833365807331e-05,2.4629764106803842e-05
catboost,C,0,0,era5_temp_c_available,0.0,0.0
catboost,C,0,0,era5_precip_mm_raw,0.0,0.0
catboost,C,0,0,era5_precip_mm_cleaned,0.0,0.0
catboost,C,0,0,era5_precip_mm_invalid_flag,0.0,0.0
catboost,C,0,0,era5_precip_mm_missing_flag,0.0,0.0
catboost,C,0,0,era5_precip_mm_interpolated,1.5354933800670878e-05,2.8076643810992508e-06
catboost,C,0,0,era5_precip_mm_left,0.0,0.0
catboost,C,0,0,era5_precip_mm_right,0.0,0.0
catboost,C,0,0,era5_precip_mm_days_since,-0.0002671682921890628,9.134211512298873e-05
catboost,C,0,0,era5_precip_mm_days_until,0.0,0.0
catboost,C,0,0,era5_precip_mm_context_median,0.0,0.0
catboost,C,0,0,era5_precip_mm_context_iqr,0.0,0.0
catboost,C,0,0,era5_precip_mm_context_count,0.0,0.0
catboost,C,0,0,era5_precip_mm_context_invalid_count,0.0,0.0
catboost,C,0,0,era5_precip_mm_same_date,0.0,0.0
catboost,C,0,0,era5_precip_mm_same_date_count,0.0,0.0
catboost,C,0,0,era5_precip_mm_reconstructed,-4.56871985204943e-06,1.024836192187184e-06
catboost,C,0,0,era5_precip_mm_available,-5.227594454138007e-05,3.1667046034300483e-06
catboost,C,0,0,availability_s2_days_since,-0.00022014241042800364,1.145129330382133e-05
catboost,C,0,0,availability_s2_days_until,0.0,0.0
catboost,C,0,0,availability_s2_same_date_count,0.0,0.0
catboost,C,0,0,availability_s2_count_7d,0.0,0.0
catboost,C,0,0,availability_s2_count_15d,0.0,0.0
catboost,C,0,0,availability_s2_count_30d,0.0,0.0
catboost,C,0,0,source_calendar_s2_local_count,0.0,0.0
catboost,C,0,0,source_calendar_s2_same_date_count,0.0,0.0
catboost,C,0,0,source_calendar_s2_fit_count,0.0,0.0
catboost,C,0,0,availability_landsat_days_since,-0.00042596455917776055,1.7089209554121965e-05
catboost,C,0,0,availability_landsat_days_until,0.0,0.0
catboost,C,0,0,availability_landsat_same_date_count,0.0,0.0
catboost,C,0,0,availability_landsat_count_7d,0.0,0.0
catboost,C,0,0,availability_landsat_count_15d,0.0,0.0
catboost,C,0,0,availability_landsat_count_30d,0.0,0.0
catboost,C,0,0,source_calendar_landsat_local_count,0.0,0.0
catboost,C,0,0,source_calendar_landsat_same_date_count,0.0,0.0
catboost,C,0,0,source_calendar_landsat_fit_count,0.0,0.0
catboost,C,0,0,availability_modis_days_since,4.588458119705874e-05,4.541700739102428e-07
catboost,C,0,0,availability_modis_days_until,0.0,0.0
catboost,C,0,0,availability_modis_same_date_count,0.0,0.0
catboost,C,0,0,availability_modis_count_7d,0.0,0.0
catboost,C,0,0,availability_modis_count_15d,0.0,0.0
catboost,C,0,0,availability_modis_count_30d,0.0,0.0
catboost,C,0,0,source_calendar_modis_local_count,0.0,0.0
catboost,C,0,0,source_calendar_modis_same_date_count,0.0,0.0
catboost,C,0,0,source_calendar_modis_fit_count,0.0,0.0
catboost,C,0,0,p_s2,-5.8994888508884236e-05,2.9419520726686743e-05
catboost,C,0,0,p_landsat,0.0,0.0
catboost,C,0,0,p_modis,-8.174585838849335e-06,3.067433496040106e-06
catboost,C,0,0,p_unknown,0.0,0.0
catboost,C,0,0,source_confidence,-5.1721602753407314e-05,1.702570599598774e-05
catboost,C,0,0,source_unknown_local_count,0.0,0.0
catboost,C,0,0,pchip_interpolation,0.0,0.0
catboost,C,0,0,akima_interpolation,0.0,0.0
catboost,C,0,0,left_days_1,-4.2408903472956894e-05,6.58073622317179e-07
catboost,C,0,0,left_days_2,0.0003732238428786616,4.590801383383414e-05
catboost,C,0,0,left_days_3,-0.0006509547751358952,2.135370590124197e-05
catboost,C,0,0,left_days_4,-0.0013657106989501955,3.7787177809250894e-05
catboost,C,0,0,right_days_1,0.0,0.0
catboost,C,0,0,right_days_2,0.0,0.0
catboost,C,0,0,right_days_3,0.0,0.0
catboost,C,0,0,right_days_4,0.0,0.0
catboost,D,0,0,anon_polygon_id,0.0,0.0
catboost,D,0,0,date,0.0,0.0
catboost,D,0,0,crop_type,-0.00025484469013634103,0.00017810263278233984
catboost,D,0,0,year,-3.6086910184904286e-05,7.157475827833382e-05
catboost,D,0,0,month,-0.000115690127871243,1.430348839837059e-05
catboost,D,0,0,doy,-2.2599344753862494e-05,1.4369129636912503e-05
catboost,D,0,0,iso_week,-3.2240068691388735e-05,3.3549550838826714e-05
catboost,D,0,0,sin_doy,1.6417070511989817e-05,1.3718935552173295e-05
catboost,D,0,0,cos_doy,-0.0002702547924624682,1.1821912780693444e-05
catboost,D,0,0,prior_polygon_crop_season_median,0.0,0.0
catboost,D,0,0,prior_polygon_crop_season_iqr,0.0,0.0
catboost,D,0,0,prior_polygon_crop_season_count,0.0,0.0
catboost,D,0,0,prior_polygon_crop_median,0.0,0.0
catboost,D,0,0,prior_polygon_crop_iqr,0.0,0.0
catboost,D,0,0,prior_polygon_crop_count,0.0,0.0
catboost,D,0,0,prior_crop_season_median,-8.608597224651904e-07,1.8523661913932843e-06
catboost,D,0,0,prior_crop_season_iqr,0.0003839305904620588,0.0003345820868069921
catboost,D,0,0,prior_crop_season_count,-6.656368023205683e-05,4.354987353230588e-05
catboost,D,0,0,prior_crop_median,-0.00010416332648548188,6.047640219955519e-06
catboost,D,0,0,prior_crop_iqr,0.0,0.0
catboost,D,0,0,prior_crop_count,0.0,0.0
catboost,D,0,0,prior_global_season_median,0.00010297820559948545,4.2577568644952546e-05
catboost,D,0,0,prior_global_season_iqr,2.661897973454952e-05,0.0
catboost,D,0,0,prior_global_season_count,-2.2134562691386583e-05,1.2565468978667504e-05
catboost,D,0,0,prior_polygon_crop_year_median,0.0,0.0
catboost,D,0,0,prior_polygon_crop_year_iqr,0.0,0.0
catboost,D,0,0,prior_polygon_crop_year_count,0.0,0.0
catboost,D,0,0,prior_crop_year_median,1.0134389722138426e-06,6.400010923363064e-06
catboost,D,0,0,prior_crop_year_iqr,0.0002901624771789041,0.00010083134455167453
catboost,D,0,0,prior_crop_year_count,9.53752475357783e-06,5.593079766608167e-06
catboost,D,0,0,seasonal_prior,-0.00013529282411831045,4.6008070583969385e-05
catboost,D,0,0,seasonal_prior_level,0.0,0.0
catboost,D,0,0,crop_seasonal_prior,-2.651911086123948e-05,3.2220549360195694e-05
catboost,D,0,0,prior_global_median,0.0,0.0
catboost,D,0,0,prior_global_iqr,0.0,0.0
catboost,D,0,0,seen_polygon,0.0,0.0
catboost,D,0,0,crop_frequency,4.507938934666944e-06,2.979440092698571e-06
catboost,D,0,0,fit_target_count,0.0,0.0
catboost,D,0,0,target_left_1,0.00019582173214054144,2.2690645712461488e-05
catboost,D,0,0,target_left_1_raw,0.00012333863025339176,6.696940842067234e-05
catboost,D,0,0,target_left_1_cleaned,6.276786669051626e-05,2.0752711240884514e-05
catboost,D,0,0,target_left_1_invalid_flag,0.0,0.0
catboost,D,0,0,target_left_1_missing_flag,0.0,0.0
catboost,D,0,0,days_left_1,-0.0011265405727865496,7.920719143136856e-05
catboost,D,0,0,target_left_2,0.0,0.0
catboost,D,0,0,target_left_2_raw,0.0,0.0
catboost,D,0,0,target_left_2_cleaned,0.0,0.0
catboost,D,0,0,target_left_2_invalid_flag,0.0,0.0
catboost,D,0,0,target_left_2_missing_flag,0.0,0.0
catboost,D,0,0,days_left_2,0.0,0.0
catboost,D,0,0,target_left_3,0.0,0.0
catboost,D,0,0,target_left_3_raw,0.0,0.0
catboost,D,0,0,target_left_3_cleaned,0.0,0.0
catboost,D,0,0,target_left_3_invalid_flag,0.0,0.0
catboost,D,0,0,target_left_3_missing_flag,0.0,0.0
catboost,D,0,0,days_left_3,0.0,0.0
catboost,D,0,0,target_left_4,0.0,0.0
catboost,D,0,0,target_left_4_raw,0.0,0.0
catboost,D,0,0,target_left_4_cleaned,0.0,0.0
catboost,D,0,0,target_left_4_invalid_flag,0.0,0.0
catboost,D,0,0,target_left_4_missing_flag,0.0,0.0
catboost,D,0,0,days_left_4,0.0,0.0
catboost,D,0,0,target_right_1,0.0,0.0
catboost,D,0,0,target_right_1_raw,0.0,0.0
catboost,D,0,0,target_right_1_cleaned,0.0,0.0
catboost,D,0,0,target_right_1_invalid_flag,0.0,0.0
catboost,D,0,0,target_right_1_missing_flag,0.0,0.0
catboost,D,0,0,days_right_1,0.0,0.0
catboost,D,0,0,target_right_2,0.0,0.0
catboost,D,0,0,target_right_2_raw,0.0,0.0
catboost,D,0,0,target_right_2_cleaned,0.0,0.0
catboost,D,0,0,target_right_2_invalid_flag,0.0,0.0
catboost,D,0,0,target_right_2_missing_flag,0.0,0.0
catboost,D,0,0,days_right_2,0.0,0.0
catboost,D,0,0,target_right_3,0.0,0.0
catboost,D,0,0,target_right_3_raw,0.0,0.0
catboost,D,0,0,target_right_3_cleaned,0.0,0.0
catboost,D,0,0,target_right_3_invalid_flag,0.0,0.0
catboost,D,0,0,target_right_3_missing_flag,0.0,0.0
catboost,D,0,0,days_right_3,0.0,0.0
catboost,D,0,0,target_right_4,0.0,0.0
catboost,D,0,0,target_right_4_raw,0.0,0.0
catboost,D,0,0,target_right_4_cleaned,0.0,0.0
catboost,D,0,0,target_right_4_invalid_flag,0.0,0.0
catboost,D,0,0,target_right_4_missing_flag,0.0,0.0
catboost,D,0,0,days_right_4,0.0,0.0
catboost,D,0,0,linear_interpolation,0.0012007881794492137,0.00036089072307263215
catboost,D,0,0,mean_neighbors,0.0005454387572308289,0.0006257946880846438
catboost,D,0,0,local_slope,0.0,0.0
catboost,D,0,0,local_level,0.004152009215464214,0.0005664349617144349
catboost,D,0,0,local_iqr,0.0,0.0
catboost,D,0,0,local_curvature,0.0,0.0
catboost,D,0,0,target_count_7d,0.0,0.0
catboost,D,0,0,target_density_7d,0.0,0.0
catboost,D,0,0,target_count_15d,0.0,0.0
catboost,D,0,0,target_density_15d,0.0,0.0
catboost,D,0,0,target_count_30d,0.0,0.0
catboost,D,0,0,target_density_30d,-0.00015865538838762128,8.616103179939771e-06
catboost,D,0,0,gap_run_length,0.0003168772325388425,6.670425878013697e-06
catboost,D,0,0,gap_run_position,0.00026504563327917063,4.2218041833880227e-05
catboost,D,0,0,left_missing,0.0,0.0
catboost,D,0,0,right_missing,0.0,0.0
catboost,D,0,0,is_edge,0.0,0.0
catboost,D,0,0,context_quality,-2.5321885517431975e-06,2.0387325525464406e-05
catboost,D,0,0,same_date_target_count,-0.0005452563323310039,2.5842514993476562e-05
catboost,D,0,0,same_date_target_median,0.0017334982438057672,9.69168735431708e-05
catboost,D,0,0,same_date_target_iqr,1.8744497389949766e-06,5.721008468116684e-05
catboost,D,0,0,primary_ndvi_raw,0.0,0.0
catboost,D,0,0,primary_ndvi_cleaned,0.0,0.0
catboost,D,0,0,primary_ndvi_invalid_flag,0.0,0.0
catboost,D,0,0,primary_ndvi_missing_flag,0.0,0.0
catboost,D,0,0,primary_ndvi_interpolated,0.0014016877340043699,0.000326176791778765
catboost,D,0,0,primary_ndvi_left,5.1238514002432956e-05,1.2831640688992785e-05
catboost,D,0,0,primary_ndvi_right,0.0,0.0
catboost,D,0,0,primary_ndvi_days_since,0.0,0.0
catboost,D,0,0,primary_ndvi_days_until,0.0,0.0
catboost,D,0,0,primary_ndvi_context_median,-0.0017101461169665988,0.0007875461933047057
catboost,D,0,0,primary_ndvi_context_iqr,-7.532685815865581e-05,8.170498614169797e-05
catboost,D,0,0,primary_ndvi_context_count,8.019054088674593e-05,1.4255315060315854e-05
catboost,D,0,0,primary_ndvi_context_invalid_count,0.0,0.0
catboost,D,0,0,s2_ndvi_raw,0.0,0.0
catboost,D,0,0,s2_ndvi_cleaned,0.0,0.0
catboost,D,0,0,s2_ndvi_invalid_flag,0.0,0.0
catboost,D,0,0,s2_ndvi_missing_flag,0.0,0.0
catboost,D,0,0,s2_ndvi_interpolated,-0.00015420705359625586,9.842717897379227e-05
catboost,D,0,0,s2_ndvi_left,0.0009477779562408195,0.00021179676360782995
catboost,D,0,0,s2_ndvi_right,0.0,0.0
catboost,D,0,0,s2_ndvi_days_since,2.4347832527402136e-05,1.0423825195490788e-05
catboost,D,0,0,s2_ndvi_days_until,0.0,0.0
catboost,D,0,0,s2_ndvi_context_median,-2.5124510586171933e-05,6.594412401250693e-05
catboost,D,0,0,s2_ndvi_context_iqr,0.0,0.0
catboost,D,0,0,s2_ndvi_context_count,0.0,0.0
catboost,D,0,0,s2_ndvi_context_invalid_count,0.0,0.0
catboost,D,0,0,s2_evi_raw,0.0,0.0
catboost,D,0,0,s2_evi_cleaned,0.0,0.0
catboost,D,0,0,s2_evi_invalid_flag,0.0,0.0
catboost,D,0,0,s2_evi_missing_flag,0.0,0.0
catboost,D,0,0,s2_evi_interpolated,0.0004828483830464081,0.00016623709894303396
catboost,D,0,0,s2_evi_left,8.245248792267124e-05,4.771441774574503e-05
catboost,D,0,0,s2_evi_right,0.0,0.0
catboost,D,0,0,s2_evi_days_since,0.0,0.0
catboost,D,0,0,s2_evi_days_until,0.0,0.0
catboost,D,0,0,s2_evi_context_median,-3.8872068968923146e-05,5.469986995160214e-07
catboost,D,0,0,s2_evi_context_iqr,0.0,0.0
catboost,D,0,0,s2_evi_context_count,0.0,0.0
catboost,D,0,0,s2_evi_context_invalid_count,0.0,0.0
catboost,D,0,0,s2_ndwi_raw,0.0,0.0
catboost,D,0,0,s2_ndwi_cleaned,0.0,0.0
catboost,D,0,0,s2_ndwi_invalid_flag,0.0,0.0
catboost,D,0,0,s2_ndwi_missing_flag,0.0,0.0
catboost,D,0,0,s2_ndwi_interpolated,-0.00016642052976259536,3.883127335196912e-05
catboost,D,0,0,s2_ndwi_left,-0.00014644577669585546,0.00026215178525480776
catboost,D,0,0,s2_ndwi_right,0.0,0.0
catboost,D,0,0,s2_ndwi_days_since,3.0915532959058245e-06,3.774734810696456e-07
catboost,D,0,0,s2_ndwi_days_until,0.0,0.0
catboost,D,0,0,s2_ndwi_context_median,-0.00012909566156500685,0.00025009672356678114
catboost,D,0,0,s2_ndwi_context_iqr,0.0,0.0
catboost,D,0,0,s2_ndwi_context_count,0.0,0.0
catboost,D,0,0,s2_ndwi_context_invalid_count,0.0,0.0
catboost,D,0,0,landsat_ndvi_raw,0.0,0.0
catboost,D,0,0,landsat_ndvi_cleaned,0.0,0.0
catboost,D,0,0,landsat_ndvi_invalid_flag,0.0,0.0
catboost,D,0,0,landsat_ndvi_missing_flag,0.0,0.0
catboost,D,0,0,landsat_ndvi_interpolated,0.0060060980086475285,0.0027144599106594253
catboost,D,0,0,landsat_ndvi_left,-0.00034598206683900123,0.0008387674306505055
catboost,D,0,0,landsat_ndvi_right,0.0,0.0
catboost,D,0,0,landsat_ndvi_days_since,-2.072549317765071e-05,5.2510380657441735e-05
catboost,D,0,0,landsat_ndvi_days_until,0.0,0.0
catboost,D,0,0,landsat_ndvi_context_median,7.436491651061083e-05,0.0005787067114840228
catboost,D,0,0,landsat_ndvi_context_iqr,0.0,0.0
catboost,D,0,0,landsat_ndvi_context_count,0.0,0.0
catboost,D,0,0,landsat_ndvi_context_invalid_count,0.0,0.0
catboost,D,0,0,landsat_evi_raw,0.0,0.0
catboost,D,0,0,landsat_evi_cleaned,0.0,0.0
catboost,D,0,0,landsat_evi_invalid_flag,0.0,0.0
catboost,D,0,0,landsat_evi_missing_flag,0.0,0.0
catboost,D,0,0,landsat_evi_interpolated,-5.5072164835204274e-05,2.5863556276997657e-05
catboost,D,0,0,landsat_evi_left,0.0011869123039602858,0.00016984833134262023
catboost,D,0,0,landsat_evi_right,0.0,0.0
catboost,D,0,0,landsat_evi_days_since,1.0406965943426938e-05,2.7407421999331438e-05
catboost,D,0,0,landsat_evi_days_until,0.0,0.0
catboost,D,0,0,landsat_evi_context_median,0.00047570492190704416,0.0008482419805777575
catboost,D,0,0,landsat_evi_context_iqr,-4.026215932306787e-05,6.277800769596831e-05
catboost,D,0,0,landsat_evi_context_count,0.0,0.0
catboost,D,0,0,landsat_evi_context_invalid_count,0.0,0.0
catboost,D,0,0,landsat_ndwi_raw,0.0,0.0
catboost,D,0,0,landsat_ndwi_cleaned,0.0,0.0
catboost,D,0,0,landsat_ndwi_invalid_flag,0.0,0.0
catboost,D,0,0,landsat_ndwi_missing_flag,0.0,0.0
catboost,D,0,0,landsat_ndwi_interpolated,-0.001363101254808069,0.0010402997153919902
catboost,D,0,0,landsat_ndwi_left,0.00041933325531834376,1.80440502728918e-05
catboost,D,0,0,landsat_ndwi_right,0.0,0.0
catboost,D,0,0,landsat_ndwi_days_since,-0.0002833997572391639,6.525414048677569e-06
catboost,D,0,0,landsat_ndwi_days_until,0.0,0.0
catboost,D,0,0,landsat_ndwi_context_median,-0.00045451111174740766,0.0002839257296422537
catboost,D,0,0,landsat_ndwi_context_iqr,0.0,0.0
catboost,D,0,0,landsat_ndwi_context_count,0.0,0.0
catboost,D,0,0,landsat_ndwi_context_invalid_count,0.0,0.0
catboost,D,0,0,modis_ndvi_raw,0.0,0.0
catboost,D,0,0,modis_ndvi_cleaned,0.0,0.0
catboost,D,0,0,modis_ndvi_invalid_flag,0.0,0.0
catboost,D,0,0,modis_ndvi_missing_flag,0.0,0.0
catboost,D,0,0,modis_ndvi_interpolated,-0.0014885256326311047,0.0010669012234286734
catboost,D,0,0,modis_ndvi_left,-9.403263655111127e-05,1.2703185669260542e-05
catboost,D,0,0,modis_ndvi_right,0.0,0.0
catboost,D,0,0,modis_ndvi_days_since,0.00011148586732431798,1.4289082709312284e-05
catboost,D,0,0,modis_ndvi_days_until,0.0,0.0
catboost,D,0,0,modis_ndvi_context_median,7.107446450135835e-05,4.535974383404473e-05
catboost,D,0,0,modis_ndvi_context_iqr,0.0,0.0
catboost,D,0,0,modis_ndvi_context_count,6.533611813928919e-05,1.6273917810935568e-05
catboost,D,0,0,modis_ndvi_context_invalid_count,0.0,0.0
catboost,D,0,0,modis_evi_raw,0.0,0.0
catboost,D,0,0,modis_evi_cleaned,0.0,0.0
catboost,D,0,0,modis_evi_invalid_flag,0.0,0.0
catboost,D,0,0,modis_evi_missing_flag,0.0,0.0
catboost,D,0,0,modis_evi_interpolated,-0.001069574695134523,0.00046505527077031483
catboost,D,0,0,modis_evi_left,0.0013261916772487614,0.00056915383589487
catboost,D,0,0,modis_evi_right,0.0,0.0
catboost,D,0,0,modis_evi_days_since,0.00018478868085911038,4.5730007221245206e-05
catboost,D,0,0,modis_evi_days_until,0.0,0.0
catboost,D,0,0,modis_evi_context_median,-0.0008219479919510803,2.9993687954560366e-06
catboost,D,0,0,modis_evi_context_iqr,0.0,0.0
catboost,D,0,0,modis_evi_context_count,0.0,0.0
catboost,D,0,0,modis_evi_context_invalid_count,0.0,0.0
catboost,D,0,0,era5_temp_c_raw,0.0,0.0
catboost,D,0,0,era5_temp_c_cleaned,0.0,0.0
catboost,D,0,0,era5_temp_c_invalid_flag,0.0,0.0
catboost,D,0,0,era5_temp_c_missing_flag,0.0,0.0
catboost,D,0,0,era5_temp_c_interpolated,4.9982376827767405e-05,4.220853110478706e-05
catboost,D,0,0,era5_temp_c_left,-4.002065489344675e-05,2.2829752900715983e-05
catboost,D,0,0,era5_temp_c_right,0.0,0.0
catboost,D,0,0,era5_temp_c_days_since,0.00018041217092158723,6.866032788883925e-05
catboost,D,0,0,era5_temp_c_days_until,0.0,0.0
catboost,D,0,0,era5_temp_c_context_median,0.00015796222436235963,4.9486994391598205e-05
catboost,D,0,0,era5_temp_c_context_iqr,0.0,0.0
catboost,D,0,0,era5_temp_c_context_count,0.0,0.0
catboost,D,0,0,era5_temp_c_context_invalid_count,0.0,0.0
catboost,D,0,0,era5_temp_c_same_date,-0.0004399143894273372,0.0003570429292814037
catboost,D,0,0,era5_temp_c_same_date_count,0.0,0.0
catboost,D,0,0,era5_temp_c_reconstructed,-1.3087155619817548e-05,2.716188661222585e-05
catboost,D,0,0,era5_temp_c_available,0.0,0.0
catboost,D,0,0,era5_precip_mm_raw,0.0,0.0
catboost,D,0,0,era5_precip_mm_cleaned,0.0,0.0
catboost,D,0,0,era5_precip_mm_invalid_flag,0.0,0.0
catboost,D,0,0,era5_precip_mm_missing_flag,0.0,0.0
catboost,D,0,0,era5_precip_mm_interpolated,0.0,0.0
catboost,D,0,0,era5_precip_mm_left,-1.2303654420980914e-06,1.4353246089546245e-05
catboost,D,0,0,era5_precip_mm_right,0.0,0.0
catboost,D,0,0,era5_precip_mm_days_since,0.00028611854416212,3.17781770490938e-05
catboost,D,0,0,era5_precip_mm_days_until,0.0,0.0
catboost,D,0,0,era5_precip_mm_context_median,0.0,0.0
catboost,D,0,0,era5_precip_mm_context_iqr,0.0,0.0
catboost,D,0,0,era5_precip_mm_context_count,0.0,0.0
catboost,D,0,0,era5_precip_mm_context_invalid_count,0.0,0.0
catboost,D,0,0,era5_precip_mm_same_date,0.00016375190254047656,7.768047255329869e-05
catboost,D,0,0,era5_precip_mm_same_date_count,0.0,0.0
catboost,D,0,0,era5_precip_mm_reconstructed,2.116278711099262e-05,8.869623601430454e-05
catboost,D,0,0,era5_precip_mm_available,0.0,0.0
catboost,D,0,0,availability_s2_days_since,0.0,0.0
catboost,D,0,0,availability_s2_days_until,0.0,0.0
catboost,D,0,0,availability_s2_same_date_count,2.6051478226291058e-05,4.639908201126142e-05
catboost,D,0,0,availability_s2_count_7d,0.0,0.0
catboost,D,0,0,availability_s2_count_15d,0.0,0.0
catboost,D,0,0,availability_s2_count_30d,0.0,0.0
catboost,D,0,0,source_calendar_s2_local_count,0.0,0.0
catboost,D,0,0,source_calendar_s2_same_date_count,-0.00040185819031478276,0.00023269301641466733
catboost,D,0,0,source_calendar_s2_fit_count,0.0,0.0
catboost,D,0,0,availability_landsat_days_since,4.048664131742208e-06,1.4204775466139519e-05
catboost,D,0,0,availability_landsat_days_until,0.0,0.0
catboost,D,0,0,availability_landsat_same_date_count,-0.0001320603539101961,4.196546334239715e-05
catboost,D,0,0,availability_landsat_count_7d,0.0,0.0
catboost,D,0,0,availability_landsat_count_15d,0.0,0.0
catboost,D,0,0,availability_landsat_count_30d,0.0,0.0
catboost,D,0,0,source_calendar_landsat_local_count,-7.06915606858427e-05,4.1911247033010746e-05
catboost,D,0,0,source_calendar_landsat_same_date_count,-7.340737043319556e-05,1.0769706260141398e-05
catboost,D,0,0,source_calendar_landsat_fit_count,0.0,0.0
catboost,D,0,0,availability_modis_days_since,0.0,0.0
catboost,D,0,0,availability_modis_days_until,0.0,0.0
catboost,D,0,0,availability_modis_same_date_count,0.004895847184180485,0.0007123523646695717
catboost,D,0,0,availability_modis_count_7d,0.0,0.0
catboost,D,0,0,availability_modis_count_15d,0.0,0.0
catboost,D,0,0,availability_modis_count_30d,0.0,0.0
catboost,D,0,0,source_calendar_modis_local_count,0.0,0.0
catboost,D,0,0,source_calendar_modis_same_date_count,0.00036718853207025337,0.00014735456855062556
catboost,D,0,0,source_calendar_modis_fit_count,0.0,0.0
catboost,D,0,0,p_s2,0.0005285276334202615,0.00011224787682770354
catboost,D,0,0,p_landsat,-0.0005194485958091299,0.00023877114587361747
catboost,D,0,0,p_modis,-0.00025367105476682694,0.00017625108883793927
catboost,D,0,0,p_unknown,0.0,0.0
catboost,D,0,0,source_confidence,-6.586521175201698e-05,1.5700626267850515e-06
catboost,D,0,0,source_unknown_local_count,0.0,0.0
catboost,D,0,0,pchip_interpolation,0.0,0.0
catboost,D,0,0,akima_interpolation,0.0,0.0
catboost,D,0,0,left_days_1,-5.587704747997413e-06,1.1472074644275354e-06
catboost,D,0,0,left_days_2,0.0,0.0
catboost,D,0,0,left_days_3,0.0,0.0
catboost,D,0,0,left_days_4,0.0,0.0
catboost,D,0,0,right_days_1,0.0,0.0
catboost,D,0,0,right_days_2,0.0,0.0
catboost,D,0,0,right_days_3,0.0,0.0
catboost,D,0,0,right_days_4,0.0,0.0
catboost,D,0,1,anon_polygon_id,0.0,0.0
catboost,D,0,1,date,0.0,0.0
catboost,D,0,1,crop_type,3.715238858759129e-05,2.474285053404024e-05
catboost,D,0,1,year,-0.00015925581677670927,9.85753686278193e-06
catboost,D,0,1,month,0.0,0.0
catboost,D,0,1,doy,3.673699540863301e-05,6.260717300154289e-05
catboost,D,0,1,iso_week,-0.0001869638079645443,6.107905831164925e-05
catboost,D,0,1,sin_doy,-9.166708135387516e-05,6.413242261342142e-05
catboost,D,0,1,cos_doy,0.00016457282603019735,0.00015554333446068935
catboost,D,0,1,prior_polygon_crop_season_median,0.0,0.0
catboost,D,0,1,prior_polygon_crop_season_iqr,0.0,0.0
catboost,D,0,1,prior_polygon_crop_season_count,0.0,0.0
catboost,D,0,1,prior_polygon_crop_median,0.0,0.0
catboost,D,0,1,prior_polygon_crop_iqr,0.0,0.0
catboost,D,0,1,prior_polygon_crop_count,0.0,0.0
catboost,D,0,1,prior_crop_season_median,5.789141144088919e-05,5.519991019274986e-05
catboost,D,0,1,prior_crop_season_iqr,4.599868590141748e-06,1.0695677986859164e-06
catboost,D,0,1,prior_crop_season_count,-0.00017926640311192663,5.756078689859306e-06
catboost,D,0,1,prior_crop_median,5.046131956211453e-07,4.157013117241093e-07
catboost,D,0,1,prior_crop_iqr,4.753862538333861e-05,1.7510821126824616e-06
catboost,D,0,1,prior_crop_count,0.00010320056890177759,0.00012106286237557884
catboost,D,0,1,prior_global_season_median,-1.7406049490388542e-06,1.965424765416543e-05
catboost,D,0,1,prior_global_season_iqr,7.075725304235558e-05,0.00011554648250225452
catboost,D,0,1,prior_global_season_count,-0.00015849779798552538,8.861014960023783e-05
catboost,D,0,1,prior_polygon_crop_year_median,0.0,0.0
catboost,D,0,1,prior_polygon_crop_year_iqr,0.0,0.0
catboost,D,0,1,prior_polygon_crop_year_count,0.0,0.0
catboost,D,0,1,prior_crop_year_median,0.00028772255340821923,6.82607455939066e-05
catboost,D,0,1,prior_crop_year_iqr,0.0002670384888422521,0.00020036698988182625
catboost,D,0,1,prior_crop_year_count,0.001417256723702371,0.00011353110837503469
catboost,D,0,1,seasonal_prior,0.0,0.0
catboost,D,0,1,seasonal_prior_level,0.0,0.0
catboost,D,0,1,crop_seasonal_prior,0.0,0.0
catboost,D,0,1,prior_global_median,0.0,0.0
catboost,D,0,1,prior_global_iqr,0.0,0.0
catboost,D,0,1,seen_polygon,0.0,0.0
catboost,D,0,1,crop_frequency,-2.549690991830722e-05,1.0893845582463091e-05
catboost,D,0,1,fit_target_count,0.0,0.0
catboost,D,0,1,target_left_1,0.00021925386689767082,4.364573619885029e-05
catboost,D,0,1,target_left_1_raw,0.00030472372444701953,2.9190740068792825e-05
catboost,D,0,1,target_left_1_cleaned,-5.124319633505528e-05,4.808833061206372e-05
catboost,D,0,1,target_left_1_invalid_flag,0.0,0.0
catboost,D,0,1,target_left_1_missing_flag,0.0,0.0
catboost,D,0,1,days_left_1,0.0002890401312326783,8.379709631449114e-05
catboost,D,0,1,target_left_2,0.0,0.0
catboost,D,0,1,target_left_2_raw,0.0,0.0
catboost,D,0,1,target_left_2_cleaned,0.0,0.0
catboost,D,0,1,target_left_2_invalid_flag,0.0,0.0
catboost,D,0,1,target_left_2_missing_flag,0.0,0.0
catboost,D,0,1,days_left_2,0.0,0.0
catboost,D,0,1,target_left_3,0.0,0.0
catboost,D,0,1,target_left_3_raw,0.0,0.0
catboost,D,0,1,target_left_3_cleaned,0.0,0.0
catboost,D,0,1,target_left_3_invalid_flag,0.0,0.0
catboost,D,0,1,target_left_3_missing_flag,0.0,0.0
catboost,D,0,1,days_left_3,0.0,0.0
catboost,D,0,1,target_left_4,0.0,0.0
catboost,D,0,1,target_left_4_raw,0.0,0.0
catboost,D,0,1,target_left_4_cleaned,0.0,0.0
catboost,D,0,1,target_left_4_invalid_flag,0.0,0.0
catboost,D,0,1,target_left_4_missing_flag,0.0,0.0
catboost,D,0,1,days_left_4,0.0,0.0
catboost,D,0,1,target_right_1,0.0,0.0
catboost,D,0,1,target_right_1_raw,0.0,0.0
catboost,D,0,1,target_right_1_cleaned,0.0,0.0
catboost,D,0,1,target_right_1_invalid_flag,0.0,0.0
catboost,D,0,1,target_right_1_missing_flag,0.0,0.0
catboost,D,0,1,days_right_1,0.0,0.0
catboost,D,0,1,target_right_2,0.0,0.0
catboost,D,0,1,target_right_2_raw,0.0,0.0
catboost,D,0,1,target_right_2_cleaned,0.0,0.0
catboost,D,0,1,target_right_2_invalid_flag,0.0,0.0
catboost,D,0,1,target_right_2_missing_flag,0.0,0.0
catboost,D,0,1,days_right_2,0.0,0.0
catboost,D,0,1,target_right_3,0.0,0.0
catboost,D,0,1,target_right_3_raw,0.0,0.0
catboost,D,0,1,target_right_3_cleaned,0.0,0.0
catboost,D,0,1,target_right_3_invalid_flag,0.0,0.0
catboost,D,0,1,target_right_3_missing_flag,0.0,0.0
catboost,D,0,1,days_right_3,0.0,0.0
catboost,D,0,1,target_right_4,0.0,0.0
catboost,D,0,1,target_right_4_raw,0.0,0.0
catboost,D,0,1,target_right_4_cleaned,0.0,0.0
catboost,D,0,1,target_right_4_invalid_flag,0.0,0.0
catboost,D,0,1,target_right_4_missing_flag,0.0,0.0
catboost,D,0,1,days_right_4,0.0,0.0
catboost,D,0,1,linear_interpolation,-5.991968551506688e-05,3.085308427033806e-05
catboost,D,0,1,mean_neighbors,0.0009287425265827737,0.00021501355924062604
catboost,D,0,1,local_slope,0.0,0.0
catboost,D,0,1,local_level,0.009171432645212009,0.0017978074003173333
catboost,D,0,1,local_iqr,0.0,0.0
catboost,D,0,1,local_curvature,0.0,0.0
catboost,D,0,1,target_count_7d,0.0,0.0
catboost,D,0,1,target_density_7d,0.0,0.0
catboost,D,0,1,target_count_15d,0.0,0.0
catboost,D,0,1,target_density_15d,0.0,0.0
catboost,D,0,1,target_count_30d,0.0,0.0
catboost,D,0,1,target_density_30d,0.0,0.0
catboost,D,0,1,gap_run_length,-7.464549282258648e-05,2.131742106465523e-05
catboost,D,0,1,gap_run_position,0.0,0.0
catboost,D,0,1,left_missing,0.0,0.0
catboost,D,0,1,right_missing,0.0,0.0
catboost,D,0,1,is_edge,0.0,0.0
catboost,D,0,1,context_quality,0.0,0.0
catboost,D,0,1,same_date_target_count,0.00031860809453780267,0.00020687473058475167
catboost,D,0,1,same_date_target_median,-8.973083571909082e-05,0.0013108552628069668
catboost,D,0,1,same_date_target_iqr,0.00016119207717242914,0.0003824610886058767
catboost,D,0,1,primary_ndvi_raw,0.0,0.0
catboost,D,0,1,primary_ndvi_cleaned,0.0,0.0
catboost,D,0,1,primary_ndvi_invalid_flag,0.0,0.0
catboost,D,0,1,primary_ndvi_missing_flag,0.0,0.0
catboost,D,0,1,primary_ndvi_interpolated,0.0015256882271837378,0.0003538190049866795
catboost,D,0,1,primary_ndvi_left,0.0009897206233918654,0.00029786192591312044
catboost,D,0,1,primary_ndvi_right,0.0,0.0
catboost,D,0,1,primary_ndvi_days_since,3.165168772614399e-05,2.884351751018463e-05
catboost,D,0,1,primary_ndvi_days_until,0.0,0.0
catboost,D,0,1,primary_ndvi_context_median,0.0020263994754225537,0.0011096658497773415
catboost,D,0,1,primary_ndvi_context_iqr,0.0,0.0
catboost,D,0,1,primary_ndvi_context_count,0.0,0.0
catboost,D,0,1,primary_ndvi_context_invalid_count,0.0,0.0
catboost,D,0,1,s2_ndvi_raw,0.0,0.0
catboost,D,0,1,s2_ndvi_cleaned,0.0,0.0
catboost,D,0,1,s2_ndvi_invalid_flag,0.0,0.0
catboost,D,0,1,s2_ndvi_missing_flag,0.0,0.0
catboost,D,0,1,s2_ndvi_interpolated,0.0,0.0
catboost,D,0,1,s2_ndvi_left,0.0,0.0
catboost,D,0,1,s2_ndvi_right,0.0,0.0
catboost,D,0,1,s2_ndvi_days_since,0.0,0.0
catboost,D,0,1,s2_ndvi_days_until,0.0,0.0
catboost,D,0,1,s2_ndvi_context_median,0.0,0.0
catboost,D,0,1,s2_ndvi_context_iqr,0.0,0.0
catboost,D,0,1,s2_ndvi_context_count,0.0,0.0
catboost,D,0,1,s2_ndvi_context_invalid_count,0.0,0.0
catboost,D,0,1,s2_evi_raw,0.0,0.0
catboost,D,0,1,s2_evi_cleaned,0.0,0.0
catboost,D,0,1,s2_evi_invalid_flag,0.0,0.0
catboost,D,0,1,s2_evi_missing_flag,0.0,0.0
catboost,D,0,1,s2_evi_interpolated,0.0,0.0
catboost,D,0,1,s2_evi_left,0.0,0.0
catboost,D,0,1,s2_evi_right,0.0,0.0
catboost,D,0,1,s2_evi_days_since,0.0,0.0
catboost,D,0,1,s2_evi_days_until,0.0,0.0
catboost,D,0,1,s2_evi_context_median,0.0,0.0
catboost,D,0,1,s2_evi_context_iqr,0.0,0.0
catboost,D,0,1,s2_evi_context_count,0.0,0.0
catboost,D,0,1,s2_evi_context_invalid_count,0.0,0.0
catboost,D,0,1,s2_ndwi_raw,0.0,0.0
catboost,D,0,1,s2_ndwi_cleaned,0.0,0.0
catboost,D,0,1,s2_ndwi_invalid_flag,0.0,0.0
catboost,D,0,1,s2_ndwi_missing_flag,0.0,0.0
catboost,D,0,1,s2_ndwi_interpolated,0.0,0.0
catboost,D,0,1,s2_ndwi_left,0.0,0.0
catboost,D,0,1,s2_ndwi_right,0.0,0.0
catboost,D,0,1,s2_ndwi_days_since,0.0,0.0
catboost,D,0,1,s2_ndwi_days_until,0.0,0.0
catboost,D,0,1,s2_ndwi_context_median,0.0,0.0
catboost,D,0,1,s2_ndwi_context_iqr,0.0,0.0
catboost,D,0,1,s2_ndwi_context_count,0.0,0.0
catboost,D,0,1,s2_ndwi_context_invalid_count,0.0,0.0
catboost,D,0,1,landsat_ndvi_raw,0.0,0.0
catboost,D,0,1,landsat_ndvi_cleaned,0.0,0.0
catboost,D,0,1,landsat_ndvi_invalid_flag,0.0,0.0
catboost,D,0,1,landsat_ndvi_missing_flag,0.0,0.0
catboost,D,0,1,landsat_ndvi_interpolated,-0.0002195294419520752,9.255515406661474e-06
catboost,D,0,1,landsat_ndvi_left,-0.00010890060569470478,1.7071104666824266e-05
catboost,D,0,1,landsat_ndvi_right,0.0,0.0
catboost,D,0,1,landsat_ndvi_days_since,-1.4096148702839872e-05,6.584494274854136e-06
catboost,D,0,1,landsat_ndvi_days_until,0.0,0.0
catboost,D,0,1,landsat_ndvi_context_median,-4.959551959173372e-05,0.00027455175781222405
catboost,D,0,1,landsat_ndvi_context_iqr,0.0,0.0
catboost,D,0,1,landsat_ndvi_context_count,0.0,0.0
catboost,D,0,1,landsat_ndvi_context_invalid_count,0.0,0.0
catboost,D,0,1,landsat_evi_raw,0.0,0.0
catboost,D,0,1,landsat_evi_cleaned,0.0,0.0
catboost,D,0,1,landsat_evi_invalid_flag,0.0,0.0
catboost,D,0,1,landsat_evi_missing_flag,0.0,0.0
catboost,D,0,1,landsat_evi_interpolated,-5.9860484930791824e-05,3.9149103878227676e-05
catboost,D,0,1,landsat_evi_left,-1.8825969655380387e-05,4.3694909464767756e-05
catboost,D,0,1,landsat_evi_right,0.0,0.0
catboost,D,0,1,landsat_evi_days_since,-3.7912080135815707e-06,1.5268985686753278e-05
catboost,D,0,1,landsat_evi_days_until,0.0,0.0
catboost,D,0,1,landsat_evi_context_median,0.0005521233883291135,8.812101815226792e-06
catboost,D,0,1,landsat_evi_context_iqr,5.594378707057465e-05,3.3560408011768655e-05
catboost,D,0,1,landsat_evi_context_count,0.0,0.0
catboost,D,0,1,landsat_evi_context_invalid_count,0.0,0.0
catboost,D,0,1,landsat_ndwi_raw,0.0,0.0
catboost,D,0,1,landsat_ndwi_cleaned,0.0,0.0
catboost,D,0,1,landsat_ndwi_invalid_flag,0.0,0.0
catboost,D,0,1,landsat_ndwi_missing_flag,0.0,0.0
catboost,D,0,1,landsat_ndwi_interpolated,0.0019915897750278806,0.0007297038836230375
catboost,D,0,1,landsat_ndwi_left,0.00020371161070109264,1.3368422680331421e-05
catboost,D,0,1,landsat_ndwi_right,0.0,0.0
catboost,D,0,1,landsat_ndwi_days_since,4.6642878412384015e-06,9.020528578401743e-07
catboost,D,0,1,landsat_ndwi_days_until,0.0,0.0
catboost,D,0,1,landsat_ndwi_context_median,0.00016124392608256322,1.567481760724604e-05
catboost,D,0,1,landsat_ndwi_context_iqr,0.0,0.0
catboost,D,0,1,landsat_ndwi_context_count,0.0,0.0
catboost,D,0,1,landsat_ndwi_context_invalid_count,0.0,0.0
catboost,D,0,1,modis_ndvi_raw,0.0,0.0
catboost,D,0,1,modis_ndvi_cleaned,0.0,0.0
catboost,D,0,1,modis_ndvi_invalid_flag,0.0,0.0
catboost,D,0,1,modis_ndvi_missing_flag,0.0,0.0
catboost,D,0,1,modis_ndvi_interpolated,0.0020711048209888436,0.00058452200765928
catboost,D,0,1,modis_ndvi_left,0.00044891108739339783,0.0005030901065982522
catboost,D,0,1,modis_ndvi_right,0.0,0.0
catboost,D,0,1,modis_ndvi_days_since,1.083292272417713e-05,8.363116903026269e-06
catboost,D,0,1,modis_ndvi_days_until,0.0,0.0
catboost,D,0,1,modis_ndvi_context_median,0.0002398347358189383,5.258802359786249e-05
catboost,D,0,1,modis_ndvi_context_iqr,5.5798328910242057e-05,3.996233460756837e-05
catboost,D,0,1,modis_ndvi_context_count,0.0,0.0
catboost,D,0,1,modis_ndvi_context_invalid_count,0.0,0.0
catboost,D,0,1,modis_evi_raw,0.0,0.0
catboost,D,0,1,modis_evi_cleaned,0.0,0.0
catboost,D,0,1,modis_evi_invalid_flag,0.0,0.0
catboost,D,0,1,modis_evi_missing_flag,0.0,0.0
catboost,D,0,1,modis_evi_interpolated,0.001918113881995219,0.00046229321451252137
catboost,D,0,1,modis_evi_left,0.0004731926804990988,0.00010936559979059235
catboost,D,0,1,modis_evi_right,0.0,0.0
catboost,D,0,1,modis_evi_days_since,-0.00020011862063274918,1.2642161512765177e-05
catboost,D,0,1,modis_evi_days_until,0.0,0.0
catboost,D,0,1,modis_evi_context_median,0.0014674084024888616,0.00011268176711632868
catboost,D,0,1,modis_evi_context_iqr,0.0,0.0
catboost,D,0,1,modis_evi_context_count,0.0,0.0
catboost,D,0,1,modis_evi_context_invalid_count,0.0,0.0
catboost,D,0,1,era5_temp_c_raw,0.0,0.0
catboost,D,0,1,era5_temp_c_cleaned,0.0,0.0
catboost,D,0,1,era5_temp_c_invalid_flag,0.0,0.0
catboost,D,0,1,era5_temp_c_missing_flag,0.0,0.0
catboost,D,0,1,era5_temp_c_interpolated,7.816719342539427e-05,2.9271655142545233e-05
catboost,D,0,1,era5_temp_c_left,-0.0003831713894259896,0.00016480332460787686
catboost,D,0,1,era5_temp_c_right,0.0,0.0
catboost,D,0,1,era5_temp_c_days_since,0.0002721048253211504,7.735195621870125e-05
catboost,D,0,1,era5_temp_c_days_until,0.0,0.0
catboost,D,0,1,era5_temp_c_context_median,-4.565919297404991e-05,5.801696289262082e-06
catboost,D,0,1,era5_temp_c_context_iqr,0.0,0.0
catboost,D,0,1,era5_temp_c_context_count,0.0,0.0
catboost,D,0,1,era5_temp_c_context_invalid_count,0.0,0.0
catboost,D,0,1,era5_temp_c_same_date,-0.00022226390034891033,0.00016682204402109282
catboost,D,0,1,era5_temp_c_same_date_count,0.0,0.0
catboost,D,0,1,era5_temp_c_reconstructed,0.00024513460263527256,0.00021601823447542703
catboost,D,0,1,era5_temp_c_available,0.0,0.0
catboost,D,0,1,era5_precip_mm_raw,0.0,0.0
catboost,D,0,1,era5_precip_mm_cleaned,0.0,0.0
catboost,D,0,1,era5_precip_mm_invalid_flag,0.0,0.0
catboost,D,0,1,era5_precip_mm_missing_flag,0.0,0.0
catboost,D,0,1,era5_precip_mm_interpolated,-0.0005616373801290223,5.822494955196045e-05
catboost,D,0,1,era5_precip_mm_left,-0.0013705009785414772,2.7470454680791206e-05
catboost,D,0,1,era5_precip_mm_right,0.0,0.0
catboost,D,0,1,era5_precip_mm_days_since,0.0002940681047623392,8.125468436284006e-05
catboost,D,0,1,era5_precip_mm_days_until,0.0,0.0
catboost,D,0,1,era5_precip_mm_context_median,-4.4077092413521285e-05,0.00013282870070238303
catboost,D,0,1,era5_precip_mm_context_iqr,0.0,0.0
catboost,D,0,1,era5_precip_mm_context_count,0.0,0.0
catboost,D,0,1,era5_precip_mm_context_invalid_count,1.7768678309861008e-06,2.933111519800441e-06
catboost,D,0,1,era5_precip_mm_same_date,0.0008207224453464779,0.0006089302733062393
catboost,D,0,1,era5_precip_mm_same_date_count,0.0,0.0
catboost,D,0,1,era5_precip_mm_reconstructed,0.00015154039921401463,0.00037982495717434756
catboost,D,0,1,era5_precip_mm_available,0.0,0.0
catboost,D,0,1,availability_s2_days_since,0.0,0.0
catboost,D,0,1,availability_s2_days_until,0.0,0.0
catboost,D,0,1,availability_s2_same_date_count,0.0002632738105636176,0.00011631957045501323
catboost,D,0,1,availability_s2_count_7d,0.0,0.0
catboost,D,0,1,availability_s2_count_15d,0.0,0.0
catboost,D,0,1,availability_s2_count_30d,0.0,0.0
catboost,D,0,1,source_calendar_s2_local_count,0.0,0.0
catboost,D,0,1,source_calendar_s2_same_date_count,-4.712648888867757e-05,7.004180916181033e-05
catboost,D,0,1,source_calendar_s2_fit_count,0.0,0.0
catboost,D,0,1,availability_landsat_days_since,-7.994578432340624e-05,4.4931294732146465e-06
catboost,D,0,1,availability_landsat_days_until,0.0,0.0
catboost,D,0,1,availability_landsat_same_date_count,0.00012806398905166466,4.4781187117100274e-05
catboost,D,0,1,availability_landsat_count_7d,0.0,0.0
catboost,D,0,1,availability_landsat_count_15d,0.0,0.0
catboost,D,0,1,availability_landsat_count_30d,0.0,0.0
catboost,D,0,1,source_calendar_landsat_local_count,-7.44223239875566e-05,1.6956223813237303e-05
catboost,D,0,1,source_calendar_landsat_same_date_count,1.2351066565125662e-05,1.2834280967818218e-05
catboost,D,0,1,source_calendar_landsat_fit_count,0.0,0.0
catboost,D,0,1,availability_modis_days_since,2.202533353504524e-05,3.191712969147567e-05
catboost,D,0,1,availability_modis_days_until,0.0,0.0
catboost,D,0,1,availability_modis_same_date_count,0.0025113403809160217,0.0005221954268861337
catboost,D,0,1,availability_modis_count_7d,0.0,0.0
catboost,D,0,1,availability_modis_count_15d,0.0,0.0
catboost,D,0,1,availability_modis_count_30d,0.0,0.0
catboost,D,0,1,source_calendar_modis_local_count,-0.0002566390322804868,2.9837134447235902e-05
catboost,D,0,1,source_calendar_modis_same_date_count,0.0004737681605057817,0.00014114343385716183
catboost,D,0,1,source_calendar_modis_fit_count,0.0,0.0
catboost,D,0,1,p_s2,-0.0010165055344807487,0.0007489531560672218
catboost,D,0,1,p_landsat,0.00044567269678531113,8.551243437695394e-05
catboost,D,0,1,p_modis,-0.00028563815485145583,0.0002334436807492693
catboost,D,0,1,p_unknown,0.0,0.0
catboost,D,0,1,source_confidence,0.00022037742552288853,4.867664649061548e-05
catboost,D,0,1,source_unknown_local_count,0.0,0.0
catboost,D,0,1,pchip_interpolation,0.0,0.0
catboost,D,0,1,akima_interpolation,0.0,0.0
catboost,D,0,1,left_days_1,1.830191080112037e-05,3.84674555088671e-06
catboost,D,0,1,left_days_2,0.0,0.0
catboost,D,0,1,left_days_3,0.0,0.0
catboost,D,0,1,left_days_4,0.0,0.0
catboost,D,0,1,right_days_1,0.0,0.0
catboost,D,0,1,right_days_2,0.0,0.0
catboost,D,0,1,right_days_3,0.0,0.0
catboost,D,0,1,right_days_4,0.0,0.0
catboost,D,0,2,anon_polygon_id,0.0,0.0
catboost,D,0,2,date,0.0,0.0
catboost,D,0,2,crop_type,0.00019604373424186167,3.194355510422603e-05
catboost,D,0,2,year,-0.00035939817793330386,7.068578090110855e-05
catboost,D,0,2,month,0.0,0.0
catboost,D,0,2,doy,-6.944308648060976e-05,3.623119251303791e-05
catboost,D,0,2,iso_week,0.0,0.0
catboost,D,0,2,sin_doy,0.0001240643855707907,2.18843783257594e-05
catboost,D,0,2,cos_doy,0.00018372738336679129,0.000138063616633044
catboost,D,0,2,prior_polygon_crop_season_median,0.0,0.0
catboost,D,0,2,prior_polygon_crop_season_iqr,0.0,0.0
catboost,D,0,2,prior_polygon_crop_season_count,0.0,0.0
catboost,D,0,2,prior_polygon_crop_median,0.0,0.0
catboost,D,0,2,prior_polygon_crop_iqr,0.0,0.0
catboost,D,0,2,prior_polygon_crop_count,0.0,0.0
catboost,D,0,2,prior_crop_season_median,0.0,0.0
catboost,D,0,2,prior_crop_season_iqr,0.0,0.0
catboost,D,0,2,prior_crop_season_count,-1.8002045897858032e-05,5.207999834651311e-05
catboost,D,0,2,prior_crop_median,-2.7514378534161665e-05,2.315120388791947e-06
catboost,D,0,2,prior_crop_iqr,-6.187872993029808e-06,9.969850337798736e-07
catboost,D,0,2,prior_crop_count,0.0,0.0
catboost,D,0,2,prior_global_season_median,-2.8011817813283768e-05,1.2592549396950314e-05
catboost,D,0,2,prior_global_season_iqr,-2.3381743635406127e-05,7.656427377142339e-06
catboost,D,0,2,prior_global_season_count,-5.990264647560972e-05,3.8615728440105634e-05
catboost,D,0,2,prior_polygon_crop_year_median,0.0,0.0
catboost,D,0,2,prior_polygon_crop_year_iqr,0.0,0.0
catboost,D,0,2,prior_polygon_crop_year_count,0.0,0.0
catboost,D,0,2,prior_crop_year_median,0.00018804413928440178,4.847967323629021e-05
catboost,D,0,2,prior_crop_year_iqr,4.837889921581462e-05,0.0003265396308958224
catboost,D,0,2,prior_crop_year_count,-0.000188494282769458,0.00021298066689290351
catboost,D,0,2,seasonal_prior,8.826566396447078e-06,6.417000711633758e-07
catboost,D,0,2,seasonal_prior_level,0.0,0.0
catboost,D,0,2,crop_seasonal_prior,1.0839473041299175e-06,2.4392086820021475e-06
catboost,D,0,2,prior_global_median,0.0,0.0
catboost,D,0,2,prior_global_iqr,0.0,0.0
catboost,D,0,2,seen_polygon,0.0,0.0
catboost,D,0,2,crop_frequency,-7.978316829190812e-05,2.3012756023996217e-05
catboost,D,0,2,fit_target_count,0.0,0.0
catboost,D,0,2,target_left_1,0.00017644210516874065,7.956204921298615e-06
catboost,D,0,2,target_left_1_raw,0.00017912674981530874,4.4645918354929703e-05
catboost,D,0,2,target_left_1_cleaned,2.2366373257164118e-05,2.1485465131719506e-05
catboost,D,0,2,target_left_1_invalid_flag,0.0,0.0
catboost,D,0,2,target_left_1_missing_flag,0.0,0.0
catboost,D,0,2,days_left_1,0.0,0.0
catboost,D,0,2,target_left_2,0.0,0.0
catboost,D,0,2,target_left_2_raw,0.0,0.0
catboost,D,0,2,target_left_2_cleaned,0.0,0.0
catboost,D,0,2,target_left_2_invalid_flag,0.0,0.0
catboost,D,0,2,target_left_2_missing_flag,0.0,0.0
catboost,D,0,2,days_left_2,0.0,0.0
catboost,D,0,2,target_left_3,0.0,0.0
catboost,D,0,2,target_left_3_raw,0.0,0.0
catboost,D,0,2,target_left_3_cleaned,0.0,0.0
catboost,D,0,2,target_left_3_invalid_flag,0.0,0.0
catboost,D,0,2,target_left_3_missing_flag,0.0,0.0
catboost,D,0,2,days_left_3,0.0,0.0
catboost,D,0,2,target_left_4,0.0,0.0
catboost,D,0,2,target_left_4_raw,0.0,0.0
catboost,D,0,2,target_left_4_cleaned,0.0,0.0
catboost,D,0,2,target_left_4_invalid_flag,0.0,0.0
catboost,D,0,2,target_left_4_missing_flag,0.0,0.0
catboost,D,0,2,days_left_4,0.0,0.0
catboost,D,0,2,target_right_1,0.0,0.0
catboost,D,0,2,target_right_1_raw,0.0,0.0
catboost,D,0,2,target_right_1_cleaned,0.0,0.0
catboost,D,0,2,target_right_1_invalid_flag,0.0,0.0
catboost,D,0,2,target_right_1_missing_flag,0.0,0.0
catboost,D,0,2,days_right_1,0.0,0.0
catboost,D,0,2,target_right_2,0.0,0.0
catboost,D,0,2,target_right_2_raw,0.0,0.0
catboost,D,0,2,target_right_2_cleaned,0.0,0.0
catboost,D,0,2,target_right_2_invalid_flag,0.0,0.0
catboost,D,0,2,target_right_2_missing_flag,0.0,0.0
catboost,D,0,2,days_right_2,0.0,0.0
catboost,D,0,2,target_right_3,0.0,0.0
catboost,D,0,2,target_right_3_raw,0.0,0.0
catboost,D,0,2,target_right_3_cleaned,0.0,0.0
catboost,D,0,2,target_right_3_invalid_flag,0.0,0.0
catboost,D,0,2,target_right_3_missing_flag,0.0,0.0
catboost,D,0,2,days_right_3,0.0,0.0
catboost,D,0,2,target_right_4,0.0,0.0
catboost,D,0,2,target_right_4_raw,0.0,0.0
catboost,D,0,2,target_right_4_cleaned,0.0,0.0
catboost,D,0,2,target_right_4_invalid_flag,0.0,0.0
catboost,D,0,2,target_right_4_missing_flag,0.0,0.0
catboost,D,0,2,days_right_4,0.0,0.0
catboost,D,0,2,linear_interpolation,1.1180308959850283e-05,2.1258185332675983e-06
catboost,D,0,2,mean_neighbors,3.0362012381768277e-05,8.260131783055513e-05
catboost,D,0,2,local_slope,0.0,0.0
catboost,D,0,2,local_level,0.00042336014429236735,0.00022463831232066855
catboost,D,0,2,local_iqr,0.0,0.0
catboost,D,0,2,local_curvature,0.0,0.0
catboost,D,0,2,target_count_7d,0.0,0.0
catboost,D,0,2,target_density_7d,0.0,0.0
catboost,D,0,2,target_count_15d,0.0,0.0
catboost,D,0,2,target_density_15d,0.0,0.0
catboost,D,0,2,target_count_30d,0.0,0.0
catboost,D,0,2,target_density_30d,-3.888934184341497e-06,8.36216147229174e-08
catboost,D,0,2,gap_run_length,-4.721388707909502e-05,3.5764140471877814e-05
catboost,D,0,2,gap_run_position,2.027014087274681e-07,4.6390889019143344e-08
catboost,D,0,2,left_missing,0.0,0.0
catboost,D,0,2,right_missing,0.0,0.0
catboost,D,0,2,is_edge,0.0,0.0
catboost,D,0,2,context_quality,-3.4319430679552454e-06,5.965814328379171e-07
catboost,D,0,2,same_date_target_count,0.00070774168089862,7.403365829464909e-05
catboost,D,0,2,same_date_target_median,0.004837637102667547,0.00044050938330532363
catboost,D,0,2,same_date_target_iqr,-0.0004292181392374639,5.957951505070058e-07
catboost,D,0,2,primary_ndvi_raw,0.0,0.0
catboost,D,0,2,primary_ndvi_cleaned,0.0,0.0
catboost,D,0,2,primary_ndvi_invalid_flag,0.0,0.0
catboost,D,0,2,primary_ndvi_missing_flag,0.0,0.0
catboost,D,0,2,primary_ndvi_interpolated,0.00031293804359564664,0.00010925793851194326
catboost,D,0,2,primary_ndvi_left,4.40767925272631e-05,6.313039908285856e-06
catboost,D,0,2,primary_ndvi_right,0.0,0.0
catboost,D,0,2,primary_ndvi_days_since,1.8284159598057348e-05,1.682499478732058e-06
catboost,D,0,2,primary_ndvi_days_until,0.0,0.0
catboost,D,0,2,primary_ndvi_context_median,-0.000990936088826104,0.00047426909473007733
catboost,D,0,2,primary_ndvi_context_iqr,0.0,0.0
catboost,D,0,2,primary_ndvi_context_count,0.0,0.0
catboost,D,0,2,primary_ndvi_context_invalid_count,0.0,0.0
catboost,D,0,2,s2_ndvi_raw,0.0,0.0
catboost,D,0,2,s2_ndvi_cleaned,0.0,0.0
catboost,D,0,2,s2_ndvi_invalid_flag,0.0,0.0
catboost,D,0,2,s2_ndvi_missing_flag,0.0,0.0
catboost,D,0,2,s2_ndvi_interpolated,0.0001197391487994734,0.00012176788142260336
catboost,D,0,2,s2_ndvi_left,0.0,0.0
catboost,D,0,2,s2_ndvi_right,0.0,0.0
catboost,D,0,2,s2_ndvi_days_since,0.0,0.0
catboost,D,0,2,s2_ndvi_days_until,0.0,0.0
catboost,D,0,2,s2_ndvi_context_median,5.648518792093771e-05,4.931049972663193e-05
catboost,D,0,2,s2_ndvi_context_iqr,0.0,0.0
catboost,D,0,2,s2_ndvi_context_count,0.0,0.0
catboost,D,0,2,s2_ndvi_context_invalid_count,0.0,0.0
catboost,D,0,2,s2_evi_raw,0.0,0.0
catboost,D,0,2,s2_evi_cleaned,0.0,0.0
catboost,D,0,2,s2_evi_invalid_flag,0.0,0.0
catboost,D,0,2,s2_evi_missing_flag,0.0,0.0
catboost,D,0,2,s2_evi_interpolated,5.604259256872246e-07,4.336746274931358e-06
catboost,D,0,2,s2_evi_left,2.967898202685393e-07,6.792965226640191e-07
catboost,D,0,2,s2_evi_right,0.0,0.0
catboost,D,0,2,s2_evi_days_since,-7.749860365176275e-06,1.3137048946058882e-05
catboost,D,0,2,s2_evi_days_until,0.0,0.0
catboost,D,0,2,s2_evi_context_median,2.7355327966292753e-05,3.977561961813342e-05
catboost,D,0,2,s2_evi_context_iqr,0.0,0.0
catboost,D,0,2,s2_evi_context_count,0.0,0.0
catboost,D,0,2,s2_evi_context_invalid_count,0.0,0.0
catboost,D,0,2,s2_ndwi_raw,0.0,0.0
catboost,D,0,2,s2_ndwi_cleaned,0.0,0.0
catboost,D,0,2,s2_ndwi_invalid_flag,0.0,0.0
catboost,D,0,2,s2_ndwi_missing_flag,0.0,0.0
catboost,D,0,2,s2_ndwi_interpolated,7.384648715032249e-06,4.610127480618453e-06
catboost,D,0,2,s2_ndwi_left,3.282725552847254e-05,5.970709009540942e-05
catboost,D,0,2,s2_ndwi_right,0.0,0.0
catboost,D,0,2,s2_ndwi_days_since,-1.870143243582617e-05,5.572549002623439e-06
catboost,D,0,2,s2_ndwi_days_until,0.0,0.0
catboost,D,0,2,s2_ndwi_context_median,2.9189799689278983e-05,2.345792402305008e-05
catboost,D,0,2,s2_ndwi_context_iqr,0.0,0.0
catboost,D,0,2,s2_ndwi_context_count,0.0,0.0
catboost,D,0,2,s2_ndwi_context_invalid_count,0.0,0.0
catboost,D,0,2,landsat_ndvi_raw,0.0,0.0
catboost,D,0,2,landsat_ndvi_cleaned,0.0,0.0
catboost,D,0,2,landsat_ndvi_invalid_flag,0.0,0.0
catboost,D,0,2,landsat_ndvi_missing_flag,0.0,0.0
catboost,D,0,2,landsat_ndvi_interpolated,4.3034235717935576e-05,1.957462249154579e-05
catboost,D,0,2,landsat_ndvi_left,-5.9754666756867136e-05,3.4302272567870995e-05
catboost,D,0,2,landsat_ndvi_right,0.0,0.0
catboost,D,0,2,landsat_ndvi_days_since,-0.0001090675186717488,3.254041764931548e-05
catboost,D,0,2,landsat_ndvi_days_until,0.0,0.0
catboost,D,0,2,landsat_ndvi_context_median,0.00011297863899964455,0.0001753888326669617
catboost,D,0,2,landsat_ndvi_context_iqr,0.0,0.0
catboost,D,0,2,landsat_ndvi_context_count,-1.4679029951510103e-05,2.9283884973703433e-05
catboost,D,0,2,landsat_ndvi_context_invalid_count,0.0,0.0
catboost,D,0,2,landsat_evi_raw,0.0,0.0
catboost,D,0,2,landsat_evi_cleaned,0.0,0.0
catboost,D,0,2,landsat_evi_invalid_flag,0.0,0.0
catboost,D,0,2,landsat_evi_missing_flag,0.0,0.0
catboost,D,0,2,landsat_evi_interpolated,0.00016488527522927343,0.00015190111591509292
catboost,D,0,2,landsat_evi_left,-0.00016895420409984707,0.0001320158617017786
catboost,D,0,2,landsat_evi_right,0.0,0.0
catboost,D,0,2,landsat_evi_days_since,-2.4048401376070005e-05,5.2799142864698445e-05
catboost,D,0,2,landsat_evi_days_until,0.0,0.0
catboost,D,0,2,landsat_evi_context_median,-1.3590763873964906e-05,1.1186892699792395e-05
catboost,D,0,2,landsat_evi_context_iqr,0.0,0.0
catboost,D,0,2,landsat_evi_context_count,0.0,0.0
catboost,D,0,2,landsat_evi_context_invalid_count,0.0,0.0
catboost,D,0,2,landsat_ndwi_raw,0.0,0.0
catboost,D,0,2,landsat_ndwi_cleaned,0.0,0.0
catboost,D,0,2,landsat_ndwi_invalid_flag,0.0,0.0
catboost,D,0,2,landsat_ndwi_missing_flag,0.0,0.0
catboost,D,0,2,landsat_ndwi_interpolated,0.0010985844337483425,0.00021980521579843815
catboost,D,0,2,landsat_ndwi_left,2.410259490313177e-05,0.00016924416530435943
catboost,D,0,2,landsat_ndwi_right,0.0,0.0
catboost,D,0,2,landsat_ndwi_days_since,-0.0002411167844178705,5.336206435754137e-05
catboost,D,0,2,landsat_ndwi_days_until,0.0,0.0
catboost,D,0,2,landsat_ndwi_context_median,8.303202199617249e-05,2.7920975524467484e-06
catboost,D,0,2,landsat_ndwi_context_iqr,0.0,0.0
catboost,D,0,2,landsat_ndwi_context_count,0.0,0.0
catboost,D,0,2,landsat_ndwi_context_invalid_count,0.0,0.0
catboost,D,0,2,modis_ndvi_raw,0.0,0.0
catboost,D,0,2,modis_ndvi_cleaned,0.0,0.0
catboost,D,0,2,modis_ndvi_invalid_flag,0.0,0.0
catboost,D,0,2,modis_ndvi_missing_flag,0.0,0.0
catboost,D,0,2,modis_ndvi_interpolated,-0.0007236726819578668,0.00013666718579261744
catboost,D,0,2,modis_ndvi_left,-0.0005671393713752582,0.00013748757674361678
catboost,D,0,2,modis_ndvi_right,0.0,0.0
catboost,D,0,2,modis_ndvi_days_since,7.550906524057127e-05,1.9061488690776118e-05
catboost,D,0,2,modis_ndvi_days_until,0.0,0.0
catboost,D,0,2,modis_ndvi_context_median,8.187464122247357e-06,1.3718377142937777e-05
catboost,D,0,2,modis_ndvi_context_iqr,0.0,0.0
catboost,D,0,2,modis_ndvi_context_count,9.195025408055557e-05,1.827928971817605e-05
catboost,D,0,2,modis_ndvi_context_invalid_count,0.0,0.0
catboost,D,0,2,modis_evi_raw,0.0,0.0
catboost,D,0,2,modis_evi_cleaned,0.0,0.0
catboost,D,0,2,modis_evi_invalid_flag,0.0,0.0
catboost,D,0,2,modis_evi_missing_flag,0.0,0.0
catboost,D,0,2,modis_evi_interpolated,0.00017334142317081136,7.563573239832699e-06
catboost,D,0,2,modis_evi_left,-2.34999037808728e-05,8.93457519077906e-06
catboost,D,0,2,modis_evi_right,0.0,0.0
catboost,D,0,2,modis_evi_days_since,7.601065968563386e-05,2.1971384320772225e-05
catboost,D,0,2,modis_evi_days_until,0.0,0.0
catboost,D,0,2,modis_evi_context_median,4.178362646087286e-05,4.024169871398586e-05
catboost,D,0,2,modis_evi_context_iqr,0.0,0.0
catboost,D,0,2,modis_evi_context_count,0.0,0.0
catboost,D,0,2,modis_evi_context_invalid_count,0.0,0.0
catboost,D,0,2,era5_temp_c_raw,0.0,0.0
catboost,D,0,2,era5_temp_c_cleaned,0.0,0.0
catboost,D,0,2,era5_temp_c_invalid_flag,0.0,0.0
catboost,D,0,2,era5_temp_c_missing_flag,0.0,0.0
catboost,D,0,2,era5_temp_c_interpolated,-9.902737440797837e-05,2.4220337197039532e-05
catboost,D,0,2,era5_temp_c_left,-0.000139859791994712,9.154188489741977e-05
catboost,D,0,2,era5_temp_c_right,0.0,0.0
catboost,D,0,2,era5_temp_c_days_since,4.492948042603834e-05,5.210449404694645e-05
catboost,D,0,2,era5_temp_c_days_until,0.0,0.0
catboost,D,0,2,era5_temp_c_context_median,-3.3795718524055884e-05,4.043143274275879e-05
catboost,D,0,2,era5_temp_c_context_iqr,0.0,0.0
catboost,D,0,2,era5_temp_c_context_count,0.0,0.0
catboost,D,0,2,era5_temp_c_context_invalid_count,0.0,0.0
catboost,D,0,2,era5_temp_c_same_date,-3.627314209339594e-05,4.727531731049672e-05
catboost,D,0,2,era5_temp_c_same_date_count,0.0,0.0
catboost,D,0,2,era5_temp_c_reconstructed,-0.00010111409701119706,2.9160782779015515e-05
catboost,D,0,2,era5_temp_c_available,0.0,0.0
catboost,D,0,2,era5_precip_mm_raw,0.0,0.0
catboost,D,0,2,era5_precip_mm_cleaned,0.0,0.0
catboost,D,0,2,era5_precip_mm_invalid_flag,0.0,0.0
catboost,D,0,2,era5_precip_mm_missing_flag,0.0,0.0
catboost,D,0,2,era5_precip_mm_interpolated,0.0,0.0
catboost,D,0,2,era5_precip_mm_left,0.0,0.0
catboost,D,0,2,era5_precip_mm_right,0.0,0.0
catboost,D,0,2,era5_precip_mm_days_since,3.816369056530017e-05,5.140573710594315e-05
catboost,D,0,2,era5_precip_mm_days_until,0.0,0.0
catboost,D,0,2,era5_precip_mm_context_median,0.0,0.0
catboost,D,0,2,era5_precip_mm_context_iqr,0.0,0.0
catboost,D,0,2,era5_precip_mm_context_count,0.0,0.0
catboost,D,0,2,era5_precip_mm_context_invalid_count,0.0,0.0
catboost,D,0,2,era5_precip_mm_same_date,-0.0003496273437991887,2.1133408873635906e-05
catboost,D,0,2,era5_precip_mm_same_date_count,0.0,0.0
catboost,D,0,2,era5_precip_mm_reconstructed,0.0003840027799878118,7.962553524169108e-05
catboost,D,0,2,era5_precip_mm_available,0.0,0.0
catboost,D,0,2,availability_s2_days_since,-7.180517440773249e-06,1.2182466476086395e-05
catboost,D,0,2,availability_s2_days_until,0.0,0.0
catboost,D,0,2,availability_s2_same_date_count,-8.427906624629972e-05,9.86233004550488e-05
catboost,D,0,2,availability_s2_count_7d,0.0,0.0
catboost,D,0,2,availability_s2_count_15d,0.0,0.0
catboost,D,0,2,availability_s2_count_30d,0.0,0.0
catboost,D,0,2,source_calendar_s2_local_count,0.0,0.0
catboost,D,0,2,source_calendar_s2_same_date_count,8.4721796644191e-05,7.90513632598494e-05
catboost,D,0,2,source_calendar_s2_fit_count,0.0,0.0
catboost,D,0,2,availability_landsat_days_since,-2.3235870639709555e-05,2.9829889647295382e-05
catboost,D,0,2,availability_landsat_days_until,0.0,0.0
catboost,D,0,2,availability_landsat_same_date_count,0.00018480570972734256,3.9158804078356924e-05
catboost,D,0,2,availability_landsat_count_7d,0.0,0.0
catboost,D,0,2,availability_landsat_count_15d,0.0,0.0
catboost,D,0,2,availability_landsat_count_30d,0.0,0.0
catboost,D,0,2,source_calendar_landsat_local_count,0.0,0.0
catboost,D,0,2,source_calendar_landsat_same_date_count,0.00022792277971096786,6.891532177655257e-05
catboost,D,0,2,source_calendar_landsat_fit_count,0.0,0.0
catboost,D,0,2,availability_modis_days_since,7.169768940301635e-06,1.779738829889299e-05
catboost,D,0,2,availability_modis_days_until,0.0,0.0
catboost,D,0,2,availability_modis_same_date_count,0.0033773695958072003,0.00012664085133998193
catboost,D,0,2,availability_modis_count_7d,0.0,0.0
catboost,D,0,2,availability_modis_count_15d,0.0,0.0
catboost,D,0,2,availability_modis_count_30d,5.839514476975449e-06,3.0558207294792417e-06
catboost,D,0,2,source_calendar_modis_local_count,0.0,0.0
catboost,D,0,2,source_calendar_modis_same_date_count,-0.0001799938671184012,9.817136560035661e-05
catboost,D,0,2,source_calendar_modis_fit_count,0.0,0.0
catboost,D,0,2,p_s2,0.00019718250980899077,0.00012827162514730817
catboost,D,0,2,p_landsat,-0.0012049226564335852,4.0858525300335735e-05
catboost,D,0,2,p_modis,0.0016268846978246126,0.00012252375822704997
catboost,D,0,2,p_unknown,0.0,0.0
catboost,D,0,2,source_confidence,0.0007015331323588989,8.682632830832315e-06
catboost,D,0,2,source_unknown_local_count,0.0,0.0
catboost,D,0,2,pchip_interpolation,0.0,0.0
catboost,D,0,2,akima_interpolation,0.0,0.0
catboost,D,0,2,left_days_1,9.171495302610216e-05,2.4770042933212888e-05
catboost,D,0,2,left_days_2,0.0,0.0
catboost,D,0,2,left_days_3,0.0,0.0
catboost,D,0,2,left_days_4,0.0,0.0
catboost,D,0,2,right_days_1,0.0,0.0
catboost,D,0,2,right_days_2,0.0,0.0
catboost,D,0,2,right_days_3,0.0,0.0
catboost,D,0,2,right_days_4,0.0,0.0
catboost,D,0,3,anon_polygon_id,0.0,0.0
catboost,D,0,3,date,0.0,0.0
catboost,D,0,3,crop_type,0.0029452109172192972,0.0023247247883627295
catboost,D,0,3,year,-0.0003035017788287006,2.7055010095936027e-06
catboost,D,0,3,month,0.0,0.0
catboost,D,0,3,doy,4.3473343781789964e-05,1.9640623232501653e-05
catboost,D,0,3,iso_week,-1.3242132392565775e-06,3.737256598447536e-05
catboost,D,0,3,sin_doy,7.555725630881138e-06,2.458980025731028e-05
catboost,D,0,3,cos_doy,-4.003196814379717e-05,4.401104377671494e-05
catboost,D,0,3,prior_polygon_crop_season_median,0.0,0.0
catboost,D,0,3,prior_polygon_crop_season_iqr,0.0,0.0
catboost,D,0,3,prior_polygon_crop_season_count,0.0,0.0
catboost,D,0,3,prior_polygon_crop_median,0.0,0.0
catboost,D,0,3,prior_polygon_crop_iqr,0.0,0.0
catboost,D,0,3,prior_polygon_crop_count,0.0,0.0
catboost,D,0,3,prior_crop_season_median,0.0,0.0
catboost,D,0,3,prior_crop_season_iqr,1.8770495638462115e-05,0.0003371668833423852
catboost,D,0,3,prior_crop_season_count,3.3112681038269254e-05,6.232054053829927e-05
catboost,D,0,3,prior_crop_median,-0.00023369722181788843,7.070704453979171e-05
catboost,D,0,3,prior_crop_iqr,-3.434725521195281e-05,2.5314016449951016e-06
catboost,D,0,3,prior_crop_count,5.6254050043676174e-05,5.736728564322696e-05
catboost,D,0,3,prior_global_season_median,4.8596501105828416e-05,0.00011271197569812791
catboost,D,0,3,prior_global_season_iqr,1.6673081711708615e-05,2.1013799025575153e-05
catboost,D,0,3,prior_global_season_count,3.578587101585318e-05,0.00014210838334322018
catboost,D,0,3,prior_polygon_crop_year_median,0.0,0.0
catboost,D,0,3,prior_polygon_crop_year_iqr,0.0,0.0
catboost,D,0,3,prior_polygon_crop_year_count,0.0,0.0
catboost,D,0,3,prior_crop_year_median,-0.00012352967110283025,0.0001929693514253275
catboost,D,0,3,prior_crop_year_iqr,-0.00011626954680877405,5.897471026760498e-05
catboost,D,0,3,prior_crop_year_count,0.0007654996733719582,0.0010620633469544394
catboost,D,0,3,seasonal_prior,-3.0910213640739093e-06,1.0866085313920859e-05
catboost,D,0,3,seasonal_prior_level,1.3199630301087562e-05,0.00011862852544571728
catboost,D,0,3,crop_seasonal_prior,-4.0737131335941146e-05,2.9596945772092376e-05
catboost,D,0,3,prior_global_median,0.0,0.0
catboost,D,0,3,prior_global_iqr,0.0,0.0
catboost,D,0,3,seen_polygon,0.0,0.0
catboost,D,0,3,crop_frequency,-5.78818038834486e-05,7.79704135609599e-06
catboost,D,0,3,fit_target_count,0.0,0.0
catboost,D,0,3,target_left_1,0.00014735726984355796,9.656348476922566e-05
catboost,D,0,3,target_left_1_raw,0.0,0.0
catboost,D,0,3,target_left_1_cleaned,1.0330173089163897e-05,1.0375258143853483e-05
catboost,D,0,3,target_left_1_invalid_flag,0.0,0.0
catboost,D,0,3,target_left_1_missing_flag,0.0,0.0
catboost,D,0,3,days_left_1,-2.0273751287908093e-06,9.00263349520869e-07
catboost,D,0,3,target_left_2,0.0,0.0
catboost,D,0,3,target_left_2_raw,0.0,0.0
catboost,D,0,3,target_left_2_cleaned,0.0,0.0
catboost,D,0,3,target_left_2_invalid_flag,0.0,0.0
catboost,D,0,3,target_left_2_missing_flag,0.0,0.0
catboost,D,0,3,days_left_2,0.0,0.0
catboost,D,0,3,target_left_3,0.0,0.0
catboost,D,0,3,target_left_3_raw,0.0,0.0
catboost,D,0,3,target_left_3_cleaned,0.0,0.0
catboost,D,0,3,target_left_3_invalid_flag,0.0,0.0
catboost,D,0,3,target_left_3_missing_flag,0.0,0.0
catboost,D,0,3,days_left_3,0.0,0.0
catboost,D,0,3,target_left_4,0.0,0.0
catboost,D,0,3,target_left_4_raw,0.0,0.0
catboost,D,0,3,target_left_4_cleaned,0.0,0.0
catboost,D,0,3,target_left_4_invalid_flag,0.0,0.0
catboost,D,0,3,target_left_4_missing_flag,0.0,0.0
catboost,D,0,3,days_left_4,0.0,0.0
catboost,D,0,3,target_right_1,0.0,0.0
catboost,D,0,3,target_right_1_raw,0.0,0.0
catboost,D,0,3,target_right_1_cleaned,0.0,0.0
catboost,D,0,3,target_right_1_invalid_flag,0.0,0.0
catboost,D,0,3,target_right_1_missing_flag,0.0,0.0
catboost,D,0,3,days_right_1,0.0,0.0
catboost,D,0,3,target_right_2,0.0,0.0
catboost,D,0,3,target_right_2_raw,0.0,0.0
catboost,D,0,3,target_right_2_cleaned,0.0,0.0
catboost,D,0,3,target_right_2_invalid_flag,0.0,0.0
catboost,D,0,3,target_right_2_missing_flag,0.0,0.0
catboost,D,0,3,days_right_2,0.0,0.0
catboost,D,0,3,target_right_3,0.0,0.0
catboost,D,0,3,target_right_3_raw,0.0,0.0
catboost,D,0,3,target_right_3_cleaned,0.0,0.0
catboost,D,0,3,target_right_3_invalid_flag,0.0,0.0
catboost,D,0,3,target_right_3_missing_flag,0.0,0.0
catboost,D,0,3,days_right_3,0.0,0.0
catboost,D,0,3,target_right_4,0.0,0.0
catboost,D,0,3,target_right_4_raw,0.0,0.0
catboost,D,0,3,target_right_4_cleaned,0.0,0.0
catboost,D,0,3,target_right_4_invalid_flag,0.0,0.0
catboost,D,0,3,target_right_4_missing_flag,0.0,0.0
catboost,D,0,3,days_right_4,0.0,0.0
catboost,D,0,3,linear_interpolation,0.000144668489108761,0.00022596316486896834
catboost,D,0,3,mean_neighbors,0.00022271142090145996,9.286908176372316e-05
catboost,D,0,3,local_slope,0.0,0.0
catboost,D,0,3,local_level,0.000660303431023572,9.091555107001298e-05
catboost,D,0,3,local_iqr,0.0,0.0
catboost,D,0,3,local_curvature,0.0,0.0
catboost,D,0,3,target_count_7d,0.0,0.0
catboost,D,0,3,target_density_7d,0.0,0.0
catboost,D,0,3,target_count_15d,0.0,0.0
catboost,D,0,3,target_density_15d,0.0,0.0
catboost,D,0,3,target_count_30d,0.0,0.0
catboost,D,0,3,target_density_30d,5.559212080837733e-05,2.4856247927536324e-05
catboost,D,0,3,gap_run_length,-1.0277861329371918e-06,7.929581341908909e-06
catboost,D,0,3,gap_run_position,-5.944580052721915e-07,9.031382330181026e-06
catboost,D,0,3,left_missing,0.0,0.0
catboost,D,0,3,right_missing,0.0,0.0
catboost,D,0,3,is_edge,0.0,0.0
catboost,D,0,3,context_quality,-0.00011256307571264057,3.1475529315358464e-05
catboost,D,0,3,same_date_target_count,-0.0001716687641080128,1.9312782125871508e-05
catboost,D,0,3,same_date_target_median,0.0014927724332759532,0.0005500492381958558
catboost,D,0,3,same_date_target_iqr,-5.2356572837836124e-05,0.00011193614133485352
catboost,D,0,3,primary_ndvi_raw,0.0,0.0
catboost,D,0,3,primary_ndvi_cleaned,0.0,0.0
catboost,D,0,3,primary_ndvi_invalid_flag,0.0,0.0
catboost,D,0,3,primary_ndvi_missing_flag,0.0,0.0
catboost,D,0,3,primary_ndvi_interpolated,0.000306869367855421,0.00017219265762607322
catboost,D,0,3,primary_ndvi_left,0.000485103140346943,0.0003915670376196806
catboost,D,0,3,primary_ndvi_right,0.0,0.0
catboost,D,0,3,primary_ndvi_days_since,-1.152287685747544e-06,4.618664697898789e-06
catboost,D,0,3,primary_ndvi_days_until,0.0,0.0
catboost,D,0,3,primary_ndvi_context_median,-0.00045761447296457924,0.0002376541806937138
catboost,D,0,3,primary_ndvi_context_iqr,0.0,0.0
catboost,D,0,3,primary_ndvi_context_count,0.0,0.0
catboost,D,0,3,primary_ndvi_context_invalid_count,0.0,0.0
catboost,D,0,3,s2_ndvi_raw,0.0,0.0
catboost,D,0,3,s2_ndvi_cleaned,0.0,0.0
catboost,D,0,3,s2_ndvi_invalid_flag,0.0,0.0
catboost,D,0,3,s2_ndvi_missing_flag,0.0,0.0
catboost,D,0,3,s2_ndvi_interpolated,-2.2851928180488146e-05,0.00013427656683131367
catboost,D,0,3,s2_ndvi_left,0.0,0.0
catboost,D,0,3,s2_ndvi_right,0.0,0.0
catboost,D,0,3,s2_ndvi_days_since,-8.716555534146742e-05,9.499708021998288e-06
catboost,D,0,3,s2_ndvi_days_until,0.0,0.0
catboost,D,0,3,s2_ndvi_context_median,0.0,0.0
catboost,D,0,3,s2_ndvi_context_iqr,0.0,0.0
catboost,D,0,3,s2_ndvi_context_count,0.0,0.0
catboost,D,0,3,s2_ndvi_context_invalid_count,0.0,0.0
catboost,D,0,3,s2_evi_raw,0.0,0.0
catboost,D,0,3,s2_evi_cleaned,0.0,0.0
catboost,D,0,3,s2_evi_invalid_flag,0.0,0.0
catboost,D,0,3,s2_evi_missing_flag,0.0,0.0
catboost,D,0,3,s2_evi_interpolated,-1.8116591834066442e-05,3.4812889007598824e-05
catboost,D,0,3,s2_evi_left,-8.721842594684726e-06,2.1304571395028282e-06
catboost,D,0,3,s2_evi_right,0.0,0.0
catboost,D,0,3,s2_evi_days_since,0.0,0.0
catboost,D,0,3,s2_evi_days_until,0.0,0.0
catboost,D,0,3,s2_evi_context_median,1.6106123742247458e-05,3.8310022389340115e-06
catboost,D,0,3,s2_evi_context_iqr,0.0,0.0
catboost,D,0,3,s2_evi_context_count,0.0,0.0
catboost,D,0,3,s2_evi_context_invalid_count,0.0,0.0
catboost,D,0,3,s2_ndwi_raw,0.0,0.0
catboost,D,0,3,s2_ndwi_cleaned,0.0,0.0
catboost,D,0,3,s2_ndwi_invalid_flag,0.0,0.0
catboost,D,0,3,s2_ndwi_missing_flag,0.0,0.0
catboost,D,0,3,s2_ndwi_interpolated,-0.00020741122233208092,5.428137263078364e-05
catboost,D,0,3,s2_ndwi_left,-0.0001186944893096023,7.5465478055272706e-06
catboost,D,0,3,s2_ndwi_right,0.0,0.0
catboost,D,0,3,s2_ndwi_days_since,2.635120598065005e-05,4.640265836273333e-05
catboost,D,0,3,s2_ndwi_days_until,0.0,0.0
catboost,D,0,3,s2_ndwi_context_median,0.00035447174657994573,0.0001277558842976284
catboost,D,0,3,s2_ndwi_context_iqr,0.0,0.0
catboost,D,0,3,s2_ndwi_context_count,-0.0004175666294464822,0.0001106102640726983
catboost,D,0,3,s2_ndwi_context_invalid_count,0.0,0.0
catboost,D,0,3,landsat_ndvi_raw,0.0,0.0
catboost,D,0,3,landsat_ndvi_cleaned,0.0,0.0
catboost,D,0,3,landsat_ndvi_invalid_flag,0.0,0.0
catboost,D,0,3,landsat_ndvi_missing_flag,0.0,0.0
catboost,D,0,3,landsat_ndvi_interpolated,0.002225120023371871,0.0011210282934249471
catboost,D,0,3,landsat_ndvi_left,0.0003266293268025383,0.00010500496094201228
catboost,D,0,3,landsat_ndvi_right,0.0,0.0
catboost,D,0,3,landsat_ndvi_days_since,0.0001393242974000175,3.712067478364722e-05
catboost,D,0,3,landsat_ndvi_days_until,0.0,0.0
catboost,D,0,3,landsat_ndvi_context_median,-5.61209998110046e-05,0.00020650093514794354
catboost,D,0,3,landsat_ndvi_context_iqr,0.0,0.0
catboost,D,0,3,landsat_ndvi_context_count,0.0,0.0
catboost,D,0,3,landsat_ndvi_context_invalid_count,0.0,0.0
catboost,D,0,3,landsat_evi_raw,0.0,0.0
catboost,D,0,3,landsat_evi_cleaned,0.0,0.0
catboost,D,0,3,landsat_evi_invalid_flag,0.0,0.0
catboost,D,0,3,landsat_evi_missing_flag,0.0,0.0
catboost,D,0,3,landsat_evi_interpolated,0.0008291465684873503,0.0003511526622026265
catboost,D,0,3,landsat_evi_left,-0.000211766500748084,8.150143977490865e-05
catboost,D,0,3,landsat_evi_right,0.0,0.0
catboost,D,0,3,landsat_evi_days_since,3.8707186682071515e-05,5.054383959481046e-05
catboost,D,0,3,landsat_evi_days_until,0.0,0.0
catboost,D,0,3,landsat_evi_context_median,-0.00048238823691801325,0.0004343970859844726
catboost,D,0,3,landsat_evi_context_iqr,0.0,0.0
catboost,D,0,3,landsat_evi_context_count,0.0,0.0
catboost,D,0,3,landsat_evi_context_invalid_count,0.0,0.0
catboost,D,0,3,landsat_ndwi_raw,0.0,0.0
catboost,D,0,3,landsat_ndwi_cleaned,0.0,0.0
catboost,D,0,3,landsat_ndwi_invalid_flag,0.0,0.0
catboost,D,0,3,landsat_ndwi_missing_flag,0.0,0.0
catboost,D,0,3,landsat_ndwi_interpolated,0.0013862786814027514,0.0004887622505138564
catboost,D,0,3,landsat_ndwi_left,-0.0005183978572724096,6.16621356593905e-05
catboost,D,0,3,landsat_ndwi_right,0.0,0.0
catboost,D,0,3,landsat_ndwi_days_since,-5.315381923769874e-05,7.26720160575331e-05
catboost,D,0,3,landsat_ndwi_days_until,0.0,0.0
catboost,D,0,3,landsat_ndwi_context_median,0.00010197795403413257,0.00021464958566340397
catboost,D,0,3,landsat_ndwi_context_iqr,0.0,0.0
catboost,D,0,3,landsat_ndwi_context_count,0.0,0.0
catboost,D,0,3,landsat_ndwi_context_invalid_count,0.0,0.0
catboost,D,0,3,modis_ndvi_raw,0.0,0.0
catboost,D,0,3,modis_ndvi_cleaned,0.0,0.0
catboost,D,0,3,modis_ndvi_invalid_flag,0.0,0.0
catboost,D,0,3,modis_ndvi_missing_flag,0.0,0.0
catboost,D,0,3,modis_ndvi_interpolated,-2.7476268724582753e-05,8.309128528005694e-07
catboost,D,0,3,modis_ndvi_left,-6.156329088062573e-05,1.996529996314833e-06
catboost,D,0,3,modis_ndvi_right,0.0,0.0
catboost,D,0,3,modis_ndvi_days_since,3.33748235960829e-05,4.570711310217246e-05
catboost,D,0,3,modis_ndvi_days_until,0.0,0.0
catboost,D,0,3,modis_ndvi_context_median,-9.897292633231913e-07,1.2443577214873991e-05
catboost,D,0,3,modis_ndvi_context_iqr,0.0,0.0
catboost,D,0,3,modis_ndvi_context_count,-2.9469387327833718e-05,3.3007161886138003e-05
catboost,D,0,3,modis_ndvi_context_invalid_count,0.0,0.0
catboost,D,0,3,modis_evi_raw,0.0,0.0
catboost,D,0,3,modis_evi_cleaned,0.0,0.0
catboost,D,0,3,modis_evi_invalid_flag,0.0,0.0
catboost,D,0,3,modis_evi_missing_flag,0.0,0.0
catboost,D,0,3,modis_evi_interpolated,8.216025668153493e-06,2.839255013585562e-05
catboost,D,0,3,modis_evi_left,3.638172649300664e-05,5.525553084013979e-05
catboost,D,0,3,modis_evi_right,0.0,0.0
catboost,D,0,3,modis_evi_days_since,4.50550402807115e-05,3.0455929930520154e-05
catboost,D,0,3,modis_evi_days_until,0.0,0.0
catboost,D,0,3,modis_evi_context_median,-2.15300929821971e-06,3.027879009950829e-06
catboost,D,0,3,modis_evi_context_iqr,0.0,0.0
catboost,D,0,3,modis_evi_context_count,0.0,0.0
catboost,D,0,3,modis_evi_context_invalid_count,0.0,0.0
catboost,D,0,3,era5_temp_c_raw,0.0,0.0
catboost,D,0,3,era5_temp_c_cleaned,0.0,0.0
catboost,D,0,3,era5_temp_c_invalid_flag,0.0,0.0
catboost,D,0,3,era5_temp_c_missing_flag,0.0,0.0
catboost,D,0,3,era5_temp_c_interpolated,8.20932151975734e-06,1.1576442478088145e-05
catboost,D,0,3,era5_temp_c_left,0.0001453926794497823,1.247649925162353e-05
catboost,D,0,3,era5_temp_c_right,0.0,0.0
catboost,D,0,3,era5_temp_c_days_since,3.3701474993340363e-05,4.764360385912242e-05
catboost,D,0,3,era5_temp_c_days_until,0.0,0.0
catboost,D,0,3,era5_temp_c_context_median,-4.575318835048359e-05,0.00011957385151599442
catboost,D,0,3,era5_temp_c_context_iqr,0.0,0.0
catboost,D,0,3,era5_temp_c_context_count,0.0,0.0
catboost,D,0,3,era5_temp_c_context_invalid_count,0.0,0.0
catboost,D,0,3,era5_temp_c_same_date,-0.00010341190708454406,0.0002268935870054084
catboost,D,0,3,era5_temp_c_same_date_count,0.0,0.0
catboost,D,0,3,era5_temp_c_reconstructed,-8.569809742750567e-05,9.681248627255168e-05
catboost,D,0,3,era5_temp_c_available,0.0,0.0
catboost,D,0,3,era5_precip_mm_raw,0.0,0.0
catboost,D,0,3,era5_precip_mm_cleaned,0.0,0.0
catboost,D,0,3,era5_precip_mm_invalid_flag,0.0,0.0
catboost,D,0,3,era5_precip_mm_missing_flag,0.0,0.0
catboost,D,0,3,era5_precip_mm_interpolated,-3.257534709869003e-05,1.4023943973720532e-05
catboost,D,0,3,era5_precip_mm_left,0.0,0.0
catboost,D,0,3,era5_precip_mm_right,0.0,0.0
catboost,D,0,3,era5_precip_mm_days_since,-0.0005285278072988953,1.2514765509105685e-05
catboost,D,0,3,era5_precip_mm_days_until,0.0,0.0
catboost,D,0,3,era5_precip_mm_context_median,0.0,0.0
catboost,D,0,3,era5_precip_mm_context_iqr,0.0,0.0
catboost,D,0,3,era5_precip_mm_context_count,0.0,0.0
catboost,D,0,3,era5_precip_mm_context_invalid_count,0.0,0.0
catboost,D,0,3,era5_precip_mm_same_date,0.0001842496528288995,0.00018720902072759393
catboost,D,0,3,era5_precip_mm_same_date_count,0.0,0.0
catboost,D,0,3,era5_precip_mm_reconstructed,0.00010439708725085844,2.592859064109304e-05
catboost,D,0,3,era5_precip_mm_available,0.0,0.0
catboost,D,0,3,availability_s2_days_since,0.0,0.0
catboost,D,0,3,availability_s2_days_until,0.0,0.0
catboost,D,0,3,availability_s2_same_date_count,-0.00015912413925660285,3.0995850179071915e-05
catboost,D,0,3,availability_s2_count_7d,0.0,0.0
catboost,D,0,3,availability_s2_count_15d,0.0,0.0
catboost,D,0,3,availability_s2_count_30d,0.0,0.0
catboost,D,0,3,source_calendar_s2_local_count,0.0,0.0
catboost,D,0,3,source_calendar_s2_same_date_count,-0.00012696038114717867,0.0002443187271973929
catboost,D,0,3,source_calendar_s2_fit_count,0.0,0.0
catboost,D,0,3,availability_landsat_days_since,4.751183683750215e-05,2.6018723564114055e-05
catboost,D,0,3,availability_landsat_days_until,0.0,0.0
catboost,D,0,3,availability_landsat_same_date_count,-1.3899009456759537e-05,4.249832988539176e-05
catboost,D,0,3,availability_landsat_count_7d,0.0,0.0
catboost,D,0,3,availability_landsat_count_15d,0.0,0.0
catboost,D,0,3,availability_landsat_count_30d,0.0,0.0
catboost,D,0,3,source_calendar_landsat_local_count,0.0001227359240499465,2.6861617265158677e-05
catboost,D,0,3,source_calendar_landsat_same_date_count,-3.7410406539400975e-05,2.7184732736135198e-06
catboost,D,0,3,source_calendar_landsat_fit_count,0.0,0.0
catboost,D,0,3,availability_modis_days_since,3.958066056293508e-05,2.391584338844177e-05
catboost,D,0,3,availability_modis_days_until,0.0,0.0
catboost,D,0,3,availability_modis_same_date_count,-0.00015872045055845968,0.0001873849962987159
catboost,D,0,3,availability_modis_count_7d,0.0,0.0
catboost,D,0,3,availability_modis_count_15d,0.0,0.0
catboost,D,0,3,availability_modis_count_30d,3.449198742004611e-06,7.324476570126637e-06
catboost,D,0,3,source_calendar_modis_local_count,3.361750528602797e-05,2.6985833058636166e-05
catboost,D,0,3,source_calendar_modis_same_date_count,1.5765100575076962e-05,6.300814628379392e-08
catboost,D,0,3,source_calendar_modis_fit_count,0.0,0.0
catboost,D,0,3,p_s2,0.00040914329575570535,0.0001152903728695101
catboost,D,0,3,p_landsat,-6.352036336479405e-05,5.570922519193555e-05
catboost,D,0,3,p_modis,-0.00022137959836779353,7.411791651237842e-05
catboost,D,0,3,p_unknown,0.0,0.0
catboost,D,0,3,source_confidence,-0.00012213005929585796,3.854208578238372e-05
catboost,D,0,3,source_unknown_local_count,0.0,0.0
catboost,D,0,3,pchip_interpolation,0.0,0.0
catboost,D,0,3,akima_interpolation,0.0,0.0
catboost,D,0,3,left_days_1,1.617053080341102e-05,5.8759348406794976e-06
catboost,D,0,3,left_days_2,0.0,0.0
catboost,D,0,3,left_days_3,0.0,0.0
catboost,D,0,3,left_days_4,0.0,0.0
catboost,D,0,3,right_days_1,0.0,0.0
catboost,D,0,3,right_days_2,0.0,0.0
catboost,D,0,3,right_days_3,0.0,0.0
catboost,D,0,3,right_days_4,0.0,0.0
catboost,D,0,4,anon_polygon_id,0.0,0.0
catboost,D,0,4,date,0.0,0.0
catboost,D,0,4,crop_type,6.600110703295498e-05,4.019666882803391e-05
catboost,D,0,4,year,0.0003306019502089391,0.00016211363933851808
catboost,D,0,4,month,0.0,0.0
catboost,D,0,4,doy,-0.00017499723702700531,9.19149593550661e-05
catboost,D,0,4,iso_week,-5.3871718918234446e-05,3.589516057368042e-05
catboost,D,0,4,sin_doy,-8.568715480189448e-06,7.960062815864921e-06
catboost,D,0,4,cos_doy,-2.1690613301421358e-05,6.099543730273688e-05
catboost,D,0,4,prior_polygon_crop_season_median,0.0,0.0
catboost,D,0,4,prior_polygon_crop_season_iqr,0.0,0.0
catboost,D,0,4,prior_polygon_crop_season_count,0.0,0.0
catboost,D,0,4,prior_polygon_crop_median,0.0,0.0
catboost,D,0,4,prior_polygon_crop_iqr,0.0,0.0
catboost,D,0,4,prior_polygon_crop_count,0.0,0.0
catboost,D,0,4,prior_crop_season_median,-0.00013993841845054422,7.93830202068524e-06
catboost,D,0,4,prior_crop_season_iqr,6.945608750856536e-06,6.1441421921812345e-06
catboost,D,0,4,prior_crop_season_count,-9.703475093984781e-06,5.262966620470794e-05
catboost,D,0,4,prior_crop_median,0.0,0.0
catboost,D,0,4,prior_crop_iqr,-0.0006985333907645747,6.310417411570235e-05
catboost,D,0,4,prior_crop_count,3.888725508682106e-05,1.749564314888763e-06
catboost,D,0,4,prior_global_season_median,-1.0251854218323864e-07,1.0251854218323864e-07
catboost,D,0,4,prior_global_season_iqr,0.0,0.0
catboost,D,0,4,prior_global_season_count,-4.563276965241503e-06,2.619007198509382e-05
catboost,D,0,4,prior_polygon_crop_year_median,0.0,0.0
catboost,D,0,4,prior_polygon_crop_year_iqr,0.0,0.0
catboost,D,0,4,prior_polygon_crop_year_count,0.0,0.0
catboost,D,0,4,prior_crop_year_median,0.00046343304049131784,5.9792761325255794e-05
catboost,D,0,4,prior_crop_year_iqr,-0.000197828120853151,0.00010915917797362645
catboost,D,0,4,prior_crop_year_count,-0.00013656502229401207,0.00013569630462790389
catboost,D,0,4,seasonal_prior,-0.00013180172661513695,1.362464454211093e-05
catboost,D,0,4,seasonal_prior_level,0.0,0.0
catboost,D,0,4,crop_seasonal_prior,4.192892278319371e-05,1.279409824657407e-05
catboost,D,0,4,prior_global_median,0.0,0.0
catboost,D,0,4,prior_global_iqr,0.0,0.0
catboost,D,0,4,seen_polygon,0.0,0.0
catboost,D,0,4,crop_frequency,-0.0001516000902739012,2.4410590737947158e-05
catboost,D,0,4,fit_target_count,0.0,0.0
catboost,D,0,4,target_left_1,-5.13038242110353e-05,1.6711424578860767e-05
catboost,D,0,4,target_left_1_raw,-0.000680613666523569,6.223369818197932e-05
catboost,D,0,4,target_left_1_cleaned,1.2101394319861958e-05,2.1750913345712497e-05
catboost,D,0,4,target_left_1_invalid_flag,0.0,0.0
catboost,D,0,4,target_left_1_missing_flag,0.0,0.0
catboost,D,0,4,days_left_1,0.0,0.0
catboost,D,0,4,target_left_2,0.0,0.0
catboost,D,0,4,target_left_2_raw,0.0,0.0
catboost,D,0,4,target_left_2_cleaned,0.0,0.0
catboost,D,0,4,target_left_2_invalid_flag,0.0,0.0
catboost,D,0,4,target_left_2_missing_flag,0.0,0.0
catboost,D,0,4,days_left_2,0.0,0.0
catboost,D,0,4,target_left_3,0.0,0.0
catboost,D,0,4,target_left_3_raw,0.0,0.0
catboost,D,0,4,target_left_3_cleaned,0.0,0.0
catboost,D,0,4,target_left_3_invalid_flag,0.0,0.0
catboost,D,0,4,target_left_3_missing_flag,0.0,0.0
catboost,D,0,4,days_left_3,0.0,0.0
catboost,D,0,4,target_left_4,0.0,0.0
catboost,D,0,4,target_left_4_raw,0.0,0.0
catboost,D,0,4,target_left_4_cleaned,0.0,0.0
catboost,D,0,4,target_left_4_invalid_flag,0.0,0.0
catboost,D,0,4,target_left_4_missing_flag,0.0,0.0
catboost,D,0,4,days_left_4,0.0,0.0
catboost,D,0,4,target_right_1,0.0,0.0
catboost,D,0,4,target_right_1_raw,0.0,0.0
catboost,D,0,4,target_right_1_cleaned,0.0,0.0
catboost,D,0,4,target_right_1_invalid_flag,0.0,0.0
catboost,D,0,4,target_right_1_missing_flag,0.0,0.0
catboost,D,0,4,days_right_1,0.0,0.0
catboost,D,0,4,target_right_2,0.0,0.0
catboost,D,0,4,target_right_2_raw,0.0,0.0
catboost,D,0,4,target_right_2_cleaned,0.0,0.0
catboost,D,0,4,target_right_2_invalid_flag,0.0,0.0
catboost,D,0,4,target_right_2_missing_flag,0.0,0.0
catboost,D,0,4,days_right_2,0.0,0.0
catboost,D,0,4,target_right_3,0.0,0.0
catboost,D,0,4,target_right_3_raw,0.0,0.0
catboost,D,0,4,target_right_3_cleaned,0.0,0.0
catboost,D,0,4,target_right_3_invalid_flag,0.0,0.0
catboost,D,0,4,target_right_3_missing_flag,0.0,0.0
catboost,D,0,4,days_right_3,0.0,0.0
catboost,D,0,4,target_right_4,0.0,0.0
catboost,D,0,4,target_right_4_raw,0.0,0.0
catboost,D,0,4,target_right_4_cleaned,0.0,0.0
catboost,D,0,4,target_right_4_invalid_flag,0.0,0.0
catboost,D,0,4,target_right_4_missing_flag,0.0,0.0
catboost,D,0,4,days_right_4,0.0,0.0
catboost,D,0,4,linear_interpolation,0.001963437667903384,0.0008318775364518083
catboost,D,0,4,mean_neighbors,-0.0005462763361807899,4.169768735469426e-05
catboost,D,0,4,local_slope,0.0,0.0
catboost,D,0,4,local_level,0.002658618784594814,0.0005489465458731121
catboost,D,0,4,local_iqr,0.0,0.0
catboost,D,0,4,local_curvature,0.0,0.0
catboost,D,0,4,target_count_7d,0.0,0.0
catboost,D,0,4,target_density_7d,0.0,0.0
catboost,D,0,4,target_count_15d,0.0,0.0
catboost,D,0,4,target_density_15d,0.0,0.0
catboost,D,0,4,target_count_30d,0.00024525225900835085,0.0002694120821865112
catboost,D,0,4,target_density_30d,2.701428405806061e-05,1.9634883044114537e-05
catboost,D,0,4,gap_run_length,-0.0011689178930974556,0.0005204847696554452
catboost,D,0,4,gap_run_position,1.6837520022031094e-05,4.54963365442429e-05
catboost,D,0,4,left_missing,0.0,0.0
catboost,D,0,4,right_missing,0.0,0.0
catboost,D,0,4,is_edge,0.0,0.0
catboost,D,0,4,context_quality,0.0,0.0
catboost,D,0,4,same_date_target_count,-0.001308567294907477,0.0006099275762931969
catboost,D,0,4,same_date_target_median,0.010951555197705534,0.0016846785362698707
catboost,D,0,4,same_date_target_iqr,0.0001237182822202837,7.067804109434084e-05
catboost,D,0,4,primary_ndvi_raw,0.0,0.0
catboost,D,0,4,primary_ndvi_cleaned,0.0,0.0
catboost,D,0,4,primary_ndvi_invalid_flag,0.0,0.0
catboost,D,0,4,primary_ndvi_missing_flag,0.0,0.0
catboost,D,0,4,primary_ndvi_interpolated,0.0020622078957297715,0.001300770519202639
catboost,D,0,4,primary_ndvi_left,-0.0009232067467697044,0.000269700433182328
catboost,D,0,4,primary_ndvi_right,0.0,0.0
catboost,D,0,4,primary_ndvi_days_since,-2.047925240092341e-05,8.780976046937616e-06
catboost,D,0,4,primary_ndvi_days_until,0.0,0.0
catboost,D,0,4,primary_ndvi_context_median,-0.0010476373059062835,0.0003779961842267157
catboost,D,0,4,primary_ndvi_context_iqr,-0.00010250587250673626,7.795084173024824e-05
catboost,D,0,4,primary_ndvi_context_count,0.0,0.0
catboost,D,0,4,primary_ndvi_context_invalid_count,0.0,0.0
catboost,D,0,4,s2_ndvi_raw,0.0,0.0
catboost,D,0,4,s2_ndvi_cleaned,0.0,0.0
catboost,D,0,4,s2_ndvi_invalid_flag,0.0,0.0
catboost,D,0,4,s2_ndvi_missing_flag,0.0,0.0
catboost,D,0,4,s2_ndvi_interpolated,6.190453378333849e-05,1.466378653235123e-05
catboost,D,0,4,s2_ndvi_left,-1.846129055597251e-05,2.7927896638586802e-05
catboost,D,0,4,s2_ndvi_right,0.0,0.0
catboost,D,0,4,s2_ndvi_days_since,-1.178616340472699e-05,3.3656491101201336e-05
catboost,D,0,4,s2_ndvi_days_until,0.0,0.0
catboost,D,0,4,s2_ndvi_context_median,-3.9143499915191005e-05,1.8786662648741237e-05
catboost,D,0,4,s2_ndvi_context_iqr,0.0,0.0
catboost,D,0,4,s2_ndvi_context_count,0.0,0.0
catboost,D,0,4,s2_ndvi_context_invalid_count,0.0,0.0
catboost,D,0,4,s2_evi_raw,0.0,0.0
catboost,D,0,4,s2_evi_cleaned,0.0,0.0
catboost,D,0,4,s2_evi_invalid_flag,0.0,0.0
catboost,D,0,4,s2_evi_missing_flag,0.0,0.0
catboost,D,0,4,s2_evi_interpolated,0.00014010185976030126,0.00013956968345734538
catboost,D,0,4,s2_evi_left,0.0,0.0
catboost,D,0,4,s2_evi_right,0.0,0.0
catboost,D,0,4,s2_evi_days_since,1.3143828772856081e-05,4.553656764987035e-06
catboost,D,0,4,s2_evi_days_until,0.0,0.0
catboost,D,0,4,s2_evi_context_median,0.0,0.0
catboost,D,0,4,s2_evi_context_iqr,0.0,0.0
catboost,D,0,4,s2_evi_context_count,0.0,0.0
catboost,D,0,4,s2_evi_context_invalid_count,0.0,0.0
catboost,D,0,4,s2_ndwi_raw,0.0,0.0
catboost,D,0,4,s2_ndwi_cleaned,0.0,0.0
catboost,D,0,4,s2_ndwi_invalid_flag,0.0,0.0
catboost,D,0,4,s2_ndwi_missing_flag,0.0,0.0
catboost,D,0,4,s2_ndwi_interpolated,3.160761598812456e-05,4.6212899544359476e-05
catboost,D,0,4,s2_ndwi_left,-2.5463495273138348e-05,7.42389889549569e-05
catboost,D,0,4,s2_ndwi_right,0.0,0.0
catboost,D,0,4,s2_ndwi_days_since,5.158721867324495e-05,1.091957756665235e-05
catboost,D,0,4,s2_ndwi_days_until,0.0,0.0
catboost,D,0,4,s2_ndwi_context_median,2.327065281475249e-05,4.731461355111932e-05
catboost,D,0,4,s2_ndwi_context_iqr,0.0,0.0
catboost,D,0,4,s2_ndwi_context_count,0.0,0.0
catboost,D,0,4,s2_ndwi_context_invalid_count,0.0,0.0
catboost,D,0,4,landsat_ndvi_raw,0.0,0.0
catboost,D,0,4,landsat_ndvi_cleaned,0.0,0.0
catboost,D,0,4,landsat_ndvi_invalid_flag,0.0,0.0
catboost,D,0,4,landsat_ndvi_missing_flag,0.0,0.0
catboost,D,0,4,landsat_ndvi_interpolated,7.079158912356304e-05,3.710863274312276e-05
catboost,D,0,4,landsat_ndvi_left,2.4451940064250388e-05,4.233839766786679e-05
catboost,D,0,4,landsat_ndvi_right,0.0,0.0
catboost,D,0,4,landsat_ndvi_days_since,1.2641299482987756e-05,3.6860405018684927e-06
catboost,D,0,4,landsat_ndvi_days_until,0.0,0.0
catboost,D,0,4,landsat_ndvi_context_median,-0.00010506565330428708,5.954876511837792e-06
catboost,D,0,4,landsat_ndvi_context_iqr,7.551110165737035e-05,1.7042537711196848e-05
catboost,D,0,4,landsat_ndvi_context_count,-5.67595879569574e-05,2.2916541191471407e-05
catboost,D,0,4,landsat_ndvi_context_invalid_count,0.0,0.0
catboost,D,0,4,landsat_evi_raw,0.0,0.0
catboost,D,0,4,landsat_evi_cleaned,0.0,0.0
catboost,D,0,4,landsat_evi_invalid_flag,0.0,0.0
catboost,D,0,4,landsat_evi_missing_flag,0.0,0.0
catboost,D,0,4,landsat_evi_interpolated,0.0,0.0
catboost,D,0,4,landsat_evi_left,0.00012122622345502043,3.8935062813078014e-05
catboost,D,0,4,landsat_evi_right,0.0,0.0
catboost,D,0,4,landsat_evi_days_since,-1.8355992733518067e-06,2.073408566304058e-06
catboost,D,0,4,landsat_evi_days_until,0.0,0.0
catboost,D,0,4,landsat_evi_context_median,2.360305298133164e-05,2.6716327426110076e-06
catboost,D,0,4,landsat_evi_context_iqr,0.0,0.0
catboost,D,0,4,landsat_evi_context_count,-9.86055081458534e-05,2.133647654668086e-05
catboost,D,0,4,landsat_evi_context_invalid_count,0.0,0.0
catboost,D,0,4,landsat_ndwi_raw,0.0,0.0
catboost,D,0,4,landsat_ndwi_cleaned,0.0,0.0
catboost,D,0,4,landsat_ndwi_invalid_flag,0.0,0.0
catboost,D,0,4,landsat_ndwi_missing_flag,0.0,0.0
catboost,D,0,4,landsat_ndwi_interpolated,0.0023208778301321495,0.00023221684118140268
catboost,D,0,4,landsat_ndwi_left,-0.00041483779354494627,9.488639192061638e-05
catboost,D,0,4,landsat_ndwi_right,0.0,0.0
catboost,D,0,4,landsat_ndwi_days_since,7.378430309439021e-05,4.138918191988472e-05
catboost,D,0,4,landsat_ndwi_days_until,0.0,0.0
catboost,D,0,4,landsat_ndwi_context_median,-0.0003165572957428697,6.74907541162173e-06
catboost,D,0,4,landsat_ndwi_context_iqr,0.0,0.0
catboost,D,0,4,landsat_ndwi_context_count,0.0,0.0
catboost,D,0,4,landsat_ndwi_context_invalid_count,0.0,0.0
catboost,D,0,4,modis_ndvi_raw,0.0,0.0
catboost,D,0,4,modis_ndvi_cleaned,0.0,0.0
catboost,D,0,4,modis_ndvi_invalid_flag,0.0,0.0
catboost,D,0,4,modis_ndvi_missing_flag,0.0,0.0
catboost,D,0,4,modis_ndvi_interpolated,-0.0012433726154226915,0.0006181315500040641
catboost,D,0,4,modis_ndvi_left,-6.977572174272917e-05,0.0001915760615526091
catboost,D,0,4,modis_ndvi_right,0.0,0.0
catboost,D,0,4,modis_ndvi_days_since,1.965094089969449e-05,1.876505220529262e-05
catboost,D,0,4,modis_ndvi_days_until,0.0,0.0
catboost,D,0,4,modis_ndvi_context_median,5.8749217584280755e-05,3.283195224687563e-05
catboost,D,0,4,modis_ndvi_context_iqr,0.0,0.0
catboost,D,0,4,modis_ndvi_context_count,0.0,0.0
catboost,D,0,4,modis_ndvi_context_invalid_count,0.0,0.0
catboost,D,0,4,modis_evi_raw,0.0,0.0
catboost,D,0,4,modis_evi_cleaned,0.0,0.0
catboost,D,0,4,modis_evi_invalid_flag,0.0,0.0
catboost,D,0,4,modis_evi_missing_flag,0.0,0.0
catboost,D,0,4,modis_evi_interpolated,4.543889901004877e-05,0.00013818132934501764
catboost,D,0,4,modis_evi_left,-0.0007551931159977612,3.820481736365594e-05
catboost,D,0,4,modis_evi_right,0.0,0.0
catboost,D,0,4,modis_evi_days_since,0.0,0.0
catboost,D,0,4,modis_evi_days_until,0.0,0.0
catboost,D,0,4,modis_evi_context_median,-0.000198849730433652,6.258597143989769e-05
catboost,D,0,4,modis_evi_context_iqr,0.0,0.0
catboost,D,0,4,modis_evi_context_count,0.0,0.0
catboost,D,0,4,modis_evi_context_invalid_count,0.0,0.0
catboost,D,0,4,era5_temp_c_raw,0.0,0.0
catboost,D,0,4,era5_temp_c_cleaned,0.0,0.0
catboost,D,0,4,era5_temp_c_invalid_flag,0.0,0.0
catboost,D,0,4,era5_temp_c_missing_flag,0.0,0.0
catboost,D,0,4,era5_temp_c_interpolated,-9.801211327616077e-05,4.4096205625898666e-05
catboost,D,0,4,era5_temp_c_left,0.000153184275762136,7.422775977516949e-05
catboost,D,0,4,era5_temp_c_right,0.0,0.0
catboost,D,0,4,era5_temp_c_days_since,-9.700332778522086e-05,0.00017143010916424034
catboost,D,0,4,era5_temp_c_days_until,0.0,0.0
catboost,D,0,4,era5_temp_c_context_median,-1.2718982427641079e-05,2.8696721259678648e-05
catboost,D,0,4,era5_temp_c_context_iqr,0.0,0.0
catboost,D,0,4,era5_temp_c_context_count,0.0,0.0
catboost,D,0,4,era5_temp_c_context_invalid_count,0.0,0.0
catboost,D,0,4,era5_temp_c_same_date,0.0003282425034290895,0.00014940700536251322
catboost,D,0,4,era5_temp_c_same_date_count,0.0,0.0
catboost,D,0,4,era5_temp_c_reconstructed,-0.00030074281918370666,6.189472373250432e-05
catboost,D,0,4,era5_temp_c_available,0.0,0.0
catboost,D,0,4,era5_precip_mm_raw,0.0,0.0
catboost,D,0,4,era5_precip_mm_cleaned,0.0,0.0
catboost,D,0,4,era5_precip_mm_invalid_flag,0.0,0.0
catboost,D,0,4,era5_precip_mm_missing_flag,0.0,0.0
catboost,D,0,4,era5_precip_mm_interpolated,0.00021352470580871669,4.636945161472228e-06
catboost,D,0,4,era5_precip_mm_left,0.0005360191805559994,3.586053363589803e-05
catboost,D,0,4,era5_precip_mm_right,0.0,0.0
catboost,D,0,4,era5_precip_mm_days_since,-0.0001496551779629901,1.4745699554688518e-05
catboost,D,0,4,era5_precip_mm_days_until,0.0,0.0
catboost,D,0,4,era5_precip_mm_context_median,9.95120838731961e-05,9.035017780614774e-06
catboost,D,0,4,era5_precip_mm_context_iqr,0.0,0.0
catboost,D,0,4,era5_precip_mm_context_count,0.0,0.0
catboost,D,0,4,era5_precip_mm_context_invalid_count,0.0,0.0
catboost,D,0,4,era5_precip_mm_same_date,0.0009373642264015256,4.566815038858224e-05
catboost,D,0,4,era5_precip_mm_same_date_count,0.0,0.0
catboost,D,0,4,era5_precip_mm_reconstructed,0.0010816583147064407,0.0002231604376200652
catboost,D,0,4,era5_precip_mm_available,0.0,0.0
catboost,D,0,4,availability_s2_days_since,0.00042754791136440096,0.00019157782839447635
catboost,D,0,4,availability_s2_days_until,0.0,0.0
catboost,D,0,4,availability_s2_same_date_count,-0.0002314814829400269,0.00015475338621145918
catboost,D,0,4,availability_s2_count_7d,0.0,0.0
catboost,D,0,4,availability_s2_count_15d,0.0,0.0
catboost,D,0,4,availability_s2_count_30d,0.0,0.0
catboost,D,0,4,source_calendar_s2_local_count,0.0,0.0
catboost,D,0,4,source_calendar_s2_same_date_count,2.169698146289173e-05,3.0954245255412904e-06
catboost,D,0,4,source_calendar_s2_fit_count,0.0,0.0
catboost,D,0,4,availability_landsat_days_since,-9.820506863267298e-06,9.687636227204144e-06
catboost,D,0,4,availability_landsat_days_until,0.0,0.0
catboost,D,0,4,availability_landsat_same_date_count,0.0003630019486011368,3.566186277593336e-05
catboost,D,0,4,availability_landsat_count_7d,0.0,0.0
catboost,D,0,4,availability_landsat_count_15d,0.0,0.0
catboost,D,0,4,availability_landsat_count_30d,0.0,0.0
catboost,D,0,4,source_calendar_landsat_local_count,2.865596965238859e-05,4.374502173097594e-05
catboost,D,0,4,source_calendar_landsat_same_date_count,5.722403409337551e-05,5.6851457713599785e-05
catboost,D,0,4,source_calendar_landsat_fit_count,0.0,0.0
catboost,D,0,4,availability_modis_days_since,8.573185416432122e-05,7.078408114585127e-05
catboost,D,0,4,availability_modis_days_until,0.0,0.0
catboost,D,0,4,availability_modis_same_date_count,0.003995004509890349,0.0009288608287737338
catboost,D,0,4,availability_modis_count_7d,0.0,0.0
catboost,D,0,4,availability_modis_count_15d,0.0,0.0
catboost,D,0,4,availability_modis_count_30d,0.0,0.0
catboost,D,0,4,source_calendar_modis_local_count,0.0,0.0
catboost,D,0,4,source_calendar_modis_same_date_count,0.0020911971221072648,0.000663073219402073
catboost,D,0,4,source_calendar_modis_fit_count,0.0,0.0
catboost,D,0,4,p_s2,0.0005616459534238463,0.0001958242269505736
catboost,D,0,4,p_landsat,-0.0014112862465717538,0.00044637795213210013
catboost,D,0,4,p_modis,0.004461723874024694,0.0013703199255896761
catboost,D,0,4,p_unknown,0.0,0.0
catboost,D,0,4,source_confidence,-0.00030530461566875833,0.000277132830677429
catboost,D,0,4,source_unknown_local_count,0.0,0.0
catboost,D,0,4,pchip_interpolation,0.0,0.0
catboost,D,0,4,akima_interpolation,0.0,0.0
catboost,D,0,4,left_days_1,0.0,0.0
catboost,D,0,4,left_days_2,0.0,0.0
catboost,D,0,4,left_days_3,0.0,0.0
catboost,D,0,4,left_days_4,0.0,0.0
catboost,D,0,4,right_days_1,0.0,0.0
catboost,D,0,4,right_days_2,0.0,0.0
catboost,D,0,4,right_days_3,0.0,0.0
catboost,D,0,4,right_days_4,0.0,0.0
