dimension,subgroup,n,rmse,gap_score,mode,repeat,fold,model
overall,all,1200,0.06543098961672957,10.37,A,0,0,catboost
seen_polygon,False,1022,0.0667614177165252,9.97,A,0,0,catboost
seen_polygon,True,178,0.057196412801385266,12.84,A,0,0,catboost
crop_type,зерновые,275,0.04842458082774839,15.47,A,0,0,catboost
crop_type,озимая пшеница,796,0.07259007789736935,8.22,A,0,0,catboost
crop_type,пастбища/зерновые,110,0.04658047566771436,16.03,A,0,0,catboost
crop_type,подсолнечник,19,0.05598357217567379,13.2,A,0,0,catboost
source_label,landsat,512,0.06559292697200132,10.32,A,0,0,catboost
source_label,modis,178,0.06830470190792558,9.51,A,0,0,catboost
source_label,s2,510,0.06423222747373572,10.73,A,0,0,catboost
gap_length,1,911,0.06019758026671283,11.94,A,0,0,catboost
gap_length,2,214,0.07254689316852422,8.24,A,0,0,catboost
gap_length,3,66,0.10171429725518688,0.0,A,0,0,catboost
gap_length,4,4,0.03393594107273379,19.82,A,0,0,catboost
gap_length,5,5,0.06708189141766732,9.88,A,0,0,catboost
left_distance_bin,0-7,1018,0.06064932292691624,11.81,A,0,0,catboost
left_distance_bin,16-30,21,0.0851622165223182,4.45,A,0,0,catboost
left_distance_bin,31+,22,0.0576616673767141,12.7,A,0,0,catboost
left_distance_bin,8-15,138,0.09197640525159576,2.41,A,0,0,catboost
left_distance_bin,none,1,0.0046974960330380955,28.59,A,0,0,catboost
right_distance_bin,0-7,1003,0.06364657374446066,10.91,A,0,0,catboost
right_distance_bin,16-30,34,0.08136265536952478,5.59,A,0,0,catboost
right_distance_bin,31+,14,0.0998799357580971,0.04,A,0,0,catboost
right_distance_bin,8-15,147,0.06921585693329471,9.24,A,0,0,catboost
right_distance_bin,none,2,0.05208431508893086,14.37,A,0,0,catboost
year,2010,28,0.07081651974533022,8.76,A,0,0,catboost
year,2011,43,0.05766961315040616,12.7,A,0,0,catboost
year,2012,11,0.06219462666290295,11.34,A,0,0,catboost
year,2013,32,0.06758279540737307,9.73,A,0,0,catboost
year,2014,39,0.05168196807393067,14.5,A,0,0,catboost
year,2015,36,0.05569999276318152,13.29,A,0,0,catboost
year,2016,36,0.07042224114893463,8.87,A,0,0,catboost
year,2017,88,0.06027193553619554,11.92,A,0,0,catboost
year,2018,67,0.05505242628457884,13.48,A,0,0,catboost
year,2019,144,0.07111857947409872,8.66,A,0,0,catboost
year,2020,155,0.062317019030852204,11.3,A,0,0,catboost
year,2021,137,0.08174736539649749,5.48,A,0,0,catboost
year,2022,125,0.047891006987623816,15.63,A,0,0,catboost
year,2023,130,0.07708762165687284,6.87,A,0,0,catboost
year,2024,129,0.05861375229488629,12.42,A,0,0,catboost
confidence_bin,low,15,0.05118229506595107,14.65,A,0,0,catboost
confidence_bin,medium,422,0.07030937571994098,8.91,A,0,0,catboost
confidence_bin,high,763,0.0628301978904401,11.15,A,0,0,catboost
overall,all,1200,0.06978715828204753,9.06,A,1,0,catboost
seen_polygon,False,1024,0.07097800716457937,8.71,A,1,0,catboost
seen_polygon,True,176,0.062409497757473835,11.28,A,1,0,catboost
crop_type,зерновые,221,0.058064108495638075,12.58,A,1,0,catboost
crop_type,озимая пшеница,814,0.07514385813881098,7.46,A,1,0,catboost
crop_type,пастбища/зерновые,127,0.05192539832656882,14.42,A,1,0,catboost
crop_type,подсолнечник,38,0.06498041549121457,10.51,A,1,0,catboost
source_label,landsat,499,0.0647587847827618,10.57,A,1,0,catboost
source_label,modis,180,0.07007865664931279,8.98,A,1,0,catboost
source_label,s2,521,0.07418989600975413,7.74,A,1,0,catboost
gap_length,1,851,0.06481168571742903,10.56,A,1,0,catboost
gap_length,2,272,0.0799182063084517,6.02,A,1,0,catboost
gap_length,3,54,0.09164308030783316,2.51,A,1,0,catboost
gap_length,4,8,0.08021452327616063,5.94,A,1,0,catboost
gap_length,5,15,0.042732768586309124,17.18,A,1,0,catboost
left_distance_bin,0-7,994,0.06718224780058184,9.85,A,1,0,catboost
left_distance_bin,16-30,34,0.05824111174886272,12.53,A,1,0,catboost
left_distance_bin,31+,20,0.1018498007283477,0.0,A,1,0,catboost
left_distance_bin,8-15,152,0.08252299124563602,5.24,A,1,0,catboost
right_distance_bin,0-7,1003,0.06930231864453644,9.21,A,1,0,catboost
right_distance_bin,16-30,26,0.06236497777497612,11.29,A,1,0,catboost
right_distance_bin,31+,22,0.0728424218138858,8.15,A,1,0,catboost
right_distance_bin,8-15,148,0.07388312767583861,7.84,A,1,0,catboost
right_distance_bin,none,1,0.03647660343555725,19.06,A,1,0,catboost
year,2010,30,0.048228567937890605,15.53,A,1,0,catboost
year,2011,31,0.05236365599623085,14.29,A,1,0,catboost
year,2012,20,0.08385411129525525,4.84,A,1,0,catboost
year,2013,43,0.08183375820372146,5.45,A,1,0,catboost
year,2014,43,0.04627541039723331,16.12,A,1,0,catboost
year,2015,23,0.0670486991120246,9.89,A,1,0,catboost
year,2016,23,0.07022912932700702,8.93,A,1,0,catboost
year,2017,90,0.06284075141419827,11.15,A,1,0,catboost
year,2018,88,0.06017222338117083,11.95,A,1,0,catboost
year,2019,139,0.08389757874277493,4.83,A,1,0,catboost
year,2020,146,0.055760239153948586,13.27,A,1,0,catboost
year,2021,132,0.09996638516338087,0.01,A,1,0,catboost
year,2022,131,0.06984664913892623,9.05,A,1,0,catboost
year,2023,124,0.0586808619332204,12.4,A,1,0,catboost
year,2024,137,0.05797387917496025,12.61,A,1,0,catboost
confidence_bin,low,23,0.047658750205480695,15.7,A,1,0,catboost
confidence_bin,medium,477,0.07159931270926313,8.52,A,1,0,catboost
confidence_bin,high,700,0.06914512254872275,9.26,A,1,0,catboost
overall,all,1200,0.06767115588114812,9.7,A,2,0,catboost
seen_polygon,False,1018,0.068352892210118,9.49,A,2,0,catboost
seen_polygon,True,182,0.06372357934465403,10.88,A,2,0,catboost
crop_type,зерновые,267,0.05819624925031018,12.54,A,2,0,catboost
crop_type,озимая пшеница,813,0.07292143465623441,8.12,A,2,0,catboost
crop_type,пастбища/зерновые,88,0.04144235004755678,17.57,A,2,0,catboost
crop_type,подсолнечник,32,0.0603873446738382,11.88,A,2,0,catboost
source_label,landsat,486,0.06786621427811569,9.64,A,2,0,catboost
source_label,modis,182,0.0667783122628721,9.97,A,2,0,catboost
source_label,s2,532,0.06779602291041929,9.66,A,2,0,catboost
gap_length,1,885,0.06789090185933573,9.63,A,2,0,catboost
gap_length,2,230,0.06868743520652554,9.39,A,2,0,catboost
gap_length,3,60,0.0673083654087475,9.81,A,2,0,catboost
gap_length,4,20,0.04354850587027907,16.94,A,2,0,catboost
gap_length,5,5,0.06520253110601787,10.44,A,2,0,catboost
left_distance_bin,0-7,974,0.06394545250578401,10.82,A,2,0,catboost
left_distance_bin,16-30,32,0.07205602153190652,8.38,A,2,0,catboost
left_distance_bin,31+,32,0.09798748063390086,0.6,A,2,0,catboost
left_distance_bin,8-15,162,0.08009101003326882,5.97,A,2,0,catboost
right_distance_bin,0-7,1004,0.06689352823614834,9.93,A,2,0,catboost
right_distance_bin,16-30,29,0.07611065221157075,7.17,A,2,0,catboost
right_distance_bin,31+,27,0.06839007889532484,9.48,A,2,0,catboost
right_distance_bin,8-15,139,0.07136913701661682,8.59,A,2,0,catboost
right_distance_bin,none,1,0.018405288111436713,24.48,A,2,0,catboost
year,2010,35,0.05191104166416442,14.43,A,2,0,catboost
year,2011,33,0.07761070797471857,6.72,A,2,0,catboost
year,2012,28,0.07725058037940825,6.82,A,2,0,catboost
year,2013,38,0.07927278455990905,6.22,A,2,0,catboost
year,2014,33,0.05529721815031148,13.41,A,2,0,catboost
year,2015,28,0.056208579805931046,13.14,A,2,0,catboost
year,2016,30,0.0837070727109456,4.89,A,2,0,catboost
year,2017,85,0.08127704636265759,5.62,A,2,0,catboost
year,2018,67,0.06071204668174412,11.79,A,2,0,catboost
year,2019,119,0.0563006338826877,13.11,A,2,0,catboost
year,2020,153,0.07693707727877135,6.92,A,2,0,catboost
year,2021,129,0.08769659863053357,3.69,A,2,0,catboost
year,2022,128,0.05374740981180771,13.88,A,2,0,catboost
year,2023,145,0.05678875016692528,12.96,A,2,0,catboost
year,2024,149,0.056515041630089684,13.05,A,2,0,catboost
confidence_bin,low,14,0.07339252097811823,7.98,A,2,0,catboost
confidence_bin,medium,626,0.062391504948779986,11.28,A,2,0,catboost
confidence_bin,high,560,0.07298509883449243,8.1,A,2,0,catboost
overall,all,1200,0.06476647891243612,10.57,A,3,0,catboost
seen_polygon,False,1034,0.06570773862856352,10.29,A,3,0,catboost
seen_polygon,True,166,0.058563835938154125,12.43,A,3,0,catboost
crop_type,зерновые,265,0.0531070085522705,14.07,A,3,0,catboost
crop_type,озимая пшеница,800,0.07140682095077364,8.58,A,3,0,catboost
crop_type,пастбища/зерновые,112,0.03730540663762827,18.81,A,3,0,catboost
crop_type,подсолнечник,23,0.04719309303986706,15.84,A,3,0,catboost
source_label,landsat,451,0.06361903127893744,10.91,A,3,0,catboost
source_label,modis,188,0.05468867878805627,13.59,A,3,0,catboost
source_label,s2,561,0.06867717703157614,9.4,A,3,0,catboost
gap_length,1,856,0.06404549745797526,10.79,A,3,0,catboost
gap_length,2,272,0.06517421721284251,10.45,A,3,0,catboost
gap_length,3,63,0.07263783514536175,8.21,A,3,0,catboost
gap_length,4,4,0.043515412162055574,16.95,A,3,0,catboost
gap_length,5,5,0.07365636403262779,7.9,A,3,0,catboost
left_distance_bin,0-7,1008,0.06284834523812867,11.15,A,3,0,catboost
left_distance_bin,16-30,30,0.059154864394382306,12.25,A,3,0,catboost
left_distance_bin,31+,7,0.09826065285968916,0.52,A,3,0,catboost
left_distance_bin,8-15,154,0.07557387639067058,7.33,A,3,0,catboost
left_distance_bin,none,1,0.00020215721022026623,29.94,A,3,0,catboost
right_distance_bin,0-7,1007,0.06621686610635527,10.13,A,3,0,catboost
right_distance_bin,16-30,31,0.05539742362153429,13.38,A,3,0,catboost
right_distance_bin,31+,11,0.09282381671683666,2.15,A,3,0,catboost
right_distance_bin,8-15,149,0.053531091822588965,13.94,A,3,0,catboost
right_distance_bin,none,2,0.026315453033078536,22.11,A,3,0,catboost
year,2010,35,0.049448613964536134,15.17,A,3,0,catboost
year,2011,32,0.04967086430561632,15.1,A,3,0,catboost
year,2012,34,0.06833094789090573,9.5,A,3,0,catboost
year,2013,34,0.052722459213100474,14.18,A,3,0,catboost
year,2014,36,0.0651779004732763,10.45,A,3,0,catboost
year,2015,28,0.0999039754675567,0.03,A,3,0,catboost
year,2016,31,0.08894342412410147,3.32,A,3,0,catboost
year,2017,79,0.06455077388233774,10.63,A,3,0,catboost
year,2018,81,0.04992789925365177,15.02,A,3,0,catboost
year,2019,155,0.08363328298235408,4.91,A,3,0,catboost
year,2020,144,0.04473011464889232,16.58,A,3,0,catboost
year,2021,122,0.07015571724871617,8.95,A,3,0,catboost
year,2022,114,0.06332976456499223,11.0,A,3,0,catboost
year,2023,127,0.07084728559647165,8.75,A,3,0,catboost
year,2024,148,0.04791037749921066,15.63,A,3,0,catboost
confidence_bin,low,22,0.07055655451962971,8.83,A,3,0,catboost
confidence_bin,medium,372,0.06985731850374334,9.04,A,3,0,catboost
confidence_bin,high,806,0.06210471451636791,11.37,A,3,0,catboost
overall,all,1200,0.06343258883694919,10.97,A,4,0,catboost
seen_polygon,False,1008,0.0635740823918862,10.93,A,4,0,catboost
seen_polygon,True,192,0.06268450799950337,11.19,A,4,0,catboost
crop_type,зерновые,242,0.058073673245528874,12.58,A,4,0,catboost
crop_type,озимая пшеница,824,0.06728591700994603,9.81,A,4,0,catboost
crop_type,пастбища/зерновые,100,0.041216932201920325,17.63,A,4,0,catboost
crop_type,подсолнечник,34,0.057347701022576816,12.8,A,4,0,catboost
source_label,landsat,493,0.06241457421225645,11.28,A,4,0,catboost
source_label,modis,185,0.0723942256663462,8.28,A,4,0,catboost
source_label,s2,522,0.060936820887587693,11.72,A,4,0,catboost
gap_length,1,907,0.061739376078892606,11.48,A,4,0,catboost
gap_length,2,222,0.0744559732255942,7.66,A,4,0,catboost
gap_length,3,51,0.044477836577680466,16.66,A,4,0,catboost
gap_length,5,20,0.04448732811667717,16.65,A,4,0,catboost
left_distance_bin,0-7,1044,0.06380488470207323,10.86,A,4,0,catboost
left_distance_bin,16-30,23,0.07407256033258704,7.78,A,4,0,catboost
left_distance_bin,31+,20,0.08151293606313055,5.55,A,4,0,catboost
left_distance_bin,8-15,111,0.05329444154196411,14.01,A,4,0,catboost
left_distance_bin,none,2,0.04408276593039376,16.78,A,4,0,catboost
right_distance_bin,0-7,1010,0.06146818280097827,11.56,A,4,0,catboost
right_distance_bin,16-30,27,0.08343950004093952,4.97,A,4,0,catboost
right_distance_bin,31+,13,0.04331435864552593,17.01,A,4,0,catboost
right_distance_bin,8-15,150,0.0730270875721856,8.09,A,4,0,catboost
year,2010,27,0.04961209124293032,15.12,A,4,0,catboost
year,2011,45,0.07294841563609891,8.12,A,4,0,catboost
year,2012,31,0.07929167491227923,6.21,A,4,0,catboost
year,2013,33,0.07759332149013308,6.72,A,4,0,catboost
year,2014,36,0.08464958117717016,4.61,A,4,0,catboost
year,2015,34,0.0574567330377747,12.76,A,4,0,catboost
year,2016,30,0.06815751564880292,9.55,A,4,0,catboost
year,2017,108,0.055700544483817074,13.29,A,4,0,catboost
year,2018,60,0.05693415405439158,12.92,A,4,0,catboost
year,2019,159,0.07911489497721286,6.27,A,4,0,catboost
year,2020,148,0.04757296657635979,15.73,A,4,0,catboost
year,2021,114,0.06874618704284084,9.38,A,4,0,catboost
year,2022,118,0.06586894771906408,10.24,A,4,0,catboost
year,2023,142,0.051627122936346,14.51,A,4,0,catboost
year,2024,115,0.05360187667905793,13.92,A,4,0,catboost
confidence_bin,low,13,0.10598525902734554,0.0,A,4,0,catboost
confidence_bin,medium,330,0.07467149166800754,7.6,A,4,0,catboost
confidence_bin,high,857,0.05759047637734175,12.72,A,4,0,catboost
overall,all,1200,0.06942458933949189,9.17,B,0,0,catboost
seen_polygon,False,1200,0.06942458933949189,9.17,B,0,0,catboost
crop_type,зерновые,319,0.050414793707828864,14.88,B,0,0,catboost
crop_type,озимая пшеница,810,0.07564798728294911,7.31,B,0,0,catboost
crop_type,подсолнечник,71,0.06895813771254809,9.31,B,0,0,catboost
source_label,landsat,516,0.06821242685672796,9.54,B,0,0,catboost
source_label,modis,192,0.06460245997667675,10.62,B,0,0,catboost
source_label,s2,492,0.07243592669028051,8.27,B,0,0,catboost
gap_length,1,864,0.06832966787990705,9.5,B,0,0,catboost
gap_length,2,272,0.06999270825692915,9.0,B,0,0,catboost
gap_length,3,45,0.07460019597645869,7.62,B,0,0,catboost
gap_length,4,4,0.0427771353094649,17.17,B,0,0,catboost
gap_length,5,15,0.10311344470565492,0.0,B,0,0,catboost
left_distance_bin,0-7,988,0.06814049494640524,9.56,B,0,0,catboost
left_distance_bin,16-30,37,0.06839311929936501,9.48,B,0,0,catboost
left_distance_bin,31+,24,0.07793157570228294,6.62,B,0,0,catboost
left_distance_bin,8-15,150,0.07645980643100526,7.06,B,0,0,catboost
left_distance_bin,none,1,0.02390968243063324,22.83,B,0,0,catboost
right_distance_bin,0-7,974,0.06435971130844614,10.69,B,0,0,catboost
right_distance_bin,16-30,29,0.08210576142667576,5.37,B,0,0,catboost
right_distance_bin,31+,16,0.04212570613522788,17.36,B,0,0,catboost
right_distance_bin,8-15,180,0.0920541629803022,2.38,B,0,0,catboost
right_distance_bin,none,1,0.006740631363935878,27.98,B,0,0,catboost
year,2010,45,0.04977216310071283,15.07,B,0,0,catboost
year,2011,41,0.04959124958620529,15.12,B,0,0,catboost
year,2012,30,0.07048095155114702,8.86,B,0,0,catboost
year,2013,37,0.06433327413194322,10.7,B,0,0,catboost
year,2014,46,0.05866881207648736,12.4,B,0,0,catboost
year,2015,34,0.06313484325731719,11.06,B,0,0,catboost
year,2016,41,0.09096675467379667,2.71,B,0,0,catboost
year,2017,86,0.04882495518117145,15.35,B,0,0,catboost
year,2018,89,0.05564448524529697,13.31,B,0,0,catboost
year,2019,122,0.0665586328333089,10.03,B,0,0,catboost
year,2020,135,0.061984965138644016,11.4,B,0,0,catboost
year,2021,110,0.10300599040022408,0.0,B,0,0,catboost
year,2022,139,0.07567482178757881,7.3,B,0,0,catboost
year,2023,127,0.06773838325948621,9.68,B,0,0,catboost
year,2024,118,0.0683036982498827,9.51,B,0,0,catboost
confidence_bin,low,4,0.06794780228262383,9.62,B,0,0,catboost
confidence_bin,medium,269,0.07356496920668773,7.93,B,0,0,catboost
confidence_bin,high,927,0.06818248602112903,9.55,B,0,0,catboost
overall,all,1200,0.07160768731099433,8.52,B,0,1,catboost
seen_polygon,False,1200,0.07160768731099433,8.52,B,0,1,catboost
crop_type,зерновые,277,0.0642157592195162,10.74,B,0,1,catboost
crop_type,озимая пшеница,856,0.07531170900804847,7.41,B,0,1,catboost
crop_type,подсолнечник,67,0.048227012449084054,15.53,B,0,1,catboost
source_label,landsat,448,0.0701733815672002,8.95,B,0,1,catboost
source_label,modis,200,0.05207614362135977,14.38,B,0,1,catboost
source_label,s2,552,0.07853643288496329,6.44,B,0,1,catboost
gap_length,1,863,0.06706950585471022,9.88,B,0,1,catboost
gap_length,2,236,0.06860448689277211,9.42,B,0,1,catboost
gap_length,3,57,0.0681213159993229,9.56,B,0,1,catboost
gap_length,4,24,0.07419493296141921,7.74,B,0,1,catboost
gap_length,5,20,0.19541822484698063,0.0,B,0,1,catboost
left_distance_bin,0-7,1002,0.07028365997732852,8.91,B,0,1,catboost
left_distance_bin,16-30,34,0.046780611592352084,15.97,B,0,1,catboost
left_distance_bin,31+,20,0.08151682809510193,5.54,B,0,1,catboost
left_distance_bin,8-15,142,0.0832047109178603,5.04,B,0,1,catboost
left_distance_bin,none,2,0.0810705866918716,5.68,B,0,1,catboost
right_distance_bin,0-7,991,0.06865763514772685,9.4,B,0,1,catboost
right_distance_bin,16-30,32,0.12924423596004442,0.0,B,0,1,catboost
right_distance_bin,31+,17,0.0988975356826458,0.33,B,0,1,catboost
right_distance_bin,8-15,160,0.06986345734801781,9.04,B,0,1,catboost
year,2010,39,0.04931933149216343,15.2,B,0,1,catboost
year,2011,28,0.05326180940081084,14.02,B,0,1,catboost
year,2012,28,0.07302584358615385,8.09,B,0,1,catboost
year,2013,29,0.0661942406621154,10.14,B,0,1,catboost
year,2014,46,0.053948715421971334,13.82,B,0,1,catboost
year,2015,33,0.058505744490204806,12.45,B,0,1,catboost
year,2016,37,0.07942593746105667,6.17,B,0,1,catboost
year,2017,103,0.05864076557042521,12.41,B,0,1,catboost
year,2018,76,0.05037527360034476,14.89,B,0,1,catboost
year,2019,140,0.09211690486230666,2.36,B,0,1,catboost
year,2020,137,0.07487938439764726,7.54,B,0,1,catboost
year,2021,126,0.08574999087292466,4.28,B,0,1,catboost
year,2022,113,0.09409747879059675,1.77,B,0,1,catboost
year,2023,152,0.059096710984590566,12.27,B,0,1,catboost
year,2024,113,0.04807925926133748,15.58,B,0,1,catboost
confidence_bin,low,11,0.047561670372366624,15.73,B,0,1,catboost
confidence_bin,medium,370,0.06377100873054017,10.87,B,0,1,catboost
confidence_bin,high,819,0.07513614379826405,7.46,B,0,1,catboost
overall,all,1200,0.06661623530174596,10.02,B,0,2,catboost
seen_polygon,False,1200,0.06661623530174596,10.02,B,0,2,catboost
crop_type,зерновые,326,0.05474315169093486,13.58,B,0,2,catboost
crop_type,озимая пшеница,874,0.07053494874155113,8.84,B,0,2,catboost
source_label,landsat,543,0.061180701407037366,11.65,B,0,2,catboost
source_label,modis,167,0.05769497806131859,12.69,B,0,2,catboost
source_label,s2,490,0.07473601484805249,7.58,B,0,2,catboost
gap_length,1,868,0.06428115730783585,10.72,B,0,2,catboost
gap_length,2,260,0.07622663604081346,7.13,B,0,2,catboost
gap_length,3,63,0.05932716770256452,12.2,B,0,2,catboost
gap_length,4,4,0.014600566754552373,25.62,B,0,2,catboost
gap_length,5,5,0.03258350875325775,20.22,B,0,2,catboost
left_distance_bin,0-7,1002,0.06463342930933938,10.61,B,0,2,catboost
left_distance_bin,16-30,21,0.07142863212682436,8.57,B,0,2,catboost
left_distance_bin,31+,20,0.09008152594331978,2.98,B,0,2,catboost
left_distance_bin,8-15,153,0.0739502458268393,7.81,B,0,2,catboost
left_distance_bin,none,4,0.09123295931964626,2.63,B,0,2,catboost
right_distance_bin,0-7,994,0.06361669177583196,10.91,B,0,2,catboost
right_distance_bin,16-30,22,0.09284181303381565,2.15,B,0,2,catboost
right_distance_bin,31+,15,0.09673336770682323,0.98,B,0,2,catboost
right_distance_bin,8-15,167,0.07628880609253626,7.11,B,0,2,catboost
right_distance_bin,none,2,0.016401162402579838,25.08,B,0,2,catboost
year,2010,34,0.07340062144957649,7.98,B,0,2,catboost
year,2011,28,0.05993669918599234,12.02,B,0,2,catboost
year,2012,26,0.06225095962417334,11.32,B,0,2,catboost
year,2013,35,0.07204470548750518,8.39,B,0,2,catboost
year,2014,39,0.06870211785647772,9.39,B,0,2,catboost
year,2015,21,0.051529434498925344,14.54,B,0,2,catboost
year,2016,33,0.07729188357133235,6.81,B,0,2,catboost
year,2017,104,0.053382717884263874,13.99,B,0,2,catboost
year,2018,80,0.05559936239841744,13.32,B,0,2,catboost
year,2019,131,0.07399271442221503,7.8,B,0,2,catboost
year,2020,156,0.07425854216437273,7.72,B,0,2,catboost
year,2021,114,0.0793288282654199,6.2,B,0,2,catboost
year,2022,130,0.06310340076819855,11.07,B,0,2,catboost
year,2023,141,0.0703774172614658,8.89,B,0,2,catboost
year,2024,128,0.045717193282453134,16.28,B,0,2,catboost
confidence_bin,low,7,0.06267971269903397,11.2,B,0,2,catboost
confidence_bin,medium,401,0.0719270298381037,8.42,B,0,2,catboost
confidence_bin,high,792,0.06379411323902247,10.86,B,0,2,catboost
overall,all,1200,0.06747365249332152,9.76,B,0,3,catboost
seen_polygon,False,1200,0.06747365249332152,9.76,B,0,3,catboost
crop_type,зерновые,252,0.06286990608916998,11.14,B,0,3,catboost
crop_type,озимая пшеница,775,0.068692463528649,9.39,B,0,3,catboost
crop_type,пастбища/зерновые,121,0.07435785805561376,7.69,B,0,3,catboost
crop_type,подсолнечник,52,0.052108194279012955,14.37,B,0,3,catboost
source_label,landsat,419,0.05752105484596098,12.74,B,0,3,catboost
source_label,modis,213,0.06843901140724173,9.47,B,0,3,catboost
source_label,s2,568,0.0736286449550653,7.91,B,0,3,catboost
gap_length,1,862,0.06795953283401783,9.61,B,0,3,catboost
gap_length,2,274,0.0660216327100589,10.19,B,0,3,catboost
gap_length,3,42,0.055925473144071876,13.22,B,0,3,catboost
gap_length,4,12,0.08001325933838922,6.0,B,0,3,catboost
gap_length,5,10,0.08920398706105205,3.24,B,0,3,catboost
left_distance_bin,0-7,992,0.06639657307994695,10.08,B,0,3,catboost
left_distance_bin,16-30,34,0.08713346396473891,3.86,B,0,3,catboost
left_distance_bin,31+,12,0.07439841719994311,7.68,B,0,3,catboost
left_distance_bin,8-15,161,0.06864227412004359,9.41,B,0,3,catboost
left_distance_bin,none,1,0.0827305147929655,5.18,B,0,3,catboost
right_distance_bin,0-7,993,0.06774091137506041,9.68,B,0,3,catboost
right_distance_bin,16-30,32,0.07704024210734117,6.89,B,0,3,catboost
right_distance_bin,31+,25,0.044741591715901856,16.58,B,0,3,catboost
right_distance_bin,8-15,147,0.0664798834096108,10.06,B,0,3,catboost
right_distance_bin,none,3,0.07499812187378142,7.5,B,0,3,catboost
year,2010,32,0.08525531875945641,4.42,B,0,3,catboost
year,2011,33,0.060396603447095916,11.88,B,0,3,catboost
year,2012,23,0.048910060450286015,15.33,B,0,3,catboost
year,2013,27,0.08629608221214913,4.11,B,0,3,catboost
year,2014,45,0.07297342501788884,8.11,B,0,3,catboost
year,2015,31,0.049689843948072215,15.09,B,0,3,catboost
year,2016,21,0.04818976666798637,15.54,B,0,3,catboost
year,2017,96,0.057757103611801,12.67,B,0,3,catboost
year,2018,64,0.06975037414659542,9.07,B,0,3,catboost
year,2019,133,0.0626322008490572,11.21,B,0,3,catboost
year,2020,153,0.06702408151741333,9.89,B,0,3,catboost
year,2021,144,0.093296792280672,2.01,B,0,3,catboost
year,2022,129,0.05836114142139021,12.49,B,0,3,catboost
year,2023,131,0.06369504485965842,10.89,B,0,3,catboost
year,2024,138,0.055450248167940544,13.36,B,0,3,catboost
confidence_bin,low,12,0.03943608264578689,18.17,B,0,3,catboost
confidence_bin,medium,379,0.06653270583115445,10.04,B,0,3,catboost
confidence_bin,high,809,0.06823655795071439,9.53,B,0,3,catboost
overall,all,1200,0.08290624806130521,5.13,B,0,4,catboost
seen_polygon,False,1200,0.08290624806130521,5.13,B,0,4,catboost
crop_type,зерновые,299,0.060868190976154736,11.74,B,0,4,catboost
crop_type,озимая пшеница,821,0.09023121021183882,2.93,B,0,4,catboost
crop_type,подсолнечник,80,0.07550223189800702,7.35,B,0,4,catboost
source_label,landsat,498,0.06723421580558758,9.83,B,0,4,catboost
source_label,modis,211,0.08705271578607189,3.88,B,0,4,catboost
source_label,s2,491,0.09464222650367034,1.61,B,0,4,catboost
gap_length,1,871,0.08245122434323052,5.26,B,0,4,catboost
gap_length,2,266,0.08719372361630867,3.84,B,0,4,catboost
gap_length,3,54,0.06201754493370616,11.39,B,0,4,catboost
gap_length,4,4,0.12136942450391457,0.0,B,0,4,catboost
gap_length,5,5,0.08712427862045057,3.86,B,0,4,catboost
left_distance_bin,0-7,973,0.07827612218712246,6.52,B,0,4,catboost
left_distance_bin,16-30,29,0.07166700621904908,8.5,B,0,4,catboost
left_distance_bin,31+,30,0.1854976473255325,0.0,B,0,4,catboost
left_distance_bin,8-15,166,0.08066510544675969,5.8,B,0,4,catboost
left_distance_bin,none,2,0.11191148257962887,0.0,B,0,4,catboost
right_distance_bin,0-7,1001,0.08535932227176558,4.39,B,0,4,catboost
right_distance_bin,16-30,33,0.07444983286960379,7.67,B,0,4,catboost
right_distance_bin,31+,12,0.08034008718874311,5.9,B,0,4,catboost
right_distance_bin,8-15,154,0.06714343204784276,9.86,B,0,4,catboost
year,2010,30,0.06197275771304737,11.41,B,0,4,catboost
year,2011,33,0.059882357629968914,12.04,B,0,4,catboost
year,2012,26,0.07233622619448835,8.3,B,0,4,catboost
year,2013,38,0.053120309554952436,14.06,B,0,4,catboost
year,2014,35,0.04600130646738012,16.2,B,0,4,catboost
year,2015,34,0.06507139930870699,10.48,B,0,4,catboost
year,2016,29,0.06994302986554962,9.02,B,0,4,catboost
year,2017,95,0.07706617902847014,6.88,B,0,4,catboost
year,2018,82,0.1083006761103664,0.0,B,0,4,catboost
year,2019,128,0.0903339434486507,2.9,B,0,4,catboost
year,2020,152,0.0625914028050489,11.22,B,0,4,catboost
year,2021,116,0.10859761064730732,0.0,B,0,4,catboost
year,2022,129,0.08800820744073362,3.6,B,0,4,catboost
year,2023,151,0.08672638290008865,3.98,B,0,4,catboost
year,2024,122,0.07801148198826371,6.6,B,0,4,catboost
confidence_bin,low,12,0.1415434729562618,0.0,B,0,4,catboost
confidence_bin,medium,381,0.08971210377777843,3.09,B,0,4,catboost
confidence_bin,high,807,0.07825016952930455,6.52,B,0,4,catboost
overall,all,1200,0.24660626788737033,0.0,C,0,0,catboost
seen_polygon,True,1200,0.24660626788737033,0.0,C,0,0,catboost
crop_type,зерновые,310,0.19740647172818684,0.0,C,0,0,catboost
crop_type,озимая пшеница,694,0.2547443814452436,0.0,C,0,0,catboost
crop_type,пастбища/зерновые,76,0.2198501451032246,0.0,C,0,0,catboost
crop_type,подсолнечник,120,0.3186793279109166,0.0,C,0,0,catboost
source_label,landsat,384,0.25849677424832324,0.0,C,0,0,catboost
source_label,modis,105,0.26615987967639443,0.0,C,0,0,catboost
source_label,s2,711,0.23683379274358413,0.0,C,0,0,catboost
gap_length,18,18,0.06815659195659911,9.55,C,0,0,catboost
gap_length,23,46,0.34898618295910094,0.0,C,0,0,catboost
gap_length,25,50,0.2598877150170457,0.0,C,0,0,catboost
gap_length,26,156,0.24895485833461045,0.0,C,0,0,catboost
gap_length,27,27,0.23440284705532546,0.0,C,0,0,catboost
gap_length,28,84,0.23523258022316387,0.0,C,0,0,catboost
gap_length,29,58,0.25592306360574163,0.0,C,0,0,catboost
gap_length,30,90,0.30075055556860825,0.0,C,0,0,catboost
gap_length,31,62,0.2227867057467522,0.0,C,0,0,catboost
gap_length,32,32,0.1374500619836121,0.0,C,0,0,catboost
gap_length,33,99,0.2579041721326721,0.0,C,0,0,catboost
gap_length,34,102,0.2390606882267716,0.0,C,0,0,catboost
gap_length,35,70,0.10873957380584125,0.0,C,0,0,catboost
gap_length,36,36,0.28595867239044215,0.0,C,0,0,catboost
gap_length,37,74,0.27501937148353883,0.0,C,0,0,catboost
gap_length,38,76,0.24870727190984587,0.0,C,0,0,catboost
gap_length,39,39,0.2841869171209671,0.0,C,0,0,catboost
gap_length,40,40,0.13505420352529995,0.0,C,0,0,catboost
gap_length,41,41,0.22792219998931804,0.0,C,0,0,catboost
left_distance_bin,31+,1200,0.24660626788737033,0.0,C,0,0,catboost
right_distance_bin,none,1200,0.24660626788737033,0.0,C,0,0,catboost
year,2024,1200,0.24660626788737033,0.0,C,0,0,catboost
confidence_bin,medium,1200,0.24660626788737033,0.0,C,0,0,catboost
overall,all,22,0.18488294951033216,0.0,D,0,0,catboost
seen_polygon,False,22,0.18488294951033216,0.0,D,0,0,catboost
crop_type,зерновые,9,0.26870808750123426,0.0,D,0,0,catboost
crop_type,озимая пшеница,10,0.07766685784024666,6.7,D,0,0,catboost
crop_type,подсолнечник,3,0.11809568968590825,0.0,D,0,0,catboost
source_label,landsat,11,0.1497095597292988,0.0,D,0,0,catboost
source_label,modis,5,0.23562760941842803,0.0,D,0,0,catboost
source_label,s2,6,0.19487311419362036,0.0,D,0,0,catboost
gap_length,2,2,0.43148636045786704,0.0,D,0,0,catboost
gap_length,3,12,0.09743796884661486,0.77,D,0,0,catboost
gap_length,4,8,0.1822452532421219,0.0,D,0,0,catboost
left_distance_bin,16-30,20,0.16291699427094694,0.0,D,0,0,catboost
left_distance_bin,31+,2,0.33253463728346067,0.0,D,0,0,catboost
right_distance_bin,none,22,0.18488294951033216,0.0,D,0,0,catboost
year,2011,3,0.10216717298191517,0.0,D,0,0,catboost
year,2013,4,0.2573608096193329,0.0,D,0,0,catboost
year,2018,4,0.013859232686255928,25.84,D,0,0,catboost
year,2019,3,0.11809568968590825,0.0,D,0,0,catboost
year,2022,5,0.2774519710816504,0.0,D,0,0,catboost
year,2023,3,0.09702010279630016,0.89,D,0,0,catboost
confidence_bin,low,1,0.3058280252574761,0.0,D,0,0,catboost
confidence_bin,medium,14,0.2128742642872615,0.0,D,0,0,catboost
confidence_bin,high,7,0.05861544878929486,12.42,D,0,0,catboost
overall,all,23,0.060917596406235654,11.72,D,0,1,catboost
seen_polygon,False,23,0.060917596406235654,11.72,D,0,1,catboost
crop_type,зерновые,2,0.0433310647194912,17.0,D,0,1,catboost
crop_type,озимая пшеница,19,0.06536734852957495,10.39,D,0,1,catboost
crop_type,подсолнечник,2,0.014350166072180552,25.69,D,0,1,catboost
source_label,landsat,10,0.033750247338143406,19.87,D,0,1,catboost
source_label,modis,6,0.05540903677293042,13.38,D,0,1,catboost
source_label,s2,7,0.08907474518107736,3.28,D,0,1,catboost
gap_length,2,6,0.04858132960108863,15.43,D,0,1,catboost
gap_length,3,9,0.0705260679488766,8.84,D,0,1,catboost
gap_length,4,8,0.05747360463310054,12.76,D,0,1,catboost
left_distance_bin,16-30,19,0.06546632996955237,10.36,D,0,1,catboost
left_distance_bin,31+,4,0.03130880411336174,20.61,D,0,1,catboost
right_distance_bin,none,23,0.060917596406235654,11.72,D,0,1,catboost
year,2012,2,0.0433310647194912,17.0,D,0,1,catboost
year,2014,9,0.032604208716620675,20.22,D,0,1,catboost
year,2020,3,0.11772890140779822,0.0,D,0,1,catboost
year,2022,2,0.07068895473413744,8.79,D,0,1,catboost
year,2023,4,0.07132569094795496,8.6,D,0,1,catboost
year,2024,3,0.005941476823522922,28.22,D,0,1,catboost
confidence_bin,medium,9,0.08470039775283492,4.59,D,0,1,catboost
confidence_bin,high,14,0.038530614246154386,18.44,D,0,1,catboost
overall,all,26,0.0739052169354137,7.83,D,0,2,catboost
seen_polygon,False,26,0.0739052169354137,7.83,D,0,2,catboost
crop_type,зерновые,10,0.09648957198275468,1.05,D,0,2,catboost
crop_type,озимая пшеница,16,0.05528852352256444,13.41,D,0,2,catboost
source_label,landsat,12,0.056832014463199854,12.95,D,0,2,catboost
source_label,modis,11,0.09686196582324946,0.94,D,0,2,catboost
source_label,s2,3,0.004013696430243433,28.8,D,0,2,catboost
gap_length,3,18,0.08475116367543327,4.57,D,0,2,catboost
gap_length,4,8,0.039877676946057615,18.04,D,0,2,catboost
left_distance_bin,16-30,17,0.06249436524837199,11.25,D,0,2,catboost
left_distance_bin,31+,9,0.09166195845756468,2.5,D,0,2,catboost
right_distance_bin,none,26,0.0739052169354137,7.83,D,0,2,catboost
year,2010,3,0.024138338888428135,22.76,D,0,2,catboost
year,2011,3,0.03212902982299709,20.36,D,0,2,catboost
year,2012,3,0.05013130283411656,14.96,D,0,2,catboost
year,2013,3,0.16881320989605958,0.0,D,0,2,catboost
year,2015,4,0.04141598620663317,17.58,D,0,2,catboost
year,2018,3,0.04658605802607611,16.02,D,0,2,catboost
year,2021,4,0.038277595584888045,18.52,D,0,2,catboost
year,2023,3,0.091106071931101,2.67,D,0,2,catboost
confidence_bin,low,1,0.12874641047850433,0.0,D,0,2,catboost
confidence_bin,medium,11,0.07731735326993655,6.8,D,0,2,catboost
confidence_bin,high,14,0.06528955607390444,10.41,D,0,2,catboost
overall,all,25,0.11703659895709145,0.0,D,0,3,catboost
seen_polygon,False,25,0.11703659895709145,0.0,D,0,3,catboost
crop_type,зерновые,4,0.04744027847662975,15.77,D,0,3,catboost
crop_type,озимая пшеница,12,0.14313548665701326,0.0,D,0,3,catboost
crop_type,пастбища/зерновые,5,0.12725428779183895,0.0,D,0,3,catboost
crop_type,подсолнечник,4,0.040667364079795744,17.8,D,0,3,catboost
source_label,landsat,11,0.12564943466707046,0.0,D,0,3,catboost
source_label,modis,5,0.057573753278068726,12.73,D,0,3,catboost
source_label,s2,9,0.13004267132999006,0.0,D,0,3,catboost
gap_length,2,4,0.025776722846650856,22.27,D,0,3,catboost
gap_length,3,9,0.17580597697713674,0.0,D,0,3,catboost
gap_length,4,12,0.07165409139007958,8.5,D,0,3,catboost
left_distance_bin,16-30,19,0.12329549638293966,0.0,D,0,3,catboost
left_distance_bin,31+,6,0.09452101022883945,1.64,D,0,3,catboost
right_distance_bin,none,25,0.11703659895709145,0.0,D,0,3,catboost
year,2010,3,0.06316210485419016,11.05,D,0,3,catboost
year,2015,4,0.040667364079795744,17.8,D,0,3,catboost
year,2018,4,0.10723111449423059,0.0,D,0,3,catboost
year,2019,6,0.21063448570099447,0.0,D,0,3,catboost
year,2021,2,0.006265023114013054,28.12,D,0,3,catboost
year,2022,4,0.04744027847662975,15.77,D,0,3,catboost
year,2023,2,0.035911396057616396,19.23,D,0,3,catboost
confidence_bin,low,1,0.08427322511942759,4.72,D,0,3,catboost
confidence_bin,medium,13,0.12101049527180219,0.0,D,0,3,catboost
confidence_bin,high,11,0.1148006736427011,0.0,D,0,3,catboost
overall,all,21,0.10244376978629445,0.0,D,0,4,catboost
seen_polygon,False,21,0.10244376978629445,0.0,D,0,4,catboost
crop_type,зерновые,4,0.17735089420701444,0.0,D,0,4,catboost
crop_type,озимая пшеница,13,0.08185116567299043,5.44,D,0,4,catboost
crop_type,подсолнечник,4,0.043246136931833046,17.03,D,0,4,catboost
source_label,landsat,11,0.08720694291497341,3.84,D,0,4,catboost
source_label,modis,7,0.13031956590346613,0.0,D,0,4,catboost
source_label,s2,3,0.0771391831029438,6.86,D,0,4,catboost
gap_length,2,10,0.1312106537804882,0.0,D,0,4,catboost
gap_length,3,3,0.07524531536323192,7.43,D,0,4,catboost
gap_length,4,8,0.06249131561785718,11.25,D,0,4,catboost
left_distance_bin,16-30,14,0.09229005559785174,2.31,D,0,4,catboost
left_distance_bin,31+,7,0.12020511295104197,0.0,D,0,4,catboost
right_distance_bin,none,21,0.10244376978629445,0.0,D,0,4,catboost
year,2010,3,0.07524531536323192,7.43,D,0,4,catboost
year,2011,2,0.22292747538595548,0.0,D,0,4,catboost
year,2013,2,0.052937426279392075,14.12,D,0,4,catboost
year,2014,6,0.06600842525030443,10.2,D,0,4,catboost
year,2017,2,0.13940603378766184,0.0,D,0,4,catboost
year,2022,2,0.11493485141635447,0.0,D,0,4,catboost
year,2024,4,0.04175767663852432,17.47,D,0,4,catboost
confidence_bin,medium,6,0.06283617630757166,11.15,D,0,4,catboost
confidence_bin,high,15,0.11451315354165967,0.0,D,0,4,catboost
overall,all,1200,0.08679363090398737,3.96,A,0,0,baseline
seen_polygon,False,1022,0.08850955510272315,3.45,A,0,0,baseline
seen_polygon,True,178,0.07619730393268298,7.14,A,0,0,baseline
crop_type,зерновые,275,0.06730760930800624,9.81,A,0,0,baseline
crop_type,озимая пшеница,796,0.09583727445531476,1.25,A,0,0,baseline
crop_type,пастбища/зерновые,110,0.06146525908800149,11.56,A,0,0,baseline
crop_type,подсолнечник,19,0.05949781888823808,12.15,A,0,0,baseline
source_label,landsat,512,0.07832694820194856,6.5,A,0,0,baseline
source_label,modis,178,0.11787639048791544,0.0,A,0,0,baseline
source_label,s2,510,0.08195290816804943,5.41,A,0,0,baseline
gap_length,1,911,0.08479511253950214,4.56,A,0,0,baseline
gap_length,2,214,0.0898517630177726,3.04,A,0,0,baseline
gap_length,3,66,0.10309999838641878,0.0,A,0,0,baseline
gap_length,4,4,0.09746160634469499,0.76,A,0,0,baseline
gap_length,5,5,0.0666858396406303,9.99,A,0,0,baseline
left_distance_bin,0-7,1018,0.08129568066094059,5.61,A,0,0,baseline
left_distance_bin,16-30,21,0.10021646472331278,0.0,A,0,0,baseline
left_distance_bin,31+,22,0.09355650799930931,1.93,A,0,0,baseline
left_distance_bin,8-15,138,0.11741230353730049,0.0,A,0,0,baseline
left_distance_bin,none,1,0.07694167243567429,6.92,A,0,0,baseline
right_distance_bin,0-7,1003,0.08334307404767433,5.0,A,0,0,baseline
right_distance_bin,16-30,34,0.09892103223552304,0.32,A,0,0,baseline
right_distance_bin,31+,14,0.14945481993222398,0.0,A,0,0,baseline
right_distance_bin,8-15,147,0.09824419226619004,0.53,A,0,0,baseline
right_distance_bin,none,2,0.06559574642646934,10.32,A,0,0,baseline
year,2010,28,0.07845644494247096,6.46,A,0,0,baseline
year,2011,43,0.09483969577752994,1.55,A,0,0,baseline
year,2012,11,0.12507609395431352,0.0,A,0,0,baseline
year,2013,32,0.10329518754302401,0.0,A,0,0,baseline
year,2014,39,0.07834077822603784,6.5,A,0,0,baseline
year,2015,36,0.06307003162509606,11.08,A,0,0,baseline
year,2016,36,0.11237747112161293,0.0,A,0,0,baseline
year,2017,88,0.0816540998113547,5.5,A,0,0,baseline
year,2018,67,0.07681745886895947,6.95,A,0,0,baseline
year,2019,144,0.09020762643036415,2.94,A,0,0,baseline
year,2020,155,0.0814663001720701,5.56,A,0,0,baseline
year,2021,137,0.10155758215077364,0.0,A,0,0,baseline
year,2022,125,0.061396003310794686,11.58,A,0,0,baseline
year,2023,130,0.10245782598038466,0.0,A,0,0,baseline
year,2024,129,0.07358343384210668,7.92,A,0,0,baseline
confidence_bin,low,15,0.07285485471908905,8.14,A,0,0,baseline
confidence_bin,medium,422,0.08521690004885121,4.43,A,0,0,baseline
confidence_bin,high,763,0.0879027039276403,3.63,A,0,0,baseline
overall,all,1200,0.06770809901048794,9.69,A,0,0,global_blend
seen_polygon,False,1022,0.06917720807176352,9.25,A,0,0,global_blend
seen_polygon,True,178,0.05856414877009388,12.43,A,0,0,global_blend
crop_type,зерновые,275,0.04996860357984696,15.01,A,0,0,global_blend
crop_type,озимая пшеница,796,0.07529166048259908,7.41,A,0,0,global_blend
crop_type,пастбища/зерновые,110,0.04735709646184712,15.79,A,0,0,global_blend
crop_type,подсолнечник,19,0.05406563165682064,13.78,A,0,0,global_blend
source_label,landsat,512,0.06573678405056965,10.28,A,0,0,global_blend
source_label,modis,178,0.07790672743943715,6.63,A,0,0,global_blend
source_label,s2,510,0.06580395964985764,10.26,A,0,0,global_blend
gap_length,1,911,0.06342728932344475,10.97,A,0,0,global_blend
gap_length,2,214,0.07400076710976282,7.8,A,0,0,global_blend
gap_length,3,66,0.09789760254836238,0.63,A,0,0,global_blend
gap_length,4,4,0.04892141858974784,15.32,A,0,0,global_blend
gap_length,5,5,0.06676863240137872,9.97,A,0,0,global_blend
left_distance_bin,0-7,1018,0.06273156900605921,11.18,A,0,0,global_blend
left_distance_bin,16-30,21,0.08615052849269664,4.15,A,0,0,global_blend
left_distance_bin,31+,22,0.06262714045824862,11.21,A,0,0,global_blend
left_distance_bin,8-15,138,0.09526088520529984,1.42,A,0,0,global_blend
left_distance_bin,none,1,0.02706069710192499,21.88,A,0,0,global_blend
right_distance_bin,0-7,1003,0.06555360196195023,10.33,A,0,0,global_blend
right_distance_bin,16-30,34,0.0818472954390593,5.45,A,0,0,global_blend
right_distance_bin,31+,14,0.11122254777153018,0.0,A,0,0,global_blend
right_distance_bin,8-15,147,0.07302115831199459,8.09,A,0,0,global_blend
right_distance_bin,none,2,0.056252119950603294,13.12,A,0,0,global_blend
year,2010,28,0.06860990014499393,9.42,A,0,0,global_blend
year,2011,43,0.06284905890335593,11.15,A,0,0,global_blend
year,2012,11,0.07566122354314066,7.3,A,0,0,global_blend
year,2013,32,0.07600552661149418,7.2,A,0,0,global_blend
year,2014,39,0.056288079169831,13.11,A,0,0,global_blend
year,2015,36,0.05364045710249233,13.91,A,0,0,global_blend
year,2016,36,0.07788662514626861,6.63,A,0,0,global_blend
year,2017,88,0.0630480483875463,11.09,A,0,0,global_blend
year,2018,67,0.05516316428609495,13.45,A,0,0,global_blend
year,2019,144,0.07233065877781915,8.3,A,0,0,global_blend
year,2020,155,0.06449093689806386,10.65,A,0,0,global_blend
year,2021,137,0.08294676993233994,5.12,A,0,0,global_blend
year,2022,125,0.048006808978510146,15.6,A,0,0,global_blend
year,2023,130,0.08206195617393709,5.38,A,0,0,global_blend
year,2024,129,0.05895912954060741,12.31,A,0,0,global_blend
confidence_bin,low,15,0.052242292889967276,14.33,A,0,0,global_blend
confidence_bin,medium,422,0.07094949537109609,8.72,A,0,0,global_blend
confidence_bin,high,763,0.06612320712779753,10.16,A,0,0,global_blend
overall,all,1200,0.06770809901048794,9.69,A,0,0,ensemble
seen_polygon,False,1022,0.06917720807176352,9.25,A,0,0,ensemble
seen_polygon,True,178,0.05856414877009388,12.43,A,0,0,ensemble
crop_type,зерновые,275,0.04996860357984696,15.01,A,0,0,ensemble
crop_type,озимая пшеница,796,0.07529166048259908,7.41,A,0,0,ensemble
crop_type,пастбища/зерновые,110,0.04735709646184712,15.79,A,0,0,ensemble
crop_type,подсолнечник,19,0.05406563165682064,13.78,A,0,0,ensemble
source_label,landsat,512,0.06573678405056965,10.28,A,0,0,ensemble
source_label,modis,178,0.07790672743943715,6.63,A,0,0,ensemble
source_label,s2,510,0.06580395964985764,10.26,A,0,0,ensemble
gap_length,1,911,0.06342728932344475,10.97,A,0,0,ensemble
gap_length,2,214,0.07400076710976282,7.8,A,0,0,ensemble
gap_length,3,66,0.09789760254836238,0.63,A,0,0,ensemble
gap_length,4,4,0.04892141858974784,15.32,A,0,0,ensemble
gap_length,5,5,0.06676863240137872,9.97,A,0,0,ensemble
left_distance_bin,0-7,1018,0.06273156900605921,11.18,A,0,0,ensemble
left_distance_bin,16-30,21,0.08615052849269664,4.15,A,0,0,ensemble
left_distance_bin,31+,22,0.06262714045824862,11.21,A,0,0,ensemble
left_distance_bin,8-15,138,0.09526088520529984,1.42,A,0,0,ensemble
left_distance_bin,none,1,0.02706069710192499,21.88,A,0,0,ensemble
right_distance_bin,0-7,1003,0.06555360196195023,10.33,A,0,0,ensemble
right_distance_bin,16-30,34,0.0818472954390593,5.45,A,0,0,ensemble
right_distance_bin,31+,14,0.11122254777153018,0.0,A,0,0,ensemble
right_distance_bin,8-15,147,0.07302115831199459,8.09,A,0,0,ensemble
right_distance_bin,none,2,0.056252119950603294,13.12,A,0,0,ensemble
year,2010,28,0.06860990014499393,9.42,A,0,0,ensemble
year,2011,43,0.06284905890335593,11.15,A,0,0,ensemble
year,2012,11,0.07566122354314066,7.3,A,0,0,ensemble
year,2013,32,0.07600552661149418,7.2,A,0,0,ensemble
year,2014,39,0.056288079169831,13.11,A,0,0,ensemble
year,2015,36,0.05364045710249233,13.91,A,0,0,ensemble
year,2016,36,0.07788662514626861,6.63,A,0,0,ensemble
year,2017,88,0.0630480483875463,11.09,A,0,0,ensemble
year,2018,67,0.05516316428609495,13.45,A,0,0,ensemble
year,2019,144,0.07233065877781915,8.3,A,0,0,ensemble
year,2020,155,0.06449093689806386,10.65,A,0,0,ensemble
year,2021,137,0.08294676993233994,5.12,A,0,0,ensemble
year,2022,125,0.048006808978510146,15.6,A,0,0,ensemble
year,2023,130,0.08206195617393709,5.38,A,0,0,ensemble
year,2024,129,0.05895912954060741,12.31,A,0,0,ensemble
confidence_bin,low,15,0.052242292889967276,14.33,A,0,0,ensemble
confidence_bin,medium,422,0.07094949537109609,8.72,A,0,0,ensemble
confidence_bin,high,763,0.06612320712779753,10.16,A,0,0,ensemble
overall,all,1200,0.09444063709953533,1.67,A,1,0,baseline
seen_polygon,False,1024,0.09590642305271342,1.23,A,1,0,baseline
seen_polygon,True,176,0.08541495413324779,4.38,A,1,0,baseline
crop_type,зерновые,221,0.0773291674772904,6.8,A,1,0,baseline
crop_type,озимая пшеница,814,0.10199934766357613,0.0,A,1,0,baseline
crop_type,пастбища/зерновые,127,0.07010688627851121,8.97,A,1,0,baseline
crop_type,подсолнечник,38,0.08711083781155896,3.87,A,1,0,baseline
source_label,landsat,499,0.08349267998012368,4.95,A,1,0,baseline
source_label,modis,180,0.11832724645374176,0.0,A,1,0,baseline
source_label,s2,521,0.09502052753066775,1.49,A,1,0,baseline
gap_length,1,851,0.08843393819342209,3.47,A,1,0,baseline
gap_length,2,272,0.10033279375839865,0.0,A,1,0,baseline
gap_length,3,54,0.14376153992567064,0.0,A,1,0,baseline
gap_length,4,8,0.12981032314210714,0.0,A,1,0,baseline
gap_length,5,15,0.062484422778804,11.25,A,1,0,baseline
left_distance_bin,0-7,994,0.09295065910789066,2.11,A,1,0,baseline
left_distance_bin,16-30,34,0.073113211759906,8.07,A,1,0,baseline
left_distance_bin,31+,20,0.1282101064626189,0.0,A,1,0,baseline
left_distance_bin,8-15,152,0.10273719658882922,0.0,A,1,0,baseline
right_distance_bin,0-7,1003,0.09314296862395562,2.06,A,1,0,baseline
right_distance_bin,16-30,26,0.10821669119948543,0.0,A,1,0,baseline
right_distance_bin,31+,22,0.1255434588333699,0.0,A,1,0,baseline
right_distance_bin,8-15,148,0.09540774761097753,1.38,A,1,0,baseline
right_distance_bin,none,1,0.05275539939597379,14.17,A,1,0,baseline
year,2010,30,0.0584959249710142,12.45,A,1,0,baseline
year,2011,31,0.08215213172871859,5.35,A,1,0,baseline
year,2012,20,0.11974032305622564,0.0,A,1,0,baseline
year,2013,43,0.09787886520779428,0.64,A,1,0,baseline
year,2014,43,0.07134649408261999,8.6,A,1,0,baseline
year,2015,23,0.10288014488957302,0.0,A,1,0,baseline
year,2016,23,0.08794361262680024,3.62,A,1,0,baseline
year,2017,90,0.10072017292745895,0.0,A,1,0,baseline
year,2018,88,0.07944600651866424,6.17,A,1,0,baseline
year,2019,139,0.11130032527544574,0.0,A,1,0,baseline
year,2020,146,0.08388613375444996,4.83,A,1,0,baseline
year,2021,132,0.1361136114893846,0.0,A,1,0,baseline
year,2022,131,0.08455056948801035,4.63,A,1,0,baseline
year,2023,124,0.07567856786053184,7.3,A,1,0,baseline
year,2024,137,0.0735993888740968,7.92,A,1,0,baseline
confidence_bin,low,23,0.06538602789003926,10.38,A,1,0,baseline
confidence_bin,medium,477,0.09556052694545476,1.33,A,1,0,baseline
confidence_bin,high,700,0.09448078146382508,1.66,A,1,0,baseline
overall,all,1200,0.07353444015735401,7.94,A,1,0,global_blend
seen_polygon,False,1024,0.07475641774117486,7.57,A,1,0,global_blend
seen_polygon,True,176,0.06597736120726015,10.21,A,1,0,global_blend
crop_type,зерновые,221,0.06072938332736002,11.78,A,1,0,global_blend
crop_type,озимая пшеница,814,0.0794282327569804,6.17,A,1,0,global_blend
crop_type,пастбища/зерновые,127,0.05349298193878369,13.95,A,1,0,global_blend
crop_type,подсолнечник,38,0.067843922291701,9.65,A,1,0,global_blend
source_label,landsat,499,0.06703202012636318,9.89,A,1,0,global_blend
source_label,modis,180,0.07834271813570358,6.5,A,1,0,global_blend
source_label,s2,521,0.0776559100489069,6.7,A,1,0,global_blend
gap_length,1,851,0.06795052870398122,9.61,A,1,0,global_blend
gap_length,2,272,0.08316908897679538,5.05,A,1,0,global_blend
gap_length,3,54,0.10360016919174622,0.0,A,1,0,global_blend
gap_length,4,8,0.09186607120291496,2.44,A,1,0,global_blend
gap_length,5,15,0.04540850042493255,16.38,A,1,0,global_blend
left_distance_bin,0-7,994,0.07157037358726495,8.53,A,1,0,global_blend
left_distance_bin,16-30,34,0.0569287728790851,12.92,A,1,0,global_blend
left_distance_bin,31+,20,0.09919554410135246,0.24,A,1,0,global_blend
left_distance_bin,8-15,152,0.08469010794685261,4.59,A,1,0,global_blend
right_distance_bin,0-7,1003,0.07298290965540026,8.11,A,1,0,global_blend
right_distance_bin,16-30,26,0.07049551668368373,8.85,A,1,0,global_blend
right_distance_bin,31+,22,0.08448075838884334,4.66,A,1,0,global_blend
right_distance_bin,8-15,148,0.07615526740268729,7.15,A,1,0,global_blend
right_distance_bin,none,1,0.041515708389751105,17.55,A,1,0,global_blend
year,2010,30,0.04708968309406735,15.87,A,1,0,global_blend
year,2011,31,0.056899875559917934,12.93,A,1,0,global_blend
year,2012,20,0.09337151480238698,1.99,A,1,0,global_blend
year,2013,43,0.08379729220281751,4.86,A,1,0,global_blend
year,2014,43,0.049287494205969,15.21,A,1,0,global_blend
year,2015,23,0.07271723090048576,8.18,A,1,0,global_blend
year,2016,23,0.07170559286276197,8.49,A,1,0,global_blend
year,2017,90,0.06963142924240004,9.11,A,1,0,global_blend
year,2018,88,0.0617784341302437,11.47,A,1,0,global_blend
year,2019,139,0.08914576024744199,3.26,A,1,0,global_blend
year,2020,146,0.06065485640958186,11.8,A,1,0,global_blend
year,2021,132,0.10792930358519251,0.0,A,1,0,global_blend
year,2022,131,0.07006021560140364,8.98,A,1,0,global_blend
year,2023,124,0.05862056824817268,12.41,A,1,0,global_blend
year,2024,137,0.05922263451944244,12.23,A,1,0,global_blend
confidence_bin,low,23,0.04925098357910992,15.22,A,1,0,global_blend
confidence_bin,medium,477,0.07561082079691703,7.32,A,1,0,global_blend
confidence_bin,high,700,0.07276163926126498,8.17,A,1,0,global_blend
overall,all,1200,0.07353444015735401,7.94,A,1,0,ensemble
seen_polygon,False,1024,0.07475641774117486,7.57,A,1,0,ensemble
seen_polygon,True,176,0.06597736120726015,10.21,A,1,0,ensemble
crop_type,зерновые,221,0.06072938332736002,11.78,A,1,0,ensemble
crop_type,озимая пшеница,814,0.0794282327569804,6.17,A,1,0,ensemble
crop_type,пастбища/зерновые,127,0.05349298193878369,13.95,A,1,0,ensemble
crop_type,подсолнечник,38,0.067843922291701,9.65,A,1,0,ensemble
source_label,landsat,499,0.06703202012636318,9.89,A,1,0,ensemble
source_label,modis,180,0.07834271813570358,6.5,A,1,0,ensemble
source_label,s2,521,0.0776559100489069,6.7,A,1,0,ensemble
gap_length,1,851,0.06795052870398122,9.61,A,1,0,ensemble
gap_length,2,272,0.08316908897679538,5.05,A,1,0,ensemble
gap_length,3,54,0.10360016919174622,0.0,A,1,0,ensemble
gap_length,4,8,0.09186607120291496,2.44,A,1,0,ensemble
gap_length,5,15,0.04540850042493255,16.38,A,1,0,ensemble
left_distance_bin,0-7,994,0.07157037358726495,8.53,A,1,0,ensemble
left_distance_bin,16-30,34,0.0569287728790851,12.92,A,1,0,ensemble
left_distance_bin,31+,20,0.09919554410135246,0.24,A,1,0,ensemble
left_distance_bin,8-15,152,0.08469010794685261,4.59,A,1,0,ensemble
right_distance_bin,0-7,1003,0.07298290965540026,8.11,A,1,0,ensemble
right_distance_bin,16-30,26,0.07049551668368373,8.85,A,1,0,ensemble
right_distance_bin,31+,22,0.08448075838884334,4.66,A,1,0,ensemble
right_distance_bin,8-15,148,0.07615526740268729,7.15,A,1,0,ensemble
right_distance_bin,none,1,0.041515708389751105,17.55,A,1,0,ensemble
year,2010,30,0.04708968309406735,15.87,A,1,0,ensemble
year,2011,31,0.056899875559917934,12.93,A,1,0,ensemble
year,2012,20,0.09337151480238698,1.99,A,1,0,ensemble
year,2013,43,0.08379729220281751,4.86,A,1,0,ensemble
year,2014,43,0.049287494205969,15.21,A,1,0,ensemble
year,2015,23,0.07271723090048576,8.18,A,1,0,ensemble
year,2016,23,0.07170559286276197,8.49,A,1,0,ensemble
year,2017,90,0.06963142924240004,9.11,A,1,0,ensemble
year,2018,88,0.0617784341302437,11.47,A,1,0,ensemble
year,2019,139,0.08914576024744199,3.26,A,1,0,ensemble
year,2020,146,0.06065485640958186,11.8,A,1,0,ensemble
year,2021,132,0.10792930358519251,0.0,A,1,0,ensemble
year,2022,131,0.07006021560140364,8.98,A,1,0,ensemble
year,2023,124,0.05862056824817268,12.41,A,1,0,ensemble
year,2024,137,0.05922263451944244,12.23,A,1,0,ensemble
confidence_bin,low,23,0.04925098357910992,15.22,A,1,0,ensemble
confidence_bin,medium,477,0.07561082079691703,7.32,A,1,0,ensemble
confidence_bin,high,700,0.07276163926126498,8.17,A,1,0,ensemble
overall,all,1200,0.09246053792794989,2.26,A,2,0,baseline
seen_polygon,False,1018,0.0932345819372633,2.03,A,2,0,baseline
seen_polygon,True,182,0.08800554580590932,3.6,A,2,0,baseline
crop_type,зерновые,267,0.07596757768041254,7.21,A,2,0,baseline
crop_type,озимая пшеница,813,0.10127022878288182,0.0,A,2,0,baseline
crop_type,пастбища/зерновые,88,0.05467317935809135,13.6,A,2,0,baseline
crop_type,подсолнечник,32,0.06045868929428416,11.86,A,2,0,baseline
source_label,landsat,486,0.08080232905208526,5.76,A,2,0,baseline
source_label,modis,182,0.12072101492839128,0.0,A,2,0,baseline
source_label,s2,532,0.09128624299156125,2.61,A,2,0,baseline
gap_length,1,885,0.09207719502604131,2.38,A,2,0,baseline
gap_length,2,230,0.09630689007148734,1.11,A,2,0,baseline
gap_length,3,60,0.09486719441687291,1.54,A,2,0,baseline
gap_length,4,20,0.05323490413376713,14.03,A,2,0,baseline
gap_length,5,5,0.07156182590151887,8.53,A,2,0,baseline
left_distance_bin,0-7,974,0.08548915111389621,4.35,A,2,0,baseline
left_distance_bin,16-30,32,0.11923348464303432,0.0,A,2,0,baseline
left_distance_bin,31+,32,0.1213751141004336,0.0,A,2,0,baseline
left_distance_bin,8-15,162,0.11690481644738143,0.0,A,2,0,baseline
right_distance_bin,0-7,1004,0.09015896597114634,2.95,A,2,0,baseline
right_distance_bin,16-30,29,0.10154632440212205,0.0,A,2,0,baseline
right_distance_bin,31+,27,0.09573139222974987,1.28,A,2,0,baseline
right_distance_bin,8-15,139,0.10560470691471005,0.0,A,2,0,baseline
right_distance_bin,none,1,0.030509912339334394,20.85,A,2,0,baseline
year,2010,35,0.09118310741485759,2.65,A,2,0,baseline
year,2011,33,0.11172715493410644,0.0,A,2,0,baseline
year,2012,28,0.11103776610413865,0.0,A,2,0,baseline
year,2013,38,0.09578085238752228,1.27,A,2,0,baseline
year,2014,33,0.08030747824266533,5.91,A,2,0,baseline
year,2015,28,0.07721727745859339,6.83,A,2,0,baseline
year,2016,30,0.10445865815314792,0.0,A,2,0,baseline
year,2017,85,0.10017664081286659,0.0,A,2,0,baseline
year,2018,67,0.08496668980784887,4.51,A,2,0,baseline
year,2019,119,0.08025948893736616,5.92,A,2,0,baseline
year,2020,153,0.09897721315218969,0.31,A,2,0,baseline
year,2021,129,0.1313768914229699,0.0,A,2,0,baseline
year,2022,128,0.07398836272997587,7.8,A,2,0,baseline
year,2023,145,0.07638298581792764,7.09,A,2,0,baseline
year,2024,149,0.07233007119597218,8.3,A,2,0,baseline
confidence_bin,low,14,0.08808862445293612,3.57,A,2,0,baseline
confidence_bin,medium,626,0.08721082579128227,3.84,A,2,0,baseline
confidence_bin,high,560,0.0980972640096964,0.57,A,2,0,baseline
overall,all,1200,0.07088603994258025,8.73,A,2,0,global_blend
seen_polygon,False,1018,0.0713498053730101,8.6,A,2,0,global_blend
seen_polygon,True,182,0.06823391243157777,9.53,A,2,0,global_blend
crop_type,зерновые,267,0.05973262054602227,12.08,A,2,0,global_blend
crop_type,озимая пшеница,813,0.07707541347563193,6.88,A,2,0,global_blend
crop_type,пастбища/зерновые,88,0.04051879878624946,17.84,A,2,0,global_blend
crop_type,подсолнечник,32,0.05671887069711878,12.98,A,2,0,global_blend
source_label,landsat,486,0.06808647569069372,9.57,A,2,0,global_blend
source_label,modis,182,0.07616311456036658,7.15,A,2,0,global_blend
source_label,s2,532,0.07151770661650086,8.54,A,2,0,global_blend
gap_length,1,885,0.07104856680912773,8.69,A,2,0,global_blend
gap_length,2,230,0.07205518940779128,8.38,A,2,0,global_blend
gap_length,3,60,0.07143910723978189,8.57,A,2,0,global_blend
gap_length,4,20,0.044652993841638,16.6,A,2,0,global_blend
gap_length,5,5,0.06658405003605608,10.02,A,2,0,global_blend
left_distance_bin,0-7,974,0.06649244750576423,10.05,A,2,0,global_blend
left_distance_bin,16-30,32,0.07906692920768676,6.28,A,2,0,global_blend
left_distance_bin,31+,32,0.09658470440970193,1.02,A,2,0,global_blend
left_distance_bin,8-15,162,0.0869559878276976,3.91,A,2,0,global_blend
right_distance_bin,0-7,1004,0.07005816572366434,8.98,A,2,0,global_blend
right_distance_bin,16-30,29,0.08029931782746168,5.91,A,2,0,global_blend
right_distance_bin,31+,27,0.0666061924752705,10.02,A,2,0,global_blend
right_distance_bin,8-15,139,0.07561513074585183,7.32,A,2,0,global_blend
right_distance_bin,none,1,0.022152277266148962,23.35,A,2,0,global_blend
year,2010,35,0.05869996542135597,12.39,A,2,0,global_blend
year,2011,33,0.08113620630305647,5.66,A,2,0,global_blend
year,2012,28,0.0821115210016979,5.37,A,2,0,global_blend
year,2013,38,0.07859396539217159,6.42,A,2,0,global_blend
year,2014,33,0.05609175170636788,13.17,A,2,0,global_blend
year,2015,28,0.05855682809693055,12.43,A,2,0,global_blend
year,2016,30,0.08459553178446111,4.62,A,2,0,global_blend
year,2017,85,0.08293562686432578,5.12,A,2,0,global_blend
year,2018,67,0.06414470660073132,10.76,A,2,0,global_blend
year,2019,119,0.05862937275188138,12.41,A,2,0,global_blend
year,2020,153,0.07940567775941594,6.18,A,2,0,global_blend
year,2021,129,0.09855115229633286,0.43,A,2,0,global_blend
year,2022,128,0.053817275753658335,13.85,A,2,0,global_blend
year,2023,145,0.05915252418726854,12.25,A,2,0,global_blend
year,2024,149,0.05727913467576554,12.82,A,2,0,global_blend
confidence_bin,low,14,0.07110858445534278,8.67,A,2,0,global_blend
confidence_bin,medium,626,0.06624028218110073,10.13,A,2,0,global_blend
confidence_bin,high,560,0.07573755932607446,7.28,A,2,0,global_blend
overall,all,1200,0.07088603994258025,8.73,A,2,0,ensemble
seen_polygon,False,1018,0.0713498053730101,8.6,A,2,0,ensemble
seen_polygon,True,182,0.06823391243157777,9.53,A,2,0,ensemble
crop_type,зерновые,267,0.05973262054602227,12.08,A,2,0,ensemble
crop_type,озимая пшеница,813,0.07707541347563193,6.88,A,2,0,ensemble
crop_type,пастбища/зерновые,88,0.04051879878624946,17.84,A,2,0,ensemble
crop_type,подсолнечник,32,0.05671887069711878,12.98,A,2,0,ensemble
source_label,landsat,486,0.06808647569069372,9.57,A,2,0,ensemble
source_label,modis,182,0.07616311456036658,7.15,A,2,0,ensemble
source_label,s2,532,0.07151770661650086,8.54,A,2,0,ensemble
gap_length,1,885,0.07104856680912773,8.69,A,2,0,ensemble
gap_length,2,230,0.07205518940779128,8.38,A,2,0,ensemble
gap_length,3,60,0.07143910723978189,8.57,A,2,0,ensemble
gap_length,4,20,0.044652993841638,16.6,A,2,0,ensemble
gap_length,5,5,0.06658405003605608,10.02,A,2,0,ensemble
left_distance_bin,0-7,974,0.06649244750576423,10.05,A,2,0,ensemble
left_distance_bin,16-30,32,0.07906692920768676,6.28,A,2,0,ensemble
left_distance_bin,31+,32,0.09658470440970193,1.02,A,2,0,ensemble
left_distance_bin,8-15,162,0.0869559878276976,3.91,A,2,0,ensemble
right_distance_bin,0-7,1004,0.07005816572366434,8.98,A,2,0,ensemble
right_distance_bin,16-30,29,0.08029931782746168,5.91,A,2,0,ensemble
right_distance_bin,31+,27,0.0666061924752705,10.02,A,2,0,ensemble
right_distance_bin,8-15,139,0.07561513074585183,7.32,A,2,0,ensemble
right_distance_bin,none,1,0.022152277266148962,23.35,A,2,0,ensemble
year,2010,35,0.05869996542135597,12.39,A,2,0,ensemble
year,2011,33,0.08113620630305647,5.66,A,2,0,ensemble
year,2012,28,0.0821115210016979,5.37,A,2,0,ensemble
year,2013,38,0.07859396539217159,6.42,A,2,0,ensemble
year,2014,33,0.05609175170636788,13.17,A,2,0,ensemble
year,2015,28,0.05855682809693055,12.43,A,2,0,ensemble
year,2016,30,0.08459553178446111,4.62,A,2,0,ensemble
year,2017,85,0.08293562686432578,5.12,A,2,0,ensemble
year,2018,67,0.06414470660073132,10.76,A,2,0,ensemble
year,2019,119,0.05862937275188138,12.41,A,2,0,ensemble
year,2020,153,0.07940567775941594,6.18,A,2,0,ensemble
year,2021,129,0.09855115229633286,0.43,A,2,0,ensemble
year,2022,128,0.053817275753658335,13.85,A,2,0,ensemble
year,2023,145,0.05915252418726854,12.25,A,2,0,ensemble
year,2024,149,0.05727913467576554,12.82,A,2,0,ensemble
confidence_bin,low,14,0.07110858445534278,8.67,A,2,0,ensemble
confidence_bin,medium,626,0.06624028218110073,10.13,A,2,0,ensemble
confidence_bin,high,560,0.07573755932607446,7.28,A,2,0,ensemble
overall,all,1200,0.0850451444577483,4.49,A,3,0,baseline
seen_polygon,False,1034,0.08548003288153473,4.36,A,3,0,baseline
seen_polygon,True,166,0.08228452945879257,5.31,A,3,0,baseline
crop_type,зерновые,265,0.06569186682362886,10.29,A,3,0,baseline
crop_type,озимая пшеница,800,0.09512327878922511,1.46,A,3,0,baseline
crop_type,пастбища/зерновые,112,0.04717214874469285,15.85,A,3,0,baseline
crop_type,подсолнечник,23,0.04551684714220131,16.34,A,3,0,baseline
source_label,landsat,451,0.07787123306555598,6.64,A,3,0,baseline
source_label,modis,188,0.10298591099918505,0.0,A,3,0,baseline
source_label,s2,561,0.0839152611896526,4.83,A,3,0,baseline
gap_length,1,856,0.08494784384573954,4.52,A,3,0,baseline
gap_length,2,272,0.08145748009605451,5.56,A,3,0,baseline
gap_length,3,63,0.09996311143367465,0.01,A,3,0,baseline
gap_length,4,4,0.05362834944690915,13.91,A,3,0,baseline
gap_length,5,5,0.10616282916315505,0.0,A,3,0,baseline
left_distance_bin,0-7,1008,0.08109551911322933,5.67,A,3,0,baseline
left_distance_bin,16-30,30,0.08166280516098319,5.5,A,3,0,baseline
left_distance_bin,31+,7,0.16603598803059652,0.0,A,3,0,baseline
left_distance_bin,8-15,154,0.10366443536061488,0.0,A,3,0,baseline
left_distance_bin,none,1,0.04630590587962208,16.11,A,3,0,baseline
right_distance_bin,0-7,1007,0.08528694822685516,4.41,A,3,0,baseline
right_distance_bin,16-30,31,0.07881108757735347,6.36,A,3,0,baseline
right_distance_bin,31+,11,0.11371277136323815,0.0,A,3,0,baseline
right_distance_bin,8-15,149,0.08256512924564893,5.23,A,3,0,baseline
right_distance_bin,none,2,0.0442430587526405,16.73,A,3,0,baseline
year,2010,35,0.075005909584676,7.5,A,3,0,baseline
year,2011,32,0.09703556456951368,0.89,A,3,0,baseline
year,2012,34,0.09438392877584115,1.68,A,3,0,baseline
year,2013,34,0.06648793878608446,10.05,A,3,0,baseline
year,2014,36,0.07852451205254508,6.44,A,3,0,baseline
year,2015,28,0.11354372708520077,0.0,A,3,0,baseline
year,2016,31,0.11283702678463822,0.0,A,3,0,baseline
year,2017,79,0.07990901617230659,6.03,A,3,0,baseline
year,2018,81,0.08641630880383222,4.08,A,3,0,baseline
year,2019,155,0.10195298163261819,0.0,A,3,0,baseline
year,2020,144,0.06972143116853777,9.08,A,3,0,baseline
year,2021,122,0.0921927994021927,2.34,A,3,0,baseline
year,2022,114,0.08355518909051739,4.93,A,3,0,baseline
year,2023,127,0.08600971402816456,4.2,A,3,0,baseline
year,2024,148,0.06136684535889362,11.59,A,3,0,baseline
confidence_bin,low,22,0.07773625279713968,6.68,A,3,0,baseline
confidence_bin,medium,372,0.08516036383926062,4.45,A,3,0,baseline
confidence_bin,high,806,0.08518274465344171,4.45,A,3,0,baseline
overall,all,1200,0.06650177002766605,10.05,A,3,0,global_blend
seen_polygon,False,1034,0.06720640822716137,9.84,A,3,0,global_blend
seen_polygon,True,166,0.061932403344494645,11.42,A,3,0,global_blend
crop_type,зерновые,265,0.05269042190326788,14.19,A,3,0,global_blend
crop_type,озимая пшеница,800,0.07395760792172498,7.81,A,3,0,global_blend
crop_type,пастбища/зерновые,112,0.036418455294948686,19.07,A,3,0,global_blend
crop_type,подсолнечник,23,0.045175936669437436,16.45,A,3,0,global_blend
source_label,landsat,451,0.06409557216562223,10.77,A,3,0,global_blend
source_label,modis,188,0.06241200717858411,11.28,A,3,0,global_blend
source_label,s2,561,0.06965482205873803,9.1,A,3,0,global_blend
gap_length,1,856,0.06598840539205567,10.2,A,3,0,global_blend
gap_length,2,272,0.06536041150723308,10.39,A,3,0,global_blend
gap_length,3,63,0.07731352493204131,6.81,A,3,0,global_blend
gap_length,4,4,0.043296717387694236,17.01,A,3,0,global_blend
gap_length,5,5,0.08185788380449488,5.44,A,3,0,global_blend
left_distance_bin,0-7,1008,0.06393041711053929,10.82,A,3,0,global_blend
left_distance_bin,16-30,30,0.05906191594748442,12.28,A,3,0,global_blend
left_distance_bin,31+,7,0.115558515599541,0.0,A,3,0,global_blend
left_distance_bin,8-15,154,0.08013220851377592,5.96,A,3,0,global_blend
left_distance_bin,none,1,0.014194424189033772,25.74,A,3,0,global_blend
right_distance_bin,0-7,1007,0.06799172207228787,9.6,A,3,0,global_blend
right_distance_bin,16-30,31,0.05779728735080826,12.66,A,3,0,global_blend
right_distance_bin,31+,11,0.08490786214421366,4.53,A,3,0,global_blend
right_distance_bin,8-15,149,0.056075126942870514,13.18,A,3,0,global_blend
right_distance_bin,none,2,0.013609477741631366,25.92,A,3,0,global_blend
year,2010,35,0.04636308671545673,16.09,A,3,0,global_blend
year,2011,32,0.06049801922887036,11.85,A,3,0,global_blend
year,2012,34,0.07106083054492143,8.68,A,3,0,global_blend
year,2013,34,0.05071129385383714,14.79,A,3,0,global_blend
year,2014,36,0.0658547506972308,10.24,A,3,0,global_blend
year,2015,28,0.09959110919651679,0.12,A,3,0,global_blend
year,2016,31,0.08958300157149121,3.13,A,3,0,global_blend
year,2017,79,0.06637749850433598,10.09,A,3,0,global_blend
year,2018,81,0.05673223857061641,12.98,A,3,0,global_blend
year,2019,155,0.08579545712259862,4.26,A,3,0,global_blend
year,2020,144,0.047087026709614566,15.87,A,3,0,global_blend
year,2021,122,0.07122167826079745,8.63,A,3,0,global_blend
year,2022,114,0.06595350960798722,10.21,A,3,0,global_blend
year,2023,127,0.07196429491518877,8.41,A,3,0,global_blend
year,2024,148,0.04732394616291361,15.8,A,3,0,global_blend
confidence_bin,low,22,0.06796479123610488,9.61,A,3,0,global_blend
confidence_bin,medium,372,0.070872264193154,8.74,A,3,0,global_blend
confidence_bin,high,806,0.06434292108603931,10.7,A,3,0,global_blend
overall,all,1200,0.06650177002766605,10.05,A,3,0,ensemble
seen_polygon,False,1034,0.06720640822716137,9.84,A,3,0,ensemble
seen_polygon,True,166,0.061932403344494645,11.42,A,3,0,ensemble
crop_type,зерновые,265,0.05269042190326788,14.19,A,3,0,ensemble
crop_type,озимая пшеница,800,0.07395760792172498,7.81,A,3,0,ensemble
crop_type,пастбища/зерновые,112,0.036418455294948686,19.07,A,3,0,ensemble
crop_type,подсолнечник,23,0.045175936669437436,16.45,A,3,0,ensemble
source_label,landsat,451,0.06409557216562223,10.77,A,3,0,ensemble
source_label,modis,188,0.06241200717858411,11.28,A,3,0,ensemble
source_label,s2,561,0.06965482205873803,9.1,A,3,0,ensemble
gap_length,1,856,0.06598840539205567,10.2,A,3,0,ensemble
gap_length,2,272,0.06536041150723308,10.39,A,3,0,ensemble
gap_length,3,63,0.07731352493204131,6.81,A,3,0,ensemble
gap_length,4,4,0.043296717387694236,17.01,A,3,0,ensemble
gap_length,5,5,0.08185788380449488,5.44,A,3,0,ensemble
left_distance_bin,0-7,1008,0.06393041711053929,10.82,A,3,0,ensemble
left_distance_bin,16-30,30,0.05906191594748442,12.28,A,3,0,ensemble
left_distance_bin,31+,7,0.115558515599541,0.0,A,3,0,ensemble
left_distance_bin,8-15,154,0.08013220851377592,5.96,A,3,0,ensemble
left_distance_bin,none,1,0.014194424189033772,25.74,A,3,0,ensemble
right_distance_bin,0-7,1007,0.06799172207228787,9.6,A,3,0,ensemble
right_distance_bin,16-30,31,0.05779728735080826,12.66,A,3,0,ensemble
right_distance_bin,31+,11,0.08490786214421366,4.53,A,3,0,ensemble
right_distance_bin,8-15,149,0.056075126942870514,13.18,A,3,0,ensemble
right_distance_bin,none,2,0.013609477741631366,25.92,A,3,0,ensemble
year,2010,35,0.04636308671545673,16.09,A,3,0,ensemble
year,2011,32,0.06049801922887036,11.85,A,3,0,ensemble
year,2012,34,0.07106083054492143,8.68,A,3,0,ensemble
year,2013,34,0.05071129385383714,14.79,A,3,0,ensemble
year,2014,36,0.0658547506972308,10.24,A,3,0,ensemble
year,2015,28,0.09959110919651679,0.12,A,3,0,ensemble
year,2016,31,0.08958300157149121,3.13,A,3,0,ensemble
year,2017,79,0.06637749850433598,10.09,A,3,0,ensemble
year,2018,81,0.05673223857061641,12.98,A,3,0,ensemble
year,2019,155,0.08579545712259862,4.26,A,3,0,ensemble
year,2020,144,0.047087026709614566,15.87,A,3,0,ensemble
year,2021,122,0.07122167826079745,8.63,A,3,0,ensemble
year,2022,114,0.06595350960798722,10.21,A,3,0,ensemble
year,2023,127,0.07196429491518877,8.41,A,3,0,ensemble
year,2024,148,0.04732394616291361,15.8,A,3,0,ensemble
confidence_bin,low,22,0.06796479123610488,9.61,A,3,0,ensemble
confidence_bin,medium,372,0.070872264193154,8.74,A,3,0,ensemble
confidence_bin,high,806,0.06434292108603931,10.7,A,3,0,ensemble
overall,all,1200,0.08298983515283032,5.1,A,4,0,baseline
seen_polygon,False,1008,0.08265111186986374,5.2,A,4,0,baseline
seen_polygon,True,192,0.08474592365938527,4.58,A,4,0,baseline
crop_type,зерновые,242,0.0706755218182453,8.8,A,4,0,baseline
crop_type,озимая пшеница,824,0.08917319148810601,3.25,A,4,0,baseline
crop_type,пастбища/зерновые,100,0.057606816523930675,12.72,A,4,0,baseline
crop_type,подсолнечник,34,0.07108250930117777,8.68,A,4,0,baseline
source_label,landsat,493,0.07441410438842078,7.68,A,4,0,baseline
source_label,modis,185,0.11982480684633755,0.0,A,4,0,baseline
source_label,s2,522,0.07425983339654176,7.72,A,4,0,baseline
gap_length,1,907,0.0810590332441679,5.68,A,4,0,baseline
gap_length,2,222,0.09232774018780986,2.3,A,4,0,baseline
gap_length,3,51,0.07097226952745625,8.71,A,4,0,baseline
gap_length,5,20,0.0883067219283833,3.51,A,4,0,baseline
left_distance_bin,0-7,1044,0.0820431364481256,5.39,A,4,0,baseline
left_distance_bin,16-30,23,0.09848101133979084,0.46,A,4,0,baseline
left_distance_bin,31+,20,0.09041250174325223,2.88,A,4,0,baseline
left_distance_bin,8-15,111,0.08641686767757477,4.07,A,4,0,baseline
left_distance_bin,none,2,0.10498437138315779,0.0,A,4,0,baseline
right_distance_bin,0-7,1010,0.08123199310476281,5.63,A,4,0,baseline
right_distance_bin,16-30,27,0.08315677619872795,5.05,A,4,0,baseline
right_distance_bin,31+,13,0.10243484181769116,0.0,A,4,0,baseline
right_distance_bin,8-15,150,0.09226910723300334,2.32,A,4,0,baseline
year,2010,27,0.07809255366123923,6.57,A,4,0,baseline
year,2011,45,0.10477284325562834,0.0,A,4,0,baseline
year,2012,31,0.11470510983052284,0.0,A,4,0,baseline
year,2013,33,0.09260975601255839,2.22,A,4,0,baseline
year,2014,36,0.08198334947113836,5.4,A,4,0,baseline
year,2015,34,0.077638193499124,6.71,A,4,0,baseline
year,2016,30,0.07890988304493915,6.33,A,4,0,baseline
year,2017,108,0.07317205475400956,8.05,A,4,0,baseline
year,2018,60,0.08243294890795541,5.27,A,4,0,baseline
year,2019,159,0.08771739168462907,3.68,A,4,0,baseline
year,2020,148,0.07168299021079463,8.5,A,4,0,baseline
year,2021,114,0.09108191164606842,2.68,A,4,0,baseline
year,2022,118,0.09576142833245287,1.27,A,4,0,baseline
year,2023,142,0.06776955422250605,9.67,A,4,0,baseline
year,2024,115,0.07411417882183993,7.77,A,4,0,baseline
confidence_bin,low,13,0.14323655032825103,0.0,A,4,0,baseline
confidence_bin,medium,330,0.08905592513794194,3.28,A,4,0,baseline
confidence_bin,high,857,0.07923821955197193,6.23,A,4,0,baseline
overall,all,1200,0.06422022789356627,10.73,A,4,0,global_blend
seen_polygon,False,1008,0.06433735500011728,10.7,A,4,0,global_blend
seen_polygon,True,192,0.0636017718914069,10.92,A,4,0,global_blend
crop_type,зерновые,242,0.05736653480380573,12.79,A,4,0,global_blend
crop_type,озимая пшеница,824,0.06857229758735522,9.43,A,4,0,global_blend
crop_type,пастбища/зерновые,100,0.0404729584779372,17.86,A,4,0,global_blend
crop_type,подсолнечник,34,0.05797992976262267,12.61,A,4,0,global_blend
source_label,landsat,493,0.06172114063380291,11.48,A,4,0,global_blend
source_label,modis,185,0.07917825090418895,6.25,A,4,0,global_blend
source_label,s2,522,0.060508714211646615,11.85,A,4,0,global_blend
gap_length,1,907,0.06241136973375762,11.28,A,4,0,global_blend
gap_length,2,222,0.0751472522296806,7.46,A,4,0,global_blend
gap_length,3,51,0.045337331709020066,16.4,A,4,0,global_blend
gap_length,5,20,0.05369837874833282,13.89,A,4,0,global_blend
left_distance_bin,0-7,1044,0.06455519012319391,10.63,A,4,0,global_blend
left_distance_bin,16-30,23,0.07623420078780314,7.13,A,4,0,global_blend
left_distance_bin,31+,20,0.06983483092009361,9.05,A,4,0,global_blend
left_distance_bin,8-15,111,0.0569016455448741,12.93,A,4,0,global_blend
left_distance_bin,none,2,0.062236017095089496,11.33,A,4,0,global_blend
right_distance_bin,0-7,1010,0.06256632742763871,11.23,A,4,0,global_blend
right_distance_bin,16-30,27,0.07681311541681136,6.96,A,4,0,global_blend
right_distance_bin,31+,13,0.049528734450751226,15.14,A,4,0,global_blend
right_distance_bin,8-15,150,0.0732210035854373,8.03,A,4,0,global_blend
year,2010,27,0.052340109100939766,14.3,A,4,0,global_blend
year,2011,45,0.07767150813306836,6.7,A,4,0,global_blend
year,2012,31,0.08321112683404878,5.04,A,4,0,global_blend
year,2013,33,0.07809150630792275,6.57,A,4,0,global_blend
year,2014,36,0.07977588896603605,6.07,A,4,0,global_blend
year,2015,34,0.05829433886815869,12.51,A,4,0,global_blend
year,2016,30,0.06687951931539564,9.94,A,4,0,global_blend
year,2017,108,0.05506673011048395,13.48,A,4,0,global_blend
year,2018,60,0.058363453417197474,12.49,A,4,0,global_blend
year,2019,159,0.07887554989993532,6.34,A,4,0,global_blend
year,2020,148,0.04931115163833422,15.21,A,4,0,global_blend
year,2021,114,0.0686236741327369,9.41,A,4,0,global_blend
year,2022,118,0.07018732517260254,8.94,A,4,0,global_blend
year,2023,142,0.04944796522035897,15.17,A,4,0,global_blend
year,2024,115,0.0561534510478019,13.15,A,4,0,global_blend
confidence_bin,low,13,0.11572540151547048,0.0,A,4,0,global_blend
confidence_bin,medium,330,0.07511881986619108,7.46,A,4,0,global_blend
confidence_bin,high,857,0.05829999440832836,12.51,A,4,0,global_blend
overall,all,1200,0.06422022789356627,10.73,A,4,0,ensemble
seen_polygon,False,1008,0.06433735500011728,10.7,A,4,0,ensemble
seen_polygon,True,192,0.0636017718914069,10.92,A,4,0,ensemble
crop_type,зерновые,242,0.05736653480380573,12.79,A,4,0,ensemble
crop_type,озимая пшеница,824,0.06857229758735522,9.43,A,4,0,ensemble
crop_type,пастбища/зерновые,100,0.0404729584779372,17.86,A,4,0,ensemble
crop_type,подсолнечник,34,0.05797992976262267,12.61,A,4,0,ensemble
source_label,landsat,493,0.06172114063380291,11.48,A,4,0,ensemble
source_label,modis,185,0.07917825090418895,6.25,A,4,0,ensemble
source_label,s2,522,0.060508714211646615,11.85,A,4,0,ensemble
gap_length,1,907,0.06241136973375762,11.28,A,4,0,ensemble
gap_length,2,222,0.0751472522296806,7.46,A,4,0,ensemble
gap_length,3,51,0.045337331709020066,16.4,A,4,0,ensemble
gap_length,5,20,0.05369837874833282,13.89,A,4,0,ensemble
left_distance_bin,0-7,1044,0.06455519012319391,10.63,A,4,0,ensemble
left_distance_bin,16-30,23,0.07623420078780314,7.13,A,4,0,ensemble
left_distance_bin,31+,20,0.06983483092009361,9.05,A,4,0,ensemble
left_distance_bin,8-15,111,0.0569016455448741,12.93,A,4,0,ensemble
left_distance_bin,none,2,0.062236017095089496,11.33,A,4,0,ensemble
right_distance_bin,0-7,1010,0.06256632742763871,11.23,A,4,0,ensemble
right_distance_bin,16-30,27,0.07681311541681136,6.96,A,4,0,ensemble
right_distance_bin,31+,13,0.049528734450751226,15.14,A,4,0,ensemble
right_distance_bin,8-15,150,0.0732210035854373,8.03,A,4,0,ensemble
year,2010,27,0.052340109100939766,14.3,A,4,0,ensemble
year,2011,45,0.07767150813306836,6.7,A,4,0,ensemble
year,2012,31,0.08321112683404878,5.04,A,4,0,ensemble
year,2013,33,0.07809150630792275,6.57,A,4,0,ensemble
year,2014,36,0.07977588896603605,6.07,A,4,0,ensemble
year,2015,34,0.05829433886815869,12.51,A,4,0,ensemble
year,2016,30,0.06687951931539564,9.94,A,4,0,ensemble
year,2017,108,0.05506673011048395,13.48,A,4,0,ensemble
year,2018,60,0.058363453417197474,12.49,A,4,0,ensemble
year,2019,159,0.07887554989993532,6.34,A,4,0,ensemble
year,2020,148,0.04931115163833422,15.21,A,4,0,ensemble
year,2021,114,0.0686236741327369,9.41,A,4,0,ensemble
year,2022,118,0.07018732517260254,8.94,A,4,0,ensemble
year,2023,142,0.04944796522035897,15.17,A,4,0,ensemble
year,2024,115,0.0561534510478019,13.15,A,4,0,ensemble
confidence_bin,low,13,0.11572540151547048,0.0,A,4,0,ensemble
confidence_bin,medium,330,0.07511881986619108,7.46,A,4,0,ensemble
confidence_bin,high,857,0.05829999440832836,12.51,A,4,0,ensemble
overall,all,1200,0.09294754536653899,2.12,B,0,0,baseline
seen_polygon,False,1200,0.09294754536653899,2.12,B,0,0,baseline
crop_type,зерновые,319,0.06969370858114182,9.09,B,0,0,baseline
crop_type,озимая пшеница,810,0.10112004390534057,0.0,B,0,0,baseline
crop_type,подсолнечник,71,0.0868202951569717,3.95,B,0,0,baseline
source_label,landsat,516,0.08055765295716727,5.83,B,0,0,baseline
source_label,modis,192,0.12237570072788675,0.0,B,0,0,baseline
source_label,s2,492,0.09176608658865046,2.47,B,0,0,baseline
gap_length,1,864,0.09246132378776425,2.26,B,0,0,baseline
gap_length,2,272,0.09334947608145995,2.0,B,0,0,baseline
gap_length,3,45,0.09546755840784986,1.36,B,0,0,baseline
gap_length,4,4,0.11141010436087097,0.0,B,0,0,baseline
gap_length,5,15,0.10021740348630528,0.0,B,0,0,baseline
left_distance_bin,0-7,988,0.08833567113553056,3.5,B,0,0,baseline
left_distance_bin,16-30,37,0.08539238981375909,4.38,B,0,0,baseline
left_distance_bin,31+,24,0.12739616885839225,0.0,B,0,0,baseline
left_distance_bin,8-15,150,0.11529223144149132,0.0,B,0,0,baseline
left_distance_bin,none,1,0.0662154558544113,10.14,B,0,0,baseline
right_distance_bin,0-7,974,0.0872340050788899,3.83,B,0,0,baseline
right_distance_bin,16-30,29,0.09719928428139256,0.84,B,0,0,baseline
right_distance_bin,31+,16,0.11213423642899126,0.0,B,0,0,baseline
right_distance_bin,8-15,180,0.11728939853898718,0.0,B,0,0,baseline
right_distance_bin,none,1,0.0615190190277248,11.54,B,0,0,baseline
year,2010,45,0.08590377887528639,4.23,B,0,0,baseline
year,2011,41,0.07761375253598164,6.72,B,0,0,baseline
year,2012,30,0.09552913747151885,1.34,B,0,0,baseline
year,2013,37,0.07341974284582542,7.97,B,0,0,baseline
year,2014,46,0.09758415305629539,0.72,B,0,0,baseline
year,2015,34,0.08053210471754818,5.84,B,0,0,baseline
year,2016,41,0.1459374458517274,0.0,B,0,0,baseline
year,2017,86,0.08717131311372975,3.85,B,0,0,baseline
year,2018,89,0.07157463935600844,8.53,B,0,0,baseline
year,2019,122,0.07946353164263999,6.16,B,0,0,baseline
year,2020,135,0.08774268927794594,3.68,B,0,0,baseline
year,2021,110,0.13068559529262536,0.0,B,0,0,baseline
year,2022,139,0.0936890674931445,1.89,B,0,0,baseline
year,2023,127,0.08368708413244225,4.89,B,0,0,baseline
year,2024,118,0.0861475504751439,4.16,B,0,0,baseline
confidence_bin,low,4,0.07999096757831119,6.0,B,0,0,baseline
confidence_bin,medium,269,0.08641321997109627,4.08,B,0,0,baseline
confidence_bin,high,927,0.09481039054778485,1.56,B,0,0,baseline
overall,all,1200,0.07250402938513356,8.25,B,0,0,global_blend
seen_polygon,False,1200,0.07250402938513356,8.25,B,0,0,global_blend
crop_type,зерновые,319,0.05170029635559954,14.49,B,0,0,global_blend
crop_type,озимая пшеница,810,0.07927754093800735,6.22,B,0,0,global_blend
crop_type,подсолнечник,71,0.07167486885319668,8.5,B,0,0,global_blend
source_label,landsat,516,0.06832803247844778,9.5,B,0,0,global_blend
source_label,modis,192,0.07596752633366377,7.21,B,0,0,global_blend
source_label,s2,492,0.07531906535270012,7.4,B,0,0,global_blend
gap_length,1,864,0.0720913096694894,8.37,B,0,0,global_blend
gap_length,2,272,0.07188011423909577,8.44,B,0,0,global_blend
gap_length,3,45,0.07723623528954134,6.83,B,0,0,global_blend
gap_length,4,4,0.050743852149439675,14.78,B,0,0,global_blend
gap_length,5,15,0.09443055481219245,1.67,B,0,0,global_blend
left_distance_bin,0-7,988,0.07050045393071223,8.85,B,0,0,global_blend
left_distance_bin,16-30,37,0.06899062619439568,9.3,B,0,0,global_blend
left_distance_bin,31+,24,0.084809289038695,4.56,B,0,0,global_blend
left_distance_bin,8-15,150,0.08356353193609031,4.93,B,0,0,global_blend
left_distance_bin,none,1,0.03700544411774681,18.9,B,0,0,global_blend
right_distance_bin,0-7,974,0.06738158674055719,9.79,B,0,0,global_blend
right_distance_bin,16-30,29,0.08330026652231558,5.01,B,0,0,global_blend
right_distance_bin,31+,16,0.05431955968889106,13.7,B,0,0,global_blend
right_distance_bin,8-15,180,0.09536391241526056,1.39,B,0,0,global_blend
right_distance_bin,none,1,0.02369729359685241,22.89,B,0,0,global_blend
year,2010,45,0.05650407906623179,13.05,B,0,0,global_blend
year,2011,41,0.05502690498784197,13.49,B,0,0,global_blend
year,2012,30,0.07407120276136313,7.78,B,0,0,global_blend
year,2013,37,0.06273440723000752,11.18,B,0,0,global_blend
year,2014,46,0.06252225332468585,11.24,B,0,0,global_blend
year,2015,34,0.06294451100582908,11.12,B,0,0,global_blend
year,2016,41,0.10386618675617998,0.0,B,0,0,global_blend
year,2017,86,0.05361986572987718,13.91,B,0,0,global_blend
year,2018,89,0.05662847006358908,13.01,B,0,0,global_blend
year,2019,122,0.06667497007819317,10.0,B,0,0,global_blend
year,2020,135,0.06650087685951958,10.05,B,0,0,global_blend
year,2021,110,0.10815200174300002,0.0,B,0,0,global_blend
year,2022,139,0.0773253953939569,6.8,B,0,0,global_blend
year,2023,127,0.0676079908675137,9.72,B,0,0,global_blend
year,2024,118,0.07148719043944121,8.55,B,0,0,global_blend
confidence_bin,low,4,0.0705375133895432,8.84,B,0,0,global_blend
confidence_bin,medium,269,0.07432578175255775,7.7,B,0,0,global_blend
confidence_bin,high,927,0.07197518747367418,8.41,B,0,0,global_blend
overall,all,1200,0.07250402938513356,8.25,B,0,0,ensemble
seen_polygon,False,1200,0.07250402938513356,8.25,B,0,0,ensemble
crop_type,зерновые,319,0.05170029635559954,14.49,B,0,0,ensemble
crop_type,озимая пшеница,810,0.07927754093800735,6.22,B,0,0,ensemble
crop_type,подсолнечник,71,0.07167486885319668,8.5,B,0,0,ensemble
source_label,landsat,516,0.06832803247844778,9.5,B,0,0,ensemble
source_label,modis,192,0.07596752633366377,7.21,B,0,0,ensemble
source_label,s2,492,0.07531906535270012,7.4,B,0,0,ensemble
gap_length,1,864,0.0720913096694894,8.37,B,0,0,ensemble
gap_length,2,272,0.07188011423909577,8.44,B,0,0,ensemble
gap_length,3,45,0.07723623528954134,6.83,B,0,0,ensemble
gap_length,4,4,0.050743852149439675,14.78,B,0,0,ensemble
gap_length,5,15,0.09443055481219245,1.67,B,0,0,ensemble
left_distance_bin,0-7,988,0.07050045393071223,8.85,B,0,0,ensemble
left_distance_bin,16-30,37,0.06899062619439568,9.3,B,0,0,ensemble
left_distance_bin,31+,24,0.084809289038695,4.56,B,0,0,ensemble
left_distance_bin,8-15,150,0.08356353193609031,4.93,B,0,0,ensemble
left_distance_bin,none,1,0.03700544411774681,18.9,B,0,0,ensemble
right_distance_bin,0-7,974,0.06738158674055719,9.79,B,0,0,ensemble
right_distance_bin,16-30,29,0.08330026652231558,5.01,B,0,0,ensemble
right_distance_bin,31+,16,0.05431955968889106,13.7,B,0,0,ensemble
right_distance_bin,8-15,180,0.09536391241526056,1.39,B,0,0,ensemble
right_distance_bin,none,1,0.02369729359685241,22.89,B,0,0,ensemble
year,2010,45,0.05650407906623179,13.05,B,0,0,ensemble
year,2011,41,0.05502690498784197,13.49,B,0,0,ensemble
year,2012,30,0.07407120276136313,7.78,B,0,0,ensemble
year,2013,37,0.06273440723000752,11.18,B,0,0,ensemble
year,2014,46,0.06252225332468585,11.24,B,0,0,ensemble
year,2015,34,0.06294451100582908,11.12,B,0,0,ensemble
year,2016,41,0.10386618675617998,0.0,B,0,0,ensemble
year,2017,86,0.05361986572987718,13.91,B,0,0,ensemble
year,2018,89,0.05662847006358908,13.01,B,0,0,ensemble
year,2019,122,0.06667497007819317,10.0,B,0,0,ensemble
year,2020,135,0.06650087685951958,10.05,B,0,0,ensemble
year,2021,110,0.10815200174300002,0.0,B,0,0,ensemble
year,2022,139,0.0773253953939569,6.8,B,0,0,ensemble
year,2023,127,0.0676079908675137,9.72,B,0,0,ensemble
year,2024,118,0.07148719043944121,8.55,B,0,0,ensemble
confidence_bin,low,4,0.0705375133895432,8.84,B,0,0,ensemble
confidence_bin,medium,269,0.07432578175255775,7.7,B,0,0,ensemble
confidence_bin,high,927,0.07197518747367418,8.41,B,0,0,ensemble
overall,all,1200,0.09452313704704444,1.64,B,0,1,baseline
seen_polygon,False,1200,0.09452313704704444,1.64,B,0,1,baseline
crop_type,зерновые,277,0.07380226768259078,7.86,B,0,1,baseline
crop_type,озимая пшеница,856,0.10082868322261875,0.0,B,0,1,baseline
crop_type,подсолнечник,67,0.08727492434213088,3.82,B,0,1,baseline
source_label,landsat,448,0.08530182010284748,4.41,B,0,1,baseline
source_label,modis,200,0.11849742641223741,0.0,B,0,1,baseline
source_label,s2,552,0.09181535386772094,2.46,B,0,1,baseline
gap_length,1,863,0.09042531629381537,2.87,B,0,1,baseline
gap_length,2,236,0.09195308717394839,2.41,B,0,1,baseline
gap_length,3,57,0.09409192468473744,1.77,B,0,1,baseline
gap_length,4,24,0.09477370445083597,1.57,B,0,1,baseline
gap_length,5,20,0.21787027508998597,0.0,B,0,1,baseline
left_distance_bin,0-7,1002,0.09255956187221936,2.23,B,0,1,baseline
left_distance_bin,16-30,34,0.07570322716114755,7.29,B,0,1,baseline
left_distance_bin,31+,20,0.14511738412691777,0.0,B,0,1,baseline
left_distance_bin,8-15,142,0.10229498177003526,0.0,B,0,1,baseline
left_distance_bin,none,2,0.13262978879069426,0.0,B,0,1,baseline
right_distance_bin,0-7,991,0.09051082253370346,2.85,B,0,1,baseline
right_distance_bin,16-30,32,0.12855718036042782,0.0,B,0,1,baseline
right_distance_bin,31+,17,0.12088175271576077,0.0,B,0,1,baseline
right_distance_bin,8-15,160,0.10682333211915432,0.0,B,0,1,baseline
year,2010,39,0.0789761025706686,6.31,B,0,1,baseline
year,2011,28,0.08827063351203256,3.52,B,0,1,baseline
year,2012,28,0.10383684128407339,0.0,B,0,1,baseline
year,2013,29,0.10701430511586416,0.0,B,0,1,baseline
year,2014,46,0.08123049790721736,5.63,B,0,1,baseline
year,2015,33,0.08584081907079631,4.25,B,0,1,baseline
year,2016,37,0.10273360644944245,0.0,B,0,1,baseline
year,2017,103,0.09287728819908865,2.14,B,0,1,baseline
year,2018,76,0.06624641895882807,10.13,B,0,1,baseline
year,2019,140,0.10926381895975219,0.0,B,0,1,baseline
year,2020,137,0.09974210855827118,0.08,B,0,1,baseline
year,2021,126,0.12082710918556727,0.0,B,0,1,baseline
year,2022,113,0.10854385032866107,0.0,B,0,1,baseline
year,2023,152,0.07077623695485222,8.77,B,0,1,baseline
year,2024,113,0.06653905610785481,10.04,B,0,1,baseline
confidence_bin,low,11,0.05448457980845443,13.65,B,0,1,baseline
confidence_bin,medium,370,0.08394913843006008,4.82,B,0,1,baseline
confidence_bin,high,819,0.09933438096459377,0.2,B,0,1,baseline
overall,all,1200,0.07367296949448908,7.9,B,0,1,global_blend
seen_polygon,False,1200,0.07367296949448908,7.9,B,0,1,global_blend
crop_type,зерновые,277,0.06364066804355115,10.91,B,0,1,global_blend
crop_type,озимая пшеница,856,0.07796115740059242,6.61,B,0,1,global_blend
crop_type,подсолнечник,67,0.05306178074611134,14.08,B,0,1,global_blend
source_label,landsat,448,0.0705833460134792,8.82,B,0,1,global_blend
source_label,modis,200,0.06397060050210403,10.81,B,0,1,global_blend
source_label,s2,552,0.07920415125774431,6.24,B,0,1,global_blend
gap_length,1,863,0.0688200036902457,9.35,B,0,1,global_blend
gap_length,2,236,0.07128243726702609,8.62,B,0,1,global_blend
gap_length,3,57,0.07082286272549033,8.75,B,0,1,global_blend
gap_length,4,24,0.07654884525319622,7.04,B,0,1,global_blend
gap_length,5,20,0.20002686336656086,0.0,B,0,1,global_blend
left_distance_bin,0-7,1002,0.07238262823518352,8.29,B,0,1,global_blend
left_distance_bin,16-30,34,0.05151376848271996,14.55,B,0,1,global_blend
left_distance_bin,31+,20,0.09493757666682306,1.52,B,0,1,global_blend
left_distance_bin,8-15,142,0.08289465370352009,5.13,B,0,1,global_blend
left_distance_bin,none,2,0.09295271662948315,2.11,B,0,1,global_blend
right_distance_bin,0-7,991,0.07048256436129822,8.86,B,0,1,global_blend
right_distance_bin,16-30,32,0.1261303161298078,0.0,B,0,1,global_blend
right_distance_bin,31+,17,0.09980525581448497,0.06,B,0,1,global_blend
right_distance_bin,8-15,160,0.07548774907748176,7.35,B,0,1,global_blend
year,2010,39,0.04890118156792658,15.33,B,0,1,global_blend
year,2011,28,0.05916711038889447,12.25,B,0,1,global_blend
year,2012,28,0.07367603590811314,7.9,B,0,1,global_blend
year,2013,29,0.07247344193349546,8.26,B,0,1,global_blend
year,2014,46,0.05558923115407506,13.32,B,0,1,global_blend
year,2015,33,0.06167172521491824,11.5,B,0,1,global_blend
year,2016,37,0.08106773622304647,5.68,B,0,1,global_blend
year,2017,103,0.06334893692307851,11.0,B,0,1,global_blend
year,2018,76,0.049386953952780505,15.18,B,0,1,global_blend
year,2019,140,0.09373463253287895,1.88,B,0,1,global_blend
year,2020,137,0.07713363853540418,6.86,B,0,1,global_blend
year,2021,126,0.09172417909239348,2.48,B,0,1,global_blend
year,2022,113,0.09501308272716766,1.5,B,0,1,global_blend
year,2023,152,0.057502080769912534,12.75,B,0,1,global_blend
year,2024,113,0.049794723634330136,15.06,B,0,1,global_blend
confidence_bin,low,11,0.047629303356070844,15.71,B,0,1,global_blend
confidence_bin,medium,370,0.06529181014757617,10.41,B,0,1,global_blend
confidence_bin,high,819,0.07743583022434207,6.77,B,0,1,global_blend
overall,all,1200,0.07367296949448908,7.9,B,0,1,ensemble
seen_polygon,False,1200,0.07367296949448908,7.9,B,0,1,ensemble
crop_type,зерновые,277,0.06364066804355115,10.91,B,0,1,ensemble
crop_type,озимая пшеница,856,0.07796115740059242,6.61,B,0,1,ensemble
crop_type,подсолнечник,67,0.05306178074611134,14.08,B,0,1,ensemble
source_label,landsat,448,0.0705833460134792,8.82,B,0,1,ensemble
source_label,modis,200,0.06397060050210403,10.81,B,0,1,ensemble
source_label,s2,552,0.07920415125774431,6.24,B,0,1,ensemble
gap_length,1,863,0.0688200036902457,9.35,B,0,1,ensemble
gap_length,2,236,0.07128243726702609,8.62,B,0,1,ensemble
gap_length,3,57,0.07082286272549033,8.75,B,0,1,ensemble
gap_length,4,24,0.07654884525319622,7.04,B,0,1,ensemble
gap_length,5,20,0.20002686336656086,0.0,B,0,1,ensemble
left_distance_bin,0-7,1002,0.07238262823518352,8.29,B,0,1,ensemble
left_distance_bin,16-30,34,0.05151376848271996,14.55,B,0,1,ensemble
left_distance_bin,31+,20,0.09493757666682306,1.52,B,0,1,ensemble
left_distance_bin,8-15,142,0.08289465370352009,5.13,B,0,1,ensemble
left_distance_bin,none,2,0.09295271662948315,2.11,B,0,1,ensemble
right_distance_bin,0-7,991,0.07048256436129822,8.86,B,0,1,ensemble
right_distance_bin,16-30,32,0.1261303161298078,0.0,B,0,1,ensemble
right_distance_bin,31+,17,0.09980525581448497,0.06,B,0,1,ensemble
right_distance_bin,8-15,160,0.07548774907748176,7.35,B,0,1,ensemble
year,2010,39,0.04890118156792658,15.33,B,0,1,ensemble
year,2011,28,0.05916711038889447,12.25,B,0,1,ensemble
year,2012,28,0.07367603590811314,7.9,B,0,1,ensemble
year,2013,29,0.07247344193349546,8.26,B,0,1,ensemble
year,2014,46,0.05558923115407506,13.32,B,0,1,ensemble
year,2015,33,0.06167172521491824,11.5,B,0,1,ensemble
year,2016,37,0.08106773622304647,5.68,B,0,1,ensemble
year,2017,103,0.06334893692307851,11.0,B,0,1,ensemble
year,2018,76,0.049386953952780505,15.18,B,0,1,ensemble
year,2019,140,0.09373463253287895,1.88,B,0,1,ensemble
year,2020,137,0.07713363853540418,6.86,B,0,1,ensemble
year,2021,126,0.09172417909239348,2.48,B,0,1,ensemble
year,2022,113,0.09501308272716766,1.5,B,0,1,ensemble
year,2023,152,0.057502080769912534,12.75,B,0,1,ensemble
year,2024,113,0.049794723634330136,15.06,B,0,1,ensemble
confidence_bin,low,11,0.047629303356070844,15.71,B,0,1,ensemble
confidence_bin,medium,370,0.06529181014757617,10.41,B,0,1,ensemble
confidence_bin,high,819,0.07743583022434207,6.77,B,0,1,ensemble
overall,all,1200,0.08866392509363127,3.4,B,0,2,baseline
seen_polygon,False,1200,0.08866392509363127,3.4,B,0,2,baseline
crop_type,зерновые,326,0.0771837379487944,6.84,B,0,2,baseline
crop_type,озимая пшеница,874,0.09258220757883474,2.23,B,0,2,baseline
source_label,landsat,543,0.0714394551948538,8.57,B,0,2,baseline
source_label,modis,167,0.11193485237837375,0.0,B,0,2,baseline
source_label,s2,490,0.09657275751591188,1.03,B,0,2,baseline
gap_length,1,868,0.08572995355991696,4.28,B,0,2,baseline
gap_length,2,260,0.10049413949836201,0.0,B,0,2,baseline
gap_length,3,63,0.08129209568140618,5.61,B,0,2,baseline
gap_length,4,4,0.020261816317689498,23.92,B,0,2,baseline
gap_length,5,5,0.04548644274227438,16.35,B,0,2,baseline
left_distance_bin,0-7,1002,0.08543104698249648,4.37,B,0,2,baseline
left_distance_bin,16-30,21,0.08289589843363138,5.13,B,0,2,baseline
left_distance_bin,31+,20,0.10802164670857234,0.0,B,0,2,baseline
left_distance_bin,8-15,153,0.10538865173622729,0.0,B,0,2,baseline
left_distance_bin,none,4,0.1042519494720113,0.0,B,0,2,baseline
right_distance_bin,0-7,994,0.08449214935065351,4.65,B,0,2,baseline
right_distance_bin,16-30,22,0.09339213159326579,1.98,B,0,2,baseline
right_distance_bin,31+,15,0.14444715578568362,0.0,B,0,2,baseline
right_distance_bin,8-15,167,0.10462786979044789,0.0,B,0,2,baseline
right_distance_bin,none,2,0.04718027179143764,15.85,B,0,2,baseline
year,2010,34,0.08254215586666995,5.24,B,0,2,baseline
year,2011,28,0.07994852256359693,6.02,B,0,2,baseline
year,2012,26,0.09906108823296064,0.28,B,0,2,baseline
year,2013,35,0.07733512464635983,6.8,B,0,2,baseline
year,2014,39,0.07346212007298406,7.96,B,0,2,baseline
year,2015,21,0.0615657751800264,11.53,B,0,2,baseline
year,2016,33,0.09684411527048274,0.95,B,0,2,baseline
year,2017,104,0.08097189538791269,5.71,B,0,2,baseline
year,2018,80,0.0651903276462184,10.44,B,0,2,baseline
year,2019,131,0.0959760074919321,1.21,B,0,2,baseline
year,2020,156,0.08554374949017429,4.34,B,0,2,baseline
year,2021,114,0.12889650277861017,0.0,B,0,2,baseline
year,2022,130,0.08607880716596386,4.18,B,0,2,baseline
year,2023,141,0.09619104644431721,1.14,B,0,2,baseline
year,2024,128,0.057749376225523105,12.68,B,0,2,baseline
confidence_bin,low,7,0.053252994878387756,14.02,B,0,2,baseline
confidence_bin,medium,401,0.09071672245312384,2.78,B,0,2,baseline
confidence_bin,high,792,0.08785936125033364,3.64,B,0,2,baseline
overall,all,1200,0.06890887618949618,9.33,B,0,2,global_blend
seen_polygon,False,1200,0.06890887618949618,9.33,B,0,2,global_blend
crop_type,зерновые,326,0.05749674377067212,12.75,B,0,2,global_blend
crop_type,озимая пшеница,874,0.07270834841237929,8.19,B,0,2,global_blend
source_label,landsat,543,0.05998447578065323,12.0,B,0,2,global_blend
source_label,modis,167,0.06672420486240907,9.98,B,0,2,global_blend
source_label,s2,490,0.07825686811591964,6.52,B,0,2,global_blend
gap_length,1,868,0.06628238707188902,10.12,B,0,2,global_blend
gap_length,2,260,0.07919930506259724,6.24,B,0,2,global_blend
gap_length,3,63,0.06256752880722122,11.23,B,0,2,global_blend
gap_length,4,4,0.015242875460189412,25.43,B,0,2,global_blend
gap_length,5,5,0.035425629586872454,19.37,B,0,2,global_blend
left_distance_bin,0-7,1002,0.06685934539237207,9.94,B,0,2,global_blend
left_distance_bin,16-30,21,0.07166128872234462,8.5,B,0,2,global_blend
left_distance_bin,31+,20,0.0879445234235582,3.62,B,0,2,global_blend
left_distance_bin,8-15,153,0.07762265836909864,6.71,B,0,2,global_blend
left_distance_bin,none,4,0.09302301510664418,2.09,B,0,2,global_blend
right_distance_bin,0-7,994,0.06569286512934612,10.29,B,0,2,global_blend
right_distance_bin,16-30,22,0.0888247035819995,3.35,B,0,2,global_blend
right_distance_bin,31+,15,0.10688838478823125,0.0,B,0,2,global_blend
right_distance_bin,8-15,167,0.07979922902742735,6.06,B,0,2,global_blend
right_distance_bin,none,2,0.005718347489634942,28.28,B,0,2,global_blend
year,2010,34,0.06938357287611789,9.18,B,0,2,global_blend
year,2011,28,0.059278035330486596,12.22,B,0,2,global_blend
year,2012,26,0.0677385054925044,9.68,B,0,2,global_blend
year,2013,35,0.06752193086691981,9.74,B,0,2,global_blend
year,2014,39,0.06723759802113541,9.83,B,0,2,global_blend
year,2015,21,0.05226984012272097,14.32,B,0,2,global_blend
year,2016,33,0.07942383271752927,6.17,B,0,2,global_blend
year,2017,104,0.05729429382717782,12.81,B,0,2,global_blend
year,2018,80,0.053825795988032304,13.85,B,0,2,global_blend
year,2019,131,0.07772943742329978,6.68,B,0,2,global_blend
year,2020,156,0.07346842563947531,7.96,B,0,2,global_blend
year,2021,114,0.08887278345140488,3.34,B,0,2,global_blend
year,2022,130,0.06570923902550828,10.29,B,0,2,global_blend
year,2023,141,0.07419529290183932,7.74,B,0,2,global_blend
year,2024,128,0.04598952866772786,16.2,B,0,2,global_blend
confidence_bin,low,7,0.05962618934420451,12.11,B,0,2,global_blend
confidence_bin,medium,401,0.07379629778270488,7.86,B,0,2,global_blend
confidence_bin,high,792,0.06637654261089827,10.09,B,0,2,global_blend
overall,all,1200,0.06890887618949618,9.33,B,0,2,ensemble
seen_polygon,False,1200,0.06890887618949618,9.33,B,0,2,ensemble
crop_type,зерновые,326,0.05749674377067212,12.75,B,0,2,ensemble
crop_type,озимая пшеница,874,0.07270834841237929,8.19,B,0,2,ensemble
source_label,landsat,543,0.05998447578065323,12.0,B,0,2,ensemble
source_label,modis,167,0.06672420486240907,9.98,B,0,2,ensemble
source_label,s2,490,0.07825686811591964,6.52,B,0,2,ensemble
gap_length,1,868,0.06628238707188902,10.12,B,0,2,ensemble
gap_length,2,260,0.07919930506259724,6.24,B,0,2,ensemble
gap_length,3,63,0.06256752880722122,11.23,B,0,2,ensemble
gap_length,4,4,0.015242875460189412,25.43,B,0,2,ensemble
gap_length,5,5,0.035425629586872454,19.37,B,0,2,ensemble
left_distance_bin,0-7,1002,0.06685934539237207,9.94,B,0,2,ensemble
left_distance_bin,16-30,21,0.07166128872234462,8.5,B,0,2,ensemble
left_distance_bin,31+,20,0.0879445234235582,3.62,B,0,2,ensemble
left_distance_bin,8-15,153,0.07762265836909864,6.71,B,0,2,ensemble
left_distance_bin,none,4,0.09302301510664418,2.09,B,0,2,ensemble
right_distance_bin,0-7,994,0.06569286512934612,10.29,B,0,2,ensemble
right_distance_bin,16-30,22,0.0888247035819995,3.35,B,0,2,ensemble
right_distance_bin,31+,15,0.10688838478823125,0.0,B,0,2,ensemble
right_distance_bin,8-15,167,0.07979922902742735,6.06,B,0,2,ensemble
right_distance_bin,none,2,0.005718347489634942,28.28,B,0,2,ensemble
year,2010,34,0.06938357287611789,9.18,B,0,2,ensemble
year,2011,28,0.059278035330486596,12.22,B,0,2,ensemble
year,2012,26,0.0677385054925044,9.68,B,0,2,ensemble
year,2013,35,0.06752193086691981,9.74,B,0,2,ensemble
year,2014,39,0.06723759802113541,9.83,B,0,2,ensemble
year,2015,21,0.05226984012272097,14.32,B,0,2,ensemble
year,2016,33,0.07942383271752927,6.17,B,0,2,ensemble
year,2017,104,0.05729429382717782,12.81,B,0,2,ensemble
year,2018,80,0.053825795988032304,13.85,B,0,2,ensemble
year,2019,131,0.07772943742329978,6.68,B,0,2,ensemble
year,2020,156,0.07346842563947531,7.96,B,0,2,ensemble
year,2021,114,0.08887278345140488,3.34,B,0,2,ensemble
year,2022,130,0.06570923902550828,10.29,B,0,2,ensemble
year,2023,141,0.07419529290183932,7.74,B,0,2,ensemble
year,2024,128,0.04598952866772786,16.2,B,0,2,ensemble
confidence_bin,low,7,0.05962618934420451,12.11,B,0,2,ensemble
confidence_bin,medium,401,0.07379629778270488,7.86,B,0,2,ensemble
confidence_bin,high,792,0.06637654261089827,10.09,B,0,2,ensemble
overall,all,1200,0.08876527799598449,3.37,B,0,3,baseline
seen_polygon,False,1200,0.08876527799598449,3.37,B,0,3,baseline
crop_type,зерновые,252,0.07647563816928381,7.06,B,0,3,baseline
crop_type,озимая пшеница,775,0.09516391419567824,1.45,B,0,3,baseline
crop_type,пастбища/зерновые,121,0.06982734503410681,9.05,B,0,3,baseline
crop_type,подсолнечник,52,0.08467024482626286,4.6,B,0,3,baseline
source_label,landsat,419,0.07415522716972586,7.75,B,0,3,baseline
source_label,modis,213,0.11992942261704806,0.0,B,0,3,baseline
source_label,s2,568,0.08483057166357225,4.55,B,0,3,baseline
gap_length,1,862,0.09052360052743752,2.84,B,0,3,baseline
gap_length,2,274,0.08625222279349926,4.12,B,0,3,baseline
gap_length,3,42,0.08369036127054728,4.89,B,0,3,baseline
gap_length,4,12,0.025918844563776803,22.22,B,0,3,baseline
gap_length,5,10,0.07128146391503085,8.62,B,0,3,baseline
left_distance_bin,0-7,992,0.08706497734048156,3.88,B,0,3,baseline
left_distance_bin,16-30,34,0.09606929140663653,1.18,B,0,3,baseline
left_distance_bin,31+,12,0.09175017876000162,2.47,B,0,3,baseline
left_distance_bin,8-15,161,0.09709496367642968,0.87,B,0,3,baseline
left_distance_bin,none,1,0.053211912395959515,14.04,B,0,3,baseline
right_distance_bin,0-7,993,0.0873087982632827,3.81,B,0,3,baseline
right_distance_bin,16-30,32,0.08753747487715796,3.74,B,0,3,baseline
right_distance_bin,31+,25,0.07551519114261179,7.35,B,0,3,baseline
right_distance_bin,8-15,147,0.10023208798613682,0.0,B,0,3,baseline
right_distance_bin,none,3,0.08378188216750038,4.87,B,0,3,baseline
year,2010,32,0.10183832354881207,0.0,B,0,3,baseline
year,2011,33,0.09716473388672482,0.85,B,0,3,baseline
year,2012,23,0.12677785556122254,0.0,B,0,3,baseline
year,2013,27,0.09921220716960549,0.24,B,0,3,baseline
year,2014,45,0.09110191483354893,2.67,B,0,3,baseline
year,2015,31,0.081639371495479,5.51,B,0,3,baseline
year,2016,21,0.07332788484949208,8.0,B,0,3,baseline
year,2017,96,0.0789146427628702,6.33,B,0,3,baseline
year,2018,64,0.10827417511303052,0.0,B,0,3,baseline
year,2019,133,0.07657933600203606,7.03,B,0,3,baseline
year,2020,153,0.0860414477945936,4.19,B,0,3,baseline
year,2021,144,0.11686524692804574,0.0,B,0,3,baseline
year,2022,129,0.06857957804045155,9.43,B,0,3,baseline
year,2023,131,0.0815687539550244,5.53,B,0,3,baseline
year,2024,138,0.07506006352981684,7.48,B,0,3,baseline
confidence_bin,low,12,0.03768867060367639,18.69,B,0,3,baseline
confidence_bin,medium,379,0.08330467972672718,5.01,B,0,3,baseline
confidence_bin,high,809,0.09173475400518931,2.48,B,0,3,baseline
overall,all,1200,0.06848543314710803,9.45,B,0,3,global_blend
seen_polygon,False,1200,0.06848543314710803,9.45,B,0,3,global_blend
crop_type,зерновые,252,0.06294083783408415,11.12,B,0,3,global_blend
crop_type,озимая пшеница,775,0.07180375011730022,8.46,B,0,3,global_blend
crop_type,пастбища/зерновые,121,0.06251370933195471,11.25,B,0,3,global_blend
crop_type,подсолнечник,52,0.05571270936811167,13.29,B,0,3,global_blend
source_label,landsat,419,0.057241559862832754,12.83,B,0,3,global_blend
source_label,modis,213,0.07516648924481852,7.45,B,0,3,global_blend
source_label,s2,568,0.07330192039426671,8.01,B,0,3,global_blend
gap_length,1,862,0.06941466032247656,9.18,B,0,3,global_blend
gap_length,2,274,0.06695037409794585,9.91,B,0,3,global_blend
gap_length,3,42,0.05891910334919644,12.32,B,0,3,global_blend
gap_length,4,12,0.0576822739948597,12.7,B,0,3,global_blend
gap_length,5,10,0.07807433486579742,6.58,B,0,3,global_blend
left_distance_bin,0-7,992,0.06752131437847819,9.74,B,0,3,global_blend
left_distance_bin,16-30,34,0.08413136881765901,4.76,B,0,3,global_blend
left_distance_bin,31+,12,0.06774831617130683,9.68,B,0,3,global_blend
left_distance_bin,8-15,161,0.07068878871757164,8.79,B,0,3,global_blend
left_distance_bin,none,1,0.07359302477580915,7.92,B,0,3,global_blend
right_distance_bin,0-7,993,0.06832423802199948,9.5,B,0,3,global_blend
right_distance_bin,16-30,32,0.07620843625927265,7.14,B,0,3,global_blend
right_distance_bin,31+,25,0.04429672458541405,16.71,B,0,3,global_blend
right_distance_bin,8-15,147,0.07096217974086717,8.71,B,0,3,global_blend
right_distance_bin,none,3,0.0766842087426298,6.99,B,0,3,global_blend
year,2010,32,0.08707055522779852,3.88,B,0,3,global_blend
year,2011,33,0.06813988459913961,9.56,B,0,3,global_blend
year,2012,23,0.068324249721462,9.5,B,0,3,global_blend
year,2013,27,0.08218616446895122,5.34,B,0,3,global_blend
year,2014,45,0.07258100939164164,8.23,B,0,3,global_blend
year,2015,31,0.052338354058695344,14.3,B,0,3,global_blend
year,2016,21,0.047199520426866585,15.84,B,0,3,global_blend
year,2017,96,0.058422271417231275,12.47,B,0,3,global_blend
year,2018,64,0.07535152459458258,7.39,B,0,3,global_blend
year,2019,133,0.06034532608461303,11.9,B,0,3,global_blend
year,2020,153,0.06722522815930027,9.83,B,0,3,global_blend
year,2021,144,0.09568834956025245,1.29,B,0,3,global_blend
year,2022,129,0.055438262581222905,13.37,B,0,3,global_blend
year,2023,131,0.06417458647330403,10.75,B,0,3,global_blend
year,2024,138,0.0572742228145381,12.82,B,0,3,global_blend
confidence_bin,low,12,0.033146850873994785,20.06,B,0,3,global_blend
confidence_bin,medium,379,0.06677074994743937,9.97,B,0,3,global_blend
confidence_bin,high,809,0.06965758272138073,9.1,B,0,3,global_blend
overall,all,1200,0.06848543314710803,9.45,B,0,3,ensemble
seen_polygon,False,1200,0.06848543314710803,9.45,B,0,3,ensemble
crop_type,зерновые,252,0.06294083783408415,11.12,B,0,3,ensemble
crop_type,озимая пшеница,775,0.07180375011730022,8.46,B,0,3,ensemble
crop_type,пастбища/зерновые,121,0.06251370933195471,11.25,B,0,3,ensemble
crop_type,подсолнечник,52,0.05571270936811167,13.29,B,0,3,ensemble
source_label,landsat,419,0.057241559862832754,12.83,B,0,3,ensemble
source_label,modis,213,0.07516648924481852,7.45,B,0,3,ensemble
source_label,s2,568,0.07330192039426671,8.01,B,0,3,ensemble
gap_length,1,862,0.06941466032247656,9.18,B,0,3,ensemble
gap_length,2,274,0.06695037409794585,9.91,B,0,3,ensemble
gap_length,3,42,0.05891910334919644,12.32,B,0,3,ensemble
gap_length,4,12,0.0576822739948597,12.7,B,0,3,ensemble
gap_length,5,10,0.07807433486579742,6.58,B,0,3,ensemble
left_distance_bin,0-7,992,0.06752131437847819,9.74,B,0,3,ensemble
left_distance_bin,16-30,34,0.08413136881765901,4.76,B,0,3,ensemble
left_distance_bin,31+,12,0.06774831617130683,9.68,B,0,3,ensemble
left_distance_bin,8-15,161,0.07068878871757164,8.79,B,0,3,ensemble
left_distance_bin,none,1,0.07359302477580915,7.92,B,0,3,ensemble
right_distance_bin,0-7,993,0.06832423802199948,9.5,B,0,3,ensemble
right_distance_bin,16-30,32,0.07620843625927265,7.14,B,0,3,ensemble
right_distance_bin,31+,25,0.04429672458541405,16.71,B,0,3,ensemble
right_distance_bin,8-15,147,0.07096217974086717,8.71,B,0,3,ensemble
right_distance_bin,none,3,0.0766842087426298,6.99,B,0,3,ensemble
year,2010,32,0.08707055522779852,3.88,B,0,3,ensemble
year,2011,33,0.06813988459913961,9.56,B,0,3,ensemble
year,2012,23,0.068324249721462,9.5,B,0,3,ensemble
year,2013,27,0.08218616446895122,5.34,B,0,3,ensemble
year,2014,45,0.07258100939164164,8.23,B,0,3,ensemble
year,2015,31,0.052338354058695344,14.3,B,0,3,ensemble
year,2016,21,0.047199520426866585,15.84,B,0,3,ensemble
year,2017,96,0.058422271417231275,12.47,B,0,3,ensemble
year,2018,64,0.07535152459458258,7.39,B,0,3,ensemble
year,2019,133,0.06034532608461303,11.9,B,0,3,ensemble
year,2020,153,0.06722522815930027,9.83,B,0,3,ensemble
year,2021,144,0.09568834956025245,1.29,B,0,3,ensemble
year,2022,129,0.055438262581222905,13.37,B,0,3,ensemble
year,2023,131,0.06417458647330403,10.75,B,0,3,ensemble
year,2024,138,0.0572742228145381,12.82,B,0,3,ensemble
confidence_bin,low,12,0.033146850873994785,20.06,B,0,3,ensemble
confidence_bin,medium,379,0.06677074994743937,9.97,B,0,3,ensemble
confidence_bin,high,809,0.06965758272138073,9.1,B,0,3,ensemble
overall,all,1200,0.11123943305403741,0.0,B,0,4,baseline
seen_polygon,False,1200,0.11123943305403741,0.0,B,0,4,baseline
crop_type,зерновые,299,0.08047002231151376,5.86,B,0,4,baseline
crop_type,озимая пшеница,821,0.12112463314211139,0.0,B,0,4,baseline
crop_type,подсолнечник,80,0.10415527601780901,0.0,B,0,4,baseline
source_label,landsat,498,0.09009576071668775,2.97,B,0,4,baseline
source_label,modis,211,0.15384583125503398,0.0,B,0,4,baseline
source_label,s2,491,0.10880393346610245,0.0,B,0,4,baseline
gap_length,1,871,0.11269218670699294,0.0,B,0,4,baseline
gap_length,2,266,0.11067461556538952,0.0,B,0,4,baseline
gap_length,3,54,0.09726316942760707,0.82,B,0,4,baseline
gap_length,4,4,0.030861614124462686,20.74,B,0,4,baseline
gap_length,5,5,0.054604079704444745,13.62,B,0,4,baseline
left_distance_bin,0-7,973,0.10460883074269757,0.0,B,0,4,baseline
left_distance_bin,16-30,29,0.09468189579416704,1.6,B,0,4,baseline
left_distance_bin,31+,30,0.23373862379415697,0.0,B,0,4,baseline
left_distance_bin,8-15,166,0.11678835826734835,0.0,B,0,4,baseline
left_distance_bin,none,2,0.13849108229952334,0.0,B,0,4,baseline
right_distance_bin,0-7,1001,0.11050032338475646,0.0,B,0,4,baseline
right_distance_bin,16-30,33,0.09776648080440266,0.67,B,0,4,baseline
right_distance_bin,31+,12,0.18651845673384007,0.0,B,0,4,baseline
right_distance_bin,8-15,154,0.11088864649807835,0.0,B,0,4,baseline
year,2010,30,0.09545985962002922,1.36,B,0,4,baseline
year,2011,33,0.11772773389698087,0.0,B,0,4,baseline
year,2012,26,0.11437720337709029,0.0,B,0,4,baseline
year,2013,38,0.09304386073683125,2.09,B,0,4,baseline
year,2014,35,0.08126448257685259,5.62,B,0,4,baseline
year,2015,34,0.12172920019139523,0.0,B,0,4,baseline
year,2016,29,0.11801562581271029,0.0,B,0,4,baseline
year,2017,95,0.11120893204260508,0.0,B,0,4,baseline
year,2018,82,0.12321331672492701,0.0,B,0,4,baseline
year,2019,128,0.12996148536425614,0.0,B,0,4,baseline
year,2020,152,0.09345158242642428,1.96,B,0,4,baseline
year,2021,116,0.1388535904729354,0.0,B,0,4,baseline
year,2022,129,0.10710956248878427,0.0,B,0,4,baseline
year,2023,151,0.10422072043456652,0.0,B,0,4,baseline
year,2024,122,0.09253123524891566,2.24,B,0,4,baseline
confidence_bin,low,12,0.1629907330400509,0.0,B,0,4,baseline
confidence_bin,medium,381,0.10446895281099979,0.0,B,0,4,baseline
confidence_bin,high,807,0.11336969303457102,0.0,B,0,4,baseline
overall,all,1200,0.08708529126484578,3.87,B,0,4,global_blend
seen_polygon,False,1200,0.08708529126484578,3.87,B,0,4,global_blend
crop_type,зерновые,299,0.06328081698130668,11.02,B,0,4,global_blend
crop_type,озимая пшеница,821,0.09494012644682502,1.52,B,0,4,global_blend
crop_type,подсолнечник,80,0.07930126106146909,6.21,B,0,4,global_blend
source_label,landsat,498,0.06952630220815872,9.14,B,0,4,global_blend
source_label,modis,211,0.10307142790872593,0.0,B,0,4,global_blend
source_label,s2,491,0.09521898062997299,1.43,B,0,4,global_blend
gap_length,1,871,0.08721034959259671,3.84,B,0,4,global_blend
gap_length,2,266,0.09063817026624693,2.81,B,0,4,global_blend
gap_length,3,54,0.06569770442770262,10.29,B,0,4,global_blend
gap_length,4,4,0.08495882081403491,4.51,B,0,4,global_blend
gap_length,5,5,0.07601392472422296,7.2,B,0,4,global_blend
left_distance_bin,0-7,973,0.08189953436794618,5.43,B,0,4,global_blend
left_distance_bin,16-30,29,0.07466433491887513,7.6,B,0,4,global_blend
left_distance_bin,31+,30,0.19486047903793585,0.0,B,0,4,global_blend
left_distance_bin,8-15,166,0.08658823991814406,4.02,B,0,4,global_blend
left_distance_bin,none,2,0.12002509541388691,0.0,B,0,4,global_blend
right_distance_bin,0-7,1001,0.08885484864077804,3.34,B,0,4,global_blend
right_distance_bin,16-30,33,0.07767193339264526,6.7,B,0,4,global_blend
right_distance_bin,31+,12,0.10497758403025705,0.0,B,0,4,global_blend
right_distance_bin,8-15,154,0.07499818404345787,7.5,B,0,4,global_blend
year,2010,30,0.06588121625482449,10.24,B,0,4,global_blend
year,2011,33,0.07396739014357674,7.81,B,0,4,global_blend
year,2012,26,0.07987036856389906,6.04,B,0,4,global_blend
year,2013,38,0.06068905050798526,11.79,B,0,4,global_blend
year,2014,35,0.0511471125549488,14.66,B,0,4,global_blend
year,2015,34,0.07546057953938247,7.36,B,0,4,global_blend
year,2016,29,0.07917045938899069,6.25,B,0,4,global_blend
year,2017,95,0.08421158924556131,4.74,B,0,4,global_blend
year,2018,82,0.10916155819289042,0.0,B,0,4,global_blend
year,2019,128,0.09883152144160331,0.35,B,0,4,global_blend
year,2020,152,0.06608173194466488,10.18,B,0,4,global_blend
year,2021,116,0.1137169231912067,0.0,B,0,4,global_blend
year,2022,129,0.08949099753290089,3.15,B,0,4,global_blend
year,2023,151,0.0876147073151304,3.72,B,0,4,global_blend
year,2024,122,0.07892472747033456,6.32,B,0,4,global_blend
confidence_bin,low,12,0.14678826542708776,0.0,B,0,4,global_blend
confidence_bin,medium,381,0.09074460907266924,2.78,B,0,4,global_blend
confidence_bin,high,807,0.0840773193624103,4.78,B,0,4,global_blend
overall,all,1200,0.08708529126484578,3.87,B,0,4,ensemble
seen_polygon,False,1200,0.08708529126484578,3.87,B,0,4,ensemble
crop_type,зерновые,299,0.06328081698130668,11.02,B,0,4,ensemble
crop_type,озимая пшеница,821,0.09494012644682502,1.52,B,0,4,ensemble
crop_type,подсолнечник,80,0.07930126106146909,6.21,B,0,4,ensemble
source_label,landsat,498,0.06952630220815872,9.14,B,0,4,ensemble
source_label,modis,211,0.10307142790872593,0.0,B,0,4,ensemble
source_label,s2,491,0.09521898062997299,1.43,B,0,4,ensemble
gap_length,1,871,0.08721034959259671,3.84,B,0,4,ensemble
gap_length,2,266,0.09063817026624693,2.81,B,0,4,ensemble
gap_length,3,54,0.06569770442770262,10.29,B,0,4,ensemble
gap_length,4,4,0.08495882081403491,4.51,B,0,4,ensemble
gap_length,5,5,0.07601392472422296,7.2,B,0,4,ensemble
left_distance_bin,0-7,973,0.08189953436794618,5.43,B,0,4,ensemble
left_distance_bin,16-30,29,0.07466433491887513,7.6,B,0,4,ensemble
left_distance_bin,31+,30,0.19486047903793585,0.0,B,0,4,ensemble
left_distance_bin,8-15,166,0.08658823991814406,4.02,B,0,4,ensemble
left_distance_bin,none,2,0.12002509541388691,0.0,B,0,4,ensemble
right_distance_bin,0-7,1001,0.08885484864077804,3.34,B,0,4,ensemble
right_distance_bin,16-30,33,0.07767193339264526,6.7,B,0,4,ensemble
right_distance_bin,31+,12,0.10497758403025705,0.0,B,0,4,ensemble
right_distance_bin,8-15,154,0.07499818404345787,7.5,B,0,4,ensemble
year,2010,30,0.06588121625482449,10.24,B,0,4,ensemble
year,2011,33,0.07396739014357674,7.81,B,0,4,ensemble
year,2012,26,0.07987036856389906,6.04,B,0,4,ensemble
year,2013,38,0.06068905050798526,11.79,B,0,4,ensemble
year,2014,35,0.0511471125549488,14.66,B,0,4,ensemble
year,2015,34,0.07546057953938247,7.36,B,0,4,ensemble
year,2016,29,0.07917045938899069,6.25,B,0,4,ensemble
year,2017,95,0.08421158924556131,4.74,B,0,4,ensemble
year,2018,82,0.10916155819289042,0.0,B,0,4,ensemble
year,2019,128,0.09883152144160331,0.35,B,0,4,ensemble
year,2020,152,0.06608173194466488,10.18,B,0,4,ensemble
year,2021,116,0.1137169231912067,0.0,B,0,4,ensemble
year,2022,129,0.08949099753290089,3.15,B,0,4,ensemble
year,2023,151,0.0876147073151304,3.72,B,0,4,ensemble
year,2024,122,0.07892472747033456,6.32,B,0,4,ensemble
confidence_bin,low,12,0.14678826542708776,0.0,B,0,4,ensemble
confidence_bin,medium,381,0.09074460907266924,2.78,B,0,4,ensemble
confidence_bin,high,807,0.0840773193624103,4.78,B,0,4,ensemble
overall,all,1200,0.17877237430979828,0.0,C,0,0,baseline
seen_polygon,True,1200,0.17877237430979828,0.0,C,0,0,baseline
crop_type,зерновые,310,0.16208601488332108,0.0,C,0,0,baseline
crop_type,озимая пшеница,694,0.17581973016499386,0.0,C,0,0,baseline
crop_type,пастбища/зерновые,76,0.20041997151038765,0.0,C,0,0,baseline
crop_type,подсолнечник,120,0.21796565511358917,0.0,C,0,0,baseline
source_label,landsat,384,0.1821928071591174,0.0,C,0,0,baseline
source_label,modis,105,0.16961995311894953,0.0,C,0,0,baseline
source_label,s2,711,0.1782235617793458,0.0,C,0,0,baseline
gap_length,18,18,0.10811969377993655,0.0,C,0,0,baseline
gap_length,23,46,0.27149528266193623,0.0,C,0,0,baseline
gap_length,25,50,0.19168315424893867,0.0,C,0,0,baseline
gap_length,26,156,0.19201397614776683,0.0,C,0,0,baseline
gap_length,27,27,0.11714450668519454,0.0,C,0,0,baseline
gap_length,28,84,0.19067227197682268,0.0,C,0,0,baseline
gap_length,29,58,0.19551114909382775,0.0,C,0,0,baseline
gap_length,30,90,0.18911637406848894,0.0,C,0,0,baseline
gap_length,31,62,0.10721030714485406,0.0,C,0,0,baseline
gap_length,32,32,0.09686929249154057,0.94,C,0,0,baseline
gap_length,33,99,0.18075977616833466,0.0,C,0,0,baseline
gap_length,34,102,0.19365760172191146,0.0,C,0,0,baseline
gap_length,35,70,0.07962240805878097,6.11,C,0,0,baseline
gap_length,36,36,0.2305438778341244,0.0,C,0,0,baseline
gap_length,37,74,0.17616641009322764,0.0,C,0,0,baseline
gap_length,38,76,0.16599392732184107,0.0,C,0,0,baseline
gap_length,39,39,0.18648605562295162,0.0,C,0,0,baseline
gap_length,40,40,0.16877227798519112,0.0,C,0,0,baseline
gap_length,41,41,0.15498781443993423,0.0,C,0,0,baseline
left_distance_bin,31+,1200,0.17877237430979828,0.0,C,0,0,baseline
right_distance_bin,none,1200,0.17877237430979828,0.0,C,0,0,baseline
year,2024,1200,0.17877237430979828,0.0,C,0,0,baseline
confidence_bin,medium,1200,0.17877237430979828,0.0,C,0,0,baseline
overall,all,1200,0.22006788722584636,0.0,C,0,0,global_blend
seen_polygon,True,1200,0.22006788722584636,0.0,C,0,0,global_blend
crop_type,зерновые,310,0.18145282896720402,0.0,C,0,0,global_blend
crop_type,озимая пшеница,694,0.22411872444569894,0.0,C,0,0,global_blend
crop_type,пастбища/зерновые,76,0.2112704614687391,0.0,C,0,0,global_blend
crop_type,подсолнечник,120,0.2836916976149859,0.0,C,0,0,global_blend
source_label,landsat,384,0.23038569982153828,0.0,C,0,0,global_blend
source_label,modis,105,0.23152908532817795,0.0,C,0,0,global_blend
source_label,s2,711,0.21249791104000057,0.0,C,0,0,global_blend
gap_length,18,18,0.06437323149014157,10.69,C,0,0,global_blend
gap_length,23,46,0.3224941285902265,0.0,C,0,0,global_blend
gap_length,25,50,0.2359544166140023,0.0,C,0,0,global_blend
gap_length,26,156,0.2242060480372451,0.0,C,0,0,global_blend
gap_length,27,27,0.18581671624968973,0.0,C,0,0,global_blend
gap_length,28,84,0.21566629771222137,0.0,C,0,0,global_blend
gap_length,29,58,0.2321340743080678,0.0,C,0,0,global_blend
gap_length,30,90,0.26243085804630234,0.0,C,0,0,global_blend
gap_length,31,62,0.18411214406488025,0.0,C,0,0,global_blend
gap_length,32,32,0.11886779649313363,0.0,C,0,0,global_blend
gap_length,33,99,0.22986049058506414,0.0,C,0,0,global_blend
gap_length,34,102,0.21994440568793466,0.0,C,0,0,global_blend
gap_length,35,70,0.08823209218996561,3.53,C,0,0,global_blend
gap_length,36,36,0.26821049548244885,0.0,C,0,0,global_blend
gap_length,37,74,0.23984335199914555,0.0,C,0,0,global_blend
gap_length,38,76,0.21705552670489583,0.0,C,0,0,global_blend
gap_length,39,39,0.2513596361762218,0.0,C,0,0,global_blend
gap_length,40,40,0.14164643338700736,0.0,C,0,0,global_blend
gap_length,41,41,0.19197544291439422,0.0,C,0,0,global_blend
left_distance_bin,31+,1200,0.22006788722584636,0.0,C,0,0,global_blend
right_distance_bin,none,1200,0.22006788722584636,0.0,C,0,0,global_blend
year,2024,1200,0.22006788722584636,0.0,C,0,0,global_blend
confidence_bin,medium,1200,0.22006788722584636,0.0,C,0,0,global_blend
overall,all,1200,0.22006788722584636,0.0,C,0,0,ensemble
seen_polygon,True,1200,0.22006788722584636,0.0,C,0,0,ensemble
crop_type,зерновые,310,0.18145282896720402,0.0,C,0,0,ensemble
crop_type,озимая пшеница,694,0.22411872444569894,0.0,C,0,0,ensemble
crop_type,пастбища/зерновые,76,0.2112704614687391,0.0,C,0,0,ensemble
crop_type,подсолнечник,120,0.2836916976149859,0.0,C,0,0,ensemble
source_label,landsat,384,0.23038569982153828,0.0,C,0,0,ensemble
source_label,modis,105,0.23152908532817795,0.0,C,0,0,ensemble
source_label,s2,711,0.21249791104000057,0.0,C,0,0,ensemble
gap_length,18,18,0.06437323149014157,10.69,C,0,0,ensemble
gap_length,23,46,0.3224941285902265,0.0,C,0,0,ensemble
gap_length,25,50,0.2359544166140023,0.0,C,0,0,ensemble
gap_length,26,156,0.2242060480372451,0.0,C,0,0,ensemble
gap_length,27,27,0.18581671624968973,0.0,C,0,0,ensemble
gap_length,28,84,0.21566629771222137,0.0,C,0,0,ensemble
gap_length,29,58,0.2321340743080678,0.0,C,0,0,ensemble
gap_length,30,90,0.26243085804630234,0.0,C,0,0,ensemble
gap_length,31,62,0.18411214406488025,0.0,C,0,0,ensemble
gap_length,32,32,0.11886779649313363,0.0,C,0,0,ensemble
gap_length,33,99,0.22986049058506414,0.0,C,0,0,ensemble
gap_length,34,102,0.21994440568793466,0.0,C,0,0,ensemble
gap_length,35,70,0.08823209218996561,3.53,C,0,0,ensemble
gap_length,36,36,0.26821049548244885,0.0,C,0,0,ensemble
gap_length,37,74,0.23984335199914555,0.0,C,0,0,ensemble
gap_length,38,76,0.21705552670489583,0.0,C,0,0,ensemble
gap_length,39,39,0.2513596361762218,0.0,C,0,0,ensemble
gap_length,40,40,0.14164643338700736,0.0,C,0,0,ensemble
gap_length,41,41,0.19197544291439422,0.0,C,0,0,ensemble
left_distance_bin,31+,1200,0.22006788722584636,0.0,C,0,0,ensemble
right_distance_bin,none,1200,0.22006788722584636,0.0,C,0,0,ensemble
year,2024,1200,0.22006788722584636,0.0,C,0,0,ensemble
confidence_bin,medium,1200,0.22006788722584636,0.0,C,0,0,ensemble
overall,all,22,0.18448192195738047,0.0,D,0,0,baseline
seen_polygon,False,22,0.18448192195738047,0.0,D,0,0,baseline
crop_type,зерновые,9,0.26739737617688786,0.0,D,0,0,baseline
crop_type,озимая пшеница,10,0.08220031848182083,5.34,D,0,0,baseline
crop_type,подсолнечник,3,0.11203811104303454,0.0,D,0,0,baseline
source_label,landsat,11,0.14936702318317502,0.0,D,0,0,baseline
source_label,modis,5,0.2391511650140266,0.0,D,0,0,baseline
source_label,s2,6,0.19033162604670348,0.0,D,0,0,baseline
gap_length,2,2,0.4126817109036903,0.0,D,0,0,baseline
gap_length,3,12,0.1020142052569502,0.0,D,0,0,baseline
gap_length,4,8,0.18816335446915486,0.0,D,0,0,baseline
left_distance_bin,16-30,20,0.16460226234487985,0.0,D,0,0,baseline
left_distance_bin,31+,2,0.321605856802162,0.0,D,0,0,baseline
right_distance_bin,none,22,0.18448192195738047,0.0,D,0,0,baseline
year,2011,3,0.09467111018961127,1.6,D,0,0,baseline
year,2013,4,0.26456132949423866,0.0,D,0,0,baseline
year,2018,4,0.02860417568136704,21.42,D,0,0,baseline
year,2019,3,0.11203811104303454,0.0,D,0,0,baseline
year,2022,5,0.2696447376907327,0.0,D,0,0,baseline
year,2023,3,0.11166657334207815,0.0,D,0,0,baseline
confidence_bin,low,1,0.28814141630906936,0.0,D,0,0,baseline
confidence_bin,medium,14,0.21205542078944728,0.0,D,0,0,baseline
confidence_bin,high,7,0.07188110524699652,8.44,D,0,0,baseline
overall,all,22,0.18441184196891752,0.0,D,0,0,global_blend
seen_polygon,False,22,0.18441184196891752,0.0,D,0,0,global_blend
crop_type,зерновые,9,0.2680190189216177,0.0,D,0,0,global_blend
crop_type,озимая пшеница,10,0.07822523180248045,6.53,D,0,0,global_blend
crop_type,подсолнечник,3,0.11614701121888858,0.0,D,0,0,global_blend
source_label,landsat,11,0.14933014820024854,0.0,D,0,0,global_blend
source_label,modis,5,0.23635963831261678,0.0,D,0,0,global_blend
source_label,s2,6,0.19302253158253008,0.0,D,0,0,global_blend
gap_length,2,2,0.4256637803234242,0.0,D,0,0,global_blend
gap_length,3,12,0.09823835929050224,0.53,D,0,0,global_blend
gap_length,4,8,0.18370540053730855,0.0,D,0,0,global_blend
left_distance_bin,16-30,20,0.16301998774035445,0.0,D,0,0,global_blend
left_distance_bin,31+,2,0.3291349844872251,0.0,D,0,0,global_blend
right_distance_bin,none,22,0.18441184196891752,0.0,D,0,0,global_blend
year,2011,3,0.09984002762440827,0.05,D,0,0,global_blend
year,2013,4,0.25918762942468826,0.0,D,0,0,global_blend
year,2018,4,0.01780789505686679,24.66,D,0,0,global_blend
year,2019,3,0.11614701121888858,0.0,D,0,0,global_blend
year,2022,5,0.27487991616202156,0.0,D,0,0,global_blend
year,2023,3,0.10003214658625939,0.0,D,0,0,global_blend
confidence_bin,low,1,0.3003531314759261,0.0,D,0,0,global_blend
confidence_bin,medium,14,0.21227666052933694,0.0,D,0,0,global_blend
confidence_bin,high,7,0.0622192804521698,11.33,D,0,0,global_blend
overall,all,22,0.18441184196891752,0.0,D,0,0,ensemble
seen_polygon,False,22,0.18441184196891752,0.0,D,0,0,ensemble
crop_type,зерновые,9,0.2680190189216177,0.0,D,0,0,ensemble
crop_type,озимая пшеница,10,0.07822523180248045,6.53,D,0,0,ensemble
crop_type,подсолнечник,3,0.11614701121888858,0.0,D,0,0,ensemble
source_label,landsat,11,0.14933014820024854,0.0,D,0,0,ensemble
source_label,modis,5,0.23635963831261678,0.0,D,0,0,ensemble
source_label,s2,6,0.19302253158253008,0.0,D,0,0,ensemble
gap_length,2,2,0.4256637803234242,0.0,D,0,0,ensemble
gap_length,3,12,0.09823835929050224,0.53,D,0,0,ensemble
gap_length,4,8,0.18370540053730855,0.0,D,0,0,ensemble
left_distance_bin,16-30,20,0.16301998774035445,0.0,D,0,0,ensemble
left_distance_bin,31+,2,0.3291349844872251,0.0,D,0,0,ensemble
right_distance_bin,none,22,0.18441184196891752,0.0,D,0,0,ensemble
year,2011,3,0.09984002762440827,0.05,D,0,0,ensemble
year,2013,4,0.25918762942468826,0.0,D,0,0,ensemble
year,2018,4,0.01780789505686679,24.66,D,0,0,ensemble
year,2019,3,0.11614701121888858,0.0,D,0,0,ensemble
year,2022,5,0.27487991616202156,0.0,D,0,0,ensemble
year,2023,3,0.10003214658625939,0.0,D,0,0,ensemble
confidence_bin,low,1,0.3003531314759261,0.0,D,0,0,ensemble
confidence_bin,medium,14,0.21227666052933694,0.0,D,0,0,ensemble
confidence_bin,high,7,0.0622192804521698,11.33,D,0,0,ensemble
overall,all,23,0.06085783305564714,11.74,D,0,1,baseline
seen_polygon,False,23,0.06085783305564714,11.74,D,0,1,baseline
crop_type,зерновые,2,0.02149306739736087,23.55,D,0,1,baseline
crop_type,озимая пшеница,19,0.0649769786555047,10.51,D,0,1,baseline
crop_type,подсолнечник,2,0.04495827608022838,16.51,D,0,1,baseline
source_label,landsat,10,0.06519589881935779,10.44,D,0,1,baseline
source_label,modis,6,0.05310312572026541,14.07,D,0,1,baseline
source_label,s2,7,0.060662815653477,11.8,D,0,1,baseline
gap_length,2,6,0.048170717646041285,15.55,D,0,1,baseline
gap_length,3,9,0.059558735493163095,12.13,D,0,1,baseline
gap_length,4,8,0.07012208053116947,8.96,D,0,1,baseline
left_distance_bin,16-30,19,0.060367034028263676,11.89,D,0,1,baseline
left_distance_bin,31+,4,0.0631370478943347,11.06,D,0,1,baseline
right_distance_bin,none,23,0.06085783305564714,11.74,D,0,1,baseline
year,2012,2,0.02149306739736087,23.55,D,0,1,baseline
year,2014,9,0.06987042052572236,9.04,D,0,1,baseline
year,2020,3,0.06690130094497629,9.93,D,0,1,baseline
year,2022,2,0.06691827539133363,9.92,D,0,1,baseline
year,2023,4,0.06003940723983882,11.99,D,0,1,baseline
year,2024,3,0.034260640639390785,19.72,D,0,1,baseline
confidence_bin,medium,9,0.06084308772091798,11.75,D,0,1,baseline
confidence_bin,high,14,0.06086731031310739,11.74,D,0,1,baseline
overall,all,23,0.05748195419287308,12.76,D,0,1,global_blend
seen_polygon,False,23,0.05748195419287308,12.76,D,0,1,global_blend
crop_type,зерновые,2,0.029175617077759487,21.25,D,0,1,global_blend
crop_type,озимая пшеница,19,0.0620766727534577,11.38,D,0,1,global_blend
crop_type,подсолнечник,2,0.023203882904937526,23.04,D,0,1,global_blend
source_label,landsat,10,0.04042063515187339,17.87,D,0,1,global_blend
source_label,modis,6,0.054149206403452686,13.76,D,0,1,global_blend
source_label,s2,7,0.07751951785985893,6.74,D,0,1,global_blend
gap_length,2,6,0.04408726263563648,16.77,D,0,1,global_blend
gap_length,3,9,0.06399327363503166,10.8,D,0,1,global_blend
gap_length,4,8,0.05860637159809505,12.42,D,0,1,global_blend
left_distance_bin,16-30,19,0.06044418086769727,11.87,D,0,1,global_blend
left_distance_bin,31+,4,0.040557198237657986,17.83,D,0,1,global_blend
right_distance_bin,none,23,0.05748195419287308,12.76,D,0,1,global_blend
year,2012,2,0.029175617077759487,21.25,D,0,1,global_blend
year,2014,9,0.043829776580748,16.85,D,0,1,global_blend
year,2020,3,0.10116821356056611,0.0,D,0,1,global_blend
year,2022,2,0.06664400472943281,10.01,D,0,1,global_blend
year,2023,4,0.06513603540520803,10.46,D,0,1,global_blend
year,2024,3,0.012185616647354855,26.34,D,0,1,global_blend
confidence_bin,medium,9,0.07487308136888068,7.54,D,0,1,global_blend
confidence_bin,high,14,0.04271351534776002,17.19,D,0,1,global_blend
overall,all,23,0.05748195419287308,12.76,D,0,1,ensemble
seen_polygon,False,23,0.05748195419287308,12.76,D,0,1,ensemble
crop_type,зерновые,2,0.029175617077759487,21.25,D,0,1,ensemble
crop_type,озимая пшеница,19,0.0620766727534577,11.38,D,0,1,ensemble
crop_type,подсолнечник,2,0.023203882904937526,23.04,D,0,1,ensemble
source_label,landsat,10,0.04042063515187339,17.87,D,0,1,ensemble
source_label,modis,6,0.054149206403452686,13.76,D,0,1,ensemble
source_label,s2,7,0.07751951785985893,6.74,D,0,1,ensemble
gap_length,2,6,0.04408726263563648,16.77,D,0,1,ensemble
gap_length,3,9,0.06399327363503166,10.8,D,0,1,ensemble
gap_length,4,8,0.05860637159809505,12.42,D,0,1,ensemble
left_distance_bin,16-30,19,0.06044418086769727,11.87,D,0,1,ensemble
left_distance_bin,31+,4,0.040557198237657986,17.83,D,0,1,ensemble
right_distance_bin,none,23,0.05748195419287308,12.76,D,0,1,ensemble
year,2012,2,0.029175617077759487,21.25,D,0,1,ensemble
year,2014,9,0.043829776580748,16.85,D,0,1,ensemble
year,2020,3,0.10116821356056611,0.0,D,0,1,ensemble
year,2022,2,0.06664400472943281,10.01,D,0,1,ensemble
year,2023,4,0.06513603540520803,10.46,D,0,1,ensemble
year,2024,3,0.012185616647354855,26.34,D,0,1,ensemble
confidence_bin,medium,9,0.07487308136888068,7.54,D,0,1,ensemble
confidence_bin,high,14,0.04271351534776002,17.19,D,0,1,ensemble
overall,all,26,0.08285966244789539,5.14,D,0,2,baseline
seen_polygon,False,26,0.08285966244789539,5.14,D,0,2,baseline
crop_type,зерновые,10,0.09813722311677386,0.56,D,0,2,baseline
crop_type,озимая пшеница,16,0.07167621187270912,8.5,D,0,2,baseline
source_label,landsat,12,0.08086078208320378,5.74,D,0,2,baseline
source_label,modis,11,0.09317142328040852,2.05,D,0,2,baseline
source_label,s2,3,0.03897506450327061,18.31,D,0,2,baseline
gap_length,3,18,0.09460937202214113,1.62,D,0,2,baseline
gap_length,4,8,0.046626194684195675,16.01,D,0,2,baseline
left_distance_bin,16-30,17,0.08030386668493546,5.91,D,0,2,baseline
left_distance_bin,31+,9,0.08748379412343003,3.75,D,0,2,baseline
right_distance_bin,none,26,0.08285966244789539,5.14,D,0,2,baseline
year,2010,3,0.03996861379633845,18.01,D,0,2,baseline
year,2011,3,0.0463092970549897,16.11,D,0,2,baseline
year,2012,3,0.04059198224714951,17.82,D,0,2,baseline
year,2013,3,0.1689584219884158,0.0,D,0,2,baseline
year,2015,4,0.05365674697548047,13.9,D,0,2,baseline
year,2018,3,0.046320978556447574,16.1,D,0,2,baseline
year,2021,4,0.0383269822118348,18.5,D,0,2,baseline
year,2023,3,0.13275265769851805,0.0,D,0,2,baseline
confidence_bin,low,1,0.11744631088857241,0.0,D,0,2,baseline
confidence_bin,medium,11,0.0714129016566136,8.58,D,0,2,baseline
confidence_bin,high,14,0.08808167941945959,3.58,D,0,2,baseline
overall,all,26,0.07494902232263398,7.52,D,0,2,global_blend
seen_polygon,False,26,0.07494902232263398,7.52,D,0,2,global_blend
crop_type,зерновые,10,0.09643957851891968,1.07,D,0,2,global_blend
crop_type,озимая пшеница,16,0.05757893037823009,12.73,D,0,2,global_blend
source_label,landsat,12,0.061798568940483925,11.46,D,0,2,global_blend
source_label,modis,11,0.09518419275507406,1.44,D,0,2,global_blend
source_label,s2,3,0.013688938273887351,25.89,D,0,2,global_blend
gap_length,3,18,0.08649233873014252,4.05,D,0,2,global_blend
gap_length,4,8,0.03774024834793593,18.68,D,0,2,global_blend
left_distance_bin,16-30,17,0.06649650069903515,10.05,D,0,2,global_blend
left_distance_bin,31+,9,0.08874490053355838,3.38,D,0,2,global_blend
right_distance_bin,none,26,0.07494902232263398,7.52,D,0,2,global_blend
year,2010,3,0.026626416661229124,22.01,D,0,2,global_blend
year,2011,3,0.034309418744263166,19.71,D,0,2,global_blend
year,2012,3,0.04503650462920671,16.49,D,0,2,global_blend
year,2013,3,0.16861758103527835,0.0,D,0,2,global_blend
year,2015,4,0.03811578350585367,18.57,D,0,2,global_blend
year,2018,3,0.04618254533561222,16.15,D,0,2,global_blend
year,2021,4,0.03736093867212993,18.79,D,0,2,global_blend
year,2023,3,0.10201197379813112,0.0,D,0,2,global_blend
confidence_bin,low,1,0.12524846210658724,0.0,D,0,2,global_blend
confidence_bin,medium,11,0.07448079028623948,7.66,D,0,2,global_blend
confidence_bin,high,14,0.07037796328535657,8.89,D,0,2,global_blend
overall,all,26,0.07494902232263398,7.52,D,0,2,ensemble
seen_polygon,False,26,0.07494902232263398,7.52,D,0,2,ensemble
crop_type,зерновые,10,0.09643957851891968,1.07,D,0,2,ensemble
crop_type,озимая пшеница,16,0.05757893037823009,12.73,D,0,2,ensemble
source_label,landsat,12,0.061798568940483925,11.46,D,0,2,ensemble
source_label,modis,11,0.09518419275507406,1.44,D,0,2,ensemble
source_label,s2,3,0.013688938273887351,25.89,D,0,2,ensemble
gap_length,3,18,0.08649233873014252,4.05,D,0,2,ensemble
gap_length,4,8,0.03774024834793593,18.68,D,0,2,ensemble
left_distance_bin,16-30,17,0.06649650069903515,10.05,D,0,2,ensemble
left_distance_bin,31+,9,0.08874490053355838,3.38,D,0,2,ensemble
right_distance_bin,none,26,0.07494902232263398,7.52,D,0,2,ensemble
year,2010,3,0.026626416661229124,22.01,D,0,2,ensemble
year,2011,3,0.034309418744263166,19.71,D,0,2,ensemble
year,2012,3,0.04503650462920671,16.49,D,0,2,ensemble
year,2013,3,0.16861758103527835,0.0,D,0,2,ensemble
year,2015,4,0.03811578350585367,18.57,D,0,2,ensemble
year,2018,3,0.04618254533561222,16.15,D,0,2,ensemble
year,2021,4,0.03736093867212993,18.79,D,0,2,ensemble
year,2023,3,0.10201197379813112,0.0,D,0,2,ensemble
confidence_bin,low,1,0.12524846210658724,0.0,D,0,2,ensemble
confidence_bin,medium,11,0.07448079028623948,7.66,D,0,2,ensemble
confidence_bin,high,14,0.07037796328535657,8.89,D,0,2,ensemble
overall,all,25,0.11085056269045986,0.0,D,0,3,baseline
seen_polygon,False,25,0.11085056269045986,0.0,D,0,3,baseline
crop_type,зерновые,4,0.04460096021271808,16.62,D,0,3,baseline
crop_type,озимая пшеница,12,0.13179076016800328,0.0,D,0,3,baseline
crop_type,пастбища/зерновые,5,0.12618379682531586,0.0,D,0,3,baseline
crop_type,подсолнечник,4,0.05291925953284509,14.12,D,0,3,baseline
source_label,landsat,11,0.11550430303233616,0.0,D,0,3,baseline
source_label,modis,5,0.06706535952630255,9.88,D,0,3,baseline
source_label,s2,9,0.12380705632779533,0.0,D,0,3,baseline
gap_length,2,4,0.032067425029553065,20.38,D,0,3,baseline
gap_length,3,9,0.16329812671653968,0.0,D,0,3,baseline
gap_length,4,12,0.07250655058079568,8.25,D,0,3,baseline
left_distance_bin,16-30,19,0.11763598116655816,0.0,D,0,3,baseline
left_distance_bin,31+,6,0.08589715166448729,4.23,D,0,3,baseline
right_distance_bin,none,25,0.11085056269045986,0.0,D,0,3,baseline
year,2010,3,0.05548648369558821,13.35,D,0,3,baseline
year,2015,4,0.05291925953284509,14.12,D,0,3,baseline
year,2018,4,0.10479458931631618,0.0,D,0,3,baseline
year,2019,6,0.19611232074310422,0.0,D,0,3,baseline
year,2021,2,0.03432343162929357,19.7,D,0,3,baseline
year,2022,4,0.04460096021271808,16.62,D,0,3,baseline
year,2023,2,0.029640201369781925,21.11,D,0,3,baseline
confidence_bin,low,1,0.07820394618452539,6.54,D,0,3,baseline
confidence_bin,medium,13,0.12006520883066234,0.0,D,0,3,baseline
confidence_bin,high,11,0.10165754329244107,0.0,D,0,3,baseline
overall,all,25,0.1145111885898313,0.0,D,0,3,global_blend
seen_polygon,False,25,0.1145111885898313,0.0,D,0,3,global_blend
crop_type,зерновые,4,0.04317671984547933,17.05,D,0,3,global_blend
crop_type,озимая пшеница,12,0.13909515801281952,0.0,D,0,3,global_blend
crop_type,пастбища/зерновые,5,0.12677036212190032,0.0,D,0,3,global_blend
crop_type,подсолнечник,4,0.044272485546934824,16.72,D,0,3,global_blend
source_label,landsat,11,0.12207227200524451,0.0,D,0,3,global_blend
source_label,modis,5,0.05990692487639855,12.03,D,0,3,global_blend
source_label,s2,9,0.1273481989786354,0.0,D,0,3,global_blend
gap_length,2,4,0.025295617532205498,22.41,D,0,3,global_blend
gap_length,3,9,0.1716048919075382,0.0,D,0,3,global_blend
gap_length,4,12,0.07084412725700139,8.75,D,0,3,global_blend
left_distance_bin,16-30,19,0.12090180214974311,0.0,D,0,3,global_blend
left_distance_bin,31+,6,0.09137162060174991,2.59,D,0,3,global_blend
right_distance_bin,none,25,0.1145111885898313,0.0,D,0,3,global_blend
year,2010,3,0.05940408675861151,12.18,D,0,3,global_blend
year,2015,4,0.044272485546934824,16.72,D,0,3,global_blend
year,2018,4,0.10598296555248894,0.0,D,0,3,global_blend
year,2019,6,0.2059318713266222,0.0,D,0,3,global_blend
year,2021,2,0.014190271360538643,25.74,D,0,3,global_blend
year,2022,4,0.04317671984547933,17.05,D,0,3,global_blend
year,2023,2,0.032838586013796654,20.15,D,0,3,global_blend
confidence_bin,low,1,0.08239447845882583,5.28,D,0,3,global_blend
confidence_bin,medium,13,0.12002030469912454,0.0,D,0,3,global_blend
confidence_bin,high,11,0.11027572950851085,0.0,D,0,3,global_blend
overall,all,25,0.1145111885898313,0.0,D,0,3,ensemble
seen_polygon,False,25,0.1145111885898313,0.0,D,0,3,ensemble
crop_type,зерновые,4,0.04317671984547933,17.05,D,0,3,ensemble
crop_type,озимая пшеница,12,0.13909515801281952,0.0,D,0,3,ensemble
crop_type,пастбища/зерновые,5,0.12677036212190032,0.0,D,0,3,ensemble
crop_type,подсолнечник,4,0.044272485546934824,16.72,D,0,3,ensemble
source_label,landsat,11,0.12207227200524451,0.0,D,0,3,ensemble
source_label,modis,5,0.05990692487639855,12.03,D,0,3,ensemble
source_label,s2,9,0.1273481989786354,0.0,D,0,3,ensemble
gap_length,2,4,0.025295617532205498,22.41,D,0,3,ensemble
gap_length,3,9,0.1716048919075382,0.0,D,0,3,ensemble
gap_length,4,12,0.07084412725700139,8.75,D,0,3,ensemble
left_distance_bin,16-30,19,0.12090180214974311,0.0,D,0,3,ensemble
left_distance_bin,31+,6,0.09137162060174991,2.59,D,0,3,ensemble
right_distance_bin,none,25,0.1145111885898313,0.0,D,0,3,ensemble
year,2010,3,0.05940408675861151,12.18,D,0,3,ensemble
year,2015,4,0.044272485546934824,16.72,D,0,3,ensemble
year,2018,4,0.10598296555248894,0.0,D,0,3,ensemble
year,2019,6,0.2059318713266222,0.0,D,0,3,ensemble
year,2021,2,0.014190271360538643,25.74,D,0,3,ensemble
year,2022,4,0.04317671984547933,17.05,D,0,3,ensemble
year,2023,2,0.032838586013796654,20.15,D,0,3,ensemble
confidence_bin,low,1,0.08239447845882583,5.28,D,0,3,ensemble
confidence_bin,medium,13,0.12002030469912454,0.0,D,0,3,ensemble
confidence_bin,high,11,0.11027572950851085,0.0,D,0,3,ensemble
overall,all,21,0.11908270935201071,0.0,D,0,4,baseline
seen_polygon,False,21,0.11908270935201071,0.0,D,0,4,baseline
crop_type,зерновые,4,0.1895583817558741,0.0,D,0,4,baseline
crop_type,озимая пшеница,13,0.10551648177697293,0.0,D,0,4,baseline
crop_type,подсолнечник,4,0.04828701061783686,15.51,D,0,4,baseline
source_label,landsat,11,0.11115376402329595,0.0,D,0,4,baseline
source_label,modis,7,0.14275697339972335,0.0,D,0,4,baseline
source_label,s2,3,0.08006434703238641,5.98,D,0,4,baseline
gap_length,2,10,0.15038658455419154,0.0,D,0,4,baseline
gap_length,3,3,0.07235516140325639,8.29,D,0,4,baseline
gap_length,4,8,0.08361180293109097,4.92,D,0,4,baseline
left_distance_bin,16-30,14,0.10752175903035241,0.0,D,0,4,baseline
left_distance_bin,31+,7,0.13935644107784909,0.0,D,0,4,baseline
right_distance_bin,none,21,0.11908270935201071,0.0,D,0,4,baseline
year,2010,3,0.07235516140325639,8.29,D,0,4,baseline
year,2011,2,0.25320341004305447,0.0,D,0,4,baseline
year,2013,2,0.061382373091340724,11.59,D,0,4,baseline
year,2014,6,0.08538392768719616,4.38,D,0,4,baseline
year,2017,2,0.19118732461319032,0.0,D,0,4,baseline
year,2022,2,0.08804994792945778,3.59,D,0,4,baseline
year,2024,4,0.05910991498117286,12.27,D,0,4,baseline
confidence_bin,medium,6,0.05898115242352809,12.31,D,0,4,baseline
confidence_bin,high,15,0.13587294725874852,0.0,D,0,4,baseline
overall,all,21,0.1070043397838766,0.0,D,0,4,global_blend
seen_polygon,False,21,0.1070043397838766,0.0,D,0,4,global_blend
crop_type,зерновые,4,0.18068067672716295,0.0,D,0,4,global_blend
crop_type,озимая пшеница,13,0.0885333822736259,3.44,D,0,4,global_blend
crop_type,подсолнечник,4,0.04463854420622312,16.61,D,0,4,global_blend
source_label,landsat,11,0.09406416833866296,1.78,D,0,4,global_blend
source_label,modis,7,0.13391635482409192,0.0,D,0,4,global_blend
source_label,s2,3,0.0765607108573702,7.03,D,0,4,global_blend
gap_length,2,10,0.13669409635963142,0.0,D,0,4,global_blend
gap_length,3,3,0.07304486825528235,8.09,D,0,4,global_blend
gap_length,4,8,0.06854659478521982,9.44,D,0,4,global_blend
left_distance_bin,16-30,14,0.09639933627100476,1.08,D,0,4,global_blend
left_distance_bin,31+,7,0.12555525528933245,0.0,D,0,4,global_blend
right_distance_bin,none,21,0.1070043397838766,0.0,D,0,4,global_blend
year,2010,3,0.07304486825528235,8.09,D,0,4,global_blend
year,2011,2,0.2322851506574322,0.0,D,0,4,global_blend
year,2013,2,0.055550897761668355,13.33,D,0,4,global_blend
year,2014,6,0.0718766615663724,8.44,D,0,4,global_blend
year,2017,2,0.15540323920371804,0.0,D,0,4,global_blend
year,2022,2,0.10646418491316767,0.0,D,0,4,global_blend
year,2024,4,0.045798887586875586,16.26,D,0,4,global_blend
confidence_bin,medium,6,0.060004926980840916,12.0,D,0,4,global_blend
confidence_bin,high,15,0.12078768033548051,0.0,D,0,4,global_blend
overall,all,21,0.1070043397838766,0.0,D,0,4,ensemble
seen_polygon,False,21,0.1070043397838766,0.0,D,0,4,ensemble
crop_type,зерновые,4,0.18068067672716295,0.0,D,0,4,ensemble
crop_type,озимая пшеница,13,0.0885333822736259,3.44,D,0,4,ensemble
crop_type,подсолнечник,4,0.04463854420622312,16.61,D,0,4,ensemble
source_label,landsat,11,0.09406416833866296,1.78,D,0,4,ensemble
source_label,modis,7,0.13391635482409192,0.0,D,0,4,ensemble
source_label,s2,3,0.0765607108573702,7.03,D,0,4,ensemble
gap_length,2,10,0.13669409635963142,0.0,D,0,4,ensemble
gap_length,3,3,0.07304486825528235,8.09,D,0,4,ensemble
gap_length,4,8,0.06854659478521982,9.44,D,0,4,ensemble
left_distance_bin,16-30,14,0.09639933627100476,1.08,D,0,4,ensemble
left_distance_bin,31+,7,0.12555525528933245,0.0,D,0,4,ensemble
right_distance_bin,none,21,0.1070043397838766,0.0,D,0,4,ensemble
year,2010,3,0.07304486825528235,8.09,D,0,4,ensemble
year,2011,2,0.2322851506574322,0.0,D,0,4,ensemble
year,2013,2,0.055550897761668355,13.33,D,0,4,ensemble
year,2014,6,0.0718766615663724,8.44,D,0,4,ensemble
year,2017,2,0.15540323920371804,0.0,D,0,4,ensemble
year,2022,2,0.10646418491316767,0.0,D,0,4,ensemble
year,2024,4,0.045798887586875586,16.26,D,0,4,ensemble
confidence_bin,medium,6,0.060004926980840916,12.0,D,0,4,ensemble
confidence_bin,high,15,0.12078768033548051,0.0,D,0,4,ensemble
