anon_polygon_id,date,y_true,source,crop_type,year,month,seen_polygon,left_days,right_days,gap_length,gap_position,left_distance_bin,right_distance_bin,p_s2,p_landsat,p_modis,p_unknown,context_quality,left_days_1,right_days_1,mode,repeat,fold,seed,pred_nearest_left,error_nearest_left,pred_nearest_right,error_nearest_right,pred_mean_neighbors,error_mean_neighbors,pred_linear,error_linear,pred_seasonal_crop,error_seasonal_crop,pred_pchip,error_pchip,pred_akima,error_akima,split,is_unseen,is_hard,primary_ndvi_pred,base_pred
AOI-0002,2014-09-17,0.1455584442513685,landsat,озимая пшеница,2014,9,True,3.0,13.0,1,0,0-7,8-15,0.032269287781007,0.7210820835140366,0.2334907339681142,0.0131578947368421,0.8333333333333334,3.0,13.0,A,0,r0_f0,17,0.2115757111597374,0.0660172669083689,0.2336505966587112,0.0880921524073427,0.2226131539092243,0.0770547096578558,0.2157147521907949,0.0701563079394264,0.2323186698409349,0.0867602255895664,0.213612895417211,0.0680544511658425,0.2127183625261801,0.0671599182748116,matched,False,False,0.166366845369339,0.21173697710037231
AOI-0002,2020-09-01,0.4192959284849292,landsat,озимая пшеница,2020,9,True,4.0,1.0,1,0,0-7,0-7,0.3747471588901943,0.525543820995036,0.0943898711785993,0.0053191489361702,0.9375,4.0,1.0,A,0,r0_f0,17,0.3955587112171838,-0.0237372172677454,0.4192992563174124,3.3278324831909067e-06,0.4074289837672981,-0.0118669447176311,0.4145511472973666,-0.0047447811875625,0.2613607703614092,-0.15793515812352,0.4168302396269886,-0.0024656888579405,0.4178253566473573,-0.0014705718375718,matched,False,False,0.37191084027290344,0.41644787788391113
AOI-0002,2022-06-24,0.4385884011111776,s2,озимая пшеница,2022,6,True,5.0,2.0,1,0,0-7,0-7,0.5841382829145711,0.2892043131558566,0.1199006471728154,0.0067567567567567,0.8823529411764706,5.0,2.0,A,0,r0_f0,17,0.7710646752905727,0.332476274179395,0.3984877804295944,-0.0401006206815832,0.5847762278600835,0.1461878267489059,0.5049383218184452,0.0663499207072676,0.5174310253937682,0.0788426242825905,0.5070367725194538,0.0684483714082762,0.4967934973925109,0.0582050962813333,matched,False,False,0.4431855380535126,0.4661617875099182
AOI-0002,2023-07-12,0.6329883532219571,modis,озимая пшеница,2023,7,True,8.0,4.0,3,0,8-15,0-7,0.1224651197747987,0.1426029553104943,0.7303022952850773,0.0046296296296296,0.7894736842105263,8.0,4.0,A,0,r0_f0,17,0.748478588103337,0.1154902348813798,0.7329763998116905,0.0999880465897333,0.7407274939575137,0.1077391407355565,0.738143795908906,0.1051554426869488,0.3922055829921826,-0.2407827702297745,0.7410862700393931,0.1080979168174359,0.7412312719402845,0.1082429187183273,matched,False,False,0.7172097563743591,0.7056752443313599
AOI-0002,2023-07-14,0.6842551184152387,s2,озимая пшеница,2023,7,True,10.0,2.0,3,1,8-15,0-7,0.7032318990811182,0.2200159881933341,0.0696092555826905,0.0071428571428571,0.8823529411764706,10.0,2.0,A,0,r0_f0,17,0.748478588103337,0.0642234696880983,0.7329763998116905,0.0487212813964518,0.7407274939575137,0.056472375542275,0.7355600978602982,0.0513049794450595,0.3922055829921826,-0.292049535423056,0.737320635347948,0.0530655169327093,0.737915900521494,0.0536607821062553,matched,False,False,0.7504130601882935,0.7121865749359131
AOI-0002,2023-07-15,0.5493577313457708,landsat,озимая пшеница,2023,7,True,11.0,1.0,3,2,8-15,0-7,0.2625212575116943,0.6448468823022998,0.0840111705308334,0.0086206896551724,0.9375,11.0,1.0,A,0,r0_f0,17,0.748478588103337,0.1991208567575662,0.7329763998116905,0.1836186684659196,0.7407274939575137,0.1913697626117428,0.7342682488359943,0.1849105174902234,0.3666954580152672,-0.1826622733305036,0.735214954522128,0.1858572231763572,0.7356811260885877,0.1863233947428169,matched,False,False,0.7288724780082703,0.7079018950462341
AOI-0002,2023-08-29,0.391390692124105,modis,озимая пшеница,2023,8,True,1.0,9.0,2,0,0-7,8-15,0.196832482505748,0.1644162641824863,0.6345139651761724,0.0042372881355932,0.9375,1.0,9.0,A,0,r0_f0,17,0.3180491654795986,-0.0733415266445063,0.279789912358092,-0.111600779766013,0.2989195389188452,-0.0924711532052597,0.3142232401674479,-0.077167451956657,0.2613607703614092,-0.1300299217626958,0.3113694984220479,-0.080021193702057,0.3138572968048079,-0.0775333953192971,matched,False,False,0.3916306495666504,0.31966009736061096
AOI-0002,2023-09-02,0.2999923749530699,s2,озимая пшеница,2023,9,True,5.0,5.0,2,1,0-7,0-7,0.700345170206293,0.2552778838622814,0.0377979985630044,0.006578947368421,0.75,5.0,5.0,A,0,r0_f0,17,0.3180491654795986,0.0180567905265287,0.279789912358092,-0.0202024625949779,0.2989195389188452,-0.0010728360342246,0.2989195389188453,-0.0010728360342245,0.2613607703614092,-0.0386316045916607,0.2960316292483479,-0.0039607457047219,0.3014613560941775,0.0014689811411076,matched,False,False,0.25309938192367554,0.3040754497051239
AOI-0002,2023-09-14,0.378106491646778,modis,озимая пшеница,2023,9,True,2.0,3.0,1,0,0-7,0-7,0.5019844994357743,0.135097536609942,0.358531999042003,0.0043859649122807,0.8823529411764706,2.0,3.0,A,0,r0_f0,17,0.2434787120797762,-0.1346277795670018,0.2286733280512461,-0.1494331635955319,0.2360760200655111,-0.1420304715812668,0.2375565584683641,-0.1405499331784138,0.2323186698409349,-0.1457878218058431,0.2352382749972453,-0.1428682166495326,0.2331214706770046,-0.1449850209697733,matched,False,False,0.3136269152164459,0.24258005619049072
AOI-0002,2023-10-04,0.2730755806005377,landsat,озимая пшеница,2023,10,True,2.0,3.0,1,0,0-7,0-7,0.5887137782276757,0.3788569151301287,0.0276216143345032,0.0048076923076923,0.8823529411764706,2.0,3.0,A,0,r0_f0,17,0.2505666144925308,-0.0225089661080069,0.2435073986566359,-0.0295681819439018,0.2470370065745833,-0.0260385740259543,0.2477429281581728,-0.0253326524423648,0.2300744919123765,-0.0430010886881612,0.2457845304774374,-0.0272910501231003,0.2460922503201139,-0.0269833302804237,matched,False,False,0.19962050020694733,0.25393638014793396
AOI-0002,2024-04-14,0.6316153333094812,s2,озимая пшеница,2024,4,True,1.0,8.0,1,0,0-7,8-15,0.6559199018844204,0.2972377662990749,0.0398978873720602,0.0069444444444444,0.9375,1.0,8.0,A,0,r0_f0,17,0.6454029844750468,0.0137876511655656,0.7096201678467122,0.078004834537231,0.6775115761608795,0.0458962428513983,0.6525382270718985,0.0209228937624172,0.4166117421924103,-0.2150035911170708,0.6545377294606203,0.0229223961511391,0.6551875858568996,0.0235722525474184,matched,False,False,0.5993282198905945,0.6428892016410828
AOI-0002,2024-09-28,0.2114855038646582,landsat,озимая пшеница,2024,9,True,2.0,1.0,1,0,0-7,0-7,0.6530776692045119,0.2773690488069188,0.0648363008564937,0.0047169811320754,0.9375,2.0,1.0,A,0,r0_f0,17,0.1605228143943474,-0.0509626894703107,0.2422342243436754,0.0307487204790171,0.2013785193690114,-0.0101069844956467,0.2149970876938993,0.0035115838292411,0.2300744919123765,0.0185889880477183,0.2210497847271829,0.0095642808625247,0.2242467406137737,0.0127612367491155,matched,False,False,0.21109463274478912,0.21540884673595428
AOI-0002,2024-10-01,0.1704517202700939,s2,озимая пшеница,2024,10,True,2.0,5.0,1,0,0-7,0-7,0.6922623293567827,0.2340111917353339,0.0687264789078834,0.005,0.8823529411764706,2.0,5.0,A,0,r0_f0,17,0.2422342243436754,0.0717825040735815,0.1665009436024057,-0.0039507766676881,0.2043675839730405,0.0339158637029466,0.220596144131884,0.0501444238617901,0.2300744919123765,0.0596227716422826,0.2292851838177631,0.0588334635476692,0.2244474927586588,0.0539957724885649,matched,False,False,0.17397448420524597,0.21563993394374847
AOI-0003,2019-06-15,0.6561615571152766,s2,озимая пшеница,2019,6,True,3.0,5.0,3,0,0-7,0-7,0.8002522397661372,0.1288569151301287,0.0660831527960417,0.0048076923076923,0.8333333333333334,3.0,5.0,A,0,r0_f0,17,0.7190691470408679,0.0629075899255913,0.3661727349723519,-0.2899888221429246,0.5426209410066098,-0.1135406161086667,0.5867329925151743,-0.0694285646001022,0.5174310253937682,-0.1387305317215084,0.5968095933693736,-0.059351963745903,0.5897587237469385,-0.066402833368338,matched,False,False,0.5839176774024963,0.54227215051651
AOI-0003,2019-06-17,0.4058533125826263,s2,озимая пшеница,2019,6,True,5.0,3.0,3,1,0-7,0-7,0.7466613772643691,0.1634282826040657,0.0838127791559553,0.0060975609756097,0.8333333333333334,5.0,3.0,A,0,r0_f0,17,0.7190691470408679,0.3132158344582416,0.3661727349723519,-0.0396805776102743,0.5426209410066098,0.1367676284239835,0.4985088894980454,0.0926555769154191,0.5174310253937682,0.1115777128111418,0.4927004286319867,0.0868471160493604,0.4974849139948543,0.091631601412228,matched,False,False,0.46698352694511414,0.44537532329559326
AOI-0003,2019-06-19,0.478392192271494,landsat,озимая пшеница,2019,6,True,7.0,1.0,3,2,0-7,0-7,0.4358470326186474,0.4822346574837043,0.0763627543420926,0.0055555555555555,0.9375,7.0,1.0,A,0,r0_f0,17,0.7190691470408679,0.2406769547693739,0.3661727349723519,-0.112219457299142,0.5426209410066098,0.0642287487351158,0.4102847864809164,-0.0681074057905776,0.5174310253937682,0.0390388331222741,0.400161142607302,-0.0782310496641919,0.4079170681031149,-0.070475124168379,matched,False,False,0.47328075766563416,0.38387495279312134
AOI-0003,2019-09-18,0.1595484972299477,s2,озимая пшеница,2019,9,True,2.0,5.0,1,0,0-7,0-7,0.695752646996344,0.2204672633356067,0.0780982714862311,0.0056818181818181,0.8823529411764706,2.0,5.0,A,0,r0_f0,17,0.3456434724871771,0.1860949752572293,-0.0207045392220543,-0.180253036452002,0.1624694666325614,0.0029209694026136,0.2409726119988252,0.0814241147688775,0.2323186698409349,0.0727701726109872,0.2730147121483207,0.1134662149183729,0.2901169117848958,0.1305684145549481,matched,False,False,0.22080673277378082,0.24684566259384155
AOI-0003,2019-10-10,0.4238848899964502,landsat,озимая пшеница,2019,10,True,1.0,6.0,2,0,0-7,0-7,0.7412071924508894,0.1750127178810612,0.0780982714862311,0.0056818181818181,0.9375,1.0,6.0,A,0,r0_f0,17,0.4747139257520997,0.0508290357556495,0.4363504198473282,0.012465529850878,0.4555321727997139,0.0316472828032637,0.4692334249085608,0.0453485349121106,0.2300744919123765,-0.1938103980840737,0.4739561170729494,0.0500712270764992,0.4704578736905445,0.0465729836940943,matched,False,False,0.42441514134407043,0.473681777715683
AOI-0003,2019-10-13,0.4359805831215424,s2,озимая пшеница,2019,10,True,4.0,3.0,2,1,0-7,0-7,0.791402588174203,0.1266791019281488,0.0763627543420926,0.0055555555555555,0.8333333333333334,4.0,3.0,A,0,r0_f0,17,0.4747139257520997,0.0387333426305572,0.4363504198473282,0.0003698367257857,0.4555321727997139,0.0195515896781715,0.4527919223779446,0.0168113392564021,0.2406710940977025,-0.1953094890238399,0.4623880267834246,0.0264074436618822,0.4544505586573817,0.0184699755358393,matched,False,False,0.3615679144859314,0.45153987407684326
AOI-0003,2020-09-04,0.1553999021096215,s2,озимая пшеница,2020,9,True,2.0,3.0,1,0,0-7,0-7,0.7252342226399845,0.1910814211922624,0.0792200704534673,0.0044642857142857,0.8823529411764706,2.0,3.0,A,0,r0_f0,17,0.1605660538840874,0.0051661517744658,0.1569311429389366,0.001531240829315,0.158748598411512,0.0033486963018904,0.1591120895060271,0.0037121873964055,0.2613607703614092,0.1059608682517876,0.158048317047653,0.0026484149380315,0.1545917309376214,-0.0008081711720001,matched,False,False,0.15655426681041718,0.15846996009349823
AOI-0003,2021-07-10,0.3284174414042634,landsat,озимая пшеница,2021,7,True,1.0,1.0,1,0,0-7,0-7,0.4295882065326618,0.480501453335773,0.0838127791559553,0.0060975609756097,0.9375,1.0,1.0,A,0,r0_f0,17,0.255426043336948,-0.0729913980673153,0.2318272396164763,-0.096590201787787,0.2436266414767121,-0.0847907999275512,0.2436266414767121,-0.0847907999275512,0.3922055829921826,0.0637881415879192,0.2394362535368909,-0.0889811878673724,0.2367655309381186,-0.0916519104661447,matched,False,False,0.3198993504047394,0.24281926453113556
AOI-0003,2021-07-16,0.2145448250095306,s2,озимая пшеница,2021,7,True,2.0,2.0,1,0,0-7,0-7,0.8252732597466487,0.0979283247243061,0.0715900821957118,0.0052083333333333,0.8823529411764706,2.0,2.0,A,0,r0_f0,17,0.2181290226849835,0.0035841976754528,0.2326199398818654,0.0180751148723348,0.2253744812834244,0.0108296562738938,0.2253744812834244,0.0108296562738938,0.3666954580152672,0.1521506330057366,0.2253744812834244,0.0108296562738938,0.2309141773209879,0.0163693523114573,matched,False,False,0.23269091546535492,0.22952671349048615
AOI-0003,2021-07-28,0.2809733587786259,modis,озимая пшеница,2021,7,True,2.0,1.0,1,0,0-7,0-7,0.3768852744639855,0.1616759931127782,0.4572720657565695,0.0041666666666666,0.9375,2.0,1.0,A,0,r0_f0,17,0.2031671371079236,-0.0778062216707022,0.2021886940956907,-0.0787846646829351,0.2026779156018071,-0.0782954431768187,0.202514841766435,-0.0784585170121908,0.3666954580152672,0.0857220992366413,0.202294298426751,-0.0786790603518748,0.2021623547732035,-0.0788110040054223,matched,False,False,0.3107888996601105,0.20294088125228882
AOI-0003,2021-10-12,0.0481885637340658,s2,озимая пшеница,2021,10,True,5.0,4.0,2,0,0-7,0-7,0.7107971195806598,0.1620882616126447,0.1184939291515231,0.0086206896551724,0.7894736842105263,5.0,4.0,A,0,r0_f0,17,0.1660500513577028,0.1178614876236369,0.3243940458015267,0.2762054820674609,0.2452220485796147,0.1970334848455489,0.2540189371598271,0.2058303734257613,0.2300744919123765,0.1818859281783107,0.2583630796685741,0.2101745159345082,0.2596410466591952,0.2114524829251294,matched,False,False,0.1360188126564026,0.26054054498672485
AOI-0003,2021-10-14,0.273426588447629,s2,озимая пшеница,2021,10,True,7.0,2.0,2,1,0-7,0-7,0.7466613772643691,0.1634282826040657,0.0838127791559553,0.0060975609756097,0.8823529411764706,7.0,2.0,A,0,r0_f0,17,0.1660500513577028,-0.1073765370899262,0.3243940458015267,0.0509674573538976,0.2452220485796147,-0.0282045398680142,0.2892064914806769,0.0157799030330478,0.2406710940977025,-0.0327554943499265,0.304410990261291,0.030984401813662,0.307791315775366,0.0343647273277369,matched,False,False,0.19255730509757996,0.2876252830028534
AOI-0003,2022-07-01,0.2460110261196855,s2,озимая пшеница,2022,7,True,1.0,3.0,1,0,0-7,0-7,0.7063901319967171,0.1979706038115652,0.0905372233753912,0.0051020408163265,0.9375,1.0,3.0,A,0,r0_f0,17,0.2816243487424749,0.0356133226227893,0.2529404708348961,0.0069294447152106,0.2672824097886855,0.021271383669,0.2744533792655802,0.0284423531458947,0.3922055829921826,0.1461945568724971,0.2771424928194157,0.0311314666997302,0.2846464177692892,0.0386353916496037,matched,False,False,0.2835693359375,0.27471673488616943
AOI-0003,2022-07-21,0.3918759546340291,s2,озимая пшеница,2022,7,True,2.0,3.0,1,0,0-7,0-7,0.5806493425066497,0.3470697958189548,0.0673789008900817,0.0049019607843137,0.8823529411764706,2.0,3.0,A,0,r0_f0,17,0.3552343163440004,-0.0366416382900287,0.3581563054070199,-0.0337196492270091,0.3566953108755101,-0.0351806437585189,0.3564031119692082,-0.0354728426648208,0.3666954580152672,-0.0251804966187618,0.3556889825244846,-0.0361869721095444,0.341856098935889,-0.05001985569814,matched,False,False,0.3444631099700928,0.3568915128707886
AOI-0003,2022-08-10,0.4055034266248519,s2,озимая пшеница,2022,8,True,2.0,3.0,1,0,0-7,0-7,0.7096814427894176,0.2207652752220131,0.0648363008564937,0.0047169811320754,0.8823529411764706,2.0,3.0,A,0,r0_f0,17,0.4357564548409246,0.0302530282160727,0.4236499126655639,0.018146486040712,0.4297031837532442,0.0241997571283923,0.4309138379707803,0.0254104113459284,0.3383295609182435,-0.0671738657066083,0.4274447215561912,0.0219412949313392,0.406360677278886,0.0008572506540341,matched,False,False,0.46939346194267273,0.42435377836227417
AOI-0003,2024-08-14,0.1744454916107615,s2,озимая пшеница,2024,8,True,2.0,3.0,1,0,0-7,0-7,0.711932941112538,0.2488502229480627,0.0334028824510272,0.005813953488372,0.8823529411764706,2.0,3.0,A,0,r0_f0,17,0.1499496599134796,-0.0244958316972818,0.1600596961649387,-0.0143857954458228,0.1550046780392091,-0.0194408135715523,0.1539936744140632,-0.0204518171966982,0.2647903045120205,0.090344812901259,0.1514645531709019,-0.0229809384398596,0.1185953337323948,-0.0558501578783666,matched,False,False,0.21855232119560242,0.15230432152748108
AOI-0003,2024-08-22,0.1285259986020827,s2,озимая пшеница,2024,8,True,2.0,2.0,1,0,0-7,0-7,0.7472064585273293,0.2183787670768713,0.0293127335794728,0.0051020408163265,0.8823529411764706,2.0,2.0,A,0,r0_f0,17,0.2087863666456093,0.0802603680435266,0.4101390083914804,0.2816130097893977,0.3094626875185448,0.1809366889164621,0.3094626875185448,0.1809366889164621,0.2647903045120205,0.1362643059099378,0.3094626875185448,0.1809366889164621,0.3168991106476612,0.1883731120455785,matched,False,False,0.2824611961841583,0.3062003552913666
AOI-0004,2010-05-02,0.3067934445886205,landsat,озимая пшеница,2010,5,False,1.0,7.0,1,0,0-7,0-7,0.0235814026091974,0.8346369071833344,0.1321663055920834,0.0096153846153846,0.9375,1.0,7.0,A,0,r0_f0,17,0.2253128213745829,-0.0814806232140376,0.4641739677296405,0.1573805231410199,0.3447433945521116,0.0379499499634911,0.2551704646689651,-0.0516229799196554,0.6465173937099522,0.3397239491213317,0.2357807713978564,-0.0710126731907641,0.2410346726158249,-0.0657587719727955,matched,True,False,0.2477453052997589,0.25233444571495056
AOI-0004,2011-04-23,0.3854859103036464,modis,озимая пшеница,2011,4,False,5.0,16.0,2,0,0-7,16-30,0.0142585225078868,0.0628037113201557,0.9171238126835852,0.005813953488372,0.75,5.0,16.0,A,0,r0_f0,17,0.2721025383753675,-0.1133833719282788,0.6992529030618727,0.3137669927582263,0.4856777207186201,0.1001918104149737,0.3738050061578687,-0.0116809041457776,0.5416330578512396,0.1561471475475932,0.32700969397923,-0.0584762163244163,0.3567853191799692,-0.0287005911236771,matched,True,False,0.5124505758285522,0.37638434767723083
AOI-0004,2011-04-26,0.2655132831722135,landsat,озимая пшеница,2011,4,False,8.0,13.0,2,1,8-15,8-15,0.0255465194932972,0.8208566494486123,0.1431801643914237,0.0104166666666666,0.6521739130434783,8.0,13.0,A,0,r0_f0,17,0.2721025383753675,0.006589255203154,0.6992529030618727,0.4337396198896592,0.4856777207186201,0.2201644375464066,0.4348264868273694,0.1693132036551559,0.5416330578512396,0.2761197746790261,0.3979325612065445,0.132419278034331,0.424927177181029,0.1594138940088155,matched,True,False,0.3453962206840515,0.43242356181144714
AOI-0004,2011-07-08,0.4502093573997997,landsat,озимая пшеница,2011,7,False,1.0,4.0,1,0,0-7,0-7,0.0383197792399458,0.6687849741729185,0.2772702465871356,0.015625,0.9375,1.0,4.0,A,0,r0_f0,17,0.5348258259059435,0.0846164685061438,0.4501917164273917,-1.764097240802842e-05,0.4925087711666676,0.0422994137668678,0.5178990040102331,0.0676896466104334,0.3922055829921826,-0.0580037744076171,0.528367536859698,0.0781581794598982,0.5182294262557312,0.0680200688559314,matched,True,False,0.4325508177280426,0.5244154930114746
AOI-0004,2011-07-31,0.2159988650669347,landsat,озимая пшеница,2011,7,False,3.0,8.0,1,0,0-7,8-15,0.0245246587135653,0.7880223834706678,0.1774529578157668,0.01,0.8333333333333334,3.0,8.0,A,0,r0_f0,17,0.3415904713505272,0.1255916062835925,0.185498532709123,-0.0305003323578116,0.2635445020298251,0.0475456369628904,0.2990199426301442,0.0830210775632095,0.3383295609182435,0.1223306958513088,0.3006572379672389,0.0846583729003042,0.2927420516382225,0.0767431865712877,matched,True,False,0.28290945291519165,0.3000275790691376
AOI-0004,2011-09-30,0.3533917418371237,modis,озимая пшеница,2011,9,False,5.0,11.0,1,0,0-7,8-15,0.0142585225078868,0.086059525273644,0.893867998730097,0.005813953488372,0.75,5.0,11.0,A,0,r0_f0,17,0.2200019479958696,-0.133389793841254,0.1612802246745176,-0.192111517162606,0.1906410863351936,-0.16275065550193,0.2016514094579471,-0.1517403323791765,0.2300744919123765,-0.1233172499247471,0.1910348020352453,-0.1623569398018783,0.1626446618963149,-0.1907470799408087,matched,True,False,0.36745232343673706,0.18795393407344818
AOI-0004,2012-08-10,0.3573910570278911,landsat,озимая пшеница,2012,8,False,14.0,16.0,2,0,8-15,16-30,0.0471628052183949,0.6692738143666689,0.2643326111841669,0.0192307692307692,0.5172413793103449,14.0,16.0,A,0,r0_f0,17,0.4412219413035191,0.083830884275628,0.4691774426585384,0.1117863856306473,0.4551996919810287,0.0978086349531376,0.4542678419358614,0.0968767849079703,0.3383295609182435,-0.0190614961096475,0.4455136215698203,0.0881225645419292,0.4165810260546593,0.0591899690267682,matched,True,False,0.49207669496536255,0.4619121551513672
AOI-0004,2012-08-12,0.5071944352687077,modis,озимая пшеница,2012,8,False,16.0,14.0,2,1,16-30,8-15,0.0139344651781621,0.1750127178810612,0.8053709987589585,0.0056818181818181,0.5172413793103449,16.0,14.0,A,0,r0_f0,17,0.4412219413035191,-0.0659724939651885,0.4691774426585384,-0.0380169926101692,0.4551996919810287,-0.0519947432876789,0.456131542026196,-0.0510628932425116,0.3383295609182435,-0.1688648743504641,0.4471206921322323,-0.0600737431364753,0.4197682834006851,-0.0874261518680225,matched,True,False,0.5209905505180359,0.45783278346061707
AOI-0004,2013-04-23,0.5298144454326007,modis,озимая пшеница,2013,4,False,8.0,8.0,1,0,8-15,8-15,0.0139344651781621,0.0841036269719703,0.8962800896680494,0.0056818181818181,0.6521739130434783,8.0,8.0,A,0,r0_f0,17,0.3061637435507626,-0.2236507018818381,0.4044628989642215,-0.1253515464683792,0.355313321257492,-0.1745011241751086,0.355313321257492,-0.1745011241751086,0.5416330578512396,0.0118186124186389,0.3490246646862718,-0.1807897807463289,0.35074944549385,-0.1790649999387506,matched,True,False,0.3751978576183319,0.3365001380443573
AOI-0004,2013-06-10,0.5634727650346175,landsat,озимая пшеница,2013,6,False,16.0,24.0,2,0,16-30,16-30,0.014598011139027,0.3500133234944451,0.6294362844141469,0.0059523809523809,0.4838709677419355,16.0,24.0,A,0,r0_f0,17,0.7136443399822133,0.1501715749475958,0.7039668495046851,0.1404940844700676,0.7088055947434493,0.1453328297088317,0.709773343791202,0.1463005787565845,0.7010719673379057,0.1375992023032881,0.7125583591645991,0.1490855941299815,0.7777013370551675,0.21422857202055,matched,True,False,0.7807795405387878,0.7886365652084351
AOI-0004,2013-06-26,0.5962524511316992,landsat,озимая пшеница,2013,6,False,32.0,8.0,2,1,31+,8-15,0.0142585225078868,0.4116409206224812,0.5682866033812598,0.005813953488372,0.6521739130434783,32.0,8.0,A,0,r0_f0,17,0.7136443399822133,0.1173918888505141,0.7039668495046851,0.1077143983729859,0.7088055947434493,0.11255314361175,0.7059023476001908,0.1096498964684915,0.5174310253937682,-0.078821425737931,0.7080673029549823,0.1118148518232831,0.7442673604542228,0.1480149093225236,matched,True,False,0.7156301140785217,0.7040379047393799
AOI-0004,2014-04-18,0.4507042134534759,landsat,озимая пшеница,2014,4,False,8.0,5.0,1,0,8-15,0-7,0.0266572377321362,0.813067808120291,0.1494053889301813,0.0108695652173913,0.75,8.0,5.0,A,0,r0_f0,17,0.3262393801062039,-0.1244648333472719,0.7054648583407447,0.2547606448872688,0.5158521192234743,0.0651479057699984,0.5596089051736136,0.1089046917201377,0.5416330578512396,0.0909288443977637,0.5803221766293009,0.1296179631758249,0.5692685052208741,0.1185642917673982,matched,True,False,0.4545273184776306,0.567877471446991
AOI-0004,2014-05-25,0.7344879303773344,modis,озимая пшеница,2014,5,False,5.0,3.0,1,0,0-7,0-7,0.0139344651781621,0.1295581724265158,0.8508255442135039,0.0056818181818181,0.8333333333333334,5.0,3.0,A,0,r0_f0,17,0.752843670931427,0.0183557405540926,0.7283351996369649,-0.0061527307403694,0.740589435284196,0.0061015049068615,0.7375258763723882,0.0030379459950538,0.7246056996320704,-0.0098822307452639,0.7375736710254461,0.0030857406481117,0.7373710651657399,0.0028831347884055,matched,True,False,0.7583005428314209,0.733767569065094
AOI-0004,2014-06-05,0.7545571460442435,landsat,озимая пшеница,2014,6,False,8.0,5.0,1,0,8-15,0-7,0.0235814026091974,0.8346369071833344,0.1321663055920834,0.0096153846153846,0.75,8.0,5.0,A,0,r0_f0,17,0.7283351996369649,-0.0262219464072785,0.6952635624444162,-0.0592935835998272,0.7117993810406906,-0.0427577650035528,0.7079834229030889,-0.0465737231411546,0.7010719673379057,-0.0534851787063378,0.7096589089764294,-0.0448982370678141,0.7080700545602155,-0.0464870914840279,matched,True,False,0.7901463508605957,0.7176111936569214
AOI-0004,2014-08-13,0.4088303011053233,modis,озимая пшеница,2014,8,False,5.0,3.0,1,0,0-7,0-7,0.0136248103964252,0.1266791019281488,0.8541405321198705,0.0055555555555555,0.8333333333333334,5.0,3.0,A,0,r0_f0,17,0.4173931025211371,0.0085628014158137,0.3912489606320532,-0.01758134047327,0.4043210315765951,-0.0045092695287281,0.4010530138404596,-0.0077772872648636,0.3383295609182435,-0.0705007401870798,0.3995211305266462,-0.0093091705786771,0.3979700333196325,-0.0108602677856907,matched,True,False,0.5105613470077515,0.39281582832336426
AOI-0004,2014-08-29,0.3812186380383687,modis,озимая пшеница,2014,8,False,5.0,16.0,1,0,0-7,16-30,0.0133286188660681,0.1239252084079716,0.8573113901172646,0.0054347826086956,0.75,5.0,16.0,A,0,r0_f0,17,0.4408120200916491,0.0595933820532804,0.3654433744124,-0.0157752636259687,0.4031276972520246,0.0219090592136558,0.4228671044537326,0.0416484664153639,0.2613607703614092,-0.1198578676769595,0.4362117072539899,0.0549930692156211,0.4421915159166897,0.060972877878321,matched,True,False,0.46170586347579956,0.4187365770339966
AOI-0004,2015-06-26,0.6865789861516962,modis,озимая пшеница,2015,6,False,16.0,6.0,1,0,16-30,0-7,0.0136248103964252,0.2155679908170376,0.7652516432309816,0.0055555555555555,0.7142857142857143,16.0,6.0,A,0,r0_f0,17,0.7687886799644265,0.0822096938127302,0.6948545673089903,0.008275581157294,0.7318216236367083,0.0452426374850121,0.7150184162150184,0.0284394300633221,0.5174310253937682,-0.169147960757928,0.7198782962621741,0.0332993101104779,0.7213004116440389,0.0347214254923426,matched,True,False,0.7651965618133545,0.6974062919616699
AOI-0004,2016-05-02,0.6165485345169495,landsat,озимая пшеница,2016,5,False,9.0,22.0,2,0,8-15,16-30,0.0278689303563242,0.804570890307577,0.1561965429724623,0.0113636363636363,0.625,9.0,22.0,A,0,r0_f0,17,0.5719504195049808,-0.0445981150119686,0.8394155634608059,0.2228670289438564,0.7056829914828934,0.0891344569659439,0.6496015903308655,0.033053055813916,0.6465173937099522,0.0299688591930027,0.6264920847572931,0.0099435502403436,0.5550699862459468,-0.0614785482710026,matched,True,False,0.7549209594726562,0.679861307144165
AOI-0004,2016-05-08,0.8109264515309367,modis,озимая пшеница,2016,5,False,15.0,16.0,2,1,8-15,16-30,0.0139344651781621,0.1295581724265158,0.8508255442135039,0.0056818181818181,0.5,15.0,16.0,A,0,r0_f0,17,0.5719504195049808,-0.2389760320259558,0.8394155634608059,0.0284891119298692,0.7056829914828934,-0.1052434600480433,0.701369037548122,-0.1095574139828147,0.6465173937099522,-0.1644090578209844,0.6992143050937097,-0.1117121464372269,0.7103433931247682,-0.1005830584061684,matched,True,False,0.7635465264320374,0.7206495404243469
AOI-0004,2016-09-06,0.3217106684834303,landsat,озимая пшеница,2016,9,False,8.0,7.0,1,0,8-15,0-7,0.0235814026091974,0.796175368721796,0.1706278440536219,0.0096153846153846,0.6818181818181818,8.0,7.0,A,0,r0_f0,17,0.412410932431973,0.0907002639485427,0.3593843603099988,0.0376736918265685,0.3858976463709859,0.0641869778875556,0.3841300939669201,0.0624194254834898,0.2613607703614092,-0.060349898122021,0.3980302750449166,0.0763196065614864,0.4071248801195326,0.0854142116361023,matched,True,False,0.3387666344642639,0.39172717928886414
AOI-0004,2017-05-01,0.4340780025344763,s2,озимая пшеница,2017,5,False,5.0,5.0,1,0,0-7,0-7,0.7948087907733092,0.1027933218546304,0.0954534429276158,0.0069444444444444,0.75,5.0,5.0,A,0,r0_f0,17,0.4106825230898097,-0.0233954794446666,0.5261280059775217,0.0920500034430454,0.4684052645336657,0.0343272619991893,0.4684052645336656,0.0343272619991893,0.6465173937099522,0.2124393911754759,0.4515396631484462,0.0174616606139699,0.4596570884278181,0.0255790858933418,matched,True,False,0.4926915168762207,0.4997820258140564
AOI-0004,2017-05-09,0.6850381654173548,modis,озимая пшеница,2017,5,False,3.0,3.0,1,0,0-7,0-7,0.1169399264133153,0.0562616580576394,0.821590082195712,0.0052083333333333,0.8333333333333334,3.0,3.0,A,0,r0_f0,17,0.5261280059775217,-0.1589101594398331,0.6205661131230278,-0.064472052294327,0.5733470595502748,-0.11169110586708,0.5733470595502748,-0.11169110586708,0.6465173937099522,-0.0385207717074026,0.5730769711288423,-0.1119611942885125,0.5736414256616552,-0.1113967397556996,matched,True,False,0.7615905404090881,0.5793282985687256
AOI-0004,2017-06-10,0.749544797357388,modis,озимая пшеница,2017,6,False,5.0,3.0,1,0,0-7,0-7,0.0580692548408696,0.1044568797059265,0.8319183098976483,0.0055555555555555,0.8333333333333334,5.0,3.0,A,0,r0_f0,17,0.7730800279519389,0.0235352305945508,0.7899199542171702,0.0403751568597822,0.7814999910845546,0.0319551937271666,0.7836049818677084,0.0340601845103204,0.7010719673379057,-0.0484728300194823,0.7864235203628234,0.0368787230054353,0.786109784458627,0.036564987101239,matched,True,False,0.8147024512290955,0.7867924571037292
AOI-0004,2018-04-05,0.2706573945531747,landsat,озимая пшеница,2018,4,False,168.0,2.0,1,0,31+,0-7,0.1244341175161492,0.747645694607938,0.1160154259711509,0.0119047619047619,0.8823529411764706,168.0,2.0,A,0,r0_f0,17,0.3794135563135374,0.1087561617603626,0.4255213441748189,0.1548639496216441,0.4024674502441782,0.1318100556910034,0.424978899611745,0.1543215050585702,0.4166117421924103,0.1459543476392356,0.4255023492302573,0.1548449546770826,0.4360696279243554,0.1654122333711807,matched,True,False,0.3008933365345001,0.4300117790699005
AOI-0004,2018-08-13,0.4796867996442638,modis,озимая пшеница,2018,8,False,9.0,6.0,1,0,8-15,0-7,0.0122623293567826,0.1740111917353339,0.8087264789078834,0.005,0.7142857142857143,9.0,6.0,A,0,r0_f0,17,0.5042224616501632,0.0245356620058993,0.5116051367910657,0.0319183371468018,0.5079137992206144,0.0282269995763506,0.5086520667347046,0.0289652670904408,0.3383295609182435,-0.1413572387260203,0.509006435141468,0.0293196354972042,0.523684229334248,0.0439974296899841,matched,True,False,0.4960904121398926,0.49892091751098633
AOI-0004,2019-04-01,0.301912486679315,s2,озимая пшеница,2019,4,False,153.0,5.0,1,0,31+,0-7,0.8004857951051532,0.1370577624728405,0.053197183162747,0.0092592592592592,0.75,153.0,5.0,A,0,r0_f0,17,0.2378369715052527,-0.0640755151740622,0.3083763593496035,0.0064638726702885,0.2731066654274281,-0.0288058212518868,0.306144100240605,0.00423161356129,0.4166117421924103,0.1146992555130953,0.3034252847095814,0.0015127980302664,0.3018470911311713,-6.53955481436097e-05,matched,True,False,0.34005993604660034,0.3210078179836273
AOI-0004,2019-04-07,0.5679321051962901,modis,озимая пшеница,2019,4,False,1.0,4.0,1,0,0-7,0-7,0.1220242710399811,0.1891425997123194,0.6833983466390038,0.0054347826086956,0.9375,1.0,4.0,A,0,r0_f0,17,0.3083763593496035,-0.2595557458466866,0.3233731936267604,-0.2445589115695297,0.3158747764881819,-0.2520573287081081,0.3113757262050349,-0.2565563789912552,0.4166117421924103,-0.1513203630038798,0.3098180502474255,-0.2581140549488646,0.3102204795483881,-0.2577116256479019,matched,True,False,0.508159875869751,0.29874688386917114
AOI-0004,2019-05-09,0.7725285224240886,modis,озимая пшеница,2019,5,False,3.0,2.0,1,0,0-7,0-7,0.1747839357788933,0.0854647197593944,0.7352058899162577,0.0045454545454545,0.8823529411764706,3.0,2.0,A,0,r0_f0,17,0.6757405297517433,-0.0967879926723453,0.7217084753277926,-0.050820047096296,0.6987245025397679,-0.0738040198843207,0.7033212970973729,-0.0692072253267157,0.6465173937099522,-0.1260111287141364,0.7031020477715971,-0.0694264746524915,0.7044810530201507,-0.0680474694039379,matched,True,False,0.7948136329650879,0.7092995047569275
AOI-0004,2019-08-23,0.2118556943466323,landsat,озимая пшеница,2019,8,False,1.0,1.0,1,0,0-7,0-7,0.3056083281010298,0.5973831470201761,0.0904295775103729,0.006578947368421,0.9375,1.0,1.0,A,0,r0_f0,17,0.5209768321856344,0.3091211378390021,0.2607993561162952,0.0489436617696628,0.3908880941509648,0.1790323998043325,0.3908880941509648,0.1790323998043325,0.2647903045120205,0.0529346101653882,0.3908880941509647,0.1790323998043324,0.3848981210581415,0.1730424267115091,matched,True,False,0.41122308373451233,0.3936561942100525
AOI-0004,2019-08-30,0.4217154938805213,landsat,озимая пшеница,2019,8,False,1.0,9.0,3,0,0-7,8-15,0.2746604705096895,0.6485874167647627,0.0696092555826905,0.0071428571428571,0.9375,1.0,9.0,A,0,r0_f0,17,0.4812919541051571,0.0595764602246358,0.4191583295852448,-0.0025571642952765,0.4502251418452009,0.0285096479646796,0.4750785916531659,0.0533630977726445,0.2613607703614092,-0.1603547235191121,0.4798845645976439,0.0581690707171226,0.4756812538875161,0.0539657600069948,matched,True,False,0.42882680892944336,0.4756178855895996
AOI-0004,2019-09-03,0.4066832257257429,s2,озимая пшеница,2019,9,False,5.0,5.0,3,1,0-7,0-7,0.8093890106327076,0.1295581724265158,0.0553709987589584,0.0056818181818181,0.75,5.0,5.0,A,0,r0_f0,17,0.4812919541051571,0.0746087283794142,0.4191583295852448,0.0124751038595019,0.4502251418452009,0.043541916119458,0.450225141845201,0.0435419161194581,0.2613607703614092,-0.1453224553643337,0.4548411415541507,0.0481579158284078,0.4488925074643741,0.0422092817386312,matched,True,False,0.4010390341281891,0.4540523886680603
AOI-0004,2019-09-07,0.4816482050154145,landsat,озимая пшеница,2019,9,False,9.0,1.0,3,2,8-15,0-7,0.3845246587135654,0.5080223834706679,0.0974529578157668,0.01,0.9375,9.0,1.0,A,0,r0_f0,17,0.4812919541051571,-0.0003562509102573,0.4191583295852448,-0.0624898754301697,0.4502251418452009,-0.0314230631702135,0.425371692037236,-0.0562765129781784,0.2613607703614092,-0.2202874346540053,0.4238892388832018,-0.0577589661322127,0.4238095330486905,-0.0578386719667239,matched,True,False,0.4378853142261505,0.4262538254261017
AOI-0004,2019-09-30,0.4669939397789353,modis,озимая пшеница,2019,9,False,2.0,9.0,1,0,0-7,8-15,0.3632058605155395,0.1981585108660499,0.4340059989887809,0.0046296296296296,0.8823529411764706,2.0,9.0,A,0,r0_f0,17,0.3625844484079885,-0.1044094913709468,0.4517356590624062,-0.015258280716529,0.4071600537351973,-0.0598338860437379,0.3787937594360644,-0.0882001803428708,0.2300744919123765,-0.2369194478665587,0.3774076695134304,-0.0895862702655048,0.3765430847725302,-0.090450855006405,matched,True,False,0.4151439964771271,0.3757617175579071
AOI-0004,2020-04-10,0.3107386455167519,s2,озимая пшеница,2020,4,False,4.0,8.0,1,0,0-7,8-15,0.7192734180497063,0.1810962050477485,0.0928736201457883,0.0067567567567567,0.7894736842105263,4.0,8.0,A,0,r0_f0,17,0.3854601829500699,0.074721537433318,0.4235840223713132,0.1128453768545613,0.4045221026606915,0.0937834571439396,0.3981681294238177,0.0874294839070657,0.4166117421924103,0.1058730966756584,0.4070817263823896,0.0963430808656377,0.4339042795579294,0.1231656340411774,matched,True,False,0.30988872051239014,0.42533886432647705
AOI-0004,2020-05-04,0.5259920299996694,landsat,озимая пшеница,2020,5,False,4.0,4.0,1,0,0-7,0-7,0.3138680126443009,0.5594745834261269,0.1199006471728154,0.0067567567567567,0.7894736842105263,4.0,4.0,A,0,r0_f0,17,0.4086841387253173,-0.1173078912743521,0.7052214966332103,0.1792294666335409,0.5569528176792637,0.0309607876795943,0.5569528176792637,0.0309607876795943,0.6465173937099522,0.1205253637102827,0.5773423420313146,0.0513503120316451,0.5691653550046936,0.0431733250050241,matched,True,False,0.4565085768699646,0.549185037612915
AOI-0004,2020-05-12,0.6005888800595981,landsat,озимая пшеница,2020,5,False,4.0,3.0,1,0,0-7,0-7,0.6198650287811595,0.307854109544445,0.0673789008900817,0.0049019607843137,0.8333333333333334,4.0,3.0,A,0,r0_f0,17,0.7052214966332103,0.1046326165736122,0.6122869120123868,0.0116980319527887,0.6587542043227985,0.0581653242632004,0.6521160197070255,0.0515271396474273,0.6465173937099522,0.0459285136503541,0.6488646639768508,0.0482757839172527,0.6551663085329946,0.0545774284733965,matched,True,False,0.607611358165741,0.6628249287605286
AOI-0004,2020-06-29,0.5979412837833551,s2,озимая пшеница,2020,6,False,4.0,5.0,1,0,0-7,0-7,0.7954418650692472,0.1390380387016267,0.0594225352535163,0.0060975609756097,0.7894736842105263,4.0,5.0,A,0,r0_f0,17,0.6481195654935844,0.0501782817102293,0.6369007783451925,0.0389594945618374,0.6425101719193884,0.0445688881360333,0.6431334378720769,0.0451921540887217,0.3922055829921826,-0.2057357007911724,0.6435605725824395,0.0456192887990843,0.6436433226505744,0.0457020388672193,matched,True,False,0.6349546909332275,0.642600417137146
AOI-0004,2020-07-27,0.5532012323719985,modis,озимая пшеница,2020,7,False,3.0,2.0,1,0,0-7,0-7,0.2388266046989322,0.1526413962590648,0.6041460341297223,0.0043859649122807,0.8823529411764706,3.0,2.0,A,0,r0_f0,17,0.6124100242637162,0.0592087918917176,0.3544588205935525,-0.1987424117784459,0.4834344224286343,-0.0697668099433641,0.457639302061618,-0.0955619303103804,0.3666954580152672,-0.1865057743567312,0.4452576442854501,-0.1079435880865483,0.4416820717202488,-0.1115191606517496,matched,True,False,0.5033046007156372,0.4572402536869049
AOI-0004,2020-09-10,0.3695339496450431,landsat,озимая пшеница,2020,9,False,1.0,2.0,1,0,0-7,0-7,0.3093890106327076,0.5841036269719703,0.1008255442135038,0.0056818181818181,0.9375,1.0,2.0,A,0,r0_f0,17,0.4433246663025896,0.0737907166575465,0.369480482976306,-5.3466668737123246e-05,0.4064025746394478,0.0368686249944046,0.4187099385271617,0.0491759888821186,0.2613607703614092,-0.1081731792836339,0.4241798780328123,0.0546459283877692,0.4248039874247106,0.0552700377796674,matched,True,False,0.39997854828834534,0.4116297960281372
AOI-0004,2021-07-10,0.7037087260983896,landsat,озимая пшеница,2021,7,False,1.0,2.0,1,0,0-7,0-7,0.2610035293284586,0.5969866541444453,0.1344340589513385,0.0075757575757575,0.9375,1.0,2.0,A,0,r0_f0,17,0.6948113567698857,-0.0088973693285039,0.5624259560411639,-0.1412827700572257,0.6286186564055247,-0.0750900696928649,0.6506828898603118,-0.0530258362380778,0.3922055829921826,-0.311503143106207,0.660489215840217,-0.0432195102581726,0.6612954175102522,-0.0424133085881374,matched,True,False,0.6129224300384521,0.6481050848960876
AOI-0004,2021-07-19,0.577360488679689,s2,озимая пшеница,2021,7,False,1.0,5.0,1,0,0-7,0-7,0.7211065930799819,0.1812616580576395,0.0924234155290452,0.0052083333333333,0.9375,1.0,5.0,A,0,r0_f0,17,0.5371982722324065,-0.0401622164472825,0.5524856663970292,-0.0248748222826598,0.5448419693147178,-0.0325185193649711,0.5397461712598436,-0.0376143174198454,0.3666954580152672,-0.2106650306644218,0.5383306718001564,-0.0390298168795326,0.5390322636870256,-0.0383282249926634,matched,True,False,0.5582672357559204,0.5443367958068848
AOI-0004,2021-09-13,0.3626645522406853,landsat,озимая пшеница,2021,9,False,6.0,14.0,3,0,0-7,8-15,0.2970040161323839,0.6103641236816102,0.0840111705308334,0.0086206896551724,0.7142857142857143,6.0,14.0,A,0,r0_f0,17,0.2641994244983781,-0.0984651277423072,0.3395262629820244,-0.0231382892586609,0.3018628437402012,-0.060801708500484,0.286797476043472,-0.0758670761972132,0.2323186698409349,-0.1303458823997503,0.2709227940135427,-0.0917417582271425,0.2589086671088191,-0.1037558851318661,matched,True,False,0.3488388955593109,0.27855411171913147
AOI-0004,2021-09-14,0.407421318765087,modis,озимая пшеница,2021,9,False,7.0,13.0,3,1,0-7,8-15,0.6198650287811595,0.0725599918973861,0.3026730185371405,0.0049019607843137,0.6818181818181818,7.0,13.0,A,0,r0_f0,17,0.2641994244983781,-0.1432218942667089,0.3395262629820244,-0.0678950557830626,0.3018628437402012,-0.1055584750248858,0.2905638179676543,-0.1168575007974327,0.2323186698409349,-0.1751026489241521,0.2733561263612208,-0.1340651924038661,0.2587214281849654,-0.1486998905801215,matched,True,False,0.31670430302619934,0.28339385986328125
AOI-0004,2021-09-17,0.3940788039391124,s2,озимая пшеница,2021,9,False,10.0,10.0,3,2,8-15,8-15,0.8198321089716862,0.0902575508967486,0.0838127791559553,0.0060975609756097,0.6000000000000001,10.0,10.0,A,0,r0_f0,17,0.2641994244983781,-0.1298793794407343,0.3395262629820244,-0.054552540957088,0.3018628437402012,-0.0922159601989111,0.3018628437402012,-0.0922159601989111,0.2323186698409349,-0.1617601340981774,0.2829199318407906,-0.1111588720983217,0.2614991842971972,-0.1325796196419151,matched,True,False,0.339265912771225,0.29073065519332886
AOI-0004,2022-06-11,0.7734479381487013,landsat,озимая пшеница,2022,6,False,1.0,2.0,1,0,0-7,0-7,0.6111475721425297,0.3218283561230308,0.0624786171889849,0.0045454545454545,0.9375,1.0,2.0,A,0,r0_f0,17,0.7321141151060857,-0.0413338230426155,0.7619137810922997,-0.0115341570564015,0.7470139480991926,-0.0264339900495086,0.7420473371014903,-0.0314006010472109,0.7010719673379057,-0.0723759708107956,0.7398399544358449,-0.0336079837128563,0.7378183083832559,-0.0356296297654453,matched,True,False,0.8006691932678223,0.7472221255302429
AOI-0004,2022-06-29,0.5852019797197775,s2,озимая пшеница,2022,6,False,3.0,1.0,1,0,0-7,0-7,0.6656368551507525,0.2442415305147441,0.0853139220268109,0.0048076923076923,0.9375,3.0,1.0,A,0,r0_f0,17,0.6471722652776016,0.0619702855578241,0.6587702752968787,0.0735682955771012,0.6529712702872401,0.0677692905674626,0.6558707727920594,0.0706687930722819,0.5174310253937682,-0.0677709543260093,0.6580513135914317,0.0728493338716541,0.6611246299740708,0.0759226502542933,matched,True,False,0.6836301684379578,0.651957094669342
AOI-0004,2022-07-17,0.5250801414364368,landsat,озимая пшеница,2022,7,False,3.0,2.0,1,0,0-7,0-7,0.3479313444723603,0.5642990377801593,0.0818172367950993,0.0059523809523809,0.8823529411764706,3.0,2.0,A,0,r0_f0,17,0.4587131668919194,-0.0663669745445174,0.4738785960743788,-0.0512015453620579,0.4662958814831491,-0.0587842599532876,0.4678124244013951,-0.0572677170350416,0.3666954580152672,-0.1583846834211695,0.4649018506197588,-0.0601782908166779,0.4602851087493727,-0.0647950326870641,matched,True,False,0.49743545055389404,0.4658171832561493
AOI-0004,2022-08-06,0.5532964700371459,landsat,озимая пшеница,2022,8,False,3.0,2.0,1,0,0-7,0-7,0.4713908538012624,0.4096954705408611,0.1108491595288442,0.0080645161290322,0.8823529411764706,3.0,2.0,A,0,r0_f0,17,0.4282873709888475,-0.1250090990482983,0.537345163790834,-0.0159513062463119,0.4828162673898407,-0.0704802026473051,0.4937220466700394,-0.0595744233671065,0.3383295609182435,-0.2149669091189023,0.4977136116763331,-0.0555828583608127,0.5045374603178572,-0.0487590097192887,matched,True,False,0.5599092841148376,0.498361200094223
AOI-0004,2023-04-10,0.2952682686645981,s2,озимая пшеница,2023,4,False,3.0,13.0,1,0,0-7,8-15,0.6642325667199607,0.1682072539439407,0.1561965429724623,0.0113636363636363,0.8333333333333334,3.0,13.0,A,0,r0_f0,17,0.651558086647186,0.3562898179825878,0.7643779062380892,0.4691096375734911,0.7079679964426375,0.4126997277780394,0.6727118028204803,0.3774435341558821,0.4166117421924103,0.1213434735278122,0.6682044560460624,0.3729361873814643,0.6678949613981767,0.3726266927335786,matched,True,False,0.5270915627479553,0.6511304974555969
AOI-0004,2023-08-01,0.5961884451367183,landsat,озимая пшеница,2023,8,False,3.0,2.0,1,0,0-7,0-7,0.2580692548408697,0.6600124352614821,0.0763627543420926,0.0055555555555555,0.8823529411764706,3.0,2.0,A,0,r0_f0,17,0.6171999692679756,0.0210115241312572,0.584009315212634,-0.0121791299240843,0.6006046422403049,0.0044161971035865,0.5972855768347707,0.0010971316980523,0.3383295609182435,-0.2578588842184748,0.5990156678048608,0.0028272226681425,0.5965876868196978,0.0003992416829794,matched,True,False,0.6187893748283386,0.5959183573722839
AOI-0004,2024-04-13,0.4285559442798852,landsat,озимая пшеница,2024,4,False,4.0,1.0,1,0,0-7,0-7,0.3316598896199729,0.5531424870864592,0.1073851232935678,0.0078125,0.9375,4.0,1.0,A,0,r0_f0,17,0.3330101794722662,-0.095545764807619,0.3442733440425118,-0.0842826002373733,0.338641761757389,-0.0899141825224961,0.3420207111284626,-0.0865352331514225,0.4166117421924103,-0.0119442020874748,0.3405514461689671,-0.0880044981109181,0.3336643353016248,-0.0948916089782603,matched,True,False,0.3809334635734558,0.3487080931663513
AOI-0004,2024-06-23,0.631381137691956,s2,озимая пшеница,2024,6,False,5.0,1.0,1,0,0-7,0-7,0.7691803659519808,0.148901324150371,0.0763627543420926,0.0055555555555555,0.9375,5.0,1.0,A,0,r0_f0,17,0.6336842708321428,0.0023031331401868,0.6246218246175819,-0.0067593130743741,0.6291530477248624,-0.0022280899670936,0.6261322323200087,-0.0052489053719473,0.5174310253937682,-0.1139501122981878,0.6275568257433662,-0.0038243119485897,0.6267162506538267,-0.0046648870381292,matched,True,False,0.6913698315620422,0.6172167658805847
AOI-0004,2024-08-17,0.4548736535932545,s2,озимая пшеница,2024,8,False,5.0,2.0,1,0,0-7,0-7,0.7817003829730031,0.1325711531806208,0.0799145103580039,0.005813953488372,0.8823529411764706,5.0,2.0,A,0,r0_f0,17,0.4772198013547258,0.0223461477614713,0.4655272792380042,0.0106536256447496,0.471373540296365,0.0164998867031105,0.4688679998427817,0.0139943462495272,0.2647903045120205,-0.1900833490812339,0.4696304569358919,0.0147568033426374,0.473704464038592,0.0188308104453375,matched,True,False,0.4172041714191437,0.4697015881538391
AOI-0007,2010-07-29,0.3415620579522946,landsat,озимая пшеница,2010,7,False,1.0,8.0,1,0,0-7,8-15,0.0218970167085405,0.8464485566702391,0.1227258551926489,0.0089285714285714,0.9375,1.0,8.0,A,0,r0_f0,17,0.4261424574753805,0.0845803995230858,0.3010823615740794,-0.0404796963782151,0.3636124095247299,0.0220503515724353,0.4122468912641248,0.0706848333118301,0.3666954580152672,0.0251334000629726,0.4218537024719065,0.0802916445196119,0.4128677596529886,0.071305701700694,matched,True,False,0.3248761296272278,0.41226091980934143
AOI-0007,2011-04-23,0.3757051029543422,modis,озимая пшеница,2011,4,False,4.0,16.0,1,0,0-7,16-30,0.0142585225078868,0.0628037113201557,0.9171238126835852,0.005813953488372,0.7894736842105263,4.0,16.0,A,0,r0_f0,17,0.2082152684676802,-0.1674898344866619,0.5361912712623098,0.1604861683079676,0.372203269864995,-0.0035018330893471,0.2738104690266061,-0.101894633927736,0.5416330578512396,0.1659279548968974,0.2423247727583216,-0.1333803301960205,0.2281894878491508,-0.1475156151051913,matched,True,False,0.4227454662322998,0.27905771136283875
AOI-0007,2013-07-29,0.4898698162017869,landsat,озимая пшеница,2013,7,False,1.0,8.0,1,0,0-7,8-15,0.0360656745787726,0.7470917403980409,0.2021367026702453,0.0147058823529411,0.9375,1.0,8.0,A,0,r0_f0,17,0.3928209265890779,-0.0970488896127089,0.3615044371099923,-0.1283653790917945,0.3771626818495351,-0.1127071343522517,0.3893413166469572,-0.1005284995548296,0.3666954580152672,-0.1231743581865196,0.3876281574994297,-0.1022416587023571,0.3842266679714879,-0.1056431482302989,matched,True,False,0.393442302942276,0.3893553614616394
AOI-0007,2013-08-14,0.329205573356194,landsat,озимая пшеница,2013,8,False,1.0,8.0,1,0,0-7,8-15,0.0266572377321362,0.813067808120291,0.1494053889301813,0.0108695652173913,0.9375,1.0,8.0,A,0,r0_f0,17,0.2768242837958818,-0.0523812895603121,0.2578842360804927,-0.0713213372757012,0.2673542599381873,-0.0618513134180067,0.2747198340497274,-0.0544857393064665,0.2647903045120205,-0.0644152688441734,0.2735656059765202,-0.0556399673796738,0.2725871050328696,-0.0566184683233244,matched,True,False,0.3148592412471771,0.27650269865989685
AOI-0007,2014-06-22,0.2705353768410262,landsat,озимая пшеница,2014,6,False,12.0,4.0,1,0,8-15,0-7,0.0245246587135653,0.7880223834706678,0.1774529578157668,0.01,0.7894736842105263,12.0,4.0,A,0,r0_f0,17,0.3466607878245302,0.076125410983504,0.3045040734109223,0.033968696569896,0.3255824306177262,0.0550470537767,0.3150432520143242,0.044507875173298,0.5174310253937682,0.246895648552742,0.3172758231049631,0.0467404462639369,0.3255274182049867,0.0549920413639605,matched,True,False,0.20772793889045715,0.33143389225006104
AOI-0007,2015-07-28,0.2629123545210385,modis,озимая пшеница,2015,7,False,1.0,15.0,2,0,0-7,8-15,0.0133286188660681,0.3413165127557977,0.6399200857694385,0.0054347826086956,0.9375,1.0,15.0,A,0,r0_f0,17,0.190274178462621,-0.0726381760584174,0.1964641850974854,-0.0664481694235531,0.1933691817800532,-0.0695431727409853,0.1906610538773,-0.0722513006437384,0.3666954580152672,0.1037831034942287,0.1902801602105283,-0.0726321943105101,0.1846938772270856,-0.0782184772939529,matched,True,False,0.26115626096725464,0.1901424378156662
AOI-0007,2015-08-04,0.250623628764663,landsat,озимая пшеница,2015,8,False,8.0,8.0,2,1,8-15,8-15,0.0227080173273753,0.8407614661765442,0.1272712572368211,0.0092592592592592,0.6521739130434783,8.0,8.0,A,0,r0_f0,17,0.190274178462621,-0.0603494503020419,0.1964641850974854,-0.0541594436671775,0.1933691817800532,-0.0572544469846098,0.1933691817800532,-0.0572544469846098,0.3383295609182435,0.0877059321535805,0.1912005228985911,-0.0594231058660718,0.1684719014827998,-0.0821517272818631,matched,True,False,0.23267638683319092,0.21101105213165283
AOI-0007,2016-06-27,0.6173887161088397,landsat,озимая пшеница,2016,6,False,2.0,8.0,1,0,0-7,8-15,0.0211419471668666,0.8172606754057481,0.1529766877722128,0.0086206896551724,0.8823529411764706,2.0,8.0,A,0,r0_f0,17,0.7118097582811104,0.0944210421722706,0.6982761145301157,0.080887398421276,0.705042936405613,0.0876542202967732,0.7091030295309114,0.0917143134220717,0.5174310253937682,-0.0999576907150715,0.7104022593310069,0.0930135432221671,0.714121017798751,0.0967323016899113,matched,True,False,0.591789960861206,0.7017812728881836
AOI-0007,2016-09-15,0.2666987966199435,landsat,озимая пшеница,2016,9,False,2.0,14.0,1,0,0-7,8-15,0.0218970167085405,0.8107342709559534,0.1584401409069346,0.0089285714285714,0.8823529411764706,2.0,14.0,A,0,r0_f0,17,0.3382488585496869,0.0715500619297433,0.3215946060877351,0.0548958094677916,0.329921732318711,0.0632229356987675,0.3361670769919429,0.0694682803719994,0.2323186698409349,-0.0343801267790085,0.3366293107485166,0.0699305141285731,0.3363338359771236,0.06963503935718,matched,True,False,0.2933226227760315,0.33423376083374023
AOI-0007,2016-10-25,0.2284647007136317,landsat,озимая пшеница,2016,10,False,8.0,158.0,1,0,8-15,31+,0.0255465194932972,0.8625233161152789,0.1015134977247571,0.0104166666666666,0.6521739130434783,8.0,158.0,A,0,r0_f0,17,0.1957930381016638,-0.0326716626119679,0.2174949279763512,-0.0109697727372805,0.2066439830390075,-0.0218207176746242,0.1968389123124921,-0.0316257884011395,0.2406710940977025,0.0122063933840707,0.1958012906000364,-0.0326634101135952,0.1494026394502883,-0.0790620612633433,matched,True,False,0.2237349897623062,0.2036229968070984
AOI-0007,2017-08-13,0.2345504252461952,modis,озимая пшеница,2017,8,False,2.0,1.0,1,0,0-7,0-7,0.3145199369256988,0.1017957069065481,0.5792200704534674,0.0044642857142857,0.9375,2.0,1.0,A,0,r0_f0,17,0.1538906211522879,-0.0806598040939073,0.1431711333143095,-0.0913792919318857,0.1485308772332987,-0.0860195480128964,0.1467442959269689,-0.0878061293192262,0.3383295609182435,0.1037791356720483,0.1459502597908224,-0.0886001654553727,0.1454763262724578,-0.0890740989737373,matched,True,False,0.268982470035553,0.143141508102417
AOI-0007,2017-09-05,0.1525355224036456,s2,озимая пшеница,2017,9,False,3.0,3.0,1,0,0-7,0-7,0.7792925386273456,0.1500147259675446,0.0641137880366887,0.006578947368421,0.8333333333333334,3.0,3.0,A,0,r0_f0,17,0.1698920282710309,0.0173565058673852,0.1571105782754362,0.0045750558717906,0.1635013032732335,0.0109657808695879,0.1635013032732335,0.0109657808695879,0.2613607703614092,0.1088252479577636,0.1635013032732335,0.0109657808695879,0.1634800771043033,0.0109445547006577,matched,True,False,0.16023555397987366,0.16267840564250946
AOI-0007,2018-04-11,0.1711968390013789,s2,озимая пшеница,2018,4,False,4.0,3.0,1,0,0-7,0-7,0.7827387196423274,0.1088399878460792,0.1010683513351226,0.0073529411764705,0.8333333333333334,4.0,3.0,A,0,r0_f0,17,0.2832943598925695,0.1120975208911906,0.1765815343779342,0.0053846953765553,0.2299379471352518,0.0587411081338729,0.222315602455635,0.0511187634542561,0.4166117421924103,0.2454149031910314,0.2185822091431696,0.0473853701417907,0.2190115938335717,0.0478147548321928,matched,True,False,0.22489096224308014,0.23988020420074463
AOI-0007,2018-10-07,0.1687769984845625,landsat,озимая пшеница,2018,10,False,7.0,6.0,1,0,0-7,0-7,0.2598139585902468,0.6405556645072079,0.0928736201457883,0.0067567567567567,0.7142857142857143,7.0,6.0,A,0,r0_f0,17,0.244992502238138,0.0762155037535755,0.1968103346882229,0.0280333362036603,0.2209014184631804,0.0521244199786179,0.219048258172799,0.0502712596882365,0.2300744919123765,0.0612974934278139,0.218127160750361,0.0493501622657985,0.2356088498096439,0.0668318513250814,matched,True,False,0.22973522543907166,0.22813719511032104
AOI-0007,2019-04-06,0.4959303541009126,s2,озимая пшеница,2019,4,False,5.0,1.0,1,0,0-7,0-7,0.9084626072388956,0.0459610699126133,0.0388195660917343,0.0067567567567567,0.9375,5.0,1.0,A,0,r0_f0,17,0.5099181770744069,0.0139878229734943,0.6366859668755597,0.1407556127746471,0.5733020719749833,0.0773717178740707,0.6155580019087009,0.1196276478077883,0.4166117421924103,-0.0793186119085022,0.6274967117941083,0.1315663576931957,0.6204826522180401,0.1245522981171275,matched,True,False,0.435405433177948,0.6149149537086487
AOI-0007,2019-05-18,0.8550523223340958,s2,озимая пшеница,2019,5,False,2.0,1.0,1,0,0-7,0-7,0.7364492865497688,0.2063948848248233,0.0518366796892376,0.0053191489361702,0.9375,2.0,1.0,A,0,r0_f0,17,0.8265320366563722,-0.0285202856777235,0.7723304204638447,-0.082721901870251,0.7994312285601084,-0.0556210937739873,0.7903976258613539,-0.0646546964727419,0.7246056996320704,-0.1304466227020253,0.7863826913285741,-0.0686696310055217,0.7760983003400261,-0.0789540219940696,matched,True,False,0.7694489359855652,0.792807400226593
AOI-0007,2019-05-28,0.8544482069938536,s2,озимая пшеница,2019,5,False,1.0,3.0,1,0,0-7,0-7,0.8428322652731731,0.0787353103567382,0.0731132754339185,0.0053191489361702,0.9375,1.0,3.0,A,0,r0_f0,17,0.8905856848866213,0.0361374778927676,0.8321344856960368,-0.0223137212978168,0.861360085291329,0.0069118782974754,0.8759728850889751,0.0215246780951214,0.7246056996320704,-0.1298425073617831,0.8842587195384615,0.0298105125446078,0.8784044014400453,0.0239561944461916,matched,True,False,0.7985439300537109,0.8781737685203552
AOI-0007,2019-06-17,0.2840087302826183,s2,озимая пшеница,2019,6,False,2.0,5.0,2,0,0-7,0-7,0.7792925386273456,0.1500147259675446,0.0641137880366887,0.006578947368421,0.8823529411764706,2.0,5.0,A,0,r0_f0,17,0.3813090740330696,0.0973003437504512,0.233040774147164,-0.0509679561354542,0.3071749240901168,0.0231661938074985,0.3389467026370965,0.0549379723544782,0.5174310253937682,0.2334222951111498,0.3262658569235005,0.0422571266408822,0.3322483108920641,0.0482395806094457,matched,True,False,0.3263363838195801,0.3463262915611267
AOI-0007,2019-06-20,0.2636908094164926,s2,озимая пшеница,2019,6,False,5.0,2.0,2,1,0-7,0-7,0.7706132679229469,0.1796399923475314,0.045117110099892,0.0046296296296296,0.8823529411764706,5.0,2.0,A,0,r0_f0,17,0.3813090740330696,0.1176182646165769,0.233040774147164,-0.0306500352693285,0.3071749240901168,0.0434841146736242,0.275403145543137,0.0117123361266444,0.5174310253937682,0.2537402159772756,0.26162463628616,-0.0020661731303325,0.2704159303362071,0.0067251209197145,matched,True,False,0.2726489007472992,0.2776852548122406
AOI-0007,2019-06-28,0.2650224404295666,landsat,озимая пшеница,2019,6,False,1.0,4.0,1,0,0-7,0-7,0.4193599159009317,0.5166799901611118,0.0580077129855754,0.0059523809523809,0.9375,1.0,4.0,A,0,r0_f0,17,0.2024274939578509,-0.0625949464717156,0.1956282339624102,-0.0693942064671563,0.1990278639601305,-0.065994576469436,0.2010676419587627,-0.0639547984708038,0.5174310253937682,0.2524085849642016,0.1995762827722025,-0.065446157657364,0.2005125242789419,-0.0645099161506246,matched,True,False,0.2519487142562866,0.20169402658939362
AOI-0007,2019-07-07,0.1833392618690918,s2,озимая пшеница,2019,7,False,1.0,7.0,2,0,0-7,0-7,0.8479313444723603,0.0881085615896832,0.0580077129855754,0.0059523809523809,0.9375,1.0,7.0,A,0,r0_f0,17,0.1743252841901631,-0.0090139776789286,0.2335725605684228,0.0502332986993309,0.2039489223792929,0.0206096605102011,0.1817311937374455,-0.0016080681316462,0.3922055829921826,0.2088663211230908,0.1768710655970414,-0.0064681962720503,0.1691887818777586,-0.0141504799913331,matched,True,False,0.17640933394432068,0.18182441592216492
AOI-0007,2019-07-12,0.2086394136078782,modis,озимая пшеница,2019,7,False,6.0,2.0,2,1,0-7,0-7,0.2788056512114131,0.1732242783351195,0.5435057847391817,0.0044642857142857,0.8823529411764706,6.0,2.0,A,0,r0_f0,17,0.1743252841901631,-0.034314129417715,0.2335725605684228,0.0249331469605446,0.2039489223792929,-0.0046904912285852,0.2187607414738578,0.0101213278659796,0.3922055829921826,0.1835661693843044,0.2243151736343197,0.0156757600264415,0.2326050907797967,0.0239656771719185,matched,True,False,0.2789875864982605,0.20149922370910645
AOI-0007,2020-04-07,0.6726563356999838,s2,озимая пшеница,2020,4,False,1.0,3.0,1,0,0-7,0-7,0.9230037570270688,0.0225986963473127,0.0463330304965861,0.0080645161290322,0.9375,1.0,3.0,A,0,r0_f0,17,0.6976027305282007,0.0249463948282168,0.6785351678262972,0.0058788321263133,0.6880689491772489,0.015412613477265,0.6928358398527248,0.0201795041527409,0.4166117421924103,-0.2560445935075735,0.6959745775407793,0.0233182418407954,0.6977087137905738,0.0250523780905899,matched,True,False,0.5899821519851685,0.6788043975830078
AOI-0007,2020-06-16,0.2992183069189236,s2,озимая пшеница,2020,6,False,5.0,8.0,1,0,0-7,8-15,0.8653279116959783,0.0675139896691673,0.0609080986348542,0.00625,0.75,5.0,8.0,A,0,r0_f0,17,0.4349657691221966,0.135747462203273,0.1951204958796243,-0.1040978110392993,0.3150431325009104,0.0158248255819868,0.3427175871058227,0.043499280186899,0.5174310253937682,0.2182127184748445,0.3028397624966479,0.0036214555777243,0.2963249400964096,-0.002893366822514,matched,True,False,0.30097493529319763,0.3491130769252777
AOI-0007,2020-06-26,0.188956187907002,s2,озимая пшеница,2020,6,False,1.0,3.0,1,0,0-7,0-7,0.895550392091408,0.0642990377801594,0.0341981891760516,0.0059523809523809,0.9375,1.0,3.0,A,0,r0_f0,17,0.2496756266786034,0.0607194387716014,0.1651999618281888,-0.0237562260788131,0.2074377942533961,0.018481606346394,0.2285567104659997,0.0396005225589977,0.5174310253937682,0.3284748374867662,0.2398673454833144,0.0509111575763124,0.230531545979106,0.041575358072104,matched,True,False,0.13430315256118774,0.22275657951831818
AOI-0007,2020-07-06,0.1493016811597973,s2,озимая пшеница,2020,7,False,2.0,3.0,1,0,0-7,0-7,0.7836065930799819,0.1604283247243061,0.0507567488623785,0.0052083333333333,0.8823529411764706,2.0,3.0,A,0,r0_f0,17,0.1543977279789884,0.005096046819191,0.1011501992849785,-0.0481514818748188,0.1277739636319834,-0.0215277175278138,0.1330987165013844,-0.0162029646584128,0.3922055829921826,0.2429039018323853,0.1356545978786969,-0.0136470832811003,0.136112132052351,-0.0131895491074462,matched,True,False,0.11828696727752686,0.1458529680967331
AOI-0007,2020-07-16,0.1138229117639399,s2,озимая пшеница,2020,7,False,2.0,8.0,2,0,0-7,8-15,0.8319241175747141,0.0710673575464919,0.0904295775103729,0.006578947368421,0.8823529411764706,2.0,8.0,A,0,r0_f0,17,0.0711076127623682,-0.0427152990015717,0.1461040957081307,0.0322811839441908,0.1086058542352494,-0.0052170575286904,0.0861069093515207,-0.0277160024124192,0.3666954580152672,0.2528725462513273,0.0789072469887275,-0.0349156647752123,0.0777363036759121,-0.0360866080880277,matched,True,False,0.133599191904068,0.10008475929498672
AOI-0007,2020-07-19,0.1283099529515893,s2,озимая пшеница,2020,7,False,5.0,5.0,2,1,0-7,0-7,0.8492472748538599,0.0755216242197284,0.0701290601100851,0.0051020408163265,0.75,5.0,5.0,A,0,r0_f0,17,0.0711076127623682,-0.0572023401892211,0.1461040957081307,0.0177941427565413,0.1086058542352494,-0.0197040987163398,0.1086058542352494,-0.0197040987163398,0.3666954580152672,0.2383855050636779,0.1086058542352494,-0.0197040987163398,0.103712996191399,-0.0245969567601902,matched,True,False,0.1311214119195938,0.12398799508810043
AOI-0007,2020-08-20,0.1552621148949247,s2,озимая пшеница,2020,8,False,2.0,5.0,2,0,0-7,0-7,0.822888989959229,0.0886898035238999,0.0837042253847956,0.0047169811320754,0.8823529411764706,2.0,5.0,A,0,r0_f0,17,0.1174030393972794,-0.0378590754976452,0.1817735621322436,0.0265114472373189,0.1495883007647615,-0.0056738141301631,0.1357946173215549,-0.0194674975733697,0.2647903045120205,0.1095281896170958,0.1247315052064463,-0.0305306096884783,0.1246558011343629,-0.0306063137605617,matched,True,False,0.14496377110481262,0.13828502595424652
AOI-0007,2020-08-23,0.1321389471070984,s2,озимая пшеница,2020,8,False,5.0,2.0,2,1,0-7,0-7,0.8323770797828417,0.0839385640494052,0.0792200704534673,0.0044642857142857,0.8823529411764706,5.0,2.0,A,0,r0_f0,17,0.1174030393972794,-0.0147359077098189,0.1817735621322436,0.0496346150251452,0.1495883007647615,0.0174493536576631,0.1633819842079681,0.0312430371008697,0.2647903045120205,0.1326513574049221,0.1554294659819204,0.023290518874822,0.1534504402413949,0.0213114931342965,matched,True,False,0.09943671524524689,0.1666351705789566
AOI-0007,2020-09-10,0.1535043953526651,landsat,озимая пшеница,2020,9,False,1.0,2.0,1,0,0-7,0-7,0.4263720971269377,0.4717512953644933,0.0964418248998732,0.0054347826086956,0.9375,1.0,2.0,A,0,r0_f0,17,0.170412555948118,0.0169081605954528,0.1606467149555938,0.0071423196029286,0.1655296354518559,0.0120252400991907,0.1671572756172765,0.0136528802646114,0.2613607703614092,0.1078563750087441,0.1678806712463524,0.0143762758936873,0.1719644286648075,0.0184600333121424,matched,True,False,0.22147968411445618,0.16007713973522186
AOI-0007,2020-10-07,0.1464358205470224,s2,озимая пшеница,2020,10,False,8.0,2.0,1,0,8-15,0-7,0.8428322652731731,0.0787353103567382,0.0731132754339185,0.0053191489361702,0.8823529411764706,8.0,2.0,A,0,r0_f0,17,0.2124506714413608,0.0660148508943384,0.1515622231853796,0.0051264026383572,0.1820064473133701,0.0355706267663477,0.1637399128365758,0.0173040922895534,0.2300744919123765,0.0836386713653541,0.1694830196154588,0.0230471990684364,0.170121622703892,0.0236858021568696,matched,True,False,0.16106346249580383,0.16459310054779053
AOI-0007,2021-06-19,0.8657376567945362,s2,озимая пшеница,2021,6,False,3.0,7.0,2,0,0-7,0-7,0.7963356170164536,0.1509913644464058,0.0477710577528268,0.0049019607843137,0.8333333333333334,3.0,7.0,A,0,r0_f0,17,0.7370954900323828,-0.1286421667621533,0.8072789859554024,-0.0584586708391338,0.7721872379938926,-0.0935504188006436,0.7581505388092887,-0.1075871179852474,0.5174310253937682,-0.348306631400768,0.7649993814502026,-0.1007382753443335,0.7750856740982897,-0.0906519826962465,matched,True,False,0.790642499923706,0.7640851736068726
AOI-0007,2021-06-21,0.8862641297754508,s2,озимая пшеница,2021,6,False,5.0,5.0,2,1,0-7,0-7,0.8875158068676701,0.0436040919683768,0.0624698447536966,0.0064102564102564,0.75,5.0,5.0,A,0,r0_f0,17,0.7370954900323828,-0.1491686397430679,0.8072789859554024,-0.0789851438200484,0.7721872379938926,-0.1140768917815582,0.7721872379938926,-0.1140768917815582,0.5174310253937682,-0.3688331043816826,0.7830241906286269,-0.1032399391468238,0.8036494241938315,-0.0826147055816193,matched,True,False,0.7883644104003906,0.7850044369697571
AOI-0007,2021-06-29,0.443654668141941,s2,озимая пшеница,2021,6,False,3.0,2.0,1,0,0-7,0-7,0.8503643463288648,0.0472377662990748,0.0954534429276158,0.0069444444444444,0.8823529411764706,3.0,2.0,A,0,r0_f0,17,0.8072789859554024,0.3636243178134614,0.5559305868096847,0.1122759186677436,0.6816047863825435,0.2379501182406025,0.6564699464679717,0.2128152783260307,0.5174310253937682,0.0737763572518271,0.6783967900317833,0.2347421218898423,0.6694276596112592,0.2257729914693181,matched,True,False,0.6161422729492188,0.6536639928817749
AOI-0007,2021-08-28,0.1822097388721207,s2,озимая пшеница,2021,8,False,3.0,1.0,1,0,0-7,0-7,0.8387137782276757,0.1096261458993595,0.0468523835652725,0.0048076923076923,0.9375,3.0,1.0,A,0,r0_f0,17,0.1856151889492478,0.0034054500771271,0.2924094897045659,0.1101997508324451,0.2390123393269068,0.0568026004547861,0.2657109145157363,0.0835011756436156,0.2647903045120205,0.0825805656398998,0.2767463161224819,0.0945365772503612,0.277535023725635,0.0953252848535143,matched,True,False,0.2088872790336609,0.2627730965614319
AOI-0007,2021-09-14,0.1713413271962663,s2,озимая пшеница,2021,9,False,1.0,3.0,1,0,0-7,0-7,0.7002261459972264,0.0293199928752878,0.2661435162998994,0.0043103448275862,0.9375,1.0,3.0,A,0,r0_f0,17,0.19842465398952,0.0270833267932537,0.1831304137549645,0.0117890865586982,0.1907775338722422,0.0194362066759759,0.1946010939308811,0.0232597667346148,0.2323186698409349,0.0609773426446686,0.1943155386687625,0.0229742114724962,0.1928107772974846,0.0214694501012183,matched,True,False,0.18761302530765533,0.19639669358730316
AOI-0007,2022-04-17,0.576158612009017,landsat,озимая пшеница,2022,4,False,7.0,6.0,1,0,0-7,0-7,0.4349350506151425,0.4724330891988516,0.0840111705308334,0.0086206896551724,0.7142857142857143,7.0,6.0,A,0,r0_f0,17,0.4577251448646232,-0.1184334671443937,0.8193222694718,0.243163657462783,0.6385237071682116,0.0623650951591946,0.6524312888838723,0.0762726768748552,0.5416330578512396,-0.0345255541577773,0.6593439330502361,0.0831853210412191,0.7247135831582108,0.1485549711491938,matched,True,False,0.6015788912773132,0.6640812158584595
AOI-0007,2022-05-07,0.7352923390767453,s2,озимая пшеница,2022,5,False,10.0,2.0,1,0,8-15,0-7,0.7928121718399667,0.1038676764141036,0.093704767130545,0.0096153846153846,0.8823529411764706,10.0,2.0,A,0,r0_f0,17,0.60213961024567,-0.1331527288310753,0.8628291629364373,0.127536823859692,0.7324843865910536,-0.0028079524856916,0.8193809041546428,0.0840885650778975,0.6465173937099522,-0.088774945366793,0.8435188257000841,0.1082264866233387,0.8164105928589264,0.081118253782181,matched,True,False,0.7384541034698486,0.8105577230453491
AOI-0007,2022-06-01,0.881295833427845,s2,озимая пшеница,2022,6,False,2.0,3.0,1,0,0-7,0-7,0.791402588174203,0.1266791019281488,0.0763627543420926,0.0055555555555555,0.8823529411764706,2.0,3.0,A,0,r0_f0,17,0.8798852194257148,-0.0014106140021301,0.8170227759227796,-0.0642730575050654,0.8484539976742472,-0.0328418357535977,0.8547402420245408,-0.0265555914033042,0.7010719673379057,-0.1802238660899393,0.8491307666456047,-0.0321650667822402,0.8545568041314396,-0.0267390292964053,matched,True,False,0.818988561630249,0.8562787771224976
AOI-0007,2022-07-06,0.2239094381670839,s2,озимая пшеница,2022,7,False,2.0,3.0,1,0,0-7,0-7,0.7836065930799819,0.1395949913909728,0.0715900821957118,0.0052083333333333,0.8823529411764706,2.0,3.0,A,0,r0_f0,17,0.2439200280208615,0.0200105898537776,0.2099852922380641,-0.0139241459290198,0.2269526601294628,0.0030432219623789,0.2303461337077425,0.0064366955406586,0.3922055829921826,0.1682961448250987,0.225880021853211,0.0019705836861271,0.228701803883928,0.0047923657168441,matched,True,False,0.21677187085151672,0.2455167919397354
AOI-0007,2022-07-30,0.2420324912815671,landsat,озимая пшеница,2022,7,False,1.0,6.0,2,0,0-7,0-7,0.3653279116959783,0.5675139896691673,0.0609080986348542,0.00625,0.9375,1.0,6.0,A,0,r0_f0,17,0.1546664301039492,-0.0873660611776178,0.1011542458536064,-0.1408782454279606,0.1279103379787778,-0.1141221533027893,0.1470218323539002,-0.0950106589276668,0.3383295609182435,0.0962970696366764,0.1385632257477141,-0.1034692655338529,0.1199195845496761,-0.1221129067318909,matched,True,False,0.22928841412067413,0.1462087333202362
AOI-0007,2022-07-31,0.1508292575990877,s2,озимая пшеница,2022,7,False,2.0,5.0,2,1,0-7,0-7,0.8514678248334683,0.086059525273644,0.0566586964045155,0.005813953488372,0.8823529411764706,2.0,5.0,A,0,r0_f0,17,0.1546664301039492,0.0038371725048615,0.1011542458536064,-0.0496750117454812,0.1279103379787778,-0.0229189196203098,0.1393772346038512,-0.0114520229952364,0.3383295609182435,0.1875003033191558,0.125809027551597,-0.0250202300474906,0.0955066795296537,-0.0553225780694339,matched,True,False,0.15262927114963531,0.13833342492580414
AOI-0007,2022-09-30,0.2882301477170994,modis,озимая пшеница,2022,9,False,1.0,2.0,1,0,0-7,0-7,0.2037388854006865,0.31053613310117,0.4813390165858626,0.0043859649122807,0.9375,1.0,2.0,A,0,r0_f0,17,0.2183568668674681,-0.0698732808496313,0.2916553612200254,0.0034252135029259,0.2550061140437467,-0.0332240336733526,0.2427896983183205,-0.0454404493987788,0.2300744919123765,-0.0581556558047229,0.2392580272938981,-0.0489721204232012,0.2390362662501702,-0.0491938814669292,matched,True,False,0.35923951864242554,0.2420857697725296
AOI-0007,2023-04-02,0.1902096853227369,s2,озимая пшеница,2023,4,False,165.0,2.0,1,0,31+,0-7,0.6004231118657786,0.3129212769924741,0.0785910950127151,0.0080645161290322,0.8823529411764706,165.0,2.0,A,0,r0_f0,17,0.2584327554663053,0.0682230701435683,0.3533110134880468,0.1631013281653098,0.305871884477176,0.1156621991544391,0.3521747469249121,0.1619650616021752,0.4166117421924103,0.2264020568696734,0.3504168505109479,0.160207165188211,0.3464939246465149,0.156284239323778,matched,True,False,0.18786777555942535,0.3621356189250946
AOI-0007,2023-06-08,0.5537457583032941,landsat,озимая пшеница,2023,6,False,1.0,2.0,1,0,0-7,0-7,0.4635030649431351,0.4394884101780709,0.0904295775103729,0.006578947368421,0.9375,1.0,2.0,A,0,r0_f0,17,0.4709540197803589,-0.0827917385229352,0.7866057520143243,0.2328599937110301,0.6287798858973416,0.0750341275940474,0.5761712638583473,0.0224255055550531,0.7010719673379057,0.1473262090346115,0.5893478034000419,0.0356020450967478,0.574658165556964,0.0209124072536699,matched,True,False,0.6482661962509155,0.5701473951339722
AOI-0007,2023-07-26,0.8066544089877631,s2,озимая пшеница,2023,7,False,1.0,2.0,2,0,0-7,0-7,0.8215556695284922,0.1212885018460999,0.0518366796892376,0.0053191489361702,0.9375,1.0,2.0,A,0,r0_f0,17,0.8158373814229213,0.0091829724351581,0.6553981199641901,-0.151256289023573,0.7356177506935557,-0.0710366582942073,0.7623576276033441,-0.0442967813844189,0.3666954580152672,-0.4399589509724959,0.774242017341028,-0.032412391646735,0.7807281771064307,-0.0259262318813323,matched,True,False,0.8185635209083557,0.7626979351043701
AOI-0007,2023-07-27,0.6885907845757219,landsat,озимая пшеница,2023,7,False,2.0,1.0,2,1,0-7,0-7,0.3747471588901943,0.5680970124843977,0.0518366796892376,0.0053191489361702,0.9375,2.0,1.0,A,0,r0_f0,17,0.8158373814229213,0.1272465968471994,0.6553981199641901,-0.0331926646115318,0.7356177506935557,0.0470269661178338,0.7088778737837672,0.0202870892080453,0.3666954580152672,-0.3218953265604546,0.6969934840460834,0.0084026994703615,0.7011142842414078,0.0125234996656858,matched,True,False,0.7115597724914551,0.7109350562095642
AOI-0007,2023-09-14,0.1859152261702051,s2,озимая пшеница,2023,9,False,2.0,3.0,1,0,0-7,0-7,0.5905341365780505,0.0596864449478499,0.3457471604095834,0.0040322580645161,0.8823529411764706,2.0,3.0,A,0,r0_f0,17,0.1953576858911557,0.0094424597209506,0.2009667116982456,0.0150514855280405,0.1981621987947006,0.0122469726244955,0.1976012962139916,0.0116860700437865,0.2323186698409349,0.0464034436707298,0.1973320629752513,0.0114168368050462,0.1962526156556832,0.0103373894854781,matched,True,False,0.20803003013134003,0.19996441900730133
AOI-0007,2023-09-29,0.1673507133904914,s2,озимая пшеница,2023,9,False,2.0,1.0,1,0,0-7,0-7,0.6714087536921887,0.2830603319790965,0.0412936261931215,0.0042372881355932,0.9375,2.0,1.0,A,0,r0_f0,17,0.1737575650484606,0.0064068516579691,0.2520776633840645,0.0847269499935731,0.2129176142162625,0.0455669008257711,0.2259709639388632,0.0586202505483718,0.2300744919123765,0.0627237785218851,0.2326109575004884,0.065260244109997,0.2303658569332349,0.0630151435427435,matched,True,False,0.15076476335525513,0.22637084126472473
AOI-0007,2024-06-08,0.3673526690582283,s2,озимая пшеница,2024,6,False,3.0,1.0,1,0,0-7,0-7,0.8875158068676701,0.0692451176094024,0.036828819112671,0.0064102564102564,0.9375,3.0,1.0,A,0,r0_f0,17,0.4687701764058334,0.1014175073476051,0.3916184422560432,0.0242657731978149,0.4301943093309383,0.06284164027271,0.4109063757934907,0.0435537067352624,0.7010719673379057,0.3337192982796774,0.4084170244012704,0.0410643553430421,0.4092912054273515,0.0419385363691232,matched,True,False,0.39095038175582886,0.40555357933044434
AOI-0007,2024-06-10,0.3113801299319885,s2,озимая пшеница,2024,6,False,1.0,8.0,3,0,0-7,8-15,0.9176936713047976,0.024157227129886,0.0495284119101438,0.0086206896551724,0.9375,1.0,8.0,A,0,r0_f0,17,0.3916184422560432,0.0802383123240547,0.2418869336887277,-0.0694931962432607,0.3167526879723854,0.0053725580403969,0.3749816079707859,0.0636014780387974,0.7010719673379057,0.3896918374059172,0.3733314377006144,0.0619513077686258,0.3744193782822566,0.0630392483502681,matched,True,False,0.3024280369281769,0.38371628522872925
AOI-0007,2024-06-15,0.2526971818194658,s2,озимая пшеница,2024,6,False,6.0,3.0,3,1,0-7,0-7,0.8403279116959783,0.0925139896691673,0.0609080986348542,0.00625,0.8333333333333334,6.0,3.0,A,0,r0_f0,17,0.3916184422560432,0.1389212604365773,0.2418869336887277,-0.0108102481307381,0.3167526879723854,0.0640555061529196,0.2917974365444996,0.0391002547250337,0.5174310253937682,0.2647338435743023,0.2835037446258403,0.0308065628063745,0.2897560422516498,0.0370588604321839,matched,True,False,0.2595829665660858,0.29267677664756775
AOI-0007,2024-06-17,0.3412519841235933,landsat,озимая пшеница,2024,6,False,8.0,1.0,3,2,8-15,0-7,0.4783686943375398,0.456111209433334,0.0594225352535163,0.0060975609756097,0.9375,8.0,1.0,A,0,r0_f0,17,0.3916184422560432,0.0503664581324498,0.2418869336887277,-0.0993650504348656,0.3167526879723854,-0.0244992961512078,0.2585237679739849,-0.0827282161496083,0.5174310253937682,0.1761790412701748,0.254023316665999,-0.0872286674575943,0.2574784589560679,-0.0837735251675253,matched,True,False,0.3378511667251587,0.26063188910484314
AOI-0007,2024-06-25,0.2161812402182976,s2,озимая пшеница,2024,6,False,2.0,3.0,1,0,0-7,0-7,0.5546160783831428,0.0649220980134508,0.3760758586911258,0.0043859649122807,0.8823529411764706,2.0,3.0,A,0,r0_f0,17,0.2357569985295683,0.0195757583112707,0.2107022721140623,-0.0054789681042352,0.2232296353218153,0.0070483951035177,0.2257351079633659,0.0095538677450683,0.5174310253937682,0.3012497851754706,0.2314549808380467,0.0152737406197491,0.232278846007522,0.0160976057892244,matched,True,False,0.19014255702495575,0.22741098701953888
AOI-0007,2024-07-27,0.1827479987869843,landsat,озимая пшеница,2024,7,False,2.0,3.0,1,0,0-7,0-7,0.4268852744639855,0.3116759931127782,0.2572720657565695,0.0041666666666666,0.8823529411764706,2.0,3.0,A,0,r0_f0,17,0.1343304149082291,-0.0484175838787551,0.112977932585124,-0.0697700662018603,0.1236541737466765,-0.0590938250403077,0.125789421978987,-0.0569585768079972,0.3666954580152672,0.1839474592282829,0.1268143411304961,-0.0559336576564881,0.1251530872837802,-0.0575949115032041,matched,True,False,0.24818822741508484,0.12516874074935913
AOI-0007,2024-08-29,0.1613117187505806,s2,озимая пшеница,2024,8,False,1.0,8.0,2,0,0-7,8-15,0.8746604705096895,0.1057302739076198,0.0124663984398334,0.0071428571428571,0.9375,1.0,8.0,A,0,r0_f0,17,0.2116532548382142,0.0503415360876336,0.1674140136582355,0.0061022949076549,0.1895336342482248,0.0282219154976442,0.2067377835959943,0.0454260648454137,0.2613607703614092,0.1000490516108286,0.2106053249607711,0.0492936062101905,0.2070108843165671,0.0456991655659865,matched,True,False,0.16990205645561218,0.20717905461788177
AOI-0007,2024-09-03,0.0980890795252197,s2,озимая пшеница,2024,9,False,6.0,3.0,2,1,0-7,0-7,0.7336696530215162,0.2487322970965819,0.0111877934716453,0.0064102564102564,0.8333333333333334,6.0,3.0,A,0,r0_f0,17,0.2116532548382142,0.1135641753129945,0.1674140136582355,0.0693249341330158,0.1895336342482248,0.0914445547230051,0.182160427384895,0.0840713478596753,0.2613607703614092,0.1632716908361895,0.1852175233871832,0.0871284438619635,0.1821217360693331,0.0840326565441134,matched,True,False,0.09978967159986496,0.18507546186447144
AOI-0007,2024-09-08,0.175089741974403,s2,озимая пшеница,2024,9,False,2.0,3.0,1,0,0-7,0-7,0.8828938362573725,0.102186077973189,0.0094853031607428,0.0054347826086956,0.8823529411764706,2.0,3.0,A,0,r0_f0,17,0.1674140136582355,-0.0076757283161675,0.1443017842932615,-0.0307879576811415,0.1558578989757484,-0.0192318429986545,0.1581691219122459,-0.016920620062157,0.2613607703614092,0.0862710283870062,0.1558581074333298,-0.0192316345410731,0.1578833329359134,-0.0172064090384895,matched,True,False,0.16859474778175354,0.16253212094306946
AOI-0008,2017-09-15,0.1471682271552634,s2,озимая пшеница,2017,9,True,1.0,3.0,1,0,0-7,0-7,0.795937314518242,0.1456643388427542,0.052963564030308,0.0054347826086956,0.9375,1.0,3.0,A,0,r0_f0,17,0.2563805785123967,0.1092123513571333,0.156119277286533,0.0089510501312695,0.2062499278994648,0.0590817007442014,0.2313152532059307,0.0841470260506673,0.2323186698409349,0.0851504426856715,0.2413681912267627,0.0941999640714993,0.2399379473404141,0.0927697201851507,matched,False,False,0.14518395066261292,0.22739802300930023
AOI-0008,2020-07-16,0.3044098024946953,landsat,озимая пшеница,2020,7,True,2.0,3.0,1,0,0-7,0-7,0.8442223528741253,0.0658673069943096,0.0838127791559553,0.0060975609756097,0.8823529411764706,2.0,3.0,A,0,r0_f0,17,0.3581697840932964,0.0537599815986011,0.4198025708765112,0.1153927683818158,0.3889861774849038,0.0845763749902085,0.3828228988065823,0.078413096311887,0.3666954580152672,0.0622856555205719,0.379864525040988,0.0754547225462927,0.388168919552626,0.0837591170579307,matched,False,False,0.36729779839515686,0.38965433835983276
AOI-0008,2022-04-27,0.3583873091187171,s2,озимая пшеница,2022,4,True,2.0,12.0,1,0,0-7,8-15,0.8175176133668324,0.1057302739076198,0.0696092555826905,0.0071428571428571,0.8823529411764706,2.0,12.0,A,0,r0_f0,17,0.3107055122473939,-0.0476817968713231,0.6316814049586775,0.2732940958399604,0.4711934586030357,0.1128061494843186,0.3565592112061487,-0.0018280979125683,0.5416330578512396,0.1832457487325225,0.3284855179660947,-0.0299017911526223,0.2795469038909969,-0.0788404052277201,matched,False,False,0.31795838475227356,0.40488120913505554
AOI-0008,2023-07-25,0.3068733145996893,landsat,озимая пшеница,2023,7,True,4.0,1.0,1,0,0-7,0-7,0.3241218206628365,0.5881085615896832,0.0818172367950993,0.0059523809523809,0.9375,4.0,1.0,A,0,r0_f0,17,0.213489585496725,-0.0933837291029643,0.2149562258671305,-0.0919170887325588,0.2142229056819277,-0.0926504089177615,0.2146628977930494,-0.0922104168066398,0.3666954580152672,0.0598221434155779,0.2144007844821337,-0.0924725301175555,0.2123330765887777,-0.0945402380109115,matched,False,False,0.2465878129005432,0.2122228741645813
AOI-0008,2023-08-01,0.2706146170777145,landsat,озимая пшеница,2023,8,True,3.0,4.0,1,0,0-7,0-7,0.3594513564865129,0.5449093793217693,0.0905372233753912,0.0051020408163265,0.8333333333333334,3.0,4.0,A,0,r0_f0,17,0.1802213270879785,-0.090393289989736,0.2048297194660323,-0.0657848976116822,0.1925255232770054,-0.0780890938007091,0.1907677809642873,-0.0798468361134272,0.3383295609182435,0.067714943840529,0.1884588672623641,-0.0821557498153503,0.1907387160842079,-0.0798759009935065,matched,False,False,0.22001630067825317,0.1949567198753357
AOI-0008,2024-04-11,0.2141091496299762,s2,озимая пшеница,2024,4,True,2.0,3.0,1,0,0-7,0-7,0.8781421241066426,0.0750155440768526,0.0398978873720602,0.0069444444444444,0.8823529411764706,2.0,3.0,A,0,r0_f0,17,0.2058905304955654,-0.0082186191344107,0.2523637971551958,0.0382546475252195,0.2291271638253806,0.0150180141954044,0.2244798371594175,0.0103706875294413,0.4166117421924103,0.2025025925624341,0.2212824414687141,0.0071732918387379,0.2212362661239762,0.007127116494,matched,False,False,0.15891975164413452,0.2469162940979004
AOI-0011,2011-06-06,0.6806193662155374,landsat,озимая пшеница,2011,6,False,12.0,4.0,1,0,8-15,0-7,0.0235814026091974,0.8346369071833344,0.1321663055920834,0.0096153846153846,0.7894736842105263,12.0,4.0,A,0,r0_f0,17,0.8137837918660286,0.1331644256504911,0.5055250199362044,-0.175094346279333,0.6596544059011165,-0.0209649603144209,0.5825897129186605,-0.0980296532968769,0.7010719673379057,0.0204526011223682,0.5840379107041012,-0.0965814555114362,0.5809954852225397,-0.0996238809929976,matched,True,False,0.5822809338569641,0.6009033918380737
AOI-0011,2011-06-14,0.5951529739499937,landsat,озимая пшеница,2011,6,False,4.0,24.0,3,0,0-7,16-30,0.032269287781007,0.773713662461405,0.1808591550207458,0.0131578947368421,0.7894736842105263,4.0,24.0,A,0,r0_f0,17,0.5055250199362044,-0.0896279540137893,0.2278175797957906,-0.3673353941542031,0.3666712998659974,-0.2284816740839962,0.4658525284875738,-0.1293004454624198,0.7010719673379057,0.105918993387912,0.4505043132551607,-0.1446486606948329,0.447419294011126,-0.1477336799388676,matched,True,False,0.48518863320350647,0.45532286167144775
AOI-0011,2011-06-22,0.2984749232906822,landsat,озимая пшеница,2011,6,False,12.0,16.0,3,1,8-15,16-30,0.0245246587135653,0.8280223834706678,0.1374529578157668,0.01,0.5555555555555556,12.0,16.0,A,0,r0_f0,17,0.5055250199362044,0.2070500966455221,0.2278175797957906,-0.0706573434948916,0.3666712998659974,0.0681963765753152,0.3865075455903127,0.0880326222996305,0.5174310253937682,0.2189561021030859,0.3433732635002588,0.0448983402095766,0.3488617441839338,0.0503868208932516,matched,True,False,0.2769947946071625,0.37038466334342957
AOI-0011,2011-06-26,0.339413995215311,modis,озимая пшеница,2011,6,False,16.0,12.0,3,2,16-30,8-15,0.0142585225078868,0.0628037113201557,0.9171238126835852,0.005813953488372,0.5555555555555556,16.0,12.0,A,0,r0_f0,17,0.5055250199362044,0.1661110247208933,0.2278175797957906,-0.1115964154195204,0.3666712998659974,0.0272573046506864,0.3468350541416822,0.0074210589263711,0.5174310253937682,0.1780170301784571,0.2974818462390144,-0.0419321489762966,0.3087995865085617,-0.0306144087067493,matched,True,False,0.43030694127082825,0.3034836947917938
AOI-0011,2011-08-29,0.2776807615629985,modis,озимая пшеница,2011,8,False,12.0,4.0,1,0,8-15,0-7,0.0133286188660681,0.1239252084079716,0.8573113901172646,0.0054347826086956,0.7894736842105263,12.0,4.0,A,0,r0_f0,17,0.1587121361590375,-0.1189686254039609,0.1653044095444683,-0.1123763520185301,0.1620082728517529,-0.1156724887112455,0.1636563411981106,-0.1140244203648878,0.2613607703614092,-0.0163199912015892,0.1624325959866217,-0.1152481655763767,0.1531104070038471,-0.1245703545591513,matched,True,False,0.2637244760990143,0.15438711643218994
AOI-0011,2013-06-11,0.6268109440815969,landsat,озимая пшеница,2013,6,False,1.0,8.0,1,0,0-7,8-15,0.0227080173273753,0.8407614661765442,0.1272712572368211,0.0092592592592592,0.9375,1.0,8.0,A,0,r0_f0,17,0.7115296650717705,0.0847187209901736,0.719807748407646,0.0929968043260491,0.7156687067397083,0.0888577626581114,0.71244945210909,0.0856385080274931,0.7010719673379057,0.0742610232563087,0.7131589895639447,0.0863480454823478,0.7132778801556625,0.0864669360740656,matched,True,False,0.6079626679420471,0.7211841344833374
AOI-0011,2013-10-09,0.1760376164900984,landsat,озимая пшеница,2013,10,False,9.0,7.0,1,0,8-15,0-7,0.032269287781007,0.773713662461405,0.1808591550207458,0.0131578947368421,0.6818181818181818,9.0,7.0,A,0,r0_f0,17,0.3113596889952152,0.1353220725051168,0.304758133971292,0.1287205174811936,0.3080589114832536,0.1320212949931552,0.3076463142942583,0.1316086978041599,0.2300744919123765,0.0540368754222781,0.3084657515936602,0.1324281351035618,0.3077341263058739,0.1316965098157755,matched,True,False,0.23758934438228607,0.3170846998691559
AOI-0011,2014-08-01,0.2204541412149156,landsat,озимая пшеница,2014,8,False,4.0,8.0,1,0,0-7,8-15,0.0204372155946378,0.8233519862255565,0.1478774648464723,0.0083333333333333,0.7894736842105263,4.0,8.0,A,0,r0_f0,17,0.2753184609250399,0.0548643197101243,0.1485508319799721,-0.0719033092349435,0.211934646452506,-0.0085194947624095,0.2330625846100173,0.0126084433951016,0.3383295609182435,0.1178754197033279,0.242452779346689,0.0219986381317733,0.2488659074362967,0.0284117662213811,matched,True,False,0.2177780270576477,0.23714156448841095
AOI-0011,2014-09-02,0.2031870004691608,landsat,озимая пшеница,2014,9,False,4.0,12.0,1,0,0-7,8-15,0.0218970167085405,0.8107342709559534,0.1584401409069346,0.0089285714285714,0.7894736842105263,4.0,12.0,A,0,r0_f0,17,0.23854346092504,0.0353564604558792,0.275659489633174,0.0724724891640131,0.257101475279107,0.0539144748099461,0.2478224681020735,0.0446354676329127,0.2613607703614092,0.0581737698922484,0.255818784246743,0.0526317837775822,0.2766415662759943,0.0734545658068335,matched,True,False,0.20894353091716766,0.2550026476383209
AOI-0011,2015-06-09,0.6482892932983629,landsat,озимая пшеница,2015,6,False,8.0,17.0,2,0,8-15,16-30,0.0245246587135653,0.8680223834706677,0.0974529578157668,0.01,0.6521739130434783,8.0,17.0,A,0,r0_f0,17,0.8623524881379493,0.2140631948395863,0.40742663476874,-0.2408626585296229,0.6348895614533446,-0.0133997318450183,0.7167762150598023,0.0684869217614393,0.7010719673379057,0.0527826740395427,0.7624966844657609,0.1142073911673979,0.7063464666902664,0.0580571733919034,matched,True,False,0.7883779406547546,0.7572450041770935
AOI-0011,2015-06-10,0.4701564194577353,modis,озимая пшеница,2015,6,False,9.0,16.0,2,1,8-15,16-30,0.0142585225078868,0.272106036901551,0.7078214871021901,0.005813953488372,0.625,9.0,16.0,A,0,r0_f0,17,0.8623524881379493,0.392196068680214,0.40742663476874,-0.0627297846889952,0.6348895614533446,0.1647331419956093,0.698579180925034,0.2284227614672987,0.7010719673379057,0.2309155478801703,0.739938463728628,0.2697820442708927,0.6841311179338118,0.2139746984760764,matched,True,False,0.75603848695755,0.7467840313911438
AOI-0011,2016-04-06,0.4971488038277512,modis,озимая пшеница,2016,4,False,173.0,2.0,1,0,31+,0-7,0.0139344651781621,0.197739990608334,0.7826437260316857,0.0056818181818181,0.8823529411764706,173.0,2.0,A,0,r0_f0,17,0.2827793460925041,-0.214369457735247,0.2261123430562314,-0.2710364607715197,0.2544458445743677,-0.2427029592533834,0.2267599659480745,-0.2703888378796767,0.4166117421924103,-0.0805370616353408,0.2261343780947065,-0.2710144257330447,0.2235190819320482,-0.2736297218957029,matched,True,False,0.44852831959724426,0.22459590435028076
AOI-0011,2016-07-11,0.4333193181818182,modis,озимая пшеница,2016,7,False,6.0,16.0,2,0,0-7,16-30,0.0136248103964252,0.1266791019281488,0.8541405321198705,0.0055555555555555,0.7142857142857143,6.0,16.0,A,0,r0_f0,17,0.377300581145959,-0.0560187370358591,0.4355697966507178,0.0022504784688996,0.4064351888983384,-0.0268841292834797,0.3931921853745295,-0.0401271328072886,0.3922055829921826,-0.0411137351896355,0.398068584593804,-0.0352507335880141,0.3943892968961339,-0.0389300212856842,matched,True,False,0.4481678903102875,0.35265377163887024
AOI-0011,2016-07-13,0.3713027315591309,landsat,озимая пшеница,2016,7,False,8.0,14.0,2,1,8-15,8-15,0.0227080173273753,0.8407614661765442,0.1272712572368211,0.0092592592592592,0.6521739130434783,8.0,14.0,A,0,r0_f0,17,0.377300581145959,0.005997849586828,0.4355697966507178,0.0642670650915869,0.4064351888983384,0.0351324573392075,0.3984893867840531,0.0271866552249222,0.3922055829921826,0.0209028514330517,0.4051528508294866,0.0338501192703556,0.400193696096268,0.028890964537137,matched,True,False,0.36498019099235535,0.36745351552963257
AOI-0011,2016-08-22,0.3131034524012968,landsat,озимая пшеница,2016,8,False,10.0,6.0,1,0,8-15,0-7,0.0266572377321362,0.7695895472507258,0.1928836497997465,0.0108695652173913,0.7142857142857143,10.0,6.0,A,0,r0_f0,17,0.4260037081339713,0.1129002557326745,0.3583124800637959,0.0452090276624991,0.3921580940988836,0.0790546416975868,0.3836966905901117,0.0705932381888149,0.2647903045120205,-0.0483131478892762,0.4020663745555662,0.0889629221542694,0.3959501605602016,0.0828467081589048,matched,True,False,0.3574022054672241,0.3887958526611328
AOI-0011,2017-04-23,0.8209138357256782,modis,озимая пшеница,2017,4,False,4.0,3.0,1,0,0-7,0-7,0.1296689503497869,0.111775678171896,0.7536534106940034,0.0049019607843137,0.8333333333333334,4.0,3.0,A,0,r0_f0,17,0.7355181725682784,-0.0853956631573997,0.765442613295717,-0.0554712224299612,0.7504803929319976,-0.0704334427936805,0.7526178529839574,-0.0682959827417207,0.5416330578512396,-0.2792807778744386,0.7594645835832168,-0.0614492521424614,0.7734529665393152,-0.047460869186363,matched,True,False,0.743105947971344,0.7579995393753052
AOI-0011,2017-04-28,0.756921296098075,s2,озимая пшеница,2017,4,False,1.0,3.0,1,0,0-7,0-7,0.7653279116959784,0.1425139896691674,0.0859080986348542,0.00625,0.9375,1.0,3.0,A,0,r0_f0,17,0.7430629080619571,-0.0138583880361179,0.7616762135889562,0.0047549174908811,0.7523695608254566,-0.0045517352726184,0.7477162344437068,-0.0092050616543681,0.5416330578512396,-0.2152882382468354,0.7445580179625113,-0.0123632781355637,0.7393838210183583,-0.0175374750797167,matched,True,False,0.7276789546012878,0.7501934170722961
AOI-0011,2017-06-06,0.8742473188206077,landsat,озимая пшеница,2017,6,False,8.0,20.0,2,0,8-15,16-30,0.1045246587135653,0.7480223834706677,0.1374529578157668,0.01,0.6521739130434783,8.0,20.0,A,0,r0_f0,17,0.8795151679120856,0.0052678490914779,0.4465400518341308,-0.4277072669864769,0.6630276098731083,-0.2112197089474994,0.7558079918898128,-0.1184393269307948,0.7010719673379057,-0.173175351482702,0.8174335381171226,-0.056813780703485,0.79735915440698,-0.0768881644136276,matched,True,False,0.8146095871925354,0.8110217452049255
AOI-0011,2017-06-10,0.7665980263157894,modis,озимая пшеница,2017,6,False,12.0,16.0,2,1,8-15,16-30,0.0607701504148635,0.0628037113201557,0.8706121847766086,0.005813953488372,0.5555555555555556,12.0,16.0,A,0,r0_f0,17,0.8795151679120856,0.1129171415962961,0.4465400518341308,-0.3200579744816586,0.6630276098731083,-0.1035704164426811,0.6939544038786764,-0.072643622437113,0.7010719673379057,-0.0655260589778837,0.7518630259354314,-0.014735000380358,0.7330299004258111,-0.0335681258899783,matched,True,False,0.7761165499687195,0.7553926110267639
AOI-0011,2017-07-08,0.3844425469441046,landsat,озимая пшеница,2017,7,False,6.0,4.0,1,0,0-7,0-7,0.300596203083597,0.5318436175803044,0.1561965429724623,0.0113636363636363,0.7894736842105263,6.0,4.0,A,0,r0_f0,17,0.3149702100127192,-0.0694723369313854,0.3848692185007976,0.0004266715566929,0.3499197142567584,-0.0345228326873462,0.3569096151055662,-0.0275329318385383,0.3922055829921826,0.0077630360480779,0.360264767512994,-0.0241777794311106,0.3666724963192481,-0.0177700506248565,matched,True,False,0.3240174651145935,0.37861937284469604
AOI-0011,2017-07-24,0.2564918860976347,landsat,озимая пшеница,2017,7,False,8.0,3.0,1,0,8-15,0-7,0.3903279116959783,0.4925139896691674,0.1109080986348542,0.00625,0.8333333333333334,8.0,3.0,A,0,r0_f0,17,0.2410003285068536,-0.015491557590781,0.1660652175857839,-0.0904266685118507,0.2035327730463187,-0.0529591130513159,0.1865020660188029,-0.0699898200788317,0.3666954580152672,0.1102035719176325,0.172121606009004,-0.0843702800886306,0.139857344267412,-0.1166345418302226,matched,True,False,0.2694511115550995,0.1999257504940033
AOI-0011,2017-09-10,0.1716421977703223,s2,озимая пшеница,2017,9,False,2.0,3.0,1,0,0-7,0-7,0.8044399264133153,0.1187616580576395,0.0715900821957118,0.0052083333333333,0.8823529411764706,2.0,3.0,A,0,r0_f0,17,0.1661953129780084,-0.0054468847923138,0.1638168095512165,-0.0078253882191058,0.1650060612646124,-0.0066361365057098,0.1652439116072916,-0.0063982861630306,0.2613607703614092,0.0897185725910869,0.1653580797717776,-0.0062841179985446,0.1660410726520634,-0.0056011251182588,matched,True,False,0.17516154050827026,0.16971533000469208
AOI-0011,2019-04-07,0.3382590709728869,modis,озимая пшеница,2019,4,False,1.0,14.0,1,0,0-7,8-15,0.1619812014433858,0.1851182890801424,0.6475813605403016,0.0053191489361702,0.9375,1.0,14.0,A,0,r0_f0,17,0.1834137720759807,-0.1548452988969061,0.2484919913960983,-0.0897670795767885,0.2159528817360395,-0.1223061892368473,0.1877523200306551,-0.1505067509422317,0.4166117421924103,0.0783526712195234,0.1840454528359111,-0.1542136181369758,0.1853160576215047,-0.1529430133513821,matched,True,False,0.37830984592437744,0.17875467240810394
AOI-0011,2019-05-08,0.3698944439569827,s2,озимая пшеница,2019,5,False,2.0,1.0,1,0,0-7,0-7,0.8428322652731731,0.100011906101419,0.0518366796892376,0.0053191489361702,0.9375,2.0,1.0,A,0,r0_f0,17,0.3427159937013123,-0.0271784502556703,0.523214015151515,0.1533195711945323,0.4329650044264136,0.0630705604694309,0.4630480080014474,0.0931535640444647,0.6465173937099522,0.2766229497529695,0.4799724744481214,0.1100780304911387,0.4816988339112855,0.1118043899543028,matched,True,False,0.3778308928012848,0.462038516998291
AOI-0011,2019-07-12,0.3138876594896333,modis,озимая пшеница,2019,7,False,5.0,2.0,1,0,0-7,0-7,0.3102186077973189,0.1783426597794449,0.5072720657565696,0.0041666666666666,0.8823529411764706,5.0,2.0,A,0,r0_f0,17,0.2093050564833483,-0.104582603006285,0.3211695071938604,0.007281847704227,0.2652372818386043,-0.0486503776510289,0.2892082355622855,-0.0246794239273477,0.3922055829921826,0.0783179235025492,0.2997001863216268,-0.0141874731680064,0.3030890798104593,-0.0107985796791739,matched,True,False,0.29654544591903687,0.2719200849533081
AOI-0011,2019-08-23,0.1851533413588794,landsat,озимая пшеница,2019,8,False,2.0,1.0,1,0,0-7,0-7,0.4811301376135986,0.4404374380163126,0.0731132754339185,0.0053191489361702,0.9375,2.0,1.0,A,0,r0_f0,17,0.2125608554559125,0.027407514097033,0.1577190467096816,-0.0274342946491978,0.185139951082797,-1.3390276082353436e-05,0.1759996496250918,-0.0091536917337875,0.2647903045120205,0.0796369631531411,0.1698315968454213,-0.015321744513458,0.1684391596077576,-0.0167141817511218,matched,True,False,0.2459835708141327,0.1798475831747055
AOI-0011,2019-10-16,0.4181293660287081,modis,озимая пшеница,2019,10,False,1.0,4.0,1,0,0-7,0-7,0.2277081660360614,0.1902070507209156,0.5771828224587092,0.0049019607843137,0.9375,1.0,4.0,A,0,r0_f0,17,0.2236174729732991,-0.194511893055409,0.1901396398221894,-0.2279897262065187,0.2068785563977442,-0.2112508096309638,0.2169219063430771,-0.2012074596856309,0.2406710940977025,-0.1774582719310056,0.2201357783255836,-0.1979935877031244,0.2199583274078403,-0.1981710386208677,matched,True,False,0.4312213957309723,0.21515478193759918
AOI-0011,2020-07-11,0.1703733954374712,s2,озимая пшеница,2020,7,False,2.0,5.0,2,0,0-7,0-7,0.6657887945547399,0.0606649112584704,0.269447933531052,0.0040983606557377,0.8823529411764706,2.0,5.0,A,0,r0_f0,17,0.1259642606970919,-0.0444091347403793,0.1626353028093253,-0.0077380926281458,0.1442997817532086,-0.0260736136842625,0.1364417013005871,-0.033931694136884,0.3922055829921826,0.2218321875547114,0.133234321524007,-0.0371390739134642,0.1287327631912736,-0.0416406322461976,matched,True,False,0.17882411181926727,0.1266351342201233
AOI-0011,2020-07-14,0.0894084088210082,s2,озимая пшеница,2020,7,False,5.0,2.0,2,1,0-7,0-7,0.8215556695284922,0.100011906101419,0.0731132754339185,0.0053191489361702,0.8823529411764706,5.0,2.0,A,0,r0_f0,17,0.1259642606970919,0.0365558518760837,0.1626353028093253,0.0732268939883171,0.1442997817532086,0.0548913729322004,0.15215786220583,0.0627494533848218,0.3666954580152672,0.277287049194259,0.1553652419824102,0.065956833161402,0.1553239578670903,0.0659155490460821,matched,True,False,0.14970733225345612,0.1395856887102127
AOI-0011,2020-08-10,0.1525547079620462,s2,озимая пшеница,2020,8,False,1.0,2.0,1,0,0-7,0-7,0.8522623293567827,0.0740111917353339,0.0687264789078834,0.005,0.9375,1.0,2.0,A,0,r0_f0,17,0.1659070817961464,0.0133523738341002,0.2734834529505582,0.120928744988512,0.2196952673733523,0.0671405594113061,0.2017658721809503,0.0492111642189041,0.3383295609182435,0.1857748529561973,0.204475902982065,0.0519211950200187,0.1991202414340179,0.0465655334719717,matched,True,False,0.16816836595535278,0.20391711592674255
AOI-0011,2020-10-07,0.1515448437998448,s2,озимая пшеница,2020,10,False,8.0,2.0,1,0,8-15,0-7,0.8322623293567827,0.0940111917353339,0.0687264789078834,0.005,0.8823529411764706,8.0,2.0,A,0,r0_f0,17,0.2309818979266347,0.0794370541267899,0.1630556417184899,0.0115107979186451,0.1970187698225623,0.0454739260227175,0.1766408929601188,0.025096049160274,0.2300744919123765,0.0785296481125317,0.1807486168156028,0.029203773015758,0.1793596325081085,0.0278147887082637,matched,True,False,0.17395944893360138,0.177494078874588
AOI-0011,2021-04-06,0.4378425418826699,landsat,озимая пшеница,2021,4,False,4.0,1.0,1,0,0-7,0-7,0.2449302395495975,0.655576280991359,0.090234220199784,0.0092592592592592,0.9375,4.0,1.0,A,0,r0_f0,17,0.3416087849470429,-0.096233756935627,0.5265169457735248,0.0886744038908549,0.4340628653602838,-0.003779676522386,0.4895353136082284,0.0516927717255585,0.4166117421924103,-0.0212307996902595,0.5063887388042053,0.0685461969215354,0.5084647716648156,0.0706222297821457,matched,True,False,0.40722909569740295,0.4891264736652374
AOI-0011,2021-05-25,0.8787578929142715,s2,озимая пшеница,2021,5,False,5.0,12.0,1,0,0-7,8-15,0.4455304993931912,0.0509539544672961,0.4987985650074372,0.0047169811320754,0.75,5.0,12.0,A,0,r0_f0,17,0.8998098191162471,0.0210519262019756,0.7037792324513652,-0.1749786604629063,0.8017945257838062,-0.0769633671304653,0.8421537642148113,-0.0366041286994602,0.7246056996320704,-0.1541521932822011,0.8589119255010418,-0.0198459674132297,0.8593354621646486,-0.0194224307496229,matched,True,False,0.8655467629432678,0.8514775633811951
AOI-0011,2021-07-19,0.1742338987699764,s2,озимая пшеница,2021,7,False,3.0,2.0,1,0,0-7,0-7,0.8387137782276757,0.1096261458993595,0.0468523835652725,0.0048076923076923,0.8823529411764706,3.0,2.0,A,0,r0_f0,17,0.1724131522702445,-0.0018207464997318,0.162276059272245,-0.0119578394977313,0.1673446057712447,-0.0068892929987316,0.1663308964714448,-0.0079030022985315,0.3666954580152672,0.1924615592452908,0.164298665002247,-0.0099352337677293,0.1645481059538025,-0.0096857928161738,matched,True,False,0.16530971229076385,0.1723177582025528
AOI-0011,2021-08-08,0.1662808568343128,s2,озимая пшеница,2021,8,False,3.0,10.0,3,0,0-7,8-15,0.9230253742690712,0.0159218087901521,0.0553709987589584,0.0056818181818181,0.8333333333333334,3.0,10.0,A,0,r0_f0,17,0.1598103735245028,-0.0064704833098099,0.2531425917063108,0.086861734871998,0.2064764826154068,0.040195625781094,0.1813485777203046,0.0150677208859918,0.3383295609182435,0.1720487040839307,0.1745076050737365,0.0082267482394237,0.1742531521269241,0.0079722952926113,matched,True,False,0.18125902116298676,0.18558205664157867
AOI-0011,2021-08-12,0.1172822165910913,landsat,озимая пшеница,2021,8,False,7.0,6.0,3,1,0-7,0-7,0.737909889619973,0.2093924870864592,0.0448851232935678,0.0078125,0.7142857142857143,7.0,6.0,A,0,r0_f0,17,0.1598103735245028,0.0425281569334115,0.2531425917063108,0.1358603751152195,0.2064764826154068,0.0891942660243155,0.2100661833147071,0.0927839667236158,0.3383295609182435,0.2210473443271522,0.213597761945166,0.0963155453540747,0.2093263050452648,0.0920440884541735,matched,True,False,0.3851335346698761,0.20392288267612457
AOI-0011,2021-08-13,0.4082830342902713,modis,озимая пшеница,2021,8,False,8.0,5.0,3,2,8-15,0-7,0.3791774818919146,0.0473782383643279,0.5690583148314767,0.0043859649122807,0.75,8.0,5.0,A,0,r0_f0,17,0.1598103735245028,-0.2484726607657685,0.2531425917063108,-0.1551404425839604,0.2064764826154068,-0.2018065516748645,0.2172455847133077,-0.1910374495769635,0.3383295609182435,-0.0699534733720277,0.2237301692031864,-0.1845528650870849,0.2187299191141461,-0.1895531151761251,matched,True,False,0.25695836544036865,0.2074282318353653
AOI-0011,2021-08-29,0.4284275318979267,modis,озимая пшеница,2021,8,False,1.0,1.0,1,0,0-7,0-7,0.3090020432954234,0.222816834855556,0.4637951569367398,0.0043859649122807,0.9375,1.0,1.0,A,0,r0_f0,17,0.3002111663913465,-0.1282163655065802,0.2958979426140722,-0.1325295892838545,0.2980545545027093,-0.1303729773952173,0.2980545545027093,-0.1303729773952173,0.2613607703614092,-0.1670667615365175,0.2990038547733477,-0.129423677124579,0.3012526474371452,-0.1271748844607815,matched,True,False,0.3551570773124695,0.2979774475097656
AOI-0011,2021-10-27,0.487859422535449,s2,озимая пшеница,2021,10,False,5.0,157.0,1,0,0-7,31+,0.8903279116959784,0.0425139896691673,0.0609080986348542,0.00625,0.75,5.0,157.0,A,0,r0_f0,17,0.4605696280578283,-0.0272897944776207,0.4240526803836644,-0.0638067421517846,0.4423111542207463,-0.0455482683147026,0.4594425617715886,-0.0284168607638603,0.2406710940977025,-0.2471883284377465,0.4604674173520955,-0.0273920051833534,0.4697110535019113,-0.0181483690335377,matched,True,False,0.356419175863266,0.46429771184921265
AOI-0011,2022-07-06,0.2415950975696157,s2,озимая пшеница,2022,7,False,2.0,3.0,1,0,0-7,0-7,0.7836065930799819,0.1395949913909728,0.0715900821957118,0.0052083333333333,0.8823529411764706,2.0,3.0,A,0,r0_f0,17,0.2520153090765396,0.0104202115069238,0.2178663118035203,-0.0237287857660953,0.2349408104400299,-0.0066542871295857,0.2383557101673318,-0.0032393874022838,0.3922055829921826,0.1506104854225669,0.2342508864829741,-0.0073442110866415,0.2373997461496376,-0.004195351419978,matched,True,False,0.2214319407939911,0.25352635979652405
AOI-0011,2022-07-17,0.235619747660833,landsat,озимая пшеница,2022,7,False,3.0,2.0,1,0,0-7,0-7,0.4136248103964252,0.5266791019281487,0.0541405321198704,0.0055555555555555,0.8823529411764706,3.0,2.0,A,0,r0_f0,17,0.1984640837228529,-0.03715566393798,0.2017535237888315,-0.0338662238720015,0.2001088037558422,-0.0355109439049907,0.20043774776244,-0.0351819998983929,0.3666954580152672,0.1310757103544342,0.1997643195838528,-0.0358554280769801,0.1955605126953701,-0.0400592349654628,matched,True,False,0.3111550509929657,0.1984425038099289
AOI-0011,2022-07-21,0.1627491608287596,s2,озимая пшеница,2022,7,False,2.0,7.0,1,0,0-7,0-7,0.6513429035710454,0.2915012678035467,0.0518366796892376,0.0053191489361702,0.8823529411764706,2.0,7.0,A,0,r0_f0,17,0.2017535237888315,0.0390043629600719,0.3225614633173844,0.1598123024886248,0.2621574935531079,0.0994083327243483,0.2285997325729543,0.0658505717441947,0.3666954580152672,0.2039462971865076,0.2183964579881123,0.0556472971593527,0.2184938404076898,0.0557446795789302,matched,True,False,0.16062244772911072,0.22866661846637726
AOI-0011,2023-05-17,0.8188758519552561,s2,озимая пшеница,2023,5,False,2.0,3.0,1,0,0-7,0-7,0.7336696530215162,0.1461681945324793,0.1137518960357479,0.0064102564102564,0.8823529411764706,2.0,3.0,A,0,r0_f0,17,0.8429856337421752,0.024109781786919,0.8317856401988475,0.0129097882435913,0.8373856369705113,0.0185097850152551,0.8385056363248442,0.019629784369588,0.7246056996320704,-0.0942701523231857,0.8390432360149238,0.0201673840596676,0.838827306884162,0.0199514549289058,matched,True,False,0.8545513153076172,0.8309274315834045
AOI-0011,2023-08-01,0.2733047173428084,landsat,озимая пшеница,2023,8,False,1.0,4.0,1,0,0-7,0-7,0.3845709111341007,0.5431482271915038,0.0673789008900817,0.0049019607843137,0.9375,1.0,4.0,A,0,r0_f0,17,0.2210744101265368,-0.0522303072162716,0.2203952331841999,-0.0529094841586085,0.2207348216553683,-0.05256989568744,0.2209385747380694,-0.0523661426047389,0.3383295609182435,0.065024843575435,0.2208213564723194,-0.052483360870489,0.2209186293903123,-0.052386087952496,matched,True,False,0.25654110312461853,0.22256647050380707
AOI-0011,2023-08-15,0.2411274652629938,s2,озимая пшеница,2023,8,False,2.0,3.0,1,0,0-7,0-7,0.8641088610178539,0.0787353103567382,0.0518366796892376,0.0053191489361702,0.8823529411764706,2.0,3.0,A,0,r0_f0,17,0.1846055133295511,-0.0565219519334427,0.2356722295261875,-0.0054552357368063,0.2101388714278693,-0.0309885938351245,0.2050321998082056,-0.0360952654547881,0.2647903045120205,0.0236628392490267,0.1986204121227492,-0.0425070531402445,0.2028287837594012,-0.0382986815035925,matched,True,False,0.24078048765659332,0.20684602856636047
AOI-0011,2023-09-11,0.3162299725522567,landsat,озимая пшеница,2023,9,False,4.0,1.0,1,0,0-7,0-7,0.514598011139027,0.4214418949230165,0.0580077129855754,0.0059523809523809,0.9375,4.0,1.0,A,0,r0_f0,17,0.2307003000442471,-0.0855296725080096,0.2579889705180402,-0.0582410020342165,0.2443446352811436,-0.071885337271113,0.2525312364232815,-0.0636987361289751,0.2613607703614092,-0.0548692021908475,0.2551509487887657,-0.061079023763491,0.2559884849306071,-0.0602414876216496,matched,True,False,0.28685325384140015,0.25029391050338745
AOI-0011,2023-09-27,0.2607702477632759,s2,озимая пшеница,2023,9,False,3.0,2.0,1,0,0-7,0-7,0.8111475721425297,0.1218283561230308,0.0624786171889849,0.0045454545454545,0.8823529411764706,3.0,2.0,A,0,r0_f0,17,0.2509331849946591,-0.0098370627686167,0.252244511392194,-0.0085257363710818,0.2515888481934265,-0.0091813995698493,0.25171998083318,-0.0090502669300958,0.2323186698409349,-0.0284515779223409,0.2513005412581552,-0.0094697065051206,0.2479402080698194,-0.0128300396934564,matched,True,False,0.2480238825082779,0.2467430979013443
AOI-0011,2024-05-09,0.3167279354662003,s2,озимая пшеница,2024,5,False,1.0,15.0,2,0,0-7,8-15,0.6574551539961698,0.3023942758753975,0.0341981891760516,0.0059523809523809,0.9375,1.0,15.0,A,0,r0_f0,17,0.5271009170653909,0.2103729815991905,0.372591627132381,0.0558636916661806,0.4498462720988859,0.1331183366326856,0.5174440864445777,0.2007161509783774,0.6465173937099522,0.3297894582437519,0.5253657053132135,0.2086377698470131,0.5372980673207893,0.220570131854589,matched,True,False,0.2638813555240631,0.5166242122650146
AOI-0011,2024-05-21,0.3438613809870587,s2,озимая пшеница,2024,5,False,13.0,3.0,2,1,8-15,0-7,0.8582399070483983,0.0710673575464919,0.0641137880366887,0.006578947368421,0.8333333333333334,13.0,3.0,A,0,r0_f0,17,0.5271009170653909,0.1832395360783321,0.372591627132381,0.0287302461453222,0.4498462720988859,0.1059848911118272,0.4015621189948203,0.0577007380077616,0.7246056996320704,0.3807443186450117,0.3868505410959253,0.0429891601088666,0.3588918757130616,0.0150304947260028,matched,True,False,0.30635300278663635,0.4020962417125702
AOI-0011,2024-09-03,0.1914041153548866,s2,озимая пшеница,2024,9,False,5.0,3.0,1,0,0-7,0-7,0.7466613772643691,0.2365990143113828,0.0106420474486383,0.0060975609756097,0.8333333333333334,5.0,3.0,A,0,r0_f0,17,0.2740601282495651,0.0826560128946785,0.3047751778448929,0.1133710624900062,0.289417653047229,0.0980135376923423,0.2932570342466449,0.1018529188917583,0.2613607703614092,0.0699566550065226,0.2950567441838712,0.1036526288289846,0.2974158797451167,0.1060117643902301,matched,True,False,0.2230677306652069,0.29600659012794495
AOI-0011,2024-10-23,0.2219939854160628,landsat,озимая пшеница,2024,10,False,8.0,3.0,1,0,8-15,0-7,0.6645246587135654,0.2680223834706678,0.0574529578157668,0.01,0.8333333333333334,8.0,3.0,A,0,r0_f0,17,0.2720999401913875,0.0501059547753247,0.1772271738615513,-0.0447668115545115,0.2246635570264694,0.0026695716104065,0.2031015646787793,-0.0188924207372834,0.2406710940977025,0.0186771086816396,0.2356049316557931,0.0136109462397303,0.241664501918412,0.0196705165023492,matched,True,False,0.2537313997745514,0.20286467671394348
AOI-0015,2010-05-25,0.7027133386159536,modis,озимая пшеница,2010,5,False,7.0,8.0,1,0,0-7,8-15,0.0136248103964252,0.148901324150371,0.8319183098976483,0.0055555555555555,0.6818181818181818,7.0,8.0,A,0,r0_f0,17,0.5101589138529959,-0.1925544247629577,0.47318905138598,-0.2295242872299736,0.4916739826194879,-0.2110393559964656,0.4929063113683885,-0.2098070272475651,0.7246056996320704,0.0218923610161168,0.4935197372345079,-0.2091936013814457,0.4913599520564343,-0.2113533865595193,matched,True,False,0.645922839641571,0.5011637806892395
AOI-0015,2010-06-11,0.5048169494361249,landsat,озимая пшеница,2010,6,False,1.0,8.0,1,0,0-7,8-15,0.0245246587135653,0.9080223834706678,0.0574529578157668,0.01,0.9375,1.0,8.0,A,0,r0_f0,17,0.4773007081284677,-0.0275162413076571,0.5249980033537038,0.0201810539175789,0.5011493557410858,-0.0036675936950391,0.4826004075979384,-0.0222165418381864,0.7010719673379057,0.1962550179017808,0.4796650355468783,-0.0251519138892465,0.4801712849175754,-0.0246456645185494,matched,True,False,0.4665870666503906,0.49133509397506714
AOI-0015,2013-04-24,0.6606184534181642,landsat,озимая пшеница,2013,4,False,1.0,7.0,1,0,0-7,0-7,0.032269287781007,0.8789768203561418,0.0755959971260089,0.0131578947368421,0.9375,1.0,7.0,A,0,r0_f0,17,0.7048646064447964,0.0442461530266322,0.7380358898804358,0.0774174364622716,0.7214502481626162,0.0608317947444519,0.7090110168742514,0.0483925634560872,0.5416330578512396,-0.1189853955669245,0.7102060446900015,0.0495875912718373,0.709392441881118,0.0487739884629538,matched,True,False,0.6960135102272034,0.7050516605377197
AOI-0015,2013-05-02,0.7262668074228917,landsat,озимая пшеница,2013,5,False,1.0,23.0,2,0,0-7,16-30,0.0227080173273753,0.8777985032135812,0.090234220199784,0.0092592592592592,0.9375,1.0,23.0,A,0,r0_f0,17,0.7380358898804358,0.011769082457544,0.6862760697305864,-0.0399907376923053,0.712155979805511,-0.0141108276173806,0.7358792307075254,0.0096124232846336,0.6465173937099522,-0.0797494137129395,0.7379494571765436,0.0116826497536518,0.7415755395814548,0.015308732158563,matched,True,False,0.7900787591934204,0.7323676943778992
AOI-0015,2013-05-09,0.7883484213148286,landsat,озимая пшеница,2013,5,False,8.0,16.0,2,1,8-15,16-30,0.0133286188660681,0.4717512953644933,0.5094853031607428,0.0054347826086956,0.6521739130434783,8.0,16.0,A,0,r0_f0,17,0.7380358898804358,-0.0503125314343928,0.6862760697305864,-0.1020723515842422,0.712155979805511,-0.0761924415093175,0.7207826164971527,-0.0675658048176759,0.6465173937099522,-0.1418310276048764,0.7324374235030474,-0.0559109978117812,0.7691439221745701,-0.0192044991402585,matched,True,False,0.781423807144165,0.7153785824775696
AOI-0015,2013-08-22,0.2005262488961106,landsat,озимая пшеница,2013,8,False,1.0,23.0,2,0,0-7,16-30,0.0235814026091974,0.8730984456448728,0.093704767130545,0.0096153846153846,0.9375,1.0,23.0,A,0,r0_f0,17,0.2352884709833361,0.0347622220872255,0.3242781923714759,0.1237519434753653,0.279783331677406,0.0792570827812954,0.2389963760411752,0.0384701271450646,0.2647903045120205,0.0642640556159099,0.2357390844452263,0.0352128355491156,0.2370454978430789,0.0365192489469683,matched,True,False,0.29860174655914307,0.2398688793182373
AOI-0015,2013-08-29,0.3400651611199154,modis,озимая пшеница,2013,8,False,8.0,16.0,2,1,8-15,16-30,0.0133286188660681,0.102186077973189,0.8790505205520472,0.0054347826086956,0.6521739130434783,8.0,16.0,A,0,r0_f0,17,0.2352884709833361,-0.1047766901365793,0.3242781923714759,-0.0157869687484394,0.279783331677406,-0.0602818294425094,0.2649517114460494,-0.075113449673866,0.2613607703614092,-0.0787043907585062,0.2583598802321131,-0.0817052808878023,0.2691313657001619,-0.0709337954197534,matched,True,False,0.29377883672714233,0.25787919759750366
AOI-0015,2015-04-05,0.3024177900751044,landsat,озимая пшеница,2015,4,False,159.0,2.0,1,0,31+,0-7,0.034062025991063,0.816697754820372,0.1353513302996761,0.0138888888888888,0.8823529411764706,159.0,2.0,A,0,r0_f0,17,0.2558404868118293,-0.046577303263275,0.3315288959323825,0.0291111058572781,0.2936846913721059,-0.0087330987029984,0.3305886672476551,0.0281708771725507,0.4166117421924103,0.1141939521173059,0.3314941465369128,0.0290763564618083,0.3467439256851139,0.0443261356100095,matched,True,False,0.21272599697113037,0.3360193371772766
AOI-0015,2015-06-01,0.3681055607010181,landsat,озимая пшеница,2015,6,False,1.0,7.0,1,0,0-7,0-7,0.0197779505754559,0.8290503092505385,0.1431072240449732,0.0080645161290322,0.9375,1.0,7.0,A,0,r0_f0,17,0.3080140431125709,-0.0600915175884471,0.3023828762270225,-0.0657226844739956,0.3051984596697967,-0.0629071010312213,0.3073101472518774,-0.0607954134491406,0.7010719673379057,0.3329664066368876,0.3068475241663866,-0.0612580365346314,0.3061378104647305,-0.0619677502362875,matched,True,False,0.3138437271118164,0.30722472071647644
AOI-0015,2015-08-27,0.4113861480826469,landsat,озимая пшеница,2015,8,False,7.0,1.0,1,0,0-7,0-7,0.0191598896199729,0.8343924870864592,0.1386351232935678,0.0078125,0.9375,7.0,1.0,A,0,r0_f0,17,0.5769300517920979,0.165543903709451,0.2988921195213788,-0.1124940285612681,0.4379110856567383,0.0265249375740914,0.3336468610552187,-0.0777392870274282,0.2647903045120205,-0.1465958435706263,0.3108390619236363,-0.1005470861590105,0.3101303949447989,-0.1012557531378479,matched,True,False,0.4166199564933777,0.3308145999908447
AOI-0015,2015-09-05,0.3199575798162108,landsat,озимая пшеница,2015,9,False,1.0,9.0,1,0,0-7,8-15,0.0185792869042161,0.8394108965686877,0.1344340589513385,0.0075757575757575,0.9375,1.0,9.0,A,0,r0_f0,17,0.2566526155723778,-0.063304964243833,0.3264889593238246,0.0065313795076137,0.2915707874481011,-0.0283867923681096,0.2636362499475225,-0.0563213298686883,0.2613607703614092,-0.0585968094548016,0.2586080331974183,-0.0613495466187924,0.2598669287524058,-0.060090651063805,matched,True,False,0.3230573236942291,0.26292407512664795
AOI-0015,2017-04-03,0.219600335563966,landsat,озимая пшеница,2017,4,False,1.0,4.0,1,0,0-7,0-7,0.572586568551087,0.3527933218546304,0.067675665149838,0.0069444444444444,0.9375,1.0,4.0,A,0,r0_f0,17,0.1874985379745009,-0.0321017975894651,0.3887670100369784,0.1691666744730124,0.2881327740057396,0.0685324384417736,0.2277522323869964,0.0081518968230304,0.4166117421924103,0.1970114066284443,0.2084304590689985,-0.0111698764949674,0.2033189908230024,-0.0162813447409635,matched,True,False,0.2644597291946411,0.2223399132490158
AOI-0015,2017-07-24,0.297488143091302,landsat,озимая пшеница,2017,7,False,1.0,3.0,1,0,0-7,0-7,0.3717408682818841,0.5166799901611118,0.1056267606046231,0.0059523809523809,0.9375,1.0,3.0,A,0,r0_f0,17,0.2153450408794132,-0.0821431022118888,0.1572924461420022,-0.1401956969492998,0.1863187435107077,-0.1111693995805943,0.2008318921950604,-0.0966562508962415,0.3666954580152672,0.0692073149239652,0.1985462404962755,-0.0989419025950264,0.2013720985787399,-0.096116044512562,matched,True,False,0.2977936863899231,0.2024124413728714
AOI-0015,2017-07-31,0.2480040562769283,landsat,озимая пшеница,2017,7,False,3.0,1.0,1,0,0-7,0-7,0.3415622490540921,0.5500164584343146,0.1010683513351226,0.0073529411764705,0.9375,3.0,1.0,A,0,r0_f0,17,0.3961990491283676,0.1481949928514393,0.1529946251220893,-0.0950094311548389,0.2745968371252285,0.0265927808483001,0.2137957311236589,-0.0342083251532693,0.3383295609182435,0.0903255046413152,0.1949150838034495,-0.0530889724734787,0.1924931612775108,-0.0555108949994174,matched,True,False,0.2590637803077698,0.21222339570522308
AOI-0015,2017-08-17,0.1720542486244778,landsat,озимая пшеница,2017,8,False,3.0,4.0,1,0,0-7,0-7,0.3960237546348752,0.525543820995036,0.0731132754339185,0.0053191489361702,0.8333333333333334,3.0,4.0,A,0,r0_f0,17,0.1397533641139823,-0.0323008845104955,0.1620527419285993,-0.0100015066958784,0.1509030530212908,-0.0211511956031869,0.1493102403202467,-0.022744008304231,0.2647903045120205,0.0927360558875427,0.14532998375316,-0.0267242648713177,0.1456733422512655,-0.0263809063732122,matched,True,False,0.20660452544689178,0.15058976411819458
AOI-0015,2017-09-01,0.247569961090403,landsat,озимая пшеница,2017,9,False,3.0,1.0,1,0,0-7,0-7,0.3717408682818841,0.5404895139706356,0.0818172367950993,0.0059523809523809,0.9375,3.0,1.0,A,0,r0_f0,17,0.1477099612360299,-0.0998599998543731,0.1402241030112727,-0.1073458580791303,0.1439670321236513,-0.1036029289667516,0.142095567567462,-0.105474393522941,0.2613607703614092,0.0137908092710062,0.1410978932742387,-0.1064720678161643,0.141768659274567,-0.105801301815836,matched,True,False,0.2758786678314209,0.1351098269224167
AOI-0015,2017-09-25,0.2028568586201571,s2,озимая пшеница,2017,9,False,5.0,1.0,1,0,0-7,0-7,0.5247359215075363,0.4155679908170376,0.0541405321198704,0.0055555555555555,0.9375,5.0,1.0,A,0,r0_f0,17,0.195275538660531,-0.0075813199596261,0.2626855806137091,0.059828721993552,0.22898055963712,0.0261237010169629,0.2514505736215127,0.0485937150013556,0.2323186698409349,0.0294618112207778,0.249944444377865,0.0470875857577079,0.251474240709912,0.0486173820897548,matched,True,False,0.1720990538597107,0.25307488441467285
AOI-0015,2018-04-29,0.6006474664148227,landsat,озимая пшеница,2018,4,False,6.0,1.0,1,0,0-7,0-7,0.1032318990811181,0.7628731310504769,0.1267521127255477,0.0071428571428571,0.9375,6.0,1.0,A,0,r0_f0,17,0.7241928948758587,0.123545428461036,0.5604152553282571,-0.0402322110865656,0.6423040751020579,0.0416566086872352,0.5838120609779145,-0.0168354054369082,0.5416330578512396,-0.059014408563583,0.5694874860903691,-0.0311599803244535,0.5608372873075549,-0.0398101791072678,matched,True,False,0.6267130970954895,0.5915210843086243
AOI-0015,2018-08-29,0.2739443740095088,modis,озимая пшеница,2018,8,False,1.0,6.0,1,0,0-7,0-7,0.0502522397661372,0.3788569151301287,0.5660831527960417,0.0048076923076923,0.9375,1.0,6.0,A,0,r0_f0,17,0.2754604262671328,0.001516052257624,0.2661894762014832,-0.0077548978080255,0.270824951234308,-0.0031194227752007,0.2741360048291829,0.0001916308196741,0.2613607703614092,-0.0125836036480995,0.2753667139458169,0.0014223399363081,0.2929069981693354,0.0189626241598266,matched,True,False,0.26739701628685,0.27396559715270996
AOI-0015,2019-04-21,0.4137907620793037,s2,озимая пшеница,2019,4,False,14.0,2.0,1,0,8-15,0-7,0.8641088610178539,0.0787353103567382,0.0518366796892376,0.0053191489361702,0.8823529411764706,14.0,2.0,A,0,r0_f0,17,0.4468311938721606,0.0330404317928568,0.4160787451409094,0.0022879830616057,0.431454969506535,0.0176642074272312,0.4199228012323158,0.006132039153012,0.5416330578512396,0.1278422957719359,0.4174001394223303,0.0036093773430266,0.4066069520757376,-0.0071838100035661,matched,True,False,0.35269981622695923,0.424457848072052
AOI-0015,2019-07-05,0.4604503486015336,s2,озимая пшеница,2019,7,False,3.0,1.0,1,0,0-7,0-7,0.8002522397661372,0.1288569151301287,0.0660831527960417,0.0048076923076923,0.9375,3.0,1.0,A,0,r0_f0,17,0.6272702963781929,0.1668199477766592,0.450787512868894,-0.0096628357326395,0.5390289046235435,0.0785785560220098,0.4949082087462187,0.0344578601446851,0.3922055829921826,-0.068244765609351,0.4783629477922219,0.0179125991906882,0.4714821458658635,0.0110317972643299,matched,True,False,0.5324833393096924,0.4934521019458771
AOI-0015,2019-07-17,0.4220737542701291,s2,озимая пшеница,2019,7,False,3.0,5.0,2,0,0-7,0-7,0.7522623293567827,0.1540111917353339,0.0887264789078834,0.005,0.8333333333333334,3.0,5.0,A,0,r0_f0,17,0.4844648301769216,0.0623910759067924,0.5023139513022894,0.0802401970321602,0.4933893907396055,0.0713156364694764,0.4911582505989345,0.0690844963288054,0.3666954580152672,-0.0553782962548619,0.4872421505132318,0.0651683962431027,0.4780096097315263,0.0559358554613971,matched,True,False,0.4237735867500305,0.4930562674999237
AOI-0015,2019-07-20,0.4858161489975348,s2,озимая пшеница,2019,7,False,6.0,2.0,2,1,0-7,0-7,0.7722623293567827,0.1340111917353339,0.0887264789078834,0.005,0.8823529411764706,6.0,2.0,A,0,r0_f0,17,0.4844648301769216,-0.0013513188206131,0.5023139513022894,0.0164978023047546,0.4933893907396055,0.0075732417420707,0.4978516710209474,0.0120355220234126,0.3666954580152672,-0.1191206909822675,0.4949326210948295,0.0091164720972947,0.4898336238401076,0.0040174748425728,matched,True,False,0.4529626667499542,0.4940856993198395
AOI-0015,2019-08-01,0.525185861457961,s2,озимая пшеница,2019,8,False,2.0,5.0,1,0,0-7,0-7,0.7472064585273293,0.1775624405462591,0.0701290601100851,0.0051020408163265,0.8823529411764706,2.0,5.0,A,0,r0_f0,17,0.2452809912726311,-0.2799048701853299,0.4282829055967715,-0.0969029558611894,0.3367819484347013,-0.1884039130232596,0.2975672525080998,-0.2276186089498612,0.3383295609182435,-0.1868563005397174,0.2712642121196039,-0.2539216493383571,0.2948748971215774,-0.2303109643363836,matched,True,False,0.44106534123420715,0.2983725666999817
AOI-0015,2019-08-09,0.4084046575100217,s2,озимая пшеница,2019,8,False,2.0,2.0,1,0,0-7,0-7,0.6829847666868816,0.2534579239097706,0.0592469645757615,0.0043103448275862,0.8823529411764706,2.0,2.0,A,0,r0_f0,17,0.4529915680146087,0.044586910504587,0.3846964532008435,-0.0237082043091781,0.4188440106077261,0.0104393530977044,0.4188440106077261,0.0104393530977044,0.3383295609182435,-0.0700750965917781,0.4188440106077261,0.0104393530977043,0.4339122421452618,0.0255075846352401,matched,True,False,0.3853149116039276,0.4256424903869629
AOI-0015,2019-09-05,0.1436232785766726,s2,озимая пшеница,2019,9,False,2.0,3.0,1,0,0-7,0-7,0.7880227850579415,0.1571542772809529,0.0497208968447789,0.0051020408163265,0.8823529411764706,2.0,3.0,A,0,r0_f0,17,0.2006822094099881,0.0570589308333155,0.1994259077927401,0.0558026292160675,0.2000540586013641,0.0564307800246915,0.2001796887630889,0.0565564101864163,0.2613607703614092,0.1177374917847366,0.2005119851281194,0.0568887065514468,0.2025284457284361,0.0589051671517635,matched,True,False,0.18291042745113373,0.199017733335495
AOI-0015,2019-10-09,0.282930629982113,landsat,озимая пшеница,2019,10,False,9.0,1.0,1,0,8-15,0-7,0.3503643463288648,0.5750155440768526,0.067675665149838,0.0069444444444444,0.9375,9.0,1.0,A,0,r0_f0,17,0.0963528158160879,-0.1865778141660251,0.2160572177702208,-0.0668734122118921,0.1562050167931543,-0.1267256131889586,0.2040867775748075,-0.0788438524073054,0.2300744919123765,-0.0528561380697364,0.2085108704931225,-0.0744197594889904,0.2069544075845327,-0.0759762223975802,matched,True,False,0.24072818458080292,0.20378251373767853
AOI-0015,2020-04-06,0.5237174854727945,modis,озимая пшеница,2020,4,False,3.0,1.0,1,0,0-7,0-7,0.1492767934870418,0.0921678350346411,0.7536534106940034,0.0049019607843137,0.9375,3.0,1.0,A,0,r0_f0,17,0.4240502236209971,-0.0996672618517974,0.45317327066337,-0.0705442148094245,0.4386117471421835,-0.0851057383306109,0.4458925089027767,-0.0778249765700177,0.4166117421924103,-0.1071057432803841,0.4486227945629992,-0.0750946909097952,0.4485855115327168,-0.0751319739400777,matched,True,False,0.5254323482513428,0.4453943073749542
AOI-0015,2020-04-19,0.6052456146892268,landsat,озимая пшеница,2020,4,False,1.0,3.0,1,0,0-7,0-7,0.4004522919944529,0.5413986064402309,0.0495284119101438,0.0086206896551724,0.9375,1.0,3.0,A,0,r0_f0,17,0.4970977803683302,-0.1081478343208965,0.2061238078869423,-0.3991218068022845,0.3516107941276362,-0.2536348205615905,0.4243542872479832,-0.1808913274412435,0.5416330578512396,-0.0636125568379871,0.4516330971681133,-0.1536125175211135,0.4605620884202098,-0.1446835262690169,matched,True,False,0.4527131915092468,0.4279501438140869
AOI-0015,2020-04-25,0.4988773586176146,s2,озимая пшеница,2020,4,False,3.0,1.0,1,0,0-7,0-7,0.8282120108799799,0.1093153392271324,0.0566586964045155,0.005813953488372,0.9375,3.0,1.0,A,0,r0_f0,17,0.2061238078869423,-0.2927535507306723,0.5157921983015179,0.0169148396839032,0.3609580030942301,-0.1379193555233845,0.438375100697874,-0.0605022579197406,0.5416330578512396,0.0427556992336249,0.4595465105093114,-0.0393308481083031,0.4640123262068562,-0.0348650324107583,matched,True,False,0.4821440577507019,0.4069853723049164
AOI-0015,2020-06-29,0.3378185062515388,s2,озимая пшеница,2020,6,False,3.0,2.0,1,0,0-7,0-7,0.8136248103964252,0.1266791019281488,0.0541405321198704,0.0055555555555555,0.8823529411764706,3.0,2.0,A,0,r0_f0,17,0.3750017668623273,0.0371832606107884,0.2061100124977211,-0.1317084937538177,0.2905558896800242,-0.0472626165715145,0.2736667142435635,-0.0641517920079752,0.3922055829921826,0.0543870767406438,0.2405393495670176,-0.0972791566845211,0.243744020105963,-0.0940744861455757,matched,True,False,0.30153048038482666,0.28183671832084656
AOI-0015,2020-07-14,0.2042426735284744,s2,озимая пшеница,2020,7,False,3.0,1.0,1,0,0-7,0-7,0.7577258822944497,0.1638416933354616,0.0731132754339185,0.0053191489361702,0.9375,3.0,1.0,A,0,r0_f0,17,0.2413459349689783,0.0371032614405039,0.2953035352059552,0.0910608616774808,0.2683247350874667,0.0640820615589923,0.281814135146711,0.0775714616182366,0.3666954580152672,0.1624527844867928,0.2868726601689275,0.0826299866404531,0.2906551633145751,0.0864124897861007,matched,True,False,0.2545143663883209,0.26967230439186096
AOI-0015,2020-08-03,0.1070936004739709,s2,озимая пшеница,2020,8,False,3.0,2.0,1,0,0-7,0-7,0.6935519411306522,0.2450093264461116,0.0572720657565695,0.0041666666666666,0.8823529411764706,3.0,2.0,A,0,r0_f0,17,0.2223055745266123,0.1152119740526413,0.2316118656009147,0.1245182651269438,0.2269587200637635,0.1198651195897926,0.2278893491711937,0.1207957486972228,0.3383295609182435,0.2312359604442726,0.2283360511427602,0.1212424506687893,0.2294652372144198,0.1223716367404489,matched,True,False,0.16664807498455048,0.2292567938566208
AOI-0015,2020-08-15,0.1805598330628222,s2,озимая пшеница,2020,8,False,2.0,1.0,1,0,0-7,0-7,0.6935519411306522,0.2283426597794449,0.0739387324232361,0.0041666666666666,0.9375,2.0,1.0,A,0,r0_f0,17,0.1634392560476529,-0.0171205770151693,0.1987140241043166,0.0181541910414944,0.1810766400759847,0.0005168070131625,0.1869557680854287,0.0063959350226064,0.2647903045120205,0.0842304714491983,0.1810324953218655,0.0004726622590432,0.1781102035875344,-0.0024496294752877,matched,True,False,0.17352914810180664,0.18448589742183685
AOI-0015,2020-09-19,0.063738792720424,s2,озимая пшеница,2020,9,False,1.0,3.0,1,0,0-7,0-7,0.6908135182611157,0.239633199750315,0.0648363008564937,0.0047169811320754,0.9375,1.0,3.0,A,0,r0_f0,17,0.1972120904625749,0.1334732977421509,0.1584618298337507,0.0947230371133267,0.1778369601481628,0.1140981674277388,0.1875245253053688,0.1237857325849448,0.2323186698409349,0.1685798771205109,0.1931821566359096,0.1294433639154856,0.1890735808159786,0.1253347880955546,matched,True,False,0.15335668623447418,0.18701787292957306
AOI-0015,2020-10-15,0.2509660242872228,modis,озимая пшеница,2020,10,False,3.0,2.0,1,0,0-7,0-7,0.256370464348055,0.1175536769608192,0.6216898937788451,0.0043859649122807,0.8823529411764706,3.0,2.0,A,0,r0_f0,17,0.1219402372743051,-0.1290257870129177,0.1192898511846136,-0.1316761731026092,0.1206150442294593,-0.1303509800577634,0.1203500056204902,-0.1306160186667326,0.2406710940977025,-0.0102949301895203,0.1195775392434559,-0.1313884850437668,0.118504412105348,-0.1324616121818748,matched,True,False,0.283363938331604,0.1190343052148819
AOI-0015,2021-04-06,0.2031307652634381,landsat,озимая пшеница,2021,4,False,4.0,1.0,1,0,0-7,0-7,0.2280384988910046,0.6793296409229894,0.0840111705308334,0.0086206896551724,0.9375,4.0,1.0,A,0,r0_f0,17,0.1678929214028901,-0.0352378438605479,0.3557530639197042,0.1526222986562661,0.2618229926612971,0.058692227397859,0.3181810354163413,0.1150502701529032,0.4166117421924103,0.2134809769289722,0.3366625835441024,0.1335318182806643,0.3262755495919124,0.1231447843284743,matched,True,False,0.2350509762763977,0.31777217984199524
AOI-0015,2021-07-10,0.3436950912268812,landsat,озимая пшеница,2021,7,False,1.0,1.0,1,0,0-7,0-7,0.4669789635199793,0.4452514187325403,0.0818172367950993,0.0059523809523809,0.9375,1.0,1.0,A,0,r0_f0,17,0.2604796600587532,-0.0832154311681279,0.2390749812906782,-0.1046201099362029,0.2497773206747157,-0.0939177705521654,0.2497773206747157,-0.0939177705521654,0.3922055829921826,0.0485104917653014,0.2463190575739477,-0.0973760336529334,0.2454494933527322,-0.098245597874149,matched,True,False,0.33126768469810486,0.2447134107351303
AOI-0015,2021-07-26,0.1476734476668232,s2,озимая пшеница,2021,7,False,2.0,2.0,1,0,0-7,0-7,0.6949669555761252,0.2403606945046788,0.0602863850069152,0.0043859649122807,0.8823529411764706,2.0,2.0,A,0,r0_f0,17,0.1613305596256007,0.0136571119587775,0.299790649762282,0.1521172020954588,0.2305606046939413,0.0828871570271181,0.2305606046939413,0.0828871570271181,0.3666954580152672,0.219022010348444,0.2305606046939413,0.0828871570271181,0.2315281556216029,0.0838547079547797,matched,True,False,0.17350706458091736,0.22125893831253052
AOI-0015,2021-08-20,0.1533071651289541,s2,озимая пшеница,2021,8,False,1.0,3.0,1,0,0-7,0-7,0.8479313444723603,0.0642990377801594,0.0818172367950993,0.0059523809523809,0.9375,1.0,3.0,A,0,r0_f0,17,0.2228441675459723,0.0695370024170182,0.1737118748380824,0.0204047097091283,0.1982780211920273,0.0449708560630732,0.2105610943689998,0.0572539292400457,0.2647903045120205,0.1114831393830664,0.2161475275860227,0.0628403624570686,0.2136155008719847,0.0603083357430306,matched,True,False,0.18264228105545044,0.2108900249004364
AOI-0015,2021-09-05,0.2447859272494163,landsat,озимая пшеница,2021,9,False,1.0,2.0,1,0,0-7,0-7,0.6153006099199679,0.2481688735839517,0.1272712572368211,0.0092592592592592,0.9375,1.0,2.0,A,0,r0_f0,17,0.1583057800952532,-0.0864801471541631,0.151178028817904,-0.0936078984315123,0.1547419044565786,-0.0900440227928377,0.1559298630028034,-0.0888560642466128,0.2613607703614092,0.0165748431119928,0.1564578445789033,-0.0883280826705129,0.1550593648245283,-0.0897265624248879,matched,True,False,0.25412097573280334,0.15443478524684906
AOI-0015,2021-09-27,0.1788231961844766,s2,озимая пшеница,2021,9,False,7.0,2.0,1,0,0-7,0-7,0.8288391115885537,0.0959297874850346,0.0701290601100851,0.0051020408163265,0.8823529411764706,7.0,2.0,A,0,r0_f0,17,0.1308504642984722,-0.0479727318860044,0.117873979981807,-0.0609492162026695,0.1243622221401395,-0.054460974044337,0.1207576431632881,-0.0580655530211884,0.2323186698409349,0.0534954736564583,0.1195116158626481,-0.0593115803218284,0.0686991105375084,-0.1101240856469681,matched,True,False,0.12044649571180344,0.11763065308332443
AOI-0015,2022-05-10,0.8589564462568919,s2,озимая пшеница,2022,5,False,1.0,1.0,1,0,0-7,0-7,0.7247359215075363,0.2155679908170376,0.0541405321198704,0.0055555555555555,0.9375,1.0,1.0,A,0,r0_f0,17,0.8100586370839935,-0.0488978091728984,0.8465744645200135,-0.0123819817368784,0.8283165508020035,-0.0306398954548884,0.8283165508020035,-0.0306398954548884,0.6465173937099522,-0.2124390525469397,0.8340560054480722,-0.0249004408088197,0.8320650499014298,-0.0268913963554621,matched,True,False,0.8673225045204163,0.8291149735450745
AOI-0015,2022-05-15,0.8324590175106514,landsat,озимая пшеница,2022,5,False,4.0,5.0,1,0,0-7,0-7,0.6204372155946378,0.2566853195588898,0.114544131513139,0.0083333333333333,0.7894736842105263,4.0,5.0,A,0,r0_f0,17,0.8465744645200135,0.014115447009362,0.8536840603265767,0.0212250428159253,0.8501292624232951,0.0176702449126436,0.8497342848784861,0.0172752673678346,0.6465173937099522,-0.1859416238006992,0.8518603732150976,0.0194013557044461,0.8621874509150094,0.0297284334043579,matched,True,False,0.7172049283981323,0.8731119632720947
AOI-0015,2022-06-01,0.8179241532963101,s2,озимая пшеница,2022,6,False,2.0,2.0,1,0,0-7,0-7,0.7817003829730031,0.1325711531806208,0.0799145103580039,0.005813953488372,0.8823529411764706,2.0,2.0,A,0,r0_f0,17,0.8764836764457462,0.0585595231494361,0.8822535390198197,0.0643293857235096,0.8793686077327829,0.0614444544364728,0.8793686077327829,0.0614444544364728,0.7010719673379057,-0.1168521859584044,0.879874007394908,0.0619498540985978,0.8794312181966203,0.0615070649003102,matched,True,False,0.826940655708313,0.8817812204360962
AOI-0015,2022-06-19,0.7753643995323313,s2,озимая пшеница,2022,6,False,3.0,1.0,1,0,0-7,0-7,0.7722623293567827,0.1740111917353339,0.0487264789078834,0.005,0.9375,3.0,1.0,A,0,r0_f0,17,0.7260029564465237,-0.0493614430858075,0.7411885720676912,-0.03417582746464,0.7335957642571074,-0.0417686352752239,0.7373921681623993,-0.037972231369932,0.5174310253937682,-0.2579333741385631,0.7388158196268837,-0.0365485799054475,0.7703458354869578,-0.0050185640453734,matched,True,False,0.7451885938644409,0.7371044754981995
AOI-0015,2022-06-30,0.3731998382456199,landsat,озимая пшеница,2022,6,False,1.0,1.0,1,0,0-7,0-7,0.3194830089969064,0.6096261458993595,0.0660831527960417,0.0048076923076923,0.9375,1.0,1.0,A,0,r0_f0,17,0.3460388253611034,-0.0271610128845165,0.2885276048387699,-0.08467223340685,0.3172832150999366,-0.0559166231456833,0.3172832150999366,-0.0559166231456833,0.3922055829921826,0.0190057447465626,0.3124022957916817,-0.0607975424539382,0.3154345638872498,-0.0577652743583701,matched,True,False,0.35889750719070435,0.32016313076019287
AOI-0015,2022-08-05,0.1951445586863331,s2,озимая пшеница,2022,8,False,2.0,1.0,1,0,0-7,0-7,0.566236520592322,0.3766076507822701,0.0518366796892376,0.0053191489361702,0.9375,2.0,1.0,A,0,r0_f0,17,0.1598265119552112,-0.0353180467311219,0.2467037458657575,0.0515591871794244,0.2032651289104843,0.0081205702241512,0.2177446678955753,0.0226001092092422,0.3383295609182435,0.1431850022319104,0.227093705986667,0.0319491473003339,0.2276118229383129,0.0324672642519797,matched,True,False,0.15730200707912445,0.21521851420402527
AOI-0015,2022-08-07,0.2406185530089457,landsat,озимая пшеница,2022,8,False,1.0,1.0,1,0,0-7,0-7,0.4433944405458653,0.503932540916994,0.0477710577528268,0.0049019607843137,0.9375,1.0,1.0,A,0,r0_f0,17,0.2467037458657575,0.0060851928568118,0.1567801345235334,-0.0838384184854122,0.2017419401946454,-0.0388766128143002,0.2017419401946454,-0.0388766128143002,0.3383295609182435,0.0977110079092978,0.2045208353746225,-0.0360977176343231,0.2050539402014086,-0.035564612807537,matched,True,False,0.23670494556427002,0.20015104115009308
AOI-0015,2023-05-27,0.1015337459569307,s2,озимая пшеница,2023,5,False,2.0,10.0,1,0,0-7,8-15,0.5620429410707359,0.296175368721796,0.1321663055920834,0.0096153846153846,0.8823529411764706,2.0,10.0,A,0,r0_f0,17,0.5382141310089805,0.4366803850520498,0.1964969248184609,0.0949631788615302,0.3673555279137207,0.26582178195679,0.4812612633105605,0.3797275173536298,0.7246056996320704,0.6230719536751398,0.5129017453652384,0.4113679994083076,0.5372969347939467,0.435763188837016,matched,True,False,0.29130828380584717,0.4944212734699249
AOI-0015,2023-06-23,0.7129108423212299,landsat,озимая пшеница,2023,6,False,1.0,3.0,1,0,0-7,0-7,0.2617907013045987,0.6673184535916672,0.0660831527960417,0.0048076923076923,0.9375,1.0,3.0,A,0,r0_f0,17,0.6153617666507312,-0.0975490756704987,0.7267935426173842,0.0138827002961542,0.6710776546340577,-0.0418331876871722,0.6432197106423945,-0.0696911316788354,0.5174310253937682,-0.1954798169274617,0.6492561683837125,-0.0636546739375174,0.6447881056256848,-0.0681227366955451,matched,True,False,0.6487394571304321,0.6220712065696716
AOI-0015,2023-07-15,0.4350614099104601,landsat,озимая пшеница,2023,7,False,1.0,2.0,2,0,0-7,0-7,0.3582399070483982,0.571067357546492,0.0641137880366887,0.006578947368421,0.9375,1.0,2.0,A,0,r0_f0,17,0.8387948304325517,0.4037334205220915,0.807110026044842,0.3720486161343819,0.8229524282386969,0.3878910183282367,0.8282332289699817,0.3931718190595216,0.3666954580152672,-0.0683659518951929,0.8316372610987396,0.3965758511882795,0.8317765606609828,0.3967151507505227,matched,True,False,0.7595198750495911,0.8202329277992249
AOI-0015,2023-07-16,0.8792034897888534,landsat,озимая пшеница,2023,7,False,2.0,1.0,2,1,0-7,0-7,0.5922623293567827,0.3540111917353339,0.0487264789078834,0.005,0.9375,2.0,1.0,A,0,r0_f0,17,0.8387948304325517,-0.0404086593563017,0.807110026044842,-0.0720934637440113,0.8229524282386969,-0.0562510615501565,0.817671627507412,-0.0615318622814414,0.3666954580152672,-0.5125080317735862,0.8174386241232141,-0.0617648656656393,0.8181775233864136,-0.0610259664024398,matched,True,False,0.7614754438400269,0.8226526379585266
AOI-0015,2023-07-21,0.7262515469215733,s2,озимая пшеница,2023,7,False,4.0,3.0,1,0,0-7,0-7,0.7375120876046889,0.2098148938581705,0.0477710577528268,0.0049019607843137,0.8333333333333334,4.0,3.0,A,0,r0_f0,17,0.807110026044842,0.0808584791232687,0.7877380075746314,0.061486460653058,0.7974240168097367,0.0711724698881633,0.7960403012047218,0.0697887542831484,0.3666954580152672,-0.3595560889063061,0.7918679598429543,0.0656164129213809,0.7885754023883803,0.0623238554668069,matched,True,False,0.797082781791687,0.7972089648246765
AOI-0015,2023-07-29,0.839578161627254,s2,озимая пшеница,2023,7,False,1.0,2.0,1,0,0-7,0-7,0.7267982952620231,0.2183787670768713,0.0497208968447789,0.0051020408163265,0.9375,1.0,2.0,A,0,r0_f0,17,0.7016418119387218,-0.1379363496885322,0.7812718577692928,-0.0583063038579612,0.7414568348540073,-0.0981213267732467,0.7281851605489121,-0.1113930010783418,0.3666954580152672,-0.4728827036119867,0.7172902221902043,-0.1222879394370496,0.7185057109492272,-0.1210724506780267,matched,True,False,0.7982454895973206,0.7287093997001648
AOI-0015,2023-08-18,0.6938723369180181,s2,озимая пшеница,2023,8,False,1.0,2.0,1,0,0-7,0-7,0.6360166636990916,0.3238889490562193,0.036363043961107,0.003731343283582,0.9375,1.0,2.0,A,0,r0_f0,17,0.748543794062899,0.0546714571448808,0.719665081546888,0.0257927446288699,0.7341044378048935,0.0402321008868754,0.738917556557562,0.0450452196395438,0.2647903045120205,-0.4290820324059975,0.7367700146676455,0.0428976777496273,0.7373499383441234,0.0434776014261053,matched,True,False,0.7676389217376709,0.7385139465332031
AOI-0015,2023-09-26,0.2854284906831442,landsat,озимая пшеница,2023,9,False,2.0,1.0,1,0,0-7,0-7,0.5023084993436558,0.4428685629952386,0.0497208968447789,0.0051020408163265,0.9375,2.0,1.0,A,0,r0_f0,17,0.2279007257688007,-0.0575277649143435,0.2289109531688621,-0.056517537514282,0.2284058394688314,-0.0570226512143128,0.2285742107021749,-0.0568542799809692,0.2323186698409349,-0.0531098208422092,0.2286490423614387,-0.0567794483217054,0.2282022221711507,-0.0572262685119934,matched,True,False,0.274000346660614,0.2330140769481659
AOI-0015,2024-08-19,0.1252889912725628,s2,озимая пшеница,2024,8,False,2.0,1.0,1,0,0-7,0-7,0.6714087536921887,0.3169586370638422,0.0073953211083757,0.0042372881355932,0.9375,2.0,1.0,A,0,r0_f0,17,0.1110051099293872,-0.0142838813431755,0.1751650911840492,0.0498760999114863,0.1430851005567182,0.0177961092841553,0.1537784307658285,0.0284894394932657,0.2647903045120205,0.1395013132394577,0.1585310219698775,0.0332420306973147,0.161926158632723,0.0366371673601602,matched,True,False,0.14309531450271606,0.15418119728565216
AOI-0015,2024-08-27,0.0920919671394507,s2,озимая пшеница,2024,8,False,3.0,1.0,1,0,0-7,0-7,0.8322623293567827,0.1540111917353339,0.0087264789078834,0.005,0.9375,3.0,1.0,A,0,r0_f0,17,0.0970540699558398,0.0049621028163891,0.1786800690837648,0.0865881019443141,0.1378670695198023,0.0457751023803515,0.1582735693017835,0.0661816021623328,0.2647903045120205,0.1726983373725698,0.1659260067200265,0.0738340395805758,0.1687855404217594,0.0766935732823087,matched,True,False,0.12059614062309265,0.15533573925495148
AOI-0015,2024-09-04,0.1885770539072264,landsat,озимая пшеница,2024,9,False,1.0,2.0,1,0,0-7,0-7,0.575929669947296,0.4073307216284559,0.0106420474486383,0.0060975609756097,0.9375,1.0,2.0,A,0,r0_f0,17,0.103247301219924,-0.0853297526873024,0.1302426590650112,-0.0583343948422152,0.1167449801424675,-0.0718320737647588,0.112245753834953,-0.0763313000722733,0.2613607703614092,0.0727837164541828,0.1102460976982799,-0.0783309562089464,0.1123280791175454,-0.0762489747896809,matched,True,False,0.17826375365257263,0.11075068265199661
AOI-0019,2017-09-30,0.2921617778572706,modis,подсолнечник,2017,9,True,4.0,3.0,1,0,0-7,0-7,0.3832731604718497,0.1644162641824863,0.4480732872100707,0.0042372881355932,0.8333333333333334,4.0,3.0,A,0,r0_f0,17,0.2621479266125291,-0.0300138512447414,0.2473527277847977,-0.0448090500724729,0.2547503271986634,-0.0374114506586071,0.2536935272823969,-0.0384682505748736,0.206407713825672,-0.0857540640315986,0.2582190283682823,-0.0339427494889882,0.2904685995725737,-0.0016931782846968,matched,False,False,0.22776049375534058,0.25001221895217896
AOI-0019,2019-09-25,0.1987455675188678,s2,подсолнечник,2019,9,True,2.0,7.0,2,0,0-7,0-7,0.7866617379054349,0.1522854451537885,0.0553709987589584,0.0056818181818181,0.8823529411764706,2.0,7.0,A,0,r0_f0,17,-0.0016985511856338,-0.2004441187045016,0.2296883344090918,0.030942766890224,0.113994891611729,-0.0847506759071387,0.0497207567243052,-0.1490248107945625,0.208853231243427,0.0101076637245592,0.0249844071527628,-0.1737611603661049,0.0384663952435032,-0.1602791722753645,matched,False,False,0.23237654566764832,0.04947149008512497
AOI-0019,2019-09-30,0.0549150042286476,s2,подсолнечник,2019,9,True,7.0,2.0,2,1,0-7,0-7,0.4362805978334284,0.1754190096191261,0.3842020318917077,0.0040983606557377,0.8823529411764706,7.0,2.0,A,0,r0_f0,17,-0.0016985511856338,-0.0566135554142814,0.2296883344090918,0.1747733301804442,0.113994891611729,0.0590798873830814,0.1782690264991527,0.1233540222705051,0.206407713825672,0.1514927095970244,0.1916737906014136,0.136758786372766,0.186171390588309,0.1312563863596614,matched,False,False,0.05767204612493515,0.17586462199687958
AOI-0019,2020-06-26,0.4518569590204755,s2,подсолнечник,2020,6,True,1.0,3.0,1,0,0-7,0-7,0.8122623293567827,0.1540111917353339,0.0287264789078834,0.005,0.9375,1.0,3.0,A,0,r0_f0,17,0.4495986406725094,-0.0022583183479661,0.4066996048305265,-0.045157354189949,0.4281491227515179,-0.0237078362689575,0.4388738817120136,-0.0129830773084618,0.5073957598001575,0.0555388007796819,0.4457058123635372,-0.0061511466569382,0.4469455373223713,-0.0049114216981042,matched,False,False,0.3791041970252991,0.4420573115348816
AOI-0020,2020-07-04,0.215632858516993,s2,подсолнечник,2020,7,True,3.0,2.0,1,0,0-7,0-7,0.8355513032909634,0.111775678171896,0.0477710577528268,0.0049019607843137,0.8823529411764706,3.0,2.0,A,0,r0_f0,17,0.2037298320631674,-0.0119030264538256,0.2021552842832607,-0.0134775742337322,0.202942558173214,-0.0126903003437789,0.2027851033952234,-0.0128477551217695,0.3481630784231173,0.1325302199061243,0.2023703434523878,-0.0132625150646051,0.1935458813530164,-0.0220869771639765,matched,False,False,0.22191694378852844,0.20618003606796265
AOI-0020,2021-07-28,0.371318044319381,modis,подсолнечник,2021,7,True,2.0,1.0,1,0,0-7,0-7,0.3940479456590636,0.1800086090271799,0.4220972914676026,0.0038461538461538,0.9375,2.0,1.0,A,0,r0_f0,17,0.3219360826992784,-0.0493819616201025,0.1989837921465646,-0.1723342521728164,0.2604599374229215,-0.1108581068964594,0.2399678889974692,-0.1313501553219117,0.3019623350226486,-0.0693557092967323,0.2262417581125948,-0.1450762862067861,0.2311981335323221,-0.1401199107870588,matched,False,False,0.40313220024108887,0.24476826190948486
AOI-0020,2022-07-06,0.2434424022824642,s2,подсолнечник,2022,7,True,1.0,3.0,1,0,0-7,0-7,0.7285493673177195,0.2018973506937112,0.0648363008564937,0.0047169811320754,0.9375,1.0,3.0,A,0,r0_f0,17,0.3409939669004918,0.0975515646180275,0.2274051465330501,-0.016037255749414,0.2841995567167709,0.0407571544343067,0.3125967618086314,0.0691543595261671,0.3481630784231173,0.1047206761406531,0.323245713718079,0.0798033114356148,0.3256507267953916,0.0822083245129274,matched,False,False,0.24210762977600098,0.32010379433631897
AOI-0021,2022-09-16,0.3123491061319534,landsat,подсолнечник,2022,9,True,1.0,2.0,2,0,0-7,0-7,0.4694178092358322,0.4034675719574723,0.1184939291515231,0.0086206896551724,0.9375,1.0,2.0,A,0,r0_f0,17,0.2828457208934967,-0.0295033852384566,0.197584436490763,-0.1147646696411903,0.2402150786921298,-0.0721340274398235,0.2544252927592521,-0.0579238133727012,0.208853231243427,-0.1034958748885263,0.2614871520029915,-0.0508619541289618,0.2675400622788978,-0.0448090438530555,matched,False,False,0.1598905622959137,0.25323575735092163
AOI-0021,2022-09-17,0.1583256617362696,s2,подсолнечник,2022,9,True,2.0,1.0,2,1,0-7,0-7,0.7403279116959783,0.1675139896691674,0.0859080986348542,0.00625,0.9375,2.0,1.0,A,0,r0_f0,17,0.2828457208934967,0.124520059157227,0.197584436490763,0.0392587747544933,0.2402150786921298,0.0818894169558602,0.2260048646250075,0.0676792028887379,0.208853231243427,0.0505275695071573,0.22118163102299,0.0628559692867203,0.2253522552054545,0.0670265934691849,matched,False,False,0.15260791778564453,0.2187274843454361
AOI-0021,2024-06-09,0.6529190163934426,modis,подсолнечник,2024,6,True,1.0,1.0,1,0,0-7,0-7,0.2609485083542702,0.1732242783351195,0.5613629275963244,0.0044642857142857,0.9375,1.0,1.0,A,0,r0_f0,17,0.7006285821881317,0.0477095657946891,0.6623830373978368,0.0094640210043941,0.6815058097929843,0.0285867933995416,0.6815058097929843,0.0285867933995416,0.7091383414263789,0.0562193250329362,0.6829826548336223,0.0300636384401796,0.6824118485163826,0.0294928321229399,matched,False,False,0.7138398885726929,0.6807944178581238
AOI-0022,2018-08-28,0.3075602848799906,landsat,подсолнечник,2018,8,True,1.0,1.0,1,0,0-7,0-7,0.0791853475102768,0.8091078662656574,0.1041310286483081,0.0075757575757575,0.9375,1.0,1.0,A,0,r0_f0,17,0.2669355132979578,-0.0406247715820328,0.2730954312990112,-0.0344648535809793,0.2700154722984845,-0.0375448125815061,0.2700154722984845,-0.0375448125815061,0.2350817360490066,-0.072478548830984,0.2700154722984845,-0.0375448125815061,0.2700817476119951,-0.0374785372679954,matched,False,False,0.238240048289299,0.27123188972473145
AOI-0022,2019-07-20,0.1475561259293342,s2,подсолнечник,2019,7,True,3.0,2.0,1,0,0-7,0-7,0.7851531409026252,0.1264256525805037,0.0837042253847956,0.0047169811320754,0.8823529411764706,3.0,2.0,A,0,r0_f0,17,0.1554515849333774,0.0078954590040432,0.1573091734470878,0.0097530475177536,0.1563803791902326,0.0088242532608984,0.1565661380416036,0.0090100121122694,0.3019623350226486,0.1544062090933144,0.1561408416329471,0.0085847157036129,0.1450969487090624,-0.0024591772202717,matched,False,False,0.13359840214252472,0.14526373147964478
AOI-0022,2020-04-22,0.1702561566521962,s2,подсолнечник,2020,4,True,4.0,3.0,1,0,0-7,0-7,0.6002342226399845,0.1017957069065481,0.2935057847391816,0.0044642857142857,0.8333333333333334,4.0,3.0,A,0,r0_f0,17,0.2882587235026894,0.1180025668504931,0.2484333328777169,0.0781771762255207,0.2683460281902031,0.0980898715380069,0.2655013574312765,0.0952452007790803,0.5372030470488546,0.3669468903966584,0.2641080493044553,0.0938518926522591,0.2587861889961818,0.0885300323439856,matched,False,False,0.25351229310035706,0.24729396402835846
AOI-0022,2024-05-06,0.2211417589901772,s2,подсолнечник,2024,5,True,2.0,1.0,1,0,0-7,0-7,0.6786885581929242,0.2882462664071901,0.0281632146155719,0.0049019607843137,0.9375,2.0,1.0,A,0,r0_f0,17,0.2237520803443903,0.002610321354213,0.2851532940971064,0.0640115351069291,0.2544526872207483,0.0333109282305711,0.264686222846201,0.0435444638560238,0.6444961608760591,0.4233544018858819,0.2496828408995199,0.0285410819093427,0.2387006813024655,0.0175589223122883,matched,False,False,0.29209789633750916,0.2862603962421417
AOI-0023,2019-07-20,0.1341070905927967,s2,подсолнечник,2019,7,True,3.0,2.0,1,0,0-7,0-7,0.7662852163743233,0.1452935771088055,0.0837042253847956,0.0047169811320754,0.8823529411764706,3.0,2.0,A,0,r0_f0,17,0.1285049842782512,-0.0056021063145455,0.1470659181033731,0.0129588275105763,0.1377854511908121,0.0036783605980154,0.1396415445733243,0.0055344539805276,0.3019623350226486,0.1678552444298519,0.1360327530358371,0.0019256624430404,0.1241849973651321,-0.0099220932276645,matched,False,False,0.15946811437606812,0.1369141787290573
AOI-0023,2020-07-06,0.166156484699244,s2,подсолнечник,2020,7,True,2.0,1.0,1,0,0-7,0-7,0.7566021175970752,0.1945556288503035,0.0442967990071667,0.0045454545454545,0.9375,2.0,1.0,A,0,r0_f0,17,0.1762251178530502,0.0100686331538062,0.2288297030758309,0.0626732183765869,0.2025274104644405,0.0363709257651965,0.2112948413349039,0.0451383566356599,0.3481630784231173,0.1820065937238733,0.2167009467316602,0.0505444620324162,0.2185095920009169,0.0523531073016729,matched,False,False,0.12938064336776733,0.20913028717041016
AOI-0023,2021-10-15,0.1417164278163179,landsat,подсолнечник,2021,10,True,1.0,1.0,1,0,0-7,0-7,0.4504684452799691,0.4535914138130962,0.0870115694783632,0.0089285714285714,0.9375,1.0,1.0,A,0,r0_f0,17,0.1792227167711753,0.0375062889548573,0.3050254064480573,0.1633089786317394,0.2421240616096163,0.1004076337932984,0.2421240616096163,0.1004076337932984,0.2242350296701614,0.0825186018538434,0.2595028226779964,0.1177863948616785,0.2512307421755039,0.109514314359186,matched,False,False,0.1373504400253296,0.24286210536956787
AOI-0023,2022-04-07,0.752546437332215,s2,подсолнечник,2022,4,True,2.0,3.0,1,0,0-7,0-7,0.6502981015417985,0.197739990608334,0.1462800896680493,0.0056818181818181,0.8823529411764706,2.0,3.0,A,0,r0_f0,17,0.7363626220204654,-0.0161838153117496,0.8136448328918782,0.0610983955596631,0.7750037274561719,0.0224572901239568,0.7672755063690305,0.0147290690368154,0.3758802424910443,-0.3766661948411707,0.7802592280134885,0.0277127906812734,0.7794255854423545,0.0268791481101394,matched,False,False,0.7802610993385315,0.794070839881897
AOI-0023,2023-09-26,0.2088996467924398,landsat,подсолнечник,2023,9,True,2.0,1.0,1,0,0-7,0-7,0.4522623293567827,0.4740111917353339,0.0687264789078834,0.005,0.9375,2.0,1.0,A,0,r0_f0,17,0.1445658130135489,-0.0643338337788909,0.1524725071876193,-0.0564271396048205,0.148519160100584,-0.0603804866918557,0.1498369424629291,-0.0590627043295106,0.208853231243427,-4.641554901280154e-05,0.1504226235128603,-0.0584770232795795,0.1488800957097179,-0.0600195510827218,matched,False,False,0.21438559889793396,0.15321621298789978
AOI-0026,2010-04-23,0.2338184758525615,landsat,озимая пшеница,2010,4,False,8.0,8.0,1,0,8-15,8-15,0.0139344651781621,0.4250127178810612,0.5553709987589585,0.0056818181818181,0.6521739130434783,8.0,8.0,A,0,r0_f0,17,0.2971942592714379,0.0633757834188764,0.2110825273820925,-0.022735948470469,0.2541383933267652,0.0203199174742036,0.2541383933267652,0.0203199174742036,0.5416330578512396,0.3078145819986781,0.239189632225415,0.0053711563728535,0.2351816409865299,0.0013631651339684,matched,True,False,0.34098517894744873,0.23532521724700928
AOI-0026,2010-08-29,0.2235833537987711,landsat,озимая пшеница,2010,8,False,16.0,32.0,3,0,16-30,31+,0.0149540601911983,0.456111209433334,0.5228371693998578,0.0060975609756097,0.4838709677419355,16.0,32.0,A,0,r0_f0,17,0.3293074985904906,0.1057241447917194,0.2305218943807555,0.0069385405819843,0.279914696485623,0.0563313426868519,0.2963789638539122,0.0727956100551411,0.2613607703614092,0.0377774165626381,0.2815606857667718,0.0579773319680007,0.2176934707895886,-0.0058898830091825,matched,True,False,0.2727004289627075,0.28298476338386536
AOI-0026,2010-09-06,0.1522767489917404,landsat,озимая пшеница,2010,9,False,24.0,24.0,3,1,16-30,16-30,0.0306558233919567,0.8350279793383347,0.1218161972697085,0.0125,0.3846153846153846,24.0,24.0,A,0,r0_f0,17,0.3293074985904906,0.1770307495987501,0.2305218943807555,0.078245145389015,0.279914696485623,0.1276379474938826,0.279914696485623,0.1276379474938826,0.2613607703614092,0.1090840213696688,0.2708744696031229,0.1185977206113824,0.2187832933290581,0.0665065443373177,matched,True,False,0.24161912500858307,0.27388477325439453
AOI-0026,2010-09-14,0.225070325126856,modis,озимая пшеница,2010,9,False,32.0,16.0,3,2,31+,16-30,0.0153279116959783,0.0175139896691673,0.9609080986348544,0.00625,0.4838709677419355,32.0,16.0,A,0,r0_f0,17,0.3293074985904906,0.1042371734636345,0.2305218943807555,0.0054515692538994,0.279914696485623,0.054844371358767,0.2634504291173338,0.0383801039904778,0.2323186698409349,0.0072483447140788,0.2621971927466963,0.0371268676198402,0.233457872125542,0.008387546998686,matched,True,False,0.2557925581932068,0.25239336490631104
AOI-0026,2011-04-02,0.3388792244128525,landsat,озимая пшеница,2011,4,False,160.0,5.0,1,0,31+,0-7,0.0266572377321362,0.8565460689898563,0.1059271280606161,0.0108695652173913,0.75,160.0,5.0,A,0,r0_f0,17,0.2504917374986277,-0.0883874869142248,0.4527840443525655,0.1139048199397129,0.3516378909255966,0.012758666512744,0.4466539744479006,0.1077747500350481,0.4166117421924103,0.0777325177795578,0.4526782583228067,0.1137990339099542,0.4527879268562356,0.113908702443383,matched,True,False,0.2981223464012146,0.4636014699935913
AOI-0026,2011-06-13,0.6968412725569891,landsat,озимая пшеница,2011,6,False,3.0,13.0,1,0,0-7,8-15,0.0266572377321362,0.7695895472507258,0.1928836497997465,0.0108695652173913,0.8333333333333334,3.0,13.0,A,0,r0_f0,17,0.7709442210110884,0.0741029484540992,0.4050841571133245,-0.2917571154436646,0.5880141890622065,-0.1088270834947826,0.7023454590302576,0.0055041864732684,0.7010719673379057,0.0042306947809165,0.7112379931232569,0.0143967205662677,0.7091798144965692,0.01233854193958,matched,True,False,0.7801223993301392,0.7171189785003662
AOI-0026,2011-08-08,0.2143688926843341,landsat,озимая пшеница,2011,8,False,8.0,5.0,1,0,8-15,0-7,0.0255465194932972,0.7791899827819456,0.1848468310580904,0.0104166666666666,0.75,8.0,5.0,A,0,r0_f0,17,0.1894873451225298,-0.0248815475618043,0.274569986844578,0.0602010941602439,0.2320286659835539,0.0176597732992198,0.2418458938745594,0.0274770011902253,0.3383295609182435,0.1239606682339094,0.2398484615062764,0.0254795688219423,0.2447121828364828,0.0303432901521487,matched,True,False,0.25260400772094727,0.2596057653427124
AOI-0026,2012-05-24,0.4875534102012898,modis,озимая пшеница,2012,5,False,2.0,16.0,1,0,0-7,16-30,0.0136248103964252,0.0822346574837043,0.8985849765643149,0.0055555555555555,0.8823529411764706,2.0,16.0,A,0,r0_f0,17,0.2532116095960725,-0.2343418006052173,0.3206743281338094,-0.1668790820674803,0.286942968864941,-0.2006104413363488,0.2607074672113765,-0.2268459429899132,0.7246056996320704,0.2370522894307806,0.2555251458970922,-0.2320282643041975,0.2583412449090371,-0.2292121652922527,matched,True,False,0.4754929840564728,0.27097663283348083
AOI-0026,2013-10-16,0.1727567328331823,landsat,озимая пшеница,2013,10,False,16.0,8.0,1,0,16-30,8-15,0.014598011139027,0.373822847303969,0.6056267606046232,0.0059523809523809,0.6521739130434783,16.0,8.0,A,0,r0_f0,17,0.3732201277955271,0.2004633949623448,0.2684750041378397,0.0957182713046574,0.3208475659666834,0.1480908331335011,0.3033900453570688,0.1306333125238865,0.2406710940977025,0.0679143612645201,0.2956311473083512,0.1228744144751689,0.3074996460774595,0.1347429132442772,matched,True,False,0.27756232023239136,0.3000347912311554
AOI-0026,2014-05-25,0.8494857921443341,modis,озимая пшеница,2014,5,False,5.0,3.0,1,0,0-7,0-7,0.0142585225078868,0.1093153392271324,0.8706121847766086,0.005813953488372,0.8333333333333334,5.0,3.0,A,0,r0_f0,17,0.8758135286037476,0.0263277364594135,0.7129031972541959,-0.1365825948901381,0.7943583629289718,-0.0551274292153622,0.7739945715102778,-0.0754912206340562,0.7246056996320704,-0.1248800925122636,0.7881519505389168,-0.0613338416054172,0.7740170348509877,-0.0754687572933463,matched,True,False,0.7638866305351257,0.7702362537384033
AOI-0026,2014-06-05,0.8458411838233155,landsat,озимая пшеница,2014,6,False,8.0,5.0,1,0,8-15,0-7,0.0245246587135653,0.8280223834706678,0.1374529578157668,0.01,0.75,8.0,5.0,A,0,r0_f0,17,0.7129031972541959,-0.1329379865691196,0.4520213565536207,-0.3938198272696948,0.5824622769039083,-0.2633789069194072,0.5523605260538419,-0.2934806577694736,0.7010719673379057,-0.1447692164854098,0.5141745138109117,-0.3316666700124038,0.5515228749267567,-0.2943183088965588,matched,True,False,0.714104175567627,0.5619882941246033
AOI-0026,2014-07-28,0.2258126292050367,modis,озимая пшеница,2014,7,False,5.0,11.0,2,0,0-7,8-15,0.0133286188660681,0.1239252084079716,0.8573113901172646,0.0054347826086956,0.75,5.0,11.0,A,0,r0_f0,17,0.2663510605072019,0.0405384313021652,0.19996817862851,-0.0258444505765267,0.2331596195678559,0.0073469903628192,0.2456064099201106,0.0197937807150739,0.3666954580152672,0.1408828288102305,0.2433346106753717,0.017521981470335,0.2470431573207819,0.0212305281157451,matched,True,False,0.3391398787498474,0.22981120645999908
AOI-0026,2014-07-31,0.1687149241823248,landsat,озимая пшеница,2014,7,False,8.0,8.0,2,1,8-15,8-15,0.0245246587135653,0.8280223834706678,0.1374529578157668,0.01,0.6521739130434783,8.0,8.0,A,0,r0_f0,17,0.2663510605072019,0.0976361363248771,0.19996817862851,0.0312532544461851,0.2331596195678559,0.0644446953855311,0.2331596195678559,0.0644446953855311,0.3383295609182435,0.1696146367359187,0.2267109334673561,0.0579960092850312,0.2338800710711342,0.0651651468888094,matched,True,False,0.25443321466445923,0.22267982363700867
AOI-0026,2015-05-23,0.8594623801003685,landsat,озимая пшеница,2015,5,False,8.0,2.0,1,0,8-15,0-7,0.0235814026091974,0.796175368721796,0.1706278440536219,0.0096153846153846,0.8823529411764706,8.0,2.0,A,0,r0_f0,17,0.9047103625989832,0.0452479824986147,0.8933182672429996,0.0338558871426311,0.8990143149209914,0.0395519348206229,0.8955966863141963,0.0361343062138278,0.7246056996320704,-0.134856680468298,0.8949683239874723,0.0355059438871038,0.8955964302705361,0.0361340501701676,matched,True,False,0.9277384281158447,0.8916129469871521
AOI-0026,2015-09-14,0.3095711144521706,modis,озимая пшеница,2015,9,False,2.0,6.0,1,0,0-7,0-7,0.0136248103964252,0.1266791019281488,0.8541405321198705,0.0055555555555555,0.8823529411764706,2.0,6.0,A,0,r0_f0,17,0.3252371910867558,0.0156660766345851,0.2684757517472149,-0.0410953627049557,0.2968564714169853,-0.0127146430351852,0.3110468312518706,0.0014757167996999,0.2323186698409349,-0.0772524446112357,0.3160060186123639,0.0064349041601932,0.3181638502730822,0.0085927358209115,matched,True,False,0.37012460827827454,0.3093763589859009
AOI-0026,2016-10-16,0.5950686410592504,landsat,озимая пшеница,2016,10,False,1.0,8.0,1,0,0-7,8-15,0.0471628052183949,0.7461968912897459,0.18740953426109,0.0192307692307692,0.9375,1.0,8.0,A,0,r0_f0,17,0.5684130802480738,-0.0266555608111765,0.550793402609178,-0.0442752384500724,0.5596032414286258,-0.0354653996306245,0.5664553382881965,-0.0286133027710538,0.2406710940977025,-0.3543975469615479,0.5678088389024326,-0.0272598021568177,0.5665412408327994,-0.0285274002264509,matched,True,False,0.5028834939002991,0.567010223865509
AOI-0026,2017-04-01,0.5724240691787501,s2,озимая пшеница,2017,4,False,159.0,1.0,1,0,31+,0-7,0.8645246587135653,0.0680223834706678,0.0574529578157668,0.01,0.9375,159.0,1.0,A,0,r0_f0,17,0.550793402609178,-0.0216306665695721,0.7113139129849403,0.1388898438061901,0.6310536577970591,0.058629588618309,0.7103106597950918,0.1378865906163416,0.4166117421924103,-0.1558123269863398,0.7088619462510595,0.1364378770723093,0.7088046224489314,0.1363805532701812,matched,True,False,0.7058699727058411,0.7148825526237488
AOI-0026,2017-04-07,0.8242092087953394,modis,озимая пшеница,2017,4,False,5.0,9.0,1,0,0-7,8-15,0.0981514142093432,0.0574587146120573,0.8390707222424292,0.0053191489361702,0.75,5.0,9.0,A,0,r0_f0,17,0.7113139129849403,-0.1128952958103991,0.9024388211118644,0.0782296123165249,0.8068763670484023,-0.0173328417469371,0.779572808744556,-0.0446364000507834,0.4166117421924103,-0.4075974666029291,0.7721267591054979,-0.0520824496898415,0.7637835677704303,-0.0604256410249091,matched,True,False,0.8898934721946716,0.7448486089706421
AOI-0026,2017-09-01,0.1842884531451864,landsat,озимая пшеница,2017,9,False,3.0,2.0,1,0,0-7,0-7,0.2307004990254283,0.6575927147505058,0.1041310286483081,0.0075757575757575,0.8823529411764706,3.0,2.0,A,0,r0_f0,17,0.1292005148316162,-0.0550879383135702,0.124650052872963,-0.0596384002722234,0.1269252838522896,-0.0573631692928968,0.1264702376564243,-0.0578182154887621,0.2613607703614092,0.0770723172162227,0.1255235957522276,-0.0587648573929588,0.1247002609673287,-0.0595881921778577,matched,True,False,0.2364237904548645,0.12012408673763275
AOI-0026,2018-09-04,0.3042241940705932,landsat,озимая пшеница,2018,9,False,6.0,8.0,1,0,0-7,8-15,0.0620429410707359,0.796175368721796,0.1321663055920834,0.0096153846153846,0.7142857142857143,6.0,8.0,A,0,r0_f0,17,0.2745418154482241,-0.0296823786223691,0.1740146750266198,-0.1302095190439734,0.2242782452374219,-0.0799459488331712,0.2314587552675365,-0.0727654388030566,0.2613607703614092,-0.042863423709184,0.2349757397720824,-0.0692484542985107,0.2332835906614807,-0.0709406034091124,matched,True,False,0.2216711789369583,0.24028640985488892
AOI-0026,2018-09-13,0.1703277890698981,s2,озимая пшеница,2018,9,False,1.0,5.0,2,0,0-7,0-7,0.6886771271590496,0.2488502229480627,0.0566586964045155,0.005813953488372,0.9375,1.0,5.0,A,0,r0_f0,17,0.1740146750266198,0.0036868859567217,0.1888112209386343,0.0184834318687362,0.181412947982627,0.0110851589127289,0.1764807660119555,0.0061529769420574,0.2323186698409349,0.0619908807710368,0.174430740788347,0.0041029517184489,0.1717725307097169,0.0014447416398188,matched,True,False,0.220364049077034,0.17496487498283386
AOI-0026,2018-09-14,0.2297361398233415,modis,озимая пшеница,2018,9,False,2.0,4.0,2,1,0-7,0-7,0.0708454209380222,0.307854109544445,0.616398508733219,0.0049019607843137,0.8823529411764706,2.0,4.0,A,0,r0_f0,17,0.1740146750266198,-0.0557214647967217,0.1888112209386343,-0.0409249188847072,0.181412947982627,-0.0483231918407144,0.1789468569972913,-0.0507892828260502,0.2323186698409349,0.0025825300175933,0.1756748975955251,-0.0540612422278163,0.1714822279284559,-0.0582539118948856,matched,True,False,0.27969762682914734,0.17676478624343872
AOI-0026,2019-04-26,0.7080388209408439,s2,озимая пшеница,2019,4,False,3.0,5.0,1,0,0-7,0-7,0.6464060859199834,0.2634722997455134,0.0853139220268109,0.0048076923076923,0.8333333333333334,3.0,5.0,A,0,r0_f0,17,0.7522443337718476,0.0442055128310037,0.5990757397789472,-0.1089630811618966,0.6756600367753974,-0.0323787841654464,0.69480611102451,-0.0132327099163339,0.5416330578512396,-0.1664057630896043,0.7037808333287815,-0.0042579876120624,0.7073525101480461,-0.0006863107927977,matched,True,False,0.5743505954742432,0.6798941493034363
AOI-0026,2019-05-16,0.8747004752470813,s2,озимая пшеница,2019,5,False,5.0,2.0,1,0,0-7,0-7,0.8321162833599803,0.0841036269719703,0.0780982714862311,0.0056818181818181,0.8823529411764706,5.0,2.0,A,0,r0_f0,17,0.3980572109875138,-0.4766432642595675,0.8671559541110021,-0.0075445211360791,0.632606582549258,-0.2420938926978233,0.7331277417900054,-0.1415727334570758,0.7246056996320704,-0.1500947756150108,0.7741567863780656,-0.1005436888690156,0.7746318330651036,-0.1000686421819776,matched,True,False,0.7940729856491089,0.7387741208076477
AOI-0026,2019-06-30,0.136406288366513,s2,озимая пшеница,2019,6,False,3.0,5.0,1,0,0-7,0-7,0.6652193639956523,0.2621772861288296,0.0658465931187613,0.0067567567567567,0.8333333333333334,3.0,5.0,A,0,r0_f0,17,0.2409246360029913,0.1045183476364783,0.2084933643110914,0.0720870759445783,0.2247090001570413,0.0883027117905283,0.2287629091185288,0.0923566207520158,0.3922055829921826,0.2557992946256696,0.2186598495911846,0.0822535612246715,0.2210458092612183,0.0846395208947053,matched,True,False,0.18184888362884521,0.23193827271461487
AOI-0026,2019-07-21,0.2096991700355295,landsat,озимая пшеница,2019,7,False,1.0,8.0,2,0,0-7,8-15,0.4133197792399459,0.3562849741729185,0.2147702465871356,0.015625,0.9375,1.0,8.0,A,0,r0_f0,17,0.1159768876706248,-0.0937222823649046,0.2132482301559736,0.0035490601204441,0.1646125589132992,-0.0450866111222302,0.1267848146134413,-0.0829143554220881,0.3666954580152672,0.1569962879797377,0.1189388348515933,-0.0907603351839361,0.1241242255569459,-0.0855749444785835,matched,True,False,0.2016245424747467,0.1311899572610855
AOI-0026,2019-07-28,0.3381633151663222,modis,озимая пшеница,2019,7,False,8.0,1.0,2,1,8-15,0-7,0.1922623293567827,0.1940111917353339,0.6087264789078835,0.005,0.9375,8.0,1.0,A,0,r0_f0,17,0.1159768876706248,-0.2221864274956974,0.2132482301559736,-0.1249150850103485,0.1646125589132992,-0.173550756253023,0.2024403032131571,-0.1357230119531651,0.3666954580152672,0.028532142848945,0.2069217883181205,-0.1312415268482016,0.2043283957713455,-0.1338349193949766,matched,True,False,0.33693403005599976,0.19995473325252533
AOI-0026,2019-08-14,0.1448267223662193,s2,озимая пшеница,2019,8,False,1.0,5.0,1,0,0-7,0-7,0.8241218206628366,0.1357276092087308,0.0341981891760516,0.0059523809523809,0.9375,1.0,5.0,A,0,r0_f0,17,0.251355609847773,0.1065288874815537,0.134941405808648,-0.0098853165575713,0.1931485078282105,0.0483217854619912,0.2319532425079188,0.0871265201416995,0.2647903045120205,0.1199635821458012,0.2427323354745044,0.0979056131082851,0.2438800345905335,0.0990533122243142,matched,True,False,0.14953503012657166,0.23382245004177094
AOI-0026,2019-09-14,0.2302057132118023,modis,озимая пшеница,2019,9,False,1.0,1.0,1,0,0-7,0-7,0.1595021568118358,0.272232584940124,0.5636356286184105,0.0046296296296296,0.9375,1.0,1.0,A,0,r0_f0,17,0.1474355825367801,-0.0827701306750222,0.1387009014720913,-0.091504811739711,0.1430682420044357,-0.0871374712073666,0.1430682420044357,-0.0871374712073666,0.2323186698409349,0.0021129566291326,0.1427818589721014,-0.0874238542397008,0.1431595008100947,-0.0870462124017075,matched,True,False,0.20741021633148193,0.1436721682548523
AOI-0026,2020-04-30,0.1731341205526607,s2,озимая пшеница,2020,4,False,4.0,8.0,2,0,0-7,8-15,0.7765027730437889,0.111918085399207,0.1056267606046231,0.0059523809523809,0.7894736842105263,4.0,8.0,A,0,r0_f0,17,0.2094922859101475,0.0363581653574868,0.3858508738958844,0.2127167533432237,0.2976715799030159,0.1245374593503552,0.2682784819053931,0.0951443613527324,0.6465173937099522,0.4733832731572915,0.2928445034345887,0.1197103828819279,0.2992743101581402,0.1261401896054795,matched,True,False,0.20251953601837158,0.2721441388130188
AOI-0026,2020-05-04,0.2645518371088614,landsat,озимая пшеница,2020,5,False,8.0,4.0,2,1,8-15,0-7,0.3408950396713279,0.5324475563990998,0.1199006471728154,0.0067567567567567,0.7894736842105263,8.0,4.0,A,0,r0_f0,17,0.2094922859101475,-0.0550595511987138,0.3858508738958844,0.121299036787023,0.2976715799030159,0.0331197427941545,0.3270646779006387,0.0625128407917773,0.6465173937099522,0.3819655566010908,0.3589430873303184,0.094391250221457,0.3767530698742634,0.112201232765402,matched,True,False,0.2535243630409241,0.3212297260761261
AOI-0026,2020-07-07,0.1987371809046628,landsat,озимая пшеница,2020,7,False,3.0,4.0,1,0,0-7,0-7,0.3822156505405798,0.5363805935383846,0.0738279983452778,0.0075757575757575,0.8333333333333334,3.0,4.0,A,0,r0_f0,17,0.1610016803407231,-0.0377355005639397,0.2426671678255967,0.0439299869209338,0.2018344240831598,0.003097243178497,0.1960011749770975,-0.0027360059275652,0.3922055829921826,0.1934684020875198,0.1939607444658815,-0.0047764364387813,0.1965330885352821,-0.0022040923693806,matched,True,False,0.18558019399642944,0.210303395986557
AOI-0026,2020-07-15,0.187347265413221,landsat,озимая пшеница,2020,7,False,1.0,4.0,1,0,0-7,0-7,0.3101005312206172,0.5709857931215062,0.1108491595288442,0.0080645161290322,0.9375,1.0,4.0,A,0,r0_f0,17,0.1226752096640876,-0.0646720557491334,0.1416950588644211,-0.0456522065487998,0.1321851342642543,-0.0551621311489666,0.1264791795041543,-0.0608680859090667,0.3666954580152672,0.1793481926020462,0.1236471561243642,-0.0637001092888567,0.1203015324471712,-0.0670457329660497,matched,True,False,0.17792251706123352,0.1393728405237198
AOI-0026,2020-07-27,0.2884374553655328,modis,озимая пшеница,2020,7,False,3.0,4.0,1,0,0-7,0-7,0.2617907013045987,0.071164607437821,0.662236998949888,0.0048076923076923,0.8333333333333334,3.0,4.0,A,0,r0_f0,17,0.1628442802724916,-0.1255931750930412,0.1510335119325438,-0.1374039434329889,0.1569388961025177,-0.131498559263015,0.1577825224125139,-0.1306549329530188,0.3666954580152672,0.0782580026497344,0.1540601846614956,-0.1343772707040371,0.1553467122373906,-0.1330907431281421,matched,True,False,0.23699943721294403,0.15628905594348907
AOI-0026,2020-08-16,0.1581601611304106,landsat,озимая пшеница,2020,8,False,3.0,2.0,1,0,0-7,0-7,0.3319241175747141,0.571067357546492,0.0904295775103729,0.006578947368421,0.8823529411764706,3.0,2.0,A,0,r0_f0,17,0.0230614945523928,-0.1350986665780177,0.1271518131834922,-0.0310083479469183,0.0751066538679424,-0.0830535072624681,0.0855156857310524,-0.0726444753993581,0.2647903045120205,0.1066301433816099,0.0905120210253452,-0.0676481401050654,0.0872817251667644,-0.0708784359636461,matched,True,False,0.13765957951545715,0.08700377494096756
AOI-0026,2020-09-09,0.2047286744264048,landsat,озимая пшеница,2020,9,False,2.0,3.0,1,0,0-7,0-7,0.6656368551507525,0.2442415305147441,0.0853139220268109,0.0048076923076923,0.8823529411764706,2.0,3.0,A,0,r0_f0,17,0.1377723956974302,-0.0669562787289746,0.1423376631432809,-0.0623910112831239,0.1400550294203555,-0.0646736450060492,0.1395985026757704,-0.0651301717506343,0.2613607703614092,0.0566320959350044,0.1382765435443546,-0.0664521308820501,0.1360063089838116,-0.0687223654425931,matched,True,False,0.19925186038017273,0.14406992495059967
AOI-0026,2022-06-19,0.4125416570134923,s2,озимая пшеница,2022,6,False,1.0,7.0,1,0,0-7,0-7,0.6513429035710454,0.248948076314185,0.0943898711785993,0.0053191489361702,0.9375,1.0,7.0,A,0,r0_f0,17,0.5540171211998944,0.1414754641864021,0.2821505732005262,-0.1303910838129661,0.4180838472002103,0.0055421901867179,0.5200338026999733,0.107492145686481,0.5174310253937682,0.1048893683802758,0.5389623877552873,0.1264207307417949,0.5205931819186097,0.1080515249051173,matched,True,False,0.4886270761489868,0.5209184288978577
AOI-0026,2023-05-13,0.8942168091219478,landsat,озимая пшеница,2023,5,False,4.0,7.0,2,0,0-7,0-7,0.2196722127542444,0.604788551750795,0.1636344735901986,0.0119047619047619,0.7894736842105263,4.0,7.0,A,0,r0_f0,17,0.8791182484495399,-0.0150985606724078,0.8757506050127154,-0.0184662041092323,0.8774344267311276,-0.0167823823908201,0.8778936508361492,-0.0163231582857985,0.6465173937099522,-0.2476994154119955,0.8776078228788694,-0.0166089862430783,0.868831736462064,-0.0253850726598837,matched,True,False,0.8771020174026489,0.8937722444534302
AOI-0026,2023-05-15,0.901070486763762,s2,озимая пшеница,2023,5,False,6.0,5.0,2,1,0-7,0-7,0.6726194993157263,0.248948076314185,0.0731132754339185,0.0053191489361702,0.75,6.0,5.0,A,0,r0_f0,17,0.8791182484495399,-0.0219522383142221,0.8757506050127154,-0.0253198817510466,0.8774344267311276,-0.0236360600326344,0.8772813520294538,-0.0237891347343082,0.6465173937099522,-0.2545530930538098,0.8773665150609748,-0.0237039717027871,0.8774691891052017,-0.0236012976585603,matched,True,False,0.8445752859115601,0.8977085947990417
AOI-0026,2023-06-19,0.7467754306556942,s2,озимая пшеница,2023,6,False,9.0,3.0,1,0,8-15,0-7,0.7584445690195147,0.1558269671341092,0.0799145103580039,0.005813953488372,0.8333333333333334,9.0,3.0,A,0,r0_f0,17,0.6973937981582411,-0.049381632497453,0.6580581875844299,-0.0887172430712642,0.6777259928713355,-0.0690494377843586,0.6678920902278828,-0.0788833404278114,0.5174310253937682,-0.229344405261926,0.6727872524014423,-0.0739881782542518,0.6967254416713196,-0.0500499889843746,matched,True,False,0.6476603150367737,0.6678807139396667
AOI-0026,2023-08-25,0.2270599657388822,landsat,озимая пшеница,2023,8,False,2.0,3.0,1,0,0-7,0-7,0.7063901319967171,0.2183787670768713,0.0701290601100851,0.0051020408163265,0.8823529411764706,2.0,3.0,A,0,r0_f0,17,0.1625546556658131,-0.0645053100730691,0.1440153738562694,-0.0830445918826128,0.1532850147610412,-0.0737749509778409,0.1551389429419956,-0.0719210227968865,0.2647903045120205,0.0377303387731383,0.1514229697413834,-0.0756369959974987,0.1367714364103085,-0.0902885293285737,matched,True,False,0.24575738608837128,0.15596593916416168
AOI-0026,2024-08-19,0.1938468578382962,landsat,озимая пшеница,2024,8,False,2.0,3.0,1,0,0-7,0-7,0.6513429035710454,0.2915012678035467,0.0518366796892376,0.0053191489361702,0.8823529411764706,2.0,3.0,A,0,r0_f0,17,0.1604277735131885,-0.0334190843251077,0.1553270604359815,-0.0385197974023147,0.157877416974585,-0.0359694408637112,0.1583874882823057,-0.0354593695559904,0.2647903045120205,0.0709434466737243,0.1595345513332549,-0.0343123065050412,0.1587861058876366,-0.0350607519506595,matched,True,False,0.1941605657339096,0.15772970020771027
AOI-0026,2024-08-28,0.1966235294117647,modis,озимая пшеница,2024,8,False,1.0,4.0,1,0,0-7,0-7,0.1884924797615516,0.4451090115052293,0.3614965479489053,0.0049019607843137,0.9375,1.0,4.0,A,0,r0_f0,17,0.0917248309828338,-0.1048986984289309,0.1455966714616119,-0.0510268579501528,0.1186607512222228,-0.0779627781895418,0.1024991990785894,-0.0941243303331752,0.2613607703614092,0.0647372409496445,0.096532321834838,-0.1000912075769266,0.0974965479940293,-0.0991269814177353,matched,True,False,0.24407611787319183,0.10202433168888092
AOI-0026,2024-09-26,0.1546405761991822,s2,озимая пшеница,2024,9,False,5.0,2.0,1,0,0-7,0-7,0.8514678248334683,0.0628037113201557,0.0799145103580039,0.005813953488372,0.8823529411764706,5.0,2.0,A,0,r0_f0,17,0.1620553138745081,0.0074147376753259,0.1909187922014993,0.036278216002317,0.1764870530380037,0.0218464768388215,0.1826720841080732,0.028031507908891,0.2323186698409349,0.0776780936417527,0.1851965865856526,0.0305560103864704,0.1852767499033777,0.0306361737041955,matched,True,False,0.14520034193992615,0.17910075187683105
AOI-0027,2012-09-13,0.4396570850202429,modis,озимая пшеница,2012,9,False,2.0,14.0,1,0,0-7,8-15,0.0133286188660681,0.3413165127557977,0.6399200857694385,0.0054347826086956,0.8823529411764706,2.0,14.0,A,0,r0_f0,17,0.2252621190662962,-0.2143949659539467,0.3392749454734661,-0.1003821395467768,0.2822685322698811,-0.1573885527503618,0.2395137223671924,-0.2001433626530505,0.2323186698409349,-0.207338415179308,0.2269049801606096,-0.2127521048596333,0.194811178550688,-0.2448459064695549,matched,True,False,0.38390594720840454,0.23958449065685272
AOI-0027,2013-10-24,0.3060141637956051,landsat,озимая пшеница,2013,10,False,8.0,165.0,1,0,8-15,31+,0.0278689303563242,0.8954799812166679,0.0652874520633713,0.0113636363636363,0.6521739130434783,8.0,165.0,A,0,r0_f0,17,0.4051637651821863,0.0991496013865811,0.7037299595141701,0.3977157957185649,0.5544468623481782,0.2484326985525731,0.4189702943998503,0.1129561306042452,0.2406710940977025,-0.0653430696979026,0.4093294693216568,0.1033153055260517,0.4121780034370349,0.1061638396414298,matched,True,False,0.3666698932647705,0.4128279983997345
AOI-0027,2014-05-09,0.8661844129554657,modis,озимая пшеница,2014,5,False,5.0,11.0,1,0,0-7,8-15,0.0133286188660681,0.102186077973189,0.8790505205520472,0.0054347826086956,0.75,5.0,11.0,A,0,r0_f0,17,0.9240062007348768,0.0578217877794111,0.865375293103053,-0.0008091198524127,0.8946907469189649,0.0285063339634992,0.905684042099932,0.0394996291444662,0.6465173937099522,-0.2196670192455134,0.9162275594446962,0.0500431464892305,0.9153313098743436,0.0491468969188778,matched,True,False,0.8642662167549133,0.9029606580734253
AOI-0027,2014-07-31,0.269714033544757,landsat,озимая пшеница,2014,7,False,3.0,8.0,1,0,0-7,8-15,0.0227080173273753,0.8037244291395071,0.1643082942738581,0.0092592592592592,0.8333333333333334,3.0,8.0,A,0,r0_f0,17,0.3929257085020243,0.1232116749572673,0.2913125208022968,0.0215984872575398,0.3421191146521605,0.0724050811074035,0.3652130209475531,0.0954989874027961,0.3383295609182435,0.0686155273734865,0.3743742399738246,0.1046602064290676,0.3850668090567885,0.1153527755120315,matched,True,False,0.2667631506919861,0.3662206530570984
AOI-0027,2015-09-28,0.2829230507856416,landsat,озимая пшеница,2015,9,False,8.0,8.0,2,0,8-15,8-15,0.0245246587135653,0.8280223834706678,0.1374529578157668,0.01,0.6521739130434783,8.0,8.0,A,0,r0_f0,17,0.2760657367138774,-0.0068573140717642,0.212096999026234,-0.0708260517594076,0.2440813678700557,-0.0388416829155859,0.2440813678700557,-0.0388416829155859,0.2300744919123765,-0.0528485588732651,0.2299009460514066,-0.0530221047342349,0.2229941456635476,-0.0599289051220939,matched,True,False,0.2581062912940979,0.23066921532154083
AOI-0027,2015-09-30,0.3730141700404858,modis,озимая пшеница,2015,9,False,10.0,6.0,2,1,8-15,0-7,0.0139344651781621,0.3341036269719704,0.6462800896680494,0.0056818181818181,0.7142857142857143,10.0,6.0,A,0,r0_f0,17,0.2760657367138774,-0.0969484333266084,0.212096999026234,-0.1609171710142518,0.2440813678700557,-0.1289328021704301,0.2360852756591002,-0.1369288943813855,0.2300744919123765,-0.1429396781281093,0.2223664983439773,-0.1506476716965084,0.214886452079347,-0.1581277179611387,matched,True,False,0.3133423924446106,0.22246402502059937
AOI-0027,2016-08-29,0.3242182373455168,landsat,озимая пшеница,2016,8,False,1.0,15.0,2,0,0-7,8-15,0.0266572377321362,0.813067808120291,0.1494053889301813,0.0108695652173913,0.9375,1.0,15.0,A,0,r0_f0,17,0.4240419028340081,0.0998236654884913,0.3699744939271255,0.0457562565816087,0.3970081983805668,0.0727899610350499,0.4206626897773279,0.0964444524318111,0.2613607703614092,-0.0628574669841076,0.4238563013631708,0.099638064017654,0.422543080792679,0.0983248434471622,matched,True,False,0.27401065826416016,0.4220183789730072
AOI-0027,2016-09-06,0.2991175787548575,landsat,озимая пшеница,2016,9,False,9.0,7.0,2,1,8-15,0-7,0.0255465194932972,0.7791899827819456,0.1848468310580904,0.0104166666666666,0.6818181818181818,9.0,7.0,A,0,r0_f0,17,0.4240419028340081,0.1249243240791506,0.3699744939271255,0.070856915172268,0.3970081983805668,0.0978906196257092,0.3936289853238866,0.0945114065690291,0.2613607703614092,-0.0377568083934483,0.4079022919833216,0.1087847132284641,0.4078128197108792,0.1086952409560217,matched,True,False,0.28548556566238403,0.40185874700546265
AOI-0027,2016-10-24,0.2356076822539661,landsat,озимая пшеница,2016,10,False,8.0,159.0,1,0,8-15,31+,0.0306558233919567,0.8350279793383347,0.1218161972697085,0.0125,0.6521739130434783,8.0,159.0,A,0,r0_f0,17,0.4633589310893177,0.2277512488353515,0.1704487580402925,-0.0651589242136736,0.3169038445648051,0.0812961623108389,0.4493273060330769,0.2137196237791108,0.2406710940977025,0.0050634118437363,0.4282098828917083,0.1926022006377422,0.3815986404524094,0.1459909581984432,matched,True,False,0.37539857625961304,0.4705807864665985
AOI-0027,2018-04-21,0.7702793870628037,landsat,озимая пшеница,2018,4,False,8.0,2.0,1,0,8-15,0-7,0.1244341175161492,0.747645694607938,0.1160154259711509,0.0119047619047619,0.8823529411764706,8.0,2.0,A,0,r0_f0,17,0.7173704566840415,-0.0529089303787622,0.7065253036437247,-0.063754083419079,0.7119478801638831,-0.0583315068989206,0.7086943342517881,-0.0615850528110156,0.5416330578512396,-0.2286463292115641,0.7068636794992296,-0.0634157075635741,0.6952230486514857,-0.075056338411318,matched,True,False,0.7644658088684082,0.7081000208854675
AOI-0027,2018-05-01,0.9196574373390684,s2,озимая пшеница,2018,5,False,2.0,10.0,2,0,0-7,8-15,0.6122623293567827,0.3140111917353339,0.0687264789078834,0.005,0.8823529411764706,2.0,10.0,A,0,r0_f0,17,0.8897365526642662,-0.0299208846748021,0.9159971124814252,-0.0036603248576431,0.9028668325728456,-0.0167906047662226,0.8941133126337927,-0.0255441247052756,0.6465173937099522,-0.2731400436291161,0.8979581982301222,-0.0216992391089461,0.9079388364415472,-0.0117186008975211,matched,True,False,0.816547155380249,0.8949329257011414
AOI-0027,2018-05-09,0.7671773279352225,modis,озимая пшеница,2018,5,False,10.0,2.0,2,1,8-15,0-7,0.0737370707722272,0.0959297874850346,0.8252311009264117,0.0051020408163265,0.8823529411764706,10.0,2.0,A,0,r0_f0,17,0.8897365526642662,0.1225592247290436,0.9159971124814252,0.1488197845462027,0.9028668325728456,0.1356895046376232,0.9116203525118988,0.1444430245766762,0.6465173937099522,-0.1206599342252703,0.915307169610849,0.1481298416756264,0.9289343741254944,0.1617570461902717,matched,True,False,0.8667513132095337,0.9127522706985474
AOI-0027,2018-06-15,0.6275400786771053,s2,озимая пшеница,2018,6,False,5.0,11.0,2,0,0-7,8-15,0.7294553699302947,0.1193728898956998,0.1431072240449732,0.0080645161290322,0.75,5.0,11.0,A,0,r0_f0,17,0.6479674089068826,0.0204273302297773,0.5323655870445345,-0.0951744916325707,0.5901664979757086,-0.0373735807013966,0.6118418395748988,-0.0156982391022064,0.5174310253937682,-0.110109053283337,0.5950055374493044,-0.0325345412278008,0.5879074092102882,-0.039632669466817,matched,True,False,0.651099681854248,0.6109563708305359
AOI-0027,2018-06-16,0.5775050518413682,landsat,озимая пшеница,2018,6,False,6.0,10.0,2,1,0-7,8-15,0.0701354986017015,0.7261112863811606,0.1928836497997465,0.0108695652173913,0.7142857142857143,6.0,10.0,A,0,r0_f0,17,0.6479674089068826,0.0704623570655144,0.5323655870445345,-0.0451394647968337,0.5901664979757086,0.0126614461343403,0.6046167257085021,0.0271116738671338,0.5174310253937682,-0.0600740264476,0.5898556892109245,0.0123506373695562,0.5870706949059626,0.0095656430645943,matched,True,False,0.7052334547042847,0.613683819770813
AOI-0027,2018-07-18,0.4713892843111745,landsat,озимая пшеница,2018,7,False,6.0,8.0,1,0,0-7,8-15,0.0266572377321362,0.7695895472507258,0.1928836497997465,0.0108695652173913,0.7142857142857143,6.0,8.0,A,0,r0_f0,17,0.5216145748987855,0.0502252905876109,0.2945758861895242,-0.1768133981216503,0.4080952305441548,-0.0632940537670196,0.4243122797376735,-0.047077004573501,0.3666954580152672,-0.1046938262959072,0.4322553242406214,-0.039133960070553,0.4645801147077301,-0.0068091696034443,matched,True,False,0.32394275069236755,0.44236159324645996
AOI-0027,2019-07-29,0.5177432698773123,landsat,озимая пшеница,2019,7,False,1.0,8.0,1,0,0-7,8-15,0.3408950396713279,0.5594745834261269,0.0928736201457883,0.0067567567567567,0.9375,1.0,8.0,A,0,r0_f0,17,0.5273105263157895,0.0095672564384771,0.5297735098733461,0.0120302399960338,0.5285420180945678,0.0107987482172554,0.5275841911555179,0.0098409212782055,0.3666954580152672,-0.1510478118620451,0.5273389603569527,0.0095956904796403,0.5269408303785297,0.0091975605012173,matched,True,False,0.5153785943984985,0.5275982022285461
AOI-0027,2019-08-24,0.3642233747855104,s2,озимая пшеница,2019,8,False,2.0,6.0,2,0,0-7,0-7,0.6502981015417985,0.2659218087901522,0.0780982714862311,0.0056818181818181,0.8823529411764706,2.0,6.0,A,0,r0_f0,17,0.5137959154168208,0.1495725406313103,0.3724090090132311,0.0081856342277206,0.4431024622150259,0.0788790874295155,0.4784491888159233,0.1142258140304129,0.2647903045120205,-0.0994330702734898,0.4972049389483733,0.1329815641628629,0.4841473659750195,0.1199239911895091,matched,True,False,0.4317527413368225,0.4752521514892578
AOI-0027,2019-08-29,0.3763065162384489,s2,озимая пшеница,2019,8,False,7.0,1.0,2,1,0-7,0-7,0.6655738054661048,0.1163379507503407,0.2129862029672279,0.0051020408163265,0.9375,7.0,1.0,A,0,r0_f0,17,0.5137959154168208,0.1374893991783718,0.3724090090132311,-0.0038975072252178,0.4431024622150259,0.066795945976577,0.3900823723136798,0.0137758560752309,0.2613607703614092,-0.1149457458770397,0.3897148799477002,0.0134083637092513,0.3887305683142163,0.0124240520757674,matched,True,False,0.3751715421676636,0.38751623034477234
AOI-0027,2020-04-18,0.3823434192475475,landsat,озимая пшеница,2020,4,False,8.0,4.0,1,0,8-15,0-7,0.2338798528266306,0.612523316115279,0.1431801643914237,0.0104166666666666,0.7894736842105263,8.0,4.0,A,0,r0_f0,17,0.2715730649761357,-0.1107703542714118,0.5064540485829959,0.1241106293354484,0.3890135567795658,0.0066701375320183,0.4281603873807091,0.0458169681331616,0.5416330578512396,0.1592896386036921,0.4455589787589951,0.0632155595114476,0.4547177078295773,0.0723742885820298,matched,True,False,0.3010144829750061,0.4156579077243805
AOI-0027,2020-09-09,0.3122278831210883,landsat,озимая пшеница,2020,9,False,2.0,3.0,1,0,0-7,0-7,0.6530776692045119,0.2585011242786169,0.0837042253847956,0.0047169811320754,0.8823529411764706,2.0,3.0,A,0,r0_f0,17,0.2532696463871194,-0.0589582367339688,0.2168968247878503,-0.0953310583332379,0.2350832355874848,-0.0771446475336034,0.2387205177474118,-0.0735073653736765,0.2613607703614092,-0.050867112759679,0.2404664131841767,-0.0717614699369116,0.238890048115151,-0.0733378350059372,matched,True,False,0.29943692684173584,0.2431919276714325
AOI-0027,2021-04-29,0.2934995641497213,landsat,озимая пшеница,2021,4,False,6.0,6.0,1,0,0-7,0-7,0.2307004990254283,0.6272896844474756,0.1344340589513385,0.0075757575757575,0.7142857142857143,6.0,6.0,A,0,r0_f0,17,0.5964323886639676,0.3029328245142463,0.2909669855742114,-0.0025325785755098,0.4436996871190895,0.1502001229693682,0.4436996871190895,0.1502001229693682,0.5416330578512396,0.2481334937015183,0.4436996871190894,0.1502001229693682,0.4509450376146636,0.1574454734649423,matched,True,False,0.3367227017879486,0.4746108651161194
AOI-0027,2021-05-20,0.2985760827004451,s2,озимая пшеница,2021,5,False,5.0,3.0,1,0,0-7,0-7,0.7080286273804907,0.171809220173505,0.1137518960357479,0.0064102564102564,0.8333333333333334,5.0,3.0,A,0,r0_f0,17,0.3143458550346589,0.0157697723342137,0.3915023595490932,0.092926276848648,0.352924107291876,0.0543480245914309,0.3625686703561803,0.0639925876557352,0.7246056996320704,0.4260296169316253,0.3412099482013039,0.0426338655008587,0.2998113102885578,0.0012352275881127,matched,True,False,0.3542701005935669,0.3631417751312256
AOI-0027,2021-08-18,0.6564247554514024,s2,озимая пшеница,2021,8,False,5.0,1.0,1,0,0-7,0-7,0.8653279116959783,0.0675139896691673,0.0609080986348542,0.00625,0.9375,5.0,1.0,A,0,r0_f0,17,0.5466111336032389,-0.1098136218481635,0.5715999393948216,-0.0848248160565808,0.5591055364990303,-0.0973192189523721,0.5674351384295577,-0.0889896170218447,0.2647903045120205,-0.3916344509393819,0.5697489167435932,-0.0866758387078092,0.5764686948882989,-0.0799560605631035,matched,True,False,0.5740785002708435,0.5687436461448669
AOI-0027,2021-08-28,0.6780531077778693,s2,озимая пшеница,2021,8,False,5.0,20.0,5,0,0-7,16-30,0.7954418650692472,0.1634282826040657,0.0350322913510773,0.0060975609756097,0.75,5.0,20.0,A,0,r0_f0,17,0.47970826354649,-0.1983448442313793,0.6516796017089971,-0.0263735060688722,0.5656939326277435,-0.1123591751501258,0.5141025311789914,-0.1639505765988779,0.2647903045120205,-0.4132628032658487,0.4975932827153906,-0.1804598250624786,0.4725872074070111,-0.2054659003708582,matched,True,False,0.5058106780052185,0.5049856305122375
AOI-0027,2021-08-29,0.564784008097166,modis,озимая пшеница,2021,8,False,6.0,19.0,5,1,0-7,16-30,0.1194280099540241,0.2915012678035467,0.5837515733062589,0.0053191489361702,0.7142857142857143,6.0,19.0,A,0,r0_f0,17,0.47970826354649,-0.085075744550676,0.6516796017089971,0.086895593611831,0.5656939326277435,0.0009099245305774,0.5209813847054917,-0.0438026233916742,0.2613607703614092,-0.3034232377357568,0.5046702472234542,-0.0601137608737117,0.4788467579055722,-0.0859372501915937,matched,True,False,0.5466903448104858,0.5136825442314148
AOI-0027,2021-09-04,0.6491414854964964,landsat,озимая пшеница,2021,9,False,12.0,13.0,5,2,8-15,8-15,0.7050742016152175,0.2309657044468261,0.0580077129855754,0.0059523809523809,0.5555555555555556,12.0,13.0,A,0,r0_f0,17,0.47970826354649,-0.1694332219500064,0.6516796017089971,0.0025381162125006,0.5656939326277435,-0.0834475528687529,0.5622545058644934,-0.0868869796320029,0.2613607703614092,-0.3877807151350872,0.5605375440242789,-0.0886039414722175,0.5472325638657364,-0.10190892163076,matched,True,False,0.5654267072677612,0.5670567154884338
AOI-0027,2021-09-13,0.5196259947289992,landsat,озимая пшеница,2021,9,False,21.0,4.0,5,3,16-30,0-7,0.1570920203408319,0.7695895472507258,0.0624488671910508,0.0108695652173913,0.7894736842105263,21.0,4.0,A,0,r0_f0,17,0.47970826354649,-0.0399177311825091,0.6516796017089971,0.1320536069799979,0.5656939326277435,0.0460679378987443,0.624164187602996,0.1045381928739968,0.2323186698409349,-0.2873073248880642,0.6398809921403438,0.1202549974113446,0.6505121932782646,0.1308861985492654,matched,True,False,0.5492154359817505,0.6251922249794006
AOI-0027,2021-09-14,0.5428062753036438,modis,озимая пшеница,2021,9,False,22.0,3.0,5,4,16-30,0-7,0.578546010170416,0.102186077973189,0.3138331292476993,0.0054347826086956,0.8333333333333334,22.0,3.0,A,0,r0_f0,17,0.47970826354649,-0.0630980117571538,0.6516796017089971,0.1088733264053533,0.5656939326277435,0.0228876573240996,0.6310430411294962,0.0882367658258523,0.2323186698409349,-0.3104876054627088,0.6448447728450665,0.1020384975414226,0.6547514279729261,0.1119451526692822,matched,True,False,0.5860618352890015,0.6336096525192261
AOI-0027,2021-10-02,0.5335887842642165,s2,озимая пшеница,2021,10,False,2.0,4.0,1,0,0-7,0-7,0.7889461847954038,0.1343017024790484,0.0696092555826905,0.0071428571428571,0.8823529411764706,2.0,4.0,A,0,r0_f0,17,0.4784783400809717,-0.0551104441832448,0.4887111811361668,-0.0448776031280497,0.4835947606085692,-0.0499940236556473,0.48188928709937,-0.0516994971648464,0.2300744919123765,-0.30351429235184,0.4810201696907272,-0.0525686145734892,0.481153640857657,-0.0524351434065595,matched,True,False,0.5205146074295044,0.4784710109233856
AOI-0027,2021-10-07,0.1972836678310773,s2,озимая пшеница,2021,10,False,1.0,7.0,1,0,0-7,0-7,0.7080286273804907,0.2230912714555563,0.0624698447536966,0.0064102564102564,0.9375,1.0,7.0,A,0,r0_f0,17,0.4887111811361668,0.2914275133050895,0.4897429530203589,0.2924592851892816,0.4892270670782628,0.2919433992471856,0.4888401526216908,0.2915564847906134,0.2300744919123765,0.0327908240812992,0.4889469524648173,0.29166328463374,0.4896091388169372,0.2923254709858599,matched,True,False,0.4907536506652832,0.4901959300041199
AOI-0027,2022-06-30,0.8028945911740699,landsat,озимая пшеница,2022,6,False,1.0,4.0,1,0,0-7,0-7,0.1469581437297585,0.748901324150371,0.0985849765643149,0.0055555555555555,0.9375,1.0,4.0,A,0,r0_f0,17,0.7734466515885265,-0.0294479395855433,0.7836076499266623,-0.0192869412474075,0.7785271507575944,-0.0243674404164755,0.7754788512561537,-0.0274157399179162,0.3922055829921826,-0.4106890081818873,0.7764664096142695,-0.0264281815598004,0.783242914361681,-0.0196516768123888,matched,True,False,0.6935758590698242,0.7792218923568726
AOI-0027,2022-08-28,0.4010535670322719,s2,озимая пшеница,2022,8,False,5.0,1.0,1,0,0-7,0-7,0.7954418650692472,0.1634282826040657,0.0350322913510773,0.0060975609756097,0.9375,5.0,1.0,A,0,r0_f0,17,0.5514397652874604,0.1503861982551885,0.4199720647773279,0.0189184977450559,0.4857059150323941,0.0846523480001222,0.4418833481956832,0.0408297811634113,0.2647903045120205,-0.1362632625202513,0.4256509134217339,0.0245973463894619,0.4328852467413599,0.031831679709088,matched,True,False,0.4032054841518402,0.4388488233089447
AOI-0027,2022-09-14,0.3514538461538461,modis,озимая пшеница,2022,9,False,7.0,17.0,3,0,0-7,16-30,0.3109173716561518,0.0787353103567382,0.6050281690509398,0.0053191489361702,0.6818181818181818,7.0,17.0,A,0,r0_f0,17,0.3440430972808716,-0.0074107488729744,0.3334743044386571,-0.017979541715189,0.3387587008597643,-0.0126951452940817,0.3409605327018923,-0.0104933134519537,0.2323186698409349,-0.1191351763129112,0.3398493234388633,-0.0116045227149828,0.3359257985194829,-0.0155280476343631,matched,True,False,0.35544246435165405,0.3320278227329254
AOI-0027,2022-09-15,0.42838623023409,landsat,озимая пшеница,2022,9,False,8.0,16.0,3,1,8-15,16-30,0.2306558233919567,0.6850279793383348,0.0718161972697085,0.0125,0.6521739130434783,8.0,16.0,A,0,r0_f0,17,0.3440430972808716,-0.0843431329532183,0.3334743044386571,-0.0949119257954329,0.3387587008597643,-0.0896275293743256,0.3405201663334667,-0.0878660639006232,0.2323186698409349,-0.1960675603931551,0.3395846452809827,-0.0888015849531072,0.335898327300735,-0.0924879029333549,matched,True,False,0.3390919864177704,0.3312011659145355
AOI-0027,2022-09-30,0.4443036437246963,modis,озимая пшеница,2022,9,False,23.0,1.0,3,2,16-30,0-7,0.1220242710399811,0.2760991214514499,0.5964418248998733,0.0054347826086956,0.9375,23.0,1.0,A,0,r0_f0,17,0.3440430972808716,-0.1002605464438246,0.3334743044386571,-0.1108293392860391,0.3387587008597643,-0.1055449428649319,0.3339146708070827,-0.1103889729176135,0.2300744919123765,-0.2142291518123197,0.3344466208546787,-0.1098570228700175,0.3352233818479054,-0.1090802618767908,matched,True,False,0.33954259753227234,0.33209511637687683
AOI-0027,2022-10-12,0.2584262793705732,s2,озимая пшеница,2022,10,False,5.0,3.0,1,0,0-7,0-7,0.8907456925109398,0.0871148253795708,0.0140749659804571,0.0080645161290322,0.8333333333333334,5.0,3.0,A,0,r0_f0,17,0.2605818193048714,0.0021555399342981,0.4456819138233525,0.1872556344527792,0.3531318665641119,0.0947055871935387,0.376269378378922,0.1178430990083488,0.2300744919123765,-0.0283517874581967,0.3871150870421143,0.1286888076715411,0.3930092983553368,0.1345830189847636,matched,True,False,0.3261125683784485,0.38548266887664795
AOI-0027,2023-05-13,0.8674321975359214,landsat,озимая пшеница,2023,5,False,4.0,2.0,1,0,0-7,0-7,0.2196722127542444,0.604788551750795,0.1636344735901986,0.0119047619047619,0.8823529411764706,4.0,2.0,A,0,r0_f0,17,0.8688099190283403,0.0013777214924188,0.8927871438268903,0.0253549462909689,0.8807985314276152,0.0133663338916938,0.8847947355607069,0.0173625380247854,0.6465173937099522,-0.2209148038259691,0.8865708262865254,0.019138628750604,0.8972962448518373,0.0298640473159159,matched,True,False,0.8898844122886658,0.8870551586151123
AOI-0027,2023-06-22,0.4543861280269997,landsat,озимая пшеница,2023,6,False,3.0,1.0,1,0,0-7,0-7,0.2307004990254283,0.6575927147505058,0.1041310286483081,0.0075757575757575,0.9375,3.0,1.0,A,0,r0_f0,17,0.3924794982356608,-0.0619066297913388,0.4513113052149945,-0.0030748228120051,0.4218954017253277,-0.0324907263016719,0.436603353470161,-0.0177827745568386,0.5174310253937682,0.0630448973667685,0.4311849809882127,-0.023201147038787,0.4288910130972123,-0.0254951149297873,matched,True,False,0.4690486788749695,0.456565260887146
AOI-0027,2023-08-08,0.4707235331319979,s2,озимая пшеница,2023,8,False,2.0,1.0,1,0,0-7,0-7,0.6656368551507525,0.2634722997455134,0.0660831527960417,0.0048076923076923,0.9375,2.0,1.0,A,0,r0_f0,17,0.5187620593785813,0.0480385262465834,0.4872861501734161,0.0165626170414182,0.5030241047759987,0.0323005716440008,0.4977781199084711,0.0270545867764732,0.3383295609182435,-0.1323939722137543,0.4954465710784589,0.024723037946461,0.4882453791039868,0.0175218459719889,matched,True,False,0.48470401763916016,0.49651801586151123
AOI-0027,2023-10-26,-0.0322453786152069,landsat,озимая пшеница,2023,10,False,10.0,161.0,1,0,8-15,31+,0.3548551129107026,0.515427660520515,0.1104864573380131,0.0192307692307692,0.6000000000000001,10.0,161.0,A,0,r0_f0,17,0.4159106835691225,0.4481560621843293,0.2518274905884235,0.2840728692036304,0.333869087078773,0.3661144656939799,0.4063151752076782,0.438560553822885,0.2406710940977025,0.2729164727129093,0.4142928915571556,0.4465382701723625,0.6063106033972273,0.6385559820124342,matched,True,False,0.3227916955947876,0.42583173513412476
AOI-0027,2024-09-13,0.4439856275303643,modis,озимая пшеница,2024,9,False,2.0,3.0,1,0,0-7,0-7,0.6423353766287567,0.0824659576625736,0.2708127007963889,0.0043859649122807,0.8823529411764706,2.0,3.0,A,0,r0_f0,17,0.2292874111347865,-0.2146982163955778,0.2412914069835562,-0.2026942205468081,0.2352894090591713,-0.2086962184711929,0.2340890094742944,-0.2098966180560699,0.2323186698409349,-0.2116669576894294,0.2316016325930385,-0.2123839949373258,0.2307443386476886,-0.2132412888826756,matched,True,False,0.27562057971954346,0.2364521324634552
AOI-0030,2010-08-05,0.5999520146191215,landsat,озимая пшеница,2010,8,False,8.0,8.0,1,0,8-15,8-15,0.0266572377321362,0.9000243298594215,0.0624488671910508,0.0108695652173913,0.6521739130434783,8.0,8.0,A,0,r0_f0,17,0.6138128404840545,0.0138608258649329,0.5881032232070911,-0.0118487914120304,0.6009580318455727,0.0010060172264512,0.6009580318455727,0.0010060172264512,0.3383295609182435,-0.261622453700878,0.5999023142509703,-4.970036815121759e-05,0.6009625164325489,0.0010105018134274,matched,True,False,0.6321341395378113,0.6207325458526611
AOI-0030,2011-07-07,0.7564264946463706,landsat,озимая пшеница,2011,7,False,11.0,5.0,1,0,8-15,0-7,0.0266572377321362,0.7695895472507258,0.1928836497997465,0.0108695652173913,0.75,11.0,5.0,A,0,r0_f0,17,0.7510633360193393,-0.0053631586270312,0.6086862207896858,-0.1477402738566847,0.6798747784045125,-0.076551716241858,0.6531790692989525,-0.103247425347418,0.3922055829921826,-0.3642209116541879,0.6386522975679169,-0.1177741970784537,0.6425415166544541,-0.1138849779919164,matched,True,False,0.7600526809692383,0.6703826189041138
AOI-0030,2012-07-27,0.6335646253021757,modis,озимая пшеница,2012,7,False,2.0,14.0,1,0,0-7,8-15,0.0133286188660681,0.3413165127557977,0.6399200857694385,0.0054347826086956,0.8823529411764706,2.0,14.0,A,0,r0_f0,17,0.6887736591624007,0.055209033860225,0.3692155789753006,-0.2643490463268751,0.5289946190688507,-0.104570006233325,0.6488288991390132,0.0152642738368374,0.3666954580152672,-0.2668691672869085,0.6750426479043613,0.0414780226021855,0.6695495836861421,0.0359849583839664,matched,True,False,0.6168918609619141,0.6509674787521362
AOI-0030,2014-04-10,0.3634712392879265,landsat,озимая пшеница,2014,4,False,3.0,8.0,1,0,0-7,8-15,0.032269287781007,0.773713662461405,0.1808591550207458,0.0131578947368421,0.8333333333333334,3.0,8.0,A,0,r0_f0,17,0.537054794520548,0.1735835552326215,0.4888472843707044,0.1253760450827779,0.5129510394456263,0.1494798001576997,0.5239072917524088,0.1604360524644822,0.4166117421924103,0.0531405029044838,0.5282535736592318,0.1647823343713052,0.5288485133600928,0.1653772740721662,matched,True,False,0.3804309666156769,0.502334713935852
AOI-0030,2014-09-17,0.5320435583669157,landsat,озимая пшеница,2014,9,False,3.0,13.0,1,0,0-7,8-15,0.032269287781007,0.7210820835140366,0.2334907339681142,0.0131578947368421,0.8333333333333334,3.0,13.0,A,0,r0_f0,17,0.5443328767123288,0.012289318345413,0.5013278001611603,-0.0307157582057554,0.5228303384367445,-0.0092132199301712,0.5362694248589847,0.0042258664920689,0.2323186698409349,-0.2997248885259808,0.5423291759455112,0.0102856175785954,0.5392137625792534,0.0071702042123376,matched,True,False,0.528266966342926,0.5302180051803589
AOI-0030,2016-08-28,0.5634036261079776,modis,озимая пшеница,2016,8,False,15.0,1.0,1,0,8-15,0-7,0.0136248103964252,0.2822346574837043,0.698584976564315,0.0055555555555555,0.9375,15.0,1.0,A,0,r0_f0,17,0.7164204188424752,0.1530167927344976,0.689879413733486,0.1264757876255084,0.7031499162879806,0.139746290180003,0.6915382265527978,0.1281346004448202,0.2613607703614092,-0.3020428557465683,0.6929916810113985,0.1295880549034209,0.7013060615311246,0.137902435423147,matched,True,False,0.6864770650863647,0.6892052292823792
AOI-0030,2017-04-01,0.2921148859146817,s2,озимая пшеница,2017,4,False,159.0,1.0,1,0,31+,0-7,0.8312737103015052,0.0654061379525652,0.093704767130545,0.0096153846153846,0.9375,159.0,1.0,A,0,r0_f0,17,0.381213075359069,0.0890981894443873,0.3235617150182011,0.0314468291035193,0.352387395188635,0.0602725092739533,0.3239220360203315,0.0318071501056498,0.4166117421924103,0.1244968562777286,0.3235623669909674,0.0314474810762857,0.3156964126897817,0.0235815267751,matched,True,False,0.17532870173454285,0.32713037729263306
AOI-0030,2017-05-04,0.5993420557095014,landsat,озимая пшеница,2017,5,False,3.0,2.0,1,0,0-7,0-7,0.3310050638190928,0.4652417211637694,0.1928836497997465,0.0108695652173913,0.8823529411764706,3.0,2.0,A,0,r0_f0,17,0.54955956075331,-0.0497824949561913,0.7421775141001561,0.1428354583906547,0.645868537426733,0.0465264817172316,0.6651303327614176,0.0657882770519162,0.6465173937099522,0.0471753380004508,0.6586044423444598,0.0592623866349584,0.6664111140620411,0.0670690583525397,matched,True,False,0.6555632948875427,0.666718065738678
AOI-0030,2017-06-26,0.7618146655922643,modis,озимая пшеница,2017,6,False,5.0,3.0,1,0,0-7,0-7,0.0722623293567826,0.1140111917353339,0.8087264789078834,0.005,0.8333333333333334,5.0,3.0,A,0,r0_f0,17,0.7512059914324333,-0.010608674159831,0.738118261605787,-0.0236964039864773,0.7446621265191101,-0.0171525390731541,0.7430261602907793,-0.018788505301485,0.5174310253937682,-0.2443836401984961,0.7410056023019502,-0.020809063290314,0.7429204589398427,-0.0188942066524215,matched,True,False,0.7847428321838379,0.7283511161804199
AOI-0030,2017-09-14,0.5875515713134568,modis,озимая пшеница,2017,9,False,1.0,3.0,1,0,0-7,0-7,0.0922623293567826,0.1340111917353339,0.7687264789078835,0.005,0.9375,1.0,3.0,A,0,r0_f0,17,0.6002365974373062,0.0126850261238493,0.6642994857755311,0.0767479144620743,0.6322680416064186,0.0447164702929617,0.6162523195218624,0.0287007482084056,0.2323186698409349,-0.3552329014725219,0.6069921709271042,0.0194405996136474,0.6151067199607919,0.0275551486473351,matched,True,False,0.5975146293640137,0.6180478930473328
AOI-0030,2018-06-08,0.752112092165093,landsat,озимая пшеница,2018,6,False,8.0,7.0,2,0,8-15,0-7,0.1774275564553513,0.6807907533371805,0.1321663055920834,0.0096153846153846,0.6818181818181818,8.0,7.0,A,0,r0_f0,17,0.8074098779575554,0.0552977857924623,0.7734581605792361,0.0213460684141431,0.7904340192683957,0.0383219271033027,0.7893022953557851,0.0371902031906921,0.7010719673379057,-0.0510401248271873,0.7971604911335636,0.0450483989684705,0.7990967320438034,0.0469846398787103,matched,True,False,0.8343533873558044,0.8085046410560608
AOI-0030,2018-06-10,0.7825222147121731,s2,озимая пшеница,2018,6,False,10.0,5.0,2,1,8-15,0-7,0.1194280099540241,0.2276714805695041,0.6475813605403016,0.0053191489361702,0.75,10.0,5.0,A,0,r0_f0,17,0.8074098779575554,0.0248876632453822,0.7734581605792361,-0.0090640541329369,0.7904340192683957,0.0079118045562226,0.7847753997053425,0.0022531849931693,0.7010719673379057,-0.0814502473742674,0.791659500972024,0.0091372862598508,0.7928171210269468,0.0102949063147737,matched,True,False,0.8344823122024536,0.8130713701248169
AOI-0030,2018-06-16,0.7100620249018288,landsat,озимая пшеница,2018,6,False,1.0,4.0,1,0,0-7,0-7,0.1570920203408319,0.6826330255115954,0.1494053889301813,0.0108695652173913,0.9375,1.0,4.0,A,0,r0_f0,17,0.7734581605792361,0.0633961356774073,0.7177388841732789,0.0076768592714501,0.7455985223762576,0.0355364974744287,0.7623143052980447,0.0522522803962158,0.5174310253937682,-0.1926309995080606,0.7673954169284853,0.0573333920266565,0.7671253873544193,0.0570633624525904,matched,True,False,0.6823764443397522,0.7693424224853516
AOI-0030,2018-09-12,0.5116929755755035,landsat,озимая пшеница,2018,9,False,8.0,1.0,1,0,8-15,0-7,0.1445246587135653,0.6680223834706678,0.1774529578157668,0.01,0.9375,8.0,1.0,A,0,r0_f0,17,0.6020921569248151,0.0903991813493115,0.5853252728978156,0.073632297322312,0.5937087149113154,0.0820157393358118,0.5871882600119266,0.075495284436423,0.2613607703614092,-0.2503322052140943,0.5896011724911934,0.0779081969156898,0.5943978503863355,0.082704874810832,matched,True,False,0.581182599067688,0.586080014705658
AOI-0030,2019-06-05,0.8707488506352097,s2,озимая пшеница,2019,6,False,5.0,5.0,1,0,0-7,0-7,0.6922623293567827,0.2540111917353339,0.0487264789078834,0.005,0.75,5.0,5.0,A,0,r0_f0,17,0.78929541310983,-0.0814534375253797,0.8508944013371633,-0.0198544492980463,0.8200949072234966,-0.050653943411713,0.8200949072234966,-0.050653943411713,0.7010719673379057,-0.169676883297304,0.8200949072234966,-0.050653943411713,0.8180179932777563,-0.0527308573574534,matched,True,False,0.850162148475647,0.8285309076309204
AOI-0030,2019-06-26,0.6694271555197422,modis,озимая пшеница,2019,6,False,1.0,1.0,1,0,0-7,0-7,0.1722623293567826,0.2540111917353339,0.5687264789078834,0.005,0.9375,1.0,1.0,A,0,r0_f0,17,0.4037571607167923,-0.2656699948029499,0.655803738449894,-0.0136234170698481,0.5297804495833431,-0.139646705936399,0.5297804495833431,-0.139646705936399,0.5174310253937682,-0.151996130125974,0.5297804495833431,-0.139646705936399,0.5193290274145888,-0.1500981281051534,matched,True,False,0.6455516219139099,0.53263258934021
AOI-0030,2019-10-25,0.4658394814785726,landsat,озимая пшеница,2019,10,False,2.0,3.0,1,0,0-7,0-7,0.5871038822613045,0.3233519862255565,0.0812107981798056,0.0083333333333333,0.8823529411764706,2.0,3.0,A,0,r0_f0,17,0.3844574861242036,-0.081381995354369,0.4294738846741211,-0.0363655968044515,0.4069656853991623,-0.0588737960794102,0.4024640455441706,-0.0633754359344019,0.2406710940977025,-0.2251683873808701,0.4003032584137745,-0.065536223064798,0.4020704182733527,-0.0637690632052199,matched,True,False,0.4090980887413025,0.4018990099430084
AOI-0030,2020-04-30,0.4152249807214481,s2,озимая пшеница,2020,4,False,4.0,4.0,1,0,0-7,0-7,0.7412071924508894,0.1522854451537885,0.1008255442135038,0.0056818181818181,0.7894736842105263,4.0,4.0,A,0,r0_f0,17,0.4205610921236989,0.0053361114022508,0.5743968831583431,0.159171902436895,0.497478987641021,0.0822540069195729,0.497478987641021,0.0822540069195729,0.6465173937099522,0.2312924129885041,0.502504400945048,0.0872794202235999,0.4960822239410515,0.0808572432196034,matched,True,False,0.362673282623291,0.5042620897293091
AOI-0030,2020-08-08,0.738311046283429,s2,озимая пшеница,2020,8,False,5.0,4.0,1,0,0-7,0-7,0.7691803659519808,0.1266791019281488,0.0985849765643149,0.0055555555555555,0.7894736842105263,5.0,4.0,A,0,r0_f0,17,0.2899731813714864,-0.4483378649119426,0.6661181305398873,-0.0721929157435417,0.4780456559556869,-0.2602653903277421,0.4989425975761536,-0.2393684487072753,0.3383295609182435,-0.3999814853651855,0.509262074919594,-0.229048971363835,0.4888533887118941,-0.2494576575715348,matched,True,False,0.48697954416275024,0.5101587176322937
AOI-0030,2020-09-01,0.6136663289728765,landsat,озимая пшеница,2020,9,False,4.0,1.0,1,0,0-7,0-7,0.3955503920914079,0.4928704663515879,0.1056267606046231,0.0059523809523809,0.9375,4.0,1.0,A,0,r0_f0,17,0.6210355358581789,0.0073692068853024,0.6704328766178685,0.056766547644992,0.6457342062380238,0.0320678772651472,0.6605534084659306,0.046887079493054,0.2613607703614092,-0.3523055586114673,0.6652955531788608,0.0516292242059842,0.6666192371301156,0.052952908157239,matched,True,False,0.622998833656311,0.6614062190055847
AOI-0030,2020-10-11,0.4056165219450978,landsat,озимая пшеница,2020,10,False,4.0,1.0,1,0,0-7,0-7,0.4466583256861205,0.4115599841064113,0.1321663055920834,0.0096153846153846,0.9375,4.0,1.0,A,0,r0_f0,17,0.5062314345265837,0.1006149125814859,0.4197158431070133,0.0140993211619155,0.4629736388167985,0.0573571168717007,0.4370189613909273,0.0314024394458295,0.2300744919123765,-0.1755420300327212,0.4287134646146486,0.0230969426695508,0.4314647592917855,0.0258482373466877,matched,True,False,0.49493104219436646,0.447793185710907
AOI-0030,2021-09-27,0.5391596239289318,s2,озимая пшеница,2021,9,False,10.0,3.0,1,0,8-15,0-7,0.8105927299445932,0.0692451176094024,0.1137518960357479,0.0064102564102564,0.8333333333333334,10.0,3.0,A,0,r0_f0,17,0.7406291255742333,0.2014695016453015,0.587363819500403,0.0482041955714711,0.6639964725373182,0.1248368486083864,0.6227327362866715,0.0835731123577396,0.2323186698409349,-0.3068409540879969,0.6080828890970928,0.068923265168161,0.601348138084278,0.0621885141553462,matched,True,False,0.6958569884300232,0.6222460865974426
AOI-0030,2021-10-22,0.4200912188164959,s2,озимая пшеница,2021,10,False,5.0,5.0,1,0,0-7,0-7,0.8367611050860344,0.0818351389929301,0.0738279983452778,0.0075757575757575,0.75,5.0,5.0,A,0,r0_f0,17,0.4225953166747193,0.0025040978582233,0.4226296750130783,0.0025384561965823,0.4226124958438988,0.0025212770274029,0.4226124958438987,0.0025212770274027,0.2406710940977025,-0.1794201247187934,0.4226138702982054,0.0025226514817094,0.4221665540285589,0.0020753352120629,matched,True,False,0.4148465692996979,0.423552930355072
AOI-0030,2022-04-10,0.3521469206679026,s2,озимая пшеница,2022,4,False,2.0,5.0,1,0,0-7,0-7,0.5424504333641877,0.3605410417570183,0.0904295775103729,0.006578947368421,0.8823529411764706,2.0,5.0,A,0,r0_f0,17,0.3882919978729445,0.0361450772050419,0.5161034407449171,0.1639565200770145,0.4521977193089308,0.1000507986410282,0.4248095529792223,0.0726626323113197,0.4166117421924103,0.0644648215245077,0.4238557094914943,0.0717087888235917,0.4250116050368262,0.0728646843689236,matched,True,False,0.3360151946544647,0.4042800962924957
AOI-0030,2022-06-18,0.8190395909884544,landsat,озимая пшеница,2022,6,False,5.0,1.0,1,0,0-7,0-7,0.3121504843482098,0.6088399878460793,0.0716565866292403,0.0073529411764705,0.9375,5.0,1.0,A,0,r0_f0,17,0.8390718760940262,0.0200322851055718,0.912347896325465,0.0933083053370106,0.8757098862097457,0.0566702952212913,0.9001352262868919,0.0810956352984375,0.5174310253937682,-0.3016085655946862,0.906920042974988,0.0878804519865337,0.9076666632190435,0.0886270722305891,matched,True,False,0.8601292967796326,0.9004634022712708
AOI-0030,2022-07-05,0.7803607449041025,landsat,озимая пшеница,2022,7,False,5.0,4.0,1,0,0-7,0-7,0.1889461847954038,0.7057302739076198,0.0981806841541191,0.0071428571428571,0.7894736842105263,5.0,4.0,A,0,r0_f0,17,0.7821819183429595,0.001821173438857,0.7605365816479975,-0.0198241632561049,0.7713592499954784,-0.009001494908624,0.7701567312902028,-0.0102040136138996,0.3922055829921826,-0.3881551619119198,0.7731526322150755,-0.0072081126890269,0.7718990047216587,-0.0084617401824437,matched,True,False,0.715867817401886,0.7804448008537292
AOI-0030,2022-07-12,0.6958165189363418,modis,озимая пшеница,2022,7,False,3.0,1.0,1,0,0-7,0-7,0.1813795559969648,0.5226520676748433,0.2912513951961164,0.0047169811320754,0.9375,3.0,1.0,A,0,r0_f0,17,0.7605365816479975,0.0647200627116557,0.746665698447582,0.0508491795112402,0.7536011400477898,0.057784621111448,0.7501334192476858,0.054316900311344,0.3922055829921826,-0.3036109359441591,0.7482878325917863,0.0524713136554445,0.749992672479934,0.0541761535435921,matched,True,False,0.7792854905128479,0.7440207600593567
AOI-0030,2022-07-17,0.6998795152463209,landsat,озимая пшеница,2022,7,False,4.0,2.0,1,0,0-7,0-7,0.2868409856172739,0.6405556645072079,0.0658465931187613,0.0067567567567567,0.8823529411764706,4.0,2.0,A,0,r0_f0,17,0.746665698447582,0.0467861832012611,0.7717942031753906,0.0719146879290697,0.7592299508114864,0.0593504355651655,0.7634180349327878,0.0635385196864669,0.3666954580152672,-0.3331840572310536,0.7652794056533662,0.0653998904070453,0.7645966991311008,0.0647171838847799,matched,True,False,0.7314910888671875,0.7607693672180176
AOI-0030,2022-08-23,0.7433412575439755,s2,озимая пшеница,2022,8,False,1.0,5.0,1,0,0-7,0-7,0.7089807927791116,0.210881730147102,0.0747026944650906,0.0054347826086956,0.9375,1.0,5.0,A,0,r0_f0,17,0.6903651086811199,-0.0529761488628556,0.6808172285594327,-0.0625240289845427,0.6855911686202762,-0.0577500889236992,0.6887737953275054,-0.0545674622164701,0.2647903045120205,-0.4785509530319549,0.688596478078767,-0.0547447794652085,0.6885378184632783,-0.0548034390806971,matched,True,False,0.6786075234413147,0.690773069858551
AOI-0030,2022-09-15,0.3875585415666207,landsat,озимая пшеница,2022,9,False,1.0,15.0,1,0,0-7,8-15,0.2755465194932973,0.5708566494486124,0.1431801643914237,0.0104166666666666,0.9375,1.0,15.0,A,0,r0_f0,17,0.4973444802578566,0.1097859386912359,0.6008291700241741,0.2132706284575534,0.5490868251410154,0.1615282835743947,0.5038122733682514,0.1162537318016307,0.2323186698409349,-0.1552398717256857,0.4987929401260244,0.1112343985594037,0.5008511512429631,0.1132926096763424,matched,True,False,0.550857663154602,0.502981424331665
AOI-0030,2023-06-23,0.8190745405999112,landsat,озимая пшеница,2023,6,False,1.0,3.0,1,0,0-7,0-7,0.1691803659519807,0.7266791019281488,0.0985849765643149,0.0055555555555555,0.9375,1.0,3.0,A,0,r0_f0,17,0.820539895986342,0.0014653553864307,0.7413125705076552,-0.077761970092256,0.7809262332469986,-0.0381483073529126,0.8007330646166703,-0.0183414759832409,0.5174310253937682,-0.3016435152061431,0.7949362332088908,-0.0241383073910204,0.7982430408458874,-0.0208314997540238,matched,True,False,0.8364629745483398,0.779584527015686
AOI-0030,2023-07-15,0.6768947451783948,landsat,озимая пшеница,2023,7,False,3.0,1.0,1,0,0-7,0-7,0.2449302395495975,0.618539243954322,0.1272712572368211,0.0092592592592592,0.9375,3.0,1.0,A,0,r0_f0,17,0.7396153102336827,0.0627205650552878,0.8348170192510168,0.157922274072622,0.7872161647423497,0.1103214195639549,0.8110165919966832,0.1341218468182884,0.3666954580152672,-0.3101992871631275,0.8199417522170583,0.1430470070386635,0.8214636817746721,0.1445689365962773,matched,True,False,0.7652163505554199,0.7988747358322144
AOI-0030,2023-09-26,0.5715831984657328,landsat,озимая пшеница,2023,9,False,2.0,3.0,2,0,0-7,0-7,0.3653279116959783,0.5425139896691673,0.0859080986348542,0.00625,0.8823529411764706,2.0,3.0,A,0,r0_f0,17,0.5770787400554046,0.0054955415896718,0.5091826422542318,-0.0624005562115009,0.5431306911548182,-0.0284525073109146,0.5499203009349355,-0.0216628975307973,0.2323186698409349,-0.3392645286247979,0.5363181254510087,-0.0352650730147241,0.536077955225032,-0.0355052432407008,matched,True,False,0.6153953075408936,0.5510422587394714
AOI-0030,2023-09-27,0.6116143489000245,s2,озимая пшеница,2023,9,False,3.0,2.0,2,1,0-7,0-7,0.7179042444674341,0.2098148938581705,0.0673789008900817,0.0049019607843137,0.8823529411764706,3.0,2.0,A,0,r0_f0,17,0.5770787400554046,-0.0345356088446199,0.5091826422542318,-0.1024317066457927,0.5431306911548182,-0.0684836577452063,0.5363410813747009,-0.0752732675253236,0.2323186698409349,-0.3792956790590896,0.5218412765613226,-0.0897730723387019,0.5223280065806386,-0.0892863423193859,matched,True,False,0.597475528717041,0.5313642024993896
AOI-0030,2023-10-04,0.5364204750341028,landsat,озимая пшеница,2023,10,False,2.0,3.0,1,0,0-7,0-7,0.6043493156701865,0.340827746668708,0.0497208968447789,0.0051020408163265,0.8823529411764706,2.0,3.0,A,0,r0_f0,17,0.5504077261609441,0.0139872511268412,0.5718230623471701,0.0354025873130672,0.5611153942540571,0.0246949192199542,0.5589738606354345,0.0225533856013316,0.2300744919123765,-0.3063459831217263,0.5615176787629274,0.0250972037288245,0.559297350810205,0.0228768757761022,matched,True,False,0.4889311194419861,0.5636820197105408
AOI-0030,2024-09-20,0.642642495826753,landsat,озимая пшеница,2024,9,False,4.0,1.0,1,0,0-7,0-7,0.3845556965220825,0.4921199891254393,0.1167453669840571,0.006578947368421,0.9375,4.0,1.0,A,0,r0_f0,17,0.6658636999059453,0.0232212040791922,0.662061100068513,0.01941860424176,0.6639623999872292,0.0213199041604761,0.6628216200359995,0.0201791242092465,0.2323186698409349,-0.4103238259858181,0.6633357201629128,0.0206932243361597,0.6669725716110385,0.0243300757842854,matched,True,False,0.6936137676239014,0.6660271286964417
AOI-0030,2024-10-01,0.5601215267291583,s2,озимая пшеница,2024,10,False,2.0,10.0,2,0,0-7,8-15,0.7307199232138942,0.1891425997123194,0.0747026944650906,0.0054347826086956,0.8823529411764706,2.0,10.0,A,0,r0_f0,17,0.4365879129734086,-0.1235336137557496,0.4503011840988369,-0.1098203426303213,0.4434445485361227,-0.1166769781930355,0.43887345816098,-0.1212480685681782,0.2300744919123765,-0.3300470348167817,0.4376037108345514,-0.1225178158946068,0.4372089060063469,-0.1229126207228114,matched,True,False,0.571161150932312,0.43633154034614563
AOI-0030,2024-10-06,0.5284240435213906,s2,озимая пшеница,2024,10,False,7.0,5.0,2,1,0-7,0-7,0.8442223528741253,0.0658673069943096,0.0838127791559553,0.0060975609756097,0.75,7.0,5.0,A,0,r0_f0,17,0.4365879129734086,-0.091836130547982,0.4503011840988369,-0.0781228594225537,0.4434445485361227,-0.0849794949852678,0.4445873211299084,-0.0838367223914821,0.2300744919123765,-0.2983495516090141,0.4451428355852209,-0.0832812079361697,0.4451008477182097,-0.0833231958031808,matched,True,False,0.4765520393848419,0.4463632106781006
AOI-0033,2017-07-28,0.2176290917921321,modis,пастбища/зерновые,2017,7,True,1.0,6.0,2,0,0-7,0-7,0.1602186077973189,0.2116759931127782,0.6239387324232362,0.0041666666666666,0.9375,1.0,6.0,A,0,r0_f0,17,0.1526547754153091,-0.064974316376823,0.1570638880916136,-0.0605652037005185,0.1548593317534613,-0.0627697600386707,0.1532846486547811,-0.0643444431373509,0.1564943367664832,-0.0611347550256488,0.1528990119775534,-0.0647300798145787,0.1515925328551391,-0.066036558936993,matched,False,False,0.25509411096572876,0.15293200314044952
AOI-0033,2017-08-02,0.1962515570987535,landsat,пастбища/зерновые,2017,8,True,6.0,1.0,2,1,0-7,0-7,0.2827387196423275,0.6382517525519615,0.0716565866292403,0.0073529411764705,0.9375,6.0,1.0,A,0,r0_f0,17,0.1526547754153091,-0.0435967816834443,0.1570638880916136,-0.0391876690071399,0.1548593317534613,-0.0413922253452921,0.1564340148521415,-0.0398175422466119,0.1593012238361702,-0.0369503332625832,0.1568196515293693,-0.0394319055693841,0.1599923363044149,-0.0362592207943385,matched,False,False,0.2170177847146988,0.1568080186843872
AOI-0033,2018-08-21,0.2093147089798135,landsat,пастбища/зерновые,2018,8,True,7.0,1.0,1,0,0-7,0-7,0.1136137594712667,0.813067808120291,0.0624488671910508,0.0108695652173913,0.9375,7.0,1.0,A,0,r0_f0,17,0.2207084730965332,0.0113937641167196,0.1659392889317846,-0.0433754200480288,0.1933238810141589,-0.0159908279656545,0.1727854369523782,-0.0365292720274353,0.1525348046456692,-0.0567799043341442,0.1711857849261351,-0.0381289240536783,0.1706143726122925,-0.0387003363675209,matched,False,False,0.17170345783233643,0.17407169938087463
AOI-0033,2024-05-18,0.8306868872868679,landsat,пастбища/зерновые,2024,5,True,2.0,3.0,1,0,0-7,0-7,0.5235814026091975,0.3346369071833344,0.1321663055920834,0.0096153846153846,0.8823529411764706,2.0,3.0,A,0,r0_f0,17,0.9262208239694129,0.0955339366825449,0.8326173364784867,0.0019304491916187,0.8794190802239498,0.0487321929370818,0.8887794289730424,0.0580925416861745,0.5194804031083051,-0.3112064841785628,0.9032615770554728,0.072574689768605,0.8977048168428813,0.0670179295560133,matched,False,False,0.8254441618919373,0.8992959856987
AOI-0033,2024-05-24,0.7313832442933461,modis,пастбища/зерновые,2024,5,True,1.0,1.0,1,0,0-7,0-7,0.6714087536921887,0.1983145692672321,0.1260393889049859,0.0042372881355932,0.9375,1.0,1.0,A,0,r0_f0,17,0.7871920808656431,0.0558088365722969,0.6857699754173733,-0.0456132688759728,0.7364810281415082,0.005097783848162,0.7364810281415082,0.005097783848162,0.5194804031083051,-0.211902841185041,0.7300693370690586,-0.0013139072242874,0.7360691014667421,0.0046858571733959,matched,False,False,0.7352831363677979,0.7385400533676147
AOI-0033,2024-09-30,0.1169664980570955,s2,пастбища/зерновые,2024,9,True,1.0,1.0,1,0,0-7,0-7,0.5640338323587617,0.3545624117202029,0.0738279983452778,0.0075757575757575,0.9375,1.0,1.0,A,0,r0_f0,17,0.1811851869839728,0.0642186889268773,0.163932940659885,0.0469664426027895,0.1725590638219289,0.0555925657648334,0.1725590638219289,0.0555925657648334,0.179999635286523,0.0630331372294275,0.1748289884952516,0.0578624904381561,0.1730606331416121,0.0560941350845166,matched,False,False,0.14017972350120544,0.17255906760692596
AOI-0035,2010-06-20,0.3797119152163708,landsat,пастбища/зерновые,2010,6,False,7.0,6.0,1,0,0-7,0-7,0.0255465194932972,0.7791899827819456,0.1848468310580904,0.0104166666666666,0.7142857142857143,7.0,6.0,A,0,r0_f0,17,0.4472009915952156,0.0674890763788447,0.3726893374422188,-0.0070225777741519,0.4099451645187172,0.0302332493023463,0.4070793316666788,0.027367416450308,0.2458876798595599,-0.1338242353568109,0.4083329092825731,0.0286209940662023,0.4066900120051802,0.0269780967888093,matched,True,False,0.3565046489238739,0.3861542046070099
AOI-0035,2010-07-31,0.1449947900969433,landsat,пастбища/зерновые,2010,7,False,1.0,7.0,1,0,0-7,0-7,0.034062025991063,0.7055866437092608,0.2464624414107872,0.0138888888888888,0.9375,1.0,7.0,A,0,r0_f0,17,0.1762274145475192,0.0312326244505758,0.1447157500803033,-0.00027904001664,0.1604715823139112,0.0154767922169679,0.1722884564891172,0.0272936663921739,0.1593012238361702,0.0143064337392269,0.1689699172261948,0.0239751271292515,0.1719074665416732,0.0269126764447299,matched,True,False,0.14854905009269714,0.1722382754087448
AOI-0035,2010-08-16,0.1374022745674698,landsat,пастбища/зерновые,2010,8,False,1.0,7.0,1,0,0-7,0-7,0.034062025991063,0.7055866437092608,0.2464624414107872,0.0138888888888888,0.9375,1.0,7.0,A,0,r0_f0,17,0.1114166151226825,-0.0259856594447873,0.1432866061991823,0.0058843316317124,0.1273516106609324,-0.0100506639065374,0.1154003640072449,-0.0220019105602248,0.1525348046456692,0.0151325300781993,0.1121334354945472,-0.0252688390729225,0.1109494289036548,-0.0264528456638149,matched,True,False,0.12960615754127502,0.1151333749294281
AOI-0035,2010-08-24,0.1289308215733987,landsat,пастбища/зерновые,2010,8,False,1.0,5.0,1,0,0-7,0-7,0.0360656745787726,0.6882682109862762,0.26096023208201,0.0147058823529411,0.9375,1.0,5.0,A,0,r0_f0,17,0.1432866061991823,0.0143557846257836,0.208671124807396,0.0797403032339973,0.1759788655032891,0.0470480439298904,0.1541840259672179,0.0252532043938192,0.1525348046456692,0.0236039830722705,0.1522733534434114,0.0233425318700127,0.1539325243208855,0.0250017027474868,matched,True,False,0.12008577585220337,0.15302163362503052
AOI-0035,2011-07-17,0.3994274242944772,landsat,пастбища/зерновые,2011,7,False,5.0,9.0,1,0,0-7,8-15,0.032269287781007,0.7210820835140366,0.2334907339681142,0.0131578947368421,0.75,5.0,9.0,A,0,r0_f0,17,0.4281679506933744,0.0287405263988971,0.2988595792476192,-0.100567845046858,0.3635137649704968,-0.0359136593239803,0.3819863894627475,-0.0174410348317297,0.1564943367664832,-0.2429330875279939,0.348606716136179,-0.0508207081582982,0.3230648994099676,-0.0763625248845096,matched,True,False,0.4843209683895111,0.38070550560951233
AOI-0035,2011-09-03,0.2266527135196976,landsat,пастбища/зерновые,2011,9,False,5.0,8.0,1,0,0-7,8-15,0.0211419471668666,0.8172606754057481,0.1529766877722128,0.0086206896551724,0.75,5.0,8.0,A,0,r0_f0,17,0.3167975038520801,0.0901447903323825,0.2395611859424248,0.0129084724227271,0.2781793448972524,0.0515266313775548,0.2870912277329819,0.0604385142132843,0.160978107704382,-0.0656746058153155,0.2913098704954574,0.0646571569757598,0.2886561991999151,0.0620034856802175,matched,True,False,0.22267603874206543,0.29248562455177307
AOI-0035,2013-05-20,0.7481095656610677,landsat,пастбища/зерновые,2013,5,False,1.0,8.0,2,0,0-7,8-15,0.032269287781007,0.773713662461405,0.1808591550207458,0.0131578947368421,0.9375,1.0,8.0,A,0,r0_f0,17,0.5973737840871551,-0.1507357815739125,0.6315772079336687,-0.116532357727399,0.614475496010412,-0.1336340696506557,0.6011741645145455,-0.1469354011465221,0.5194804031083051,-0.2286291625527625,0.5985467410091893,-0.1495628246518784,0.5944076356585278,-0.1537019300025398,matched,True,False,0.6521837711334229,0.6307530999183655
AOI-0035,2013-05-25,0.5475363636363636,modis,пастбища/зерновые,2013,5,False,6.0,3.0,2,1,0-7,0-7,0.0120218915262575,0.307854109544445,0.6752220381449837,0.0049019607843137,0.8333333333333334,6.0,3.0,A,0,r0_f0,17,0.5973737840871551,0.0498374204507915,0.6315772079336687,0.084040844297305,0.614475496010412,0.0669391323740483,0.6201760666514975,0.0726397030151339,0.5194804031083051,-0.0280559605280584,0.622709653603091,0.0751732899667274,0.638813142460467,0.0912767788241034,matched,True,False,0.6402794122695923,0.6573457717895508
AOI-0035,2013-06-29,0.243196808484625,landsat,пастбища/зерновые,2013,6,False,1.0,7.0,1,0,0-7,0-7,0.032269287781007,0.773713662461405,0.1808591550207458,0.0131578947368421,0.9375,1.0,7.0,A,0,r0_f0,17,0.1920053528786864,-0.0511914556059386,0.2419431955657628,-0.0012536129188621,0.2169742742222246,-0.0262225342624004,0.1982475832145709,-0.044949225270054,0.2458876798595599,0.0026908713749349,0.1941511195566466,-0.0490456889279783,0.1775753276818146,-0.0656214808028103,matched,True,False,0.19341939687728882,0.1960431933403015
AOI-0035,2013-07-12,0.4472112788906009,modis,пастбища/зерновые,2013,7,False,5.0,2.0,1,0,0-7,0-7,0.0117907013045987,0.5327030689762826,0.4506985374114264,0.0048076923076923,0.8823529411764706,5.0,2.0,A,0,r0_f0,17,0.1957389916846355,-0.2514722872059654,0.2707766508332403,-0.1764346280573606,0.2332578212589379,-0.213953457631663,0.2493373196479246,-0.1978739592426762,0.1834956285467454,-0.2637156503438555,0.2429085712440279,-0.2043027076465729,0.2449575677326229,-0.202253711157978,matched,True,False,0.4141821265220642,0.244283989071846
AOI-0035,2013-08-08,0.6184951972149234,landsat,пастбища/зерновые,2013,8,False,1.0,5.0,1,0,0-7,0-7,0.0360656745787726,0.7470917403980409,0.2021367026702453,0.0147058823529411,0.9375,1.0,5.0,A,0,r0_f0,17,0.6359193692965003,0.0174241720815768,0.4548414483821263,-0.1636537488327971,0.5453804088393133,-0.0731147883756101,0.6057397158107712,-0.0127554814041521,0.1593012238361702,-0.4591939733787532,0.6225061899695096,0.0040109927545861,0.6122954226810118,-0.0061997745339116,matched,True,False,0.5579912662506104,0.6056656837463379
AOI-0035,2013-08-15,0.4266078137210239,landsat,пастбища/зерновые,2013,8,False,2.0,1.0,1,0,0-7,0-7,0.029196022278054,0.747645694607938,0.2112535212092462,0.0119047619047619,0.9375,2.0,1.0,A,0,r0_f0,17,0.4548414483821263,0.0282336346611024,0.4566775394284695,0.0300697257074455,0.4557594939052979,0.0291516801842739,0.4560655090796884,0.0294576953586644,0.1525348046456692,-0.2740730090753547,0.456201515823862,0.029593702102838,0.4587843884460029,0.032176574724979,matched,True,False,0.5011226534843445,0.45608389377593994
AOI-0035,2014-06-16,0.176006431357257,landsat,пастбища/зерновые,2014,6,False,6.0,7.0,1,0,0-7,0-7,0.034062025991063,0.7055866437092608,0.2464624414107872,0.0138888888888888,0.7142857142857143,6.0,7.0,A,0,r0_f0,17,0.2055260708782742,0.0295196395210172,0.1864505774995434,0.0104441461422864,0.1959883241889088,0.0199818928316518,0.1967219970111677,0.0207155656539106,0.2458876798595599,0.0698812485023029,0.2029120275294707,0.0269055961722137,0.2053966331612844,0.0293902018040274,matched,True,False,0.13794861733913422,0.1853320449590683
AOI-0035,2015-06-26,0.2825049922958397,modis,пастбища/зерновые,2015,6,False,7.0,1.0,1,0,0-7,0-7,0.0120218915262575,0.3274619526816998,0.6556141950077289,0.0049019607843137,0.9375,7.0,1.0,A,0,r0_f0,17,0.324134728365959,0.0416297360701193,0.1991786226220902,-0.0833263696737494,0.2616566754940246,-0.020848316801815,0.2147981358400738,-0.0677068564557658,0.2458876798595599,-0.0366173124362798,0.2081773613156003,-0.0743276309802393,0.2104869521235967,-0.072018040172243,matched,True,False,0.2384667843580246,0.2101479321718216
AOI-0035,2016-04-09,0.2199359498017812,landsat,пастбища/зерновые,2016,4,False,3.0,1.0,1,0,0-7,0-7,0.0306558233919567,0.7850279793383348,0.1718161972697085,0.0125,0.9375,3.0,1.0,A,0,r0_f0,17,0.3537307550077042,0.133794805205923,0.2056859086910136,-0.0142500411107675,0.2797083318493589,0.0597723820475777,0.2426971202701862,0.022761170468405,0.4535594520058348,0.2336235022040536,0.2302194000775191,0.0102834502757379,0.2343297799659822,0.014393830164201,matched,True,False,0.20914781093597412,0.25655829906463623
AOI-0035,2016-07-23,0.2008302138379865,landsat,пастбища/зерновые,2016,7,False,1.0,4.0,1,0,0-7,0-7,0.029196022278054,0.747645694607938,0.2112535212092462,0.0119047619047619,0.9375,1.0,4.0,A,0,r0_f0,17,0.1460008549947714,-0.0548293588432151,0.2222343913713405,0.0214041775333539,0.1841176231830559,-0.0167125906549305,0.1612475622700852,-0.0395826515679012,0.1564943367664832,-0.0443358770715032,0.1551554784492025,-0.0456747353887839,0.1593863447680198,-0.0414438690699666,matched,True,False,0.11855022609233856,0.16168437898159027
AOI-0035,2016-10-02,0.2279809300007775,landsat,пастбища/зерновые,2016,10,False,3.0,13.0,1,0,0-7,8-15,0.0278689303563242,0.804570890307577,0.1561965429724623,0.0113636363636363,0.8333333333333334,3.0,13.0,A,0,r0_f0,17,0.4172074884437597,0.1892265584429822,0.4793416332819722,0.2513607032811947,0.448274560862866,0.2202936308620885,0.4288576406009245,0.200876710600147,0.179999635286523,-0.0479812947142544,0.4401600540542107,0.2121791240534332,0.4713999166181784,0.2434189866174009,matched,True,False,0.26903602480888367,0.4258796274662018
AOI-0035,2017-04-12,0.5858384709869187,landsat,пастбища/зерновые,2017,4,False,5.0,1.0,1,0,0-7,0-7,0.2005702812103971,0.6391547646420302,0.1494053889301813,0.0108695652173913,0.9375,5.0,1.0,A,0,r0_f0,17,0.6336032357473035,0.0477647647603848,0.6161729715835536,0.0303345005966348,0.6248881036654286,0.0390496326785099,0.6190780156108452,0.0332395446239265,0.4535594520058348,-0.1322790189810838,0.6174641022623498,0.0316256312754311,0.608668863081449,0.0228303920945303,matched,True,False,0.6137357950210571,0.6344793438911438
AOI-0035,2017-07-26,0.1982605784857183,landsat,пастбища/зерновые,2017,7,False,1.0,7.0,3,0,0-7,0-7,0.3045246587135654,0.5880223834706678,0.0974529578157668,0.01,0.9375,1.0,7.0,A,0,r0_f0,17,0.1587495691504719,-0.0395110093352464,0.1908900038771583,-0.0073705746085599,0.174819786513815,-0.0234407919719032,0.1627671234913077,-0.0354934549944105,0.1564943367664832,-0.041766241719235,0.1661872134337256,-0.0320733650519926,0.1721642293600239,-0.0260963491256943,matched,True,False,0.18115943670272827,0.16298432648181915
AOI-0035,2017-07-27,0.1491684472385173,s2,пастбища/зерновые,2017,7,False,2.0,6.0,3,1,0-7,0-7,0.7050742016152175,0.2547752282563499,0.0341981891760516,0.0059523809523809,0.8823529411764706,2.0,6.0,A,0,r0_f0,17,0.1587495691504719,0.0095811219119545,0.1908900038771583,0.0417215566386409,0.174819786513815,0.0256513392752977,0.1667846778321434,0.0176162305936261,0.1564943367664832,0.0073258895279659,0.1726710206164877,0.0235025733779704,0.183311168155429,0.0341427209169117,matched,True,False,0.17557108402252197,0.16762566566467285
AOI-0035,2017-07-28,0.216686440677966,modis,пастбища/зерновые,2017,7,False,3.0,5.0,3,2,0-7,0-7,0.1335634468041953,0.2052729752064332,0.6567776130770907,0.0043859649122807,0.8333333333333334,3.0,5.0,A,0,r0_f0,17,0.1587495691504719,-0.0579368715274941,0.1908900038771583,-0.0257964368008077,0.174819786513815,-0.0418666541641509,0.1708022321729793,-0.0458842085049867,0.1564943367664832,-0.0601921039114827,0.1781893249715158,-0.0384971157064502,0.1919818025482297,-0.0247046381297362,matched,True,False,0.21682408452033997,0.1710880845785141
AOI-0035,2017-08-13,0.1392820569947726,s2,пастбища/зерновые,2017,8,False,2.0,5.0,1,0,0-7,0-7,0.2347089046179161,0.2017337859787361,0.5592469645757616,0.0043103448275862,0.8823529411764706,2.0,5.0,A,0,r0_f0,17,0.1337706607114689,-0.0055113962833037,0.1726868056968232,0.0334047487020505,0.153228733204146,0.0139466762093734,0.1448895592787129,0.0056075022839403,0.1593012238361702,0.0200191668413975,0.1414858148193525,0.0022037578245799,0.1390140331838742,-0.0002680238108984,matched,True,False,0.22166532278060913,0.14459346234798431
AOI-0035,2017-08-28,0.1327451707622418,s2,пастбища/зерновые,2017,8,False,1.0,1.0,1,0,0-7,0-7,0.5204372155946378,0.4233519862255565,0.0478774648464723,0.0083333333333333,0.9375,1.0,1.0,A,0,r0_f0,17,0.1829901174358794,0.0502449466736376,0.2354877966101695,0.1027426258479277,0.2092389570230244,0.0764937862607826,0.2092389570230244,0.0764937862607826,0.1525348046456692,0.0197896338834274,0.2179337835004351,0.0851886127381933,0.2145420988517221,0.0817969280894803,matched,True,False,0.1333906352519989,0.21071463823318481
AOI-0035,2017-09-14,0.256288813559322,modis,пастбища/зерновые,2017,9,False,2.0,1.0,1,0,0-7,0-7,0.1435519411306522,0.1950093264461116,0.6572720657565695,0.0041666666666666,0.9375,2.0,1.0,A,0,r0_f0,17,0.1527169612480032,-0.1035718523113187,0.1641652031890719,-0.09212361037025,0.1584410822185375,-0.0978477313407844,0.160349122542049,-0.0959396910172729,0.1665004893868918,-0.0897883241724301,0.1589406013645594,-0.0973482121947625,0.1593156051844456,-0.0969732083748763,matched,True,False,0.2346227765083313,0.15961281955242157
AOI-0035,2018-06-02,0.1549387353561543,s2,пастбища/зерновые,2018,6,False,3.0,1.0,1,0,0-7,0-7,0.7153279116959783,0.2425139896691674,0.0359080986348542,0.00625,0.9375,3.0,1.0,A,0,r0_f0,17,0.149024776187565,-0.0059139591685893,0.1477854433633023,-0.007153291992852,0.1484051097754336,-0.0065336255807206,0.1480952765693679,-0.0068434587867863,0.3855628756394493,0.230624140283295,0.1478744790235518,-0.0070642563326024,0.1480052912609407,-0.0069334440952135,matched,True,False,0.15474823117256165,0.14631704986095428
AOI-0035,2018-06-18,0.1779540185862212,landsat,пастбища/зерновые,2018,6,False,4.0,1.0,1,0,0-7,0-7,0.2158890949168898,0.7577138302602575,0.016781690207468,0.0096153846153846,0.9375,4.0,1.0,A,0,r0_f0,17,0.1449486286040639,-0.0330053899821572,0.1510443678098069,-0.0269096507764143,0.1479964982069354,-0.0299575203792858,0.1498252199686583,-0.0281287986175629,0.2458876798595599,0.0679336612733386,0.1504104109324096,-0.0275436076538115,0.1503399283166075,-0.0276140902696137,matched,True,False,0.16604453325271606,0.15100255608558655
AOI-0035,2019-04-10,0.6822954427673505,s2,пастбища/зерновые,2019,4,False,3.0,8.0,1,0,0-7,8-15,0.5045246587135653,0.3880223834706678,0.0974529578157668,0.01,0.8333333333333334,3.0,8.0,A,0,r0_f0,17,0.6025463174114022,-0.0797491253559483,0.7176155771819472,0.0353201344145966,0.6600809472966747,-0.0222144954706758,0.633928842803369,-0.0483665999639815,0.4535594520058348,-0.2287359907615157,0.6626937768720667,-0.0196016658952838,0.6811832487233598,-0.0011121940439907,matched,True,False,0.4984721541404724,0.6336552500724792
AOI-0035,2019-05-18,0.8735011703605772,s2,пастбища/зерновые,2019,5,False,3.0,2.0,1,0,0-7,0-7,0.7002732597466487,0.2437616580576395,0.0507567488623785,0.0052083333333333,0.8823529411764706,3.0,2.0,A,0,r0_f0,17,0.8394027393015155,-0.0340984310590616,0.9313619551436286,0.0578607847830514,0.8853823472225721,0.0118811768619949,0.8945782688067834,0.0210770984462062,0.5194804031083051,-0.354020767252272,0.8989923111672048,0.0254911408066276,0.9036650335722052,0.0301638632116278,matched,True,False,0.8381409645080566,0.8826041221618652
AOI-0035,2019-06-02,0.6549822978853518,s2,пастбища/зерновые,2019,6,False,3.0,2.0,1,0,0-7,0-7,0.6719455937328138,0.2585011242786169,0.0648363008564937,0.0047169811320754,0.8823529411764706,3.0,2.0,A,0,r0_f0,17,0.7817904841263065,0.1268081862409547,0.575287833220066,-0.0796944646652857,0.6785391586731863,0.0235568607878344,0.6578888935825622,0.0029065956972104,0.3855628756394493,-0.2694194222459025,0.6647820119836075,0.0097997140982557,0.6599057975243375,0.0049234996389857,matched,True,False,0.6842183470726013,0.6608335375785828
AOI-0035,2019-06-09,0.4038912746066265,s2,пастбища/зерновые,2019,6,False,5.0,1.0,1,0,0-7,0-7,0.6245246587135653,0.2680223834706678,0.0974529578157668,0.01,0.9375,5.0,1.0,A,0,r0_f0,17,0.575287833220066,0.1713965586134395,0.3115341448382127,-0.0923571297684138,0.4434109890291393,0.0395197144225128,0.3554930929018549,-0.0483981817047715,0.3855628756394493,-0.0183283989671771,0.3702303269079458,-0.0336609476986807,0.3563184983393085,-0.0475727762673179,matched,True,False,0.3315793573856354,0.35090553760528564
AOI-0035,2019-06-19,0.2393797154855184,s2,пастбища/зерновые,2019,6,False,2.0,2.0,1,0,0-7,0-7,0.4358470326186474,0.5044568797059266,0.0541405321198704,0.0055555555555555,0.8823529411764706,2.0,2.0,A,0,r0_f0,17,0.2633316349463311,0.0239519194608127,0.2570026874363867,0.0176229719508683,0.2601671611913589,0.0207874457058405,0.2601671611913589,0.0207874457058405,0.2458876798595599,0.0065079643740414,0.2608000963892314,0.021420380903713,0.2608483065187481,0.0214685910332297,matched,True,False,0.16420158743858337,0.26613879203796387
AOI-0035,2019-07-02,0.1504648797334954,s2,пастбища/зерновые,2019,7,False,2.0,2.0,1,0,0-7,0-7,0.7866617379054349,0.1295581724265158,0.0780982714862311,0.0056818181818181,0.8823529411764706,2.0,2.0,A,0,r0_f0,17,0.2205265738585333,0.0700616941250379,0.1396702206850211,-0.0107946590484742,0.1800983972717772,0.0296335175382818,0.1800983972717772,0.0296335175382818,0.1834956285467454,0.0330307488132499,0.1800983972717772,0.0296335175382818,0.1753470878715956,0.0248822081381002,matched,True,False,0.16798889636993408,0.182400181889534
AOI-0035,2019-07-07,0.1099978064140771,s2,пастбища/зерновые,2019,7,False,3.0,1.0,1,0,0-7,0-7,0.7691803659519808,0.148901324150371,0.0763627543420926,0.0055555555555555,0.9375,3.0,1.0,A,0,r0_f0,17,0.1396702206850211,0.029672414270944,0.1515066428843377,0.0415088364702606,0.1455884317846794,0.0355906253706023,0.1485475373345085,0.0385497309204314,0.1834956285467454,0.0734978221326683,0.1496572019156945,0.0396593955016174,0.1505389139003551,0.040541107486278,matched,True,False,0.13022953271865845,0.14736434817314148
AOI-0035,2019-07-12,0.1719844451675886,modis,пастбища/зерновые,2019,7,False,4.0,2.0,1,0,0-7,0-7,0.2768852744639856,0.2116759931127782,0.5072720657565696,0.0041666666666666,0.8823529411764706,4.0,2.0,A,0,r0_f0,17,0.1515066428843377,-0.0204778022832508,0.0944525283513348,-0.0775319168162537,0.1229795856178362,-0.0490048595497523,0.1134705665290024,-0.0585138786385861,0.1834956285467454,0.0115111833791567,0.109244335822854,-0.0627401093447345,0.1066732212903176,-0.0653112238772709,matched,True,False,0.16445238888263702,0.10752785205841064
AOI-0035,2019-08-18,0.3059635402692404,s2,пастбища/зерновые,2019,8,False,2.0,3.0,1,0,0-7,0-7,0.7827387196423274,0.1382517525519616,0.0716565866292403,0.0073529411764705,0.8823529411764706,2.0,3.0,A,0,r0_f0,17,0.3473877245237348,0.0414241842544944,0.2718395873621722,-0.0341239529070682,0.3096136559429535,0.003650115673713,0.3171684696591098,0.0112049293898693,0.1525348046456692,-0.1534287356235711,0.3212479622912527,0.0152844220220123,0.3192626108993054,0.013299070630065,matched,True,False,0.29386815428733826,0.31958863139152527
AOI-0035,2019-08-29,0.2480281355932202,modis,пастбища/зерновые,2019,8,False,1.0,2.0,1,0,0-7,0-7,0.7602186077973189,0.0783426597794449,0.1572720657565695,0.0041666666666666,0.9375,1.0,2.0,A,0,r0_f0,17,0.2157880103174932,-0.032240125275727,0.1959110160330841,-0.052117119560136,0.2058495131752886,-0.0421786224179315,0.2091623455560235,-0.0388657900371967,0.160978107704382,-0.0870500278888382,0.2087740851823582,-0.0392540504108619,0.2091152653809141,-0.038912870212306,matched,True,False,0.26529332995414734,0.20899508893489838
AOI-0035,2019-09-25,0.1021539254424616,s2,пастбища/зерновые,2019,9,False,3.0,5.0,1,0,0-7,0-7,0.7790024780391305,0.1425650975907807,0.0731132754339185,0.0053191489361702,0.8333333333333334,3.0,5.0,A,0,r0_f0,17,0.142224112806991,0.0400701873645293,0.349277657935285,0.2471237324928233,0.2457508853711379,0.1435969599286763,0.2198691922301012,0.1177152667876396,0.1665004893868918,0.0643465639444302,0.2077371485702402,0.1055832231277786,0.2015741813802832,0.0994202559378216,matched,True,False,0.21892178058624268,0.22049006819725037
AOI-0035,2019-10-12,0.154538017172909,s2,пастбища/зерновые,2019,10,False,1.0,3.0,1,0,0-7,0-7,0.652337646957005,0.2111318365469146,0.1272712572368211,0.0092592592592592,0.9375,1.0,3.0,A,0,r0_f0,17,0.2762378242077706,0.1216998070348616,0.2431472958080605,0.0886092786351515,0.2596925600079155,0.1051545428350065,0.2679651921078431,0.1134271749349341,0.179999635286523,0.025461618113614,0.2710674291453159,0.1165294119724069,0.2921196962262406,0.1375816790533316,matched,True,False,0.2535156309604645,0.2701767385005951
AOI-0035,2020-04-07,0.1926339900506974,s2,пастбища/зерновые,2020,4,False,1.0,2.0,1,0,0-7,0-7,0.897367165692095,0.0515321086898998,0.0435249680422475,0.0075757575757575,0.9375,1.0,2.0,A,0,r0_f0,17,0.3456255778120185,0.1529915877613211,0.1897090984175981,-0.0029248916330993,0.2676673381148083,0.0750333480641109,0.2936534180138784,0.101019427963181,0.4535594520058348,0.2609254619551374,0.3052027868579095,0.1125687968072121,0.3061708601580126,0.1135368701073152,matched,True,False,0.1908392310142517,0.2936534285545349
AOI-0035,2020-04-21,0.18891059690092,landsat,пастбища/зерновые,2020,4,False,7.0,1.0,1,0,0-7,0-7,0.5806558233919568,0.2850279793383348,0.1218161972697085,0.0125,0.9375,7.0,1.0,A,0,r0_f0,17,0.1839910573775461,-0.0049195395233739,0.2125846133191204,0.0236740164182004,0.1982878353483332,0.0093772384474132,0.2090104188264236,0.0200998219255036,0.4325711510441962,0.2436605541432762,0.2113559839622558,0.0224453870613358,0.214993347630422,0.026082750729502,matched,True,False,0.1775009036064148,0.2648681402206421
AOI-0035,2020-04-24,0.1806049319380287,s2,пастбища/зерновые,2020,4,False,2.0,5.0,1,0,0-7,0-7,0.7096871121745061,0.1227527084893952,0.1561965429724623,0.0113636363636363,0.8823529411764706,2.0,5.0,A,0,r0_f0,17,0.2125846133191204,0.0319796813810916,0.1673502078467369,-0.0132547240912918,0.1899674105829286,0.0093624786448999,0.1996604974698679,0.0190555655318392,0.4325711510441962,0.2519662191061674,0.2050824607863336,0.0244775288483049,0.200790265974864,0.0201853340368353,matched,True,False,0.19985195994377136,0.14124895632266998
AOI-0035,2020-05-09,0.155307934614631,s2,пастбища/зерновые,2020,5,False,1.0,3.0,1,0,0-7,0-7,0.6958626889447207,0.1762171231793664,0.1160154259711509,0.0119047619047619,0.9375,1.0,3.0,A,0,r0_f0,17,0.3260897996918336,0.1707818650772026,0.1782581984116137,0.0229502637969827,0.2521739990517236,0.0968660644370926,0.2891318993717786,0.1338239647571476,0.3855957746478873,0.2302878400332563,0.3029911119917992,0.1476831773771682,0.305371093094572,0.150063158479941,matched,True,False,0.1566566526889801,0.2998993396759033
AOI-0035,2020-05-19,0.1608107875087525,s2,пастбища/зерновые,2020,5,False,2.0,5.0,1,0,0-7,0-7,0.5728660850979012,0.3000192960954033,0.1184939291515231,0.0086206896551724,0.8823529411764706,2.0,5.0,A,0,r0_f0,17,0.1805170554215439,0.0197062679127913,0.3080951926040061,0.1472844050952536,0.244306124012775,0.0834953365040225,0.2169679517593902,0.0561571642506377,0.5194804031083051,0.3586696155995526,0.2058095141049474,0.0449987265961949,0.2072814353512045,0.046470647842452,matched,True,False,0.13704556226730347,0.24684996902942657
AOI-0035,2020-05-29,0.1443027105828431,s2,пастбища/зерновые,2020,5,False,2.0,2.0,1,0,0-7,0-7,0.4002981015417985,0.4931945360628794,0.1008255442135038,0.0056818181818181,0.8823529411764706,2.0,2.0,A,0,r0_f0,17,0.1592843981210426,0.0149816875381994,0.2443841009685491,0.1000813903857059,0.2018342495447958,0.0575315389619527,0.2018342495447958,0.0575315389619527,0.5194804031083051,0.375177692525462,0.2018342495447958,0.0575315389619527,0.2045554356845644,0.0602527251017213,matched,True,False,0.1501552313566208,0.17709821462631226
AOI-0035,2020-06-07,0.2145107727336481,landsat,пастбища/зерновые,2020,6,False,1.0,1.0,1,0,0-7,0-7,0.4886210725835039,0.3735458701990204,0.130480116041005,0.0073529411764705,0.9375,1.0,1.0,A,0,r0_f0,17,0.1799845144589277,-0.0345262582747203,0.1594671569047245,-0.0550436158289236,0.1697258356818261,-0.044784937051822,0.1697258356818261,-0.044784937051822,0.3855628756394493,0.1710521029058012,0.1696708016874355,-0.0448399710462125,0.1697076364811813,-0.0448031362524667,matched,True,False,0.2514735758304596,0.16553078591823578
AOI-0035,2020-06-11,0.1518455225158886,s2,пастбища/зерновые,2020,6,False,2.0,5.0,1,0,0-7,0-7,0.8003122968533127,0.111918085399207,0.0818172367950993,0.0059523809523809,0.8823529411764706,2.0,5.0,A,0,r0_f0,17,0.2915608320493066,0.139715309533418,0.1513817432677194,-0.0004637792481692,0.2214712876585129,0.0696257651426243,0.251509663825996,0.0996641413101074,0.3855628756394493,0.2337173531235607,0.2637702255270094,0.1119247030111208,0.2646687420024374,0.1128232194865488,matched,True,False,0.15634503960609436,0.26361867785453796
AOI-0035,2020-06-24,0.1494171718784913,landsat,пастбища/зерновые,2020,6,False,3.0,1.0,1,0,0-7,0-7,0.711932941112538,0.2255944089945743,0.0566586964045155,0.005813953488372,0.9375,3.0,1.0,A,0,r0_f0,17,0.1704501146297926,0.0210329427513012,0.2273579352850539,0.0779407634065626,0.1989040249574232,0.0494868530789319,0.2131309801212386,0.0637138082427473,0.2458876798595599,0.0964705079810686,0.2196185334918386,0.0702013616133473,0.2186097084617122,0.0691925365832209,matched,True,False,0.15411998331546783,0.2132413685321808
AOI-0035,2020-06-28,0.1319536400571076,s2,пастбища/зерновые,2020,6,False,2.0,3.0,1,0,0-7,0-7,0.5448087907733092,0.3527933218546304,0.0954534429276158,0.0069444444444444,0.8823529411764706,2.0,3.0,A,0,r0_f0,17,0.1355886063577548,0.0036349663006471,0.0635944980877522,-0.0683591419693554,0.0995915522227535,-0.0323620878343541,0.1067909630497537,-0.0251626770073538,0.2458876798595599,0.1139340398024522,0.0888611291620736,-0.0430925108950339,0.0552636232788106,-0.0766900167782969,matched,True,False,0.12589839100837708,0.10462671518325806
AOI-0035,2020-07-08,0.1202936461550813,s2,пастбища/зерновые,2020,7,False,2.0,2.0,1,0,0-7,0-7,0.6003643463288648,0.2972377662990749,0.0954534429276158,0.0069444444444444,0.8823529411764706,2.0,2.0,A,0,r0_f0,17,0.1328801572363494,0.0125865110812681,0.1363335111387519,0.0160398649836705,0.1346068341875506,0.0143131880324693,0.1346068341875506,0.0143131880324693,0.1834956285467454,0.0632019823916641,0.1348778123776409,0.0145841662225596,0.1346068365627749,0.0143131904076936,matched,True,False,0.07121920585632324,0.12971726059913635
AOI-0035,2020-07-16,0.0990727660231149,s2,пастбища/зерновые,2020,7,False,3.0,1.0,1,0,0-7,0-7,0.7866617379054349,0.1522854451537885,0.0553709987589584,0.0056818181818181,0.9375,3.0,1.0,A,0,r0_f0,17,-0.0014366681941749,-0.1005094342172898,0.1239881698553426,0.0249154038322276,0.0612757508305838,-0.037797015192531,0.0926319603429632,-0.0064408056801516,0.1564943367664832,0.0574215707433683,0.1043905389101054,0.0053177728869905,0.1078889646576616,0.0088161986345466,matched,True,False,0.10465165227651596,0.09215589612722397
AOI-0035,2020-07-26,0.1355374504027897,s2,пастбища/зерновые,2020,7,False,1.0,1.0,1,0,0-7,0-7,0.8044399264133153,0.1604283247243061,0.0299234155290452,0.0052083333333333,0.9375,1.0,1.0,A,0,r0_f0,17,0.172596500631416,0.0370590502286262,0.1841895531587057,0.048652102755916,0.1783930268950608,0.0428555764922711,0.1783930268950608,0.0428555764922711,0.1564943367664832,0.0209568863636935,0.1809228327468335,0.0453853823440438,0.1893359421894788,0.0537984917866891,matched,True,False,0.11068648844957352,0.17898248136043549
AOI-0035,2020-08-18,0.1250312204761148,landsat,пастбища/зерновые,2020,8,False,1.0,1.0,1,0,0-7,0-7,0.6807927831020766,0.2641874565189059,0.0512884170954353,0.003731343283582,0.9375,1.0,1.0,A,0,r0_f0,17,0.1190957260113309,-0.0059354944647839,0.1620946902329459,0.037063469756831,0.1405952081221383,0.0155639876460235,0.1405952081221383,0.0155639876460235,0.1525348046456692,0.0275035841695543,0.1471833304455007,0.0221521099693859,0.147506570554407,0.0224753500782922,matched,True,False,0.16238072514533997,0.14022588729858398
AOI-0035,2020-08-25,0.1352363773586282,s2,пастбища/зерновые,2020,8,False,3.0,1.0,1,0,0-7,0-7,0.7691916632386058,0.1672510273580464,0.0592469645757615,0.0043103448275862,0.9375,3.0,1.0,A,0,r0_f0,17,0.1025280465666455,-0.0327083307919826,0.1586499857075841,0.0234136083489558,0.1305890161371148,-0.0046473612215134,0.1446195009223494,0.0093831235637212,0.1525348046456692,0.017298427287041,0.1498809327168124,0.0146445553581842,0.147163385926011,0.0119270085673828,matched,True,False,0.09948231279850006,0.14386537671089172
AOI-0035,2020-09-14,0.1290596440933027,s2,пастбища/зерновые,2020,9,False,1.0,2.0,1,0,0-7,0-7,0.7403279116959783,0.1925139896691673,0.0609080986348542,0.00625,0.9375,1.0,2.0,A,0,r0_f0,17,0.1756087211093991,0.0465490770160963,0.0994782805653146,-0.029581363527988,0.1375435008373568,0.0084838567440541,0.1502319075947042,0.0211722635014015,0.1665004893868918,0.0374408452935891,0.1558711994868586,0.0268115553935559,0.1549472312652124,0.0258875871719097,matched,True,False,0.1491326093673706,0.15049049258232117
AOI-0035,2020-10-06,0.1546014269462875,landsat,пастбища/зерновые,2020,10,False,1.0,9.0,2,0,0-7,8-15,0.5255465194932972,0.362523316115279,0.1015134977247571,0.0104166666666666,0.9375,1.0,9.0,A,0,r0_f0,17,0.1253456101862706,-0.0292558167600169,0.195315625,0.0407141980537124,0.1603306175931353,0.0057291906468477,0.1323426116676435,-0.0222588152786439,0.179999635286523,0.0253982083402355,0.127304770601055,-0.0272966563452324,0.1251665788359655,-0.0294348481103219,matched,True,False,0.13664916157722473,0.1331642121076584
AOI-0035,2020-10-09,0.1354788026657328,s2,пастбища/зерновые,2020,10,False,4.0,6.0,2,1,0-7,0-7,0.8321162833599803,0.106830899699243,0.0553709987589584,0.0056818181818181,0.7894736842105263,4.0,6.0,A,0,r0_f0,17,0.1253456101862706,-0.0101331924794622,0.195315625,0.0598368223342671,0.1603306175931353,0.0248518149274024,0.1533336161117623,0.0178548134460295,0.179999635286523,0.0445208326207902,0.1499750554007033,0.0144962527349705,0.1535586515872762,0.0180798489215434,matched,True,False,0.12095218151807785,0.15495093166828156
AOI-0035,2021-05-25,0.724826656394453,modis,пастбища/зерновые,2021,5,False,3.0,4.0,1,0,0-7,0-7,0.4433944405458653,0.0333443056228763,0.5183592930469445,0.0049019607843137,0.8333333333333334,3.0,4.0,A,0,r0_f0,17,0.6030357661317898,-0.1217908902626632,0.720696812409322,-0.0041298439851309,0.6618662892705559,-0.062960367123897,0.6534619288221607,-0.0713647275722922,0.5194804031083051,-0.2053462532861478,0.6457586851669785,-0.0790679712274744,0.6492342269356327,-0.0755924294588202,matched,True,False,0.6700398921966553,0.6995360851287842
AOI-0035,2021-06-08,0.5022317192756593,s2,пастбища/зерновые,2021,6,False,2.0,2.0,1,0,0-7,0-7,0.6763143609599701,0.231053778854024,0.0840111705308334,0.0086206896551724,0.8823529411764706,2.0,2.0,A,0,r0_f0,17,0.7431198325777804,0.240888113302121,0.582213220338983,0.0799815010633236,0.6626665264583818,0.1604348071827224,0.6626665264583818,0.1604348071827224,0.3855628756394493,-0.11666884363621,0.6626665264583816,0.1604348071827223,0.6620328414236449,0.1598011221479855,matched,True,False,0.6936908960342407,0.6527782082557678
AOI-0035,2021-06-21,0.5578818809034509,s2,пастбища/зерновые,2021,6,False,2.0,2.0,1,0,0-7,0-7,0.8321162833599803,0.1295581724265158,0.0326437260316856,0.0056818181818181,0.8823529411764706,2.0,2.0,A,0,r0_f0,17,0.6228847874026185,0.0650029064991676,0.4239635141823455,-0.1339183667211054,0.5234241507924821,-0.0344577301109688,0.5234241507924821,-0.0344577301109688,0.2458876798595599,-0.311994201043891,0.5325684518107977,-0.0253134290926532,0.5237167296576282,-0.0341651512458227,matched,True,False,0.49568766355514526,0.5235800743103027
AOI-0035,2021-07-03,0.1762958475944123,s2,пастбища/зерновые,2021,7,False,2.0,2.0,1,0,0-7,0-7,0.4230253742690712,0.5386490815174249,0.0326437260316856,0.0056818181818181,0.8823529411764706,2.0,2.0,A,0,r0_f0,17,0.2035446762043807,0.0272488286099683,0.2508016794355096,0.0745058318410972,0.2271731778199451,0.0508773302255328,0.2271731778199451,0.0508773302255328,0.1834956285467454,0.007199780952333,0.2289662188494942,0.0526703712550819,0.2297498062495895,0.0534539586551772,matched,True,False,0.18292246758937836,0.23062781989574432
AOI-0035,2021-07-21,0.1481633861827845,s2,пастбища/зерновые,2021,7,False,1.0,5.0,1,0,0-7,0-7,0.8252732597466487,0.1395949913909728,0.0299234155290452,0.0052083333333333,0.9375,1.0,5.0,A,0,r0_f0,17,0.1685807415582167,0.0204173553754322,0.1571608013961866,0.0089974152134021,0.1628707714772016,0.0147073852944171,0.1666774181978783,0.0185140320150938,0.1564943367664832,0.0083309505836987,0.167734820064733,0.0195714338819485,0.1696607446070753,0.0214973584242908,matched,True,False,0.14928950369358063,0.16708412766456604
AOI-0035,2021-08-02,0.1380543635567192,s2,пастбища/зерновые,2021,8,False,2.0,4.0,1,0,0-7,0-7,0.5571112558875442,0.3973124212639647,0.0388195660917343,0.0067567567567567,0.8823529411764706,2.0,4.0,A,0,r0_f0,17,0.1566365158724121,0.0185821523156928,0.207457902358578,0.0694035388018587,0.182047209115495,0.0439928455587758,0.1735769780344674,0.0355226144777481,0.1593012238361702,0.0212468602794509,0.169812430887344,0.0317580673306247,0.1701468876086883,0.0320925240519691,matched,True,False,0.16051800549030304,0.17546378076076508
AOI-0035,2022-04-07,0.204454827169202,s2,пастбища/зерновые,2022,4,False,4.0,3.0,1,0,0-7,0-7,0.604843556087253,0.2431945360628794,0.1462800896680493,0.0056818181818181,0.8333333333333334,4.0,3.0,A,0,r0_f0,17,0.2367741742993546,0.0323193471301526,0.2326704063625936,0.0282155791933916,0.234722290330974,0.030267463161772,0.2344291640497768,0.0299743368805748,0.4535594520058348,0.2491046248366328,0.2356230369734547,0.0311682098042527,0.2355608757766294,0.0311060486074274,matched,True,False,0.35014066100120544,0.25218120217323303
AOI-0035,2022-04-11,0.2324039091749762,landsat,пастбища/зерновые,2022,4,False,1.0,1.0,1,0,0-7,0-7,0.2408744311892756,0.5800373057844463,0.1624215963596113,0.0166666666666666,0.9375,1.0,1.0,A,0,r0_f0,17,0.2326704063625936,0.0002664971876173,0.2010656961099066,-0.0313382130650695,0.21686805123625,-0.0155358579387261,0.21686805123625,-0.0155358579387261,0.4535594520058348,0.2211555428308586,0.2165267241320368,-0.0158771850429393,0.2188190351084573,-0.0135848740665188,matched,True,False,0.2605867087841034,0.19838647544384003
AOI-0035,2022-04-17,0.2225810106250047,s2,пастбища/зерновые,2022,4,False,5.0,6.0,1,0,0-7,0-7,0.3204372155946378,0.5900186528922231,0.0812107981798056,0.0083333333333333,0.75,5.0,6.0,A,0,r0_f0,17,0.2010656961099066,-0.0215153145150981,0.401513281972265,0.1789322713472602,0.3012894890410857,0.078708478416081,0.2921782351382513,0.0695972245132466,0.4325711510441962,0.2099901404191914,0.2876602579963498,0.0650792473713451,0.3019071065246579,0.0793260958996532,matched,True,False,0.23230509459972382,0.2806447446346283
AOI-0035,2022-05-29,0.8644416099697054,s2,пастбища/зерновые,2022,5,False,1.0,3.0,1,0,0-7,0-7,0.5218970167085405,0.3107342709559534,0.1584401409069346,0.0089285714285714,0.9375,1.0,3.0,A,0,r0_f0,17,0.861969099674296,-0.0024725102954094,0.8022430586518303,-0.0621985513178751,0.8321060791630632,-0.0323355308066422,0.8470375894186796,-0.0174040205510258,0.5194804031083051,-0.3449612068614003,0.8566243204427004,-0.007817289527005,0.8674602466429225,0.0030186366732171,matched,True,False,0.7165770530700684,0.7976170182228088
AOI-0035,2022-06-16,0.6064191076819532,s2,пастбища/зерновые,2022,6,False,2.0,4.0,1,0,0-7,0-7,0.6358470326186474,0.2600124352614821,0.0985849765643149,0.0055555555555555,0.8823529411764706,2.0,4.0,A,0,r0_f0,17,0.6657039689325149,0.0592848612505617,0.509119769627431,-0.0972993380545221,0.587411869279973,-0.0190072384019801,0.6135092358308203,0.0070901281488671,0.2458876798595599,-0.3605314278223933,0.6395979645374512,0.033178856855498,0.625838390126465,0.0194192824445118,matched,True,False,0.5522343516349792,0.615310788154602
AOI-0035,2022-06-29,0.3477543833611772,landsat,пастбища/зерновые,2022,6,False,3.0,1.0,1,0,0-7,0-7,0.6359485083542703,0.2982242783351195,0.0613629275963244,0.0044642857142857,0.9375,3.0,1.0,A,0,r0_f0,17,0.3165676425269645,-0.0311867408342126,0.3207903997503507,-0.0269639836108265,0.3186790211386576,-0.0290753622225196,0.3197347104445041,-0.028019672916673,0.2458876798595599,-0.1018667035016173,0.3201305939341966,-0.0276237894269805,0.3230495044599145,-0.0247048789012626,matched,True,False,0.35241010785102844,0.3177189826965332
AOI-0035,2022-07-01,0.2812111595495433,s2,пастбища/зерновые,2022,7,False,1.0,1.0,1,0,0-7,0-7,0.7002732597466487,0.2229283247243061,0.0715900821957118,0.0052083333333333,0.9375,1.0,1.0,A,0,r0_f0,17,0.3207903997503507,0.0395792402008073,0.2887429478862189,0.0075317883366756,0.3047666738182848,0.0235555142687415,0.3047666738182848,0.0235555142687415,0.1834956285467454,-0.0977155310027979,0.3106170775522805,0.0294059180027372,0.3088561525701883,0.0276449930206449,matched,True,False,0.29911768436431885,0.30409350991249084
AOI-0035,2022-08-07,0.1196506173078146,s2,пастбища/зерновые,2022,8,False,2.0,1.0,1,0,0-7,0-7,0.339839917856724,0.5744316182968998,0.0799145103580039,0.005813953488372,0.9375,2.0,1.0,A,0,r0_f0,17,0.0938210278621522,-0.0258295894456623,0.1621402822463735,0.0424896649385589,0.1279806550542628,0.0083300377464482,0.139367197451633,0.0197165801438184,0.1593012238361702,0.0396506065283556,0.1444278829615753,0.0247772656537607,0.1449790875773274,0.0253284702695128,matched,True,False,0.14072713255882263,0.13943950831890106
AOI-0035,2022-08-09,0.1600584973035182,landsat,пастбища/зерновые,2022,8,False,1.0,1.0,1,0,0-7,0-7,0.3588798528266306,0.487523316115279,0.1431801643914237,0.0104166666666666,0.9375,1.0,1.0,A,0,r0_f0,17,0.1621402822463735,0.0020817849428552,0.1218944909248651,-0.0381640063786531,0.1420173865856193,-0.0180411107178989,0.1420173865856193,-0.0180411107178989,0.1593012238361702,-0.0007572734673479,0.1420173865856193,-0.0180411107178989,0.1416172697514776,-0.0184412275520405,matched,True,False,0.16331826150417328,0.14380459487438202
AOI-0035,2022-08-15,0.114914675663672,s2,пастбища/зерновые,2022,8,False,2.0,7.0,2,0,0-7,0-7,0.687241662344329,0.2326208605818847,0.0747026944650906,0.0054347826086956,0.8823529411764706,2.0,7.0,A,0,r0_f0,17,0.1722335285053929,0.0573188528417208,0.1286419292831848,0.0137272536195127,0.1504377288942888,0.0355230532306168,0.1625465064560133,0.0476318307923413,0.1525348046456692,0.0376201289819972,0.1667322567242637,0.0518175810605917,0.1690634880205575,0.0541488123568855,matched,True,False,0.11975701153278351,0.16208115220069885
AOI-0035,2022-08-17,0.1000990455085344,s2,пастбища/зерновые,2022,8,False,4.0,5.0,2,1,0-7,0-7,0.5412265358458939,0.3222429476580257,0.1272712572368211,0.0092592592592592,0.7894736842105263,4.0,5.0,A,0,r0_f0,17,0.1722335285053929,0.0721344829968584,0.1286419292831848,0.0285428837746503,0.1504377288942888,0.0503386833857544,0.1528594844066337,0.0527604388980993,0.1525348046456692,0.0524357591371348,0.1540554130547052,0.0539563675461708,0.1552126726977155,0.0551136271891811,matched,True,False,0.0957585871219635,0.15602409839630127
AOI-0035,2022-09-09,0.1208024603938444,s2,пастбища/зерновые,2022,9,False,1.0,1.0,1,0,0-7,0-7,0.711932941112538,0.2023385950410859,0.0799145103580039,0.005813953488372,0.9375,1.0,1.0,A,0,r0_f0,17,0.113075847008784,-0.0077266133850604,0.1438717337940031,0.0230692734001586,0.1284737904013935,0.0076713300075491,0.1284737904013935,0.0076713300075491,0.160978107704382,0.0401756473105376,0.1291037115779522,0.0083012511841078,0.1263882123153372,0.0055857519214928,matched,True,False,0.18145130574703217,0.12827229499816895
AOI-0035,2022-09-29,0.122440007815193,s2,пастбища/зерновые,2022,9,False,4.0,1.0,1,0,0-7,0-7,0.7733274721037604,0.1810962050477485,0.0388195660917343,0.0067567567567567,0.9375,4.0,1.0,A,0,r0_f0,17,0.1554344552725199,0.0329944474573268,0.1637431588482118,0.0413031510330188,0.1595888070603658,0.0371487992451728,0.1620814181330734,0.0396414103178804,0.179999635286523,0.05755962747133,0.1633503447952711,0.0409103369800781,0.164701424401803,0.04226141658661,matched,True,False,0.12088792771100998,0.16280856728553772
AOI-0035,2022-10-01,0.1486489991774229,s2,пастбища/зерновые,2022,10,False,1.0,3.0,1,0,0-7,0-7,0.3138680126443009,0.6405556645072079,0.0388195660917343,0.0067567567567567,0.9375,1.0,3.0,A,0,r0_f0,17,0.1637431588482118,0.0150941596707888,0.1534605696326025,0.0048115704551795,0.1586018642404071,0.0099528650629842,0.1611725115443094,0.0125235123668865,0.179999635286523,0.0313506361091001,0.1627079963948673,0.0140589972174444,0.1614835836579701,0.0128345844805471,matched,True,False,0.13965149223804474,0.15753261744976044
AOI-0035,2022-10-16,0.2158690881469576,s2,пастбища/зерновые,2022,10,False,2.0,3.0,1,0,0-7,0-7,0.4369598394472334,0.304570890307577,0.2471056338815532,0.0113636363636363,0.8823529411764706,2.0,3.0,A,0,r0_f0,17,0.1820580078734224,-0.0338110802735351,0.2394355465779453,0.0235664584309877,0.2107467772256838,-0.0051223109212737,0.2050090233552315,-0.010860064791726,0.2013685017769151,-0.0145005863700424,0.2062729004344553,-0.0095961877125022,0.2024468603103607,-0.0134222278365969,matched,True,False,0.17093804478645325,0.20164498686790466
AOI-0035,2023-04-03,0.4521406583606875,landsat,пастбища/зерновые,2023,4,False,166.0,1.0,1,0,31+,0-7,0.2713597922258314,0.5706211521627468,0.1433131732584806,0.0147058823529411,0.9375,166.0,1.0,A,0,r0_f0,17,0.2394355465779453,-0.2127051117827422,0.3415079181065267,-0.1106327402541608,0.290471732342236,-0.1616689260184515,0.3408967063009663,-0.1112439520597212,0.4535594520058348,0.0014187936451472,0.3397266140871218,-0.1124140442735657,0.3232273628280167,-0.1289132955326708,matched,True,False,0.3654712438583374,0.3207972049713135
AOI-0035,2023-05-15,0.6657699829227015,landsat,пастбища/зерновые,2023,5,False,3.0,1.0,1,0,0-7,0-7,0.7096814427894176,0.239633199750315,0.0459683763281918,0.0047169811320754,0.9375,3.0,1.0,A,0,r0_f0,17,0.5521961607261273,-0.1135738221965741,0.6915527303918668,0.0257827474691653,0.6218744455589971,-0.0438955373637044,0.656713587975432,-0.0090563949472695,0.3855957746478873,-0.2801742082748142,0.6697782663815951,0.0040082834588935,0.6717244007072247,0.0059544177845232,matched,True,False,0.642967939376831,0.67524653673172
AOI-0035,2023-05-17,0.6096666103897407,s2,пастбища/зерновые,2023,5,False,1.0,2.0,1,0,0-7,0-7,0.7849517043035675,0.1461681945324793,0.0624698447536966,0.0064102564102564,0.9375,1.0,2.0,A,0,r0_f0,17,0.6915527303918668,0.0818861200021261,0.6598840207647453,0.0502174103750046,0.675718375578306,0.0660517651885653,0.6809964938494929,0.0713298834597522,0.5194804031083051,-0.0901862072814355,0.6833423241922427,0.073675713802502,0.6819219572977898,0.0722553469080491,matched,True,False,0.6746004819869995,0.684118926525116
AOI-0035,2023-05-25,0.4786094607087826,modis,пастбища/зерновые,2023,5,False,1.0,6.0,1,0,0-7,0-7,0.3680913654971274,0.1017957069065481,0.5256486418820387,0.0044642857142857,0.9375,1.0,6.0,A,0,r0_f0,17,0.6751450743492297,0.196535613640447,0.6474159970806521,0.1688065363718695,0.6612805357149409,0.1826710750061583,0.6711837775965758,0.1925743168877932,0.5194804031083051,0.0408709423995225,0.6736617576185769,0.1950522969097943,0.6720956212580499,0.1934861605492673,matched,True,False,0.6267112493515015,0.6895158886909485
AOI-0035,2023-06-10,0.5161273343605547,modis,пастбища/зерновые,2023,6,False,1.0,3.0,1,0,0-7,0-7,0.2268852744639855,0.1283426597794449,0.6406053990899029,0.0041666666666666,0.9375,1.0,3.0,A,0,r0_f0,17,0.5152466251178042,-0.0008807092427505,0.3722068926176202,-0.1439204417429345,0.4437267588677122,-0.0724005754928425,0.4794866919927582,-0.0366406423677965,0.3855628756394493,-0.1305644587211054,0.4776873945450479,-0.0384399398155068,0.4843899307412334,-0.0317374036193213,matched,True,False,0.49603015184402466,0.4809931218624115
AOI-0035,2023-06-23,0.2439483983481825,s2,пастбища/зерновые,2023,6,False,2.0,2.0,1,0,0-7,0-7,0.3090020432954234,0.6614133260836262,0.0251986657086696,0.0043859649122807,0.8823529411764706,2.0,2.0,A,0,r0_f0,17,0.279939634419705,0.0359912360715224,0.2909518465286499,0.0470034481804674,0.2854457404741775,0.0414973421259949,0.2854457404741775,0.0414973421259949,0.2458876798595599,0.0019392815113773,0.2854457404741775,0.0414973421259949,0.28996040365077,0.0460120053025875,matched,True,False,0.2334892451763153,0.2751518189907074
AOI-0035,2023-07-23,0.2704858594986223,s2,пастбища/зерновые,2023,7,False,1.0,3.0,1,0,0-7,0-7,0.594336862661792,0.3242593814171726,0.0738279983452778,0.0075757575757575,0.9375,1.0,3.0,A,0,r0_f0,17,0.2811639358426915,0.0106780763440691,0.3218810181197459,0.0513951586211235,0.3015224769812187,0.0310366174825963,0.2913432064119551,0.0208573469133327,0.1564943367664832,-0.113991522732139,0.29060608204998,0.0201202225513577,0.2914959506303577,0.0210100911317354,matched,True,False,0.2349226176738739,0.2920916676521301
AOI-0035,2023-08-13,0.2055315933419705,landsat,пастбища/зерновые,2023,8,False,1.0,2.0,1,0,0-7,0-7,0.628779626473637,0.1857231680439158,0.1815289515141931,0.0039682539682539,0.9375,1.0,2.0,A,0,r0_f0,17,0.1837693985437467,-0.0217621947982238,0.1803638102524533,-0.0251677830895172,0.1820666043981,-0.0234649889438705,0.1826342024466488,-0.0228973908953216,0.1593012238361702,-0.0462303695058002,0.1820223224662251,-0.0235092708757453,0.1824683567894914,-0.023063236552479,matched,True,False,0.25178754329681396,0.18297480046749115
AOI-0035,2023-08-30,0.1659994123195644,s2,пастбища/зерновые,2023,8,False,1.0,6.0,2,0,0-7,0-7,0.7522623293567827,0.1940111917353339,0.0487264789078834,0.005,0.9375,1.0,6.0,A,0,r0_f0,17,0.2252990446841294,0.059299632364565,0.2178837765296118,0.0518843642100474,0.2215914106068706,0.0555919982873062,0.2242397206620554,0.058240308342491,0.160978107704382,-0.0050213046151823,0.2242876921246911,0.0582882798051267,0.2242371920486027,0.0582377797290383,matched,True,False,0.18905192613601685,0.22368566691875458
AOI-0035,2023-09-01,0.1552430642924125,s2,пастбища/зерновые,2023,9,False,3.0,4.0,2,1,0-7,0-7,0.4760301748064631,0.4243394482909918,0.0928736201457883,0.0067567567567567,0.8333333333333334,3.0,4.0,A,0,r0_f0,17,0.2252990446841294,0.0700559803917169,0.2178837765296118,0.0626407122371993,0.2215914106068706,0.0663483463144581,0.2221210726179075,0.066878008325495,0.160978107704382,0.0057350434119695,0.2215797065554747,0.0663366422630622,0.2220693211167027,0.0668262568242902,matched,True,False,0.17534583806991577,0.2197083979845047
AOI-0035,2023-09-11,0.22756052141527,s2,пастбища/зерновые,2023,9,False,6.0,1.0,1,0,0-7,0-7,0.3775708288145258,0.5386490815174249,0.0780982714862311,0.0056818181818181,0.9375,6.0,1.0,A,0,r0_f0,17,0.2178837765296118,-0.0096767448856582,0.2251468561566291,-0.0024136652586408,0.2215153163431204,-0.0060452050721495,0.2241092733527694,-0.0034512480625005,0.160978107704382,-0.066582413710888,0.2247445281306427,-0.0028159932846272,0.2267513361443511,-0.0008091852709188,matched,True,False,0.1894397884607315,0.2232161909341812
AOI-0035,2023-09-26,0.1631198605245102,landsat,пастбища/зерновые,2023,9,False,2.0,2.0,1,0,0-7,0-7,0.3611547058225898,0.5587078171036238,0.0747026944650906,0.0054347826086956,0.8823529411764706,2.0,2.0,A,0,r0_f0,17,0.159544421818961,-0.0035754387055491,0.1946576550058236,0.0315377944813134,0.1771010384123923,0.0139811778878821,0.1771010384123923,0.0139811778878821,0.1665004893868918,0.0033806288623816,0.1771010384123922,0.013981177887882,0.1767584455763512,0.013638585051841,matched,True,False,0.14453700184822083,0.1777932494878769
AOI-0035,2023-10-11,0.1596005078828043,s2,пастбища/зерновые,2023,10,False,2.0,3.0,1,0,0-7,0-7,0.3453552248595908,0.6019717566032685,0.0477710577528268,0.0049019607843137,0.8823529411764706,2.0,3.0,A,0,r0_f0,17,0.1652348695767945,0.0056343616939902,0.1460448016842907,-0.0135557061985135,0.1556398356305426,-0.0039606722522616,0.1575588424197929,-0.0020416654630113,0.179999635286523,0.0203991274037187,0.1532222920756493,-0.0063782158071549,0.1499694484830062,-0.009631059399798,matched,True,False,0.13879498839378357,0.15907813608646393
AOI-0035,2024-06-17,0.141882026443825,s2,пастбища/зерновые,2024,6,False,5.0,2.0,1,0,0-7,0-7,0.4136248103964252,0.5266791019281487,0.0541405321198704,0.0055555555555555,0.8823529411764706,5.0,2.0,A,0,r0_f0,17,0.1248952685446854,-0.0169867578991396,0.1762181124678374,0.0343360860240123,0.1505566905062614,0.0086746640624363,0.1615544427755082,0.0196724163316832,0.2458876798595599,0.1040056534157349,0.1660433212527518,0.0241612948089268,0.1638712976301833,0.0219892711863582,matched,True,False,0.11313095688819885,0.16194197535514832
AOI-0035,2024-06-20,0.1263412692272979,s2,пастбища/зерновые,2024,6,False,1.0,5.0,1,0,0-7,0-7,0.8428322652731731,0.100011906101419,0.0518366796892376,0.0053191489361702,0.9375,1.0,5.0,A,0,r0_f0,17,0.1762181124678374,0.0498768432405394,0.120067663026033,-0.0062736062012649,0.1481428877469351,0.0218016185196372,0.1668597042275366,0.0405184350002387,0.2458876798595599,0.1195464106322619,0.1720588199165926,0.0457175506892947,0.1728738249195098,0.0465325556922119,matched,True,False,0.12980622053146362,0.16903720796108246
AOI-0035,2024-07-04,0.3235375492516489,landsat,пастбища/зерновые,2024,7,False,2.0,1.0,1,0,0-7,0-7,0.578263572882931,0.3592799846950628,0.053197183162747,0.0092592592592592,0.9375,2.0,1.0,A,0,r0_f0,17,0.2363919409675232,-0.0871456082841257,0.3169932183000016,-0.0065443309516473,0.2766925796337623,-0.0468449696178865,0.2901261258558421,-0.0334114233958067,0.1834956285467454,-0.1400419207049035,0.2955622684289826,-0.0279752808226663,0.2908503422124567,-0.0326872070391921,matched,True,False,0.2902145981788635,0.2894745469093323
AOI-0035,2024-07-11,0.5078508474576271,modis,пастбища/зерновые,2024,7,False,4.0,1.0,1,0,0-7,0-7,0.2914581836463006,0.1526413962590648,0.5515144551823539,0.0043859649122807,0.9375,4.0,1.0,A,0,r0_f0,17,0.3361960263210653,-0.1716548211365617,0.4898854939948888,-0.0179653534627383,0.4130407601579771,-0.09481008729965,0.4591476004601241,-0.0487032469975029,0.1834956285467454,-0.3243552189108817,0.4760799083907667,-0.0317709390668604,0.4656649643341681,-0.042185883123459,matched,True,False,0.4817419648170471,0.45558005571365356
AOI-0035,2024-07-13,0.5270135992680773,landsat,пастбища/зерновые,2024,7,False,1.0,2.0,1,0,0-7,0-7,0.8040210654309271,0.1830294261654093,0.0082325272715881,0.0047169811320754,0.9375,1.0,2.0,A,0,r0_f0,17,0.4898854939948888,-0.0371281052731885,0.4438055987823787,-0.0832080004856986,0.4668455463886337,-0.0601680528794436,0.4745255289240521,-0.0524880703440251,0.1834956285467454,-0.3435179707213319,0.4779388544953491,-0.0490747447727282,0.4824372587536928,-0.0445763405143845,matched,True,False,0.4422759711742401,0.47334200143814087
AOI-0035,2024-08-01,0.4826287502817002,s2,пастбища/зерновые,2024,8,False,2.0,10.0,2,0,0-7,8-15,0.7537705489279711,0.2233519862255565,0.014544131513139,0.0083333333333333,0.8823529411764706,2.0,10.0,A,0,r0_f0,17,0.464526805261019,-0.0181019450206811,0.3817203975066608,-0.1009083527750394,0.4231236013838399,-0.0595051488978602,0.4507257373019593,-0.0319030129797408,0.1593012238361702,-0.32332752644553,0.4583929972792147,-0.0242357530024854,0.454265889426349,-0.0283628608553512,matched,True,False,0.42956075072288513,0.45329198241233826
AOI-0035,2024-08-09,0.4496605427368075,s2,пастбища/зерновые,2024,8,False,10.0,2.0,2,1,8-15,0-7,0.8122623293567827,0.1740111917353339,0.0087264789078834,0.005,0.8823529411764706,10.0,2.0,A,0,r0_f0,17,0.464526805261019,0.0148662625242115,0.3817203975066608,-0.0679401452301466,0.4231236013838399,-0.0265369413529675,0.3955214654657205,-0.054139077271087,0.1593012238361702,-0.2903593189006372,0.3878542054884651,-0.0618063372483423,0.3936620478829893,-0.0559984948538181,matched,True,False,0.3870810568332672,0.39369848370552063
AOI-0035,2024-08-12,0.3048353466872111,modis,пастбища/зерновые,2024,8,False,1.0,1.0,1,0,0-7,0-7,0.6922716899657005,0.2015961839169316,0.1021638721491138,0.0039682539682539,0.9375,1.0,1.0,A,0,r0_f0,17,0.3817203975066608,0.0768850508194497,0.3964131758871394,0.0915778291999283,0.3890667866969001,0.084231440009689,0.3890667866969001,0.084231440009689,0.1593012238361702,-0.1455341228510408,0.3890667866969001,0.084231440009689,0.3918702015837695,0.0870348548965584,matched,True,False,0.36180564761161804,0.3899240493774414
AOI-0035,2024-08-28,0.2098143297380585,modis,пастбища/зерновые,2024,8,False,2.0,1.0,1,0,0-7,0-7,0.2137816350481209,0.486450162487571,0.2955309143287147,0.0042372881355932,0.9375,2.0,1.0,A,0,r0_f0,17,0.1982202706418268,-0.0115940590962317,0.1764917879384568,-0.0333225417996017,0.1873560292901417,-0.0224583004479167,0.1837346155062467,-0.0260797142318117,0.160978107704382,-0.0488362220336764,0.1800730336470275,-0.0297412960910309,0.181439928977382,-0.0283744007606764,matched,True,False,0.22932985424995422,0.18438389897346497
AOI-0035,2024-09-18,0.169299875801692,s2,пастбища/зерновые,2024,9,False,3.0,2.0,1,0,0-7,0-7,0.7584445690195147,0.2023385950410859,0.0334028824510272,0.005813953488372,0.8823529411764706,3.0,2.0,A,0,r0_f0,17,0.1431335731300357,-0.0261663026716563,0.1548663632472424,-0.0144335125544496,0.148999968188639,-0.0202999076130529,0.1501732472003597,-0.0191266286013322,0.1665004893868918,-0.0027993864148002,0.1476755084123797,-0.0216243673893123,0.1436072569395619,-0.02569261886213,matched,True,False,0.15461483597755432,0.15323929488658905
AOI-0035,2024-09-25,0.1466195394917294,s2,пастбища/зерновые,2024,9,False,3.0,3.0,1,0,0-7,0-7,0.6389660179938128,0.296175368721796,0.0552432286690065,0.0096153846153846,0.8333333333333334,3.0,3.0,A,0,r0_f0,17,0.1765996222849611,0.0299800827932316,0.154336829227157,0.0077172897354275,0.165468225756059,0.0188486862643296,0.165468225756059,0.0188486862643296,0.1665004893868918,0.0198809498951623,0.1699868563446562,0.0233673168529268,0.1718460642738926,0.0252265247821631,matched,True,False,0.17098000645637512,0.1657540500164032
AOI-0035,2024-10-10,0.1413631303983492,s2,пастбища/зерновые,2024,10,False,1.0,5.0,2,0,0-7,0-7,0.6008197792399459,0.2937849741729185,0.0897702465871356,0.015625,0.9375,1.0,5.0,A,0,r0_f0,17,0.1778572485922625,0.0364941181939133,0.1897430508474576,0.0483799204491084,0.18380014971986,0.0424370193215108,0.179838215634795,0.0384750852364458,0.179999635286523,0.0386365048881738,0.1811481141651129,0.0397849837667637,0.1820892930731048,0.0407261626747556,matched,True,False,0.14331942796707153,0.18124720454216003
AOI-0035,2024-10-13,0.136726265726188,s2,пастбища/зерновые,2024,10,False,4.0,2.0,2,1,0-7,0-7,0.7543506333784282,0.1807907533371806,0.0552432286690065,0.0096153846153846,0.8823529411764706,4.0,2.0,A,0,r0_f0,17,0.1778572485922625,0.0411309828660745,0.1897430508474576,0.0530167851212695,0.18380014971986,0.047073883993672,0.1857811167623926,0.0490548510362045,0.2013685017769151,0.0646422360507271,0.188204225455822,0.051477959729634,0.1914224283406647,0.0546961626144767,matched,True,False,0.07525341957807541,0.18567082285881042
AOI-0035,2024-10-23,0.1468991957780586,s2,пастбища/зерновые,2024,10,False,8.0,2.0,1,0,8-15,0-7,0.6353528899060493,0.2913286776855085,0.0624488671910508,0.0108695652173913,0.8823529411764706,8.0,2.0,A,0,r0_f0,17,0.1897430508474576,0.042843855069399,0.1482556055217753,0.0013564097437167,0.1689993281846164,0.0221001324065578,0.1565530945869117,0.0096538988088531,0.2013685017769151,0.0544693059988565,0.158729210715628,0.0118300149375694,0.1582660007623486,0.0113668049842899,matched,True,False,0.1403019279241562,0.15793904662132263
AOI-0037,2019-06-05,0.5184154352538318,landsat,зерновые,2019,6,True,1.0,4.0,1,0,0-7,0-7,0.7202384812334388,0.2309192652139399,0.0442967990071667,0.0045454545454545,0.9375,1.0,4.0,A,0,r0_f0,17,0.4740834220259078,-0.044332013227924,0.4271499736758677,-0.0912654615779641,0.4506166978508877,-0.067798737402944,0.4646967323558998,-0.053718702897932,0.4271600780596599,-0.0912553571941719,0.4620021613544706,-0.0564132738993611,0.4557283462028513,-0.0626870890509805,matched,False,False,0.48680955171585083,0.4654235243797302
AOI-0037,2019-06-21,0.3160206617493648,landsat,зерновые,2019,6,True,2.0,6.0,3,0,0-7,0-7,0.4879098896199729,0.4281424870864592,0.0761351232935678,0.0078125,0.8823529411764706,2.0,6.0,A,0,r0_f0,17,0.2933514910550378,-0.0226691706943269,0.2514090147769795,-0.0646116469723852,0.2723802529160086,-0.0436404088333561,0.2828658719855232,-0.0331547897638415,0.3451153283689646,0.0290946666195998,0.2781839765242553,-0.0378366852251094,0.2800757848297743,-0.0359448769195904,matched,False,False,0.34134066104888916,0.2826576828956604
AOI-0037,2019-06-22,0.2814348097666949,s2,зерновые,2019,6,True,3.0,5.0,3,1,0-7,0-7,0.7903279116959784,0.1425139896691674,0.0609080986348542,0.00625,0.8333333333333334,3.0,5.0,A,0,r0_f0,17,0.2933514910550378,0.0119166812883429,0.2514090147769795,-0.0300257949897153,0.2723802529160086,-0.0090545568506862,0.2776230624507659,-0.0038117473159289,0.3451153283689646,0.0636805186022697,0.2711077100323336,-0.0103270997343613,0.2736778741216314,-0.0077569356450634,matched,False,False,0.2880306541919708,0.27511101961135864
AOI-0037,2019-06-26,0.3078369838420108,modis,зерновые,2019,6,True,7.0,1.0,3,2,0-7,0-7,0.2435519411306522,0.2616759931127783,0.4906053990899028,0.0041666666666666,0.9375,7.0,1.0,A,0,r0_f0,17,0.2933514910550378,-0.0144854927869729,0.2514090147769795,-0.0564279690650312,0.2723802529160086,-0.0354567309260021,0.2566518243117368,-0.0511851595302739,0.3451153283689646,0.0372783445269537,0.252373758078353,-0.0554632257636578,0.253956588240504,-0.0538803956015067,matched,False,False,0.3170599937438965,0.25340425968170166
AOI-0037,2019-10-19,0.3648272219280274,landsat,зерновые,2019,10,True,2.0,1.0,1,0,0-7,0-7,0.485119864147659,0.4500215225679498,0.0552432286690065,0.0096153846153846,0.9375,2.0,1.0,A,0,r0_f0,17,0.3477561686043366,-0.0170710533236908,0.3806052676962343,0.0157780457682069,0.3641807181502854,-0.0006465037777419,0.369655567998935,0.0048283460709076,0.2585614930612934,-0.106265728866734,0.3711049929444421,0.0062777710164146,0.3718335236075618,0.0070063016795343,matched,False,False,0.3700498938560486,0.369655579328537
AOI-0037,2020-04-14,0.3593135097083149,s2,зерновые,2020,4,True,1.0,7.0,2,0,0-7,0-7,0.6788311507756145,0.2043721559463781,0.1059271280606161,0.0108695652173913,0.9375,1.0,7.0,A,0,r0_f0,17,0.3556762547461792,-0.0036372549621356,0.3363914190124328,-0.022922090695882,0.346033836879306,-0.0132796728290088,0.3532656502794609,-0.0060478594288539,0.3214263485852348,-0.0378871611230801,0.3548476094607448,-0.00446590024757,0.3660839491974929,0.0067704394891779,matched,False,False,0.3502718210220337,0.34688034653663635
AOI-0037,2020-04-17,0.3093964348191925,s2,зерновые,2020,4,True,4.0,4.0,2,1,0-7,0-7,0.6437634014747637,0.2978382518862325,0.052963564030308,0.0054347826086956,0.7894736842105263,4.0,4.0,A,0,r0_f0,17,0.3556762547461792,0.0462798199269867,0.3363914190124328,0.0269949841932403,0.346033836879306,0.0366374020601135,0.346033836879306,0.0366374020601135,0.4255410151100299,0.1161445802908374,0.346033836879306,0.0366374020601135,0.3419437412442391,0.0325473064250466,matched,False,False,0.27488812804222107,0.3345252573490143
AOI-0037,2022-06-05,0.5903192589653857,landsat,зерновые,2022,6,True,2.0,1.0,1,0,0-7,0-7,0.449003147779436,0.4243394482909918,0.1199006471728154,0.0067567567567567,0.9375,2.0,1.0,A,0,r0_f0,17,0.6013538050811008,0.011034546115715,0.6027463686864126,0.0124271097210268,0.6020500868837567,0.0117308279183709,0.6022821808179754,0.0119629218525896,0.4271600780596599,-0.1631591809057258,0.602385333677628,0.0120660747122423,0.6093311205835173,0.0190118616181316,matched,False,False,0.6060884594917297,0.6013421416282654
AOI-0037,2023-07-22,0.342900076408449,landsat,зерновые,2023,7,True,1.0,1.0,1,0,0-7,0-7,0.3955503920914079,0.5166799901611118,0.0818172367950993,0.0059523809523809,0.9375,1.0,1.0,A,0,r0_f0,17,0.343660821759433,0.000760745350984,0.1406103610806604,-0.2022897153277885,0.2421355914200467,-0.1007644849884022,0.2421355914200467,-0.1007644849884022,0.2489787567892391,-0.0939213196192099,0.2390719655455551,-0.1038281108628938,0.2360141937758963,-0.1068858826325526,matched,False,False,0.3178535997867584,0.24158445000648499
AOI-0037,2024-09-22,0.2248707304267456,landsat,зерновые,2024,9,True,2.0,3.0,2,0,0-7,0-7,0.3822156505405798,0.5060775632353544,0.1041310286483081,0.0075757575757575,0.8823529411764706,2.0,3.0,A,0,r0_f0,17,0.1908476014882399,-0.0340231289385057,0.1731985374398372,-0.0516721929869083,0.1820230694640385,-0.042847660962707,0.1837879758688788,-0.0410827545578667,0.2308148859772868,0.0059441555505412,0.1814716906827507,-0.0433990397439948,0.1818527681583451,-0.0430179622684004,matched,False,False,0.2303026169538498,0.18758487701416016
AOI-0037,2024-09-23,0.209895079633174,landsat,зерновые,2024,9,True,3.0,2.0,2,1,0-7,0-7,0.646089041938261,0.2485874167647627,0.0981806841541191,0.0071428571428571,0.8823529411764706,3.0,2.0,A,0,r0_f0,17,0.1908476014882399,-0.0190474781449341,0.1731985374398372,-0.0366965421933367,0.1820230694640385,-0.0278720101691354,0.1802581630591982,-0.0296369165739757,0.2308148859772868,0.0209198063441128,0.1773020478112406,-0.0325930318219333,0.1779157916464555,-0.0319792879867184,matched,False,False,0.207753986120224,0.1773604303598404
AOI-0038,2017-04-04,0.2813676743106452,landsat,зерновые,2017,4,True,1.0,3.0,1,0,0-7,0-7,0.1375324456757439,0.7210820835140366,0.1282275760733774,0.0131578947368421,0.9375,1.0,3.0,A,0,r0_f0,17,0.3017025852769593,0.0203349109663141,0.4522056593253414,0.1708379850146962,0.3769541223011503,0.0955864479905051,0.3393283537890548,0.0579606794784096,0.3214263485852348,0.0400586742745895,0.3254267479330852,0.04405907362244,0.3240209639630213,0.0426532896523761,matched,False,False,0.3671640157699585,0.33505165576934814
AOI-0038,2017-09-17,0.3621182610551522,s2,зерновые,2017,9,True,2.0,2.0,1,0,0-7,0-7,0.3093890106327076,0.6295581724265158,0.0553709987589584,0.0056818181818181,0.8823529411764706,2.0,2.0,A,0,r0_f0,17,0.3327629989293577,-0.0293552621257945,0.4005265701014939,0.0384083090463416,0.3666447845154258,0.0045265234602736,0.3666447845154258,0.0045265234602736,0.2308148859772868,-0.1313033750778654,0.3666447845154257,0.0045265234602735,0.3714239338864336,0.0093056728312813,matched,False,False,0.34969303011894226,0.36479800939559937
AOI-0038,2019-06-09,0.2257137144922884,s2,зерновые,2019,6,True,4.0,1.0,1,0,0-7,0-7,0.6537705489279712,0.2566853195588898,0.0812107981798056,0.0083333333333333,0.9375,4.0,1.0,A,0,r0_f0,17,0.4594506579579503,0.2337369434656619,0.2394785614719821,0.0137648469796937,0.3494646097149662,0.1237508952226777,0.2834729807691757,0.0577592662768873,0.4271600780596599,0.2014463635673715,0.2814227107573421,0.0557089962650537,0.2755720763444946,0.0498583618522062,matched,False,False,0.23625105619430542,0.2837960422039032
AOI-0038,2019-07-02,0.1654900388011421,s2,зерновые,2019,7,True,2.0,2.0,1,0,0-7,0-7,0.7322623293567827,0.1740111917353339,0.0887264789078834,0.005,0.8823529411764706,2.0,2.0,A,0,r0_f0,17,0.2282816148106531,0.0627915760095109,0.1601398828738613,-0.0053501559272808,0.1942107488422572,0.028720710041115,0.1942107488422572,0.028720710041115,0.2630204565263085,0.0975304177251664,0.2016552034436253,0.0361651646424832,0.1955522683360656,0.0300622295349235,matched,False,False,0.17767585813999176,0.19192036986351013
AOI-0038,2020-07-16,0.1047961765037851,s2,зерновые,2020,7,True,3.0,2.0,1,0,0-7,0-7,0.795937314518242,0.1456643388427542,0.052963564030308,0.0054347826086956,0.8823529411764706,3.0,2.0,A,0,r0_f0,17,0.1059897523870272,0.001193575883242,0.1442076850632632,0.0394115085594781,0.1250987187251452,0.02030254222136,0.1289205119927688,0.0241243354889836,0.2489787567892391,0.144182580285454,0.1304299629354367,0.0256337864316516,0.1287639366821686,0.0239677601783835,matched,False,False,0.12941041588783264,0.1349906027317047
AOI-0038,2021-07-03,0.2007090486632438,s2,зерновые,2021,7,True,2.0,1.0,1,0,0-7,0-7,0.4598535418689177,0.5042672252503552,0.0305600839445568,0.0053191489361702,0.9375,2.0,1.0,A,0,r0_f0,17,0.2329695504621419,0.0322605017988981,0.2267515710505938,0.0260425223873499,0.2298605607563678,0.029151512093124,0.2288242308544431,0.0281151821911993,0.2630204565263085,0.0623114078630647,0.228698809007417,0.0279897603441732,0.2289634634140653,0.0282544147508215,matched,False,False,0.21331214904785156,0.228593111038208
AOI-0038,2021-07-18,0.2045685572939029,s2,зерновые,2021,7,True,2.0,2.0,1,0,0-7,0-7,0.454098393612291,0.5327030689762826,0.008390845103734,0.0048076923076923,0.8823529411764706,2.0,2.0,A,0,r0_f0,17,0.1936247795228905,-0.0109437777710123,0.2089981828581737,0.0044296255642708,0.2013114811905321,-0.0032570761033707,0.2013114811905321,-0.0032570761033707,0.2489787567892391,0.0444101994953362,0.2013114811905321,-0.0032570761033707,0.2032892760678903,-0.0012792812260125,matched,False,False,0.16001608967781067,0.1981343924999237
AOI-0038,2022-04-26,0.4336264745684784,landsat,зерновые,2022,4,True,3.0,1.0,1,0,0-7,0-7,0.3697352487630436,0.4884830610294883,0.1321663055920834,0.0096153846153846,0.9375,3.0,1.0,A,0,r0_f0,17,0.4220617786451073,-0.0115646959233711,0.4556830714883982,0.0220565969199197,0.4388724250667527,0.0052459504982743,0.4472777482775755,0.013651273709097,0.4255410151100299,-0.0080854594584485,0.4519567994406426,0.0183303248721641,0.4501447263328814,0.0165182517644029,matched,False,False,0.4518318474292755,0.4324699938297272
AOI-0038,2023-06-21,0.4017074900294346,s2,зерновые,2023,6,True,1.0,3.0,1,0,0-7,0-7,0.6656368551507525,0.2634722997455134,0.0660831527960417,0.0048076923076923,0.9375,1.0,3.0,A,0,r0_f0,17,0.4932961872857211,0.0915886972562864,0.3075532866325866,-0.094154203396848,0.4004247369591538,-0.0012827530702808,0.4468604621224374,0.0451529720930028,0.3451153283689646,-0.05659216166047,0.4555363905774185,0.0538289005479838,0.4553599480392482,0.0536524580098135,matched,False,False,0.42425408959388733,0.44305622577667236
AOI-0038,2024-04-07,0.2838230760441214,landsat,зерновые,2024,4,True,1.0,4.0,2,0,0-7,0-7,0.5218970167085405,0.4178771280988105,0.0512972837640775,0.0089285714285714,0.9375,1.0,4.0,A,0,r0_f0,17,0.2517591814598388,-0.0320638945842826,0.2952413426116813,0.0114182665675598,0.27350026203576,-0.0103228140083613,0.2604556136902073,-0.023367462353914,0.3214263485852348,0.0376032725411134,0.2545712479970245,-0.0292518280470968,0.2591308266995281,-0.0246922493445932,matched,False,False,0.2748193144798279,0.2584441304206848
AOI-0038,2024-04-08,0.2632871817155364,s2,зерновые,2024,4,True,2.0,3.0,2,1,0-7,0-7,0.7911007841828159,0.0809790279412712,0.1160154259711509,0.0119047619047619,0.8823529411764706,2.0,3.0,A,0,r0_f0,17,0.2517591814598388,-0.0115280002556976,0.2952413426116813,0.0319541608961448,0.27350026203576,0.0102130803202236,0.2691520459205757,0.0058648642050393,0.3214263485852348,0.0581391668696983,0.2619346675174698,-0.0013525141980665,0.2668549080247909,0.0035677263092545,matched,False,False,0.2802762985229492,0.26213109493255615
AOI-0040,2010-06-26,0.3183231088082902,modis,зерновые,2010,6,False,5.0,11.0,1,0,0-7,8-15,0.0120218915262575,0.1902070507209156,0.7928690969685132,0.0049019607843137,0.75,5.0,11.0,A,0,r0_f0,17,0.2136737231032438,-0.1046493857050463,0.1656051737459628,-0.1527179350623273,0.1896394484246033,-0.1286836603836868,0.1986523014290935,-0.1196708073791966,0.3451153283689646,0.0267922195606744,0.2025250117044603,-0.1157980971038298,0.2262052502913508,-0.0921178585169393,matched,True,False,0.24787312746047974,0.1836991012096405
AOI-0040,2010-07-31,0.1414646728986799,landsat,зерновые,2010,7,False,1.0,7.0,1,0,0-7,0-7,0.034062025991063,0.7055866437092608,0.2464624414107872,0.0138888888888888,0.9375,1.0,7.0,A,0,r0_f0,17,0.1621633274479381,0.0206986545492582,0.141222319142962,-0.0002423537557179,0.15169282329545,0.0102281503967701,0.159545701409816,0.0180810285111361,0.2450616466473928,0.1035969737487129,0.1570769127640641,0.0156122398653842,0.1585089673109113,0.0170442944122314,matched,True,False,0.19402699172496796,0.15795624256134033
AOI-0040,2010-08-24,0.1318244447937353,landsat,зерновые,2010,8,False,1.0,5.0,1,0,0-7,0-7,0.034062025991063,0.7055866437092608,0.2464624414107872,0.0138888888888888,0.9375,1.0,5.0,A,0,r0_f0,17,0.143839450648004,0.0120150058542686,0.2324060362694301,0.1005815914756947,0.188122743458717,0.0562982986649817,0.158600548251575,0.0267761034578397,0.2264504280945846,0.0946259833008492,0.151778615860643,0.0199541710669077,0.1533038451571384,0.0214794003634031,matched,True,False,0.17912077903747559,0.1597050428390503
AOI-0040,2013-07-06,0.2651892036785327,landsat,зерновые,2013,7,False,7.0,1.0,1,0,0-7,0-7,0.0255465194932972,0.7791899827819456,0.1848468310580904,0.0104166666666666,0.9375,7.0,1.0,A,0,r0_f0,17,0.2675675358587322,0.0023783321801995,0.2108459009851738,-0.0543433026933589,0.239206718421953,-0.0259824852565797,0.2179361053443686,-0.0472530983341641,0.2630204565263085,-0.0021687471522242,0.213283158733647,-0.0519060449448857,0.2141495987054781,-0.0510396049730545,matched,True,False,0.2762361764907837,0.21821781992912292
AOI-0040,2014-07-12,0.1840496113989637,modis,зерновые,2014,7,False,2.0,5.0,1,0,0-7,0-7,0.0120218915262575,0.2098148938581705,0.7732612538312583,0.0049019607843137,0.8823529411764706,2.0,5.0,A,0,r0_f0,17,0.1334828293263028,-0.0505667820726609,0.1266624299569745,-0.0573871814419892,0.1300726296416386,-0.053976981757325,0.131534143792209,-0.0525154676067546,0.2630204565263085,0.0789708451273448,0.1314665749316949,-0.0525830364672687,0.1315330937411847,-0.0525165176577789,matched,True,False,0.22764325141906738,0.12886685132980347
AOI-0040,2014-10-05,0.1234355082886164,landsat,зерновые,2014,10,False,5.0,1.0,1,0,0-7,0-7,0.0278689303563242,0.804570890307577,0.1561965429724623,0.0113636363636363,0.9375,5.0,1.0,A,0,r0_f0,17,0.1769747668393783,0.0535392585507619,0.1623214943052104,0.038885986016594,0.1696481305722943,0.0462126222836779,0.1647637063942383,0.0413281981056219,0.260829938178002,0.1373944298893856,0.1655091537425763,0.0420736454539599,0.1651171328982968,0.0416816246096804,matched,True,False,0.17614063620567322,0.16589105129241943
AOI-0040,2015-09-30,0.2792463342636879,landsat,зерновые,2015,9,False,7.0,1.0,1,0,0-7,0-7,0.0127732597466486,0.4104283247243061,0.571590082195712,0.0052083333333333,0.9375,7.0,1.0,A,0,r0_f0,17,0.3016488492925103,0.0224025150288224,0.2447220200932973,-0.0345243141703905,0.2731854346929038,-0.006060899570784,0.2518378737431989,-0.0274084605204889,0.260829938178002,-0.0184163960856858,0.2515324816555085,-0.0277138526081793,0.2512422690801932,-0.0280040651834946,matched,True,False,0.2856445014476776,0.2522658407688141
AOI-0040,2016-08-15,0.2254721366942338,landsat,зерновые,2016,8,False,3.0,1.0,1,0,0-7,0-7,0.0266572377321362,0.7695895472507258,0.1928836497997465,0.0108695652173913,0.9375,3.0,1.0,A,0,r0_f0,17,0.2298995077720207,0.0044273710777869,0.1821487340427466,-0.0433234026514872,0.2060241209073836,-0.0194480157868501,0.1940864274750651,-0.0313857092191686,0.2264504280945846,0.0009782914003508,0.190306182656138,-0.0351659540380957,0.1926020842691122,-0.0328700524251215,matched,True,False,0.21187743544578552,0.19097629189491272
AOI-0040,2017-07-01,0.3722228886236329,landsat,зерновые,2017,7,False,4.0,1.0,1,0,0-7,0-7,0.2645246587135654,0.5880223834706678,0.1374529578157668,0.01,0.9375,4.0,1.0,A,0,r0_f0,17,0.3293917450974398,-0.0428311435261931,0.3168168265312368,-0.0554060620923961,0.3231042858143382,-0.0491186028092946,0.3193318102444774,-0.0528910783791555,0.2630204565263085,-0.1092024320973243,0.3171990017871742,-0.0550238868364586,0.3174101911668567,-0.0548126974567761,matched,True,False,0.39693939685821533,0.32024627923965454
AOI-0040,2017-09-12,0.3075111346695077,s2,зерновые,2017,9,False,1.0,2.0,1,0,0-7,0-7,0.5218970167085405,0.3821628423845248,0.0870115694783632,0.0089285714285714,0.9375,1.0,2.0,A,0,r0_f0,17,0.2730430272513919,-0.0344681074181157,0.394388238341969,0.0868771036724613,0.3337156327966805,0.0262044981271727,0.3134914309482509,0.0059802962787432,0.2316166079381505,-0.0758945267313571,0.3045028967933934,-0.0030082378761143,0.3053820768116079,-0.0021290578578997,matched,True,False,0.3286825716495514,0.3134632706642151
AOI-0040,2018-05-03,0.1666508350122733,s2,зерновые,2018,5,False,1.0,2.0,1,0,0-7,0-7,0.6734906455570521,0.2365990143113828,0.0838127791559553,0.0060975609756097,0.9375,1.0,2.0,A,0,r0_f0,17,0.1752701127324441,0.0086192777201708,0.1568714271457219,-0.0097794078665514,0.1660707699390829,-0.0005800650731903,0.16913721753687,0.0024863825245967,0.5254636363636364,0.358812801351363,0.1655274877667459,-0.0011233472455273,0.1612916167899721,-0.0053592182223011,matched,True,False,0.19678524136543274,0.1678023487329483
AOI-0040,2019-06-04,0.3982848339569163,s2,зерновые,2019,6,False,2.0,1.0,1,0,0-7,0-7,0.4410840095477374,0.504093052791157,0.0497208968447789,0.0051020408163265,0.9375,2.0,1.0,A,0,r0_f0,17,0.5483369071516436,0.1500520731947273,0.4709341127300726,0.0726492787731563,0.509635509940858,0.1113506759839417,0.4967350442039295,0.0984502102470132,0.4271600780596599,0.0288752441027436,0.4978398670138676,0.0995550330569513,0.4984284002986852,0.1001435663417689,matched,True,False,0.45368364453315735,0.494428813457489
AOI-0040,2019-06-10,0.2951364248704664,modis,зерновые,2019,6,False,1.0,2.0,1,0,0-7,0-7,0.7149691224235923,0.1098452391273228,0.171087277793347,0.0040983606557377,0.9375,1.0,2.0,A,0,r0_f0,17,0.3167535578532149,0.0216171329827485,0.2396836488450083,-0.055452776025458,0.2782186033491116,-0.0169178215213547,0.2910635881838126,-0.0040728366866537,0.4271600780596599,0.1320236531891935,0.2897475128167924,-0.0053889120536739,0.2893033231452709,-0.0058331017251954,matched,True,False,0.3043094277381897,0.2897343933582306
AOI-0040,2019-06-30,0.2480429826532151,landsat,зерновые,2019,6,False,3.0,2.0,1,0,0-7,0-7,0.6580692548408696,0.2600124352614821,0.0763627543420926,0.0055555555555555,0.8823529411764706,3.0,2.0,A,0,r0_f0,17,0.2076310164620446,-0.0404119661911704,0.2131058959159572,-0.0349370867372579,0.2103684561890009,-0.0376745264642141,0.2109159441343921,-0.0371270385188229,0.2630204565263085,0.0149774738730934,0.2111787383481799,-0.0368642443050351,0.2150206180621025,-0.0330223645911126,matched,True,False,0.23837918043136597,0.21250037848949432
AOI-0040,2019-09-05,0.265630018728018,s2,зерновые,2019,9,False,3.0,4.0,1,0,0-7,0-7,0.8461065930799819,0.0979283247243061,0.0507567488623785,0.0052083333333333,0.8333333333333334,3.0,4.0,A,0,r0_f0,17,0.2728703496711139,0.0072403309430958,0.2818217570736577,0.0161917383456396,0.2773460533723858,0.0117160346443678,0.2767066671293469,0.0110766484013289,0.2316166079381505,-0.0340134107898675,0.2793279765773567,0.0136979578493386,0.2935766435760532,0.0279466248480351,matched,True,False,0.26437100768089294,0.2771611213684082
AOI-0040,2020-04-02,0.1704099378712948,s2,зерновые,2020,4,False,157.0,3.0,1,0,31+,0-7,0.6886771271590496,0.272106036901551,0.0334028824510272,0.005813953488372,0.8333333333333334,157.0,3.0,A,0,r0_f0,17,0.1863393577798227,0.0159294199085278,0.1768906482791936,0.0064807104078987,0.1816150030295081,0.0112050651582133,0.1770678115823304,0.0066578737110356,0.3214263485852348,0.1510164107139399,0.1768908538738708,0.006480916002576,0.1584944796378306,-0.0119154582334642,matched,True,False,0.19278155267238617,0.17662757635116577
AOI-0040,2020-04-13,0.179064523638639,landsat,зерновые,2020,4,False,1.0,1.0,1,0,0-7,0-7,0.5918746290364841,0.2913286776855085,0.1059271280606161,0.0108695652173913,0.9375,1.0,1.0,A,0,r0_f0,17,0.2367566044488321,0.057692080810193,0.1524465660112768,-0.0266179576273622,0.1946015852300544,0.0155370615914154,0.1946015852300544,0.0155370615914154,0.3214263485852348,0.1423618249465957,0.1955523236519968,0.0164878000133578,0.1951966781986271,0.0161321545599881,matched,True,False,0.2780320644378662,0.1931808888912201
AOI-0040,2020-04-21,0.1779774553457901,landsat,зерновые,2020,4,False,7.0,1.0,1,0,0-7,0-7,0.6006245937066255,0.2714552184174617,0.1160154259711509,0.0119047619047619,0.9375,7.0,1.0,A,0,r0_f0,17,0.1524465660112768,-0.0255308893345133,0.1395807095018058,-0.0383967458439843,0.1460136377565413,-0.0319638175892487,0.1411889415654896,-0.0367885137803004,0.4255410151100299,0.2475635597642398,0.1397175912140973,-0.0382598641316928,0.1368224066599155,-0.0411550486858745,matched,True,False,0.23818165063858032,0.13755251467227936
AOI-0040,2020-05-14,0.1833300308128065,landsat,зерновые,2020,5,False,2.0,1.0,1,0,0-7,0-7,0.6290398738513977,0.2750199852416677,0.0870115694783632,0.0089285714285714,0.9375,2.0,1.0,A,0,r0_f0,17,0.1595946260720503,-0.0237354047407561,0.2266692291517613,0.0433391983389548,0.1931319276119057,0.0098018967990992,0.2043110281251909,0.0209809973123844,0.5254636363636364,0.3421336055508298,0.2092795172422066,0.0259494864294,0.2157343289214816,0.0324042981086751,matched,True,False,0.1456330269575119,0.20390118658542633
AOI-0040,2020-06-03,0.1397122739080417,s2,зерновые,2020,6,False,4.0,3.0,1,0,0-7,0-7,0.6537705489279712,0.2233519862255565,0.114544131513139,0.0083333333333333,0.8333333333333334,4.0,3.0,A,0,r0_f0,17,0.1767209461122937,0.037008672204252,0.1491675865105647,0.0094553126025229,0.1629442663114292,0.0232319924033874,0.1609761691970199,0.0212638952889782,0.4271600780596599,0.2874478041516182,0.1566139779342441,0.0169017040262024,0.1597776889089195,0.0200654150008778,matched,True,False,0.17350046336650848,0.17366617918014526
AOI-0040,2020-07-31,-0.0343350844737077,s2,зерновые,2020,7,False,4.0,2.0,1,0,0-7,0-7,0.6166084666858874,0.3393534358486343,0.0399397368097404,0.0040983606557377,0.8823529411764706,4.0,2.0,A,0,r0_f0,17,0.1749846113989637,0.2093196958726714,0.1054738869232955,0.1398089713970032,0.1402292491611296,0.1745643336348373,0.1286441284151849,0.1629792128888926,0.2450616466473928,0.2793967311211005,0.1234951858614317,0.1578302703351394,0.1163546346547195,0.1506897191284272,matched,True,False,0.1151365116238594,0.13073216378688812
AOI-0040,2021-04-23,0.3249459541683697,landsat,зерновые,2021,4,False,1.0,6.0,1,0,0-7,0-7,0.1757778870987578,0.1775624405462591,0.6415576315386565,0.0051020408163265,0.9375,1.0,6.0,A,0,r0_f0,17,0.1254300120151679,-0.1995159421532018,0.1907165407867159,-0.1342294133816537,0.1580732764009419,-0.1668726777674277,0.1347566589825319,-0.1901892951858377,0.4255410151100299,0.1005950609416602,0.1268398200853115,-0.1981061340830581,0.1240182735713906,-0.200927680596979,matched,True,False,0.35255032777786255,0.1302548497915268
AOI-0040,2021-05-22,0.5576790143833463,s2,зерновые,2021,5,False,5.0,3.0,1,0,0-7,0-7,0.7338798528266306,0.1541899827819456,0.1015134977247571,0.0104166666666666,0.8333333333333334,5.0,3.0,A,0,r0_f0,17,0.5629049641295495,0.0052259497462031,0.6833246632124356,0.1256456488290892,0.6231148136709925,0.0654357992876462,0.6381672760563533,0.0804882616730069,0.5309082973870619,-0.0267707169962844,0.6602902859921705,0.1026112716088242,0.6505605553888172,0.0928815410054708,matched,True,False,0.5286803245544434,0.6341224908828735
AOI-0040,2021-05-29,0.6439473163887602,s2,зерновые,2021,5,False,4.0,8.0,1,0,0-7,8-15,0.7543506333784282,0.1423292148756421,0.093704767130545,0.0096153846153846,0.7894736842105263,4.0,8.0,A,0,r0_f0,17,0.6833246632124356,0.0393773468236753,0.4222841998635515,-0.2216631165252087,0.5528044315379935,-0.0911428848507667,0.5963111754294742,-0.047636140959286,0.5309082973870619,-0.1130390190016983,0.6156475060479101,-0.0282998103408501,0.6006236263208338,-0.0433236900679264,matched,True,False,0.598561704158783,0.5912155508995056
AOI-0040,2021-06-27,0.289259730002193,landsat,зерновые,2021,6,False,1.0,1.0,1,0,0-7,0-7,0.6537705489279712,0.3233519862255565,0.014544131513139,0.0083333333333333,0.9375,1.0,1.0,A,0,r0_f0,17,0.3771278548124707,0.0878681248102776,0.3394711433899027,0.0502114133877096,0.3582994991011867,0.0690397690989936,0.3582994991011867,0.0690397690989936,0.3451153283689646,0.0558555983667715,0.3541667184978881,0.0649069884956951,0.3574630819084042,0.0682033519062112,matched,True,False,0.39009878039360046,0.3596360683441162
AOI-0040,2021-07-03,0.3313053407652863,s2,зерновые,2021,7,False,2.0,1.0,1,0,0-7,0-7,0.4915894884312855,0.4934904257992759,0.0094853031607428,0.0054347826086956,0.9375,2.0,1.0,A,0,r0_f0,17,0.3661343817669341,0.0348290410016478,0.3393690424802402,0.0080637017149539,0.3527517121235871,0.0214463713583008,0.3482908222424715,0.0169854814771852,0.2630204565263085,-0.0682848842389777,0.3463082045175312,0.0150028637522449,0.3470846008354189,0.0157792600701326,matched,True,False,0.31511959433555603,0.3481995165348053
AOI-0040,2021-07-20,0.2287154488616859,landsat,зерновые,2021,7,False,2.0,1.0,1,0,0-7,0-7,0.5337308020557313,0.4151684723262635,0.0435249680422475,0.0075757575757575,0.9375,2.0,1.0,A,0,r0_f0,17,0.2259281947730521,-0.0027872540886338,0.2066969952716367,-0.0220184535900491,0.2163125950223444,-0.0124028538393415,0.2131073951054418,-0.015608053756244,0.2489787567892391,0.0202633079275531,0.2143014822962675,-0.0144139665654183,0.2129916271228961,-0.0157238217387897,matched,True,False,0.2420983463525772,0.2148119956254959
AOI-0040,2021-08-06,0.2502914612964335,landsat,зерновые,2021,8,False,4.0,1.0,1,0,0-7,0-7,0.6649392408980366,0.280663212476345,0.0463330304965861,0.0080645161290322,0.9375,4.0,1.0,A,0,r0_f0,17,0.1904402806284669,-0.0598511806679665,0.204236716002906,-0.0460547452935274,0.1973384983156864,-0.052952962980747,0.2014774289280181,-0.0488140323684153,0.2450616466473928,-0.0052298146490406,0.2028018867239643,-0.0474895745724691,0.2008564061540249,-0.0494350551424085,matched,True,False,0.2563180923461914,0.20148123800754547
AOI-0040,2021-08-17,0.1334991412736072,s2,зерновые,2021,8,False,4.0,5.0,1,0,0-7,0-7,0.7871038822613045,0.1566853195588898,0.0478774648464723,0.0083333333333333,0.7894736842105263,4.0,5.0,A,0,r0_f0,17,0.3000767875647669,0.1665776462911597,0.1769451807428622,0.0434460394692549,0.2385109841538145,0.1050118428802073,0.2453516289772537,0.1118524877036465,0.2264504280945846,0.0929512868209773,0.2487297251863594,0.1152305839127522,0.2530936503032227,0.1195945090296155,matched,True,False,0.21767406165599823,0.24998728930950165
AOI-0040,2022-05-04,0.1820297502719331,s2,зерновые,2022,5,False,7.0,5.0,1,0,0-7,0-7,0.5576113024228262,0.3107342709559534,0.1227258551926489,0.0089285714285714,0.75,7.0,5.0,A,0,r0_f0,17,0.1403361776268726,-0.0416935726450605,0.3314566580310882,0.1494269077591551,0.2358964178289804,0.0538666675570473,0.2518231245293317,0.0697933742573986,0.5254636363636364,0.3434338860917032,0.2595652736197802,0.0775355233478471,0.2647712231913691,0.082741472919436,matched,True,False,0.23072974383831024,0.2510753571987152
AOI-0040,2022-05-24,0.1497630974081073,s2,зерновые,2022,5,False,7.0,1.0,1,0,0-7,0-7,0.5620429410707359,0.296175368721796,0.1321663055920834,0.0096153846153846,0.9375,7.0,1.0,A,0,r0_f0,17,0.1927163241742186,0.0429532267661113,0.2915947668393782,0.1418316694312708,0.2421555455067984,0.0923924480986911,0.2792349615062332,0.1294718640981259,0.5309082973870619,0.3811451999789546,0.2888596431617058,0.1390965457535985,0.2832583975429925,0.1334953001348852,matched,True,False,0.13071982562541962,0.27523648738861084
AOI-0040,2022-06-06,0.1248277772035285,s2,зерновые,2022,6,False,1.0,4.0,2,0,0-7,0-7,0.7179042444674341,0.1902070507209156,0.0869867440273366,0.0049019607843137,0.9375,1.0,4.0,A,0,r0_f0,17,0.2045708289965362,0.0797430517930077,0.2295182124352331,0.1046904352317046,0.2170445207158846,0.0922167435123561,0.2095603056842755,0.084732528480747,0.4271600780596599,0.3023323008561314,0.2133287130146121,0.0885009358110836,0.2263156084577197,0.1014878312541912,matched,True,False,0.14030241966247559,0.21153278648853302
AOI-0040,2022-06-08,0.1355466387356622,s2,зерновые,2022,6,False,3.0,2.0,2,1,0-7,0-7,0.4002676830171252,0.504093052791157,0.0905372233753912,0.0051020408163265,0.8823529411764706,3.0,2.0,A,0,r0_f0,17,0.2045708289965362,0.069024190260874,0.2295182124352331,0.0939715736995709,0.2170445207158846,0.0814978819802224,0.2195392590597543,0.0839926203240921,0.4271600780596599,0.2916134393239977,0.2253592505701503,0.0898126118344881,0.2456093978441247,0.1100627591084625,matched,True,False,0.17426282167434692,0.20972849428653717
AOI-0040,2022-07-15,0.1765233779239881,landsat,зерновые,2022,7,False,3.0,6.0,1,0,0-7,0-7,0.4297975431717392,0.4617811643166675,0.1010683513351226,0.0073529411764705,0.8333333333333334,3.0,6.0,A,0,r0_f0,17,0.2199084715025907,0.0433850935786026,0.125965053304406,-0.050558324619582,0.1729367624034983,-0.0035866155204897,0.1885939987698625,0.0120706208458744,0.2489787567892391,0.072455378865251,0.1963060732035661,0.019782695279578,0.1899297933616125,0.0134064154376244,matched,True,False,0.17390309274196625,0.18490220606327057
AOI-0040,2022-07-24,0.1591919147305172,landsat,зерновые,2022,7,False,3.0,2.0,1,0,0-7,0-7,0.6965391938488729,0.2351955479030869,0.0636356286184105,0.0046296296296296,0.8823529411764706,3.0,2.0,A,0,r0_f0,17,0.125965053304406,-0.0332268614261112,0.1227118163333953,-0.0364800983971218,0.1243384348189006,-0.0348534799116165,0.1240131111217995,-0.0351788036087176,0.2489787567892391,0.0897868420587219,0.1242769858179458,-0.0349149289125713,0.1251850145411774,-0.0340069001893398,matched,True,False,0.16328735649585724,0.12752395868301392
AOI-0040,2022-08-09,0.1673935791703465,landsat,зерновые,2022,8,False,1.0,1.0,1,0,0-7,0-7,0.5235814026091975,0.3346369071833344,0.1321663055920834,0.0096153846153846,0.9375,1.0,1.0,A,0,r0_f0,17,0.1736825753249376,0.0062889961545911,0.1494602656006894,-0.0179333135696571,0.1615714204628135,-0.0058221587075329,0.1615714204628135,-0.0058221587075329,0.2450616466473928,0.0776680674770463,0.1615714204628135,-0.0058221587075329,0.1631190562772977,-0.0042745228930487,matched,True,False,0.19917497038841248,0.1657693088054657
AOI-0040,2022-08-25,0.1194974145165264,s2,зерновые,2022,8,False,1.0,2.0,1,0,0-7,0-7,0.6538056512114131,0.2803671354779767,0.0613629275963244,0.0044642857142857,0.9375,1.0,2.0,A,0,r0_f0,17,0.1453978834937171,0.0259004689771907,0.1300660715044503,0.0105686569879238,0.1377319774990837,0.0182345629825572,0.1402872794972948,0.0207898649807684,0.2264504280945846,0.1069530135780582,0.1414229692742775,0.0219255547577511,0.1459079485259454,0.026410534009419,matched,True,False,0.15968213975429535,0.1427377462387085
AOI-0040,2022-09-06,0.1336426461745704,s2,зерновые,2022,9,False,4.0,2.0,1,0,0-7,0-7,0.4371872754694509,0.4394884101780709,0.1167453669840571,0.006578947368421,0.8823529411764706,4.0,2.0,A,0,r0_f0,17,0.1818508016795962,0.0482081555050258,0.1358517126915206,0.0022090665169502,0.1588512571855584,0.025208611010988,0.1511847423542124,0.017542096179642,0.2316166079381505,0.0979739617635801,0.1605526243733054,0.026909978198735,0.1691109812959189,0.0354683351213485,matched,True,False,0.12926511466503143,0.1507808119058609
AOI-0040,2023-04-23,0.8048660362694302,modis,зерновые,2023,4,False,6.0,4.0,1,0,0-7,0-7,0.1688846366242967,0.0725599918973861,0.7536534106940034,0.0049019607843137,0.7894736842105263,6.0,4.0,A,0,r0_f0,17,0.788827056861385,-0.0160389794080452,0.8750452207694649,0.0701791845000346,0.8319361388154249,0.0270701025459947,0.840557955206233,0.0356919189368027,0.4255410151100299,-0.3793250211594003,0.8446964270738208,0.0398303908043905,0.8564137655021901,0.0515477292327598,matched,True,False,0.8104268312454224,0.804010808467865
AOI-0040,2023-05-15,0.8483454096809042,landsat,зерновые,2023,5,False,3.0,1.0,1,0,0-7,0-7,0.7040983936122911,0.2250107612839749,0.0660831527960417,0.0048076923076923,0.9375,3.0,1.0,A,0,r0_f0,17,0.8557554621308006,0.0074100524498963,0.8432762466273445,-0.0050691630535597,0.8495158543790725,0.0011704446981682,0.8463960505032084,-0.0019493591776957,0.5254636363636364,-0.3228817733172678,0.847561973147406,-0.0007834365334982,0.847986409797251,-0.0003589998836531,matched,True,False,0.790925145149231,0.8472467064857483
AOI-0040,2023-05-17,0.8399693527942458,s2,зерновые,2023,5,False,1.0,2.0,1,0,0-7,0-7,0.7849517043035675,0.1205271688914537,0.0881108703947223,0.0064102564102564,0.9375,1.0,2.0,A,0,r0_f0,17,0.8432762466273445,0.0033068938330986,0.8254549573068247,-0.014514395487421,0.8343656019670846,-0.0056037508271611,0.8373358168538378,-0.0026335359404079,0.5309082973870619,-0.3090610554071838,0.8385497311058016,-0.0014196216884442,0.8378872266252403,-0.0020821261690054,matched,True,False,0.8518166542053223,0.8405675888061523
AOI-0040,2023-07-12,0.2302836010362694,modis,зерновые,2023,7,False,6.0,1.0,1,0,0-7,0-7,0.2697553111281034,0.1695733273444448,0.5570481731216547,0.0036231884057971,0.9375,6.0,1.0,A,0,r0_f0,17,0.1877445048507684,-0.042539096185501,0.1540061828501791,-0.0762774181860903,0.1708753438504737,-0.0594082571857956,0.1588259431359776,-0.0714576579002918,0.2630204565263085,0.0327368554900391,0.1571004476795096,-0.0731831533567597,0.156653464679855,-0.0736301363564144,matched,True,False,0.2123592495918274,0.15724609792232513
AOI-0040,2023-10-09,0.1648634942154728,s2,зерновые,2023,10,False,2.0,2.0,1,0,0-7,0-7,0.7639344651781621,0.1522854451537885,0.0780982714862311,0.0056818181818181,0.8823529411764706,2.0,2.0,A,0,r0_f0,17,0.1823924686456665,0.0175289744301936,0.1477376870065979,-0.0171258072088749,0.1650650778261322,0.0002015836106593,0.1650650778261322,0.0002015836106593,0.260829938178002,0.0959664439625292,0.1672325954091636,0.0023691011936907,0.1662464688837843,0.0013829746683115,matched,True,False,0.20987984538078308,0.16494953632354736
AOI-0040,2023-10-22,0.174487122838646,landsat,зерновые,2023,10,False,3.0,7.0,1,0,0-7,0-7,0.572586568551087,0.3527933218546304,0.067675665149838,0.0069444444444444,0.8333333333333334,3.0,7.0,A,0,r0_f0,17,0.1447909460963987,-0.0296961767422473,0.1515812953323145,-0.0229058275063315,0.1481861207143566,-0.0263010021242894,0.1468280508671734,-0.0276590719714725,0.2585614930612934,0.0840743702226473,0.1451243947105681,-0.0293627281280778,0.1267918201595936,-0.0476953026790523,matched,True,False,0.15597929060459137,0.1470162272453308
AOI-0040,2024-04-13,0.1754208859041859,s2,зерновые,2024,4,False,2.0,3.0,1,0,0-7,0-7,0.4561189876241659,0.4814083624829464,0.0566586964045155,0.005813953488372,0.8823529411764706,2.0,3.0,A,0,r0_f0,17,0.1564494673470477,-0.0189714185571381,0.1861269416134248,0.0107060557092389,0.1712882044802362,-0.0041326814239496,0.1683204570535985,-0.0071004288505873,0.3214263485852348,0.1460054626810489,0.1668959382888124,-0.0085249476153734,0.1705615690984313,-0.0048593168057545,matched,True,False,0.16348542273044586,0.16140255331993103
AOI-0040,2024-05-17,0.2273308705903619,landsat,зерновые,2024,5,False,4.0,1.0,1,0,0-7,0-7,0.4886210725835039,0.3735458701990204,0.130480116041005,0.0073529411764705,0.9375,4.0,1.0,A,0,r0_f0,17,0.1553805243450415,-0.0719503462453204,0.2187207392642313,-0.0086101313261305,0.1870506318046363,-0.0402802387857255,0.2060526962803933,-0.0212781743099685,0.5309082973870619,0.3035774267967,0.2121333569126355,-0.0151975136777263,0.2139789530293036,-0.0133519175610583,matched,True,False,0.2830778658390045,0.2078133523464203
AOI-0040,2024-07-21,0.1585613439416048,landsat,зерновые,2024,7,False,1.0,1.0,1,0,0-7,0-7,0.6111653099415982,0.2892043131558566,0.0928736201457883,0.0067567567567567,0.9375,1.0,1.0,A,0,r0_f0,17,0.1072233287273401,-0.0513380152142646,0.1195785091683949,-0.0389828347732098,0.1134009189478675,-0.0451604249937372,0.1134009189478675,-0.0451604249937372,0.2489787567892391,0.0904174128476343,0.1131699276377488,-0.0453914163038559,0.1136277735276261,-0.0449335704139786,matched,True,False,0.18878886103630066,0.11363226175308228
AOI-0040,2024-08-11,0.1222420825807989,s2,зерновые,2024,8,False,2.0,1.0,1,0,0-7,0-7,0.4522623293567827,0.4940111917353338,0.0487264789078834,0.005,0.9375,2.0,1.0,A,0,r0_f0,17,0.1246127165662396,0.0023706339854406,0.1849692227979274,0.0627271402171285,0.1547909696820835,0.0325488871012846,0.1648503873873648,0.0426083048065659,0.2450616466473928,0.1228195640665939,0.1693212397008231,0.0470791571200242,0.1753436968097311,0.0531016142289322,matched,True,False,0.1396847814321518,0.16542206704616547
AOI-0040,2024-08-14,0.1246319743921611,s2,зерновые,2024,8,False,1.0,2.0,1,0,0-7,0-7,0.7627732597466487,0.1812616580576395,0.0507567488623785,0.0052083333333333,0.9375,1.0,2.0,A,0,r0_f0,17,0.1645104234372315,0.0398784490450703,0.1269596647776118,0.0023276903854507,0.1457350441074216,0.0211030697152605,0.1519935038840249,0.0273615294918638,0.2264504280945846,0.1018184537024235,0.1475834844630291,0.022951510070868,0.1485431320527894,0.0239111576606283,matched,True,False,0.15431693196296692,0.15137985348701477
AOI-0040,2024-10-30,0.0980750593564522,s2,зерновые,2024,10,False,5.0,,1,0,0-7,none,0.3101005312206172,0.6355019221537643,0.0463330304965861,0.0080645161290322,0.375,5.0,,A,0,r0_f0,17,0.1802798546134493,0.0822047952569971,0.1802798546134493,0.0822047952569971,0.1802798546134493,0.0822047952569971,0.1802798546134493,0.0822047952569971,0.2341714305397594,0.1360963711833072,0.1802798546134493,0.0822047952569971,0.1802798546134493,0.0822047952569971,matched,True,False,0.11616216599941254,0.12299966812133789
AOI-0041,2011-06-16,0.3561664426335118,landsat,зерновые,2011,6,False,6.0,10.0,1,0,0-7,8-15,0.0360656745787726,0.6882682109862762,0.26096023208201,0.0147058823529411,0.7142857142857143,6.0,10.0,A,0,r0_f0,17,0.4193948402948403,0.0632283976613284,0.3605681818181818,0.0044017391846699,0.389981511056511,0.0338150684229991,0.3973348433660933,0.0411684007325815,0.3451153283689646,-0.0110511142645472,0.3890531995690198,0.0328867569355079,0.3954678035735813,0.0393013609400695,matched,True,False,0.3891153037548065,0.3964656591415405
AOI-0041,2011-09-27,0.3838346469599977,landsat,зерновые,2011,9,False,7.0,1.0,1,0,0-7,0-7,0.029196022278054,0.747645694607938,0.2112535212092462,0.0119047619047619,0.9375,7.0,1.0,A,0,r0_f0,17,0.343314911167691,-0.0405197357923067,0.3401579544497941,-0.0436766925102036,0.3417364328087425,-0.0420982141512551,0.3405525740395312,-0.0432820729204664,0.2308148859772868,-0.1530197609827109,0.3401805478744619,-0.0436540990855358,0.3267996953162057,-0.0570349516437919,matched,True,False,0.3466472029685974,0.3386788070201874
AOI-0041,2012-04-06,0.4643076167076168,modis,зерновые,2012,4,False,173.0,9.0,1,0,31+,8-15,0.014598011139027,0.0881085615896832,0.8913410463189089,0.0059523809523809,0.625,173.0,9.0,A,0,r0_f0,17,0.4581684275184275,-0.0061391891891892,0.428375314028537,-0.0359323026790797,0.4432718707734823,-0.0210357459341344,0.4298485998604546,-0.0344590168471621,0.3214263485852348,-0.142881268122382,0.4285866729910196,-0.0357209437165971,0.4292699397561172,-0.0350376769514995,matched,True,False,0.4509524405002594,0.3896390497684479
AOI-0041,2013-04-18,0.3575822924828652,landsat,зерновые,2013,4,False,11.0,5.0,1,0,8-15,0-7,0.0360656745787726,0.7470917403980409,0.2021367026702453,0.0147058823529411,0.75,11.0,5.0,A,0,r0_f0,17,0.4206899262899263,0.063107633807061,0.5369814496314497,0.1793991571485844,0.478835687960688,0.1212533954778227,0.5006403485872236,0.1430580561043584,0.4255410151100299,0.0679587226271646,0.5263527137357696,0.1687704212529044,0.5636593376285023,0.206077045145637,matched,True,False,0.3649415075778961,0.49977073073387146
AOI-0041,2015-05-02,0.4935055291120525,landsat,зерновые,2015,5,False,8.0,7.0,1,0,8-15,0-7,0.043794033417081,0.7643256847690497,0.1740231389567264,0.0178571428571428,0.6818181818181818,8.0,7.0,A,0,r0_f0,17,0.3763569569945857,-0.1171485721174667,0.5598583538083539,0.0663528246963014,0.4681076554014698,-0.0253978737105826,0.4742243686285954,-0.019281160483457,0.5254636363636364,0.0319581072515838,0.477269132546098,-0.0162363965659544,0.4676768719588973,-0.0258286571531551,matched,True,False,0.41070592403411865,0.5098624229431152
AOI-0041,2015-07-04,0.3592296673937366,landsat,зерновые,2015,7,False,7.0,1.0,1,0,0-7,0-7,0.029196022278054,0.9381218850841284,0.0207773307330557,0.0119047619047619,0.9375,7.0,1.0,A,0,r0_f0,17,0.2402855007234909,-0.1189441666702456,0.398614729957546,0.0393850625638094,0.3194501153405184,-0.0397795520532181,0.378823576303289,0.0195939089095524,0.2630204565263085,-0.096209210867428,0.3918115208888951,0.0325818534951585,0.389457393377827,0.0302277259840904,matched,True,False,0.32076847553253174,0.3793392479419708
AOI-0041,2015-10-16,0.3568325742154788,landsat,зерновые,2015,10,False,7.0,1.0,1,0,0-7,0-7,0.0130450312306198,0.3766076507822701,0.6050281690509398,0.0053191489361702,0.9375,7.0,1.0,A,0,r0_f0,17,0.3727475153490746,0.0159149411335957,0.265306685148602,-0.0915258890668768,0.3190271002488383,-0.0378054739666405,0.278736788923661,-0.0780957852918177,0.2585614930612934,-0.0982710811541854,0.2699232833212786,-0.0869092908942002,0.273132150072694,-0.0837004241427848,matched,True,False,0.2900139093399048,0.27406609058380127
AOI-0041,2016-07-14,0.4039098621962724,landsat,зерновые,2016,7,False,3.0,1.0,1,0,0-7,0-7,0.0255465194932972,0.7791899827819456,0.1848468310580904,0.0104166666666666,0.9375,3.0,1.0,A,0,r0_f0,17,0.3691939803439804,-0.034715881852292,0.3408808013817938,-0.0630290608144786,0.3550373908628871,-0.0488724713333852,0.3479590961223404,-0.0559507660739319,0.2489787567892391,-0.1549311054070333,0.3449633036831437,-0.0589465585131286,0.3464649428497967,-0.0574449193464757,matched,True,False,0.322146475315094,0.3440408706665039
AOI-0041,2017-05-25,0.5726113022113023,modis,зерновые,2017,5,False,2.0,13.0,2,0,0-7,8-15,0.0483910457007247,0.1981585108660499,0.7488208138035958,0.0046296296296296,0.8823529411764706,2.0,13.0,A,0,r0_f0,17,0.6089184733468306,0.0363071711355282,0.4869415505875358,-0.0856697516237665,0.5479300119671832,-0.0246812902441191,0.5926548836455913,0.0200435814342889,0.5309082973870619,-0.0417030048242403,0.6029912984334901,0.0303799962221877,0.625552169318571,0.0529408671072687,matched,True,False,0.5463820695877075,0.6056877970695496
AOI-0041,2017-05-30,0.6235171415142905,landsat,зерновые,2017,5,False,7.0,8.0,2,1,0-7,8-15,0.1045246587135653,0.7480223834706677,0.1374529578157668,0.01,0.6818181818181818,7.0,8.0,A,0,r0_f0,17,0.6089184733468306,-0.0145986681674599,0.4869415505875358,-0.1365755909267547,0.5479300119671832,-0.0755871295471073,0.551995909392493,-0.0715212321217975,0.5309082973870619,-0.0926088441272285,0.5540198227775361,-0.0694973187367543,0.5717575334544676,-0.0517596080598229,matched,True,False,0.5130025744438171,0.5642627477645874
AOI-0041,2017-07-24,0.3803601908747749,s2,зерновые,2017,7,False,2.0,1.0,1,0,0-7,0-7,0.3076369870204667,0.6268429167504072,0.0594225352535163,0.0060975609756097,0.9375,2.0,1.0,A,0,r0_f0,17,0.3854265367202635,0.0050663458454885,0.3240149535761704,-0.0563452372986045,0.3547207451482169,-0.0256394457265579,0.344485481290868,-0.0358747095839068,0.2489787567892391,-0.1313814340855358,0.3376239176293107,-0.0427362732454641,0.3425252359739635,-0.0378349549008114,matched,True,False,0.4030357301235199,0.3485601246356964
AOI-0041,2017-08-06,0.2926428635327589,s2,зерновые,2017,8,False,3.0,4.0,1,0,0-7,0-7,0.6812646778056937,0.2547752282563499,0.0580077129855754,0.0059523809523809,0.8333333333333334,3.0,4.0,A,0,r0_f0,17,0.2903016872982131,-0.0023411762345458,0.2744456310024519,-0.018197232530307,0.2823736591503325,-0.0102692043824264,0.2835062346000297,-0.0091366289327292,0.2450616466473928,-0.0475812168853661,0.2783883766452051,-0.0142544868875538,0.2523592987181797,-0.0402835648145791,matched,True,False,0.2719856798648834,0.28726792335510254
AOI-0041,2017-08-19,0.2160820207022625,landsat,зерновые,2017,8,False,1.0,7.0,1,0,0-7,0-7,0.4125186808436101,0.4757745329323241,0.1041310286483081,0.0075757575757575,0.9375,1.0,7.0,A,0,r0_f0,17,0.2306418060018649,0.0145597852996023,0.271216871110521,0.0551348504082584,0.2509293385561929,0.0348473178539304,0.2357136891404469,0.0196316684381843,0.2264504280945846,0.010368407392322,0.2311172855647695,0.0150352648625069,0.2241441724528525,0.0080621517505899,matched,True,False,0.29319968819618225,0.23543208837509155
AOI-0041,2017-09-20,0.4528980338000585,s2,зерновые,2017,9,False,1.0,2.0,1,0,0-7,0-7,0.7710516211668081,0.1634282826040657,0.0594225352535163,0.0060975609756097,0.9375,1.0,2.0,A,0,r0_f0,17,0.4944661760829851,0.0415681422829266,0.4488489838089116,-0.0040490499911469,0.4716575799459483,0.0187595461458898,0.4792604453249606,0.0263624115249021,0.2308148859772868,-0.2220831478227717,0.4832003507910607,0.0303023169910022,0.4855879918034897,0.0326899580034312,matched,True,False,0.43185463547706604,0.47835758328437805
AOI-0041,2018-05-03,0.5330295901809329,s2,зерновые,2018,5,False,1.0,2.0,1,0,0-7,0-7,0.6734906455570521,0.2365990143113828,0.0838127791559553,0.0060975609756097,0.9375,1.0,2.0,A,0,r0_f0,17,0.5209053704013047,-0.0121242197796281,0.5238909286987546,-0.0091386614821782,0.5223981495500296,-0.0106314406309032,0.5219005565004546,-0.0111290336804782,0.5254636363636364,-0.0075659538172965,0.5216091932883703,-0.0114203968925625,0.5217807259953251,-0.0112488641856077,matched,True,False,0.5375832319259644,0.5205656886100769
AOI-0041,2018-06-10,0.2347540756135421,landsat,зерновые,2018,6,False,7.0,1.0,1,0,0-7,0-7,0.1716627940685559,0.2982242783351195,0.5256486418820387,0.0044642857142857,0.9375,7.0,1.0,A,0,r0_f0,17,0.3456876143923135,0.1109335387787713,0.2882031363824239,0.0534490607688817,0.3169453753873686,0.0821912997738265,0.2953886961336601,0.0606346205201179,0.4271600780596599,0.1924060024461177,0.2887429875736434,0.0539889119601013,0.2455639429588386,0.0108098673452965,matched,True,False,0.3771025836467743,0.2905574440956116
AOI-0041,2018-06-27,0.3418248289238467,landsat,зерновые,2018,6,False,1.0,2.0,1,0,0-7,0-7,0.374483324688658,0.5956765037724651,0.0189706063214856,0.0108695652173913,0.9375,1.0,2.0,A,0,r0_f0,17,0.2934624606869058,-0.0483623682369409,0.2825453729115853,-0.0592794560122613,0.2880039167992455,-0.0538209121246011,0.2898234314284656,-0.052001397495381,0.3451153283689646,0.0032904994451178,0.289587072465266,-0.0522377564585806,0.2898387007507246,-0.051986128173122,matched,True,False,0.29624655842781067,0.290418803691864
AOI-0041,2018-10-16,0.3981938574938575,modis,зерновые,2018,10,False,4.0,1.0,1,0,0-7,0-7,0.0555982227199815,0.2915012678035467,0.6475813605403016,0.0053191489361702,0.9375,4.0,1.0,A,0,r0_f0,17,0.4548305690397522,0.0566367115458947,0.4149301358417855,0.016736278347928,0.4348803524407688,0.0366864949469113,0.4229102224813788,0.0247163649875213,0.2585614930612934,-0.1396323644325641,0.421553649545258,0.0233597920514004,0.4230096222096963,0.0248157647158388,matched,True,False,0.4324781000614166,0.4169323444366455
AOI-0041,2019-04-25,0.4804107750370878,s2,зерновые,2019,4,False,2.0,1.0,1,0,0-7,0-7,0.354843556087253,0.5841036269719703,0.0553709987589584,0.0056818181818181,0.9375,2.0,1.0,A,0,r0_f0,17,0.4809626986715942,0.0005519236345064,0.4771017017116915,-0.0033090733253963,0.4790322001916428,-0.0013785748454449,0.4783887006983257,-0.0020220743387621,0.4255410151100299,-0.0548697599270578,0.4775881693963391,-0.0028226056407486,0.4732029940198705,-0.0072077810172173,matched,True,False,0.47104787826538086,0.4797975718975067
AOI-0041,2019-04-28,0.5101406932830823,s2,зерновые,2019,4,False,1.0,6.0,1,0,0-7,0-7,0.8003122968533127,0.1357276092087308,0.0580077129855754,0.0059523809523809,0.9375,1.0,6.0,A,0,r0_f0,17,0.5197564519432532,0.0096157586601708,0.5721275479022063,0.061986854619124,0.5459419999227297,0.0358013066396474,0.5272380370802464,0.0170973437971641,0.4255410151100299,-0.0845996781730524,0.5339996144316764,0.0238589211485941,0.5314861829512022,0.0213454896681198,matched,True,False,0.5029361248016357,0.5296217203140259
AOI-0041,2019-05-18,0.6163605789977943,s2,зерновые,2019,5,False,3.0,2.0,1,0,0-7,0-7,0.6513429035710454,0.2915012678035467,0.0518366796892376,0.0053191489361702,0.8823529411764706,3.0,2.0,A,0,r0_f0,17,0.584565121825282,-0.0317954571725123,0.6339954904359074,0.0176349114381131,0.6092803061305947,-0.0070802728671995,0.6142233429916573,-0.002137236006137,0.5309082973870619,-0.0854522816107323,0.6165960006849673,0.000235421687173,0.6203389075600431,0.0039783285622487,matched,True,False,0.6546977162361145,0.617364227771759
AOI-0041,2019-06-09,0.5001047976118193,s2,зерновые,2019,6,False,4.0,1.0,1,0,0-7,0-7,0.6245246587135653,0.3080223834706678,0.0574529578157668,0.01,0.9375,4.0,1.0,A,0,r0_f0,17,0.5596336867300362,0.0595288891182169,0.3900882063882064,-0.1100165912236128,0.4748609465591213,-0.0252438510526979,0.4239973024565723,-0.0761074951552469,0.4271600780596599,-0.0729447195521593,0.4210975889253451,-0.0790072086864741,0.4227717480688016,-0.0773330495430176,matched,True,False,0.4262501001358032,0.4210876226425171
AOI-0041,2019-06-12,0.44811288358077,s2,зерновые,2019,6,False,2.0,1.0,1,0,0-7,0-7,0.7412071924508894,0.197739990608334,0.0553709987589584,0.0056818181818181,0.9375,2.0,1.0,A,0,r0_f0,17,0.3900882063882064,-0.0580246771925636,0.3427507906248409,-0.1053620929559291,0.3664194985065236,-0.0816933850742463,0.3585299292126294,-0.0895829543681406,0.4271600780596599,-0.0209528055211101,0.3503787829356248,-0.0977341006451451,0.3485989220562297,-0.0995139615245402,matched,True,False,0.442449688911438,0.3599441349506378
AOI-0041,2019-06-26,0.3089359950859951,modis,зерновые,2019,6,False,4.0,4.0,2,0,0-7,0-7,0.2102186077973189,0.2950093264461115,0.4906053990899028,0.0041666666666666,0.7894736842105263,4.0,4.0,A,0,r0_f0,17,0.3746414300807173,0.0657054349947222,0.361457016446194,0.0525210213601988,0.3680492232634557,0.0591132281774605,0.3680492232634557,0.0591132281774605,0.3451153283689646,0.0361793332829694,0.3676001738709753,0.0586641787849802,0.3743400215319044,0.0654040264459092,matched,True,False,0.40797296166419983,0.3599649667739868
AOI-0041,2019-06-27,0.324708557399058,s2,зерновые,2019,6,False,5.0,3.0,2,1,0-7,0-7,0.62056129606507,0.3339077896062151,0.0412936261931215,0.0042372881355932,0.8333333333333334,5.0,3.0,A,0,r0_f0,17,0.3746414300807173,0.0499328726816593,0.361457016446194,0.0367484590471359,0.3680492232634557,0.0433406658643976,0.3664011715591402,0.0416926141600821,0.3451153283689646,0.0204067709699065,0.3670289886864777,0.0423204312874196,0.3780751071692352,0.0533665497701771,matched,True,False,0.3290921449661255,0.35924237966537476
AOI-0041,2019-07-07,0.1214939378356866,s2,зерновые,2019,7,False,3.0,1.0,1,0,0-7,0-7,0.7184799197236167,0.197739990608334,0.0780982714862311,0.0056818181818181,0.9375,3.0,1.0,A,0,r0_f0,17,0.2934317210767779,0.1719377832410913,0.1622141223835969,0.0407201845479102,0.2278229217301874,0.1063289838945008,0.1950185220568921,0.0735245842212055,0.2630204565263085,0.1415265186906219,0.1791380853113041,0.0576441474756174,0.1864905727350742,0.0649966348993876,matched,True,False,0.21722376346588135,0.19265863299369812
AOI-0041,2019-08-01,0.5056563696114851,s2,зерновые,2019,8,False,1.0,2.0,1,0,0-7,0-7,0.7922623293567826,0.1540111917353339,0.0487264789078834,0.005,0.9375,1.0,2.0,A,0,r0_f0,17,0.4543510977110276,-0.0513052719004574,0.4523646030521662,-0.0532917665593188,0.4533578503815969,-0.0522985192298881,0.4536889328247405,-0.0519674367867445,0.2450616466473928,-0.2605947229640922,0.4538360805772487,-0.0518202890342363,0.4520481431943947,-0.0536082264170904,matched,True,False,0.39499369263648987,0.4587010443210602
AOI-0041,2019-08-29,0.352947665847666,modis,зерновые,2019,8,False,1.0,2.0,1,0,0-7,0-7,0.7347089046179162,0.0982855101166671,0.1626952404378305,0.0043103448275862,0.9375,1.0,2.0,A,0,r0_f0,17,0.1874653780520938,-0.1654822877955722,0.3458938393496365,-0.0070538264980294,0.2666796087008651,-0.0862680571468008,0.2402748651512747,-0.1126728006963913,0.2316166079381505,-0.1213310579095155,0.228375991596448,-0.124571674251218,0.2325076148178995,-0.1204400510297664,matched,True,False,0.3372483551502228,0.23805062472820282
AOI-0041,2019-09-01,0.3193691718442784,landsat,зерновые,2019,9,False,1.0,1.0,1,0,0-7,0-7,0.5571112558875442,0.3973124212639647,0.0388195660917343,0.0067567567567567,0.9375,1.0,1.0,A,0,r0_f0,17,0.3458938393496365,0.0265246675053581,0.3466834444584621,0.0273142726141837,0.3462886419040493,0.0269194700597709,0.3462886419040493,0.0269194700597709,0.2316166079381505,-0.0877525639061278,0.3464725028784342,0.0271033310341557,0.3482345612372629,0.0288653893929845,matched,True,False,0.31465810537338257,0.3443538248538971
AOI-0041,2019-09-25,0.3618377091288763,s2,зерновые,2019,9,False,3.0,5.0,1,0,0-7,0-7,0.8514678248334683,0.086059525273644,0.0566586964045155,0.005813953488372,0.8333333333333334,3.0,5.0,A,0,r0_f0,17,0.2942996769479767,-0.0675380321808996,0.3208496293314831,-0.0409880797973932,0.3075746531397298,-0.0542630559891464,0.3042559090917915,-0.0575818000370847,0.2308148859772868,-0.1310228231515895,0.3027002478193205,-0.0591374613095557,0.3000759379155241,-0.0617617712133521,matched,True,False,0.3431601822376251,0.30706825852394104
AOI-0041,2019-10-17,0.4271485572489817,s2,зерновые,2019,10,False,1.0,2.0,1,0,0-7,0-7,0.3845556965220825,0.571067357546492,0.0377979985630044,0.006578947368421,0.9375,1.0,2.0,A,0,r0_f0,17,0.4885436117936119,0.0613950545446301,0.4310311354561518,0.00388257820717,0.4597873736248818,0.0326388163759001,0.4693727863477918,0.0422242290988101,0.2585614930612934,-0.1685870641876883,0.4736329697801963,0.0464844125312146,0.470327348526154,0.0431787912771722,matched,True,False,0.3551621437072754,0.4710855782032013
AOI-0041,2019-10-28,0.4407146525574663,landsat,зерновые,2019,10,False,1.0,157.0,1,0,0-7,31+,0.7817003829730031,0.1790827810875975,0.0334028824510272,0.005813953488372,0.9375,1.0,157.0,A,0,r0_f0,17,0.2425451202285267,-0.1981695323289395,0.3657492353994613,-0.0749654171580049,0.304147177813994,-0.1365674747434722,0.2433248931093554,-0.1973897594481108,0.2341714305397594,-0.2065432220177069,0.2425474177782132,-0.198167234779253,0.2355395637456138,-0.2051750888118524,matched,True,False,0.3431656062602997,0.24254511296749115
AOI-0041,2020-04-05,0.3472184117961256,landsat,зерновые,2020,4,False,3.0,1.0,1,0,0-7,0-7,0.6243009686964197,0.2765035051039233,0.0844896438467159,0.0147058823529411,0.9375,3.0,1.0,A,0,r0_f0,17,0.3657492353994613,0.0185308236033356,0.404891769041769,0.0576733572456433,0.3853205022206151,0.0381020904244895,0.395106135631192,0.0478877238350664,0.3214263485852348,-0.0257920632108908,0.3991468032191277,0.0519283914230021,0.4072857128058847,0.0600673010097591,matched,True,False,0.39184024930000305,0.39239171147346497
AOI-0041,2020-04-24,0.3834522307945265,s2,зерновые,2020,4,False,2.0,5.0,2,0,0-7,0-7,0.7911007841828159,0.1285980755603188,0.0683963783521033,0.0119047619047619,0.8823529411764706,2.0,5.0,A,0,r0_f0,17,0.2815790351879543,-0.1018731956065722,0.3843231112367583,0.0008708804422317,0.3329510732123563,-0.0505011575821702,0.3109344854876125,-0.0725177453069139,0.4255410151100299,0.0420887843155033,0.3019481231509824,-0.081504107643544,0.2902056978197429,-0.0932465329747835,matched,True,False,0.39026668667793274,0.3014390766620636
AOI-0041,2020-04-27,0.3231406118073124,s2,зерновые,2020,4,False,5.0,2.0,2,1,0-7,0-7,0.8092659333843102,0.1174156342072476,0.0624488671910508,0.0108695652173913,0.8823529411764706,5.0,2.0,A,0,r0_f0,17,0.2815790351879543,-0.0415615766193581,0.3843231112367583,0.0611824994294458,0.3329510732123563,0.0098104614050438,0.3549676609370999,0.0318270491297875,0.4255410151100299,0.1024004033027174,0.36395402327373,0.0408134114664176,0.3565357368162288,0.0333951250089164,matched,True,False,0.31483349204063416,0.37172362208366394
AOI-0041,2020-05-08,0.5115637592137593,modis,зерновые,2020,5,False,4.0,4.0,1,0,0-7,0-7,0.256370464348055,0.0824659576625736,0.6567776130770907,0.0043859649122807,0.7894736842105263,4.0,4.0,A,0,r0_f0,17,0.3428260707237563,-0.1687376884900029,0.4761671486399189,-0.0353966105738404,0.4094966096818376,-0.1020671495319217,0.4094966096818376,-0.1020671495319217,0.5254636363636364,0.013899877149877,0.4094966096818376,-0.1020671495319217,0.4201077023934539,-0.0914560568203053,matched,True,False,0.4904048442840576,0.40955308079719543
AOI-0041,2020-07-02,0.4164462864072743,landsat,зерновые,2020,7,False,1.0,4.0,2,0,0-7,0-7,0.5576113024228262,0.3107342709559534,0.1227258551926489,0.0089285714285714,0.9375,1.0,4.0,A,0,r0_f0,17,0.4039775976507204,-0.0124686887565539,0.3635650277214461,-0.0528812586858282,0.3837713126860832,-0.0326749737211911,0.3958950836648655,-0.0205512027424087,0.2630204565263085,-0.1534258298809658,0.4005514513202486,-0.0158948350870256,0.3961661756766517,-0.0202801107306225,matched,True,False,0.4327809810638428,0.3976190686225891
AOI-0041,2020-07-03,0.4044174599912037,s2,зерновые,2020,7,False,2.0,3.0,2,1,0-7,0-7,0.7264117210310791,0.1370577624728405,0.1272712572368211,0.0092592592592592,0.8823529411764706,2.0,3.0,A,0,r0_f0,17,0.4039775976507204,-0.0004398623404833,0.3635650277214461,-0.0408524322697576,0.3837713126860832,-0.0206461473051204,0.3878125696790107,-0.0166048903121929,0.2630204565263085,-0.1413970034648952,0.3933097167572558,-0.0111077432339479,0.3882112220676647,-0.016206237923539,matched,True,False,0.3759629726409912,0.38935521245002747
AOI-0041,2020-07-18,0.2196912669254729,s2,зерновые,2020,7,False,2.0,8.0,2,0,0-7,8-15,0.7361827309942548,0.1678771280988105,0.0870115694783632,0.0089285714285714,0.8823529411764706,2.0,8.0,A,0,r0_f0,17,0.2444234798625444,0.0247322129370715,0.2611755915381051,0.0414843246126322,0.2527995357003247,0.0331082687748518,0.2477739021976565,0.0280826352721836,0.2489787567892391,0.0292874898637661,0.2461656994768027,0.0264744325513298,0.2467195561337783,0.0270282892083054,matched,True,False,0.2850828170776367,0.24937747418880463
AOI-0041,2020-07-25,0.3048635580261417,landsat,зерновые,2020,7,False,9.0,1.0,2,1,8-15,0-7,0.5032318990811181,0.4200159881933342,0.0696092555826905,0.0071428571428571,0.9375,9.0,1.0,A,0,r0_f0,17,0.2444234798625444,-0.0604400781635972,0.2611755915381051,-0.0436879664880365,0.2527995357003247,-0.0520640223258169,0.259500380370549,-0.0453631776555926,0.2489787567892391,-0.0558848012369025,0.2607065324111894,-0.0441570256149522,0.2672712859762333,-0.0375922720499083,matched,True,False,0.31075626611709595,0.25611457228660583
AOI-0041,2020-09-12,0.1953782750934247,landsat,зерновые,2020,9,False,1.0,1.0,1,0,0-7,0-7,0.7222562113193074,0.2322128743519779,0.0412936261931215,0.0042372881355932,0.9375,1.0,1.0,A,0,r0_f0,17,0.2056064230601534,0.0102281479667286,0.2231214987714987,0.0277432236780739,0.214363960915826,0.0189856858224013,0.214363960915826,0.0189856858224013,0.2308148859772868,0.0354366108838621,0.2167121896081217,0.021333914514697,0.2149734704297773,0.0195951953363526,matched,True,False,0.22803395986557007,0.21544040739536285
AOI-0041,2020-09-24,0.1616475530911879,s2,зерновые,2020,9,False,3.0,3.0,1,0,0-7,0-7,0.6829847666868816,0.2706993032201154,0.0420055852654167,0.0043103448275862,0.8333333333333334,3.0,3.0,A,0,r0_f0,17,0.2016515591733371,0.0400040060821492,0.2071449762079684,0.0454974231167805,0.2043982676906527,0.0427507145994648,0.2043982676906527,0.0427507145994648,0.2308148859772868,0.0691673328860989,0.2043982676906527,0.0427507145994648,0.2088965458047505,0.0472489927135626,matched,True,False,0.11751411855220795,0.20694158971309662
AOI-0041,2020-10-06,0.2076902295245822,landsat,зерновые,2020,10,False,1.0,3.0,1,0,0-7,0-7,0.5049181072973536,0.4217634602942041,0.0624488671910508,0.0108695652173913,0.9375,1.0,3.0,A,0,r0_f0,17,0.1640278746931999,-0.0436623548313822,0.1757102303173255,-0.0319799992072566,0.1698690525052626,-0.0378211770193195,0.1669484635992313,-0.0407417659253508,0.260829938178002,0.0531397086534198,0.1657611837657332,-0.0419290457588489,0.1655463705578506,-0.0421438589667315,matched,True,False,0.14567838609218597,0.16711317002773285
AOI-0041,2021-06-21,0.5120627202141422,s2,зерновые,2021,6,False,2.0,2.0,1,0,0-7,0-7,0.8358470326186475,0.1044568797059265,0.0541405321198704,0.0055555555555555,0.8823529411764706,2.0,2.0,A,0,r0_f0,17,0.5414722941378936,0.0294095739237513,0.4652054342159311,-0.0468572859982111,0.5033388641769123,-0.0087238560372299,0.5033388641769123,-0.0087238560372299,0.3451153283689646,-0.1669473918451776,0.5107877212682076,-0.0012749989459346,0.5077611566119913,-0.0043015636021509,matched,True,False,0.4527474045753479,0.513496458530426
AOI-0041,2021-07-01,0.4413724028655911,s2,зерновые,2021,7,False,3.0,3.0,2,0,0-7,0-7,0.7252342226399845,0.244652849763691,0.0256486418820387,0.0044642857142857,0.8333333333333334,3.0,3.0,A,0,r0_f0,17,0.4063591481775324,-0.0350132546880587,0.3348932899350529,-0.1064791129305381,0.3706262190562926,-0.0707461838092984,0.3706262190562926,-0.0707461838092984,0.2630204565263085,-0.1783519463392825,0.3706262190562926,-0.0707461838092984,0.3624616457259611,-0.0789107571396299,matched,True,False,0.4335968792438507,0.3711261749267578
AOI-0041,2021-07-03,0.4013464978672002,s2,зерновые,2021,7,False,5.0,1.0,2,1,0-7,0-7,0.4580692548408696,0.5044568797059266,0.0319183098976482,0.0055555555555555,0.9375,5.0,1.0,A,0,r0_f0,17,0.4063591481775324,0.0050126503103321,0.3348932899350529,-0.0664532079321473,0.3706262190562926,-0.0307202788109075,0.3468042663087995,-0.0545422315584007,0.2630204565263085,-0.1383260413408917,0.3401870572122736,-0.0611594406549266,0.3311444931491172,-0.070202004718083,matched,True,False,0.3776599168777466,0.34687963128089905
AOI-0041,2021-07-12,0.4519774882935518,landsat,зерновые,2021,7,False,1.0,1.0,1,0,0-7,0-7,0.3051330568498219,0.273779665356831,0.4169889171376094,0.0040983606557377,0.9375,1.0,1.0,A,0,r0_f0,17,0.4142896878240736,-0.0376878004694781,0.3994859992978666,-0.0524914889956851,0.4068878435609701,-0.0450896447325817,0.4068878435609701,-0.0450896447325817,0.2630204565263085,-0.1889570317672432,0.406580638836294,-0.0453968494572577,0.4066026785874176,-0.0453748097061341,matched,True,False,0.4175160229206085,0.4068406820297241
AOI-0041,2021-09-15,0.3433327303432722,landsat,зерновые,2021,9,False,1.0,1.0,1,0,0-7,0-7,0.6537705489279712,0.3233519862255565,0.014544131513139,0.0083333333333333,0.9375,1.0,1.0,A,0,r0_f0,17,0.3417833971679269,-0.0015493331753453,0.3437426990787999,0.0004099687355276,0.3427630481233634,-0.0005696822199088,0.3427630481233634,-0.0005696822199088,0.2308148859772868,-0.1125178443659854,0.3427630481233634,-0.0005696822199088,0.3425829870368385,-0.0007497433064336,matched,True,False,0.3450384736061096,0.3416290283203125
AOI-0041,2022-08-02,0.3035694184688514,s2,зерновые,2022,8,False,1.0,5.0,1,0,0-7,0-7,0.6871038822613045,0.2233519862255565,0.0812107981798056,0.0083333333333333,0.9375,1.0,5.0,A,0,r0_f0,17,0.3614152658878283,0.0578458474189769,0.2946558058403636,-0.0089136126284877,0.3280355358640959,0.0244661173952445,0.3502886892132508,0.0467192707443994,0.2450616466473928,-0.0585077718214585,0.3564701206991272,0.0529007022302758,0.3680800387002732,0.0645106202314218,matched,True,False,0.30192631483078003,0.34995174407958984
AOI-0041,2022-08-09,0.319148705678854,landsat,зерновые,2022,8,False,1.0,1.0,1,0,0-7,0-7,0.5041894988088568,0.3963170217320999,0.090234220199784,0.0092592592592592,0.9375,1.0,1.0,A,0,r0_f0,17,0.3350630054669997,0.0159142997881456,0.3783778214140606,0.0592291157352066,0.3567204134405302,0.0375717077616761,0.3567204134405302,0.0375717077616761,0.2450616466473928,-0.0740870590314612,0.3640153140601805,0.0448666083813265,0.3636814097953852,0.0445327041165312,matched,True,False,0.31258440017700195,0.3609183132648468
AOI-0041,2022-08-13,0.3009083538083538,modis,зерновые,2022,8,False,3.0,2.0,1,0,0-7,0-7,0.574405104319986,0.1403316062381725,0.2812310313773253,0.0040322580645161,0.8823529411764706,3.0,2.0,A,0,r0_f0,17,0.3783778214140606,0.0774694676057068,0.2808161308534862,-0.0200922229548675,0.3295969761337734,0.0286886223254196,0.319840807077716,0.0189324532693622,0.2450616466473928,-0.0558467071609609,0.3350810716716194,0.0341727178632655,0.3360228607496384,0.0351145069412846,matched,True,False,0.3776267170906067,0.31951168179512024
AOI-0041,2022-09-11,0.2918904975480023,s2,зерновые,2022,9,False,1.0,3.0,1,0,0-7,0-7,0.5871038822613045,0.2900186528922231,0.114544131513139,0.0083333333333333,0.9375,1.0,3.0,A,0,r0_f0,17,0.3293472682707731,0.0374567707227708,0.3328113022113022,0.0409208046632998,0.3310792852410376,0.0391887876930353,0.3302132767559054,0.0383227792079031,0.2316166079381505,-0.0602738896098517,0.330947162471404,0.0390566649234017,0.3336737476593003,0.041783250111298,matched,True,False,0.30144137144088745,0.3243222236633301
AOI-0041,2023-04-17,0.4981484911308473,s2,зерновые,2023,4,False,5.0,6.0,1,0,0-7,0-7,0.7718970167085405,0.1321628423845248,0.0870115694783632,0.0089285714285714,0.75,5.0,6.0,A,0,r0_f0,17,0.4955007481543697,-0.0026477429764776,0.5399004914004915,0.0417520002696441,0.5177006197774305,0.0195521286465832,0.5156824496298795,0.0175339584990322,0.4255410151100299,-0.0726074760208174,0.5242586225634683,0.026110131432621,0.525687099663113,0.0275386085322656,matched,True,False,0.39387452602386475,0.5164368152618408
AOI-0041,2023-06-03,0.4454699444431539,s2,зерновые,2023,6,False,3.0,3.0,1,0,0-7,0-7,0.5474446019952687,0.3441341054931381,0.1010683513351226,0.0073529411764705,0.8333333333333334,3.0,3.0,A,0,r0_f0,17,0.6440247555596563,0.1985548111165024,0.6365515313630564,0.1910815869199025,0.6402881434613563,0.1948181990182024,0.6402881434613564,0.1948181990182025,0.4271600780596599,-0.018309866383494,0.6420718319981651,0.1966018875550111,0.6458477226620216,0.2003777782188677,matched,True,False,0.6240720748901367,0.6450183987617493
AOI-0041,2023-06-16,0.5761435843875514,s2,зерновые,2023,6,False,3.0,1.0,1,0,0-7,0-7,0.7627732597466487,0.1604283247243061,0.0715900821957118,0.0052083333333333,0.9375,3.0,1.0,A,0,r0_f0,17,0.5998848956894896,0.0237413113019381,0.6041206882736994,0.0279771038861479,0.6020027919815945,0.025859207594043,0.6030617401276469,0.0269181557400954,0.3451153283689646,-0.2310282560185868,0.6034588456824166,0.0273152612948651,0.6033320448182332,0.0271884604306817,matched,True,False,0.5572041869163513,0.5999549627304077
AOI-0041,2023-06-18,0.5974441332402524,s2,зерновые,2023,6,False,1.0,2.0,1,0,0-7,0-7,0.576856366701151,0.3147223407872557,0.1010683513351226,0.0073529411764705,0.9375,1.0,2.0,A,0,r0_f0,17,0.6041206882736994,0.0066765550334469,0.5744400760232442,-0.0230040572170081,0.5892803821484718,-0.0081637510917805,0.5942271508568809,-0.0032169823833714,0.3451153283689646,-0.2523288048712878,0.596425714727285,-0.0010184185129673,0.5970013949656898,-0.0004427382745625,matched,True,False,0.5845418572425842,0.5961093902587891
AOI-0041,2023-08-15,0.2709115579057978,s2,зерновые,2023,8,False,2.0,2.0,1,0,0-7,0-7,0.7322623293567827,0.1740111917353339,0.0887264789078834,0.005,0.8823529411764706,2.0,2.0,A,0,r0_f0,17,0.2960753071253071,0.0251637492195093,0.2731426689006916,0.0022311109948938,0.2846089880129994,0.0136974301072015,0.2846089880129994,0.0136974301072015,0.2264504280945846,-0.0444611298112131,0.2799483855302192,0.0090368276244214,0.2805022072393002,0.0095906493335024,matched,True,False,0.30111005902290344,0.28227314352989197
AOI-0041,2023-09-01,0.2216426312581783,s2,зерновые,2023,9,False,2.0,13.0,1,0,0-7,8-15,0.4898188544168193,0.3868568312307025,0.1167453669840571,0.006578947368421,0.8823529411764706,2.0,13.0,A,0,r0_f0,17,0.2511057466953102,0.0294631154371319,0.3374653562653562,0.1158227250071778,0.2942855514803332,0.0726429202221549,0.2626203613046496,0.0409777300464713,0.2316166079381505,0.0099739766799722,0.2553021840196028,0.0336595527614245,0.2454096802034311,0.0237670489452528,matched,True,False,0.23419378697872162,0.26340252161026
AOI-0041,2023-10-15,0.3959791979375176,landsat,зерновые,2023,10,False,1.0,1.0,1,0,0-7,0-7,0.5204372155946378,0.3900186528922232,0.0812107981798056,0.0083333333333333,0.9375,1.0,1.0,A,0,r0_f0,17,0.3550589575941745,-0.0409202403433431,0.3930009828009829,-0.0029782151365347,0.3740299701975786,-0.0219492277399389,0.3740299701975786,-0.0219492277399389,0.2585614930612934,-0.1374177048762242,0.3753952041669318,-0.0205839937705858,0.3731802663313162,-0.0227989316062013,matched,True,False,0.36040714383125305,0.37578126788139343
AOI-0041,2024-06-17,0.3760383219607628,s2,зерновые,2024,6,False,2.0,1.0,1,0,0-7,0-7,0.4322623293567826,0.4940111917353338,0.0687264789078834,0.005,0.9375,2.0,1.0,A,0,r0_f0,17,0.4619093456865295,0.0858710237257667,0.4368799093590091,0.0608415873982463,0.4493946275227693,0.0733563055620065,0.4452230548015159,0.0691847328407531,0.3451153283689646,-0.0309229935917982,0.4493104537840841,0.0732721318233212,0.4522697392349585,0.0762314172741956,matched,True,False,0.4147128462791443,0.4470367729663849
AOI-0041,2024-06-30,0.2889676310051304,s2,зерновые,2024,6,False,3.0,2.0,1,0,0-7,0-7,0.7836065930799819,0.1604283247243061,0.0507567488623785,0.0052083333333333,0.8823529411764706,3.0,2.0,A,0,r0_f0,17,0.3556244217331287,0.0666567907279983,0.3338410311505152,0.0448734001453848,0.3447327264418219,0.0557650954366915,0.3425543873835606,0.0535867563784302,0.2630204565263085,-0.0259471744788218,0.3450955089902509,0.0561278779851205,0.3423603683174473,0.0533927373123169,matched,True,False,0.31992751359939575,0.3430091142654419
AOI-0041,2024-07-07,0.2664393494291007,s2,зерновые,2024,7,False,2.0,3.0,1,0,0-7,0-7,0.675409889619973,0.2406424870864592,0.0761351232935678,0.0078125,0.8823529411764706,2.0,3.0,A,0,r0_f0,17,0.3163629164748552,0.0499235670457545,0.2815281733203719,0.0150888238912711,0.2989455448976135,0.0325061954685128,0.3024290192130618,0.0359896697839611,0.2630204565263085,-0.0034188929027921,0.3081852427951154,0.0417458933660147,0.304965162050242,0.0385258126211413,matched,True,False,0.2648785710334778,0.30740949511528015
AOI-0041,2024-07-30,0.2176936118664405,s2,зерновые,2024,7,False,1.0,2.0,1,0,0-7,0-7,0.7790024780391305,0.1425650975907807,0.0731132754339185,0.0053191489361702,0.9375,1.0,2.0,A,0,r0_f0,17,0.2798028883934239,0.0621092765269833,0.2406368393416201,0.0229432274751796,0.260219863867522,0.0425262520010814,0.2667475387094893,0.0490539268430487,0.2450616466473928,0.0273680347809522,0.2696487275281414,0.0519551156617009,0.2700747654770583,0.0523811536106178,matched,True,False,0.22106561064720154,0.26382148265838623
AOI-0041,2024-08-11,0.2143099111989091,s2,зерновые,2024,8,False,2.0,1.0,1,0,0-7,0-7,0.4294399264133153,0.5145949913909728,0.0507567488623785,0.0052083333333333,0.9375,2.0,1.0,A,0,r0_f0,17,0.2179080536403537,0.0035981424414446,0.234877027027027,0.0205671158281179,0.2263925403336903,0.0120826291347812,0.2292207025648025,0.0149107913658934,0.2450616466473928,0.0307517354484836,0.2256641956514777,0.0113542844525686,0.2227848645403157,0.0084749533414066,matched,True,False,0.2204744964838028,0.22979238629341125
AOI-0041,2024-09-06,0.2367028675580323,landsat,зерновые,2024,9,False,6.0,1.0,1,0,0-7,0-7,0.6763986740926847,0.2650882474089951,0.0545448245300662,0.0039682539682539,0.9375,6.0,1.0,A,0,r0_f0,17,0.2044751675320157,-0.0322277000260166,0.2328434905719708,-0.0038593769860615,0.2186593290519932,-0.018043538506039,0.2287908729948344,-0.0079119945631979,0.2316166079381505,-0.0050862596198817,0.2312720674298158,-0.0054308001282164,0.2414786160910181,0.0047757485329857,matched,True,False,0.2779890298843384,0.22841234505176544
AOI-0041,2024-09-18,0.2080367986549971,s2,зерновые,2024,9,False,3.0,2.0,1,0,0-7,0-7,0.7817003829730031,0.1325711531806208,0.0799145103580039,0.005813953488372,0.8823529411764706,3.0,2.0,A,0,r0_f0,17,0.1856421881383553,-0.0223946105166417,0.1996922332541027,-0.0083445654008944,0.192667210696229,-0.0153695879587681,0.1940722152078037,-0.0139645834471933,0.2308148859772868,0.0227780873222896,0.1907814741337223,-0.0172553245212747,0.1823896882678129,-0.0256471103871842,matched,True,False,0.20274163782596588,0.19767175614833832
AOI-0041,2024-09-30,0.1769197201058782,s2,зерновые,2024,9,False,1.0,1.0,1,0,0-7,0-7,0.5576113024228262,0.3464485566702391,0.0870115694783632,0.0089285714285714,0.9375,1.0,1.0,A,0,r0_f0,17,0.2123421375921376,0.0354224174862594,0.2177743410955923,0.0408546209897141,0.2150582393438649,0.0381385192379867,0.2150582393438649,0.0381385192379867,0.260829938178002,0.0839102180721238,0.215912389191164,0.0389926690852858,0.2159877436012376,0.0390680234953594,matched,True,False,0.15874867141246796,0.2152426540851593
AOI-0043,2017-07-28,0.1876237364382111,modis,зерновые,2017,7,True,1.0,4.0,1,0,0-7,0-7,0.1595021568118358,0.1240844367919758,0.7117837767665587,0.0046296296296296,0.9375,1.0,4.0,A,0,r0_f0,17,0.1621714175131975,-0.0254523189250135,0.1427601366741905,-0.0448635997640206,0.152465777093694,-0.0351579593445171,0.1582891613453961,-0.0293345750928149,0.2489787567892391,0.0613550203510279,0.156052625828978,-0.031571110609233,0.1580515909329867,-0.0295721455052243,matched,False,False,0.23428043723106384,0.1603219211101532
AOI-0043,2019-09-28,0.1628110283173018,s2,зерновые,2019,9,True,3.0,2.0,1,0,0-7,0-7,0.7080286273804907,0.1974502458145306,0.0881108703947223,0.0064102564102564,0.8823529411764706,3.0,2.0,A,0,r0_f0,17,0.2041220102426689,0.0413109819253671,0.3482627150039693,0.1854516866866675,0.2761923626233191,0.1133813343060173,0.2906064330994491,0.1277954047821473,0.260829938178002,0.0980189098607002,0.3004836137834978,0.137672585466196,0.3107597903461946,0.1479487620288928,matched,False,False,0.2244650423526764,0.2865391969680786
AOI-0043,2020-08-08,0.1375408690692621,s2,зерновые,2020,8,True,3.0,1.0,1,0,0-7,0-7,0.8355513032909634,0.0921678350346411,0.0673789008900817,0.0049019607843137,0.9375,3.0,1.0,A,0,r0_f0,17,0.1256103654402103,-0.0119305036290518,0.1441341315806151,0.006593262511353,0.1348722485104126,-0.0026686205588494,0.1395031900455139,0.0019623209762517,0.2450616466473928,0.1075207775781307,0.1430056622425622,0.0054647931733001,0.1421566806280957,0.0046158115588336,matched,False,False,0.15743890404701233,0.14180804789066315
AOI-0043,2020-08-15,0.1574240760392914,s2,зерновые,2020,8,True,3.0,2.0,1,0,0-7,0-7,0.7150577123673914,0.1981585108660499,0.082154147136929,0.0046296296296296,0.8823529411764706,3.0,2.0,A,0,r0_f0,17,0.190745514686425,0.0333214386471336,0.1924826361135763,0.0350585600742849,0.1916140754000006,0.0341899993607092,0.1917877875427157,0.0343637115034243,0.2264504280945846,0.0690263520552932,0.1922529338089676,0.0348288577696762,0.2111838707976144,0.0537597947583229,matched,False,False,0.1546272188425064,0.18259862065315247
AOI-0043,2020-09-12,0.1477599353786386,s2,зерновые,2020,9,True,2.0,1.0,1,0,0-7,0-7,0.7392053638616802,0.215263721809605,0.0412936261931215,0.0042372881355932,0.9375,2.0,1.0,A,0,r0_f0,17,0.1378158832402134,-0.0099440521384251,0.1924501455411484,0.0446902101625097,0.1651330143906809,0.0173730790120422,0.17423872477417,0.0264787893955314,0.2308148859772868,0.0830549505986482,0.1782857071668319,0.0305257717881932,0.1767538981528841,0.0289939627742455,matched,False,False,0.14385350048542023,0.17230895161628723
AOI-0043,2021-05-12,0.5723787384425915,s2,зерновые,2021,5,True,3.0,3.0,1,0,0-7,0-7,0.854843556087253,0.0613763542446976,0.0780982714862311,0.0056818181818181,0.8333333333333334,3.0,3.0,A,0,r0_f0,17,0.7098984122783805,0.137519673835789,0.5205192432705726,-0.0518594951720188,0.6152088277744765,0.042830089331885,0.6152088277744766,0.0428300893318851,0.5254636363636364,-0.0469151020789551,0.6152088277744766,0.0428300893318851,0.6189075974209199,0.0465288589783284,matched,False,False,0.517967939376831,0.6322915554046631
AOI-0043,2021-06-14,0.6778511339206487,s2,зерновые,2021,6,True,3.0,2.0,1,0,0-7,0-7,0.869655438119166,0.0755216242197284,0.0497208968447789,0.0051020408163265,0.8823529411764706,3.0,2.0,A,0,r0_f0,17,0.4521937595739895,-0.2256573743466591,0.6225119121473582,-0.0553392217732904,0.5373528358606738,-0.1404982980599748,0.5543846511180107,-0.1234664828026379,0.4271600780596599,-0.2506910558609888,0.5625599224415325,-0.1152912114791161,0.5636972555721582,-0.1141538783484904,matched,False,False,0.5275006890296936,0.5326405763626099
AOI-0043,2021-08-25,0.3593139856786653,s2,зерновые,2021,8,True,2.0,3.0,1,0,0-7,0-7,0.8717408682818841,0.0404895139706356,0.0818172367950993,0.0059523809523809,0.8823529411764706,2.0,3.0,A,0,r0_f0,17,0.2536761013034074,-0.1056378843752579,0.3621259616831707,0.0028119760045053,0.307901031493289,-0.0514129541853762,0.2970560454553127,-0.0622579402233525,0.2264504280945846,-0.1328635575840807,0.2910714465351876,-0.0682425391434777,0.2968666107389202,-0.0624473749397451,matched,False,False,0.3208976686000824,0.30264338850975037
AOI-0043,2021-09-02,0.240353063627823,s2,зерновые,2021,9,True,3.0,2.0,1,0,0-7,0-7,0.8204372155946378,0.0566853195588898,0.114544131513139,0.0083333333333333,0.8823529411764706,3.0,2.0,A,0,r0_f0,17,0.3657167060331002,0.1253636424052772,0.3757643237052809,0.1354112600774579,0.3707405148691906,0.1303874512413675,0.3717452766364085,0.1313922130085855,0.2316166079381505,-0.0087364556896724,0.3693470139637481,0.1289939503359251,0.3613397395274605,0.1209866758996375,matched,False,False,0.3361286520957947,0.3753027021884918
AOI-0043,2021-09-07,0.419279081980631,s2,зерновые,2021,9,True,1.0,2.0,1,0,0-7,0-7,0.7627732597466487,0.1604283247243061,0.0715900821957118,0.0052083333333333,0.9375,1.0,2.0,A,0,r0_f0,17,0.4069199219166861,-0.0123591600639449,0.4083413839386304,-0.0109376980420006,0.4076306529276582,-0.0116484290529728,0.4073937425906675,-0.0118853393899635,0.2316166079381505,-0.1876624740424805,0.4077245474140462,-0.0115545345665848,0.4149141615942808,-0.0043649203863502,matched,False,False,0.43464308977127075,0.40761077404022217
AOI-0043,2021-10-07,0.2042273742302813,s2,зерновые,2021,10,True,5.0,9.0,3,0,0-7,8-15,0.8056083281010299,0.1236989364938604,0.0641137880366887,0.006578947368421,0.75,5.0,9.0,A,0,r0_f0,17,0.1928921668346346,-0.0113352073956467,0.2608515864892528,0.0566242122589714,0.2268718766619437,0.0226445024316623,0.2171633881398554,0.012936013909574,0.260829938178002,0.0566025639477207,0.2127054087164474,0.0084780344861661,0.186160136465166,-0.0180672377651153,matched,False,False,0.193618506193161,0.23370878398418427
AOI-0043,2021-10-08,0.1940665463876607,landsat,зерновые,2021,10,True,6.0,8.0,3,1,0-7,8-15,0.3310050638190928,0.5521982429028999,0.1059271280606161,0.0108695652173913,0.7142857142857143,6.0,8.0,A,0,r0_f0,17,0.1928921668346346,-0.0011743795530261,0.2608515864892528,0.066785040101592,0.2268718766619437,0.032805330274283,0.2220176324008995,0.0279510860132388,0.260829938178002,0.0667633917903413,0.2196400433750819,0.0255734969874212,0.2049651408138165,0.0108985944261558,matched,False,False,0.25354504585266113,0.23906156420707703
AOI-0043,2021-10-14,0.199598098295957,s2,зерновые,2021,10,True,12.0,2.0,3,2,8-15,0-7,0.822586568551087,0.1027933218546304,0.067675665149838,0.0069444444444444,0.8823529411764706,12.0,2.0,A,0,r0_f0,17,0.1928921668346346,-0.0067059314613224,0.2608515864892528,0.0612534881932957,0.2268718766619437,0.0272737783659866,0.2511430979671644,0.0515449996712074,0.2585614930612934,0.0589633947653363,0.2570870705317083,0.0574889722357513,0.29066978277138,0.0910716844754229,matched,False,False,0.19226855039596558,0.24917474389076233
AOI-0043,2023-05-12,0.8857535851186642,s2,зерновые,2023,5,True,3.0,2.0,1,0,0-7,0-7,0.6722623293567827,0.2340111917353339,0.0887264789078834,0.005,0.8823529411764706,3.0,2.0,A,0,r0_f0,17,0.909209076475258,0.0234554913565937,0.8442629421020451,-0.041490643016619,0.8767360092886516,-0.0090175758300126,0.8702413958513302,-0.0155121892673339,0.5254636363636364,-0.3602899487550278,0.867123981401416,-0.0186296037172482,0.8631651553764639,-0.0225884297422003,matched,False,False,0.8063457608222961,0.8715386390686035
AOI-0043,2024-04-07,0.7358115413961743,landsat,зерновые,2024,4,True,1.0,2.0,1,0,0-7,0-7,0.5235814026091975,0.4500215225679498,0.016781690207468,0.0096153846153846,0.9375,1.0,2.0,A,0,r0_f0,17,0.6339426221722948,-0.1018689192238795,0.7716597312072794,0.035848189811105,0.702801176689787,-0.0330103647063872,0.6798483251839563,-0.055963216212218,0.3214263485852348,-0.4143851928109395,0.6696470578480316,-0.0661644835481427,0.6693024552440937,-0.0665090861520806,matched,False,False,0.7182933688163757,0.6927522420883179
AOI-0043,2024-06-28,0.243174958828697,s2,зерновые,2024,6,True,3.0,2.0,1,0,0-7,0-7,0.8551591464282183,0.0921678350346411,0.0477710577528268,0.0049019607843137,0.8823529411764706,3.0,2.0,A,0,r0_f0,17,0.2107375168738029,-0.032437441954894,0.346042512271827,0.1028675534431299,0.2783900145728149,0.0352150557441179,0.2919205141126174,0.0487455552839203,0.3451153283689646,0.1019403695402675,0.2984151538917225,0.0552401950630255,0.3025913626667165,0.0594164038380194,matched,False,False,0.2823116183280945,0.28664979338645935
AOI-0045,2010-08-22,0.2717818181399918,landsat,зерновые,2010,8,False,9.0,1.0,1,0,8-15,0-7,0.0191598896199729,0.8343924870864592,0.1386351232935678,0.0078125,0.9375,9.0,1.0,A,0,r0_f0,17,0.3377349044585988,0.0659530863186069,0.2911981215258393,0.0194163033858474,0.314466512992219,0.0426846948522272,0.2958517998191152,0.0240699816791234,0.2264504280945846,-0.0453313900454072,0.2925011514479565,0.0207193333079647,0.295047177704612,0.0232653595646202,matched,True,False,0.3146650493144989,0.295828640460968
AOI-0045,2011-04-19,0.1646037863299682,landsat,зерновые,2011,4,False,12.0,4.0,1,0,8-15,0-7,0.0266572377321362,0.813067808120291,0.1494053889301813,0.0108695652173913,0.7894736842105263,12.0,4.0,A,0,r0_f0,17,0.2599263967242948,0.0953226103943266,0.2758634758871701,0.1112596895572018,0.2678949363057324,0.1032911499757642,0.2718792060964513,0.107275419766483,0.4255410151100299,0.2609372287800617,0.2739097827054125,0.1093059963754443,0.2721258561992005,0.1075220698692323,matched,True,False,0.1468973457813263,0.26801949739456177
AOI-0045,2011-05-14,0.2408968879601432,landsat,зерновые,2011,5,False,5.0,11.0,1,0,0-7,8-15,0.029196022278054,0.747645694607938,0.2112535212092462,0.0119047619047619,0.75,5.0,11.0,A,0,r0_f0,17,0.3964818107370337,0.1555849227768905,0.3482229936305733,0.1073261056704301,0.3723524021838035,0.1314555142236603,0.3814009303912647,0.1405040424311215,0.5254636363636364,0.2845667484034931,0.3919786172859149,0.1510817293257716,0.4121668556332669,0.1712699676731237,matched,True,False,0.30376648902893066,0.3969305157661438
AOI-0045,2011-06-15,0.2318509730205045,landsat,зерновые,2011,6,False,5.0,8.0,2,0,0-7,8-15,0.032269287781007,0.7210820835140366,0.2334907339681142,0.0131578947368421,0.75,5.0,8.0,A,0,r0_f0,17,0.3237198726114649,0.0918688995909604,0.0953168278635917,-0.1365341451569128,0.2095183502375283,-0.0223326227829762,0.2358725477084367,0.0040215746879322,0.3451153283689646,0.11326435534846,0.2483479074579792,0.0164969344374746,0.2675128612168317,0.0356618881963272,matched,True,False,0.2407096028327942,0.23691816627979279
AOI-0045,2011-06-22,0.1702311114450512,landsat,зерновые,2011,6,False,12.0,1.0,2,1,8-15,0-7,0.0191598896199729,0.8343924870864592,0.1386351232935678,0.0078125,0.9375,12.0,1.0,A,0,r0_f0,17,0.3237198726114649,0.1534887611664137,0.0953168278635917,-0.0749142835814595,0.2095183502375283,0.039287238792477,0.1128862928441973,-0.0573448186008538,0.3451153283689646,0.1748842169239133,0.0991633971197006,-0.0710677143253505,0.0878857645080655,-0.0823453469369857,matched,True,False,0.19573384523391724,0.12779609858989716
AOI-0045,2014-05-29,0.2577708417953376,landsat,зерновые,2014,5,False,4.0,1.0,1,0,0-7,0-7,0.0218970167085405,0.8107342709559534,0.1584401409069346,0.0089285714285714,0.9375,4.0,1.0,A,0,r0_f0,17,0.3579567060964514,0.1001858643011138,0.198748483540459,-0.0590223582548786,0.2783525948184552,0.0205817530231176,0.2305901280516575,-0.0271807137436801,0.5309082973870619,0.2731374555917243,0.217210422650064,-0.0405604191452735,0.2213268928097552,-0.0364439489855823,matched,True,False,0.27678534388542175,0.22807645797729492
AOI-0045,2014-06-22,0.165484256989026,landsat,зерновые,2014,6,False,8.0,4.0,2,0,8-15,0-7,0.0211419471668666,0.8172606754057481,0.1529766877722128,0.0086206896551724,0.7894736842105263,8.0,4.0,A,0,r0_f0,17,0.2325819767419958,0.0670977197529698,0.2687596087352139,0.1032753517461878,0.2506707927386048,0.0851865357495788,0.2567003980708078,0.0912161410817818,0.3451153283689646,0.1796310713799385,0.259380222662898,0.093895965673872,0.2701898860172969,0.1047056290282708,matched,True,False,0.21606165170669556,0.2641355097293854
AOI-0045,2014-06-23,0.2121324140625313,landsat,зерновые,2014,6,False,9.0,3.0,2,1,8-15,0-7,0.0255465194932972,0.7791899827819456,0.1848468310580904,0.0104166666666666,0.8333333333333334,9.0,3.0,A,0,r0_f0,17,0.2325819767419958,0.0204495626794644,0.2687596087352139,0.0566271946726825,0.2506707927386048,0.0385383786760735,0.2597152007369094,0.0475827866743781,0.3451153283689646,0.1329829143064332,0.2631068537362735,0.0509744396737422,0.2743274744049119,0.0621950603423805,matched,True,False,0.20866429805755615,0.25183820724487305
AOI-0045,2015-04-30,0.7073623480439519,landsat,зерновые,2015,4,False,7.0,8.0,1,0,0-7,8-15,0.0218970167085405,0.8821628423845248,0.0870115694783632,0.0089285714285714,0.6818181818181818,7.0,8.0,A,0,r0_f0,17,0.5596049530531174,-0.1477573949908345,0.8122442289570001,0.1048818809130481,0.6859245910050588,-0.0214377570388931,0.6775032818082626,-0.0298590662356893,0.4255410151100299,-0.281821332933922,0.7047504449183533,-0.0026119031255986,0.6996068691488544,-0.0077554788950975,matched,True,False,0.6580325961112976,0.7162430882453918
AOI-0045,2015-06-10,0.7401410811791657,landsat,зерновые,2015,6,False,1.0,7.0,1,0,0-7,0-7,0.0130450312306198,0.3553310550375892,0.6263047647956207,0.0053191489361702,0.9375,1.0,7.0,A,0,r0_f0,17,0.7913025147220613,0.0511614335428955,0.5641320549199338,-0.1760090262592318,0.6777172848209976,-0.062423796358168,0.7629062072467954,0.0227651260676297,0.4271600780596599,-0.3129810031195058,0.7802702017227888,0.0401291205436231,0.7674438216110695,0.0273027404319038,matched,True,False,0.7487220168113708,0.7624650597572327
AOI-0045,2015-07-04,0.3674263805646496,landsat,зерновые,2015,7,False,8.0,7.0,1,0,8-15,0-7,0.032269287781007,0.8789768203561418,0.0755959971260089,0.0131578947368421,0.6818181818181818,8.0,7.0,A,0,r0_f0,17,0.4949481255686987,0.1275217450040491,0.4171884297126584,0.0497620491480088,0.4560682776406786,0.0886418970760289,0.4534762877788105,0.0860499072141609,0.2630204565263085,-0.104405924038341,0.4412202492975914,0.0737938687329418,0.4466968750980992,0.0792704945334495,matched,True,False,0.473338782787323,0.4539596438407898
AOI-0045,2016-08-15,0.2066012152251156,landsat,зерновые,2016,8,False,3.0,7.0,1,0,0-7,0-7,0.0278689303563242,0.7591163448530316,0.2016510884270077,0.0113636363636363,0.8333333333333334,3.0,7.0,A,0,r0_f0,17,0.2555643949044586,0.0489631796793429,0.2083272848965983,0.0017260696714826,0.2319458399005284,0.0253446246754128,0.2413932619021005,0.0347920466769849,0.2264504280945846,0.019849212869469,0.2524857832181763,0.0458845679930606,0.2528619878591624,0.0462607726340468,matched,True,False,0.22174425423145294,0.24175216257572174
AOI-0045,2017-06-06,0.8840968140373966,landsat,зерновые,2017,6,False,7.0,1.0,1,0,0-7,0-7,0.0816598896199729,0.7718924870864592,0.1386351232935678,0.0078125,0.9375,7.0,1.0,A,0,r0_f0,17,0.9070779997983986,0.022981185761002,0.8375831686553485,-0.046513645382048,0.8723305842268736,-0.0117662298105229,0.8462700225482298,-0.0378267914891667,0.4271600780596599,-0.4569367359777367,0.8545506679613121,-0.0295461460760845,0.8513702602166112,-0.0327265538207853,matched,True,False,0.851503849029541,0.8636769652366638
AOI-0045,2017-08-10,0.1391622952638647,landsat,зерновые,2017,8,False,1.0,1.0,1,0,0-7,0-7,0.148810208639972,0.7000180511860223,0.1431072240449732,0.0080645161290322,0.9375,1.0,1.0,A,0,r0_f0,17,0.1820129264603504,0.0428506311964856,0.1398955153498103,0.0007332200859455,0.1609542209050803,0.0217919256412156,0.1609542209050803,0.0217919256412156,0.2450616466473928,0.1058993513835281,0.1601263865567613,0.0209640912928966,0.1599242415406686,0.0207619462768038,matched,True,False,0.19674137234687805,0.1568620800971985
AOI-0045,2018-05-03,0.6223868794410179,s2,зерновые,2018,5,False,2.0,6.0,1,0,0-7,0-7,0.6311055504574137,0.3000143483786332,0.0624698447536966,0.0064102564102564,0.8823529411764706,2.0,6.0,A,0,r0_f0,17,0.6224515526281206,6.467318710268177e-05,0.7578404549590539,0.135453575518036,0.6901460037935873,0.0677591243525693,0.6562987782108539,0.033911898769836,0.5254636363636364,-0.0969232430773815,0.6798558746413402,0.0574689952003223,0.6828458737763052,0.0604589943352873,matched,True,False,0.651724100112915,0.6567217111587524
AOI-0045,2018-07-20,0.1737513592859822,landsat,зерновые,2018,7,False,1.0,7.0,1,0,0-7,0-7,0.0733234758108697,0.804570890307577,0.1107419975179168,0.0113636363636363,0.9375,1.0,7.0,A,0,r0_f0,17,0.1094528331214987,-0.0642985261644835,0.2243939302759914,0.0506425709900091,0.166923381698745,-0.0068279775872371,0.1238204702658102,-0.0499308890201719,0.2489787567892391,0.0752273975032568,0.1108792716444951,-0.062872087641487,0.1137483066257788,-0.0600030526602033,matched,True,False,0.2283957600593567,0.12591135501861572
AOI-0045,2019-05-18,0.1646178029808613,s2,зерновые,2019,5,False,7.0,1.0,1,0,0-7,0-7,0.5366617379054349,0.3795581724265158,0.0780982714862311,0.0056818181818181,0.9375,7.0,1.0,A,0,r0_f0,17,0.275348439601724,0.1107306366208627,0.214424121092888,0.0498063181120267,0.244886280347306,0.0802684773664447,0.2220396609064925,0.0574218579256312,0.5309082973870619,0.3662904944062006,0.2152576330108251,0.0506398300299638,0.2086467103119985,0.0440289073311372,matched,True,False,0.27660462260246277,0.22408488392829895
AOI-0045,2019-06-02,0.1560089541226572,s2,зерновые,2019,6,False,5.0,2.0,1,0,0-7,0-7,0.5398701220347006,0.3717086714484282,0.0837042253847956,0.0047169811320754,0.8823529411764706,5.0,2.0,A,0,r0_f0,17,0.1692745360042558,0.0132655818815985,0.2309153869501738,0.0749064328275166,0.2000949614772147,0.0440860073545575,0.2133037152513401,0.0572947611286829,0.4271600780596599,0.2711511239370027,0.2140697541135076,0.0580607999908504,0.2139678380588257,0.0579588839361684,matched,True,False,0.2088194638490677,0.20871317386627197
AOI-0045,2019-08-29,0.2768242493175615,modis,зерновые,2019,8,False,3.0,2.0,1,0,0-7,0-7,0.62056129606507,0.1983145692672321,0.1768868465321045,0.0042372881355932,0.8823529411764706,3.0,2.0,A,0,r0_f0,17,0.1409748512846697,-0.1358493980328918,0.1381196753158916,-0.1387045740016699,0.1395472633002806,-0.1372769860172808,0.1392617457034028,-0.1375625036141586,0.2316166079381505,-0.0452076413794109,0.1384937165414589,-0.1383305327761025,0.1278595682375981,-0.1489646810799633,matched,True,False,0.2126569151878357,0.13684125244617462
AOI-0045,2019-09-10,0.152143728597879,s2,зерновые,2019,9,False,1.0,4.0,1,0,0-7,0-7,0.702513699285314,0.2155679908170376,0.0763627543420926,0.0055555555555555,0.9375,1.0,4.0,A,0,r0_f0,17,0.1918554684368975,0.0397117398390184,0.2349919381255687,0.0828482095276897,0.2134237032812331,0.0612799746833541,0.2004827623746317,0.0483390337767527,0.2316166079381505,0.0794728793402715,0.2067231011472285,0.0545793725493495,0.2167436953460472,0.0645999667481682,matched,True,False,0.16212008893489838,0.2018308937549591
AOI-0045,2019-10-03,0.1729944270507016,landsat,зерновые,2019,10,False,1.0,8.0,2,0,0-7,8-15,0.2078932025125605,0.655576280991359,0.1272712572368211,0.0092592592592592,0.9375,1.0,8.0,A,0,r0_f0,17,0.3229338934489366,0.149939466398235,0.2350193407142109,0.0620249136635093,0.2789766170815737,0.1059821900308721,0.3131656098117448,0.1401711827610432,0.260829938178002,0.0878355111273004,0.3201859630954775,0.1471915360447759,0.3208059378842393,0.1478115108335377,matched,True,False,0.2704746127128601,0.3113032281398773
AOI-0045,2019-10-10,0.1753904286162037,s2,зерновые,2019,10,False,8.0,1.0,2,1,8-15,0-7,0.7080286273804907,0.1974502458145306,0.0881108703947223,0.0064102564102564,0.9375,8.0,1.0,A,0,r0_f0,17,0.3229338934489366,0.1475434648327329,0.2350193407142109,0.0596289120980072,0.2789766170815737,0.10358618846537,0.2447876243514026,0.0693971957351989,0.260829938178002,0.0854395095617983,0.2401700191009602,0.0647795904847565,0.2452435484998122,0.0698531198836085,matched,True,False,0.27077537775039673,0.24483177065849304
AOI-0045,2020-04-07,0.8159369442043379,s2,зерновые,2020,4,False,1.0,5.0,1,0,0-7,0-7,0.800409889619973,0.1468924870864592,0.0448851232935678,0.0078125,0.9375,1.0,5.0,A,0,r0_f0,17,0.73413110100091,-0.0818058432034279,0.748063929113443,-0.0678730150908949,0.7410975150571765,-0.0748394291471614,0.7364532390196654,-0.0794837051846725,0.3214263485852348,-0.4945105956191031,0.7351631623425791,-0.0807737818617588,0.7242688554764544,-0.0916680887278835,matched,True,False,0.6967211365699768,0.7322461605072021
AOI-0045,2020-04-17,0.779466633366537,s2,зерновые,2020,4,False,5.0,2.0,1,0,0-7,0-7,0.605464524816388,0.3256553740196589,0.0624698447536966,0.0064102564102564,0.8823529411764706,5.0,2.0,A,0,r0_f0,17,0.748063929113443,-0.0314027042530939,0.537793170129114,-0.241673463237423,0.6429285496212784,-0.1365380837452585,0.5978705298389223,-0.1815961035276146,0.4255410151100299,-0.3539256182565071,0.5794795013563279,-0.1999871320102091,0.5707129905616032,-0.2087536428049338,matched,True,False,0.7157930135726929,0.6000973582267761
AOI-0045,2020-05-12,0.8624184876952788,s2,зерновые,2020,5,False,4.0,5.0,1,0,0-7,0-7,0.6451656422007986,0.2796032568727897,0.0701290601100851,0.0051020408163265,0.7894736842105263,4.0,5.0,A,0,r0_f0,17,0.8352421317180053,-0.0271763559772735,0.8149268164683204,-0.0474916712269584,0.8250844740931629,-0.0373340136021159,0.8262131027181453,-0.0362053849771335,0.5254636363636364,-0.3369548513316425,0.8267704501872726,-0.0356480375080062,0.8245533844798522,-0.0378651032154266,matched,True,False,0.8309319615364075,0.8318133354187012
AOI-0045,2020-06-07,0.8195872428787996,landsat,зерновые,2020,6,False,1.0,2.0,1,0,0-7,0-7,0.3871038822613045,0.4566853195588898,0.1478774648464723,0.0083333333333333,0.9375,1.0,2.0,A,0,r0_f0,17,0.7094509987832992,-0.1101362440955003,0.7548315286624205,-0.064755714216379,0.7321412637228599,-0.0874459791559396,0.7245778420763397,-0.0950094008024599,0.4271600780596599,-0.3924271648191397,0.720665648769814,-0.0989215941089856,0.7204620702358241,-0.0991251726429754,matched,True,False,0.7661240696907043,0.7235813736915588
AOI-0045,2020-07-26,0.099824096399158,s2,зерновые,2020,7,False,1.0,1.0,1,0,0-7,0-7,0.7403279116959783,0.1925139896691673,0.0609080986348542,0.00625,0.9375,1.0,1.0,A,0,r0_f0,17,0.1448030603659368,0.0449789639667787,0.1689615013648771,0.069137404965719,0.1568822808654069,0.0570581844662489,0.1568822808654069,0.0570581844662489,0.2489787567892391,0.149154660390081,0.1618195418656528,0.0619954454664948,0.1634737309271326,0.0636496345279746,matched,True,False,0.0897533968091011,0.1591261625289917
AOI-0045,2021-06-10,0.3536788353048226,modis,зерновые,2021,6,False,1.0,1.0,1,0,0-7,0-7,0.1625116314686629,0.2018973506937112,0.6308740367055504,0.0047169811320754,0.9375,1.0,1.0,A,0,r0_f0,17,0.2299192207676956,-0.1237596145371269,0.1491442047073483,-0.2045346305974743,0.1895317127375219,-0.1641471225673006,0.1895317127375219,-0.1641471225673006,0.4271600780596599,0.0734812427548373,0.1895317127375219,-0.1641471225673006,0.1864730165730066,-0.1672058187318159,matched,True,False,0.28364717960357666,0.1875079870223999
AOI-0045,2021-07-11,0.1406726550991332,s2,зерновые,2021,7,False,7.0,1.0,1,0,0-7,0-7,0.7866617379054349,0.197739990608334,0.0099164533044129,0.0056818181818181,0.9375,7.0,1.0,A,0,r0_f0,17,0.2491177440283787,0.1084450889292454,0.2120725288407239,0.0713998737415906,0.2305951364345513,0.089922481335418,0.2167031807391807,0.0760305256400475,0.2630204565263085,0.1223478014271753,0.2190578854482877,0.0783852303491544,0.2183956685899306,0.0777230134907974,matched,True,False,0.1540256291627884,0.21505950391292572
AOI-0045,2021-07-20,0.1635085216458265,landsat,зерновые,2021,7,False,1.0,1.0,1,0,0-7,0-7,0.3312737103015051,0.6038676764141037,0.0552432286690065,0.0096153846153846,0.9375,1.0,1.0,A,0,r0_f0,17,0.2003948494973218,0.0368863278514953,0.1324137302878119,-0.0310947913580146,0.1664042898925668,0.0028957682467403,0.1664042898925668,0.0028957682467403,0.2489787567892391,0.0854702351434125,0.1664042898925668,0.0028957682467403,0.1670495273696846,0.0035410057238581,matched,True,False,0.20444810390472412,0.1678784191608429
AOI-0045,2021-08-28,0.1812165543364206,landsat,зерновые,2021,8,False,3.0,1.0,1,0,0-7,0-7,0.8049561969264915,0.1558269671341092,0.0334028824510272,0.005813953488372,0.9375,3.0,1.0,A,0,r0_f0,17,0.1649485791316287,-0.0162679752047918,0.217552753135428,0.0363361987990074,0.1912506661335283,0.0100341117971077,0.2044017096344781,0.0231851552980575,0.2264504280945846,0.045233873758164,0.2112775664729874,0.0300610121365668,0.2082715158494373,0.0270549615130167,matched,True,False,0.1928594708442688,0.2045716941356659
AOI-0045,2022-04-23,0.8655561146496813,modis,зерновые,2022,4,False,6.0,2.0,1,0,0-7,0-7,0.1747839357788933,0.1581919924866672,0.6624786171889849,0.0045454545454545,0.8823529411764706,6.0,2.0,A,0,r0_f0,17,0.7621598264671896,-0.1033962881824916,0.8852648026708253,0.019708688021144,0.8237123145690075,-0.0418438000806737,0.8544885586199165,-0.0110675560297648,0.4255410151100299,-0.4400150995396514,0.871204824997472,0.0056487103477906,0.8544267452671879,-0.0111293693824934,matched,True,False,0.8191481232643127,0.8478574156761169
AOI-0045,2022-06-01,0.8634303663639652,s2,зерновые,2022,6,False,4.0,4.0,1,0,0-7,0-7,0.6358470326186474,0.2600124352614821,0.0985849765643149,0.0055555555555555,0.7894736842105263,4.0,4.0,A,0,r0_f0,17,0.9159839374251528,0.0525535710611876,0.861105103727751,-0.0023252626362142,0.888544520576452,0.0251141542124867,0.888544520576452,0.0251141542124867,0.4271600780596599,-0.4362702883043053,0.8932927458304483,0.029862379466483,0.8893021674271748,0.0258718010632096,matched,True,False,0.8183070421218872,0.8759841322898865
AOI-0045,2022-06-29,0.3494854163299012,landsat,зерновые,2022,6,False,1.0,2.0,1,0,0-7,0-7,0.5776059710913044,0.3528407469201263,0.0648363008564937,0.0047169811320754,0.9375,1.0,2.0,A,0,r0_f0,17,0.3290012573955961,-0.0204841589343051,0.2478241567263803,-0.1016612596035209,0.2884127070609882,-0.061072709268913,0.3019422238391908,-0.0475431924907103,0.3451153283689646,-0.0043700879609366,0.3079553424072809,-0.0415300739226203,0.3080426061885346,-0.0414428101413666,matched,True,False,0.3099636733531952,0.3003898561000824
AOI-0045,2023-04-03,0.2331937075319607,landsat,зерновые,2023,4,False,1.0,2.0,2,0,0-7,0-7,0.2713597922258314,0.5706211521627468,0.1433131732584806,0.0147058823529411,0.9375,1.0,2.0,A,0,r0_f0,17,0.1804044031440821,-0.0527893043878786,0.2139253581952444,-0.0192683493367162,0.1971648806696632,-0.0360288268622974,0.1915780548278028,-0.0416156527041578,0.3214263485852348,0.088232641053274,0.1845920161443653,-0.0486016913875953,0.1874500992084058,-0.0457436083235548,matched,True,False,0.2742997407913208,0.19112104177474976
AOI-0045,2023-04-04,0.2153507267891476,landsat,зерновые,2023,4,False,2.0,1.0,2,1,0-7,0-7,0.3423585957367462,0.5709857931215062,0.0785910950127151,0.0080645161290322,0.9375,2.0,1.0,A,0,r0_f0,17,0.1804044031440821,-0.0349463236450655,0.2139253581952444,-0.0014253685939031,0.1971648806696632,-0.0181858461194843,0.2027517065115236,-0.0125990202776239,0.3214263485852348,0.1060756217960871,0.196228730267129,-0.0191219965220185,0.1983214509330237,-0.0170292758561238,matched,True,False,0.25193944573402405,0.2021007537841797
AOI-0045,2023-04-29,0.2952669387956352,landsat,зерновые,2023,4,False,2.0,3.0,1,0,0-7,0-7,0.3890068510493608,0.3941505639274527,0.2021367026702453,0.0147058823529411,0.8823529411764706,2.0,3.0,A,0,r0_f0,17,0.2115410285847967,-0.0837259102108385,0.1476581693570607,-0.1476087694385745,0.1795995989709287,-0.1156673398247065,0.1859878848937023,-0.1092790539019329,0.4255410151100299,0.1302740763143947,0.1771414856886303,-0.1181254531070048,0.1785365028191109,-0.1167304359765242,matched,True,False,0.19966091215610504,0.1828262060880661
AOI-0045,2023-05-25,0.4215571600642398,modis,зерновые,2023,5,False,8.0,12.0,2,0,8-15,8-15,0.3020566630516206,0.140010174304849,0.5533877080980758,0.0045454545454545,0.6521739130434783,8.0,12.0,A,0,r0_f0,17,0.2416860797649362,-0.1798710802993036,0.177809849739686,-0.2437473103245538,0.2097479647523111,-0.2118091953119287,0.2161355877548361,-0.2054215723094036,0.5309082973870619,0.109351137322822,0.2192016467960481,-0.2023555132681917,0.2156913134409947,-0.205865846623245,matched,True,False,0.3353104591369629,0.2263329029083252
AOI-0045,2023-05-31,0.2516870654481252,landsat,зерновые,2023,5,False,14.0,6.0,2,1,8-15,0-7,0.2625212575116943,0.6448468823022998,0.0840111705308334,0.0086206896551724,0.7142857142857143,14.0,6.0,A,0,r0_f0,17,0.2416860797649362,-0.0100009856831889,0.177809849739686,-0.0738772157084391,0.2097479647523111,-0.041939100695814,0.196972718747261,-0.0547143467008641,0.4271600780596599,0.1754730126115347,0.19160711542514,-0.0600799500229851,0.187468530546399,-0.0642185349017261,matched,True,False,0.2419734001159668,0.19399812817573547
AOI-0045,2023-06-23,0.2256035596417674,landsat,зерновые,2023,6,False,2.0,1.0,1,0,0-7,0-7,0.2293293903243479,0.7218283561230308,0.0442967990071667,0.0045454545454545,0.9375,2.0,1.0,A,0,r0_f0,17,0.0729538711909939,-0.1526496884507734,0.243866629315154,0.0182630696733865,0.1584102502530739,-0.0671933093886934,0.1868957099404339,-0.0387078497013334,0.3451153283689646,0.1195117687271971,0.1995559142459272,-0.0260476453958401,0.2028921754912752,-0.0227113841504922,matched,True,False,0.17297853529453278,0.1805078536272049
AOI-0045,2023-07-18,0.2089371386902741,landsat,зерновые,2023,7,False,2.0,3.0,1,0,0-7,0-7,0.4336976796621982,0.4639044329657415,0.0954534429276158,0.0069444444444444,0.8823529411764706,2.0,3.0,A,0,r0_f0,17,0.1355785975138168,-0.0733585411764573,0.1829728033794991,-0.025964335310775,0.1592757004466579,-0.0496614382436161,0.1545362798600897,-0.0544008588301843,0.2489787567892391,0.0400416180989649,0.1522613579785369,-0.0566757807117371,0.1568117333854941,-0.05212540530478,matched,True,False,0.19423902034759521,0.15410363674163818
AOI-0045,2023-08-01,0.1766503818713069,landsat,зерновые,2023,8,False,1.0,2.0,1,0,0-7,0-7,0.2475112085061661,0.6854647197593945,0.0624786171889849,0.0045454545454545,0.9375,1.0,2.0,A,0,r0_f0,17,0.0703725358460844,-0.1062778460252225,0.2220839999047345,0.0454336180334276,0.1462282678754094,-0.0304221139958974,0.1209430238656344,-0.0557073580056724,0.2450616466473928,0.0684112647760858,0.1097051376390677,-0.0669452442322391,0.1136856524570223,-0.0629647294142845,matched,True,False,0.19561412930488586,0.12595511972904205
AOI-0045,2023-08-29,0.2424023566878981,modis,зерновые,2023,8,False,1.0,1.0,1,0,0-7,0-7,0.1602186077973189,0.1950093264461116,0.6406053990899029,0.0041666666666666,0.9375,1.0,1.0,A,0,r0_f0,17,0.1300695179746161,-0.112332838713282,0.1571227991265518,-0.0852795575613463,0.1435961585505839,-0.0988061981373141,0.1435961585505839,-0.0988061981373141,0.2316166079381505,-0.0107857487497476,0.1409438364618453,-0.1014585202260527,0.1431569835820928,-0.0992453731058052,matched,True,False,0.2282259464263916,0.14152011275291443
AOI-0045,2023-09-11,0.1960745945471912,landsat,зерновые,2023,9,False,8.0,3.0,1,0,8-15,0-7,0.2832467431180276,0.6512331606528462,0.0594225352535163,0.0060975609756097,0.8333333333333334,8.0,3.0,A,0,r0_f0,17,0.1905485874209854,-0.0055260071262057,0.1534714783441805,-0.0426031162030106,0.1720100328825829,-0.0240645616646082,0.1635834171833091,-0.032491177363882,0.2316166079381505,0.0355420133909593,0.1602406274844236,-0.0358339670627675,0.1652608413339981,-0.030813753213193,matched,True,False,0.20236045122146606,0.16069525480270386
AOI-0045,2023-09-28,0.1925521837724786,landsat,зерновые,2023,9,False,1.0,1.0,1,0,0-7,0-7,0.2819672765866346,0.618539243954322,0.090234220199784,0.0092592592592592,0.9375,1.0,1.0,A,0,r0_f0,17,0.1950214311435615,0.0024692473710828,0.1485076321290389,-0.0440445516434397,0.1717645316363001,-0.0207876521361784,0.1717645316363001,-0.0207876521361784,0.260829938178002,0.0682777544055234,0.1717645316363001,-0.0207876521361784,0.1729117302589434,-0.0196404535135351,matched,True,False,0.23689770698547363,0.17292171716690063
AOI-0045,2023-10-09,0.2337753973713039,s2,зерновые,2023,10,False,3.0,2.0,1,0,0-7,0-7,0.7733274721037604,0.1540691780207215,0.0658465931187613,0.0067567567567567,0.8823529411764706,3.0,2.0,A,0,r0_f0,17,0.2565300748887735,0.0227546775174695,0.247390597338303,0.013615199966999,0.2519603361135382,0.0181849387422343,0.2510463883584911,0.0172709909871872,0.260829938178002,0.0270545408066981,0.2523051411643406,0.0185297437930367,0.2516721310453387,0.0178967336740347,matched,True,False,0.28386595845222473,0.25096648931503296
AOI-0045,2023-10-19,0.1834528512220662,s2,зерновые,2023,10,False,3.0,3.0,1,0,0-7,0-7,0.6502981015417985,0.2886490815174249,0.0553709987589584,0.0056818181818181,0.8333333333333334,3.0,3.0,A,0,r0_f0,17,0.5970580982711559,0.4136052470490896,0.3657828541151143,0.1823300028930481,0.4814204761931351,0.2979676249710689,0.4814204761931351,0.2979676249710689,0.2585614930612934,0.0751086418392271,0.481420476193135,0.2979676249710689,0.4807375320468556,0.2972846808247894,matched,True,False,0.35676902532577515,0.4855840504169464
AOI-0045,2024-06-25,0.160987664522271,s2,зерновые,2024,6,False,5.0,1.0,1,0,0-7,0-7,0.4216627940685559,0.2089385640494052,0.364934356167753,0.0044642857142857,0.9375,5.0,1.0,A,0,r0_f0,17,0.2415763196110407,0.0805886550887697,0.2475737950888453,0.0865861305665743,0.244575057349943,0.083587392827672,0.2465742158425445,0.0855865513202735,0.3451153283689646,0.1841276638466935,0.2471295376460449,0.0861418731237739,0.2474360039585501,0.086448339436279,matched,True,False,0.2216525673866272,0.24420350790023804
AOI-0045,2024-06-30,0.1567172108803617,s2,зерновые,2024,6,False,4.0,3.0,1,0,0-7,0-7,0.711932941112538,0.2488502229480627,0.0334028824510272,0.005813953488372,0.8333333333333334,4.0,3.0,A,0,r0_f0,17,0.2475737950888453,0.0908565842084836,0.2162219266496834,0.0595047157693217,0.2318978608692643,0.0751806499889026,0.2296584416950385,0.0729412308146768,0.2630204565263085,0.1063032456459468,0.2348531179966261,0.0781359071162644,0.2305092269201145,0.0737920160397528,matched,True,False,0.2010992467403412,0.2280387431383133
AOI-0045,2024-10-07,0.1774613613789483,landsat,зерновые,2024,10,False,7.0,1.0,1,0,0-7,0-7,0.2533269549364451,0.6970752819637263,0.0422448219233579,0.0073529411764705,0.9375,7.0,1.0,A,0,r0_f0,17,0.1514097800738824,-0.0260515813050659,0.1108911713852102,-0.0665701899937381,0.1311504757295463,-0.046310885649402,0.1159559974712942,-0.061505363907654,0.260829938178002,0.0833685767990537,0.1116038475038448,-0.0658575138751034,0.1149799716356648,-0.0624813897432834,matched,True,False,0.14984837174415588,0.11612017452716827
AOI-0048,2010-04-07,0.2949396318354089,modis,зерновые,2010,4,True,,9.0,1,0,none,8-15,0.0136248103964252,0.3711235463725932,0.609696087675426,0.0055555555555555,0.3125,,9.0,A,0,r0_f0,17,0.2179979593997346,-0.0769416724356742,0.2179979593997346,-0.0769416724356742,0.2179979593997346,-0.0769416724356742,0.2179979593997346,-0.0769416724356742,0.3214263485852348,0.0264867167498258,0.2179979593997346,-0.0769416724356742,0.2179979593997346,-0.0769416724356742,matched,False,False,0.27234506607055664,0.10299167037010193
AOI-0048,2020-10-21,0.1324644494712508,landsat,зерновые,2020,10,True,1.0,163.0,2,0,0-7,31+,0.4179615855582232,0.5087199820333346,0.0624488671910508,0.0108695652173913,0.9375,1.0,163.0,A,0,r0_f0,17,0.1958008727073959,0.0633364232361451,0.2751734735867566,0.1427090241155058,0.2354871731470762,0.1030227236758254,0.1962848519810505,0.0638204025097997,0.2585614930612934,0.1260970435900426,0.1958014643622456,0.0633370148909948,0.1952160205426427,0.0627515710713919,matched,False,False,0.17968083918094635,0.19580087065696716
AOI-0048,2020-10-24,0.1205581190383515,s2,зерновые,2020,10,True,4.0,160.0,2,1,0-7,31+,0.6006245937066255,0.3190742660365093,0.0683963783521033,0.0119047619047619,0.7894736842105263,4.0,160.0,A,0,r0_f0,17,0.1958008727073959,0.0752427536690444,0.2751734735867566,0.154615354548405,0.2354871731470762,0.1149290541087247,0.1977367898020144,0.0771786707636629,0.2585614930612934,0.1380033740229418,0.1958110339889028,0.0752529149505513,0.193509268003839,0.0729511489654875,matched,False,False,0.13496030867099762,0.195979505777359
AOI-0048,2021-07-19,0.3182342492653682,landsat,зерновые,2021,7,True,3.0,1.0,1,0,0-7,0-7,0.7577258822944497,0.2063948848248233,0.0305600839445568,0.0053191489361702,0.9375,3.0,1.0,A,0,r0_f0,17,0.2576333677756836,-0.0606008814896846,0.2543727420280152,-0.063861507237353,0.2560030549018494,-0.0622311943635188,0.2551878984649323,-0.0630463508004359,0.2489787567892391,-0.0692554924761291,0.2556860310297346,-0.0625482182356335,0.2607401941221521,-0.057494055143216,matched,False,False,0.29746514558792114,0.25264281034469604
AOI-0048,2024-08-20,0.5582552428421489,landsat,зерновые,2024,8,True,1.0,1.0,1,0,0-7,0-7,0.2721311914830547,0.7102707586350434,0.0111877934716453,0.0064102564102564,0.9375,1.0,1.0,A,0,r0_f0,17,0.5382775928413207,-0.0199776500008281,0.5337898938563217,-0.0244653489858271,0.5360337433488211,-0.0222214994933277,0.5360337433488211,-0.0222214994933277,0.2264504280945846,-0.3318048147475643,0.5360783796855901,-0.0221768631565587,0.5367654820369375,-0.0214897608052113,matched,False,False,0.5533650517463684,0.5350731611251831
AOI-0050,2011-08-07,0.6745456636528382,landsat,озимая пшеница,2011,8,False,7.0,1.0,1,0,0-7,0-7,0.034062025991063,0.7055866437092608,0.2464624414107872,0.0138888888888888,0.9375,7.0,1.0,A,0,r0_f0,17,0.5725499372000198,-0.1019957264528184,0.6797373153846376,0.0051916517317993,0.6261436262923287,-0.0484020373605095,0.6663388931115604,-0.0082067705412778,0.3383295609182435,-0.3362161027345947,0.6751316077282673,0.0005859440754291,0.6776757111502809,0.0031300474974427,matched,True,False,0.6477819681167603,0.6684293150901794
AOI-0050,2011-08-31,0.6177362045981378,landsat,озимая пшеница,2011,8,False,2.0,14.0,2,0,0-7,8-15,0.0306558233919567,0.7350279793383347,0.2218161972697085,0.0125,0.8823529411764706,2.0,14.0,A,0,r0_f0,17,0.6324962264150945,0.0147600218169566,0.5771396226415095,-0.0405965819566283,0.6048179245283021,-0.0129182800698357,0.6255766509433964,0.0078404463452586,0.2613607703614092,-0.3563754342367286,0.6256881502428066,0.0079519456446687,0.6255754730985752,0.0078392685004373,matched,True,False,0.5847753882408142,0.6259236335754395
AOI-0050,2011-09-08,0.4692334665905163,landsat,озимая пшеница,2011,9,False,10.0,6.0,2,1,8-15,0-7,0.043794033417081,0.6214685419119068,0.3168802818138693,0.0178571428571428,0.7142857142857143,10.0,6.0,A,0,r0_f0,17,0.6324962264150945,0.1632627598245782,0.5771396226415095,0.1079061560509932,0.6048179245283021,0.1355844579377857,0.5978983490566039,0.1286648824660876,0.2613607703614092,-0.2078726962291071,0.5992490615684356,0.1300155949779193,0.5978978837565763,0.1286644171660599,matched,True,False,0.6020966172218323,0.6060623526573181
AOI-0050,2011-09-25,0.5693189837899729,landsat,озимая пшеница,2011,9,False,1.0,5.0,1,0,0-7,0-7,0.0235814026091974,0.796175368721796,0.1706278440536219,0.0096153846153846,0.9375,1.0,5.0,A,0,r0_f0,17,0.4796280783818317,-0.0896909054081412,0.5406754716981133,-0.0286435120918596,0.5101517750399724,-0.0591672087500004,0.4898026439345453,-0.0795163398554276,0.2323186698409349,-0.337000313949038,0.484150107516371,-0.0851688762736018,0.4886504587244766,-0.0806685250654963,matched,True,False,0.4821197986602783,0.4906597137451172
AOI-0050,2011-10-02,0.5010601986825474,landsat,озимая пшеница,2011,10,False,2.0,9.0,1,0,0-7,8-15,0.0471628052183949,0.6692738143666689,0.2643326111841669,0.0192307692307692,0.8823529411764706,2.0,9.0,A,0,r0_f0,17,0.5406754716981133,0.0396152730155658,0.4517970592458986,-0.0492631394366487,0.4962362654720059,-0.0048239332105414,0.5245157603431652,0.0234555616606177,0.2300744919123765,-0.2709857067701708,0.532929494354419,0.0318692956718716,0.5370629735777779,0.0360027748952305,matched,True,False,0.4475935101509094,0.522148609161377
AOI-0050,2012-04-22,0.6322169811320755,modis,озимая пшеница,2012,4,False,16.0,5.0,1,0,16-30,0-7,0.0133286188660681,0.2543599910166673,0.726876607508569,0.0054347826086956,0.75,16.0,5.0,A,0,r0_f0,17,0.3297452830188679,-0.3024716981132075,0.5358316015183261,-0.0963853796137493,0.432788442268597,-0.1994285388634784,0.4867634304470265,-0.1454535506850489,0.5416330578512396,-0.0905839232808358,0.5006798069112316,-0.1315371742208438,0.4914964822911462,-0.1407204988409293,matched,True,False,0.5944892168045044,0.46165332198143005
AOI-0050,2013-04-15,0.4283389353998981,landsat,озимая пшеница,2013,4,False,8.0,8.0,1,0,8-15,8-15,0.0278689303563242,0.8500254357621224,0.1107419975179168,0.0113636363636363,0.6521739130434783,8.0,8.0,A,0,r0_f0,17,0.3986188679245283,-0.0297200674753698,0.578479245283019,0.1501403098831208,0.4885490566037736,0.0602101212038755,0.4885490566037736,0.0602101212038755,0.4166117421924103,-0.0117271932074877,0.4885490566037735,0.0602101212038754,0.4790221340376911,0.050683198637793,matched,True,False,0.3561585247516632,0.5037721395492554
AOI-0050,2013-09-22,0.5916679805192978,landsat,озимая пшеница,2013,9,False,8.0,8.0,1,0,8-15,8-15,0.0510930389865945,0.6417132988972246,0.2863603287828475,0.0208333333333333,0.6521739130434783,8.0,8.0,A,0,r0_f0,17,0.5481641509433963,-0.0435038295759014,0.625254716981132,0.0335867364618341,0.5867094339622642,-0.0049585465570336,0.5867094339622642,-0.0049585465570336,0.2323186698409349,-0.3593493106783629,0.586709433962264,-0.0049585465570337,0.5798438150490217,-0.011824165470276,matched,True,False,0.5804363489151001,0.5931876301765442
AOI-0050,2014-06-26,0.6971566037735851,modis,озимая пшеница,2014,6,False,13.0,2.0,1,0,8-15,0-7,0.0127732597466486,0.1604283247243061,0.821590082195712,0.0052083333333333,0.8823529411764706,13.0,2.0,A,0,r0_f0,17,0.7985834213439189,0.1014268175703337,0.6354184270116914,-0.0617381767618937,0.7170009241778051,0.01984432040422,0.6571737595893217,-0.0399828441842634,0.5174310253937682,-0.1797255783798169,0.6824186400091758,-0.0147379637644092,0.7093669625008446,0.0122103587272595,matched,True,False,0.7100338935852051,0.6505599021911621
AOI-0050,2014-08-16,0.5459746610493792,landsat,озимая пшеница,2014,8,False,1.0,13.0,2,0,0-7,8-15,0.0197779505754559,0.8290503092505385,0.1431072240449732,0.0080645161290322,0.9375,1.0,13.0,A,0,r0_f0,17,0.6074240845668336,0.0614494235174544,0.5257301886792454,-0.0202444723701338,0.5665771366230394,0.0206024755736602,0.6015888062891488,0.0556141452397696,0.2647903045120205,-0.2811843565373586,0.6062332114489388,0.0602585503995596,0.6227014937170754,0.0767268326676962,matched,True,False,0.5324604511260986,0.5994913578033447
AOI-0050,2014-08-24,0.592795744024933,landsat,озимая пшеница,2014,8,False,9.0,5.0,2,1,8-15,0-7,0.0197779505754559,0.8290503092505385,0.1431072240449732,0.0080645161290322,0.75,9.0,5.0,A,0,r0_f0,17,0.6074240845668336,0.0146283405419006,0.5257301886792454,-0.0670655553456875,0.5665771366230394,-0.0262186074018935,0.5549065800676697,-0.0378891639572632,0.2647903045120205,-0.3280054395129124,0.5495476510371428,-0.0432480929877902,0.536442553620138,-0.0563531904047949,matched,True,False,0.5647890567779541,0.5543088912963867
AOI-0050,2016-08-29,0.438536044156836,landsat,озимая пшеница,2016,8,False,1.0,7.0,1,0,0-7,0-7,0.0218970167085405,0.9535914138130962,0.0155829980497918,0.0089285714285714,0.9375,1.0,7.0,A,0,r0_f0,17,0.4000301058361732,-0.0385059383206627,0.4743547316912969,0.0358186875344608,0.437192418763735,-0.0013436253931009,0.4093206840680636,-0.0292153600887723,0.2613607703614092,-0.1771752737954268,0.4051328990454206,-0.0334031451114153,0.4063844652731674,-0.0321515788836685,matched,True,False,0.38881716132164,0.4099019169807434
AOI-0050,2017-04-17,0.33101532994255,landsat,озимая пшеница,2017,4,False,1.0,6.0,1,0,0-7,0-7,0.2408744311892756,0.5133706391177797,0.229088263026278,0.0166666666666666,0.9375,1.0,6.0,A,0,r0_f0,17,0.2722170979693021,-0.0587982319732479,0.5995056603773585,0.2684903304348085,0.4358613791733303,0.1048460492307803,0.3189726068847388,-0.0120427230578112,0.5416330578512396,0.2106177279086896,0.2903467850997775,-0.0406685448427724,0.3026994587900967,-0.0283158711524533,matched,True,False,0.3817414939403534,0.3123472332954407
AOI-0050,2017-04-26,0.3535146496685674,s2,озимая пшеница,2017,4,False,1.0,5.0,1,0,0-7,0-7,0.7192734180497063,0.1540691780207215,0.1199006471728154,0.0067567567567567,0.9375,1.0,5.0,A,0,r0_f0,17,0.5561929194075959,0.2026782697390284,0.3135387424978546,-0.0399759071707128,0.4348658309527252,0.0813511812841578,0.5157505565893056,0.1622359069207382,0.5416330578512396,0.1881184081826722,0.5195700274382435,0.1660553777696761,0.5208676824058138,0.1673530327372464,matched,True,False,0.3673040568828583,0.50853031873703
AOI-0050,2017-05-03,0.4020837217423327,landsat,озимая пшеница,2017,5,False,2.0,1.0,1,0,0-7,0-7,0.1642325667199606,0.6227527084893952,0.2016510884270077,0.0113636363636363,0.9375,2.0,1.0,A,0,r0_f0,17,0.3135387424978546,-0.0885449792444781,0.4214974410838055,0.0194137193414727,0.36751809179083,-0.0345656299515026,0.3855112082218219,-0.0165725135205108,0.6465173937099522,0.2444336719676195,0.3935081488578182,-0.0085755728845144,0.3831452874796518,-0.0189384342626808,matched,True,False,0.4164675772190094,0.3873744010925293
AOI-0050,2017-07-30,0.6320700124337638,landsat,озимая пшеница,2017,7,False,2.0,1.0,1,0,0-7,0-7,0.2954271825178491,0.5105557677245629,0.1808591550207458,0.0131578947368421,0.9375,2.0,1.0,A,0,r0_f0,17,0.5280094339622642,-0.1040605784714996,0.7973047914818102,0.1652347790480464,0.6626571127220372,0.0305871002882733,0.7075396723086281,0.0754696598748643,0.3383295609182435,-0.2937404515155203,0.7274874765693353,0.0954174641355715,0.7432663218632716,0.1111963094295077,matched,True,False,0.664236843585968,0.7075105905532837
AOI-0050,2018-09-04,0.4534536882951893,landsat,озимая пшеница,2018,9,False,6.0,8.0,1,0,0-7,8-15,0.084294079607714,0.7645341802182805,0.1431072240449732,0.0080645161290322,0.7142857142857143,6.0,8.0,A,0,r0_f0,17,0.401677358490566,-0.0517763298046232,0.4008225191641721,-0.0526311691310171,0.401249938827369,-0.0522037494678202,0.4013109987792543,-0.0521426895159349,0.2613607703614092,-0.19209291793378,0.4010234223014065,-0.0524302659937827,0.3778318909691245,-0.0756217973260647,matched,True,False,0.4501054883003235,0.41013863682746887
AOI-0050,2019-07-04,0.4493429925196106,landsat,озимая пшеница,2019,7,False,4.0,1.0,1,0,0-7,0-7,0.5412265358458939,0.3963170217320999,0.053197183162747,0.0092592592592592,0.9375,4.0,1.0,A,0,r0_f0,17,0.7398322405698279,0.2904892480502173,0.6719972957263304,0.2226543032067198,0.7059147681480791,0.2565717756284685,0.6855642846950298,0.2362212921754192,0.3922055829921826,-0.0571374095274279,0.6817092205943273,0.2323662280747166,0.682492470779978,0.2331494782603674,matched,True,False,0.7311941385269165,0.6815444231033325
AOI-0050,2019-08-14,0.4835380393518049,s2,озимая пшеница,2019,8,False,1.0,7.0,1,0,0-7,0-7,0.7584445690195147,0.2255944089945743,0.0101470684975388,0.005813953488372,0.9375,1.0,7.0,A,0,r0_f0,17,0.5376066926289417,0.0540686532771367,0.5331298774622387,0.0495918381104338,0.5353682850455902,0.0518302456937853,0.5370470907331039,0.0535090513812989,0.2647903045120205,-0.2187477348397843,0.5366759760580139,0.0531379367062089,0.5361692173214987,0.0526311779696938,matched,True,False,0.5964635014533997,0.5389488935470581
AOI-0050,2019-09-18,0.1903278378454564,s2,озимая пшеница,2019,9,False,3.0,5.0,1,0,0-7,0-7,0.6922463910226793,0.2621772861288296,0.0388195660917343,0.0067567567567567,0.8333333333333334,3.0,5.0,A,0,r0_f0,17,0.3169327590557295,0.126604921210273,0.291494534799275,0.1011666969538186,0.3042136469275022,0.1138858090820458,0.307393424959559,0.1170655871141026,0.2323186698409349,0.0419908319954785,0.2993164219628111,0.1089885841173547,0.2676157370670031,0.0772878992215466,matched,True,False,0.278582364320755,0.3116139769554138
AOI-0050,2019-10-28,0.2301302945709165,s2,озимая пшеница,2019,10,False,3.0,157.0,1,0,0-7,31+,0.7080286273804907,0.2487322970965819,0.036828819112671,0.0064102564102564,0.8333333333333334,3.0,157.0,A,0,r0_f0,17,0.3852451656664774,0.1551148710955608,0.5457508156224468,0.3156205210515302,0.465497990644462,0.2353676960735455,0.3882546466031518,0.1581243520322353,0.2113966033240795,-0.0187336912468369,0.3933525843431157,0.1632222897721992,0.4502369440649684,0.2201066494940519,matched,True,False,0.23253516852855682,0.3882846534252167
AOI-0050,2020-05-08,0.6754018867924528,modis,озимая пшеница,2020,5,False,4.0,4.0,2,0,0-7,0-7,0.0984757275059497,0.2052729752064332,0.6918653323753363,0.0043859649122807,0.7894736842105263,4.0,4.0,A,0,r0_f0,17,0.507753662308779,-0.1676482244836737,0.5488473047276142,-0.1265545820648386,0.5283004835181966,-0.1471014032742562,0.5283004835181966,-0.1471014032742562,0.6465173937099522,-0.0288844930825006,0.5353112048386498,-0.140090681953803,0.5328035795814685,-0.1425983072109843,matched,True,False,0.6425676345825195,0.5201443433761597
AOI-0050,2020-05-11,0.5569399758200223,landsat,озимая пшеница,2020,5,False,7.0,1.0,2,1,0-7,0-7,0.2158890949168898,0.6807907533371805,0.093704767130545,0.0096153846153846,0.9375,7.0,1.0,A,0,r0_f0,17,0.507753662308779,-0.0491863135112432,0.5488473047276142,-0.008092671092408,0.5283004835181966,-0.0286394923018257,0.5437105994252598,-0.0132293763947625,0.6465173937099522,0.0895774178899299,0.5465137694201933,-0.010426206399829,0.5450552276162005,-0.0118847482038217,matched,True,False,0.5175185203552246,0.5247794389724731
AOI-0050,2020-08-18,0.3867505669965436,s2,озимая пшеница,2020,8,False,2.0,5.0,1,0,0-7,0-7,0.6129066106006211,0.3127072950280428,0.070417840403082,0.0039682539682539,0.8823529411764706,2.0,5.0,A,0,r0_f0,17,0.4369363303971556,0.050185763400612,0.3902067879361851,0.0034562209396414,0.4135715591666703,0.0268209921701267,0.423585032551164,0.0368344655546204,0.2647903045120205,-0.121960262484523,0.4122134271263877,0.0254628601298441,0.3912307697217572,0.0044802027252136,matched,True,False,0.40217089653015137,0.42302387952804565
AOI-0050,2020-10-17,0.2102640861142934,s2,озимая пшеница,2020,10,False,2.0,10.0,1,0,0-7,8-15,0.8618747812266445,0.0692451176094024,0.0624698447536966,0.0064102564102564,0.8823529411764706,2.0,10.0,A,0,r0_f0,17,0.3216601769911504,0.111396090876857,0.2029614907168742,-0.0073025953974192,0.2623108338540123,0.0520467477397189,0.3018770626121044,0.091612976497811,0.2406710940977025,0.030407007983409,0.3128676817115744,0.102603595597281,0.3110655188621225,0.1008014327478291,matched,True,False,0.17279818654060364,0.3020034432411194
AOI-0050,2021-06-23,0.7568576570711516,landsat,озимая пшеница,2021,6,False,4.0,1.0,1,0,0-7,0-7,0.4879098896199729,0.3968924870864592,0.1073851232935678,0.0078125,0.9375,4.0,1.0,A,0,r0_f0,17,0.8415885105846956,0.084730853513544,0.7895590807656407,0.0327014236944891,0.8155737956751682,0.0587161386040165,0.7999649667294517,0.0431073096583001,0.5174310253937682,-0.2394266316773834,0.808146594638356,0.0512889375672044,0.8129392463840595,0.0560815893129078,matched,True,False,0.8320692181587219,0.7978580594062805
AOI-0050,2022-06-19,0.4212362754397175,s2,озимая пшеница,2022,6,False,1.0,5.0,1,0,0-7,0-7,0.6655025319095464,0.2760991214514499,0.052963564030308,0.0054347826086956,0.9375,1.0,5.0,A,0,r0_f0,17,0.5244367646715866,0.1032004892318691,0.4110430461995321,-0.0101932292401853,0.4677399054355593,0.0465036299958418,0.5055378115929109,0.0843015361531934,0.5174310253937682,0.0961947499540507,0.5160372299699529,0.0948009545302354,0.518812667905675,0.0975763924659575,matched,True,False,0.44575589895248413,0.5088828802108765
AOI-0050,2022-07-28,0.7095135379149444,landsat,озимая пшеница,2022,7,False,4.0,1.0,1,0,0-7,0-7,0.2864330425489506,0.2706993032201154,0.4385573094033478,0.0043103448275862,0.9375,4.0,1.0,A,0,r0_f0,17,0.6535961277438188,-0.0559174101711256,0.6782072977696738,-0.0313062401452706,0.6659017127567464,-0.043611825158198,0.6732850637645028,-0.0362284741504416,0.3666954580152672,-0.3428180798996772,0.6721483023591286,-0.0373652355558158,0.6709152395992047,-0.0385982983157396,matched,True,False,0.7091977000236511,0.6687312126159668
AOI-0050,2022-08-22,0.7370211548953518,landsat,озимая пшеница,2022,8,False,4.0,1.0,1,0,0-7,0-7,0.3746952940471573,0.5564246047888896,0.0624698447536966,0.0064102564102564,0.9375,4.0,1.0,A,0,r0_f0,17,0.7088407109732668,-0.0281804439220849,0.7494704410009129,0.012449286105561,0.7291555759870898,-0.007865578908262,0.7413444949953837,0.0043233401000318,0.2647903045120205,-0.4722308503833312,0.7452449490780377,0.0082237941826859,0.7423966850805072,0.0053755301851553,matched,True,False,0.7428619861602783,0.740784764289856
AOI-0050,2022-10-01,0.6184944002161673,landsat,озимая пшеница,2022,10,False,1.0,6.0,1,0,0-7,0-7,0.3121504843482098,0.6382517525519615,0.0422448219233579,0.0073529411764705,0.9375,1.0,6.0,A,0,r0_f0,17,0.6259480078992858,0.0074536076831185,0.577465525987258,-0.0410288742289093,0.6017067669432719,-0.0167876332728954,0.6190219390547105,0.0005275388385431,0.2300744919123765,-0.3884199083037908,0.6232623893677157,0.0047679891515484,0.6210907342746007,0.0025963340584334,matched,True,False,0.6300409436225891,0.6175885200500488
AOI-0050,2022-10-22,0.4895980879556528,s2,озимая пшеница,2022,10,False,5.0,162.0,1,0,0-7,31+,0.8537705489279711,0.1233519862255565,0.014544131513139,0.0083333333333333,0.75,5.0,162.0,A,0,r0_f0,17,0.5121664092526763,0.0225683212970235,0.3149767281876678,-0.1746213597679849,0.4135715687201721,-0.0760265192354807,0.5062625265860593,0.0166644386304065,0.2406710940977025,-0.2489269938579503,0.4973878802207265,0.0077897922650737,0.4507525824702774,-0.0388455054853754,matched,True,False,0.42369943857192993,0.5177753567695618
AOI-0050,2023-08-17,0.4360615441957773,landsat,озимая пшеница,2023,8,False,1.0,1.0,1,0,0-7,0-7,0.354843556087253,0.5841036269719703,0.0553709987589584,0.0056818181818181,0.9375,1.0,1.0,A,0,r0_f0,17,0.4443729200469551,0.0083113758511778,0.4006624933501888,-0.0353990508455885,0.4225177066985719,-0.0135438374972053,0.4225177066985719,-0.0135438374972053,0.2647903045120205,-0.1712712396837567,0.4225177066985719,-0.0135438374972053,0.4213496707315287,-0.0147118734642485,matched,True,False,0.38527974486351013,0.4242773652076721
AOI-0050,2023-09-14,0.4814849056603774,modis,озимая пшеница,2023,9,False,2.0,3.0,1,0,0-7,0-7,0.4768852744639856,0.1616759931127782,0.3572720657565695,0.0041666666666666,0.8823529411764706,2.0,3.0,A,0,r0_f0,17,0.3801827833284462,-0.1013021223319312,0.4140807409966113,-0.067404164663766,0.3971317621625287,-0.0843531434978486,0.3937419663957122,-0.0877429392646651,0.2323186698409349,-0.2491662358194424,0.3927090226911627,-0.0887758829692146,0.3942782838867247,-0.0872066217736526,matched,True,False,0.3873012363910675,0.3961050808429718
AOI-0050,2024-04-09,0.4100952434955104,s2,озимая пшеница,2024,4,False,3.0,4.0,1,0,0-7,0-7,0.7463004450767333,0.1540691780207215,0.0928736201457883,0.0067567567567567,0.8333333333333334,3.0,4.0,A,0,r0_f0,17,0.577566037735849,0.1674707942403386,0.4937195799075711,0.0836243364120606,0.53564280882171,0.1255475653261996,0.5416318415237299,0.1315365980282195,0.4166117421924103,0.0065164986968999,0.5445652452961478,0.1344700018006374,0.5627661404494778,0.1526708969539674,matched,True,False,0.468069851398468,0.5138150453567505
AOI-0050,2024-06-07,0.4465689582501981,landsat,озимая пшеница,2024,6,False,4.0,1.0,1,0,0-7,0-7,0.3845246587135654,0.4680223834706678,0.1374529578157668,0.01,0.9375,4.0,1.0,A,0,r0_f0,17,0.3260044524973131,-0.120564505752885,0.3603478289302406,-0.0862211293199575,0.3431761407137768,-0.1033928175364212,0.3534791536436551,-0.0930898046065429,0.7010719673379057,0.2545030090877075,0.346035290067199,-0.100533668182999,0.3245196878933715,-0.1220492703568266,matched,True,False,0.475252628326416,0.35093173384666443
AOI-0050,2024-06-18,0.3664852067946266,s2,озимая пшеница,2024,6,False,2.0,5.0,1,0,0-7,0-7,0.5635329891395742,0.3612359099340141,0.0701290601100851,0.0051020408163265,0.8823529411764706,2.0,5.0,A,0,r0_f0,17,0.588237320953955,0.2217521141593283,0.453527870863866,0.0870426640692393,0.5208825959089105,0.1543973891142839,0.549748906642501,0.1832636998478743,0.5174310253937682,0.1509458185991415,0.5697009184118937,0.2032157116172671,0.5502742306618225,0.1837890238671958,matched,True,False,0.43652838468551636,0.5571536421775818
AOI-0050,2024-07-02,0.4146161119340398,landsat,озимая пшеница,2024,7,False,1.0,1.0,1,0,0-7,0-7,0.3403279116959783,0.5675139896691673,0.0859080986348542,0.00625,0.9375,1.0,1.0,A,0,r0_f0,17,0.4150323660600875,0.0004162541260476,0.3571193922644628,-0.0574967196695769,0.3860758791622751,-0.0285402327717646,0.3860758791622751,-0.0285402327717646,0.3922055829921826,-0.0224105289418571,0.3860758791622751,-0.0285402327717646,0.3878368021513724,-0.0267793097826673,matched,True,False,0.4517543911933899,0.3890165686607361
AOI-0050,2024-07-17,0.42976717249269,landsat,озимая пшеница,2024,7,False,4.0,1.0,1,0,0-7,0-7,0.4068747247690043,0.5064696640892482,0.0785910950127151,0.0080645161290322,0.9375,4.0,1.0,A,0,r0_f0,17,0.3997591266647724,-0.0300080458279175,0.361323208094251,-0.0684439643984389,0.3805411673795117,-0.0492260051131782,0.3690103918083552,-0.0607567806843347,0.3666954580152672,-0.0630717144774227,0.3628286274072665,-0.0669385450854234,0.3582203664923427,-0.0715468060003472,matched,True,False,0.4113732576370239,0.36795559525489807
AOI-0050,2024-07-27,0.5276018867924529,modis,озимая пшеница,2024,7,False,2.0,1.0,1,0,0-7,0-7,0.256370464348055,0.4684308699432753,0.2708127007963889,0.0043859649122807,0.9375,2.0,1.0,A,0,r0_f0,17,0.4808816049429214,-0.0467202818495314,0.4177309860881866,-0.1098709007042663,0.449306295515554,-0.0782955912768988,0.4387811923730982,-0.0888206944193547,0.3666954580152672,-0.1609064287771857,0.4359361841881554,-0.0916657026042975,0.4343680008413971,-0.0932338859510557,matched,True,False,0.43013179302215576,0.4380868971347809
AOI-0050,2024-10-01,0.2976375950622874,s2,озимая пшеница,2024,10,False,2.0,4.0,1,0,0-7,0-7,0.6530776692045119,0.2773690488069188,0.0648363008564937,0.0047169811320754,0.8823529411764706,2.0,4.0,A,0,r0_f0,17,0.4103490566037736,0.1127114615414862,0.3627139589799685,0.0650763639176811,0.386531507791871,0.0888939127295836,0.3944706907291719,0.0968330956668845,0.2300744919123765,-0.0675631031499108,0.4053642783951841,0.1077266833328967,0.4201363795874191,0.1224987845251317,matched,True,False,0.3411690592765808,0.3910524249076843
AOI-0052,2010-07-28,0.6482613820718184,landsat,озимая пшеница,2010,7,False,1.0,7.0,1,0,0-7,0-7,0.0130450312306198,0.5042672252503552,0.4773685945828547,0.0053191489361702,0.9375,1.0,7.0,A,0,r0_f0,17,0.6792432223167684,0.0309818402449499,0.5669123673215423,-0.0813490147502761,0.6230777948191553,-0.0251835872526631,0.6652018654423651,0.0169404833705467,0.3666954580152672,-0.2815659240565512,0.6744165058911923,0.0261551238193739,0.6749833572161367,0.0267219751443182,matched,True,False,0.6536954641342163,0.6624780297279358
AOI-0052,2011-07-14,0.3974542344302241,landsat,озимая пшеница,2011,7,False,2.0,1.0,1,0,0-7,0-7,0.0383197792399458,0.7312849741729185,0.2147702465871356,0.015625,0.9375,2.0,1.0,A,0,r0_f0,17,0.4445556955716932,0.0471014611414691,0.3558594555882756,-0.0415947788419485,0.4002075755799844,0.0027533411497603,0.3854248689160814,-0.0120293655141426,0.3922055829921826,-0.0052486514380414,0.3787331458441347,-0.0187210885860893,0.3863170232068269,-0.0111372112233971,matched,True,False,0.421954482793808,0.3902173638343811
AOI-0052,2011-08-13,0.3995641463761927,modis,озимая пшеница,2011,8,False,5.0,10.0,1,0,0-7,8-15,0.0122623293567826,0.1740111917353339,0.8087264789078834,0.005,0.75,5.0,10.0,A,0,r0_f0,17,0.3809699498762692,-0.0185941964999235,0.3489288063004714,-0.0506353400757212,0.3649493780883703,-0.0346147682878223,0.3702895686843366,-0.029274577691856,0.3383295609182435,-0.0612345854579491,0.3726629867269883,-0.0269011596492044,0.3910395442017674,-0.0085246021744253,matched,True,False,0.44263729453086853,0.35480180382728577
AOI-0052,2011-09-08,0.2043624766673829,landsat,озимая пшеница,2011,9,False,7.0,6.0,1,0,0-7,0-7,0.0408744311892756,0.7800373057844464,0.1624215963596113,0.0166666666666666,0.7142857142857143,7.0,6.0,A,0,r0_f0,17,0.2381627363594187,0.0338002596920358,0.3051915990317529,0.10082912236437,0.2716771676955858,0.0673146910282029,0.274255200875291,0.0698927242079081,0.2613607703614092,0.0569982936940263,0.2823692175902405,0.0780067409228575,0.2758050678991623,0.0714425912317794,matched,True,False,0.27466222643852234,0.28315794467926025
AOI-0052,2011-09-25,0.2239620077516397,landsat,озимая пшеница,2011,9,False,1.0,7.0,2,0,0-7,0-7,0.0235814026091974,0.8730984456448728,0.093704767130545,0.0096153846153846,0.9375,1.0,7.0,A,0,r0_f0,17,0.2032152156360007,-0.020746792115639,0.2244474136036666,0.0004854058520268,0.2138313146198336,-0.010130693131806,0.2058692403819589,-0.0180927673696807,0.2323186698409349,0.0083566620892951,0.2037732434885374,-0.0201887642631022,0.2010073242891933,-0.0229546834624464,matched,True,False,0.2630650997161865,0.20606887340545654
AOI-0052,2011-09-30,0.3462279225402251,modis,озимая пшеница,2011,9,False,6.0,2.0,2,1,0-7,0-7,0.0133286188660681,0.1674034692775368,0.8138331292476993,0.0054347826086956,0.8823529411764706,6.0,2.0,A,0,r0_f0,17,0.2032152156360007,-0.1430127069042244,0.2244474136036666,-0.1217805089365585,0.2138313146198336,-0.1323966079203914,0.2191393641117501,-0.127088558428475,0.2300744919123765,-0.1161534306278486,0.217485724516959,-0.128742198023266,0.2154764691937618,-0.1307514533464632,matched,True,False,0.3433758318424225,0.21519474685192108
AOI-0052,2011-10-11,0.2475645181025797,landsat,озимая пшеница,2011,10,False,9.0,16.0,2,0,8-15,16-30,0.029196022278054,0.8905028374650806,0.0683963783521033,0.0119047619047619,0.625,9.0,16.0,A,0,r0_f0,17,0.2244474136036666,-0.0231171044989131,0.3421415844758209,0.0945770663732411,0.2832944990397437,0.035729980937164,0.2668173151176421,0.0192527970150624,0.2300744919123765,-0.0174900261902032,0.2711658062062161,0.0236012881036364,0.2645744660302295,0.0170099479276497,matched,True,False,0.3312118649482727,0.2758808732032776
AOI-0052,2011-10-16,0.4010010963975509,modis,озимая пшеница,2011,10,False,14.0,11.0,2,1,8-15,8-15,0.0139344651781621,0.1295581724265158,0.8508255442135039,0.0056818181818181,0.5769230769230769,14.0,11.0,A,0,r0_f0,17,0.2244474136036666,-0.1765536827938842,0.3421415844758209,-0.05885951192173,0.2832944990397437,-0.1177065973578071,0.290356149292073,-0.1106449471054779,0.2406710940977025,-0.1603300022998484,0.3026157983242481,-0.0983852980733027,0.2895599915959657,-0.1114411048015851,matched,True,False,0.4728097915649414,0.28642037510871887
AOI-0052,2012-06-23,0.5200569810987379,landsat,озимая пшеница,2012,6,False,9.0,2.0,1,0,8-15,0-7,0.0235814026091974,0.796175368721796,0.1706278440536219,0.0096153846153846,0.8823529411764706,9.0,2.0,A,0,r0_f0,17,0.5303745169594921,0.0103175358607542,0.5650816744980779,0.04502469339934,0.547728095728785,0.0276711146300471,0.558771282218335,0.0387143011195971,0.5174310253937682,-0.0026259557049697,0.5620568583639863,0.0419998772652484,0.5592567239194178,0.0391997428206799,matched,True,False,0.529774010181427,0.5474260449409485
AOI-0052,2013-06-09,0.5453109301006857,landsat,озимая пшеница,2013,6,False,8.0,1.0,1,0,8-15,0-7,0.043794033417081,0.9071828276261924,0.0311659960995836,0.0178571428571428,0.9375,8.0,1.0,A,0,r0_f0,17,0.4568352548761443,-0.0884756752245413,0.4753505831703238,-0.0699603469303618,0.466092919023234,-0.0792180110774516,0.4732933244709705,-0.0720176056297151,0.7010719673379057,0.15576103723722,0.4747156267816346,-0.070595303319051,0.475698547817143,-0.0696123822835426,matched,True,False,0.4339544177055359,0.4709134101867676
AOI-0052,2014-05-25,0.7405519222554467,modis,озимая пшеница,2014,5,False,5.0,11.0,1,0,0-7,8-15,0.0133286188660681,0.1674034692775368,0.8138331292476993,0.0054347826086956,0.75,5.0,11.0,A,0,r0_f0,17,0.8829976194191584,0.1424456971637117,0.6849599927595182,-0.0555919294959285,0.7839788060893383,0.0434268838338915,0.8211108610880209,0.0805589388325741,0.7246056996320704,-0.0159462226233763,0.860806944213413,0.1202550219579662,0.915182135210642,0.1746302129551952,matched,True,False,0.8135830760002136,0.8302037119865417
AOI-0052,2014-08-23,0.252517783995979,landsat,озимая пшеница,2014,8,False,7.0,1.0,1,0,0-7,0-7,0.0278689303563242,0.7591163448530316,0.2016510884270077,0.0113636363636363,0.9375,7.0,1.0,A,0,r0_f0,17,0.3051156414811128,0.0525978574851337,0.3048849347076241,0.0523671507116451,0.3050002880943684,0.0524825040983894,0.3049137730543102,0.0523959890583312,0.2647903045120205,0.0122725205160415,0.3049339683141147,0.0524161843181357,0.3081446177982096,0.0556268338022306,matched,True,False,0.29142194986343384,0.30947452783584595
AOI-0052,2014-10-11,0.2122951984391124,landsat,озимая пшеница,2014,10,False,9.0,5.0,1,0,8-15,0-7,0.0235814026091974,0.8346369071833344,0.1321663055920834,0.0096153846153846,0.75,9.0,5.0,A,0,r0_f0,17,0.2111978088549901,-0.0010973895841223,0.2339267834258864,0.021631584986774,0.2225622961404382,0.0102670977013258,0.2258092925077091,0.0135140940685967,0.2300744919123765,0.017779293473264,0.2273002602273743,0.0150050617882619,0.2237794768291439,0.0114842783900315,matched,True,False,0.192109614610672,0.2374029904603958
AOI-0052,2015-04-12,0.3231920849643247,landsat,озимая пшеница,2015,4,False,5.0,8.0,2,0,0-7,8-15,0.0408744311892756,0.7133706391177798,0.229088263026278,0.0166666666666666,0.75,5.0,8.0,A,0,r0_f0,17,0.4233214438274242,0.1001293588630994,0.3723541592241742,0.0491620742598494,0.3978378015257992,0.0746457165614744,0.4037186420569434,0.0805265570926186,0.4166117421924103,0.0934196572280856,0.4065024718941714,0.0833103869298467,0.4249080804221219,0.1017159954577971,matched,True,False,0.32370293140411377,0.425344318151474
AOI-0052,2015-04-13,0.3040309036866974,landsat,озимая пшеница,2015,4,False,6.0,7.0,2,1,0-7,0-7,0.029196022278054,0.7952647422269854,0.1636344735901986,0.0119047619047619,0.7142857142857143,6.0,7.0,A,0,r0_f0,17,0.4233214438274242,0.1192905401407268,0.3723541592241742,0.0683232555374768,0.3978378015257992,0.0938068978391017,0.3997980817028473,0.0957671780161499,0.4166117421924103,0.1125808385057129,0.4007724221458771,0.0967415184591797,0.4083241515525107,0.1042932478658133,matched,True,False,0.32228270173072815,0.4251270294189453
AOI-0052,2015-09-03,0.3039966859122217,landsat,озимая пшеница,2015,9,False,5.0,8.0,2,0,0-7,8-15,0.0278689303563242,0.7591163448530316,0.2016510884270077,0.0113636363636363,0.75,5.0,8.0,A,0,r0_f0,17,0.3092827637761641,0.0052860778639424,0.2359516620730152,-0.0680450238392064,0.2726172129245896,-0.031379472987632,0.2810784938903375,-0.0229181920218841,0.2613607703614092,-0.0426359155508124,0.2611156650590346,-0.042881020853187,0.2408479023784549,-0.0631487835337667,matched,True,False,0.2938045263290405,0.28952112793922424
AOI-0052,2015-09-04,0.2297558696867858,landsat,озимая пшеница,2015,9,False,6.0,7.0,2,1,0-7,0-7,0.0211419471668666,0.8172606754057481,0.1529766877722128,0.0086206896551724,0.7142857142857143,6.0,7.0,A,0,r0_f0,17,0.3092827637761641,0.0795268940893783,0.2359516620730152,0.0061957923862294,0.2726172129245896,0.0428613432378038,0.2754376399131723,0.0456817702263865,0.2613607703614092,0.0316049006746234,0.2548187537413267,0.0250628840545409,0.2316028137489859,0.0018469440622001,matched,True,False,0.26170435547828674,0.2844792306423187
AOI-0052,2016-06-09,0.4973719286987523,modis,озимая пшеница,2016,6,False,15.0,1.0,1,0,8-15,0-7,0.0122623293567826,0.2340111917353339,0.7487264789078835,0.005,0.9375,15.0,1.0,A,0,r0_f0,17,0.8916648697130073,0.394292941014255,0.8091669630910024,0.3117950343922501,0.8504159164020049,0.3530439877032525,0.8143230822548778,0.3169511535561255,0.7010719673379057,0.2037000386391533,0.8192517229436542,0.3218797942449019,0.8461422644989336,0.3487703358001813,matched,True,False,0.7679373025894165,0.8137654066085815
AOI-0052,2016-08-12,0.1900490598723083,landsat,озимая пшеница,2016,8,False,8.0,1.0,1,0,8-15,0-7,0.0127732597466486,0.3479283247243061,0.634090082195712,0.0052083333333333,0.9375,8.0,1.0,A,0,r0_f0,17,0.2326995480090112,0.0426504881367028,0.2424802691289665,0.0524312092566582,0.2375899085689888,0.0475408486966805,0.2413935223378603,0.051344462465552,0.3383295609182435,0.1482805010459352,0.2421448534526991,0.0520957935803908,0.241724166034577,0.0516751061622687,matched,True,False,0.2578638792037964,0.23712851107120514
AOI-0052,2016-08-28,0.1594453761832296,landsat,озимая пшеница,2016,8,False,7.0,1.0,1,0,0-7,0-7,0.0127732597466486,0.3687616580576394,0.6132567488623786,0.0052083333333333,0.9375,7.0,1.0,A,0,r0_f0,17,0.1657008037274945,0.0062554275442648,0.1998854404432999,0.0404400642600702,0.1827931220853972,0.0233477459021675,0.1956123608538242,0.0361669846705946,0.2613607703614092,0.1019153941781796,0.1982192162036991,0.0387738400204695,0.1967102788316406,0.037264902648411,matched,True,False,0.22851788997650146,0.1930462270975113
AOI-0052,2017-06-10,0.5931317741705824,modis,озимая пшеница,2017,6,False,5.0,2.0,1,0,0-7,0-7,0.0310214705353679,0.2442415305147441,0.7199293066421956,0.0048076923076923,0.8823529411764706,5.0,2.0,A,0,r0_f0,17,0.8894162106015059,0.2962844364309235,0.7638821352455262,0.1707503610749438,0.826649172923516,0.2335173987529336,0.7997490139186632,0.2066172397480807,0.7010719673379057,0.1079401931673232,0.7832658694115274,0.190134095240945,0.7966647934712048,0.2035330193006224,matched,True,False,0.8228006362915039,0.8008843660354614
AOI-0052,2017-10-02,0.1551869155934841,landsat,озимая пшеница,2017,10,False,2.0,1.0,1,0,0-7,0-7,0.2007286926577297,0.6500310881537054,0.1353513302996761,0.0138888888888888,0.9375,2.0,1.0,A,0,r0_f0,17,0.2756842090274811,0.1204972934339969,0.2842233998607468,0.1290364842672627,0.2799538044441139,0.1247668888506298,0.2813770029163249,0.1261900873228408,0.2300744919123765,0.0748875763188924,0.2829163909346365,0.1277294753411524,0.282454984088825,0.1272680684953409,matched,True,False,0.2729325294494629,0.2817137837409973
AOI-0052,2018-04-11,0.1665987898484049,s2,озимая пшеница,2018,4,False,4.0,1.0,1,0,0-7,0-7,0.7192734180497063,0.1810962050477485,0.0928736201457883,0.0067567567567567,0.9375,4.0,1.0,A,0,r0_f0,17,0.3205209739427595,0.1539221840943546,0.2043218155964416,0.0377230257480367,0.2624213947696006,0.0958226049211956,0.2275616472657052,0.0609628574173003,0.4166117421924103,0.2500129523440054,0.2164065280644586,0.0498077382160537,0.2213607183382076,0.0547619284898027,matched,True,False,0.22901131212711334,0.23592785000801086
AOI-0052,2018-05-06,0.4005919090861524,landsat,озимая пшеница,2018,5,False,5.0,3.0,1,0,0-7,0-7,0.1901640246231123,0.5631873466719314,0.2334907339681142,0.0131578947368421,0.8333333333333334,5.0,3.0,A,0,r0_f0,17,0.1585572523298044,-0.242034656756348,0.4386309269542932,0.0380390178681407,0.2985940896420488,-0.1019978194441035,0.3336032989701099,-0.0669886101160425,0.6465173937099522,0.2459254846237998,0.3500138658426386,-0.0505780432435137,0.3539446814575197,-0.0466472276286326,matched,True,False,0.22832441329956055,0.3204728066921234
AOI-0052,2018-06-07,0.5581726486984058,landsat,озимая пшеница,2018,6,False,7.0,1.0,1,0,0-7,0-7,0.3423585957367462,0.5064696640892482,0.1431072240449732,0.0080645161290322,0.9375,7.0,1.0,A,0,r0_f0,17,0.3875733267472517,-0.170599321951154,0.5198432478842104,-0.0383294008141953,0.4537082873157311,-0.1044643613826746,0.5033095077420906,-0.0548631409563151,0.7010719673379057,0.1428993186394999,0.4978638006544563,-0.0603088480439494,0.4957237864602069,-0.0624488622381988,matched,True,False,0.4607617259025574,0.5101987719535828
AOI-0052,2018-07-26,0.2477357032462691,landsat,озимая пшеница,2018,7,False,8.0,2.0,1,0,8-15,0-7,0.0191598896199729,0.8343924870864592,0.1386351232935678,0.0078125,0.8823529411764706,8.0,2.0,A,0,r0_f0,17,0.7025920610928547,0.4548563578465855,0.3084276377616404,0.0606919345153713,0.5055098494272475,0.2577741461809784,0.3872605224278832,0.1395248191816141,0.3666954580152672,0.1189597547689981,0.3768224858512095,0.1290867826049404,0.3715814724541093,0.1238457692078402,matched,True,False,0.43799903988838196,0.38388144969940186
AOI-0052,2018-08-26,0.1970022053254861,landsat,озимая пшеница,2018,8,False,7.0,1.0,1,0,0-7,0-7,0.1306558233919567,0.6850279793383348,0.1718161972697085,0.0125,0.9375,7.0,1.0,A,0,r0_f0,17,0.1977920132070705,0.0007898078815843,0.1535871468157559,-0.0434150585097302,0.1756895800114132,-0.0213126253140729,0.1591127551146702,-0.0378894502108158,0.2647903045120205,0.0677880991865344,0.1554865746685076,-0.0415156306569784,0.1534244942710577,-0.0435777110544284,matched,True,False,0.2148112654685974,0.15787342190742493
AOI-0052,2018-08-29,0.2336891214580664,modis,озимая пшеница,2018,8,False,2.0,6.0,1,0,0-7,0-7,0.0512375778007673,0.3666776389562097,0.5771828224587092,0.0049019607843137,0.8823529411764706,2.0,6.0,A,0,r0_f0,17,0.1535871468157559,-0.0801019746423105,0.1962141978739802,-0.0374749235840861,0.174900672344868,-0.0587884491131983,0.1642439095803119,-0.0694452118777544,0.2613607703614092,0.0276716489033428,0.1602476235436034,-0.0734414979144629,0.1630655615304842,-0.0706235599275821,matched,True,False,0.25763195753097534,0.16391782462596893
AOI-0052,2018-09-19,0.1592284056105807,landsat,озимая пшеница,2018,9,False,1.0,8.0,2,0,0-7,8-15,0.1922131861599639,0.6541899827819456,0.1431801643914237,0.0104166666666666,0.9375,1.0,8.0,A,0,r0_f0,17,0.1660047862199559,0.0067763806093752,0.1890549569705821,0.0298265513600014,0.177529871595269,0.0183014659846883,0.1685659163033588,0.0093375106927781,0.2323186698409349,0.0730902642303542,0.1667952584679197,0.007566852857339,0.1616800382271113,0.0024516326165306,matched,True,False,0.18818308413028717,0.1699695885181427
AOI-0052,2018-09-20,0.1958191146828647,landsat,озимая пшеница,2018,9,False,2.0,7.0,2,1,0-7,0-7,0.1356798961129157,0.755898811375491,0.1010683513351226,0.0073529411764705,0.8823529411764706,2.0,7.0,A,0,r0_f0,17,0.1660047862199559,-0.0298143284629087,0.1890549569705821,-0.0067641577122825,0.177529871595269,-0.0182892430875956,0.1711270463867617,-0.0246920682961029,0.2323186698409349,0.0364995551580702,0.1689137240924629,-0.0269053905904017,0.1628815869696523,-0.0329375277132123,matched,True,False,0.20474505424499512,0.1729976236820221
AOI-0052,2019-04-23,0.8943566448844635,landsat,озимая пшеница,2019,4,False,2.0,3.0,2,0,0-7,0-7,0.6198650287811595,0.2490305801326803,0.1262024303018465,0.0049019607843137,0.8823529411764706,2.0,3.0,A,0,r0_f0,17,0.8587789665640944,-0.0355776783203691,0.8042403465386948,-0.0901162983457687,0.8315096565513946,-0.0628469883330689,0.8369635185539345,-0.057393126330529,0.5416330578512396,-0.3527235870332239,0.8401342811914112,-0.0542223636930523,0.8395595370574082,-0.0547971078270553,matched,True,False,0.8232893943786621,0.8368467688560486
AOI-0052,2019-04-24,0.7772614986598877,landsat,озимая пшеница,2019,4,False,3.0,2.0,2,1,0-7,0-7,0.4806558233919567,0.4350279793383348,0.0718161972697085,0.0125,0.8823529411764706,3.0,2.0,A,0,r0_f0,17,0.8587789665640944,0.0815174679042066,0.8042403465386948,0.0269788478788071,0.8315096565513946,0.0542481578915069,0.8260557945488547,0.048794295888967,0.5416330578512396,-0.2356284408086481,0.8242673041020218,0.047005805442134,0.8262515269036335,0.0489900282437457,matched,True,False,0.826943576335907,0.8269892334938049
AOI-0052,2019-05-21,0.9165259111810444,s2,озимая пшеница,2019,5,False,4.0,4.0,1,0,0-7,0-7,0.6908135182611157,0.2585011242786169,0.0459683763281918,0.0047169811320754,0.7894736842105263,4.0,4.0,A,0,r0_f0,17,0.7609265185736185,-0.1555993926074259,0.8800808415207177,-0.0364450696603266,0.8205036800471681,-0.0960222311338763,0.8205036800471681,-0.0960222311338763,0.7246056996320704,-0.1919202115489739,0.8205036800471681,-0.0960222311338763,0.8200654190679643,-0.0964604921130801,matched,True,False,0.8069356083869934,0.82417893409729
AOI-0052,2019-06-27,0.1994653549411155,landsat,озимая пшеница,2019,6,False,1.0,3.0,1,0,0-7,0-7,0.63420974467621,0.3528407469201263,0.0082325272715881,0.0047169811320754,0.9375,1.0,3.0,A,0,r0_f0,17,0.2627160703936079,0.0632507154524923,0.2543780954189962,0.0549127404778806,0.258547082906302,0.0590817279651865,0.2606315766499549,0.0611662217088394,0.5174310253937682,0.3179656704526526,0.2618767466407062,0.0624113916995907,0.2612228914273823,0.0617575364862668,matched,True,False,0.2796858251094818,0.2548314332962036
AOI-0052,2019-08-19,0.0047090765668172,s2,озимая пшеница,2019,8,False,5.0,2.0,1,0,0-7,0-7,0.682387601739465,0.3000143483786332,0.0111877934716453,0.0064102564102564,0.8823529411764706,5.0,2.0,A,0,r0_f0,17,0.1295575431243977,0.1248484665575805,0.1971067294287822,0.192397652861965,0.1633321362765899,0.1586230597097727,0.1778069619132438,0.1730978853464266,0.2647903045120205,0.2600812279452034,0.1711103053115437,0.1664012287447265,0.1720527274929064,0.1673436509260892,matched,True,False,0.12606565654277802,0.17745935916900635
AOI-0052,2020-04-02,0.1922087229368783,landsat,озимая пшеница,2020,4,False,157.0,4.0,1,0,31+,0-7,0.5860265825675984,0.3500133234944451,0.0580077129855754,0.0059523809523809,0.7894736842105263,157.0,4.0,A,0,r0_f0,17,0.1097224445547115,-0.0824862783821668,0.3264874199060231,0.1342786969691448,0.2181049322303673,0.025896209293489,0.3211019546799035,0.1288932317430252,0.4166117421924103,0.224403019255532,0.326092667237159,0.1338839443002807,0.4448248483968049,0.2526161254599266,matched,True,False,0.22920680046081543,0.3297290503978729
AOI-0052,2020-05-28,0.3967911190754653,landsat,озимая пшеница,2020,5,False,1.0,12.0,4,0,0-7,8-15,0.1836976796621982,0.7139044329657415,0.0954534429276158,0.0069444444444444,0.9375,1.0,12.0,A,0,r0_f0,17,0.4182745647197612,0.0214834456442958,0.6729656401158708,0.2761745210404054,0.545620102417816,0.1488289833423506,0.4378661859040773,0.041075066828612,0.7246056996320704,0.3278145805566051,0.4209050975516369,0.0241139784761715,0.4336191395361136,0.0368280204606483,matched,True,False,0.3525182604789734,0.43294990062713623
AOI-0052,2020-05-30,0.4383050231045107,s2,озимая пшеница,2020,5,False,3.0,10.0,4,1,0-7,8-15,0.5776059710913044,0.3528407469201263,0.0648363008564937,0.0047169811320754,0.8333333333333334,3.0,10.0,A,0,r0_f0,17,0.4182745647197612,-0.0200304583847494,0.6729656401158708,0.2346606170113601,0.545620102417816,0.1073150793133053,0.4770494282727095,0.0387444051681988,0.7010719673379057,0.262766944233395,0.440264132633942,0.0019591095294312,0.4664224337510596,0.0281174106465489,matched,True,False,0.3731004595756531,0.47943294048309326
AOI-0052,2020-06-04,0.5564063533914991,s2,озимая пшеница,2020,6,False,8.0,5.0,4,2,8-15,0-7,0.572586568551087,0.3250155440768527,0.0954534429276158,0.0069444444444444,0.75,8.0,5.0,A,0,r0_f0,17,0.4182745647197612,-0.1381317886717379,0.6729656401158708,0.1165592867243716,0.545620102417816,-0.0107862509736831,0.5750075341942902,0.018601180802791,0.7010719673379057,0.1446656139464065,0.5446852241503788,-0.0117211292411203,0.5608069461596207,0.0044005927681215,matched,True,False,0.6700202226638794,0.5846352577209473
AOI-0052,2020-06-05,0.6105209737859816,landsat,озимая пшеница,2020,6,False,9.0,4.0,4,3,8-15,0-7,0.1603747562239752,0.7343017024790484,0.0981806841541191,0.0071428571428571,0.7894736842105263,9.0,4.0,A,0,r0_f0,17,0.4182745647197612,-0.1922464090662203,0.6729656401158708,0.0624446663298892,0.545620102417816,-0.0649008713681655,0.5945991553786063,-0.0159218184073752,0.7010719673379057,0.090550993551924,0.5706795314844862,-0.0398414423014953,0.5818129989863593,-0.0287079747996222,matched,True,False,0.6560618877410889,0.6072153449058533
AOI-0052,2020-07-04,0.7350902946457367,s2,озимая пшеница,2020,7,False,5.0,2.0,1,0,0-7,0-7,0.7419399264133153,0.1812616580576395,0.0715900821957118,0.0052083333333333,0.8823529411764706,5.0,2.0,A,0,r0_f0,17,0.7662613247840574,0.0311710301383206,0.6570170625532588,-0.0780732320924779,0.7116391936686581,-0.0234511009770785,0.6882297089049155,-0.0468605857408211,0.3922055829921826,-0.3428847116535541,0.6978564247900537,-0.037233869855683,0.699922606427433,-0.0351676882183037,matched,True,False,0.712911069393158,0.6852254271507263
AOI-0052,2020-07-15,0.630685606568534,landsat,озимая пшеница,2020,7,False,1.0,4.0,1,0,0-7,0-7,0.2464901658420291,0.6333476817119665,0.1137518960357479,0.0064102564102564,0.9375,1.0,4.0,A,0,r0_f0,17,0.4445487069224251,-0.1861368996461089,0.5616671406310212,-0.0690184659375128,0.5031079237767231,-0.1275776827918109,0.4679723936641443,-0.1627132129043897,0.3666954580152672,-0.2639901485532668,0.4532555554862509,-0.177430051082283,0.4662612161035709,-0.164424390464963,matched,True,False,0.6037213206291199,0.48086604475975037
AOI-0052,2020-09-01,0.404328504559681,landsat,озимая пшеница,2020,9,False,1.0,1.0,1,0,0-7,0-7,0.3669399264133153,0.5354283247243061,0.0924234155290452,0.0052083333333333,0.9375,1.0,1.0,A,0,r0_f0,17,0.4557026194833541,0.0513741149236731,0.413216139163185,0.008887634603504,0.4344593793232695,0.0301308747635885,0.4344593793232695,0.0301308747635885,0.2613607703614092,-0.1429677341982718,0.4368722209751597,0.0325437164154787,0.4366342890636667,0.0323057845039857,matched,True,False,0.3987162709236145,0.4384852349758148
AOI-0052,2021-06-08,0.8254621765113661,landsat,озимая пшеница,2021,6,False,8.0,1.0,1,0,8-15,0-7,0.485119864147659,0.3730984456448729,0.1321663055920834,0.0096153846153846,0.9375,8.0,1.0,A,0,r0_f0,17,0.8931475311711389,0.0676853546597727,0.7702020237727067,-0.0552601527386593,0.8316747774719229,0.0062126009605567,0.7838626357058659,-0.0415995408055002,0.7010719673379057,-0.1243902091734604,0.7744182620236817,-0.0510439144876844,0.7693272038651947,-0.0561349726461714,matched,True,False,0.9043360352516174,0.7825945615768433
AOI-0052,2021-07-26,0.2879670524213798,landsat,озимая пшеница,2021,7,False,1.0,2.0,1,0,0-7,0-7,0.6224651197747988,0.309269621977161,0.0636356286184105,0.0046296296296296,0.9375,1.0,2.0,A,0,r0_f0,17,0.2485948303838074,-0.0393722220375724,0.3244523280649297,0.0364852756435498,0.2865235792243685,-0.0014434731970112,0.2738806629441815,-0.0140863894771983,0.3666954580152672,0.0787284055938873,0.2804983059502055,-0.0074687464711742,0.2763662482990651,-0.0116008041223146,matched,True,False,0.2780788838863373,0.2742209732532501
AOI-0052,2021-08-13,0.2899084294461058,modis,озимая пшеница,2021,8,False,5.0,5.0,1,0,0-7,0-7,0.2252342226399845,0.1732242783351195,0.5970772133106103,0.0044642857142857,0.75,5.0,5.0,A,0,r0_f0,17,0.1552399746838738,-0.134668454762232,0.1690810413240983,-0.1208273881220075,0.162160508003986,-0.1277479214421197,0.162160508003986,-0.1277479214421197,0.3383295609182435,0.0484211314721377,0.162160508003986,-0.1277479214421197,0.1647408124298166,-0.1251676170162891,matched,True,False,0.23812758922576904,0.1502264142036438
AOI-0052,2022-06-09,0.8179800421765592,s2,озимая пшеница,2022,6,False,6.0,1.0,1,0,0-7,0-7,0.7639344651781621,0.197739990608334,0.0326437260316856,0.0056818181818181,0.9375,6.0,1.0,A,0,r0_f0,17,0.8560719376922511,0.0380918955156919,0.8344926248208462,0.016512582644287,0.8452822812565486,0.0273022390799894,0.8375753838024754,0.0195953416259162,0.7010719673379057,-0.1169080748386535,0.8397047838546694,0.0217247416781102,0.8477489220673823,0.0297688798908231,matched,True,False,0.8355200886726379,0.8349797129631042
AOI-0052,2022-06-29,0.2268821214269104,s2,озимая пшеница,2022,6,False,3.0,1.0,1,0,0-7,0-7,0.6153418201479082,0.3528407469201263,0.02710045179989,0.0047169811320754,0.9375,3.0,1.0,A,0,r0_f0,17,0.3609827708956288,0.1341006494687184,0.2569925218606413,0.0301104004337309,0.308987646378135,0.0821055249512246,0.2829900841193882,0.0561079626924778,0.5174310253937682,0.2905489039668578,0.2800509941974404,0.05316887277053,0.2810993797181287,0.0542172582912183,matched,True,False,0.28157734870910645,0.2790764272212982
AOI-0052,2022-07-05,0.2598760280522859,landsat,озимая пшеница,2022,7,False,1.0,4.0,1,0,0-7,0-7,0.2208491402010034,0.7359117842760691,0.036828819112671,0.0064102564102564,0.9375,1.0,4.0,A,0,r0_f0,17,0.1813146048828905,-0.0785614231693953,0.1454467687970295,-0.1144292592552563,0.16338068683996,-0.0964953412123258,0.1741410376657182,-0.0857349903865676,0.3922055829921826,0.1323295549398967,0.1708136852677342,-0.0890623427845516,0.1650126738844058,-0.09486335416788,matched,True,False,0.2352418452501297,0.18106064200401306
AOI-0052,2022-08-14,0.2634252999765848,landsat,озимая пшеница,2022,8,False,1.0,4.0,1,0,0-7,0-7,0.2868409856172739,0.667582691534235,0.0388195660917343,0.0067567567567567,0.9375,1.0,4.0,A,0,r0_f0,17,0.1608478537238003,-0.1025774462527845,0.1873774266998924,-0.0760478732766924,0.1741126402118463,-0.0893126597647384,0.1661537683190187,-0.097271531657566,0.2647903045120205,0.0013650045354357,0.164386231475356,-0.0990390685012287,0.1654936765838797,-0.097931623392705,matched,True,False,0.2236882746219635,0.16776126623153687
AOI-0052,2022-09-02,0.1665466031392831,s2,озимая пшеница,2022,9,False,3.0,4.0,1,0,0-7,0-7,0.7063901319967171,0.2387869303421774,0.0497208968447789,0.0051020408163265,0.8333333333333334,3.0,4.0,A,0,r0_f0,17,0.2387654933420179,0.0722188902027348,0.2295480891842372,0.063001486044954,0.2341567912631275,0.0676101881238444,0.2348151772743976,0.0682685741351145,0.2613607703614092,0.0948141672221261,0.2344236503267298,0.0678770471874466,0.2382093821460286,0.0716627790067455,matched,True,False,0.1607711762189865,0.2385653704404831
AOI-0052,2022-10-08,0.2661513123241785,landsat,озимая пшеница,2022,10,False,1.0,4.0,1,0,0-7,0-7,0.3306558233919567,0.5850279793383348,0.0718161972697085,0.0125,0.9375,1.0,4.0,A,0,r0_f0,17,0.2184621006290097,-0.0476892116951687,0.2342678196201047,-0.0318834927040737,0.2263649601245572,-0.0397863521996212,0.2216232444272287,-0.0445280678969497,0.2300744919123765,-0.0360768204118019,0.2193583693677476,-0.0467929429564308,0.219794714094962,-0.0463565982292164,matched,True,False,0.27245718240737915,0.22065693140029907
AOI-0052,2023-05-20,0.3189430121439647,landsat,озимая пшеница,2023,5,False,5.0,5.0,1,0,0-7,0-7,0.5424504333641877,0.3605410417570183,0.0904295775103729,0.006578947368421,0.75,5.0,5.0,A,0,r0_f0,17,0.2053959650844502,-0.1135470470595144,0.226109861018048,-0.0928331511259167,0.2157529130512491,-0.1031900990927155,0.215752913051249,-0.1031900990927156,0.7246056996320704,0.4056626874881057,0.2100172727301078,-0.1089257394138568,0.1637504511176272,-0.1551925610263375,matched,True,False,0.22032283246517181,0.2138361781835556
AOI-0052,2023-06-21,0.5209826305494932,landsat,озимая пшеница,2023,6,False,2.0,1.0,1,0,0-7,0-7,0.5723980573916078,0.3418734787620162,0.0799145103580039,0.005813953488372,0.9375,2.0,1.0,A,0,r0_f0,17,0.4587157583396969,-0.0622668722097963,0.493062503024284,-0.0279201275252092,0.4758891306819904,-0.0450934998675027,0.4816135881294216,-0.0393690424200716,0.5174310253937682,-0.003551605155725,0.4735298241972311,-0.0474528063522621,0.4745777651776694,-0.0464048653718238,matched,True,False,0.5389474630355835,0.4839433431625366
AOI-0052,2023-08-09,0.663863927693174,landsat,озимая пшеница,2023,8,False,1.0,4.0,1,0,0-7,0-7,0.3032318990811181,0.5914445596219056,0.0981806841541191,0.0071428571428571,0.9375,1.0,4.0,A,0,r0_f0,17,0.7329458808770952,0.0690819531839211,0.662866093105282,-0.000997834587892,0.6979059869911886,0.0340420592980145,0.7189299233227325,0.0550659956295584,0.3383295609182435,-0.3255343667749305,0.7144713822262035,0.0506074545330295,0.7178268887369077,0.0539629610437336,matched,True,False,0.6788473129272461,0.7229107022285461
AOI-0052,2023-08-25,0.452088583981817,landsat,озимая пшеница,2023,8,False,1.0,3.0,1,0,0-7,0-7,0.6530776692045119,0.2773690488069188,0.0648363008564937,0.0047169811320754,0.9375,1.0,3.0,A,0,r0_f0,17,0.3656656557254808,-0.0864229282563361,0.2578361369708653,-0.1942524470109516,0.3117508963481731,-0.1403376876336439,0.3387082760368269,-0.1133803079449901,0.2647903045120205,-0.1872982794697964,0.3322547501114691,-0.1198338338703479,0.3353843125392428,-0.1167042714425742,matched,True,False,0.40699124336242676,0.34188809990882874
AOI-0052,2024-05-04,0.8756787257866296,s2,озимая пшеница,2024,5,False,6.0,2.0,1,0,0-7,0-7,0.7151726908050879,0.2063948848248233,0.0731132754339185,0.0053191489361702,0.8823529411764706,6.0,2.0,A,0,r0_f0,17,0.5195933177318853,-0.3560854080547443,0.8767859582695816,0.0011072324829519,0.6981896380007335,-0.1774890877858961,0.7874877981351575,-0.0881909276514721,0.6465173937099522,-0.2291613320766774,0.8209746081855667,-0.0547041176010629,0.8188643457011942,-0.0568143800854354,matched,True,False,0.7439958453178406,0.7872475981712341
AOI-0052,2024-06-08,0.5550572767303692,s2,озимая пшеница,2024,6,False,1.0,10.0,3,0,0-7,8-15,0.7050742016152175,0.2547752282563499,0.0341981891760516,0.0059523809523809,0.9375,1.0,10.0,A,0,r0_f0,17,0.6186683804332145,0.0636111037028452,0.2454537277050978,-0.3096035490252714,0.4320610540691561,-0.122996222661213,0.5847397756397492,0.02968249890938,0.7010719673379057,0.1460146906075364,0.5816752579670084,0.0266179812366391,0.5840508495662008,0.0289935728358315,matched,True,False,0.6400367617607117,0.5911088585853577
AOI-0052,2024-06-09,0.4829966538516304,modis,озимая пшеница,2024,6,False,2.0,9.0,3,1,0-7,8-15,0.1409836382933173,0.2537140664216055,0.6006726656554476,0.0046296296296296,0.8823529411764706,2.0,9.0,A,0,r0_f0,17,0.6186683804332145,0.1356717265815841,0.2454537277050978,-0.2375429261465325,0.4320610540691561,-0.0509355997824742,0.5508111708462842,0.0678145169946538,0.7010719673379057,0.2180753134862753,0.5409172114668921,0.0579205576152617,0.5496354486884256,0.0666387948367952,matched,True,False,0.5890604257583618,0.5649890899658203
AOI-0052,2024-06-16,0.7551200596632635,landsat,озимая пшеница,2024,6,False,9.0,2.0,3,2,8-15,0-7,0.4147541595656833,0.489305699527382,0.0870115694783632,0.0089285714285714,0.8823529411764706,9.0,2.0,A,0,r0_f0,17,0.6186683804332145,-0.1364516792300489,0.2454537277050978,-0.5096663319581657,0.4320610540691561,-0.3230590055941073,0.3133109372920281,-0.4418091223712354,0.5174310253937682,-0.2376890342694952,0.2727721849334275,-0.482347874729836,0.3125856285558716,-0.4425344311073918,matched,True,False,0.3915277123451233,0.31833934783935547
AOI-0053,2018-04-05,0.3384077065887762,landsat,озимая пшеница,2018,4,True,1.0,2.0,1,0,0-7,0-7,0.1187780212654152,0.7591163448530316,0.1107419975179168,0.0113636363636363,0.9375,1.0,2.0,A,0,r0_f0,17,0.3779633013189769,0.0395555947302006,0.4582105745621214,0.1198028679733451,0.4180869379405491,0.0796792313517729,0.404712392400025,0.0663046858112488,0.4166117421924103,0.078204035603634,0.4002454719124192,0.0618377653236429,0.4084444259137784,0.0700367193250021,matched,False,False,0.42908474802970886,0.40354517102241516
AOI-0053,2020-05-12,0.4575453541154758,landsat,озимая пшеница,2020,5,True,1.0,8.0,1,0,0-7,8-15,0.6002571856439046,0.3274619526816998,0.0673789008900817,0.0049019607843137,0.9375,1.0,8.0,A,0,r0_f0,17,0.4813096801436191,0.0237643260281432,0.421939634382678,-0.0356057197327978,0.4516246572631485,-0.0059206968523272,0.4747130083924034,0.0171676542769275,0.6465173937099522,0.1889720395944764,0.4702257822936472,0.0126804281781713,0.4653754972107997,0.0078301430953238,matched,False,False,0.46423402428627014,0.5183339715003967
AOI-0053,2020-08-13,0.2432151975734797,s2,озимая пшеница,2020,8,True,1.0,2.0,1,0,0-7,0-7,0.702513699285314,0.2155679908170376,0.0763627543420926,0.0055555555555555,0.9375,1.0,2.0,A,0,r0_f0,17,0.2904425274185628,0.0472273298450831,0.2474107204945751,0.0041955229210954,0.2689266239565689,0.0257114263830892,0.2760985917772335,0.0328833942037538,0.2647903045120205,0.0215751069385408,0.2840549228945566,0.0408397253210769,0.2832571896235987,0.0400419920501189,matched,False,False,0.19439780712127686,0.27649253606796265
AOI-0053,2020-09-16,0.2130355652791346,landsat,озимая пшеница,2020,9,True,3.0,1.0,1,0,0-7,0-7,0.4592093078776216,0.4029576349049028,0.130480116041005,0.0073529411764705,0.9375,3.0,1.0,A,0,r0_f0,17,0.2314877885087576,0.018452223229623,0.1703913793237242,-0.0426441859554103,0.2009395839162409,-0.0120959813628936,0.1856654816199825,-0.027370083659152,0.2323186698409349,0.0192831045618003,0.1805634425160748,-0.0324721227630597,0.1807763488795942,-0.0322592163995403,matched,False,False,0.22566458582878113,0.18020138144493103
AOI-0053,2021-07-26,0.4597133599565903,landsat,озимая пшеница,2021,7,True,2.0,3.0,2,0,0-7,0-7,0.63420974467621,0.2962369733352207,0.0648363008564937,0.0047169811320754,0.8823529411764706,2.0,3.0,A,0,r0_f0,17,0.4130959867874682,-0.0466173731691221,0.419500607538851,-0.0402127524177393,0.4162982971631596,-0.0434150627934307,0.4156578350880213,-0.0440555248685689,0.3666954580152672,-0.093017901941323,0.4167897931431257,-0.0429235668134646,0.4157971787757907,-0.0439161811807995,matched,False,False,0.4701395630836487,0.3995949327945709
AOI-0053,2021-07-28,0.4472251759698804,modis,озимая пшеница,2021,7,True,4.0,1.0,2,1,0-7,0-7,0.2966627940685559,0.2089385640494052,0.489934356167753,0.0044642857142857,0.9375,4.0,1.0,A,0,r0_f0,17,0.4130959867874682,-0.0341291891824122,0.419500607538851,-0.0277245684310293,0.4162982971631596,-0.0309268788067207,0.4182196833885744,-0.0290054925813059,0.3666954580152672,-0.0805297179546131,0.4191351650128908,-0.0280900109569895,0.4182858401574443,-0.028939335812436,matched,False,False,0.4422992765903473,0.41110169887542725
AOI-0053,2022-07-20,0.414521270804477,landsat,озимая пшеница,2022,7,True,1.0,1.0,1,0,0-7,0-7,0.4671524617718198,0.4703910958061739,0.053197183162747,0.0092592592592592,0.9375,1.0,1.0,A,0,r0_f0,17,0.3941935039916433,-0.0203277668128336,0.4193998144199863,0.0048785436155093,0.4067966592058148,-0.0077246115986621,0.4067966592058148,-0.0077246115986621,0.3666954580152672,-0.0478258127892097,0.4067966592058148,-0.0077246115986621,0.4022720801133368,-0.0122491906911401,matched,False,False,0.41808801889419556,0.40617936849594116
AOI-0053,2022-08-14,0.5060091579604319,landsat,озимая пшеница,2022,8,True,1.0,4.0,1,0,0-7,0-7,0.3138680126443009,0.6405556645072079,0.0388195660917343,0.0067567567567567,0.9375,1.0,4.0,A,0,r0_f0,17,0.4999373054835094,-0.0060718524769224,0.5206736202550636,0.0146644622946316,0.5103054628692865,0.0042963049088545,0.5040845684378202,-0.0019245895226116,0.2647903045120205,-0.2412188534484113,0.5042409512927477,-0.0017682066676841,0.5035920286728176,-0.0024171292876142,matched,False,False,0.4621274471282959,0.5051743984222412
AOI-0053,2023-08-06,0.2365267618852885,landsat,озимая пшеница,2023,8,True,3.0,2.0,1,0,0-7,0-7,0.2468166620427705,0.6674548741108534,0.0799145103580039,0.005813953488372,0.8823529411764706,3.0,2.0,A,0,r0_f0,17,0.1683941291615046,-0.0681326327237839,0.1590710790643365,-0.077455682820952,0.1637326041129205,-0.0727941577723679,0.1628002991032037,-0.0737264627820847,0.3383295609182435,0.101802799032955,0.1603631258093411,-0.0761636360759473,0.1261949069994165,-0.1103318548858719,matched,False,False,0.19752168655395508,0.16112586855888367
AOI-0053,2024-08-19,0.4389588357832642,landsat,озимая пшеница,2024,8,True,1.0,3.0,1,0,0-7,0-7,0.5747839357788933,0.3581919924866671,0.0624786171889849,0.0045454545454545,0.9375,1.0,3.0,A,0,r0_f0,17,0.4504804728983653,0.011521637115101,0.354752967734064,-0.0842058680492002,0.4026167203162146,-0.0363421154670495,0.4265485966072899,-0.0124102391759742,0.2647903045120205,-0.1741685312712436,0.4355230502164432,-0.003435785566821,0.4384877634082284,-0.0004710723750357,matched,False,False,0.4412933588027954,0.4272401034832001
AOI-0055,2010-09-06,0.3318436374005418,landsat,озимая пшеница,2010,9,False,1.0,24.0,2,0,0-7,16-30,0.0278689303563242,0.8954799812166679,0.0652874520633713,0.0113636363636363,0.9375,1.0,24.0,A,0,r0_f0,17,0.3281752745177057,-0.0036683628828361,0.4374,0.1055563625994582,0.3827876372588528,0.050943999858311,0.3325442635369974,0.0007006261364556,0.2613607703614092,-0.0704828670391325,0.3286855724351589,-0.0031580649653828,0.3273361338328981,-0.0045075035676436,matched,True,False,0.34848079085350037,0.3318159580230713
AOI-0055,2010-09-14,0.4366,modis,озимая пшеница,2010,9,False,9.0,16.0,2,1,8-15,16-30,0.014598011139027,0.0642990377801594,0.9151505701284328,0.0059523809523809,0.625,9.0,16.0,A,0,r0_f0,17,0.3281752745177057,-0.1084247254822943,0.4374,0.0008,0.3827876372588528,-0.0538123627411471,0.3674961756913316,-0.0691038243086683,0.2323186698409349,-0.204281330159065,0.3604498702010178,-0.0761501297989821,0.3594024425874315,-0.0771975574125684,matched,True,False,0.4078823924064636,0.3599735200405121
AOI-0055,2011-08-23,0.4496381088136578,landsat,озимая пшеница,2011,8,False,7.0,6.0,1,0,0-7,0-7,0.0306558233919567,0.7350279793383347,0.2218161972697085,0.0125,0.7142857142857143,7.0,6.0,A,0,r0_f0,17,0.4191285825529882,-0.0305095262606696,0.56,0.1103618911863422,0.4895642912764941,0.0399261824628363,0.4949824227167638,0.045344313903106,0.2647903045120205,-0.1848478043016372,0.4976754584622233,0.0480373496485655,0.5168036600582114,0.0671655512445536,matched,True,False,0.41020989418029785,0.4997260570526123
AOI-0055,2011-09-30,0.4785,modis,озимая пшеница,2011,9,False,5.0,11.0,1,0,0-7,8-15,0.0127732597466486,0.1812616580576395,0.8007567488623786,0.0052083333333333,0.75,5.0,11.0,A,0,r0_f0,17,0.4557607197934155,-0.0227392802065845,0.3554101626902109,-0.123089837309789,0.4055854412418131,-0.0729145587581868,0.424401170698664,-0.0540988293013359,0.2300744919123765,-0.2484255080876234,0.4324860544496546,-0.0460139455503453,0.4539924283854261,-0.0245075716145738,matched,True,False,0.4924633502960205,0.4107036888599396
AOI-0055,2013-06-09,0.5783790111048168,landsat,озимая пшеница,2013,6,False,15.0,1.0,1,0,8-15,0-7,0.0471628052183949,0.7461968912897459,0.18740953426109,0.0192307692307692,0.9375,15.0,1.0,A,0,r0_f0,17,0.5383,-0.0400790111048168,0.5295602514271771,-0.0488187596776397,0.5339301257135886,-0.0444488853912282,0.5301064857129786,-0.0482725253918382,0.7010719673379057,0.1226929562330888,0.5305471086425567,-0.0478319024622601,0.5312156772165487,-0.0471633338882681,matched,True,False,0.4892154633998871,0.5293321013450623
AOI-0055,2013-07-11,0.5714390431181151,landsat,озимая пшеница,2013,7,False,7.0,1.0,1,0,0-7,0-7,0.032269287781007,0.8789768203561418,0.0755959971260089,0.0131578947368421,0.9375,7.0,1.0,A,0,r0_f0,17,0.586235702400433,0.0147966592823178,0.5135445648277992,-0.0578944782903159,0.5498901336141161,-0.021548909503999,0.5226309570243785,-0.0488080860937366,0.3922055829921826,-0.1792334601259325,0.5182617156579915,-0.0531773274601236,0.5216487448090559,-0.0497902983090592,matched,True,False,0.5321085453033447,0.5259623527526855
AOI-0055,2014-04-18,0.3740059809456383,landsat,озимая пшеница,2014,4,False,1.0,5.0,1,0,0-7,0-7,0.0255465194932972,0.8208566494486123,0.1431801643914237,0.0104166666666666,0.9375,1.0,5.0,A,0,r0_f0,17,0.3595788187600008,-0.0144271621856374,0.5051,0.1310940190543617,0.4323394093800004,0.058333428434362,0.3838323489666673,0.009826368021029,0.5416330578512396,0.1676270769056013,0.3703581655185192,-0.003647815427119,0.3686970748226327,-0.0053089061230055,matched,True,False,0.3996068239212036,0.38239261507987976
AOI-0055,2014-08-31,0.3850546280554606,landsat,озимая пшеница,2014,8,False,2.0,14.0,1,0,0-7,8-15,0.029196022278054,0.747645694607938,0.2112535212092462,0.0119047619047619,0.8823529411764706,2.0,14.0,A,0,r0_f0,17,0.4185,0.0334453719445393,0.4482,0.0631453719445394,0.43335,0.0482953719445394,0.4222125,0.0371578719445394,0.2613607703614092,-0.1236938576940513,0.4213919014955117,0.0363372734400511,0.4220097937127316,0.036955165657271,matched,True,False,0.32318639755249023,0.4225594699382782
AOI-0055,2015-08-13,0.5377000000000001,modis,озимая пшеница,2015,8,False,2.0,13.0,1,0,0-7,8-15,0.0115682352422478,0.4283124450333339,0.5554023385923429,0.0047169811320754,0.8823529411764706,2.0,13.0,A,0,r0_f0,17,0.5412640472815164,0.0035640472815163,0.4690796889503328,-0.0686203110496672,0.5051718681159246,-0.0325281318840754,0.5316394661706919,-0.0060605338293081,0.3383295609182435,-0.1993704390817565,0.5377564221655715,5.642216557144586e-05,0.55924710168847,0.0215471016884699,matched,True,False,0.5209863781929016,0.5267961621284485
AOI-0055,2015-09-04,0.4267108530792576,landsat,озимая пшеница,2015,9,False,1.0,7.0,1,0,0-7,0-7,0.0211419471668666,0.8862261926471274,0.0840111705308334,0.0086206896551724,0.9375,1.0,7.0,A,0,r0_f0,17,0.4764916930951806,0.0497808400159229,0.4054135127683162,-0.0212973403109413,0.4409526029317484,0.0142417498524908,0.4676069205543225,0.0408960674750649,0.2613607703614092,-0.1653500827178484,0.4687849051593463,0.0420740520800887,0.4702979592447767,0.043587106165519,matched,True,False,0.42308545112609863,0.46926119923591614
AOI-0055,2015-09-14,0.4544,modis,озимая пшеница,2015,9,False,3.0,5.0,1,0,0-7,0-7,0.0120218915262575,0.2294227369954254,0.7536534106940034,0.0049019607843137,0.8333333333333334,3.0,5.0,A,0,r0_f0,17,0.4054135127683162,-0.0489864872316838,0.4103556788826102,-0.0440443211173898,0.4078845958254632,-0.0465154041745368,0.4072668250611765,-0.0471331749388235,0.2323186698409349,-0.2220813301590651,0.4069772450154171,-0.0474227549845829,0.4040708449754522,-0.0503291550245478,matched,True,False,0.41786494851112366,0.40454551577568054
AOI-0055,2016-04-22,0.4759,modis,озимая пшеница,2016,4,False,15.0,1.0,1,0,8-15,0-7,0.0130450312306198,0.1425650975907807,0.8390707222424292,0.0053191489361702,0.9375,15.0,1.0,A,0,r0_f0,17,0.3270916557605152,-0.1488083442394848,0.4245471744450629,-0.051352825554937,0.375819415102789,-0.1000805848972109,0.4184562045272786,-0.0574437954727213,0.5416330578512396,0.0657330578512396,0.4184207390979061,-0.0574792609020938,0.4189243650659749,-0.056975634934025,matched,True,False,0.3911375403404236,0.4200153350830078
AOI-0055,2016-07-27,0.6214195610257097,landsat,озимая пшеница,2016,7,False,7.0,16.0,2,0,0-7,16-30,0.0125125809763088,0.3204195834034019,0.6619657948039627,0.0051020408163265,0.6818181818181818,7.0,16.0,A,0,r0_f0,17,0.6334961693374086,0.0120766083116988,0.5192736861733868,-0.1021458748523229,0.5763849277553976,-0.0450346332703121,0.5987328048961846,-0.022686756129525,0.3666954580152672,-0.2547241030104425,0.5905111953779293,-0.0309083656477804,0.5972809507184336,-0.0241386103072761,matched,True,False,0.5998013615608215,0.5949989557266235
AOI-0055,2016-07-28,0.6544075765051706,landsat,озимая пшеница,2016,7,False,8.0,15.0,2,1,8-15,8-15,0.0227080173273753,0.9148355402506184,0.053197183162747,0.0092592592592592,0.6521739130434783,8.0,15.0,A,0,r0_f0,17,0.6334961693374086,-0.0209114071677619,0.5192736861733868,-0.1351338903317838,0.5763849277553976,-0.0780226487497729,0.5937666099760096,-0.0606409665291609,0.3666954580152672,-0.2877121184899033,0.58388888545682,-0.0705186910483505,0.5921579106202411,-0.0622496658849294,matched,True,False,0.6153849363327026,0.5929693579673767
AOI-0055,2017-07-14,0.6041726188944674,landsat,озимая пшеница,2017,7,False,2.0,9.0,2,0,0-7,8-15,0.1088798528266306,0.6958566494486123,0.1848468310580904,0.0104166666666666,0.8823529411764706,2.0,9.0,A,0,r0_f0,17,0.6023000000000001,-0.0018726188944673,0.5911741949869007,-0.0129984239075666,0.5967370974934504,-0.0074355214010169,0.6002771263612547,-0.0038954925332126,0.3922055829921826,-0.2119670359022847,0.5987698411453187,-0.0054027777491486,0.5917251149091657,-0.0124475039853017,matched,True,False,0.6271485686302185,0.6005852818489075
AOI-0055,2017-07-15,0.664212384363957,landsat,озимая пшеница,2017,7,False,3.0,8.0,2,1,0-7,8-15,0.2057599045361928,0.667582691534235,0.1199006471728154,0.0067567567567567,0.8333333333333334,3.0,8.0,A,0,r0_f0,17,0.6023000000000001,-0.0619123843639569,0.5911741949869007,-0.0730381893770563,0.5967370974934504,-0.0674752868705066,0.5992656895418821,-0.0649466948220749,0.3666954580152672,-0.2975169263486898,0.5972340806294096,-0.0669783037345473,0.5885898872637635,-0.0756224971001935,matched,True,False,0.5837657451629639,0.5925391316413879
AOI-0055,2017-08-08,0.4578465194510083,landsat,озимая пшеница,2017,8,False,1.0,5.0,2,0,0-7,0-7,0.148810208639972,0.7322761157021515,0.1108491595288442,0.0080645161290322,0.9375,1.0,5.0,A,0,r0_f0,17,0.5099313947009187,0.0520848752499104,0.4808,0.0229534805489917,0.4953656973504594,0.037519177899451,0.5050761622507657,0.0472296427997573,0.3383295609182435,-0.1195169585327647,0.5033757427340396,0.0455292232830313,0.4990704588955266,0.0412239394445183,matched,True,False,0.5477371215820312,0.5081440806388855
AOI-0055,2017-08-09,0.4721064418387605,s2,озимая пшеница,2017,8,False,2.0,4.0,2,1,0-7,0-7,0.6275708288145257,0.2886490815174249,0.0780982714862311,0.0056818181818181,0.8823529411764706,2.0,4.0,A,0,r0_f0,17,0.5099313947009187,0.0378249528621582,0.4808,0.0086935581612395,0.4953656973504594,0.0232592555116988,0.5002209298006125,0.028114487961852,0.3383295609182435,-0.1337768809205169,0.499204632182403,0.0270981903436425,0.4940207245008167,0.0219142826620562,matched,True,False,0.5003612041473389,0.5066560506820679
AOI-0055,2017-10-18,0.1169351160839191,landsat,озимая пшеница,2017,10,False,8.0,1.0,1,0,8-15,0-7,0.3301833216375961,0.5706211521627468,0.0844896438467159,0.0147058823529411,0.9375,8.0,1.0,A,0,r0_f0,17,0.3498532223357098,0.2329181062517907,0.3099200013265661,0.192984885242647,0.329886611831138,0.2129514957472189,0.3143570258831376,0.1974219097992185,0.2406710940977025,0.1237359780137833,0.3115271780317296,0.1945920619478104,0.3134635626204657,0.1965284465365466,matched,True,False,0.28607916831970215,0.3137693405151367
AOI-0055,2018-05-31,0.5422163394686221,s2,озимая пшеница,2018,5,False,1.0,7.0,1,0,0-7,0-7,0.7889461847954038,0.0771588453361913,0.1267521127255477,0.0071428571428571,0.9375,1.0,7.0,A,0,r0_f0,17,0.5398433930234746,-0.0023729464451475,0.5764048033087337,0.0341884638401115,0.5581240981661042,0.015907758697482,0.544413569309132,0.0021972298405098,0.7010719673379057,0.1588556278692835,0.5433974192974381,0.0011810798288159,0.5429742834109436,0.0007579439423214,matched,True,False,0.4379154443740845,0.5500219464302063
AOI-0055,2018-06-08,0.5168579131254645,landsat,озимая пшеница,2018,6,False,1.0,2.0,1,0,0-7,0-7,0.1290398738513976,0.7035914138130962,0.1584401409069346,0.0089285714285714,0.9375,1.0,2.0,A,0,r0_f0,17,0.5764048033087337,0.0595468901832692,0.5284,0.0115420868745355,0.5524024016543668,0.0355444885289023,0.5604032022058224,0.0435452890803579,0.7010719673379057,0.1842140542124412,0.5639591135620249,0.0471012004365604,0.5651859402409154,0.0483280271154509,matched,True,False,0.5227647423744202,0.5543793439865112
AOI-0055,2018-07-02,0.5736687310530107,landsat,озимая пшеница,2018,7,False,1.0,7.0,1,0,0-7,0-7,0.5635329891395742,0.340827746668708,0.0905372233753912,0.0051020408163265,0.9375,1.0,7.0,A,0,r0_f0,17,0.5510924893309401,-0.0225762417220706,0.5534615746966149,-0.0202071563563958,0.5522770320137775,-0.0213916990392332,0.5513886250016495,-0.0222801060513612,0.3922055829921826,-0.1814631480608281,0.5516702746226463,-0.0219984564303644,0.5586850586357734,-0.0149836724172373,matched,True,False,0.5450468063354492,0.5452990531921387
AOI-0055,2018-08-26,0.4526004616492119,landsat,озимая пшеница,2018,8,False,7.0,1.0,1,0,0-7,0-7,0.1136137594712667,0.6826330255115954,0.1928836497997465,0.0108695652173913,0.9375,7.0,1.0,A,0,r0_f0,17,0.4776054990930964,0.0250050374438844,0.3909409303407363,-0.0616595313084756,0.4342732147169164,-0.0183272469322955,0.4017740014347812,-0.0508264602144306,0.2647903045120205,-0.1878101571371913,0.3946647985293142,-0.0579356631198976,0.3800922315871995,-0.0725082300620124,matched,True,False,0.40371444821357727,0.4005346894264221
AOI-0055,2018-10-30,0.412908636970293,landsat,озимая пшеница,2018,10,False,1.0,158.0,1,0,0-7,31+,0.1088798528266306,0.7791899827819456,0.1015134977247571,0.0104166666666666,0.9375,1.0,158.0,A,0,r0_f0,17,0.4622492547965423,0.0493406178262492,0.313449125543957,-0.099459511426336,0.3878491901702496,-0.0250594468000433,0.4613134049270291,0.0484047679567361,0.2113966033240795,-0.2015120336462135,0.4622316712876613,0.0493230343173683,0.4626796238393574,0.0497709868690643,matched,True,False,0.4440446197986603,0.4610276222229004
AOI-0055,2019-06-05,0.5750004259215782,s2,озимая пшеница,2019,6,False,5.0,6.0,2,0,0-7,0-7,0.6655738054661048,0.2796032568727897,0.0497208968447789,0.0051020408163265,0.75,5.0,6.0,A,0,r0_f0,17,0.5446087174069306,-0.0303917085146475,0.5562820879443757,-0.0187183379772024,0.5504454026756531,-0.024555023245925,0.5499147949239511,-0.025085630997627,0.7010719673379057,0.1260715414163274,0.5470825848931099,-0.0279178410284682,0.5467063757766041,-0.0282940501449741,matched,True,False,0.45397594571113586,0.5575382113456726
AOI-0055,2019-06-10,0.6256538913474071,s2,озимая пшеница,2019,6,False,10.0,1.0,2,1,8-15,0-7,0.6848676243815218,0.1096261458993595,0.2006985374114263,0.0048076923076923,0.9375,10.0,1.0,A,0,r0_f0,17,0.5446087174069306,-0.0810451739404765,0.5562820879443757,-0.0693718034030314,0.5504454026756531,-0.075208488671754,0.5552208724409716,-0.0704330189064355,0.7010719673379057,0.0754180759904985,0.5542974737871418,-0.0713564175602653,0.5539859509528617,-0.0716679403945453,matched,True,False,0.5629299283027649,0.553595781326294
AOI-0055,2019-06-19,0.5724119757480225,landsat,озимая пшеница,2019,6,False,1.0,1.0,1,0,0-7,0-7,0.3503643463288648,0.6027933218546304,0.0398978873720602,0.0069444444444444,0.9375,1.0,1.0,A,0,r0_f0,17,0.5477444157824288,-0.0246675599655936,0.5341376370600134,-0.0382743386880091,0.5409410264212211,-0.0314709493268013,0.5409410264212211,-0.0314709493268013,0.5174310253937682,-0.0549809503542543,0.5388704672275448,-0.0335415085204776,0.5403703177594015,-0.032041657988621,matched,True,False,0.5930414199829102,0.5398417115211487
AOI-0055,2019-08-29,0.461737855684574,s2,озимая пшеница,2019,8,False,5.0,15.0,3,0,0-7,8-15,0.6726194993157263,0.1425650975907807,0.1794962541573227,0.0053191489361702,0.75,5.0,15.0,A,0,r0_f0,17,0.4256295549991085,-0.0361083006854655,0.4095160479268305,-0.0522218077577434,0.4175728014629695,-0.0441650542216044,0.421601178231039,-0.040136677453535,0.2613607703614092,-0.2003770853231647,0.4170591034752205,-0.0446787522093534,0.34347518907615,-0.118262666608424,matched,True,False,0.40413349866867065,0.41776567697525024
AOI-0055,2019-08-30,0.4352081710368831,landsat,озимая пшеница,2019,8,False,6.0,14.0,3,1,0-7,8-15,0.1871038822613044,0.7900186528922232,0.014544131513139,0.0083333333333333,0.7142857142857143,6.0,14.0,A,0,r0_f0,17,0.4256295549991085,-0.0095786160377746,0.4095160479268305,-0.0256921231100525,0.4175728014629695,-0.0176353695739135,0.420795502877425,-0.014412668159458,0.2613607703614092,-0.1738474006754738,0.4158219316336642,-0.0193862394032188,0.3361307820909017,-0.0990773889459813,matched,True,False,0.45622092485427856,0.4186328649520874
AOI-0055,2019-09-03,0.4245474873092227,s2,озимая пшеница,2019,9,False,10.0,10.0,3,2,8-15,8-15,0.7903279116959784,0.1925139896691673,0.0109080986348542,0.00625,0.6000000000000001,10.0,10.0,A,0,r0_f0,17,0.4256295549991085,0.0010820676898857,0.4095160479268305,-0.0150314393823922,0.4175728014629695,-0.0069746858462532,0.4175728014629695,-0.0069746858462532,0.2613607703614092,-0.1631867169478135,0.4121926094239965,-0.0123548778852261,0.3302880722740243,-0.0942594150351983,matched,True,False,0.42863112688064575,0.42323237657546997
AOI-0055,2020-07-27,0.5195000000000001,modis,озимая пшеница,2020,7,False,3.0,2.0,1,0,0-7,0-7,0.2476799401328666,0.1644162641824863,0.5836665075490538,0.0042372881355932,0.8823529411764706,3.0,2.0,A,0,r0_f0,17,0.5047273569996532,-0.0147726430003468,0.5384551660445609,0.0189551660445608,0.521591261522107,0.0020912615221069,0.5249640424265978,0.0054640424265977,0.3666954580152672,-0.1528045419847328,0.5210687114446994,0.0015687114446992,0.523670056353303,0.0041700563533029,matched,True,False,0.49841567873954773,0.5245649814605713
AOI-0055,2020-09-12,0.3928239439825124,s2,озимая пшеница,2020,9,False,3.0,1.0,1,0,0-7,0-7,0.6656930266879842,0.2672829015775763,0.0624786171889849,0.0045454545454545,0.9375,3.0,1.0,A,0,r0_f0,17,0.4762782569961435,0.0834543130136311,0.4417,0.0488760560174875,0.4589891284980717,0.0661651845155593,0.4503445642490358,0.0575206202665234,0.2323186698409349,-0.1605052741415775,0.4493763965345071,0.0565524525519947,0.4486156857552949,0.0557917417727825,matched,True,False,0.3509317636489868,0.4471723139286041
AOI-0055,2021-04-23,0.4382,modis,озимая пшеница,2021,4,False,2.0,6.0,1,0,0-7,0-7,0.1169399264133153,0.2229283247243061,0.6549234155290452,0.0052083333333333,0.8823529411764706,2.0,6.0,A,0,r0_f0,17,0.4378971192493933,-0.0003028807506066,0.4001640639017675,-0.0380359360982324,0.4190305915755804,-0.0191694084244195,0.4284638554124869,-0.009736144587513,0.5416330578512396,0.1034330578512396,0.4358193708708048,-0.0023806291291951,0.4342762031327167,-0.0039237968672832,matched,True,False,0.5171814560890198,0.41757622361183167
AOI-0055,2021-05-25,0.5794748553307548,s2,озимая пшеница,2021,5,False,5.0,15.0,1,0,0-7,8-15,0.3771753166892141,0.1096261458993595,0.5083908451037341,0.0048076923076923,0.75,5.0,15.0,A,0,r0_f0,17,0.5169952092364103,-0.0624796460943445,0.614162969478167,0.0346881141474121,0.5655790893572886,-0.0138957659734662,0.5412871492968494,-0.0381877060339054,0.7246056996320704,0.1451308443013156,0.5546312656273923,-0.0248435897033625,0.5608368641011213,-0.0186379912296335,matched,True,False,0.5440343022346497,0.5571103096008301
AOI-0055,2021-07-18,0.5527944014987373,landsat,озимая пшеница,2021,7,False,1.0,1.0,1,0,0-7,0-7,0.3093890106327076,0.5841036269719703,0.1008255442135038,0.0056818181818181,0.9375,1.0,1.0,A,0,r0_f0,17,0.6177903460347236,0.0649959445359863,0.5773401948876533,0.024545793388916,0.5975652704611885,0.0447708689624511,0.5975652704611885,0.0447708689624511,0.3666954580152672,-0.18609894348347,0.5975652704611885,0.0447708689624511,0.599895374417058,0.0471009729183207,matched,True,False,0.6322165727615356,0.5975080728530884
AOI-0055,2021-08-02,0.5853079162662889,landsat,озимая пшеница,2021,8,False,4.0,1.0,1,0,0-7,0-7,0.4428217111466404,0.4151684723262635,0.1344340589513385,0.0075757575757575,0.9375,4.0,1.0,A,0,r0_f0,17,0.5731684696055782,-0.0121394466607106,0.55019838457282,-0.0351095316934688,0.561683427089199,-0.0236244891770898,0.5547924015793717,-0.0305155146869171,0.3383295609182435,-0.2469783553480453,0.5525872734162269,-0.0327206428500619,0.5510623270606397,-0.0342455892056491,matched,True,False,0.5946970582008362,0.5530447363853455
AOI-0055,2021-10-22,0.4075923398651502,s2,озимая пшеница,2021,10,False,1.0,5.0,1,0,0-7,0-7,0.8175176133668324,0.1057302739076198,0.0696092555826905,0.0071428571428571,0.9375,1.0,5.0,A,0,r0_f0,17,0.4317804967111731,0.0241881568460228,0.4096205977084505,0.0020282578433002,0.4207005472098117,0.0131082073446615,0.4280871802107193,0.0204948403455691,0.2406710940977025,-0.1669212457674477,0.4300016136775514,0.0224092738124012,0.4284662506532101,0.0208739107880598,matched,True,False,0.39357954263687134,0.4271162450313568
AOI-0055,2022-04-07,0.3656225221439392,landsat,озимая пшеница,2022,4,False,159.0,16.0,1,0,31+,16-30,0.6311055504574137,0.1974502458145306,0.1650339473177992,0.0064102564102564,0.4838709677419355,159.0,16.0,A,0,r0_f0,17,0.3961951473979138,0.0305726252539745,0.4607,0.0950774778560608,0.4284475736989569,0.0628250515550177,0.4548024134763807,0.0891798913324415,0.4166117421924103,0.0509892200484711,0.4591809742857694,0.0935584521418302,0.4842532135081567,0.1186306913642175,matched,True,False,0.31274813413619995,0.33971187472343445
AOI-0055,2022-07-04,0.5285886987547052,s2,озимая пшеница,2022,7,False,4.0,1.0,1,0,0-7,0-7,0.7288837254247413,0.2309657044468261,0.0341981891760516,0.0059523809523809,0.9375,4.0,1.0,A,0,r0_f0,17,0.5765328390784364,0.0479441403237312,0.5598545709811962,0.031265872226491,0.5681937050298163,0.0396050062751111,0.5631902246006442,0.034601525845939,0.3922055829921826,-0.1363831157625225,0.5642710656199595,0.0356823668652543,0.5635331059118542,0.034944407157149,matched,True,False,0.557685136795044,0.5591703653335571
AOI-0055,2022-07-20,0.5525937257760232,landsat,озимая пшеница,2022,7,False,1.0,4.0,1,0,0-7,0-7,0.3915052939926879,0.5318436175803044,0.0652874520633713,0.0113636363636363,0.9375,1.0,4.0,A,0,r0_f0,17,0.5374853718340563,-0.0151083539419668,0.5786062615994572,0.0260125358234339,0.5580458167167568,0.0054520909407336,0.5457095497871365,-0.0068841759888866,0.3666954580152672,-0.1858982677607559,0.5403277153296955,-0.0122660104463276,0.5443370934630005,-0.0082566323130226,matched,True,False,0.5304806232452393,0.5386109352111816
AOI-0055,2022-08-08,0.6353778170384614,s2,озимая пшеница,2022,8,False,3.0,5.0,1,0,0-7,0-7,0.6530776692045119,0.3151048978635225,0.02710045179989,0.0047169811320754,0.8333333333333334,3.0,5.0,A,0,r0_f0,17,0.6448272429760649,0.0094494259376034,0.6235619075869752,-0.0118159094514862,0.63419457528152,-0.0011832417569414,0.6368527422051562,0.0014749251666947,0.3383295609182435,-0.2970482561202179,0.642868605273977,0.0074907882355156,0.725142428864605,0.0897646118261435,matched,True,False,0.5400107502937317,0.644767701625824
AOI-0055,2023-06-06,0.5806976152385033,landsat,озимая пшеница,2023,6,False,1.0,4.0,1,0,0-7,0-7,0.5502522397661372,0.3788569151301287,0.0660831527960417,0.0048076923076923,0.9375,1.0,4.0,A,0,r0_f0,17,0.584078329933184,0.0033807146946807,0.5816,0.0009023847614967,0.582839164966592,0.0021415497280887,0.5835826639465471,0.0028850487080438,0.7010719673379057,0.1203743520994023,0.5838205836201329,0.0031229683816296,0.5862558255041774,0.0055582102656741,matched,True,False,0.5582664012908936,0.5884966254234314
AOI-0055,2023-06-23,0.6252037732237815,landsat,озимая пшеница,2023,6,False,1.0,3.0,1,0,0-7,0-7,0.1619812014433858,0.7595863741865254,0.0731132754339185,0.0053191489361702,0.9375,1.0,3.0,A,0,r0_f0,17,0.6109094992105213,-0.0142942740132602,0.5739000000000001,-0.0513037732237814,0.5924047496052607,-0.0327990236185208,0.601657124407891,-0.0235466488158905,0.5174310253937682,-0.1077727478300133,0.5981229059148806,-0.0270808673089009,0.5979033790037092,-0.0273003942200723,matched,True,False,0.6450673937797546,0.5805085897445679
AOI-0055,2023-06-28,0.6030650836334949,landsat,озимая пшеница,2023,6,False,2.0,2.0,1,0,0-7,0-7,0.3915052939926879,0.395479981216668,0.2016510884270077,0.0113636363636363,0.8823529411764706,2.0,2.0,A,0,r0_f0,17,0.5739000000000001,-0.0291650836334947,0.6795126456955993,0.0764475620621044,0.6267063228477997,0.0236412392143048,0.6267063228477997,0.0236412392143048,0.5174310253937682,-0.0856340582397267,0.6267063228477998,0.0236412392143049,0.624875624026468,0.0218105403929731,matched,True,False,0.6198803782463074,0.6207426190376282
AOI-0055,2023-08-06,0.5666807534323632,landsat,озимая пшеница,2023,8,False,3.0,2.0,1,0,0-7,0-7,0.2588564992155886,0.6512331606528462,0.0838127791559553,0.0060975609756097,0.8823529411764706,3.0,2.0,A,0,r0_f0,17,0.3595032016289433,-0.2071775518034199,0.5033284841540959,-0.0633522692782673,0.4314158428915196,-0.1352649105408436,0.4457983711440348,-0.1208823822883283,0.3383295609182435,-0.2283511925141197,0.4276181543911732,-0.13906259904119,0.432937007519741,-0.1337437459126222,matched,True,False,0.5086176991462708,0.4504375159740448
AOI-0055,2023-08-16,0.512588246499537,landsat,озимая пшеница,2023,8,False,3.0,1.0,1,0,0-7,0-7,0.4068747247690043,0.4742115995731192,0.1108491595288442,0.0080645161290322,0.9375,3.0,1.0,A,0,r0_f0,17,0.5005223940370677,-0.0120658524624693,0.4999266737654913,-0.0126615727340457,0.5002245339012795,-0.0123637125982575,0.5000756038333855,-0.0125126426661515,0.2647903045120205,-0.2477979419875164,0.5001713328267539,-0.0124169136727831,0.5034833026614507,-0.0091049438380863,matched,True,False,0.485952764749527,0.498042494058609
AOI-0055,2023-08-23,0.4465790580502435,s2,озимая пшеница,2023,8,False,5.0,1.0,1,0,0-7,0-7,0.6656368551507525,0.2634722997455134,0.0660831527960417,0.0048076923076923,0.9375,5.0,1.0,A,0,r0_f0,17,0.4832511765230819,0.0366721184728384,0.4715217552624537,0.0249426972122102,0.4773864658927678,0.0308074078425242,0.4734766588058918,0.0268976007556482,0.2647903045120205,-0.1817887535382229,0.4741659835878811,0.0275869255376375,0.4740038827474382,0.0274248246971947,matched,True,False,0.43150055408477783,0.47762373089790344
AOI-0055,2023-09-29,0.3904092107414485,landsat,озимая пшеница,2023,9,False,2.0,1.0,1,0,0-7,0-7,0.5602186077973189,0.3783426597794449,0.0572720657565695,0.0041666666666666,0.9375,2.0,1.0,A,0,r0_f0,17,0.3812296063680808,-0.0091796043733677,0.411,0.0205907892585514,0.3961148031840403,0.0057055924425918,0.4010765354560269,0.0106673247145783,0.2300744919123765,-0.160334718829072,0.403281749799132,0.0128725390576835,0.4061955122994854,0.0157863015580368,matched,True,False,0.3702120780944824,0.4014764130115509
AOI-0055,2024-04-05,0.3652770267140881,landsat,озимая пшеница,2024,4,False,1.0,1.0,1,0,0-7,0-7,0.2007286926577297,0.6500310881537054,0.1353513302996761,0.0138888888888888,0.9375,1.0,1.0,A,0,r0_f0,17,0.3888754887514453,0.0235984620373571,0.4412,0.0759229732859118,0.4150377443757226,0.0497607176616344,0.4150377443757226,0.0497607176616344,0.4166117421924103,0.0513347154783221,0.4154797474675796,0.0502027207534915,0.4158316549100297,0.0505546281959415,matched,True,False,0.3913300633430481,0.4145471751689911
AOI-0055,2024-05-22,0.5091651780080001,landsat,озимая пшеница,2024,5,False,3.0,1.0,1,0,0-7,0-7,0.2806558233919567,0.5350279793383348,0.1718161972697085,0.0125,0.9375,3.0,1.0,A,0,r0_f0,17,0.2622706798093454,-0.2468944981986547,0.4977097156290617,-0.0114554623789384,0.3799901977192035,-0.1291749802887966,0.4388499566741326,-0.0703152213338674,0.7246056996320704,0.2154405216240703,0.460922366282231,-0.048242811725769,0.4657043884316805,-0.0434607895763195,matched,True,False,0.42499229311943054,0.4380914568901062
AOI-0055,2024-06-03,0.5281752532541114,s2,озимая пшеница,2024,6,False,10.0,4.0,1,0,8-15,0-7,0.6655738054661048,0.2591950936074836,0.0701290601100851,0.0051020408163265,0.7894736842105263,10.0,4.0,A,0,r0_f0,17,0.4721539657137879,-0.0560212875403234,0.5318104087118928,0.0036351554577813,0.5019821872128404,-0.026193066041271,0.5147657107124343,-0.0134095425416771,0.7010719673379057,0.1728967140837942,0.519983475406146,-0.0081917778479654,0.5366849147737289,0.0085096615196175,matched,True,False,0.44487854838371277,0.5301334261894226
AOI-0055,2024-06-08,0.5026314706648695,s2,озимая пшеница,2024,6,False,1.0,1.0,1,0,0-7,0-7,0.7529767491536614,0.1763305154412288,0.0641137880366887,0.006578947368421,0.9375,1.0,1.0,A,0,r0_f0,17,0.5318104087118928,0.0291789380470233,0.5108,0.0081685293351305,0.5213052043559464,0.0186737336910769,0.5213052043559464,0.0186737336910769,0.7010719673379057,0.1984404966730362,0.5231671477790061,0.0205356771141366,0.5207019312073538,0.0180704605424842,matched,True,False,0.45196905732154846,0.520585298538208
AOI-0055,2024-07-02,0.4523983482228893,landsat,озимая пшеница,2024,7,False,1.0,1.0,1,0,0-7,0-7,0.3076369870204667,0.5780624289455292,0.1082030230583944,0.0060975609756097,0.9375,1.0,1.0,A,0,r0_f0,17,0.4634022307039073,0.0110038824810179,0.4122010754613748,-0.0401972727615145,0.4378016530826411,-0.0145966951402482,0.4378016530826411,-0.0145966951402482,0.3922055829921826,-0.0601927652307067,0.4361526127689466,-0.0162457354539427,0.4390699565008367,-0.0133283917220526,matched,True,False,0.4799319803714752,0.4407423436641693
AOI-0055,2024-07-09,0.4384278236410628,landsat,озимая пшеница,2024,7,False,6.0,1.0,1,0,0-7,0-7,0.2755465194932973,0.5291899827819456,0.1848468310580904,0.0104166666666666,0.9375,6.0,1.0,A,0,r0_f0,17,0.4122010754613748,-0.026226748179688,0.4337173950328932,-0.0047104286081696,0.4229592352471339,-0.0154685883939288,0.4306436350941048,-0.0077841885469579,0.3922055829921826,-0.0462222406488802,0.4271668436753829,-0.0112609799656798,0.42043281288944,-0.0179950107516227,matched,True,False,0.41319358348846436,0.42192867398262024
AOI-0055,2024-08-11,0.4666997947762706,landsat,озимая пшеница,2024,8,False,1.0,1.0,1,0,0-7,0-7,0.2765027730437889,0.6595371330182547,0.0580077129855754,0.0059523809523809,0.9375,1.0,1.0,A,0,r0_f0,17,0.4789951151430563,0.0122953203667857,0.4313460672735506,-0.0353537275027199,0.4551705912083035,-0.0115292035679671,0.4551705912083035,-0.0115292035679671,0.3383295609182435,-0.1283702338580271,0.4553559296553562,-0.0113438651209143,0.4577006596346809,-0.0089991351415896,matched,True,False,0.4678240418434143,0.4570114016532898
AOI-0055,2024-09-12,0.423001970223788,landsat,озимая пшеница,2024,9,False,1.0,1.0,1,0,0-7,0-7,0.2868409856172739,0.6135286374801809,0.0928736201457883,0.0067567567567567,0.9375,1.0,1.0,A,0,r0_f0,17,0.3910433753688678,-0.0319585948549202,0.4559,0.032898029776212,0.4234716876844339,0.0004697174606458,0.4234716876844339,0.0004697174606458,0.2323186698409349,-0.190683300382853,0.4234716876844339,0.0004697174606459,0.4247155710949495,0.0017136008711615,matched,True,False,0.40634939074516296,0.4230468273162842
AOI-0056,2017-04-17,0.746976903822802,landsat,озимая пшеница,2017,4,True,1.0,9.0,3,0,0-7,8-15,0.2883197792399459,0.5437849741729185,0.1522702465871356,0.015625,0.9375,1.0,9.0,A,0,r0_f0,17,0.8033671967396785,0.0563902929168764,0.8454970558149849,0.0985201519921828,0.8244321262773318,0.0774552224545297,0.8075801826472091,0.060603278824407,0.5416330578512396,-0.2053438459715624,0.804546832793787,0.057569928970985,0.8072773318045953,0.0603004279817932,matched,False,False,0.7989391088485718,0.8059458136558533
AOI-0056,2017-04-23,0.8518044726052925,modis,озимая пшеница,2017,4,True,7.0,3.0,3,1,0-7,0-7,0.0922623293567826,0.1340111917353339,0.7687264789078835,0.005,0.8333333333333334,7.0,3.0,A,0,r0_f0,17,0.8033671967396785,-0.0484372758656139,0.8454970558149849,-0.0063074167903075,0.8244321262773318,-0.0273723463279607,0.8328580980923931,-0.0189463745128993,0.5416330578512396,-0.3101714147540528,0.8363970062547187,-0.0154074663505737,0.8371784259477136,-0.0146260466575788,matched,False,False,0.7563732266426086,0.8208841681480408
AOI-0056,2017-04-25,0.5467282906630899,landsat,озимая пшеница,2017,4,True,9.0,1.0,3,2,8-15,0-7,0.2196722127542444,0.604788551750795,0.1636344735901986,0.0119047619047619,0.9375,9.0,1.0,A,0,r0_f0,17,0.8033671967396785,0.2566389060765885,0.8454970558149849,0.298768765151895,0.8244321262773318,0.2777038356142418,0.8412840699074543,0.2945557792443644,0.5416330578512396,-0.0050952328118503,0.8443174197608763,0.2975891290977863,0.8438537789627945,0.2971254882997045,matched,False,False,0.8561896085739136,0.8429285883903503
AOI-0056,2018-09-18,0.3530268579977214,s2,озимая пшеница,2018,9,True,4.0,1.0,1,0,0-7,0-7,0.604843556087253,0.2886490815174249,0.1008255442135038,0.0056818181818181,0.9375,4.0,1.0,A,0,r0_f0,17,0.3546580320536712,0.0016311740559498,0.3185335818556951,-0.0344932761420263,0.3365958069546831,-0.0164310510430382,0.3257584718952903,-0.027268386102431,0.2323186698409349,-0.1207081881567864,0.3222905246762846,-0.0307363333214367,0.3170906709887922,-0.0359361870089292,matched,False,False,0.28143391013145447,0.32491061091423035
AOI-0056,2020-05-20,0.6702246199992551,landsat,озимая пшеница,2020,5,True,1.0,4.0,1,0,0-7,0-7,0.575929669947296,0.3341599899211389,0.0838127791559553,0.0060975609756097,0.9375,1.0,4.0,A,0,r0_f0,17,0.6954812053211307,0.0252565853218755,0.7909357808423404,0.1207111608430853,0.7432084930817355,0.0729838730824804,0.7145721204253725,0.0443475004261174,0.7246056996320704,0.0543810796328153,0.7245946220277091,0.0543700020284539,0.7276993819598068,0.0574747619605516,matched,False,False,0.6764403581619263,0.7314416170120239
AOI-0056,2020-06-25,0.6004433469996271,modis,озимая пшеница,2020,6,True,11.0,3.0,1,0,8-15,0-7,0.1485020080661919,0.1672510273580464,0.6799366197481753,0.0043103448275862,0.8333333333333334,11.0,3.0,A,0,r0_f0,17,0.6757600480941389,0.0753167010945118,0.5936161122742131,-0.006827234725414,0.634688080184176,0.0342447331845489,0.6112183842356257,0.0107750372359985,0.5174310253937682,-0.0830123216058589,0.626427213041359,0.0259838660417318,0.6123398036355707,0.0118964566359436,matched,False,False,0.5600810647010803,0.5971909761428833
AOI-0056,2021-06-10,0.6013541185240403,modis,озимая пшеница,2021,6,True,1.0,4.0,1,0,0-7,0-7,0.1686511661024409,0.2403606945046788,0.5866021744805995,0.0043859649122807,0.9375,1.0,4.0,A,0,r0_f0,17,0.6451842261743842,0.0438301076503439,0.7024974306622547,0.1011433121382143,0.6738408284183195,0.0724867098942791,0.6566468670719583,0.0552927485479179,0.7010719673379057,0.0997178488138653,0.6651727064067138,0.0638185878826734,0.6600540283645611,0.0586999098405207,matched,False,False,0.6341895461082458,0.6658721566200256
AOI-0056,2021-07-14,0.5321539774055036,s2,озимая пшеница,2021,7,True,2.0,4.0,2,0,0-7,0-7,0.7267982952620231,0.1775624405462591,0.0905372233753912,0.0051020408163265,0.8823529411764706,2.0,4.0,A,0,r0_f0,17,0.5161890048453224,-0.0159649725601812,0.5306762645041863,-0.0014777129013173,0.5234326346747543,-0.0087213427307493,0.521018091398277,-0.0111358860072265,0.3922055829921826,-0.139948394413321,0.519944961053176,-0.0122090163523276,0.5182239601671174,-0.0139300172383862,matched,False,False,0.532463788986206,0.5214532017707825
AOI-0056,2021-07-17,0.5689893302930631,landsat,озимая пшеница,2021,7,True,5.0,1.0,2,1,0-7,0-7,0.3871038822613045,0.4566853195588898,0.1478774648464723,0.0083333333333333,0.9375,5.0,1.0,A,0,r0_f0,17,0.5161890048453224,-0.0528003254477407,0.5306762645041863,-0.0383130657888768,0.5234326346747543,-0.0455566956183087,0.5282617212277089,-0.0407276090653542,0.3666954580152672,-0.2022938722777958,0.5296031341590852,-0.0393861961339778,0.5367490320979804,-0.0322402981950826,matched,False,False,0.5272864103317261,0.5210464596748352
AOI-0056,2021-10-02,0.4770683789584068,s2,озимая пшеница,2021,10,True,2.0,4.0,1,0,0-7,0-7,0.7653279116959784,0.1425139896691674,0.0859080986348542,0.00625,0.8823529411764706,2.0,4.0,A,0,r0_f0,17,0.4854009690644799,0.008332590106073,0.3920883548930453,-0.0849800240653615,0.4387446619787626,-0.0383237169796442,0.4542967643406683,-0.0227716146177384,0.2300744919123765,-0.2469938870460303,0.4612088098348487,-0.0158595691235581,0.4805285336927264,0.0034601547343195,matched,False,False,0.335914671421051,0.4542967677116394
AOI-0056,2022-04-07,0.6170093648454607,landsat,озимая пшеница,2022,4,True,159.0,16.0,1,0,31+,16-30,0.6311055504574137,0.1974502458145306,0.1650339473177992,0.0064102564102564,0.4838709677419355,159.0,16.0,A,0,r0_f0,17,0.2403553771275569,-0.3766539877179037,0.7711244502422661,0.1541150853968054,0.5057399136849114,-0.1112694511605492,0.7225969921289211,0.1055876272834605,0.4166117421924103,-0.2003976226530503,0.7283889425917799,0.1113795777463192,0.722782519902934,0.1057731550574733,matched,False,False,0.5322132110595703,0.7256779670715332
AOI-0056,2022-05-15,0.8457355951526846,landsat,озимая пшеница,2022,5,True,5.0,11.0,2,0,0-7,8-15,0.5049181072973536,0.4217634602942041,0.0624488671910508,0.0108695652173913,0.75,5.0,11.0,A,0,r0_f0,17,0.8772292627458235,0.0314936675931388,0.8744380209288196,0.028702425776135,0.8758336418373216,0.030098046684637,0.8763569996780097,0.0306214045253251,0.6465173937099522,-0.1992182014427324,0.8760764815698168,0.0303408864171321,0.8767115468902912,0.0309759517376065,matched,False,False,0.7963890433311462,0.8827420473098755
AOI-0056,2022-05-25,0.8011854708143572,s2,озимая пшеница,2022,5,True,15.0,1.0,2,1,8-15,0-7,0.3194830089969064,0.1865492228224364,0.4891600758729648,0.0048076923076923,0.9375,15.0,1.0,A,0,r0_f0,17,0.8772292627458235,0.0760437919314662,0.8744380209288196,0.0732525501144624,0.8758336418373216,0.0746481710229644,0.8746124735423824,0.0734270027280251,0.7246056996320704,-0.0765797711822867,0.874826482430982,0.0736410116166248,0.8754070735589687,0.0742216027446115,matched,False,False,0.8463807106018066,0.8748202919960022
AOI-0056,2022-07-05,0.3320676255242691,landsat,озимая пшеница,2022,7,True,1.0,4.0,1,0,0-7,0-7,0.2403279116959783,0.7175139896691674,0.0359080986348542,0.00625,0.9375,1.0,4.0,A,0,r0_f0,17,0.3015370387455676,-0.0305305867787015,0.265948963095405,-0.0661186624288641,0.2837430009204863,-0.0483246246037827,0.2944194236155351,-0.037648201908734,0.3922055829921826,0.0601379574679135,0.2917734144348312,-0.0402942110894378,0.291754509143623,-0.0403131163806461,matched,False,False,0.3134020268917084,0.2993667423725128
AOI-0056,2022-08-25,0.3268483623222173,landsat,озимая пшеница,2022,8,True,2.0,3.0,1,0,0-7,0-7,0.6586065930799819,0.2854283247243062,0.0507567488623785,0.0052083333333333,0.8823529411764706,2.0,3.0,A,0,r0_f0,17,0.3151584546675327,-0.0116899076546846,0.2764008957755587,-0.0504474665466586,0.2957796752215457,-0.0310686871006716,0.2996554311107431,-0.0271929312114742,0.2647903045120205,-0.0620580578101967,0.2952043152778088,-0.0316440470444084,0.2991902821800146,-0.0276580801422026,matched,False,False,0.32724958658218384,0.3089572489261627
AOI-0056,2024-05-07,0.6054118270380392,landsat,озимая пшеница,2024,5,True,1.0,1.0,1,0,0-7,0-7,0.2533269549364451,0.6676635172578439,0.0716565866292403,0.0073529411764705,0.9375,1.0,1.0,A,0,r0_f0,17,0.6139384442088601,0.0085266171708209,0.7461116660454713,0.1406998390074321,0.6800250551271657,0.0746132280891265,0.6800250551271657,0.0746132280891265,0.6465173937099522,0.041105566671913,0.6877851700661006,0.0823733430280614,0.6816393980469393,0.0762275710089001,matched,False,False,0.6440706849098206,0.6766107082366943
AOI-0060,2017-06-05,0.4254744553038463,s2,озимая пшеница,2017,6,True,1.0,8.0,2,0,0-7,8-15,0.4653279116959783,0.4425139896691673,0.0859080986348542,0.00625,0.9375,1.0,8.0,A,0,r0_f0,17,0.4725987521327512,0.0471242968289049,0.3932448668410332,-0.0322295884628131,0.4329218094868922,0.0074473541830458,0.4637816537670047,0.0383071984631584,0.7010719673379057,0.2755975120340593,0.4705211780000718,0.0450467226962255,0.4637919194348991,0.0383174641310528,matched,False,False,0.36197811365127563,0.46541041135787964
AOI-0060,2017-06-10,0.6677619957537155,modis,озимая пшеница,2017,6,True,6.0,3.0,2,1,0-7,0-7,0.0120218915262575,0.2490305801326803,0.7340455675567484,0.0049019607843137,0.8333333333333334,6.0,3.0,A,0,r0_f0,17,0.4725987521327512,-0.1951632436209643,0.3932448668410332,-0.2745171289126823,0.4329218094868922,-0.2348401862668233,0.4196961619382725,-0.248065833815443,0.7010719673379057,0.0333099715841901,0.4225087554272143,-0.2452532403265012,0.4162128813762104,-0.2515491143775051,matched,False,False,0.5533922910690308,0.4123161733150482
AOI-0060,2017-08-07,0.7467951556325627,landsat,озимая пшеница,2017,8,True,3.0,2.0,2,0,0-7,0-7,0.374483324688658,0.4652417211637694,0.1494053889301813,0.0108695652173913,0.8823529411764706,3.0,2.0,A,0,r0_f0,17,0.8043049411508127,0.05750978551825,0.7313104177752531,-0.0154847378573096,0.7678076794630329,0.0210125238304701,0.7605082271254769,0.0137130714929142,0.3383295609182435,-0.4084655947143192,0.7708142027814996,0.0240190471489368,0.7648766090294523,0.0180814533968896,matched,False,False,0.7673096656799316,0.7548441886901855
AOI-0060,2017-08-08,0.6909851981871489,landsat,озимая пшеница,2017,8,True,4.0,1.0,2,1,0-7,0-7,0.1700944384193677,0.7181987753565665,0.1041310286483081,0.0075757575757575,0.9375,4.0,1.0,A,0,r0_f0,17,0.8043049411508127,0.1133197429636638,0.7313104177752531,0.0403252195881042,0.7678076794630329,0.0768224812758839,0.745909322450365,0.0549241242632161,0.3383295609182435,-0.3526556372689053,0.7511771484534664,0.0601919502663175,0.7479393037820208,0.0569541055948719,matched,False,False,0.7603404521942139,0.7343178987503052
AOI-0060,2018-09-18,0.3800356023677903,s2,озимая пшеница,2018,9,True,4.0,1.0,1,0,0-7,0-7,0.6336456301866461,0.2547752282563499,0.1056267606046231,0.0059523809523809,0.9375,4.0,1.0,A,0,r0_f0,17,0.5428823779193206,0.1628467755515302,0.4161794607505152,0.0361438583827248,0.4795309193349178,0.0994953169671275,0.4415200441842762,0.0614844418164859,0.2323186698409349,-0.1477169325268554,0.4427882196489419,0.0627526172811515,0.4387585421204609,0.0587229397526705,matched,False,False,0.3269094228744507,0.4472024440765381
AOI-0060,2020-04-25,0.7763248424286221,s2,озимая пшеница,2020,4,True,3.0,1.0,1,0,0-7,0-7,0.6567465760984393,0.2230912714555563,0.1137518960357479,0.0064102564102564,0.9375,3.0,1.0,A,0,r0_f0,17,0.783740552016985,0.0074157095883629,0.7467496271312324,-0.0295752152973897,0.7652450895741087,-0.0110797528545133,0.7559973583526705,-0.0203274840759516,0.5416330578512396,-0.2346917845773825,0.7525294591446312,-0.0237953832839908,0.7479235000300186,-0.0284013423986034,matched,False,False,0.797466516494751,0.7404457926750183
AOI-0060,2020-08-12,0.4175613588110403,modis,озимая пшеница,2020,8,True,4.0,1.0,1,0,0-7,0-7,0.2752049448099865,0.1828212435432296,0.5380675616467839,0.00390625,0.9375,4.0,1.0,A,0,r0_f0,17,0.2531776568435471,-0.1643837019674932,0.2262780325037287,-0.1912833263073116,0.2397278446736379,-0.1778335141374024,0.2316579573716923,-0.1859034014393479,0.3383295609182435,-0.0792317978927967,0.2270692607198594,-0.1904920980911809,0.2147336582018301,-0.2028277006092101,matched,False,False,0.3168334364891052,0.22686868906021118
AOI-0060,2021-07-18,0.7598383196337923,landsat,озимая пшеница,2021,7,True,1.0,1.0,1,0,0-7,0-7,0.3252732597466486,0.5770949913909728,0.0924234155290452,0.0052083333333333,0.9375,1.0,1.0,A,0,r0_f0,17,0.8062077121443096,0.0463693925105173,0.8115947147654083,0.051756395131616,0.808901213454859,0.0490628938210666,0.808901213454859,0.0490628938210666,0.3666954580152672,-0.3931428616185251,0.8080820470932387,0.0482437274594463,0.8088463079987991,0.0490079883650067,matched,False,False,0.8193384408950806,0.812559962272644
AOI-0060,2022-08-23,0.1602374468488576,s2,озимая пшеница,2022,8,True,1.0,2.0,1,0,0-7,0-7,0.7122623293567827,0.2340111917353339,0.0487264789078834,0.005,0.9375,1.0,2.0,A,0,r0_f0,17,0.2540491390319528,0.0938116921830952,0.2452463691270895,0.0850089222782319,0.2496477540795211,0.0894103072306635,0.2511148823969983,0.0908774355481407,0.2647903045120205,0.1045528576631629,0.2529595670645792,0.0927221202157216,0.2561934128388226,0.095955965989965,matched,False,False,0.16537293791770935,0.24914108216762543
AOI-0060,2022-09-17,0.1589296135268947,s2,озимая пшеница,2022,9,True,3.0,10.0,1,0,0-7,8-15,0.6549429232678525,0.2333502905080817,0.1041310286483081,0.0075757575757575,0.8333333333333334,3.0,10.0,A,0,r0_f0,17,0.3705611464968152,0.2116315329699205,0.2259722728017149,0.0670426592748202,0.298266709649265,0.1393370961223703,0.3371944833364074,0.1782648698095127,0.2323186698409349,0.0733890563140402,0.3510149947046236,0.1920853811777289,0.3634079068042984,0.2044782932774037,matched,False,False,0.18443603813648224,0.3383539617061615
AOI-0060,2023-04-23,0.7234456475583865,modis,озимая пшеница,2023,4,True,5.0,3.0,1,0,0-7,0-7,0.0533289075069211,0.1367461140156468,0.8048229376611056,0.0051020408163265,0.8333333333333334,5.0,3.0,A,0,r0_f0,17,0.4031483097585859,-0.3202973377998006,0.3901974642164562,-0.3332481833419303,0.396672886987521,-0.3267727605708654,0.3950540312947548,-0.3283916162636316,0.5416330578512396,-0.1818125897071468,0.3922894126623623,-0.3311562348960242,0.3894956423168936,-0.3339500052414928,matched,False,False,0.6279904842376709,0.39118751883506775
AOI-0060,2023-05-20,0.5355168472059052,landsat,озимая пшеница,2023,5,True,5.0,5.0,1,0,0-7,0-7,0.5448087907733092,0.3527933218546304,0.0954534429276158,0.0069444444444444,0.75,5.0,5.0,A,0,r0_f0,17,0.4101778472920949,-0.1253389999138103,0.8403690021231421,0.3048521549172369,0.6252734247076185,0.0897565775017132,0.6252734247076186,0.0897565775017134,0.7246056996320704,0.1890888524261652,0.6252734247076186,0.0897565775017134,0.6290431894776027,0.0935263422716975,matched,False,False,0.5240460634231567,0.6494282484054565
AOI-0060,2023-09-12,0.3143666697844254,s2,озимая пшеница,2023,9,True,2.0,2.0,1,0,0-7,0-7,0.6435519411306523,0.2950093264461115,0.0572720657565695,0.0041666666666666,0.8823529411764706,2.0,2.0,A,0,r0_f0,17,0.4809555464770451,0.1665888766926196,0.3960624203821655,0.08169575059774,0.4385089834296053,0.1241423136451799,0.4385089834296053,0.1241423136451799,0.2613607703614092,-0.0530058994230162,0.4438646628524423,0.1294979930680169,0.4405649223072665,0.1261982525228411,matched,False,False,0.41621655225753784,0.4292171597480774
AOI-0063,2017-04-03,0.5497861071773296,s2,озимая пшеница,2017,4,True,2.0,4.0,1,0,0-7,0-7,0.5889461847954038,0.3343017024790484,0.0696092555826905,0.0071428571428571,0.8823529411764706,2.0,4.0,A,0,r0_f0,17,0.0210659667152693,-0.5287201404620603,0.756139734144779,0.2063536269674494,0.3886028504300241,-0.1611832567473054,0.2660905558584391,-0.2836955513188904,0.4166117421924103,-0.1331743649849192,0.2116406471599569,-0.3381454600173726,0.209835331998591,-0.3399507751787385,matched,False,False,0.4322008490562439,0.24738554656505585
AOI-0063,2017-07-25,0.2637792226623162,s2,озимая пшеница,2017,7,True,1.0,2.0,1,0,0-7,0-7,0.5691803659519807,0.348901324150371,0.0763627543420926,0.0055555555555555,0.9375,1.0,2.0,A,0,r0_f0,17,0.3551918068478135,0.0914125841854973,0.2642408080582148,0.0004615853958986,0.3097163074530141,0.0459370847906979,0.3248748072512806,0.0610955845889644,0.3666954580152672,0.102916235352951,0.3316119182727323,0.0678326956104161,0.3338420507895682,0.070062828127252,matched,False,False,0.31473609805107117,0.31114766001701355
AOI-0063,2019-08-15,0.260212315374547,landsat,озимая пшеница,2019,8,True,1.0,1.0,1,0,0-7,0-7,0.4580692548408696,0.4600124352614821,0.0763627543420926,0.0055555555555555,0.9375,1.0,1.0,A,0,r0_f0,17,0.2187407289983483,-0.0414715863761986,0.248397555392767,-0.0118147599817799,0.2335691421955576,-0.0266431731789893,0.2335691421955576,-0.0266431731789893,0.2647903045120205,0.0045779891374735,0.2335691421955576,-0.0266431731789893,0.2351125921401411,-0.0250997232344058,matched,False,False,0.2975207269191742,0.23524951934814453
AOI-0063,2021-08-23,0.2527078070160736,s2,озимая пшеница,2021,8,True,3.0,2.0,1,0,0-7,0-7,0.8669399264133153,0.0770949913909728,0.0507567488623785,0.0052083333333333,0.8823529411764706,3.0,2.0,A,0,r0_f0,17,0.2044269470666329,-0.0482808599494407,0.2318264464431303,-0.0208813605729432,0.2181266967548816,-0.0345811102611919,0.2208666466925313,-0.0318411603235422,0.2647903045120205,0.0120824974959469,0.2241011308698027,-0.0286066761462708,0.2207019841097273,-0.0320058229063462,matched,False,False,0.1943720430135727,0.21709728240966797
AOI-0063,2023-09-11,0.2152573651921373,landsat,озимая пшеница,2023,9,True,4.0,1.0,1,0,0-7,0-7,0.5139344651781621,0.4250127178810612,0.0553709987589584,0.0056818181818181,0.9375,4.0,1.0,A,0,r0_f0,17,0.1694484701272221,-0.0458088950649152,0.16805872995256,-0.0471986352395773,0.168753600039891,-0.0465037651522462,0.1683366779874924,-0.0469206872046449,0.2613607703614092,0.0461034051692718,0.1685214492328862,-0.0467359159592511,0.1688826310436067,-0.0463747341485305,matched,False,False,0.21621070802211761,0.1642223447561264
AOI-0064,2010-08-06,0.2758192338279803,landsat,озимая пшеница,2010,8,False,8.0,7.0,1,0,8-15,0-7,0.0227080173273753,0.8407614661765442,0.1272712572368211,0.0092592592592592,0.6818181818181818,8.0,7.0,A,0,r0_f0,17,0.4898204711745959,0.2140012373466155,0.319859668971297,0.0440404351433166,0.4048400700729464,0.1290208362449661,0.3991747099995031,0.1233554761715228,0.3383295609182435,0.0625103270902632,0.4035954322761304,0.1277761984481501,0.394374241399186,0.1185550075712056,matched,True,False,0.4066492021083832,0.422115683555603
AOI-0064,2010-08-22,0.2054592571582283,landsat,озимая пшеница,2010,8,False,9.0,23.0,3,0,8-15,16-30,0.0245246587135653,0.8280223834706678,0.1374529578157668,0.01,0.625,9.0,23.0,A,0,r0_f0,17,0.319859668971297,0.1144004118130686,0.25747094070815,0.0520116835499217,0.2886653048397235,0.0832060476814952,0.3023128391472869,0.0968535819890586,0.2647903045120205,0.0593310473537922,0.2909225803138213,0.0854633231555929,0.2974555044373641,0.0919962472791358,matched,True,False,0.26193860173225403,0.30204519629478455
AOI-0064,2010-08-29,0.2555946783993296,modis,озимая пшеница,2010,8,False,16.0,16.0,3,1,16-30,16-30,0.0149540601911983,0.4317209655308949,0.5472274133022969,0.0060975609756097,0.4838709677419355,16.0,16.0,A,0,r0_f0,17,0.319859668971297,0.0642649905719673,0.25747094070815,0.0018762623088204,0.2886653048397235,0.0330706264403939,0.2886653048397235,0.0330706264403939,0.2613607703614092,0.0057660919620796,0.2741190294784129,0.0185243510790832,0.2839375230345682,0.0283428446352386,matched,True,False,0.282915323972702,0.28079962730407715
AOI-0064,2010-08-30,0.1706792993293603,landsat,озимая пшеница,2010,8,False,17.0,15.0,3,2,16-30,8-15,0.0266572377321362,0.8565460689898563,0.1059271280606161,0.0108695652173913,0.5,17.0,15.0,A,0,r0_f0,17,0.319859668971297,0.1491803696419366,0.25747094070815,0.0867916413787897,0.2886653048397235,0.1179860055103632,0.2867156570815001,0.1160363577521398,0.2613607703614092,0.0906814710320489,0.2721607780083095,0.1014814786789492,0.282188394500579,0.1115090951712187,matched,True,False,0.24518200755119324,0.2806972861289978
AOI-0064,2011-08-29,0.4167872826314688,modis,озимая пшеница,2011,8,False,12.0,4.0,1,0,8-15,0-7,0.0127732597466486,0.1604283247243061,0.821590082195712,0.0052083333333333,0.7894736842105263,12.0,4.0,A,0,r0_f0,17,0.4035250445320387,-0.0132622380994301,0.1849590438172983,-0.2318282388141705,0.2942420441746685,-0.1225452384568003,0.2396005439959834,-0.1771867386354854,0.2613607703614092,-0.1554265122700596,0.2085170306575416,-0.2082702519739271,0.2388878602858118,-0.1778994223456569,matched,True,False,0.3192406892776489,0.23033131659030914
AOI-0064,2015-08-28,0.1963106654226782,landsat,озимая пшеница,2015,8,False,15.0,1.0,1,0,8-15,0-7,0.0245246587135653,0.8280223834706678,0.1374529578157668,0.01,0.9375,15.0,1.0,A,0,r0_f0,17,0.337654137858789,0.1413434724361108,0.2488075424261471,0.0524968770034689,0.293230840142468,0.0969201747197898,0.2543604546406872,0.058049789218009,0.2647903045120205,0.0684796390893423,0.2552433635583783,0.0589326981357,0.2550723315335055,0.0587616661108273,matched,True,False,0.23025889694690704,0.25217577815055847
AOI-0064,2015-09-30,0.2640813115441022,modis,озимая пшеница,2015,9,False,1.0,7.0,1,0,0-7,0-7,0.0139344651781621,0.3341036269719704,0.6462800896680494,0.0056818181818181,0.9375,1.0,7.0,A,0,r0_f0,17,0.1516244670969622,-0.1124568444471399,0.200967721054238,-0.0631135904898642,0.1762960940756001,-0.0877852174685021,0.1577923738416216,-0.1062889377024805,0.2300744919123765,-0.0340068196317256,0.1528346960673181,-0.111246615476784,0.1498062741800803,-0.1142750373640218,matched,True,False,0.28097984194755554,0.15553440153598785
AOI-0064,2017-05-09,0.8076785878902157,modis,озимая пшеница,2017,5,False,4.0,16.0,1,0,0-7,16-30,0.1296689503497869,0.0921678350346411,0.7732612538312583,0.0049019607843137,0.7894736842105263,4.0,16.0,A,0,r0_f0,17,0.832787379072305,0.0251087911820893,0.8884742300439975,0.0807956421537817,0.8606308045581512,0.0529522166679354,0.8439247492666435,0.0362461613764277,0.6465173937099522,-0.1611611941802635,0.8519390179622738,0.044260430072058,0.8501438203869833,0.0424652324967675,matched,True,False,0.8477495312690735,0.8468965291976929
AOI-0064,2017-05-26,0.9090140284351188,s2,озимая пшеница,2017,5,False,1.0,3.0,1,0,0-7,0-7,0.4408744311892756,0.3800373057844464,0.1624215963596113,0.0166666666666666,0.9375,1.0,3.0,A,0,r0_f0,17,0.8884742300439975,-0.0205397983911213,0.8896384634847321,-0.0193755649503867,0.8890563467643648,-0.0199576816707539,0.8887652884041811,-0.0202487400309376,0.7246056996320704,-0.1844083288030483,0.8889073375450042,-0.0201066908901146,0.8888784756967161,-0.0201355527384027,matched,True,False,0.8838679194450378,0.8927708864212036
AOI-0064,2017-06-14,0.8168816833621063,landsat,озимая пшеница,2017,6,False,4.0,8.0,1,0,0-7,8-15,0.2883197792399459,0.4812849741729185,0.2147702465871356,0.015625,0.7894736842105263,4.0,8.0,A,0,r0_f0,17,0.8422212445003142,0.0253395611382079,0.6744540716312585,-0.1424276117308478,0.7583376580657863,-0.0585440252963199,0.7862988535439622,-0.030582829818144,0.7010719673379057,-0.1158097160242006,0.7987504586425968,-0.0181312247195095,0.7977347293538751,-0.0191469540082311,matched,True,False,0.7968451380729675,0.7811434864997864
AOI-0064,2017-08-09,0.1198705918612333,s2,озимая пшеница,2017,8,False,3.0,2.0,1,0,0-7,0-7,0.7364492865497688,0.1851182890801424,0.0731132754339185,0.0053191489361702,0.8823529411764706,3.0,2.0,A,0,r0_f0,17,0.1303993990624719,0.0105288072012385,0.1477413266303225,0.0278707347690891,0.1390703628463971,0.0191997709851638,0.1408045556031822,0.0209339637419489,0.3383295609182435,0.2184589690570102,0.1361719566290122,0.0163013647677789,0.1380636261323069,0.0181930342710736,matched,True,False,0.21219460666179657,0.14763016998767853
AOI-0064,2017-09-02,0.1609945884889785,landsat,озимая пшеница,2017,9,False,4.0,1.0,1,0,0-7,0-7,0.3941598896199729,0.4906424870864592,0.1073851232935678,0.0078125,0.9375,4.0,1.0,A,0,r0_f0,17,0.301956903415043,0.1409623149260645,0.1469842284260551,-0.0140103600629233,0.224470565920549,0.0634759774315705,0.1779787634238527,0.0169841749348741,0.2613607703614092,0.1003661818724307,0.1649628289814013,0.0039682404924228,0.1647979258899233,0.0038033374009448,matched,True,False,0.15618550777435303,0.178831547498703
AOI-0064,2017-09-30,0.1628801861428319,s2,озимая пшеница,2017,9,False,4.0,4.0,1,0,0-7,0-7,0.3964060859199833,0.071164607437821,0.5276216143345033,0.0048076923076923,0.7894736842105263,4.0,4.0,A,0,r0_f0,17,0.2044173562625522,0.0415371701197203,0.1597190161526178,-0.003161169990214,0.182068186207585,0.0191880000647531,0.182068186207585,0.0191880000647531,0.2300744919123765,0.0671943057695446,0.1820681862075849,0.019188000064753,0.1814848194003377,0.0186046332575058,matched,True,False,0.22744005918502808,0.17207391560077667
AOI-0064,2017-10-08,0.1525897934222193,s2,озимая пшеница,2017,10,False,4.0,4.0,1,0,0-7,0-7,0.806458074783004,0.1121381692959604,0.0738279983452778,0.0075757575757575,0.7894736842105263,4.0,4.0,A,0,r0_f0,17,0.1597190161526178,0.0071292227303985,0.1972068665895154,0.0446170731672961,0.1784629413710666,0.0258731479488473,0.1784629413710666,0.0258731479488473,0.2300744919123765,0.0774846984901572,0.1746342997449638,0.0220445063227445,0.1792656453271348,0.0266758519049155,matched,True,False,0.18724121153354645,0.17697066068649292
AOI-0064,2018-05-31,0.7660105352293669,s2,озимая пшеница,2018,5,False,6.0,1.0,1,0,0-7,0-7,0.7463004450767333,0.1270421509936944,0.1199006471728154,0.0067567567567567,0.9375,6.0,1.0,A,0,r0_f0,17,0.7925970668342763,0.0265865316049094,0.7664371472911927,0.0004266120618258,0.7795171070627345,0.0135065718333675,0.7701742786544904,0.0041637434251234,0.7010719673379057,-0.0649385678914612,0.7678862390443081,0.0018757038149411,0.7666553963519328,0.0006448611225658,matched,True,False,0.7527793049812317,0.7744160294532776
AOI-0064,2018-06-09,0.8250224496380829,landsat,озимая пшеница,2018,6,False,7.0,1.0,1,0,0-7,0-7,0.1245902230289356,0.7482951581643688,0.1184939291515231,0.0086206896551724,0.9375,7.0,1.0,A,0,r0_f0,17,0.7737741496804009,-0.0512482999576819,0.7304952859836583,-0.0945271636544246,0.7521347178320297,-0.0728877318060532,0.7359051439457511,-0.0891173056923317,0.7010719673379057,-0.1239504823001772,0.7323549246581277,-0.0926675249799552,0.7313406520274639,-0.093681797610619,matched,True,False,0.8015417456626892,0.733210027217865
AOI-0064,2019-05-11,0.8471062716124067,landsat,озимая пшеница,2019,5,False,2.0,5.0,2,0,0-7,0-7,0.7288837254247413,0.2071561806373023,0.0580077129855754,0.0059523809523809,0.8823529411764706,2.0,5.0,A,0,r0_f0,17,0.8256700398072492,-0.0214362318051575,0.9088355544305872,0.0617292828181804,0.8672527971189181,0.0201465255065114,0.8494316154139172,0.0023253438015105,0.6465173937099522,-0.2005888779024545,0.8726824695925767,0.0255761979801699,0.8661461383641217,0.0190398667517149,matched,True,False,0.8787584900856018,0.8415360450744629
AOI-0064,2019-05-13,0.864524509509647,s2,озимая пшеница,2019,5,False,4.0,3.0,2,1,0-7,0-7,0.846089041938261,0.0771588453361913,0.0696092555826905,0.0071428571428571,0.8333333333333334,4.0,3.0,A,0,r0_f0,17,0.8256700398072492,-0.0388544697023978,0.9088355544305872,0.0443110449209401,0.8672527971189181,0.0027282876092711,0.8731931910205851,0.0086686815109381,0.6465173937099522,-0.2180071157996947,0.898080631951506,0.033556122441859,0.8965933032320695,0.0320687937224225,matched,True,False,0.7781041860580444,0.8839021325111389
AOI-0064,2019-07-06,0.1881969837044611,landsat,озимая пшеница,2019,7,False,1.0,1.0,1,0,0-7,0-7,0.4153279116959784,0.5175139896691674,0.0609080986348542,0.00625,0.9375,1.0,1.0,A,0,r0_f0,17,0.183597362890803,-0.0045996208136581,0.1574360754778486,-0.0307609082266125,0.1705167191843258,-0.0176802645201352,0.1705167191843258,-0.0176802645201352,0.3922055829921826,0.2040085992877215,0.1701218386323491,-0.018075145072112,0.1702093129101883,-0.0179876707942727,matched,True,False,0.2885601818561554,0.17376504838466644
AOI-0064,2019-07-14,0.2305988718043169,landsat,озимая пшеница,2019,7,False,2.0,3.0,1,0,0-7,0-7,0.4915894884312855,0.4282730344949281,0.0747026944650906,0.0054347826086956,0.8823529411764706,2.0,3.0,A,0,r0_f0,17,0.342149025769956,0.111550153965639,0.1370510238964744,-0.0935478479078425,0.2396000248332151,0.0090011530288982,0.2601098250205633,0.0295109532162464,0.3922055829921826,0.1616067111878657,0.2710649056563937,0.0404660338520768,0.266207458160381,0.0356085863560641,matched,True,False,0.22635748982429504,0.2591359615325928
AOI-0064,2019-07-28,0.3793006285355122,modis,озимая пшеница,2019,7,False,6.0,2.0,1,0,0-7,0-7,0.3324696204490183,0.1725896707543015,0.490908450732164,0.0040322580645161,0.8823529411764706,6.0,2.0,A,0,r0_f0,17,0.1332875657692214,-0.2460130627662908,0.1800918557807883,-0.1992087727547239,0.1566897107750048,-0.2226109177605073,0.1683907832778965,-0.2109098452576156,0.3666954580152672,-0.012605170520245,0.1728083276260732,-0.2064923009094389,0.1710808607003183,-0.2082197678351939,matched,True,False,0.34051230549812317,0.16192425787448883
AOI-0064,2019-08-16,0.1630551493315848,s2,озимая пшеница,2019,8,False,1.0,3.0,1,0,0-7,0-7,0.7653279116959784,0.1675139896691674,0.0609080986348542,0.00625,0.9375,1.0,3.0,A,0,r0_f0,17,0.2110077527928983,0.0479526034613135,0.1476809072997009,-0.0153742420318838,0.1793443300462996,0.0162891807147148,0.1951760414195989,0.0321208920880141,0.2647903045120205,0.1017351551804357,0.2011129331845862,0.0380577838530014,0.195289849050916,0.0322346997193312,matched,True,False,0.1541447639465332,0.1930668205022812
AOI-0064,2019-10-15,0.357408938790934,s2,озимая пшеница,2019,10,False,2.0,3.0,2,0,0-7,0-7,0.8781421241066426,0.1027933218546304,0.0121201095942825,0.0069444444444444,0.8823529411764706,2.0,3.0,A,0,r0_f0,17,0.3844633544492024,0.0270544156582683,0.4301898206197015,0.0727808818287675,0.4073265875344519,0.0499176487435179,0.402753940917402,0.045345002126468,0.2406710940977025,-0.1167378446932315,0.4067263225540412,0.0493173837631071,0.4060363745858156,0.0486274357948816,matched,True,False,0.3977589011192322,0.40267571806907654
AOI-0064,2019-10-16,0.5591039178713598,modis,озимая пшеница,2019,10,False,3.0,2.0,2,1,0-7,0-7,0.2473160091733163,0.1902070507209156,0.5575749793214544,0.0049019607843137,0.8823529411764706,3.0,2.0,A,0,r0_f0,17,0.3844633544492024,-0.1746405634221574,0.4301898206197015,-0.1289140972516583,0.4073265875344519,-0.1517773303369078,0.4118992341515018,-0.1472046837198579,0.2406710940977025,-0.3184328237736573,0.4157912000101902,-0.1433127178611695,0.4148442599728086,-0.1442596578985511,matched,True,False,0.5255424380302429,0.4105835258960724
AOI-0064,2020-04-03,0.6938228833086453,landsat,озимая пшеница,2020,4,False,158.0,3.0,1,0,31+,0-7,0.3537705489279711,0.5900186528922231,0.0478774648464723,0.0083333333333333,0.8333333333333334,158.0,3.0,A,0,r0_f0,17,0.5115831563536856,-0.1822397269549597,0.6782724282421959,-0.0155504550664493,0.5949277922979408,-0.0988950910107044,0.6751664169647702,-0.018656466343875,0.4166117421924103,-0.2772111411162349,0.6733177031310965,-0.0205051801775487,0.6717287563657335,-0.0220941269429117,matched,True,False,0.5776476263999939,0.6802652478218079
AOI-0064,2020-05-21,0.5946385025104707,landsat,озимая пшеница,2020,5,False,4.0,3.0,1,0,0-7,0-7,0.6112166562020597,0.2473978729877208,0.1282275760733774,0.0131578947368421,0.8333333333333334,4.0,3.0,A,0,r0_f0,17,0.6352831264974658,0.040644623986995,0.6547636706473918,0.0601251681369211,0.6450233985724287,0.050384896061958,0.6464148660117093,0.0517763635012386,0.7246056996320704,0.1299671971215997,0.6470964010840099,0.0524578985735392,0.6432433989843188,0.0486048964738481,matched,True,False,0.776366651058197,0.6399980187416077
AOI-0064,2020-07-26,0.2483703421133948,s2,озимая пшеница,2020,7,False,2.0,3.0,2,0,0-7,0-7,0.8828938362573725,0.0804469475384064,0.0312244335955254,0.0054347826086956,0.8823529411764706,2.0,3.0,A,0,r0_f0,17,0.2581874586707184,0.0098171165573236,0.2661600775266196,0.0177897354132247,0.262173768098669,0.0138034259852742,0.2613765062130788,0.013006164099684,0.3666954580152672,0.1183251159018724,0.2609938205079956,0.0126234783946008,0.2600931933342786,0.0117228512208838,matched,True,False,0.2430921047925949,0.2631676495075226
AOI-0064,2020-07-27,0.4090803268384665,modis,озимая пшеница,2020,7,False,3.0,2.0,2,1,0-7,0-7,0.3871002699645759,0.0606649112584704,0.5481364581212159,0.0040983606557377,0.8823529411764706,3.0,2.0,A,0,r0_f0,17,0.2581874586707184,-0.1508928681677481,0.2661600775266196,-0.1429202493118469,0.262173768098669,-0.1469065587397975,0.2629710299842591,-0.1461092968542074,0.3666954580152672,-0.0423848688231993,0.2633537156893423,-0.1457266111491241,0.2622649537104541,-0.1468153731280123,matched,True,False,0.3494069576263428,0.2625719904899597
AOI-0064,2020-08-05,0.2580164372711013,s2,озимая пшеница,2020,8,False,2.0,3.0,1,0,0-7,0-7,0.8900636013844722,0.0551134609544223,0.0497208968447789,0.0051020408163265,0.8823529411764706,2.0,3.0,A,0,r0_f0,17,0.1395987632725986,-0.1184176739985027,0.2203921253562529,-0.0376243119148483,0.1799954443144257,-0.0780209929566755,0.1719161081060603,-0.0861003291650409,0.3383295609182435,0.0803131236471422,0.1613278610828797,-0.0966885761882215,0.1694766121463443,-0.088539825124757,matched,True,False,0.2505785822868347,0.17591023445129395
AOI-0064,2020-09-10,0.1740231982250986,landsat,озимая пшеница,2020,9,False,1.0,2.0,1,0,0-7,0-7,0.4614921728130435,0.4428685629952386,0.0905372233753912,0.0051020408163265,0.9375,1.0,2.0,A,0,r0_f0,17,0.1463915191671253,-0.0276316790579732,0.1488599381822133,-0.0251632600428853,0.1476257286746693,-0.0263974695504292,0.1472143255054879,-0.0268088727196106,0.2613607703614092,0.0873375721363106,0.1465980108467358,-0.0274251873783627,0.1429685935769613,-0.0310546046481372,matched,True,False,0.22100156545639038,0.14013418555259705
AOI-0064,2021-04-20,0.2498878274065946,s2,озимая пшеница,2021,4,False,5.0,2.0,1,0,0-7,0-7,0.5585850772546913,0.2473978729877208,0.1808591550207458,0.0131578947368421,0.8823529411764706,5.0,2.0,A,0,r0_f0,17,0.2270944844542055,-0.0227933429523891,0.3274226958069264,0.0775348684003318,0.277258590130566,0.0273707627239713,0.2987574925632918,0.0488696651566972,0.5416330578512396,0.291745230444645,0.2718289246119599,0.0219410972053653,0.2639436907725454,0.0140558633659508,matched,True,False,0.31060710549354553,0.2945416569709778
AOI-0064,2021-05-20,0.2614862045499711,s2,озимая пшеница,2021,5,False,4.0,5.0,1,0,0-7,0-7,0.8136248103964252,0.0822346574837043,0.0985849765643149,0.0055555555555555,0.7894736842105263,4.0,5.0,A,0,r0_f0,17,0.3259486360405849,0.0644624314906137,0.7070655562539283,0.4455793517039572,0.5165070961472567,0.2550208915972855,0.4953339339131819,0.2338477293632108,0.7246056996320704,0.4631194950820993,0.5594575010682092,0.2979712965182381,0.5808883017354253,0.3194020971854541,matched,True,False,0.31137558817863464,0.4976828992366791
AOI-0064,2021-07-01,0.6503418898146615,s2,озимая пшеница,2021,7,False,5.0,2.0,1,0,0-7,0-7,0.7566021175970752,0.1763738106684853,0.0624786171889849,0.0045454545454545,0.8823529411764706,5.0,2.0,A,0,r0_f0,17,0.6767747943742493,0.0264329045595878,0.6533355418723031,0.0029936520576416,0.6650551681232761,0.0147132783086146,0.6600324711585736,0.009690581343912,0.3922055829921826,-0.2581363068224788,0.6579823907648172,0.0076405009501557,0.6620638399948549,0.0117219501801933,matched,True,False,0.7083895802497864,0.660660982131958
AOI-0064,2021-07-06,0.3486440055093147,s2,озимая пшеница,2021,7,False,3.0,5.0,2,0,0-7,0-7,0.7718970167085405,0.0964485566702391,0.1227258551926489,0.0089285714285714,0.8333333333333334,3.0,5.0,A,0,r0_f0,17,0.6533355418723031,0.3046915363629884,0.7096911569846694,0.3610471514753547,0.6815133494284863,0.3328693439191716,0.6744688975394405,0.3258248920301258,0.3922055829921826,0.0435615774828679,0.6711668107164503,0.3225228052071356,0.6680317174610333,0.3193877119517186,matched,True,False,0.749516487121582,0.6877208948135376
AOI-0064,2021-07-09,0.7453243181848186,s2,озимая пшеница,2021,7,False,6.0,2.0,2,1,0-7,0-7,0.8794927635441346,0.0509539544672961,0.0648363008564937,0.0047169811320754,0.8823529411764706,6.0,2.0,A,0,r0_f0,17,0.6533355418723031,-0.0919887763125154,0.7096911569846694,-0.0356331612001491,0.6815133494284863,-0.0638109687563323,0.6956022532065779,-0.0497220649782407,0.3922055829921826,-0.353118735192636,0.7008855921233622,-0.0444387260614563,0.6998678715432467,-0.0454564466415718,matched,True,False,0.6883337497711182,0.6887010335922241
AOI-0064,2021-08-05,0.5340030335465381,s2,озимая пшеница,2021,8,False,1.0,3.0,1,0,0-7,0-7,0.8747236387869566,0.0395478973666673,0.0799145103580039,0.005813953488372,0.9375,1.0,3.0,A,0,r0_f0,17,0.5325783482932701,-0.0014246852532679,0.5031037537482022,-0.0308992797983359,0.5178410510207361,-0.016161982525802,0.525209699657003,-0.008793333889535,0.3383295609182435,-0.1956734726282946,0.5221414898619768,-0.0118615436845612,0.5129455878560323,-0.0210574456905058,matched,True,False,0.47275006771087646,0.5247553586959839
AOI-0064,2021-09-12,0.2195146260952937,s2,озимая пшеница,2021,9,False,3.0,1.0,1,0,0-7,0-7,0.7338798528266306,0.1541899827819456,0.1015134977247571,0.0104166666666666,0.9375,3.0,1.0,A,0,r0_f0,17,0.2419791583919571,0.0224645322966633,0.2459597578544438,0.02644513175915,0.2439694581232004,0.0244548320279067,0.2449646079888221,0.0254499818935284,0.2613607703614092,0.0418461442661154,0.2457460989762385,0.0262314728809448,0.2589620519496142,0.0394474258543204,matched,True,False,0.2337554544210434,0.24243605136871338
AOI-0064,2022-05-15,0.6318631978971155,s2,озимая пшеница,2022,5,False,3.0,7.0,2,0,0-7,0-7,0.6326811763819076,0.2161470834440869,0.1431072240449732,0.0080645161290322,0.8333333333333334,3.0,7.0,A,0,r0_f0,17,0.6465313060506904,0.0146681081535748,0.5883642699482364,-0.0434989279488791,0.6174477879994634,-0.0144154098976521,0.6290811952199542,-0.0027820026771613,0.6465173937099522,0.0146541958128366,0.6171081974557395,-0.014755000441376,0.5996262898979355,-0.03223690799918,matched,True,False,0.615678071975708,0.6568811535835266
AOI-0064,2022-05-20,0.6789313562724913,s2,озимая пшеница,2022,5,False,8.0,2.0,2,1,8-15,0-7,0.7336696530215162,0.1461681945324793,0.1137518960357479,0.0064102564102564,0.8823529411764706,8.0,2.0,A,0,r0_f0,17,0.6465313060506904,-0.0324000502218009,0.5883642699482364,-0.0905670863242549,0.6174477879994634,-0.0614835682730279,0.5999976771687272,-0.0789336791037641,0.7246056996320704,0.045674343359579,0.590743649039638,-0.0881877072328533,0.5689975379722841,-0.1099338183002072,matched,True,False,0.6733810305595398,0.6113529801368713
AOI-0064,2022-07-04,0.4136999547408055,s2,озимая пшеница,2022,7,False,3.0,2.0,1,0,0-7,0-7,0.7522623293567827,0.1740111917353339,0.0687264789078834,0.005,0.8823529411764706,3.0,2.0,A,0,r0_f0,17,0.4141620374622437,0.0004620827214382,0.403370880708637,-0.0103290740321684,0.4087664590854404,-0.0049334956553651,0.4076873434100797,-0.0060126113307257,0.3922055829921826,-0.0214943717486228,0.4076071722067736,-0.0060927825340318,0.4082659605977564,-0.005433994143049,matched,True,False,0.43829256296157837,0.4012910723686218
AOI-0064,2022-10-18,0.2125382899478855,landsat,озимая пшеница,2022,10,False,4.0,1.0,1,0,0-7,0-7,0.2625212575116943,0.6793296409229894,0.0495284119101438,0.0086206896551724,0.9375,4.0,1.0,A,0,r0_f0,17,0.181725636143239,-0.0308126538046465,0.1854020148647361,-0.0271362750831494,0.1835638255039875,-0.0289744644438979,0.1846667391204366,-0.0278715508274488,0.2406710940977025,0.0281328041498169,0.1852831946151917,-0.0272550953326937,0.1906072235925773,-0.0219310663553081,matched,True,False,0.24710588157176971,0.18520157039165497
AOI-0064,2023-04-17,0.2932264188641161,s2,озимая пшеница,2023,4,False,10.0,6.0,1,0,8-15,0-7,0.7634487580681161,0.1000207254358035,0.1272712572368211,0.0092592592592592,0.7142857142857143,10.0,6.0,A,0,r0_f0,17,0.5490810810810812,0.2558546622169651,0.5922146029750682,0.2989881841109521,0.5706478420280747,0.2774214231639586,0.5760395322648231,0.282813113400707,0.5416330578512396,0.2484066389871235,0.5879351177937536,0.2947086989296375,0.8046264241648955,0.5114000053007794,matched,True,False,0.3880733847618103,0.5777288675308228
AOI-0064,2023-06-26,0.7642700393404062,s2,озимая пшеница,2023,6,False,2.0,3.0,1,0,0-7,0-7,0.5967778701351575,0.115526889427012,0.2833848956102443,0.0043103448275862,0.8823529411764706,2.0,3.0,A,0,r0_f0,17,0.8545442314009664,0.0902741920605602,0.7848496281590219,0.0205795888186157,0.8196969297799941,0.0554268904395879,0.8266663901041886,0.0623963507637824,0.5174310253937682,-0.246839013946638,0.8422690230709481,0.0779989837305419,0.8504402041568683,0.0861701648164621,matched,True,False,0.7835168242454529,0.8283422589302063
AOI-0064,2023-07-04,0.7323160468300121,s2,озимая пшеница,2023,7,False,4.0,2.0,2,0,0-7,0-7,0.7469581437297586,0.1711235463725932,0.0763627543420926,0.0055555555555555,0.8823529411764706,4.0,2.0,A,0,r0_f0,17,0.7305810500520249,-0.0017349967779871,0.7151432132622659,-0.0171728335677461,0.7228621316571454,-0.0094539151728666,0.7202891588588521,-0.0120268879711599,0.3922055829921826,-0.3401104638378294,0.7203255365545365,-0.0119905102754755,0.7197452122704676,-0.0125708345595444,matched,True,False,0.7852704524993896,0.7127017378807068
AOI-0064,2023-07-05,0.7041165388603879,landsat,озимая пшеница,2023,7,False,5.0,1.0,2,1,0-7,0-7,0.3076369870204667,0.6024526728479681,0.0838127791559553,0.0060975609756097,0.9375,5.0,1.0,A,0,r0_f0,17,0.7305810500520249,0.0264645111916369,0.7151432132622659,0.0110266744018779,0.7228621316571454,0.0187455927967574,0.7177161860605591,0.0135996472001711,0.3922055829921826,-0.3119109558682053,0.7185150109115098,0.0143984720511218,0.7201012833141145,0.0159847444537265,matched,True,False,0.7343056797981262,0.7132567167282104
AOI-0064,2023-07-26,0.6934139337937107,s2,озимая пшеница,2023,7,False,1.0,2.0,2,0,0-7,0-7,0.8321162833599803,0.106830899699243,0.0553709987589584,0.0056818181818181,0.9375,1.0,2.0,A,0,r0_f0,17,0.807300724123328,0.1138867903296172,0.5248621831133459,-0.1685517506803648,0.6660814536183369,-0.0273324801753738,0.7131545437866672,0.0197406099929564,0.3666954580152672,-0.3267184757784435,0.7340759171948141,0.0406619834011033,0.7400252555943108,0.0466113218006,matched,True,False,0.7625400424003601,0.7134948372840881
AOI-0064,2023-07-27,0.633984599933411,landsat,озимая пшеница,2023,7,False,2.0,1.0,2,1,0-7,0-7,0.3691803659519808,0.5711235463725932,0.0541405321198704,0.0055555555555555,0.9375,2.0,1.0,A,0,r0_f0,17,0.807300724123328,0.1733161241899169,0.5248621831133459,-0.1091224168200651,0.6660814536183369,0.0320968536849258,0.6190083634500065,-0.0149762364834045,0.3666954580152672,-0.2672891419181438,0.5980869900418597,-0.0358976098915513,0.6029347530040238,-0.0310498469293872,matched,True,False,0.6487654447555542,0.6210655570030212
AOI-0064,2023-08-10,0.3775591742645142,landsat,озимая пшеница,2023,8,False,2.0,3.0,1,0,0-7,0-7,0.6005044795322744,0.2577138302602575,0.1321663055920834,0.0096153846153846,0.8823529411764706,2.0,3.0,A,0,r0_f0,17,0.391862021690018,0.0143028474255038,0.2666154334751758,-0.1109437407893383,0.3292387275825968,-0.0483204466819173,0.3417633864040811,-0.035795787860433,0.3383295609182435,-0.0392296133462706,0.3232767422962805,-0.0542824319682336,0.3195398968257693,-0.0580192774387449,matched,True,False,0.35207778215408325,0.3356057107448578
AOI-0064,2023-10-04,0.1329013115668215,s2,озимая пшеница,2023,10,False,4.0,1.0,1,0,0-7,0-7,0.671662794068556,0.2982242783351195,0.0256486418820387,0.0044642857142857,0.9375,4.0,1.0,A,0,r0_f0,17,0.2576799497171591,0.1247786381503375,0.1873381189075976,0.0544368073407761,0.2225090343123783,0.0896077227455568,0.2014064850695099,0.0685051735026884,0.2300744919123765,0.097173180345555,0.1954416207366522,0.0625403091698307,0.1958327108090233,0.0629313992422018,matched,True,False,0.1543404906988144,0.20294494926929474
AOI-0064,2023-10-16,0.1519295443296291,landsat,озимая пшеница,2023,10,False,2.0,1.0,1,0,0-7,0-7,0.2519502839282609,0.2189751652890809,0.5247642059550719,0.0043103448275862,0.9375,2.0,1.0,A,0,r0_f0,17,0.1558611392768875,0.0039315949472583,0.0678581387433091,-0.08407140558632,0.1118596390100983,-0.0400699053195308,0.0971924722545019,-0.0547370720751272,0.2406710940977025,0.0887415497680733,0.0819911099528594,-0.0699384343767696,0.0828091634019066,-0.0691203809277224,matched,True,False,0.24538418650627136,0.09612361341714859
AOI-0064,2024-04-01,0.4685663879930541,s2,озимая пшеница,2024,4,False,155.0,3.0,1,0,31+,0-7,0.908196787224582,0.0654061379525652,0.016781690207468,0.0096153846153846,0.8333333333333334,155.0,3.0,A,0,r0_f0,17,0.1853020323479898,-0.2832643556450643,0.5967302690659542,0.1281638810729,0.391016150706972,-0.0775502372860821,0.5889183405206764,0.1203519525276222,0.4166117421924103,-0.0519546458006437,0.5965631939350001,0.127996805941946,0.5977453420965427,0.1291789541034886,matched,True,False,0.43660062551498413,0.6030572652816772
AOI-0064,2024-06-18,0.5813339690179493,s2,озимая пшеница,2024,6,False,1.0,2.0,1,0,0-7,0-7,0.7267982952620231,0.2183787670768713,0.0497208968447789,0.0051020408163265,0.9375,1.0,2.0,A,0,r0_f0,17,0.5151465398890811,-0.0661874291288682,0.3957916122508252,-0.1855423567671241,0.4554690760699531,-0.1258648929479962,0.4753615640096624,-0.1059724050082868,0.5174310253937682,-0.0639029436241811,0.4809927024225544,-0.1003412665953949,0.4777473437160776,-0.1035866253018717,matched,True,False,0.4958532452583313,0.4731762111186981
AOI-0064,2024-07-18,0.2378928328342727,s2,озимая пшеница,2024,7,False,3.0,1.0,1,0,0-7,0-7,0.9308799279150844,0.0347052976891162,0.0293127335794728,0.0051020408163265,0.9375,3.0,1.0,A,0,r0_f0,17,0.2651342456748652,0.0272414128405925,0.3056077077453623,0.0677148749110895,0.2853709767101137,0.047478143875841,0.295489342227738,0.0575965093934653,0.3666954580152672,0.1288026251809945,0.2992837292968471,0.0613908964625743,0.3009289043809469,0.0630360715466742,matched,True,False,0.22297370433807373,0.3032410442829132
AOI-0064,2024-07-27,0.2866531087296295,landsat,озимая пшеница,2024,7,False,2.0,3.0,1,0,0-7,0-7,0.4071226977213644,0.3224234411511499,0.2661435162998994,0.0043103448275862,0.8823529411764706,2.0,3.0,A,0,r0_f0,17,0.2440319833194532,-0.0426211254101763,0.1830393177981927,-0.1036137909314368,0.2135356505588229,-0.0731174581708065,0.2196349171109489,-0.0670181916186805,0.3666954580152672,0.0800423492856376,0.2225625650559695,-0.06409054367366,0.2189504699717699,-0.0677026387578596,matched,True,False,0.30440181493759155,0.2190142422914505
AOI-0064,2024-08-19,0.1826210762216521,s2,озимая пшеница,2024,8,False,2.0,1.0,1,0,0-7,0-7,0.7566021175970752,0.2309192652139399,0.0079331626435303,0.0045454545454545,0.9375,2.0,1.0,A,0,r0_f0,17,0.1903427772265233,0.0077217010048711,0.2393357650664601,0.0567146888448079,0.2148392711464917,0.0322181949248396,0.2230047691198144,0.0403836928981623,0.2647903045120205,0.0821692282903684,0.2278930843760425,0.0452720081543904,0.225082234735139,0.0424611585134869,matched,True,False,0.16177524626255035,0.2234075367450714
AOI-0065,2017-07-27,0.7973818365882519,s2,озимая пшеница,2017,7,True,2.0,1.0,1,0,0-7,0-7,0.8198321089716862,0.1146477947991877,0.0594225352535163,0.0060975609756097,0.9375,2.0,1.0,A,0,r0_f0,17,0.8130419582972401,0.0156601217089882,0.6986227740653784,-0.0987590625228734,0.7558323661813093,-0.0415494704069425,0.7367625021426657,-0.0606193344455862,0.3666954580152672,-0.4306863785729847,0.7269210845962717,-0.0704607519919802,0.7304031324994674,-0.0669787040887844,matched,False,False,0.7978228330612183,0.7236855626106262
AOI-0065,2017-09-26,0.2356672293306171,landsat,озимая пшеница,2017,9,True,1.0,4.0,1,0,0-7,0-7,0.2948087907733093,0.6027933218546304,0.0954534429276158,0.0069444444444444,0.9375,1.0,4.0,A,0,r0_f0,17,0.1883770102684838,-0.0472902190621332,0.1855738056206953,-0.0500934237099217,0.1869754079445895,-0.0486918213860275,0.1878163693389261,-0.047850859991691,0.2323186698409349,-0.0033485594896821,0.1875967032066578,-0.0480705261239592,0.1879402025458466,-0.0477270267847704,matched,False,False,0.26796209812164307,0.18557192385196686
AOI-0065,2019-07-06,0.4578602450296059,landsat,озимая пшеница,2019,7,True,1.0,1.0,1,0,0-7,0-7,0.3955503920914079,0.5166799901611118,0.0818172367950993,0.0059523809523809,0.9375,1.0,1.0,A,0,r0_f0,17,0.5013926208321587,0.0435323758025528,0.496037511509399,0.0381772664797931,0.4987150661707789,0.040854821141173,0.4987150661707789,0.040854821141173,0.3922055829921826,-0.0656546620374232,0.4976811625558481,0.0398209175262422,0.4973163814887413,0.0394561364591354,matched,False,False,0.5132538676261902,0.491001695394516
AOI-0065,2019-10-15,0.320654110414622,s2,озимая пшеница,2019,10,True,2.0,1.0,1,0,0-7,0-7,0.8544085531848414,0.1000151239666674,0.0388195660917343,0.0067567567567567,0.9375,2.0,1.0,A,0,r0_f0,17,0.3130484886305867,-0.0076056217840352,0.5166055083980495,0.1959513979834275,0.4148269985143181,0.0941728880996961,0.4487531684755619,0.1280990580609399,0.2406710940977025,-0.0799830163169195,0.4688722590341159,0.1482181486194939,0.4630966281403909,0.1424425177257688,matched,False,False,0.29689821600914,0.44874316453933716
AOI-0065,2020-04-07,0.5919746249611362,s2,озимая пшеница,2020,4,True,1.0,3.0,1,0,0-7,0-7,0.8537705489279711,0.0900186528922231,0.0478774648464723,0.0083333333333333,0.9375,1.0,3.0,A,0,r0_f0,17,0.5797682138342064,-0.0122064111269297,0.5952769532198499,0.0033023282587136,0.5875225835270281,-0.004452041434108,0.5836453986806173,-0.0083292262805189,0.4166117421924103,-0.1753628827687258,0.5821914543632132,-0.0097831705979229,0.5800130467822806,-0.0119615781788555,matched,False,False,0.5226453542709351,0.5824592709541321
AOI-0065,2020-04-17,0.557592487619664,s2,озимая пшеница,2020,4,True,5.0,2.0,1,0,0-7,0-7,0.649100401654613,0.2853795021162609,0.0594225352535163,0.0060975609756097,0.8823529411764706,5.0,2.0,A,0,r0_f0,17,0.4668235160257497,-0.0907689715939142,0.5810730916545848,0.0234806040349208,0.5239483038401672,-0.0336441837794967,0.5484303557606319,-0.009162131859032,0.5416330578512396,-0.0159594297684243,0.5560350277214301,-0.0015574598982338,0.5576804965748183,8.800895515437279e-05,matched,False,False,0.4712357819080353,0.5465614795684814
AOI-0065,2020-04-22,0.5314501141003066,s2,озимая пшеница,2020,4,True,3.0,3.0,1,0,0-7,0-7,0.5964738956196063,0.0886898035238999,0.3101193197244183,0.0047169811320754,0.8333333333333334,3.0,3.0,A,0,r0_f0,17,0.5810730916545848,0.0496229775542781,0.5888146159224011,0.0573645018220945,0.584943853788493,0.0534937396881863,0.5849438537884929,0.0534937396881862,0.5416330578512396,0.0101829437509329,0.5861428720876201,0.0546927579873134,0.5854254978454349,0.0539753837451282,matched,False,False,0.5160717368125916,0.5897238850593567
AOI-0065,2020-07-09,0.3616854293877836,s2,озимая пшеница,2020,7,True,3.0,5.0,2,0,0-7,0-7,0.8076113024228262,0.0964485566702391,0.0870115694783632,0.0089285714285714,0.8333333333333334,3.0,5.0,A,0,r0_f0,17,0.3388610680181885,-0.022824361369595,0.3001033095109859,-0.0615821198767976,0.3194821887645872,-0.0422032406231963,0.3243269085779875,-0.037358520809796,0.3922055829921826,0.030520153604399,0.3182393624955833,-0.0434460668922002,0.3193804986053416,-0.0423049307824419,matched,False,False,0.3059070110321045,0.2901287376880646
AOI-0065,2020-07-11,0.3177506682370679,s2,озимая пшеница,2020,7,True,5.0,3.0,2,1,0-7,0-7,0.6714087536921887,0.0457721963858761,0.2785817617863419,0.0042372881355932,0.8333333333333334,5.0,3.0,A,0,r0_f0,17,0.3388610680181885,0.0211103997811206,0.3001033095109859,-0.0176473587260819,0.3194821887645872,0.0017315205275193,0.3146374689511869,-0.0031131992858809,0.3922055829921826,0.0744549147551147,0.3076174145851535,-0.0101332536519143,0.3089467467471049,-0.0088039214899629,matched,False,False,0.31566324830055237,0.28434571623802185
AOI-0065,2020-07-24,0.3053006111063948,s2,озимая пшеница,2020,7,True,5.0,2.0,1,0,0-7,0-7,0.7706132679229469,0.1611214738290128,0.0636356286184105,0.0046296296296296,0.8823529411764706,5.0,2.0,A,0,r0_f0,17,0.2937825950771537,-0.011518016029241,0.2784646705229369,-0.0268359405834578,0.2861236328000452,-0.0191769783063495,0.2828412203955702,-0.0224593907108245,0.3666954580152672,0.0613948469088724,0.280663394226548,-0.0246372168798467,0.2827685190092576,-0.0225320920971371,matched,False,False,0.3352220356464386,0.27871567010879517
AOI-0065,2020-08-08,0.2746921185927263,s2,озимая пшеница,2020,8,True,3.0,1.0,1,0,0-7,0-7,0.8722623293567827,0.0540111917353339,0.0687264789078834,0.005,0.9375,3.0,1.0,A,0,r0_f0,17,0.3068346487080037,0.0321425301152774,0.2941523989943223,0.0194602804015959,0.300493523851163,0.0258014052584367,0.2973229614227426,0.0226308428300163,0.3383295609182435,0.0636374423255172,0.2997921011264535,0.0250999825337272,0.2981125867018103,0.0234204681090839,matched,False,False,0.32551878690719604,0.3195756673812866
AOI-0065,2021-09-12,0.2335653699440404,s2,озимая пшеница,2021,9,True,3.0,2.0,2,0,0-7,0-7,0.765787672514745,0.0739373733376824,0.1494053889301813,0.0108695652173913,0.8823529411764706,3.0,2.0,A,0,r0_f0,17,0.2565466957277628,0.0229813257837223,0.2303249528606887,-0.0032404170833517,0.2434358242942257,0.0098704543501853,0.2408136500075183,0.0072482800634779,0.2613607703614092,0.0277954004173688,0.240578275795036,0.0070129058509956,0.2408464531051343,0.0072810831610939,matched,False,False,0.18170997500419617,0.2365833818912506
AOI-0065,2021-09-13,0.2622390129841211,landsat,озимая пшеница,2021,9,True,4.0,1.0,2,1,0-7,0-7,0.4746604705096895,0.4485874167647627,0.0696092555826905,0.0071428571428571,0.9375,4.0,1.0,A,0,r0_f0,17,0.2565466957277628,-0.0056923172563583,0.2303249528606887,-0.0319140601234324,0.2434358242942257,-0.0188031886898953,0.2355693014341035,-0.0266697115500176,0.2323186698409349,-0.0299203431431862,0.2355830907621802,-0.0266559222219409,0.2356070934115476,-0.0266319195725734,matched,False,False,0.2351904958486557,0.23252379894256592
AOI-0065,2023-07-28,0.5460353079284811,modis,озимая пшеница,2023,7,True,1.0,1.0,1,0,0-7,0-7,0.2595799448099865,0.1203212435432296,0.6161925616467839,0.00390625,0.9375,1.0,1.0,A,0,r0_f0,17,0.5566727897520621,0.010637481823581,0.5288811026435188,-0.0171542052849622,0.5427769461977905,-0.0032583617306906,0.5427769461977905,-0.0032583617306906,0.3666954580152672,-0.1793398499132139,0.5438312634670726,-0.0022040444614085,0.5420180399278381,-0.0040172680006429,matched,False,False,0.5439968109130859,0.5649843811988831
AOI-0065,2024-08-02,0.147118880214871,s2,озимая пшеница,2024,8,True,3.0,7.0,2,0,0-7,0-7,0.7871038822613045,0.1566853195588898,0.0478774648464723,0.0083333333333333,0.8333333333333334,3.0,7.0,A,0,r0_f0,17,0.1315087386051147,-0.0156101416097562,0.1390712975175692,-0.0080475826973017,0.1352900180613419,-0.011828862153529,0.133777506278851,-0.0133413739360199,0.3383295609182435,0.1912106807033725,0.1331422513302048,-0.0139766288846661,0.1334167255734,-0.0137021546414709,matched,False,False,0.10193374752998352,0.14319215714931488
AOI-0065,2024-08-04,0.1384724418409857,s2,озимая пшеница,2024,8,True,5.0,5.0,2,1,0-7,0-7,0.8049561969264915,0.1558269671341092,0.0334028824510272,0.005813953488372,0.75,5.0,5.0,A,0,r0_f0,17,0.1315087386051147,-0.006963703235871,0.1390712975175692,0.0005988556765834,0.1352900180613419,-0.0031824237796437,0.1352900180613419,-0.0031824237796437,0.3383295609182435,0.1998571190772578,0.1352900180613419,-0.0031824237796437,0.1361455548602979,-0.0023268869806877,matched,False,False,0.16786770522594452,0.15343639254570007
AOI-0065,2024-08-17,0.154039277330091,s2,озимая пшеница,2024,8,True,3.0,2.0,1,0,0-7,0-7,0.8877732597466487,0.0979283247243061,0.0090900821957118,0.0052083333333333,0.8823529411764706,3.0,2.0,A,0,r0_f0,17,0.1464883880209321,-0.0075508893091589,0.1552461441446323,0.0012068668145412,0.1508672660827822,-0.0031720112473088,0.1517430416951522,-0.0022962356349387,0.2647903045120205,0.1107510271819295,0.1505120629987506,-0.0035272143313404,0.1519065845510989,-0.0021326927789921,matched,False,False,0.1512891799211502,0.14381912350654602
AOI-0065,2024-09-08,0.1366266249366715,s2,озимая пшеница,2024,9,True,2.0,3.0,1,0,0-7,0-7,0.8877732597466487,0.0979283247243061,0.0090900821957118,0.0052083333333333,0.8823529411764706,2.0,3.0,A,0,r0_f0,17,0.1557958339292741,0.0191692089926026,0.1390399201232247,0.0024132951865531,0.1474178770262494,0.0107912520895779,0.1490934684068543,0.0124668434701828,0.2613607703614092,0.1247341454247377,0.1498977522695447,0.0132711273328731,0.1499226280934478,0.0132960031567763,matched,False,False,0.15584875643253326,0.15401344001293182
AOI-0069,2010-05-25,0.705327774035223,modis,зерновые,2010,5,False,16.0,10.0,1,0,16-30,8-15,0.0130450312306198,0.1638416933354616,0.8177941264977483,0.0053191489361702,0.6000000000000001,16.0,10.0,A,0,r0_f0,17,0.7046281397363103,-0.0006996342989126,0.6082779595472965,-0.0970498144879264,0.6564530496418034,-0.0488747243934195,0.6453357211584556,-0.0599920528767673,0.5309082973870619,-0.174419476648161,0.6650515591675055,-0.0402762148677174,0.6892317227347491,-0.0160960513004738,matched,True,False,0.7192445397377014,0.6761112213134766
AOI-0069,2010-07-14,0.1651386758914428,landsat,зерновые,2010,7,False,1.0,7.0,1,0,0-7,0-7,0.034062025991063,0.7055866437092608,0.2464624414107872,0.0138888888888888,0.9375,1.0,7.0,A,0,r0_f0,17,0.1639657874999812,-0.0011728883914615,0.1515829252983043,-0.0135557505931384,0.1577743563991427,-0.0073643194923,0.1624179297247716,-0.0027207461666712,0.2630204565263085,0.0978817806348657,0.1603402854240453,-0.0047983904673974,0.15423382344983,-0.0109048524416127,matched,True,False,0.16588154435157776,0.16136690974235535
AOI-0069,2011-05-09,0.4304135694350882,modis,зерновые,2011,5,False,11.0,5.0,1,0,8-15,0-7,0.0127732597466486,0.1395949913909728,0.8424234155290452,0.0052083333333333,0.75,11.0,5.0,A,0,r0_f0,17,0.242478160693581,-0.1879354087415072,0.3427907862460699,-0.0876227831890182,0.2926344734698254,-0.1377790959652627,0.3114430907609171,-0.118970478674171,0.5254636363636364,0.0950500669285481,0.3001086386090157,-0.1303049308260724,0.3033849315094059,-0.1270286379256823,matched,True,False,0.4867519736289978,0.31271347403526306
AOI-0069,2011-09-19,0.3219040156323577,landsat,зерновые,2011,9,False,1.0,7.0,1,0,0-7,0-7,0.0255465194932972,0.7791899827819456,0.1848468310580904,0.0104166666666666,0.9375,1.0,7.0,A,0,r0_f0,17,0.3180713480621557,-0.003832667570202,0.3196907822096137,-0.0022132334227439,0.3188810651358847,-0.0030229504964729,0.3182737773305879,-0.0036302383017697,0.2308148859772868,-0.0910891296550709,0.3180915681689789,-0.0038124474633788,0.3139454174812614,-0.0079585981510962,matched,True,False,0.32811570167541504,0.31739920377731323
AOI-0069,2013-07-05,0.1558902096524076,landsat,зерновые,2013,7,False,7.0,1.0,1,0,0-7,0-7,0.0306558233919567,0.7850279793383348,0.1718161972697085,0.0125,0.9375,7.0,1.0,A,0,r0_f0,17,0.291058162715175,0.1351679530627673,0.1992841804785311,0.0433939708261235,0.245171171596853,0.0892809619444454,0.2107559282581116,0.0548657186057039,0.2630204565263085,0.1071302468739009,0.2005083969592589,0.0446181873068513,0.2022497327189739,0.0463595230665662,matched,True,False,0.24911148846149445,0.21030275523662567
AOI-0069,2013-07-22,0.1913060447363983,landsat,зерновые,2013,7,False,1.0,7.0,2,0,0-7,0-7,0.0235814026091974,0.8346369071833344,0.1321663055920834,0.0096153846153846,0.9375,1.0,7.0,A,0,r0_f0,17,0.1373218326177445,-0.0539842121186538,0.2043104066857899,0.0130043619493915,0.1708161196517671,-0.0204899250846311,0.1456954043762501,-0.0456106403601481,0.2489787567892391,0.0576727120528407,0.1402002479097308,-0.0511057968266674,0.1425091966432476,-0.0487968480931507,matched,True,False,0.18956857919692993,0.1463588923215866
AOI-0069,2013-07-28,0.2257912135501877,modis,зерновые,2013,7,False,7.0,1.0,2,1,0-7,0-7,0.0115682352422478,0.5792558412597489,0.4044589423659278,0.0047169811320754,0.9375,7.0,1.0,A,0,r0_f0,17,0.1373218326177445,-0.0884693809324431,0.2043104066857899,-0.0214808068643977,0.1708161196517671,-0.0549750938984205,0.1959368349272842,-0.0298543786229034,0.2489787567892391,0.0231875432390513,0.2014319913938035,-0.0243592221563841,0.2017179160513845,-0.0240732974988031,matched,True,False,0.23700033128261566,0.1960589587688446
AOI-0069,2014-05-30,0.7008743021347658,landsat,зерновые,2014,5,False,5.0,7.0,1,0,0-7,0-7,0.0278689303563242,0.804570890307577,0.1561965429724623,0.0113636363636363,0.75,5.0,7.0,A,0,r0_f0,17,0.7089143393321143,0.0080400371973485,0.4595420468286883,-0.2413322553060774,0.5842281930804013,-0.1166461090543644,0.6050092174556868,-0.0958650846790789,0.5309082973870619,-0.1699660047477038,0.580104386466475,-0.1207699156682907,0.604963079704879,-0.0959112224298868,matched,True,False,0.7098714113235474,0.6017817258834839
AOI-0069,2014-06-26,0.2828217014724281,modis,зерновые,2014,6,False,3.0,4.0,1,0,0-7,0-7,0.0122623293567826,0.1940111917353339,0.7887264789078834,0.005,0.8333333333333334,3.0,4.0,A,0,r0_f0,17,0.270776255924633,-0.012045445547795,0.2613553114474003,-0.0214663900250277,0.2660657836860166,-0.0167559177864114,0.2667387082915333,-0.0160829931808947,0.3451153283689646,0.0622936268965365,0.2696132435278054,-0.0132084579446226,0.312392234219118,0.0295705327466899,matched,True,False,0.2919417917728424,0.2674969434738159
AOI-0069,2014-10-28,0.138241045785904,landsat,зерновые,2014,10,False,12.0,1.0,1,0,8-15,0-7,0.0266572377321362,0.8565460689898563,0.1059271280606161,0.0108695652173913,0.9375,12.0,1.0,A,0,r0_f0,17,0.2009586854008276,0.0627176396149236,0.180461836747288,0.042220790961384,0.1907102610740578,0.0524692152881538,0.1820385174129448,0.0437974716270408,0.2341714305397594,0.0959303847538554,0.1814171465832717,0.0431761007973677,0.1819375783567819,0.0436965325708779,matched,True,False,0.1366037279367447,0.196127787232399
AOI-0069,2015-04-14,0.1853146970233755,landsat,зерновые,2015,4,False,7.0,1.0,1,0,0-7,0-7,0.0235814026091974,0.8730984456448728,0.093704767130545,0.0096153846153846,0.9375,7.0,1.0,A,0,r0_f0,17,0.2147665672216341,0.0294518701982585,0.1521813871094868,-0.0331333099138886,0.1834739771655604,-0.001840719857815,0.1600045346235052,-0.0253101623998702,0.3214263485852348,0.1361116515618592,0.1548705940674306,-0.0304441029559448,0.1522886064057642,-0.0330260906176113,matched,True,False,0.2130996435880661,0.15933118760585785
AOI-0069,2015-06-18,0.1454575882113039,landsat,зерновые,2015,6,False,8.0,8.0,1,0,8-15,8-15,0.0408744311892756,0.8467039724511131,0.0957549296929447,0.0166666666666666,0.6521739130434783,8.0,8.0,A,0,r0_f0,17,0.2078061747157582,0.0623485865044543,0.2215164757963623,0.0760588875850584,0.2146613252560602,0.0692037370447563,0.2146613252560602,0.0692037370447563,0.3451153283689646,0.1996577401576607,0.2193897496735696,0.0739321614622657,0.2301822464514388,0.0847246582401349,matched,True,False,0.18708500266075134,0.22037921845912933
AOI-0069,2015-07-04,0.151365789935899,landsat,зерновые,2015,7,False,8.0,7.0,1,0,8-15,0-7,0.034062025991063,0.8722533103759276,0.0797957747441205,0.0138888888888888,0.6818181818181818,8.0,7.0,A,0,r0_f0,17,0.2215164757963623,0.0701506858604633,0.1554306630737773,0.0040648731378782,0.1884735694350698,0.0371077794991707,0.1862707090109836,0.0349049190750846,0.2630204565263085,0.1116546665904095,0.1851741740443274,0.0338083841084284,0.1811285925476052,0.0297628026117062,matched,True,False,0.17955879867076874,0.186754047870636
AOI-0069,2015-07-19,0.220110591676226,landsat,зерновые,2015,7,False,7.0,1.0,1,0,0-7,0-7,0.0218970167085405,0.9178771280988104,0.0512972837640775,0.0089285714285714,0.9375,7.0,1.0,A,0,r0_f0,17,0.1906157402097196,-0.0294948514665063,0.140506075109199,-0.079604516567027,0.1655609076594593,-0.0545496840167666,0.146769783246764,-0.0733408084294619,0.2489787567892391,0.0288681651130131,0.1437278786643213,-0.0763827130119046,0.1453751328692223,-0.0747354588070036,matched,True,False,0.21042731404304504,0.1456448882818222
AOI-0069,2016-05-03,0.8995880645787826,landsat,зерновые,2016,5,False,1.0,5.0,1,0,0-7,0-7,0.0383197792399458,0.6687849741729185,0.2772702465871356,0.015625,0.9375,1.0,5.0,A,0,r0_f0,17,0.8866671643787111,-0.0129209002000715,0.8451911076893466,-0.054396956889436,0.8659291360340289,-0.0336589285447537,0.8797544882638171,-0.0198335763149655,0.5254636363636364,-0.3741244282151462,0.8835948638832026,-0.0159932006955799,0.8844447078087273,-0.0151433567700552,matched,True,False,0.8612855076789856,0.8774739503860474
AOI-0069,2016-05-10,0.8547790871538459,landsat,зерновые,2016,5,False,2.0,1.0,1,0,0-7,0-7,0.0245246587135653,0.8280223834706678,0.1374529578157668,0.01,0.9375,2.0,1.0,A,0,r0_f0,17,0.8451911076893466,-0.0095879794644992,0.8722784279448093,0.0174993407909633,0.8587347678170779,0.003955680663232,0.8632493211929884,0.0084702340391424,0.5254636363636364,-0.3293154507902095,0.8652557893600596,0.0104767022062137,0.8640161864852947,0.0092370993314487,matched,True,False,0.8418322801589966,0.865752100944519
AOI-0069,2016-05-18,0.833080338634867,landsat,зерновые,2016,5,False,7.0,6.0,1,0,0-7,0-7,0.0245246587135653,0.8280223834706678,0.1374529578157668,0.01,0.7142857142857143,7.0,6.0,A,0,r0_f0,17,0.8722784279448093,0.0391980893099422,0.7729653065152539,-0.0601150321196131,0.8226218672300316,-0.0104584714048353,0.8188021317904333,-0.0142782068444337,0.5309082973870619,-0.302172041247805,0.816903565063059,-0.016176773571808,0.8210257457644676,-0.0120545928703993,matched,True,False,0.830091118812561,0.8360819220542908
AOI-0069,2016-06-03,0.7345031915575871,landsat,зерновые,2016,6,False,8.0,9.0,2,0,8-15,8-15,0.0211419471668666,0.8517434340264377,0.1184939291515231,0.0086206896551724,0.6521739130434783,8.0,9.0,A,0,r0_f0,17,0.8080888608187423,0.0735856692611551,0.4344339885145465,-0.3000692030430406,0.6212614246666444,-0.1132417668909427,0.6322512738520619,-0.1022519177055252,0.4271600780596599,-0.3073431134979272,0.6839900203531041,-0.050513171204483,0.6424025575158272,-0.0921006340417599,matched,True,False,0.6961559653282166,0.6390551924705505
AOI-0069,2016-06-09,0.3541268405350785,modis,зерновые,2016,6,False,14.0,3.0,2,1,8-15,0-7,0.0127732597466486,0.1604283247243061,0.821590082195712,0.0052083333333333,0.8333333333333334,14.0,3.0,A,0,r0_f0,17,0.8080888608187423,0.4539620202836638,0.4344339885145465,0.080307147979468,0.6212614246666444,0.2671345841315659,0.5003730836270517,0.1462462430919732,0.4271600780596599,0.0730332375245814,0.5124626325224751,0.1583357919873966,0.5046047803377329,0.1504779398026544,matched,True,False,0.5308808088302612,0.49704137444496155
AOI-0069,2016-07-06,0.1402899118515307,landsat,зерновые,2016,7,False,1.0,5.0,1,0,0-7,0-7,0.0255465194932972,0.8208566494486123,0.1431801643914237,0.0104166666666666,0.9375,1.0,5.0,A,0,r0_f0,17,0.189235990794015,0.0489460789424843,0.2159687902992975,0.0756788784477668,0.2026023905466562,0.0623124786951255,0.1936914573782287,0.053401545526698,0.2630204565263085,0.1227305446747778,0.1912161981647766,0.0509262863132459,0.1913701962894151,0.0510802844378844,matched,True,False,0.20318815112113953,0.19433198869228363
AOI-0069,2017-08-11,0.1448308662129096,s2,зерновые,2017,8,False,1.0,2.0,1,0,0-7,0-7,0.695752646996344,0.197739990608334,0.1008255442135038,0.0056818181818181,0.9375,1.0,2.0,A,0,r0_f0,17,0.1379558641147706,-0.006875002098139,0.2158966124530845,0.0710657462401748,0.1769262382839275,0.0320953720710179,0.1639361135608752,0.0191052473479656,0.2450616466473928,0.1002307804344831,0.1581627247950742,0.0133318585821645,0.15712731012423,0.0122964439113204,matched,True,False,0.15457645058631897,0.16337810456752777
AOI-0069,2017-09-03,0.1942322249694582,landsat,зерновые,2017,9,False,5.0,7.0,1,0,0-7,0-7,0.3781421241066426,0.519459988521297,0.0954534429276158,0.0069444444444444,0.75,5.0,7.0,A,0,r0_f0,17,0.2336825233375036,0.0394502983680454,0.1507724923463551,-0.0434597326231031,0.1922275078419293,-0.0020047171275288,0.1991366770911917,0.0049044521217335,0.2316166079381505,0.0373843829686923,0.2036469039004398,0.0094146789309816,0.207262840712143,0.0130306157426848,matched,True,False,0.19928807020187378,0.20304735004901886
AOI-0069,2018-08-28,0.1581868212502184,landsat,зерновые,2018,8,False,7.0,1.0,1,0,0-7,0-7,0.0211419471668666,0.920708951267817,0.0495284119101438,0.0086206896551724,0.9375,7.0,1.0,A,0,r0_f0,17,0.1570512993398758,-0.0011355219103426,0.107746615582519,-0.0504402056676994,0.1323989574611974,-0.025787863789021,0.1139097010521886,-0.0442771201980298,0.2264504280945846,0.0682636068443661,0.1098651762127179,-0.0483216450375004,0.1113946389441324,-0.0467921823060859,matched,True,False,0.15298402309417725,0.11509288102388382
AOI-0069,2018-09-06,0.1532273406442804,landsat,зерновые,2018,9,False,8.0,7.0,1,0,8-15,0-7,0.0278689303563242,0.8500254357621224,0.1107419975179168,0.0113636363636363,0.6818181818181818,8.0,7.0,A,0,r0_f0,17,0.107746615582519,-0.0454807250617614,0.1681358150541375,0.014908474409857,0.1379412153183282,-0.0152861253259521,0.1399541886340488,-0.0132731520102315,0.2316166079381505,0.0783892672938701,0.1409562020178742,-0.0122711386264061,0.1482065088002509,-0.0050208318440294,matched,True,False,0.16163389384746552,0.14596715569496155
AOI-0069,2019-04-01,0.1570235662879188,landsat,зерновые,2019,4,False,167.0,6.0,1,0,31+,0-7,0.6971973054141656,0.2484051479602159,0.0463330304965861,0.0080645161290322,0.7142857142857143,167.0,6.0,A,0,r0_f0,17,0.1366296045756092,-0.0203939617123096,0.2396522086420941,0.0826286423541753,0.1881409066088516,0.0311173403209328,0.2360791703507709,0.0790556040628521,0.3214263485852348,0.1644027822973159,0.239289043067494,0.0822654767795752,0.3224877625544335,0.1654641962665147,matched,True,False,0.12098213285207748,0.23568220436573029
AOI-0069,2019-05-19,0.2148444660476727,landsat,зерновые,2019,5,False,1.0,1.0,1,0,0-7,0-7,0.2529767491536614,0.6763305154412288,0.0641137880366887,0.006578947368421,0.9375,1.0,1.0,A,0,r0_f0,17,0.1988922653073338,-0.0159522007403389,0.2369418470578263,0.0220973810101536,0.21791705618258,0.0030725901349073,0.21791705618258,0.0030725901349073,0.5309082973870619,0.3160638313393892,0.2116710075745954,-0.0031734584730772,0.2153736367569405,0.0005291707092677,matched,True,False,0.31288930773735046,0.21782013773918152
AOI-0069,2019-06-10,0.4604660667885671,modis,зерновые,2019,6,False,5.0,2.0,1,0,0-7,0-7,0.6180913654971274,0.1732242783351195,0.2042200704534673,0.0044642857142857,0.8823529411764706,5.0,2.0,A,0,r0_f0,17,0.5199709712835489,0.0595049044949817,0.5628912481340038,0.1024251813454367,0.5414311097087763,0.0809650429202091,0.5506283118910167,0.0901622451024495,0.4271600780596599,-0.0333059887289072,0.5603422185195696,0.0998761517310024,0.5825241159736848,0.1220580491851177,matched,True,False,0.5977786183357239,0.5436233282089233
AOI-0069,2019-06-17,0.6040207897535347,s2,зерновые,2019,6,False,4.0,3.0,1,0,0-7,0-7,0.6213978017852404,0.3079094628096498,0.0641137880366887,0.006578947368421,0.8333333333333334,4.0,3.0,A,0,r0_f0,17,0.5424101669192856,-0.0616106228342491,0.5026462175474903,-0.1013745722060444,0.522528192233388,-0.0814925975201467,0.5196879101354026,-0.084332879618132,0.3451153283689646,-0.2589054613845701,0.5106857519342234,-0.0933350378193113,0.5085630755243399,-0.0954577142291948,matched,True,False,0.5268445611000061,0.5158795118331909
AOI-0069,2019-07-07,0.2601915954232106,s2,зерновые,2019,7,False,1.0,7.0,2,0,0-7,0-7,0.6812646778056937,0.2547752282563499,0.0580077129855754,0.0059523809523809,0.9375,1.0,7.0,A,0,r0_f0,17,0.2635114769941649,0.0033198815709543,0.4711791990990627,0.2109876036758521,0.3673453380466138,0.1071537426234032,0.2894699422572771,0.0292783468340665,0.2630204565263085,0.0028288611030979,0.2724346994283597,0.0122431040051491,0.2636457848041409,0.0034541893809303,matched,True,False,0.3071725368499756,0.2894924581050873
AOI-0069,2019-07-12,0.5193297468963525,modis,зерновые,2019,7,False,6.0,2.0,2,1,0-7,0-7,0.1657433873765368,0.3051820618408051,0.5247642059550719,0.0043103448275862,0.8823529411764706,6.0,2.0,A,0,r0_f0,17,0.2635114769941649,-0.2558182699021876,0.4711791990990627,-0.0481505477972897,0.3673453380466138,-0.1519844088497386,0.4192622685728382,-0.1000674783235142,0.2630204565263085,-0.2563092903700439,0.4387311175201724,-0.08059862937618,0.4314537402679379,-0.0878760066284145,matched,True,False,0.46202024817466736,0.4155541658401489
AOI-0069,2019-08-15,0.3100797903439653,landsat,зерновые,2019,8,False,2.0,6.0,1,0,0-7,0-7,0.2403279116959783,0.6425139896691674,0.1109080986348542,0.00625,0.8823529411764706,2.0,6.0,A,0,r0_f0,17,0.327061139447599,0.0169813491036336,0.1698941654103538,-0.1401856249336115,0.2484776524289764,-0.0616021379149889,0.2877693959382877,-0.0223103944056776,0.2264504280945846,-0.0836293622493807,0.3025037997542794,-0.0075759905896858,0.2953336156404142,-0.014746174703551,matched,True,False,0.29874980449676514,0.2876172661781311
AOI-0069,2019-09-10,0.1727518159199809,s2,зерновые,2019,9,False,1.0,4.0,1,0,0-7,0-7,0.687241662344329,0.210881730147102,0.0964418248998732,0.0054347826086956,0.9375,1.0,4.0,A,0,r0_f0,17,0.2107549485563413,0.0380031326363604,0.2355999518814359,0.062848135961455,0.2231774502188886,0.0504256342989077,0.2157239492213602,0.0429721333013793,0.2316166079381505,0.0588647920181696,0.2202000963707466,0.0474482804507657,0.2338225917310438,0.0610707758110629,matched,True,False,0.1679592877626419,0.21707208454608917
AOI-0069,2020-07-08,0.1470893737869089,landsat,зерновые,2020,7,False,2.0,3.0,1,0,0-7,0-7,0.5045246587135653,0.3480223834706678,0.1374529578157668,0.01,0.8823529411764706,2.0,3.0,A,0,r0_f0,17,0.1385504840819539,-0.008538889704955,0.1383253883923285,-0.0087639853945803,0.1384379362371411,-0.0086514375497677,0.1384604458061037,-0.0086289279808051,0.2630204565263085,0.1159310827393996,0.1384712503992057,-0.0086181233877031,0.1382947706602043,-0.0087946031267045,matched,True,False,0.18999499082565308,0.1333751231431961
AOI-0069,2020-07-16,-0.0248407644195625,s2,зерновые,2020,7,False,5.0,11.0,3,0,0-7,8-15,0.7761550444799737,0.1121381692959604,0.1041310286483081,0.0075757575757575,0.75,5.0,11.0,A,0,r0_f0,17,0.1383253883923285,0.163166152811891,0.194699104994707,0.2195398694142695,0.1665122466935177,0.1913530111130802,0.1559421748305717,0.1807829392501342,0.2489787567892391,0.2738195212088016,0.1514003470769621,0.1762411114965247,0.1505269033604963,0.1753676677800588,matched,True,False,0.12476345896720886,0.1580948680639267
AOI-0069,2020-07-25,0.1739931803237198,landsat,зерновые,2020,7,False,14.0,2.0,3,1,8-15,0-7,0.3433255881371119,0.5250199852416677,0.1227258551926489,0.0089285714285714,0.8823529411764706,14.0,2.0,A,0,r0_f0,17,0.1383253883923285,-0.0356677919313913,0.194699104994707,0.0207059246709871,0.1665122466935177,-0.007480933630202,0.1876523904194096,0.0136592100956898,0.2489787567892391,0.0749855764655192,0.1922767968594485,0.0182836165357287,0.1898082075648018,0.015815027241082,matched,True,False,0.15027476847171783,0.18555960059165955
AOI-0069,2020-07-26,0.1328259649018372,s2,зерновые,2020,7,False,15.0,1.0,3,2,8-15,0-7,0.7792925386273456,0.1500147259675446,0.0641137880366887,0.006578947368421,0.9375,15.0,1.0,A,0,r0_f0,17,0.1383253883923285,0.0054994234904912,0.194699104994707,0.0618731400928697,0.1665122466935177,0.0336862817916805,0.1911757477070583,0.0583497828052211,0.2489787567892391,0.1161527918874018,0.1940660017320826,0.0612400368302454,0.19262307133382,0.0597971064319828,matched,True,False,0.12398100644350052,0.19237323105335236
AOI-0069,2020-09-11,0.1717231071384931,landsat,зерновые,2020,9,False,1.0,2.0,1,0,0-7,0-7,0.4731247414496707,0.4151684723262635,0.1041310286483081,0.0075757575757575,0.9375,1.0,2.0,A,0,r0_f0,17,0.1356987567416394,-0.0360243503968537,0.1933823308632471,0.021659223724754,0.1645405438024432,-0.0071825633360498,0.1549266147821753,-0.0167964923563178,0.2316166079381505,0.0598935007996574,0.1506537574398339,-0.0210693496986591,0.1493574038329882,-0.0223657033055048,matched,True,False,0.19379088282585144,0.15489844977855682
AOI-0069,2020-09-27,0.1562284204834687,landsat,зерновые,2020,9,False,1.0,2.0,1,0,0-7,0-7,0.610218607797319,0.3283426597794449,0.0572720657565695,0.0041666666666666,0.9375,1.0,2.0,A,0,r0_f0,17,0.1189617200203329,-0.0372667004631357,0.1546238242011275,-0.0016045962823411,0.1367927721107302,-0.0194356483727384,0.1308490880805977,-0.0253793324028709,0.260829938178002,0.1046015176945333,0.1331820498747753,-0.0230463706086933,0.131119462752301,-0.0251089577311676,matched,True,False,0.18551000952720642,0.1323949545621872
AOI-0069,2021-04-07,0.2457689442787027,modis,зерновые,2021,4,False,1.0,15.0,1,0,0-7,8-15,0.0881247918985154,0.0658673069943096,0.8399103401315652,0.0060975609756097,0.9375,1.0,15.0,A,0,r0_f0,17,0.1586679177246269,-0.0871010265540757,0.2945018135453704,0.0487328692666677,0.2265848656349986,-0.019184078643704,0.1671575362134233,-0.0786114080652793,0.3214263485852348,0.075657404306532,0.1659329305539499,-0.0798360137247527,0.1664794708951632,-0.0792894733835394,matched,True,False,0.31908175349235535,0.16674144566059113
AOI-0069,2021-07-03,0.2985054867414661,landsat,зерновые,2021,7,False,2.0,1.0,1,0,0-7,0-7,0.3490542684061316,0.6333476817119665,0.0111877934716453,0.0064102564102564,0.9375,2.0,1.0,A,0,r0_f0,17,0.2235932339638977,-0.0749122527775684,0.2179861267443275,-0.0805193599971386,0.2207896803541126,-0.0777158063873535,0.2198551624841842,-0.0786503242572818,0.2630204565263085,-0.0354850302151575,0.2198531781885868,-0.0786523085528793,0.2198289287143657,-0.0786765580271003,matched,True,False,0.24376188218593597,0.2197638750076294
AOI-0069,2021-10-07,0.238976200105791,landsat,зерновые,2021,10,False,7.0,1.0,1,0,0-7,0-7,0.7670310129955316,0.2139044329657415,0.0121201095942825,0.0069444444444444,0.9375,7.0,1.0,A,0,r0_f0,17,0.4330229803082913,0.1940467802025003,0.2028085591855594,-0.0361676409202315,0.3179157697469253,0.0789395696411343,0.2315853618259009,-0.00739083827989,0.260829938178002,0.021853738072211,0.2127005850931768,-0.0262756150126141,0.2153645146937938,-0.0236116854119971,matched,True,False,0.28756049275398254,0.23182238638401031
AOI-0069,2022-04-17,0.2830511642729825,landsat,зерновые,2022,4,False,5.0,6.0,1,0,0-7,0-7,0.3314867747530736,0.5758813650609205,0.0840111705308334,0.0086206896551724,0.75,5.0,6.0,A,0,r0_f0,17,0.2157108569727513,-0.0673403073002311,0.4878921470503322,0.2048409827773497,0.3518015020115417,0.0687503377385592,0.3394296251898335,0.056378460916851,0.4255410151100299,0.1424898508370474,0.3332948102369203,0.0502436459639378,0.3318333560883073,0.0487821918153247,matched,True,False,0.30261942744255066,0.34018397331237793
AOI-0069,2022-05-03,0.3310274713311942,landsat,зерновые,2022,5,False,7.0,4.0,1,0,0-7,0-7,0.4577674508494825,0.3666933136555569,0.1636344735901986,0.0119047619047619,0.7894736842105263,7.0,4.0,A,0,r0_f0,17,0.3265163695095383,-0.0045111018216559,0.3442561094670393,0.013228638135845,0.3353862394882888,0.0043587681570945,0.3378052949370389,0.0067778236058447,0.5254636363636364,0.1944361650324421,0.3356092201745454,0.0045817488433512,0.3334961751501817,0.0024687038189875,matched,True,False,0.43087679147720337,0.35831135511398315
AOI-0069,2022-08-16,0.1887952669527262,landsat,зерновые,2022,8,False,1.0,7.0,1,0,0-7,0-7,0.2245246587135653,0.5880223834706678,0.1774529578157668,0.01,0.9375,1.0,7.0,A,0,r0_f0,17,0.1438036418575839,-0.0449916250951422,0.1836586120873885,-0.0051366548653376,0.1637311269724862,-0.0250641399802399,0.1487855131363094,-0.0400097538164167,0.2264504280945846,0.0376551611418584,0.1455161601096458,-0.0432791068430803,0.1447979069117921,-0.043997360040934,matched,True,False,0.1935766637325287,0.14916467666625977
AOI-0069,2022-08-25,0.1493871917440135,s2,зерновые,2022,8,False,1.0,2.0,1,0,0-7,0-7,0.543124825874268,0.3612359099340141,0.0905372233753912,0.0051020408163265,0.9375,1.0,2.0,A,0,r0_f0,17,0.1772841346961068,0.0278969429520933,0.1359746947927599,-0.0134124969512536,0.1566294147444333,0.0072422230004198,0.1635143213949911,0.0141271296509776,0.2264504280945846,0.0770632363505711,0.162924417671137,0.0135372259271235,0.1655125074054186,0.0161253156614051,matched,True,False,0.15440528094768524,0.1659647822380066
AOI-0069,2022-08-31,0.1736535503416705,landsat,зерновые,2022,8,False,1.0,1.0,1,0,0-7,0-7,0.2153279116959783,0.6675139896691673,0.1109080986348542,0.00625,0.9375,1.0,1.0,A,0,r0_f0,17,0.1187786001432404,-0.05487495019843,0.1530021574646272,-0.0206513928770432,0.1358903788039338,-0.0377631715377367,0.1358903788039338,-0.0377631715377367,0.2316166079381505,0.05796305759648,0.1340902598113311,-0.0395632905303393,0.1356980353272592,-0.0379555150144112,matched,True,False,0.17640437185764313,0.1361745148897171
AOI-0069,2023-04-07,0.5792920355907376,s2,зерновые,2023,4,False,2.0,10.0,1,0,0-7,8-15,0.1832577971880667,0.100011906101419,0.7114111477743441,0.0053191489361702,0.8823529411764706,2.0,10.0,A,0,r0_f0,17,0.597391601907038,0.0180995663163003,0.6450104804799703,0.0657184448892327,0.6212010411935042,0.0419090056027665,0.6053280816691934,0.0260360460784557,0.3214263485852348,-0.2578656870055028,0.5996408659578393,0.0203488303671016,0.6050092560814656,0.025717220490728,matched,True,False,0.6032090783119202,0.6001352071762085
AOI-0069,2023-07-22,0.1393504742618965,landsat,зерновые,2023,7,False,1.0,3.0,1,0,0-7,0-7,0.2765027730437889,0.6357276092087308,0.0818172367950993,0.0059523809523809,0.9375,1.0,3.0,A,0,r0_f0,17,0.1275434698570157,-0.0118070044048808,0.2076468656114048,0.0682963913495083,0.1675951677342102,0.0282446934723137,0.1475693187956129,0.0082188445337164,0.2489787567892391,0.1096282825273425,0.1400596254436389,0.0007091511817424,0.1328742419282741,-0.0064762323336223,matched,True,False,0.19664840400218964,0.1492488533258438
AOI-0069,2024-04-11,0.4883045444827983,s2,зерновые,2024,4,False,4.0,3.0,1,0,0-7,0-7,0.8003544991307874,0.1540691780207215,0.0388195660917343,0.0067567567567567,0.8333333333333334,4.0,3.0,A,0,r0_f0,17,0.4483760017477166,-0.0399285427350817,0.6001519644627729,0.1118474199799745,0.5242639831052447,0.0359594386224463,0.5351051232991774,0.046800578816379,0.3214263485852348,-0.1668781958975635,0.5423003204034111,0.0539957759206128,0.5426484128815506,0.0543438683987523,matched,True,False,0.49549400806427,0.5424067378044128
AOI-0069,2024-06-09,0.4018351739554623,landsat,зерновые,2024,6,False,4.0,1.0,1,0,0-7,0-7,0.1625116314686629,0.239633199750315,0.5931381876489467,0.0047169811320754,0.9375,4.0,1.0,A,0,r0_f0,17,0.3887270005382527,-0.0131081734172096,0.2932532668340141,-0.1085819071214482,0.3409901336861334,-0.0608450402693289,0.3123480135748618,-0.0894871603806004,0.4271600780596599,0.0253249041041975,0.3071183088092082,-0.094716865146254,0.3092680440080963,-0.0925671299473659,matched,True,False,0.35744941234588623,0.3063878118991852
AOI-0069,2024-06-25,0.1845085656783398,s2,зерновые,2024,6,False,5.0,1.0,1,0,0-7,0-7,0.4573770797828417,0.1910814211922624,0.3470772133106102,0.0044642857142857,0.9375,5.0,1.0,A,0,r0_f0,17,0.2106281634160551,0.0261195977377153,0.2793732914963216,0.0948647258179818,0.2450007274561883,0.0604921617778485,0.2679157701496105,0.0834072044712707,0.3451153283689646,0.1606067626906248,0.2742810597866722,0.0897724941083324,0.2792347351699803,0.0947261694916405,matched,True,False,0.20973916351795197,0.2655450701713562
AOI-0069,2024-07-30,0.1057460471228014,s2,зерновые,2024,7,False,3.0,5.0,1,0,0-7,0-7,0.7184799197236167,0.2659218087901522,0.0099164533044129,0.0056818181818181,0.8333333333333334,3.0,5.0,A,0,r0_f0,17,0.1753396746147692,0.0695936274919678,0.1167957983626115,0.01104975123981,0.1460677364886903,0.0403216893658889,0.15338572102021,0.0476396738974086,0.2450616466473928,0.1393155995245913,0.1568160262693599,0.0510699791465585,0.1659963796398103,0.0602503325170088,matched,True,False,0.12620292603969574,0.1495940238237381
AOI-0069,2024-09-13,0.1414899196428939,s2,зерновые,2024,9,False,5.0,1.0,1,0,0-7,0-7,0.5768852744639855,0.1950093264461116,0.2239387324232361,0.0041666666666666,0.9375,5.0,1.0,A,0,r0_f0,17,0.1353834161236595,-0.0061065035192343,0.1657391309064941,0.0242492112636001,0.1505612735150768,0.0090713538721829,0.1606798451093549,0.019189925466461,0.2308148859772868,0.0893249663343929,0.1634905594410989,0.022000639798205,0.1639754719036494,0.0224855522607555,matched,True,False,0.1424659788608551,0.15958990156650543
AOI-0070,2018-05-24,0.2738310806511598,landsat,зерновые,2018,5,True,7.0,1.0,1,0,0-7,0-7,0.1700944384193677,0.7485018056595968,0.0738279983452778,0.0075757575757575,0.9375,7.0,1.0,A,0,r0_f0,17,0.2714358381304378,-0.0023952425207219,0.2134868131862133,-0.0603442674649465,0.2424613256583255,-0.0313697549928342,0.2207304413042413,-0.0531006393469184,0.5309082973870619,0.2570772167359021,0.2158696139964842,-0.0579614666546755,0.216651843171055,-0.0571792374801047,matched,False,False,0.226209357380867,0.22083617746829987
AOI-0070,2021-07-04,0.3269367398823047,landsat,зерновые,2021,7,True,1.0,7.0,1,0,0-7,0-7,0.3537705489279711,0.6233519862255564,0.014544131513139,0.0083333333333333,0.9375,1.0,7.0,A,0,r0_f0,17,0.4290170996060226,0.1020803597237178,0.3565672206410094,0.0296304807587046,0.392792160123516,0.0658554202412112,0.4199608647353959,0.0930241248530912,0.2630204565263085,-0.0639162833559962,0.4259040188692446,0.0989672789869399,0.4267399694495897,0.0998032295672849,matched,False,False,0.3649294972419739,0.4159768223762512
AOI-0070,2022-08-25,0.4073324352784563,s2,зерновые,2022,8,True,1.0,2.0,1,0,0-7,0-7,0.521825813094885,0.3862854820934646,0.0869867440273366,0.0049019607843137,0.9375,1.0,2.0,A,0,r0_f0,17,0.4291853024811676,0.0218528672027112,0.3794060237850509,-0.0279264114934054,0.4042956631331093,-0.003036772145347,0.412592209582462,0.0052597743040057,0.2264504280945846,-0.1808820071838717,0.4135721577312987,0.0062397224528423,0.4159954736419048,0.0086630383634485,matched,False,False,0.41681212186813354,0.4153180718421936
AOI-0070,2023-09-29,0.2303051732156106,s2,зерновые,2023,9,True,1.0,6.0,3,0,0-7,0-7,0.545053732204123,0.4258717170132188,0.0247642059550719,0.0043103448275862,0.9375,1.0,6.0,A,0,r0_f0,17,0.2585384073508933,0.0282332341352826,0.2741524929486601,0.0438473197330495,0.2663454501497767,0.0360402769341661,0.2607689910077171,0.0304638177921065,0.260829938178002,0.0305247649623914,0.2594033275443556,0.0290981543287449,0.2541218647337371,0.0238166915181265,matched,False,False,0.25222182273864746,0.2601402699947357
AOI-0070,2023-09-30,0.3118867805238523,modis,зерновые,2023,9,True,2.0,5.0,3,1,0-7,0-7,0.1768852744639855,0.2116759931127782,0.6072720657565696,0.0041666666666666,0.8823529411764706,2.0,5.0,A,0,r0_f0,17,0.2585384073508933,-0.053348373172959,0.2741524929486601,-0.0377342875751922,0.2663454501497767,-0.0455413303740755,0.2629995746645409,-0.0488872058593113,0.260829938178002,-0.0510568423458502,0.2616339112011794,-0.0502528693226729,0.2560790352135826,-0.0558077453102696,matched,False,False,0.3195064067840576,0.26047733426094055
AOI-0070,2023-10-04,0.2623692516409679,s2,зерновые,2023,10,True,6.0,1.0,3,2,0-7,0-7,0.5398701220347006,0.4283124450333339,0.02710045179989,0.0047169811320754,0.9375,6.0,1.0,A,0,r0_f0,17,0.2585384073508933,-0.0038308442900746,0.2741524929486601,0.0117832413076922,0.2663454501497767,0.0039761985088088,0.2719219092918363,0.0095526576508683,0.260829938178002,-0.0015393134629658,0.2732875727551978,0.0109183211142299,0.2777487960348812,0.0153795443939132,matched,False,False,0.21236832439899445,0.27286258339881897
AOI-0071,2017-07-27,0.1577956865182071,s2,зерновые,2017,7,True,2.0,1.0,1,0,0-7,0-7,0.6502981015417985,0.2659218087901522,0.0780982714862311,0.0056818181818181,0.9375,2.0,1.0,A,0,r0_f0,17,0.1874937164067267,0.0296980298885196,0.4150784090909091,0.257282722572702,0.3012860627488179,0.1434903762306108,0.3392168448628483,0.1814211583446412,0.2489787567892391,0.0911830702710319,0.3560749702468618,0.1982792837286547,0.3518041725762518,0.1940084860580447,matched,False,False,0.19956761598587036,0.3443639874458313
AOI-0071,2019-10-03,0.2314039443748287,landsat,зерновые,2019,10,True,1.0,7.0,1,0,0-7,0-7,0.2610035293284586,0.6272896844474756,0.1041310286483081,0.0075757575757575,0.9375,1.0,7.0,A,0,r0_f0,17,0.2787836169951439,0.0473796726203152,0.2224540256468348,-0.0089499187279938,0.2506188213209893,0.0192148769461606,0.2717424180766052,0.0403384737017765,0.260829938178002,0.0294259938031733,0.2645670328525718,0.0331630884777431,0.2488998102128859,0.0174958658380572,matched,False,False,0.25490590929985046,0.2656559348106384
AOI-0071,2021-05-25,0.7092431818181818,modis,зерновые,2021,5,True,8.0,2.0,1,0,8-15,0-7,0.3669399264133153,0.0979283247243061,0.5299234155290452,0.0052083333333333,0.8823529411764706,8.0,2.0,A,0,r0_f0,17,0.4419435452877702,-0.2672996365304116,0.6335314999401812,-0.0757116818780005,0.5377375226139757,-0.1715056592042061,0.5952139090096991,-0.1140292728084827,0.5309082973870619,-0.1783348844311199,0.6136063526563305,-0.0956368291618513,0.6314531750729651,-0.0777900067452167,matched,False,False,0.5661331415176392,0.5977641344070435
AOI-0071,2021-06-11,0.2573573144555819,s2,зерновые,2021,6,True,1.0,5.0,1,0,0-7,0-7,0.8362337555856189,0.1461681945324793,0.0111877934716453,0.0064102564102564,0.9375,1.0,5.0,A,0,r0_f0,17,0.3493030003937529,0.0919456859381709,0.1842161168527693,-0.0731411976028126,0.2667595586232611,0.0094022441676792,0.3217885198035889,0.064431205348007,0.4271600780596599,0.1698027636040779,0.3205161168551027,0.0631588023995207,0.3241035780499453,0.0667462635943634,matched,False,False,0.2794475555419922,0.3216192126274109
AOI-0071,2022-07-31,0.3991759272627802,landsat,зерновые,2022,7,True,1.0,10.0,1,0,0-7,8-15,0.6574551539961698,0.2547752282563499,0.0818172367950993,0.0059523809523809,0.9375,1.0,10.0,A,0,r0_f0,17,0.5183130827987911,0.1191371555360109,0.5068835962848309,0.1077076690220507,0.512598339541811,0.1134224122790308,0.5172740385702492,0.118098111307469,0.2450616466473928,-0.1541142806153873,0.5182486848659219,0.1190727576031417,0.5327542471718051,0.1335783199090249,matched,False,False,0.45149296522140503,0.5161101222038269
AOI-0071,2024-07-12,0.2032546995887612,landsat,зерновые,2024,7,True,1.0,3.0,1,0,0-7,0-7,0.5537705489279712,0.4233519862255565,0.014544131513139,0.0083333333333333,0.9375,1.0,3.0,A,0,r0_f0,17,0.2073837873555506,0.0041290877667894,0.140830548349027,-0.0624241512397341,0.1741071678522888,-0.0291475317364723,0.1907454776039197,-0.0125092219848415,0.2630204565263085,0.0597657569375473,0.1969848437607813,-0.0062698558279798,0.2015800425610186,-0.0016746570277425,matched,False,False,0.19432967901229858,0.16729524731636047
AOI-0075,2012-04-06,0.2633296243461722,modis,озимая пшеница,2012,4,False,173.0,5.0,1,0,31+,0-7,0.014598011139027,0.0642990377801594,0.9151505701284328,0.0059523809523809,0.75,173.0,5.0,A,0,r0_f0,17,0.3105226343319068,0.0471930099857346,0.1877639353714636,-0.0755656889747085,0.2491432848516852,-0.014186339494487,0.1912122134321502,-0.0721174109140219,0.4166117421924103,0.1532821178462381,0.1878432495773932,-0.0754863747687789,0.1821618667856207,-0.0811677575605514,matched,True,False,0.34389394521713257,0.1280646026134491
AOI-0075,2012-10-15,0.3990045173561579,modis,озимая пшеница,2012,10,False,11.0,5.0,1,0,8-15,0-7,0.014598011139027,0.2785847520658737,0.7008648558427184,0.0059523809523809,0.75,11.0,5.0,A,0,r0_f0,17,0.2074474702228874,-0.1915570471332704,0.3324083108354277,-0.0665962065207301,0.2699278905291575,-0.1290766268270003,0.2933580481440088,-0.105646469212149,0.2406710940977025,-0.1583334232584554,0.3026482058180347,-0.0963563115381231,0.2938628012389879,-0.1051417161171699,matched,True,False,0.4111235439777374,0.2866051197052002
AOI-0075,2013-07-28,0.4511893485496908,modis,озимая пшеница,2013,7,False,1.0,15.0,1,0,0-7,8-15,0.0136248103964252,0.5044568797059266,0.4763627543420927,0.0055555555555555,0.9375,1.0,15.0,A,0,r0_f0,17,0.3100102485523797,-0.1411790999973111,0.3421614867398322,-0.1090278618098585,0.3260858676461059,-0.1251034809035848,0.3120197009390955,-0.1391696476105953,0.3666954580152672,-0.0844938905344235,0.312647789547088,-0.1385415590026028,0.3136862012277657,-0.1375031473219251,matched,True,False,0.3869575262069702,0.31150108575820923
AOI-0075,2014-08-13,0.4898539705183071,modis,озимая пшеница,2014,8,False,6.0,2.0,1,0,0-7,0-7,0.0130450312306198,0.1425650975907807,0.8390707222424292,0.0053191489361702,0.8823529411764706,6.0,2.0,A,0,r0_f0,17,0.6319303459644194,0.1420763754461123,0.4783926654875874,-0.0114613050307196,0.5551615057260034,0.0653075352076963,0.5167770856067955,0.0269231150884883,0.3383295609182435,-0.1515244096000635,0.5041101952754529,0.0142562247571457,0.5092112125812741,0.019357242062967,matched,True,False,0.5607700347900391,0.5091766119003296
AOI-0075,2017-04-23,0.3527826913932477,modis,озимая пшеница,2017,4,False,16.0,2.0,1,0,16-30,0-7,0.0802914770630918,0.0600124352614821,0.8541405321198705,0.0055555555555555,0.8823529411764706,16.0,2.0,A,0,r0_f0,17,0.2333366143604374,-0.1194460770328103,0.2205176222253972,-0.1322650691678505,0.2269271182929172,-0.1258555731003304,0.2219419546848461,-0.1308407367084015,0.5416330578512396,0.1888503664579919,0.2232701684119564,-0.1295125229812912,0.2219677568657889,-0.1308149345274587,matched,True,False,0.3214724659919739,0.22516794502735138
AOI-0075,2018-04-11,0.3403988493532307,s2,озимая пшеница,2018,4,False,4.0,12.0,3,0,0-7,8-15,0.7889461847954038,0.1057302739076198,0.0981806841541191,0.0071428571428571,0.7894736842105263,4.0,12.0,A,0,r0_f0,17,0.3468313837375177,0.0064325343842869,0.6460227294341416,0.3056238800809109,0.4964270565858296,0.1560282072325989,0.4216292201616737,0.0812303708084429,0.4166117421924103,0.0762128928391795,0.4789294746143664,0.1385306252611357,0.4824542306106364,0.1420553812574057,matched,True,False,0.2773429751396179,0.4475078582763672
AOI-0075,2018-04-12,0.3526849235082239,landsat,озимая пшеница,2018,4,False,5.0,11.0,3,1,0-7,8-15,0.2125362628140667,0.5706211521627468,0.2021367026702453,0.0147058823529411,0.75,5.0,11.0,A,0,r0_f0,17,0.3468313837375177,-0.0058535397707061,0.6460227294341416,0.2933378059259177,0.4964270565858296,0.1437421330776057,0.4403286792677127,0.0876437557594888,0.4166117421924103,0.0639268186841864,0.5058704582544759,0.1531855347462519,0.5107432804084189,0.1580583569001949,matched,True,False,0.330921471118927,0.4622192084789276
AOI-0075,2018-04-16,0.3953553813097644,s2,озимая пшеница,2018,4,False,9.0,7.0,3,2,8-15,0-7,0.4317781898337796,0.2846584297512842,0.2643326111841669,0.0192307692307692,0.6818181818181818,9.0,7.0,A,0,r0_f0,17,0.3468313837375177,-0.0485239975722466,0.6460227294341416,0.2506673481243772,0.4964270565858296,0.1010716752760652,0.5151265156918687,0.1197711343821043,0.5416330578512396,0.1462776765414752,0.5896758231030568,0.1943204417932924,0.5990788355497675,0.2037234542400031,matched,True,False,0.33645200729370117,0.5248270630836487
AOI-0075,2018-05-26,0.7269854469965545,s2,озимая пшеница,2018,5,False,1.0,4.0,1,0,0-7,0-7,0.3149103079923397,0.5095504565126998,0.1636344735901986,0.0119047619047619,0.9375,1.0,4.0,A,0,r0_f0,17,0.6586786970993819,-0.0683067498971726,0.6318596542282053,-0.0951257927683492,0.6452691756637936,-0.0817162713327609,0.6533148885251465,-0.073670558471408,0.7246056996320704,-0.002379747364484,0.6511093662770705,-0.075876080719484,0.6461574456179202,-0.0808280013786343,matched,True,False,0.666052520275116,0.6580994725227356
AOI-0075,2018-06-18,0.1689753970967447,s2,озимая пшеница,2018,6,False,8.0,5.0,1,0,8-15,0-7,0.2543506333784282,0.5654061379525652,0.1706278440536219,0.0096153846153846,0.75,8.0,5.0,A,0,r0_f0,17,0.4279901569186876,0.2590147598219429,0.1661023207832472,-0.0028730763134975,0.2970462388509673,0.1280708417542226,0.2668284116045704,0.0978530145078256,0.5174310253937682,0.3484556282970235,0.2525241146831991,0.0835487175864543,0.2654299941425522,0.0964545970458075,matched,True,False,0.2550537586212158,0.2853030860424042
AOI-0075,2018-07-09,0.2675565512954331,landsat,озимая пшеница,2018,7,False,6.0,3.0,1,0,0-7,0-7,0.3588798528266306,0.4458566494486123,0.1848468310580904,0.0104166666666666,0.8333333333333334,6.0,3.0,A,0,r0_f0,17,0.189836915286522,-0.0777196360089111,0.5031110794103661,0.235554528114933,0.3464739973484441,0.0789174460530109,0.3986863580357514,0.1311298067403183,0.3922055829921826,0.1246490316967495,0.4218918516745547,0.1543353003791215,0.4596153461650184,0.1920587948695853,matched,True,False,0.30250829458236694,0.3944569528102875
AOI-0075,2019-06-03,0.2161724330579524,s2,озимая пшеница,2019,6,False,1.0,2.0,1,0,0-7,0-7,0.7871038822613045,0.1233519862255565,0.0812107981798056,0.0083333333333333,0.9375,1.0,2.0,A,0,r0_f0,17,0.3191853832384622,0.1030129501805098,0.2619837469340101,0.0458113138760577,0.2905845650862361,0.0744121320282837,0.3001181711369782,0.0839457380790258,0.7010719673379057,0.4848995342799532,0.3043553293817523,0.0881828963237999,0.3051376587429284,0.088965225684976,matched,True,False,0.2740755081176758,0.29704001545906067
AOI-0075,2019-09-13,0.3394720659210156,s2,озимая пшеница,2019,9,False,2.0,1.0,1,0,0-7,0-7,0.902513699285314,0.0600124352614821,0.0319183098976482,0.0055555555555555,0.9375,2.0,1.0,A,0,r0_f0,17,0.3604007789481913,0.0209287130271756,0.3881957836623347,0.0487237177413191,0.374298281305263,0.0348262153842474,0.3789307820909535,0.0394587161699379,0.2323186698409349,-0.1071533960800806,0.3809896713290382,0.0415176054080226,0.3861697395194858,0.0466976735984702,matched,True,False,0.35335731506347656,0.3784710466861725
AOI-0075,2019-10-16,0.2457758428300038,s2,озимая пшеница,2019,10,False,3.0,5.0,2,0,0-7,0-7,0.2258109886774283,0.1425650975907807,0.6263047647956207,0.0053191489361702,0.8333333333333334,3.0,5.0,A,0,r0_f0,17,0.257480136618646,0.0117042937886421,0.2577913855167035,0.0120155426866996,0.2576357610676747,0.0118599182376709,0.2575968549554175,0.0118210121254136,0.2406710940977025,-0.0051047487323013,0.2575196609364392,0.0117438181064354,0.2538954991540043,0.0081196563240005,matched,True,False,0.3055245578289032,0.2546681761741638
AOI-0075,2019-10-18,0.2595845344090037,s2,озимая пшеница,2019,10,False,5.0,3.0,2,1,0-7,0-7,0.891505293992688,0.0318436175803043,0.0652874520633713,0.0113636363636363,0.8333333333333334,5.0,3.0,A,0,r0_f0,17,0.257480136618646,-0.0021043977903577,0.2577913855167035,-0.0017931488923002,0.2576357610676747,-0.0019487733413289,0.2576746671799319,-0.0019098672290717,0.2406710940977025,-0.0189134403113012,0.2575946431219562,-0.0019898912870474,0.2526707247678857,-0.0069138096411179,matched,True,False,0.23725567758083344,0.25498637557029724
AOI-0075,2020-05-12,0.6848081440877055,landsat,озимая пшеница,2020,5,False,1.0,7.0,1,0,0-7,0-7,0.6722623293567827,0.2540111917353339,0.0687264789078834,0.005,0.9375,1.0,7.0,A,0,r0_f0,17,0.3014215833247693,-0.3833865607629362,0.378896310975751,-0.3059118331119545,0.3401589471502602,-0.3446491969374453,0.311105924281142,-0.3737022198065635,0.6465173937099522,-0.0382907503777533,0.3030190577300758,-0.3817890863576296,0.299123973502259,-0.3856841705854464,matched,True,False,0.3444719612598419,0.3313447833061218
AOI-0075,2020-07-02,0.7948763136855292,s2,озимая пшеница,2020,7,False,4.0,2.0,1,0,0-7,0-7,0.5728660850979012,0.3345020547160929,0.0840111705308334,0.0086206896551724,0.8823529411764706,4.0,2.0,A,0,r0_f0,17,0.6864953258871678,-0.1083809877983614,0.7262121521485172,-0.068664161537012,0.7063537390178425,-0.0885225746676867,0.7129732100614007,-0.0819031036241285,0.3922055829921826,-0.4026707306933466,0.7159151971918711,-0.0789611164936581,0.7172811847386726,-0.0775951289468566,matched,True,False,0.7405462861061096,0.710013747215271
AOI-0075,2020-07-19,0.7321569269111853,s2,озимая пшеница,2020,7,False,7.0,3.0,1,0,0-7,0-7,0.8288391115885537,0.0959297874850346,0.0701290601100851,0.0051020408163265,0.8333333333333334,7.0,3.0,A,0,r0_f0,17,0.7137615743549253,-0.01839535255626,0.69312081225536,-0.0390361146558252,0.7034411933051427,-0.0287157336060426,0.6993130408852296,-0.0328438860259556,0.3666954580152672,-0.3654614688959181,0.6941921323923106,-0.0379647945188746,0.665546249794097,-0.0666106771170882,matched,True,False,0.744050920009613,0.6976615786552429
AOI-0075,2020-08-23,0.2173486971120723,s2,озимая пшеница,2020,8,False,2.0,3.0,1,0,0-7,0-7,0.8502342226399845,0.0839385640494052,0.0613629275963244,0.0044642857142857,0.8823529411764706,2.0,3.0,A,0,r0_f0,17,0.2383944858492639,0.0210457887371915,0.2112182702173412,-0.0061304268947311,0.2248063780333025,0.0074576809212302,0.2275239995964947,0.0101753024844224,0.2647903045120205,0.0474416073999482,0.2208826433712343,0.003533946259162,0.1862479128462208,-0.0311007842658514,matched,True,False,0.26468372344970703,0.2272680699825287
AOI-0075,2020-09-01,0.2091110766522912,landsat,озимая пшеница,2020,9,False,1.0,1.0,1,0,0-7,0-7,0.521825813094885,0.4058933252307194,0.0673789008900817,0.0049019607843137,0.9375,1.0,1.0,A,0,r0_f0,17,0.1735027624820689,-0.0356083141702223,0.177739879707901,-0.0313711969443901,0.1756213210949849,-0.0334897555573062,0.1756213210949849,-0.0334897555573062,0.2613607703614092,0.052249693709118,0.1753939046352457,-0.0337171720170454,0.1756793315605528,-0.0334317450917383,matched,True,False,0.2690284848213196,0.17964717745780945
AOI-0075,2020-09-29,0.2985662387066096,modis,озимая пшеница,2020,9,False,2.0,1.0,1,0,0-7,0-7,0.4486835828460475,0.1015236301025257,0.446004908263548,0.0037878787878787,0.9375,2.0,1.0,A,0,r0_f0,17,0.1916852886779731,-0.1068809500286364,0.2002888154696444,-0.0982774232369652,0.1959870520738087,-0.1025791866328008,0.1974209732057539,-0.1011452655008556,0.2300744919123765,-0.068491746794233,0.1990411383670789,-0.0995251003395306,0.1981607673887848,-0.1004054713178247,matched,True,False,0.30084359645843506,0.1969163864850998
AOI-0075,2021-04-29,0.3944578234806384,landsat,озимая пшеница,2021,4,False,1.0,1.0,1,0,0-7,0-7,0.394949093725382,0.5324475563990998,0.0658465931187613,0.0067567567567567,0.9375,1.0,1.0,A,0,r0_f0,17,0.4311766329361876,0.0367188094555491,0.4476426881922821,0.0531848647116436,0.4394096605642348,0.0449518370835964,0.4394096605642348,0.0449518370835964,0.5416330578512396,0.1471752343706012,0.4382680366468127,0.0438102131661743,0.4384374624749994,0.0439796389943609,matched,True,False,0.4446561932563782,0.4399053156375885
AOI-0075,2021-05-13,0.6207049633973674,s2,озимая пшеница,2021,5,False,4.0,1.0,1,0,0-7,0-7,0.7306558233919567,0.1350279793383347,0.1218161972697085,0.0125,0.9375,4.0,1.0,A,0,r0_f0,17,0.7002514503090822,0.0795464869117148,0.6298518630347738,0.0091468996374064,0.665051656671928,0.0443466932745606,0.6439317804896355,0.0232268170922681,0.6465173937099522,0.0258124303125848,0.6371734201113018,0.0164684567139344,0.6316369381957079,0.0109319747983405,matched,True,False,0.650184154510498,0.642116904258728
AOI-0075,2021-05-30,0.1643225390638228,s2,озимая пшеница,2021,5,False,2.0,8.0,1,0,0-7,8-15,0.7045246587135654,0.1480223834706678,0.1374529578157668,0.01,0.8823529411764706,2.0,8.0,A,0,r0_f0,17,0.4754903218134598,0.3111677827496369,0.1604225607700431,-0.0038999782937796,0.3179564412917514,0.1536339022279286,0.4124767696047764,0.2481542305409536,0.7246056996320704,0.5602831605682477,0.378302447819217,0.2139799087553942,0.387729496258802,0.2234069571949792,matched,True,False,0.33774900436401367,0.40721434354782104
AOI-0075,2021-06-16,0.3427106233357335,landsat,озимая пшеница,2021,6,False,1.0,1.0,1,0,0-7,0-7,0.7375120876046889,0.2098148938581705,0.0477710577528268,0.0049019607843137,0.9375,1.0,1.0,A,0,r0_f0,17,0.3534713842811192,0.0107607609453856,0.2749328867463058,-0.0677777365894277,0.3142021355137124,-0.028508487822021,0.3142021355137124,-0.028508487822021,0.5174310253937682,0.1747204020580346,0.3160346470181831,-0.0266759763175503,0.3150784509996755,-0.0276321723360579,matched,True,False,0.3643263876438141,0.31799688935279846
AOI-0075,2021-06-27,0.2845228490585565,s2,озимая пшеница,2021,6,False,1.0,4.0,2,0,0-7,0-7,0.6326811763819076,0.280663212476345,0.0785910950127151,0.0080645161290322,0.9375,1.0,4.0,A,0,r0_f0,17,0.5666428435568235,0.2821199944982669,0.3070914713873804,0.0225686223288238,0.4368671574721019,0.1523443084135454,0.5147325691229349,0.2302097200643783,0.5174310253937682,0.2329081763352116,0.552626930824993,0.2681040817664365,0.5650156516903878,0.2804928026318313,matched,True,False,0.2912760376930237,0.5093016624450684
AOI-0075,2021-06-29,0.1912792394825953,s2,озимая пшеница,2021,6,False,3.0,2.0,2,1,0-7,0-7,0.8153279116959784,0.0925139896691673,0.0859080986348542,0.00625,0.8823529411764706,3.0,2.0,A,0,r0_f0,17,0.5666428435568235,0.3753636040742282,0.3070914713873804,0.1158122319047851,0.4368671574721019,0.2455879179895066,0.4109120202551576,0.2196327807725623,0.5174310253937682,0.3261517859111729,0.4568519892730869,0.2655727497904916,0.4755395047964858,0.2842602653138905,matched,True,False,0.2594611644744873,0.4081060290336609
AOI-0075,2021-07-12,0.1737384448268917,s2,озимая пшеница,2021,7,False,3.0,5.0,2,0,0-7,0-7,0.3377049448099865,0.2296962435432296,0.4286925616467839,0.00390625,0.8333333333333334,3.0,5.0,A,0,r0_f0,17,0.1743537433269912,0.0006152985000994,0.1784606908099816,0.0047222459830898,0.1764072170684864,0.0026687722415946,0.1758938486331125,0.0021554038062208,0.3922055829921826,0.2184671381652909,0.1746846204909894,0.0009461756640976,0.1694556463496141,-0.0042827984772776,matched,True,False,0.22330203652381897,0.16060605645179749
AOI-0075,2021-07-14,0.17551851923182,s2,озимая пшеница,2021,7,False,5.0,3.0,2,1,0-7,0-7,0.8417569144875309,0.0886898035238999,0.0648363008564937,0.0047169811320754,0.8333333333333334,5.0,3.0,A,0,r0_f0,17,0.1743537433269912,-0.0011647759048288,0.1784606908099816,0.0029421715781615,0.1764072170684864,0.0008886978366663,0.1769205855038602,0.0014020662720402,0.3922055829921826,0.2166870637603626,0.1755469158112054,2.8396579385470133e-05,0.1714488734109346,-0.0040696458208853,matched,True,False,0.22170113027095795,0.16677403450012207
AOI-0075,2021-07-25,0.2835632288390429,landsat,озимая пшеница,2021,7,False,1.0,2.0,1,0,0-7,0-7,0.5036489183173914,0.3774374060247321,0.1108491595288442,0.0080645161290322,0.9375,1.0,2.0,A,0,r0_f0,17,0.1656595592946336,-0.1179036695444092,0.1861257043182508,-0.0974375245207921,0.1758926318064422,-0.1076705970326006,0.1724816076358393,-0.1110816212032035,0.3666954580152672,0.0831322291762243,0.1674934356266351,-0.1160697932124077,0.1679475327049949,-0.1156156961340479,matched,True,False,0.2908807098865509,0.1589399129152298
AOI-0075,2021-10-20,0.2835345846398355,s2,озимая пшеница,2021,10,False,3.0,7.0,3,0,0-7,0-7,0.7177597056532612,0.1417132988972246,0.1196936621161808,0.0208333333333333,0.8333333333333334,3.0,7.0,A,0,r0_f0,17,0.1827178413728675,-0.1008167432669679,0.1908579418945158,-0.0926766427453197,0.1867878916336916,-0.0967466930061438,0.185159871529362,-0.0983747131104735,0.2406710940977025,-0.042863490542133,0.1837029639820491,-0.0998316206577863,0.1837244128085165,-0.0998101718313189,matched,True,False,0.1526450663805008,0.18626824021339417
AOI-0075,2021-10-21,0.2418889385346728,landsat,озимая пшеница,2021,10,False,4.0,6.0,3,1,0-7,0-7,0.5255465194932972,0.4041899827819457,0.0598468310580904,0.0104166666666666,0.7894736842105263,4.0,6.0,A,0,r0_f0,17,0.1827178413728675,-0.0591710971618053,0.1908579418945158,-0.051030996640157,0.1867878916336916,-0.0551010469009811,0.1859738815815268,-0.0559150569531459,0.2406710940977025,-0.0012178444369703,0.1844050400273534,-0.0574838985073194,0.1842013202939458,-0.0576876182407269,matched,True,False,0.21584640443325043,0.1882675439119339
AOI-0075,2021-10-25,0.2876844011973696,s2,озимая пшеница,2021,10,False,8.0,2.0,3,2,8-15,0-7,0.6152226048456525,0.2643256847690496,0.102594567528155,0.0178571428571428,0.8823529411764706,8.0,2.0,A,0,r0_f0,17,0.1827178413728675,-0.104966559824502,0.1908579418945158,-0.0968264593028538,0.1867878916336916,-0.1008965095636779,0.1892299217901861,-0.0984544794071834,0.2406710940977025,-0.0470133070996671,0.1884405491347519,-0.0992438520626176,0.1876961155046357,-0.0999882856927338,matched,True,False,0.22494515776634216,0.18898211419582367
AOI-0075,2022-05-08,0.3985251576391087,s2,озимая пшеница,2022,5,False,3.0,1.0,1,0,0-7,0-7,0.7911007841828159,0.1285980755603188,0.0683963783521033,0.0119047619047619,0.9375,3.0,1.0,A,0,r0_f0,17,0.381159030214335,-0.0173661274247736,0.5891207322872087,0.1905955746481,0.4851398812507719,0.0866147236116632,0.5371303067689903,0.1386051491298816,0.6465173937099522,0.2479922360708435,0.5575995534966912,0.1590743958575825,0.5548710222325642,0.1563458645934555,matched,True,False,0.34128016233444214,0.5336859226226807
AOI-0075,2022-06-27,0.3166600681501215,s2,озимая пшеница,2022,6,False,1.0,2.0,1,0,0-7,0-7,0.689374683994042,0.2852059106209887,0.01616014612571,0.0092592592592592,0.9375,1.0,2.0,A,0,r0_f0,17,0.3844645590710669,0.0678044909209454,0.3538865595760049,0.0372264914258834,0.3691755593235359,0.0525154911734144,0.3742718925727128,0.0576118244225913,0.5174310253937682,0.2007709572436466,0.3765369295723471,0.0598768614222256,0.3748761484616439,0.0582160803115224,matched,True,False,0.27902498841285706,0.36977630853652954
AOI-0075,2022-09-02,0.2417537298360655,s2,озимая пшеница,2022,9,False,2.0,3.0,1,0,0-7,0-7,0.7741981840834594,0.1674034692775368,0.052963564030308,0.0054347826086956,0.8823529411764706,2.0,3.0,A,0,r0_f0,17,0.3594154577254961,0.1176617278894306,0.2156730098505829,-0.0260807199854825,0.2875442337880395,0.045790503951974,0.3019184785755308,0.0601647487394653,0.2613607703614092,0.0196070405253437,0.2616851414107818,0.0199314115747163,0.2757340885457043,0.0339803587096388,matched,True,False,0.36723631620407104,0.30615079402923584
AOI-0075,2022-09-14,0.405124774132192,modis,озимая пшеница,2022,9,False,4.0,3.0,1,0,0-7,0-7,0.4038056512114131,0.0839385640494052,0.507791499024896,0.0044642857142857,0.8333333333333334,4.0,3.0,A,0,r0_f0,17,0.2217063515936513,-0.1834184225385407,0.2004612025333333,-0.2046635715988587,0.2110837770634923,-0.1940409970686997,0.2095662664163267,-0.1955585077158652,0.2323186698409349,-0.1728061042912571,0.208822995895266,-0.1963017782369259,0.2088702623316267,-0.1962545118005652,matched,True,False,0.3684394657611847,0.2082323431968689
AOI-0075,2023-04-02,0.7002598488543306,landsat,озимая пшеница,2023,4,False,167.0,5.0,1,0,31+,0-7,0.612909889619973,0.3031424870864592,0.0761351232935678,0.0078125,0.75,167.0,5.0,A,0,r0_f0,17,0.6880857382741179,-0.0121741105802126,0.7514832620066569,0.0512234131523263,0.7197845001403874,0.0195246512860568,0.7496403107353623,0.0493804618810317,0.4166117421924103,-0.2836481066619202,0.7514788878539725,0.0512190389996419,0.9150574453803472,0.2147975965260167,matched,True,False,0.5734858512878418,0.7623007297515869
AOI-0075,2023-07-31,0.5068568995258491,landsat,озимая пшеница,2023,7,False,3.0,1.0,1,0,0-7,0-7,0.7150577123673914,0.2166770293845684,0.0636356286184105,0.0046296296296296,0.9375,3.0,1.0,A,0,r0_f0,17,0.5118320970042795,0.0049751974784303,0.4244247304810328,-0.0824321690448163,0.4681284137426561,-0.0387284857831929,0.4462765721118444,-0.0605803274140046,0.3383295609182435,-0.1685273386076056,0.4380821315002901,-0.068774768025559,0.4332151020186625,-0.0736417975071866,matched,True,False,0.49741435050964355,0.44470423460006714
AOI-0075,2023-09-25,0.3180716635580301,s2,озимая пшеница,2023,9,False,3.0,2.0,1,0,0-7,0-7,0.5204372155946378,0.3566853195588899,0.114544131513139,0.0083333333333333,0.8823529411764706,3.0,2.0,A,0,r0_f0,17,0.3204822898783201,0.0024106263202899,0.2972785706214226,-0.0207930929366075,0.3088804302498713,-0.0091912333081587,0.3065600583241816,-0.0115116052338485,0.2323186698409349,-0.0857529937170952,0.3054212224894994,-0.0126504410685307,0.3070255151937713,-0.0110461483642588,matched,True,False,0.29737916588783264,0.3126858174800873
AOI-0075,2023-10-03,0.3429101455805599,landsat,озимая пшеница,2023,10,False,3.0,1.0,1,0,0-7,0-7,0.5306558233919567,0.3350279793383348,0.1218161972697085,0.0125,0.9375,3.0,1.0,A,0,r0_f0,17,0.2855604759513817,-0.0573496696291782,0.2519462351195525,-0.0909639104610073,0.2687533555354671,-0.0741567900450927,0.2603497953275098,-0.08256035025305,0.2300744919123765,-0.1128356536681833,0.2545226749813302,-0.0883874705992296,0.2533143912759606,-0.0895957543045992,matched,True,False,0.34608161449432373,0.2531117796897888
AOI-0075,2023-10-11,0.3908271723356969,landsat,озимая пшеница,2023,10,False,7.0,1.0,1,0,0-7,0-7,0.3241218206628365,0.611918085399207,0.0580077129855754,0.0059523809523809,0.9375,7.0,1.0,A,0,r0_f0,17,0.2519462351195525,-0.1388809372161444,0.3204740849761335,-0.0703530873595634,0.286210160047843,-0.1046170122878539,0.3119081037440608,-0.078919068591636,0.2300744919123765,-0.1607526804233204,0.3175295289276085,-0.0732976434080883,0.3125669778260949,-0.0782601945096019,matched,True,False,0.3131196200847626,0.3104601204395294
AOI-0075,2024-04-04,0.2441652060810014,s2,озимая пшеница,2024,4,False,168.0,2.0,1,0,31+,0-7,0.8875158068676701,0.0692451176094024,0.036828819112671,0.0064102564102564,0.8823529411764706,168.0,2.0,A,0,r0_f0,17,0.320629890415871,0.0764646843348695,0.4363424155967665,0.1921772095157651,0.3784861530063187,0.1343209469253173,0.4349810917711089,0.1908158856901075,0.4166117421924103,0.1724465361114089,0.4362947457105532,0.1921295396295518,0.4816351475036953,0.2374699414226939,matched,True,False,0.2535669505596161,0.44083285331726074
AOI-0075,2024-05-09,0.4768041305159886,s2,озимая пшеница,2024,5,False,1.0,3.0,1,0,0-7,0-7,0.6656368551507525,0.3019338382070518,0.0276216143345032,0.0048076923076923,0.9375,1.0,3.0,A,0,r0_f0,17,0.5719628150261531,0.0951586845101645,0.5022575205969758,0.0254533900809872,0.5371101678115644,0.0603060372955758,0.5545364914188587,0.0777323609028701,0.6465173937099522,0.1697132631939636,0.5637608958861453,0.0869567653701567,0.5560053756165904,0.0792012451006017,matched,True,False,0.36014270782470703,0.5487098693847656
AOI-0075,2024-06-09,0.4657194484070375,modis,озимая пшеница,2024,6,False,1.0,2.0,1,0,0-7,0-7,0.3209158011696402,0.115526889427012,0.5592469645757616,0.0043103448275862,0.9375,1.0,2.0,A,0,r0_f0,17,0.2603596860778016,-0.2053597623292359,0.3421810621087303,-0.1235383862983072,0.3012703740932659,-0.1644490743137715,0.2876334780881111,-0.1780859703189263,0.7010719673379057,0.2353525189308681,0.2815726354191534,-0.184146812987884,0.2719905363382725,-0.1937289120687649,matched,True,False,0.41817688941955566,0.29091283679008484
AOI-0075,2024-07-16,0.5214150638547583,s2,озимая пшеница,2024,7,False,3.0,1.0,1,0,0-7,0-7,0.7928121718399667,0.1038676764141036,0.093704767130545,0.0096153846153846,0.9375,3.0,1.0,A,0,r0_f0,17,0.5231236498342731,0.0017085859795147,0.5908445644838214,0.069429500629063,0.5569841071590472,0.0355690433042888,0.5739143358214343,0.0524992719666759,0.3666954580152672,-0.1547196058394911,0.5828193896686377,0.0614043258138793,0.5752003954026814,0.053785331547923,matched,True,False,0.5788425207138062,0.5727102160453796
AOI-0075,2024-08-17,0.7192381795433431,s2,озимая пшеница,2024,8,False,5.0,1.0,1,0,0-7,0-7,0.8579445474584448,0.071164607437821,0.0660831527960417,0.0048076923076923,0.9375,5.0,1.0,A,0,r0_f0,17,0.6931823750388248,-0.0260558045045182,0.7315068646852769,0.0122686851419338,0.7123446198620509,-0.0068935596812922,0.7251194497442016,0.0058812702008584,0.2647903045120205,-0.4544478750313225,0.7286680136003546,0.0094298340570114,0.732613610029945,0.0133754304866018,matched,True,False,0.708843469619751,0.7264279723167419
AOI-0075,2024-08-20,0.7037399295227431,s2,озимая пшеница,2024,8,False,2.0,2.0,1,0,0-7,0-7,0.4598535418689177,0.4617140337609935,0.0731132754339185,0.0053191489361702,0.8823529411764706,2.0,2.0,A,0,r0_f0,17,0.7315068646852769,0.0277669351625338,0.6606083843899718,-0.0431315451327712,0.6960576245376244,-0.0076823049851186,0.6960576245376244,-0.0076823049851186,0.2647903045120205,-0.4389496250107225,0.6983302633139777,-0.0054096662087653,0.6986389848864849,-0.0051009446362582,matched,True,False,0.6877445578575134,0.695124626159668
AOI-0076,2010-05-25,0.615407149321267,modis,озимая пшеница,2010,5,False,16.0,15.0,1,0,16-30,8-15,0.014598011139027,0.0642990377801594,0.9151505701284328,0.0059523809523809,0.5,16.0,15.0,A,0,r0_f0,17,0.5479086877828054,-0.0674984615384616,0.3679981597135279,-0.2474089896077391,0.4579534237481666,-0.1574537255731004,0.4550516410373719,-0.1603555082838951,0.7246056996320704,0.1091985503108033,0.4536022594544567,-0.1618048898668103,0.4372000767112198,-0.1782070726100472,matched,True,False,0.4997316896915436,0.5053831934928894
AOI-0076,2011-09-24,0.1982664358334464,landsat,озимая пшеница,2011,9,False,10.0,6.0,1,0,8-15,0-7,0.0408744311892756,0.6467039724511131,0.2957549296929447,0.0166666666666666,0.7142857142857143,10.0,6.0,A,0,r0_f0,17,0.4591720361990951,0.2609056003656487,0.4087899547511313,0.2105235189176848,0.4339809954751131,0.2357145596416667,0.4276832352941177,0.2294167994606713,0.2323186698409349,0.0340522340074885,0.424731160209276,0.2264647243758296,0.4201784128009437,0.2219119769674973,matched,True,False,0.35867583751678467,0.4357593357563019
AOI-0076,2014-10-16,0.2617097737556561,modis,озимая пшеница,2014,10,False,6.0,10.0,1,0,0-7,8-15,0.0142585225078868,0.0628037113201557,0.9171238126835852,0.005813953488372,0.7142857142857143,6.0,10.0,A,0,r0_f0,17,0.2217301881752417,-0.0399795855804144,0.2166918669111732,-0.0450179068444829,0.2192110275432074,-0.0424987462124486,0.219840817701216,-0.0418689560544401,0.2406710940977025,-0.0210386796579536,0.2185918355669322,-0.0431179381887238,0.2181655418392506,-0.0435442319164054,matched,True,False,0.3402623236179352,0.21058812737464905
AOI-0076,2015-09-14,0.3568161085972851,modis,озимая пшеница,2015,9,False,3.0,5.0,1,0,0-7,0-7,0.0130450312306198,0.1638416933354616,0.8177941264977483,0.0053191489361702,0.8333333333333334,3.0,5.0,A,0,r0_f0,17,0.2415979786653008,-0.1152181299319842,0.2397915208367929,-0.1170245877604921,0.2406947497510468,-0.1161213588462382,0.2409205569796103,-0.1158955516176747,0.2323186698409349,-0.1244974387563501,0.240808370837876,-0.116007737759409,0.2369346046315154,-0.1198815039657696,matched,True,False,0.3099239766597748,0.23819926381111145
AOI-0076,2016-08-12,0.4657215176596835,landsat,озимая пшеница,2016,8,False,16.0,8.0,1,0,16-30,8-15,0.014598011139027,0.2547752282563499,0.7246743796522421,0.0059523809523809,0.6521739130434783,16.0,8.0,A,0,r0_f0,17,0.7568307694542038,0.2911092517945203,0.3941951693388559,-0.0715263483208276,0.5755129693965298,0.1097914517368463,0.5150737027106386,0.049352185050955,0.3383295609182435,-0.12739195674144,0.4843886655004354,0.0186671478407519,0.4846126947456292,0.0188911770859456,matched,True,False,0.4988706111907959,0.5128098130226135
AOI-0076,2017-05-03,0.5910203917291301,landsat,озимая пшеница,2017,5,False,4.0,1.0,1,0,0-7,0-7,0.2125362628140667,0.5117976227509821,0.26096023208201,0.0147058823529411,0.9375,4.0,1.0,A,0,r0_f0,17,0.5090113382310367,-0.0820090534980934,0.5767959966763069,-0.0142243950528232,0.5429036674536718,-0.0481167242754583,0.5632390649872528,-0.0277813267418772,0.6465173937099522,0.055497001980822,0.5579846280031584,-0.0330357637259717,0.5591492143537105,-0.0318711773754196,matched,True,False,0.6097345948219299,0.5660892724990845
AOI-0076,2017-08-12,0.1945397313391676,s2,озимая пшеница,2017,8,False,5.0,1.0,1,0,0-7,0-7,0.5383197792399459,0.2312849741729184,0.2147702465871356,0.015625,0.9375,5.0,1.0,A,0,r0_f0,17,0.1929233318991759,-0.0016163994399917,0.3895609049773756,0.195021173638208,0.2912421184382757,0.0967023870991081,0.356787976131009,0.1622482447918414,0.3383295609182435,0.1437898295790759,0.3749951588234348,0.1804554274842672,0.3789220169493519,0.1843822856101843,matched,True,False,0.23225492238998413,0.3582654297351837
AOI-0076,2017-10-11,0.1748669663549091,s2,озимая пшеница,2017,10,False,1.0,7.0,2,0,0-7,0-7,0.2718970167085405,0.6321628423845248,0.0870115694783632,0.0089285714285714,0.9375,1.0,7.0,A,0,r0_f0,17,0.2195988574142049,0.0447318910592958,0.1749098181782958,4.285182338670257e-05,0.1972543377962503,0.0223873714413412,0.2140127275097162,0.0391457611548071,0.2300744919123765,0.0552075255574674,0.2126488291065315,0.0377818627516224,0.2136153724927393,0.0387484061378302,matched,True,False,0.2134127914905548,0.21585625410079956
AOI-0076,2017-10-16,0.2489517647058823,modis,озимая пшеница,2017,10,False,6.0,2.0,2,1,0-7,0-7,0.2562842482132852,0.0944755325981497,0.635351330299676,0.0138888888888888,0.8823529411764706,6.0,2.0,A,0,r0_f0,17,0.2195988574142049,-0.0293529072916773,0.1749098181782958,-0.0740419465275865,0.1972543377962503,-0.0516974269096319,0.186082077987273,-0.0628696867186092,0.2406710940977025,-0.0082806706081798,0.1824215938672082,-0.066530170838674,0.1857209032797055,-0.0632308614261767,matched,True,False,0.2639991343021393,0.18230083584785461
AOI-0076,2018-04-28,0.2269114729179445,landsat,озимая пшеница,2018,4,False,5.0,3.0,1,0,0-7,0-7,0.4886210725835039,0.3735458701990204,0.130480116041005,0.0073529411764705,0.8333333333333334,5.0,3.0,A,0,r0_f0,17,0.3485636199095023,0.1216521469915578,0.1904371423668748,-0.0364743305510696,0.2695003811381885,0.042588908220244,0.2497345714453601,0.0228230985274155,0.5416330578512396,0.3147215849332951,0.2404693481518467,0.0135578752339022,0.2391350883953518,0.0122236154774073,matched,True,False,0.23213623464107513,0.26868951320648193
AOI-0076,2018-06-28,0.725199396148768,s2,озимая пшеница,2018,6,False,2.0,5.0,2,0,0-7,0-7,0.4408744311892756,0.246703972451113,0.2957549296929447,0.0166666666666666,0.8823529411764706,2.0,5.0,A,0,r0_f0,17,0.8089541176470588,0.0837547214982907,0.8184092124504673,0.0932098163016992,0.813681665048763,0.088482268899995,0.8116555733051756,0.0864561771564075,0.5174310253937682,-0.2077683707549998,0.8130739660550484,0.0878745699062804,0.8138081558819878,0.0886087597332198,matched,True,False,0.7593700885772705,0.806681752204895
AOI-0076,2018-07-01,0.8078977880772724,landsat,озимая пшеница,2018,7,False,5.0,2.0,2,1,0-7,0-7,0.2306558233919567,0.5350279793383348,0.2218161972697085,0.0125,0.8823529411764706,5.0,2.0,A,0,r0_f0,17,0.8089541176470588,0.0010563295697864,0.8184092124504673,0.0105114243731948,0.813681665048763,0.0057838769714906,0.8157077567923505,0.0078099687150781,0.3922055829921826,-0.4156922050850898,0.815742017199647,0.0078442291223745,0.8156790924621371,0.0077813043848646,matched,True,False,0.7802051901817322,0.8163362741470337
AOI-0076,2019-06-20,0.4455179810424698,s2,озимая пшеница,2019,6,False,2.0,6.0,3,0,0-7,0-7,0.7929657539607116,0.1581919924866672,0.0442967990071667,0.0045454545454545,0.8823529411764706,2.0,6.0,A,0,r0_f0,17,0.5211946434273278,0.0756766623848579,0.4230829765957458,-0.022435004446724,0.4721388100115368,0.0266208289690669,0.4966667267194323,0.0511487456769624,0.5174310253937682,0.0719130443512983,0.4872131463283978,0.041695165285928,0.4837847508742007,0.0382667698317308,matched,True,False,0.5102095603942871,0.5006346106529236
AOI-0076,2019-06-23,0.4063963796309596,s2,озимая пшеница,2019,6,False,5.0,3.0,3,1,0-7,0-7,0.7543506333784282,0.1423292148756421,0.093704767130545,0.0096153846153846,0.8333333333333334,5.0,3.0,A,0,r0_f0,17,0.5211946434273278,0.1147982637963682,0.4230829765957458,0.0166865969647861,0.4721388100115368,0.0657424303805772,0.459874851657589,0.0534784720266294,0.5174310253937682,0.1110346457628085,0.4578712194059551,0.0514748397749955,0.4558522191515601,0.0494558395206005,matched,True,False,0.4083414673805237,0.44613489508628845
AOI-0076,2019-06-25,0.3469483800024397,s2,озимая пшеница,2019,6,False,7.0,1.0,3,2,0-7,0-7,0.8900636013844722,0.0755216242197284,0.0293127335794728,0.0051020408163265,0.9375,7.0,1.0,A,0,r0_f0,17,0.5211946434273278,0.174246263424888,0.4230829765957458,0.076134596593306,0.4721388100115368,0.125190430009097,0.4353469349496935,0.0883985549472538,0.5174310253937682,0.1704826453913284,0.4374649466838251,0.0905165666813853,0.4372278780514833,0.0902794980490436,matched,True,False,0.3644310534000397,0.4281536042690277
AOI-0076,2020-04-22,0.706211674208145,modis,озимая пшеница,2020,4,False,4.0,1.0,1,0,0-7,0-7,0.5964738956196063,0.0886898035238999,0.3101193197244183,0.0047169811320754,0.9375,4.0,1.0,A,0,r0_f0,17,0.1479416884168971,-0.5582699857912479,0.5956248265956402,-0.1105868476125048,0.3717832575062686,-0.3344284167018764,0.5060881989598915,-0.2001234752482534,0.5416330578512396,-0.1645786163569054,0.5415951904714049,-0.1646164837367401,0.5496096523462403,-0.1566020218619047,matched,True,False,0.4738689064979553,0.5077906250953674
AOI-0076,2020-07-12,0.2182535551099867,s2,озимая пшеница,2020,7,False,1.0,7.0,1,0,0-7,0-7,0.8245246587135654,0.0680223834706678,0.0974529578157668,0.01,0.9375,1.0,7.0,A,0,r0_f0,17,0.414754298642534,0.1965007435325473,0.2136698973254124,-0.0045836577845743,0.3142120979839732,0.0959585428739865,0.3896187484778938,0.1713651933679071,0.3922055829921826,0.1739520278821959,0.4061139532734389,0.1878603981634522,0.4112168052990093,0.1929632501890226,matched,True,False,0.20621153712272644,0.3904390335083008
AOI-0076,2020-09-08,0.2643263258281444,landsat,озимая пшеница,2020,9,False,1.0,2.0,1,0,0-7,0-7,0.7361827309942548,0.1321628423845248,0.1227258551926489,0.0089285714285714,0.9375,1.0,2.0,A,0,r0_f0,17,0.2087943976514889,-0.0555319281766555,0.195259490066247,-0.0690668357618974,0.2020269438588679,-0.0622993819692764,0.2042827617897415,-0.0600435640384028,0.2613607703614092,-0.0029655554667352,0.2025797301594773,-0.061746595668667,0.2032534880746103,-0.061072837753534,matched,True,False,0.2632482647895813,0.20820549130439758
AOI-0076,2020-09-17,0.2146943060845464,s2,озимая пшеница,2020,9,False,2.0,3.0,1,0,0-7,0-7,0.8983606880724365,0.0509539544672961,0.0459683763281918,0.0047169811320754,0.8823529411764706,2.0,3.0,A,0,r0_f0,17,0.1917896073161569,-0.0229046987683894,0.179231595964231,-0.0354627101203154,0.1855106016401939,-0.0291837044443524,0.1867664027753865,-0.0279279033091598,0.2323186698409349,0.0176243637563885,0.185224276962126,-0.0294700291224203,0.1873699034419552,-0.0273244026425911,matched,True,False,0.15888848900794983,0.19141004979610443
AOI-0076,2020-09-30,0.2105515174925497,s2,озимая пшеница,2020,9,False,1.0,5.0,1,0,0-7,0-7,0.7264117210310791,0.1740947995098776,0.090234220199784,0.0092592592592592,0.9375,1.0,5.0,A,0,r0_f0,17,0.3174649773755656,0.1069134598830159,0.1920690517983108,-0.0184824656942388,0.2547670145869382,0.0442154970943884,0.2965656564460231,0.0860141389534734,0.2300744919123765,0.0195229744198268,0.3081763902957689,0.0976248728032192,0.3133765783476559,0.1028250608551062,matched,True,False,0.1836453676223755,0.2949477732181549
AOI-0076,2021-04-15,0.1989894209196821,s2,озимая пшеница,2021,4,False,3.0,14.0,3,0,0-7,8-15,0.7466613772643691,0.1878185265065047,0.0594225352535163,0.0060975609756097,0.8333333333333334,3.0,14.0,A,0,r0_f0,17,0.1850746060703711,-0.013914814849311,0.2397135897151299,0.0407241687954477,0.2123940978927505,0.0134046769730683,0.1947167796547402,-0.0042726412649418,0.4166117421924103,0.2176223212727282,0.2039625322375799,0.0049731113178978,0.2203939519403787,0.0214045310206966,matched,True,False,0.2590048313140869,0.18662786483764648
AOI-0076,2021-04-23,-0.0202548918060498,s2,озимая пшеница,2021,4,False,11.0,6.0,3,1,8-15,0-7,0.1194280099540241,0.1851182890801424,0.6901345520296632,0.0053191489361702,0.7142857142857143,11.0,6.0,A,0,r0_f0,17,0.1850746060703711,0.2053294978764209,0.2397135897151299,0.2599684815211797,0.2123940978927505,0.2326489896988003,0.2204292425463914,0.2406841343524413,0.5416330578512396,0.5618879496572894,0.2337863207299982,0.254041212536048,0.266975607652719,0.2872304994587688,matched,True,False,0.3491980731487274,0.19332677125930786
AOI-0076,2021-04-28,0.1984119456478993,s2,озимая пшеница,2021,4,False,16.0,1.0,3,2,16-30,0-7,0.543794033417081,0.2643256847690496,0.1740231389567264,0.0178571428571428,0.9375,16.0,1.0,A,0,r0_f0,17,0.1850746060703711,-0.0133373395775281,0.2397135897151299,0.0413016440672306,0.2123940978927505,0.0139821522448511,0.2364995318536735,0.0380875862057742,0.5416330578512396,0.3432211122033403,0.2395600414755438,0.0411480958276445,0.2487223662647803,0.050310420616881,matched,True,False,0.18116194009780884,0.23998500406742096
AOI-0076,2021-05-13,0.2268978177374513,s2,озимая пшеница,2021,5,False,4.0,2.0,1,0,0-7,0-7,0.6633197792399459,0.1687849741729184,0.1522702465871356,0.015625,0.8823529411764706,4.0,2.0,A,0,r0_f0,17,0.4654180090497738,0.2385201913123225,0.2422143766280637,0.0153165588906123,0.3538161928389187,0.1269183751014674,0.3166155874353004,0.0897177696978491,0.6465173937099522,0.4196195759725009,0.3000819850336922,0.0731841672962409,0.3126806808409916,0.0857828631035403,matched,True,False,0.20558640360832214,0.3188759982585907
AOI-0076,2021-06-15,0.7591034279600528,landsat,озимая пшеница,2021,6,False,1.0,1.0,1,0,0-7,0-7,0.6774275564553514,0.219252291798719,0.093704767130545,0.0096153846153846,0.9375,1.0,1.0,A,0,r0_f0,17,0.6597455705019809,-0.0993578574580719,0.8129966423000231,0.0538932143399703,0.736371106401002,-0.0227323215590508,0.736371106401002,-0.0227323215590508,0.5174310253937682,-0.2416724025662846,0.764203500761752,0.0051000728016992,0.7672967340366611,0.0081933060766082,matched,True,False,0.6715804934501648,0.7307980060577393
AOI-0076,2021-07-02,0.4814547705647402,s2,озимая пшеница,2021,7,False,1.0,5.0,1,0,0-7,0-7,0.4522623293567827,0.4740111917353339,0.0687264789078834,0.005,0.9375,1.0,5.0,A,0,r0_f0,17,0.8468061382436675,0.3653513676789273,0.8476460188624022,0.366191248297662,0.8472260785530348,0.3657713079882946,0.84694611834679,0.3654913477820498,0.3922055829921826,-0.0892491875725575,0.8471009210825408,0.3656461505178006,0.8536513297862625,0.3721965592215223,matched,True,False,0.7657509446144104,0.8377538323402405
AOI-0076,2021-08-01,0.5512591214979295,s2,озимая пшеница,2021,8,False,3.0,1.0,1,0,0-7,0-7,0.7004684452799691,0.2035914138130962,0.0870115694783632,0.0089285714285714,0.9375,3.0,1.0,A,0,r0_f0,17,0.688419123885244,0.1371600023873144,0.6588487972258986,0.107589675727969,0.6736339605555712,0.1223748390576416,0.666241378890735,0.1149822573928054,0.3383295609182435,-0.212929560579686,0.6711526861232793,0.1198935646253497,0.6814625877516148,0.1302034662536852,matched,True,False,0.5800436735153198,0.6661849021911621
AOI-0076,2021-08-13,0.4501361990950226,modis,озимая пшеница,2021,8,False,2.0,5.0,1,0,0-7,0-7,0.3163405881909538,0.1403316062381725,0.5392955475063576,0.0040322580645161,0.8823529411764706,2.0,5.0,A,0,r0_f0,17,0.3617505157493062,-0.0883856833457163,0.3124304930220763,-0.1377057060729463,0.3370905043856912,-0.1130456947093313,0.3476590806843834,-0.1024771184106392,0.3383295609182435,-0.1118066381767791,0.3394419968049368,-0.1106942022900857,0.3174088063512094,-0.1327273927438132,matched,True,False,0.3450669050216675,0.3422352373600006
AOI-0076,2021-09-15,0.2302540648956007,s2,озимая пшеница,2021,9,False,1.0,2.0,1,0,0-7,0-7,0.5445246587135654,0.3480223834706678,0.0974529578157668,0.01,0.9375,1.0,2.0,A,0,r0_f0,17,0.3611076018099548,0.1308535369143541,0.2201341721737168,-0.0101198927218839,0.2906208869918358,0.060366822096235,0.3141164585978754,0.0838623937022747,0.2323186698409349,0.0020646049453341,0.3245589348672265,0.0943048699716257,0.3288342811100795,0.0985802162144788,matched,True,False,0.2243238091468811,0.3153027296066284
AOI-0076,2021-09-30,0.2024687880583832,s2,озимая пшеница,2021,9,False,3.0,6.0,1,0,0-7,0-7,0.2430913654971274,0.2625099926208338,0.489934356167753,0.0044642857142857,0.8333333333333334,3.0,6.0,A,0,r0_f0,17,0.5047125029008118,0.3022437148424286,0.2500611025731365,0.0475923145147533,0.3773868027369741,0.1749180146785909,0.4198287027915868,0.2173599147332036,0.2300744919123765,0.0276057038539933,0.4519924618438941,0.2495236737855108,0.4292050173130468,0.2267362292546636,matched,True,False,0.36498308181762695,0.4150983989238739
AOI-0076,2021-10-30,0.2157289498755768,s2,озимая пшеница,2021,10,False,3.0,159.0,1,0,0-7,31+,0.2625212575116943,0.6793296409229894,0.0495284119101438,0.0086206896551724,0.8333333333333334,3.0,159.0,A,0,r0_f0,17,0.2072975896620824,-0.0084313602134944,0.2057749225123276,-0.0099540273632492,0.206536256087205,-0.0091926937883718,0.2072693921222721,-0.0084595577533047,0.2113966033240795,-0.0043323465514973,0.2072171035865559,-0.0085118462890208,0.181623509239335,-0.0341054406362417,matched,True,False,0.17995880544185638,0.18641546368598938
AOI-0076,2022-05-13,0.2457399600134933,s2,озимая пшеница,2022,5,False,3.0,7.0,1,0,0-7,0-7,0.6005044795322744,0.296175368721796,0.093704767130545,0.0096153846153846,0.8333333333333334,3.0,7.0,A,0,r0_f0,17,0.2086451040942269,-0.0370948559192663,0.3249321829141965,0.0791922229007032,0.2667886435042117,0.0210486834907184,0.2435312277402178,-0.0022087322732755,0.6465173937099522,0.4007774336964589,0.2337631131193403,-0.0119768468941529,0.227024418311996,-0.0187155417014973,matched,True,False,0.2334149330854416,0.2607097029685974
AOI-0076,2022-07-02,0.7818699828627113,s2,озимая пшеница,2022,7,False,3.0,2.0,1,0,0-7,0-7,0.675409889619973,0.3031424870864592,0.0136351232935678,0.0078125,0.8823529411764706,3.0,2.0,A,0,r0_f0,17,0.7718068029728217,-0.0100631798898895,0.8063905480962351,0.0245205652335238,0.7890986755345284,0.0072286926718171,0.7925570500468698,0.0106870671841585,0.3922055829921826,-0.3896643998705286,0.7904647633431966,0.0085947804804853,0.7955486696488816,0.0136786867861703,matched,True,False,0.7188289165496826,0.7862089276313782
AOI-0076,2022-07-07,0.8090639284735173,s2,озимая пшеница,2022,7,False,2.0,2.0,1,0,0-7,0-7,0.5285414478933111,0.453860502224787,0.0111877934716453,0.0064102564102564,0.8823529411764706,2.0,2.0,A,0,r0_f0,17,0.840064754369339,0.0310008258958217,0.6805612598018187,-0.1285026686716985,0.7603130070855788,-0.0487509213879384,0.7603130070855788,-0.0487509213879384,0.3922055829921826,-0.4168583454813346,0.7603130070855788,-0.0487509213879384,0.7615974277556117,-0.0474665007179055,matched,True,False,0.7317243814468384,0.7737782597541809
AOI-0076,2022-09-02,0.6737730790747228,s2,озимая пшеница,2022,9,False,2.0,3.0,1,0,0-7,0-7,0.7364492865497688,0.1638416933354616,0.0943898711785993,0.0053191489361702,0.8823529411764706,2.0,3.0,A,0,r0_f0,17,0.6606727584088448,-0.013100320665878,0.6358250017765766,-0.0379480772981462,0.6482488800927106,-0.0255241989820121,0.6507336557559376,-0.0230394233187852,0.2613607703614092,-0.4124123087133136,0.6437284359392822,-0.0300446431354406,0.6413325997723698,-0.032440479302353,matched,True,False,0.6492226719856262,0.6549659967422485
AOI-0076,2023-10-04,0.1407271366712118,landsat,озимая пшеница,2023,10,False,4.0,7.0,1,0,0-7,0-7,0.6655738054661048,0.2796032568727897,0.0497208968447789,0.0051020408163265,0.7894736842105263,4.0,7.0,A,0,r0_f0,17,0.1818527194288614,0.0411255827576495,0.250876533219054,0.1101493965478422,0.2163646263239577,0.0756374896527458,0.2069522880798405,0.0662251514086287,0.2300744919123765,0.0893473552411646,0.2025961645949598,0.061869027923748,0.1961744328318197,0.0554472961606078,matched,True,False,0.23437350988388062,0.2111952155828476
AOI-0076,2024-05-14,0.5509334816989471,s2,озимая пшеница,2024,5,False,2.0,3.0,1,0,0-7,0-7,0.689374683994042,0.2111318365469146,0.090234220199784,0.0092592592592592,0.8823529411764706,2.0,3.0,A,0,r0_f0,17,0.6353843356476635,0.0844508539487164,0.6122708726116716,0.0613373909127245,0.6238276041296675,0.0728941224307204,0.6261389504332667,0.0752054687343196,0.6465173937099522,0.0955839120110051,0.6292411185055921,0.0783076368066449,0.6260166825568237,0.0750832008578766,matched,True,False,0.5526152849197388,0.6342850923538208
AOI-0076,2024-05-22,0.5544973975614033,landsat,озимая пшеница,2024,5,False,5.0,5.0,2,0,0-7,0-7,0.5728660850979012,0.3345020547160929,0.0840111705308334,0.0086206896551724,0.75,5.0,5.0,A,0,r0_f0,17,0.6122708726116716,0.0577734750502683,0.5754475614049848,0.0209501638435815,0.5938592170083281,0.0393618194469248,0.5938592170083281,0.0393618194469248,0.7246056996320704,0.1701083020706671,0.5972375258620006,0.0427401283005973,0.5934499701033091,0.0389525725419058,matched,True,False,0.6244946122169495,0.5875117778778076
AOI-0076,2024-05-24,0.6077122958285914,s2,озимая пшеница,2024,5,False,7.0,3.0,2,1,0-7,0-7,0.7102186077973189,0.1616759931127782,0.1239387324232361,0.0041666666666666,0.8333333333333334,7.0,3.0,A,0,r0_f0,17,0.6122708726116716,0.0045585767830801,0.5754475614049848,-0.0322647344236066,0.5938592170083281,-0.0138530788202633,0.5864945547669909,-0.0212177410616005,0.7246056996320704,0.116893403803479,0.5908615510690939,-0.0168507447594975,0.5864988207001772,-0.0212134751284142,matched,True,False,0.5114208459854126,0.5822110176086426
AOI-0076,2024-07-17,0.3098295976053175,landsat,озимая пшеница,2024,7,False,1.0,1.0,1,0,0-7,0-7,0.6652193639956523,0.2621772861288296,0.0658465931187613,0.0067567567567567,0.9375,1.0,1.0,A,0,r0_f0,17,0.1836609213237663,-0.1261686762815511,0.1958743066018297,-0.1139552910034877,0.189767613962798,-0.1200619836425194,0.189767613962798,-0.1200619836425194,0.3666954580152672,0.0568658604099497,0.1896086418244888,-0.1202209557808286,0.1889066869202671,-0.1209229106850503,matched,True,False,0.30376723408699036,0.18971043825149536
AOI-0076,2024-08-18,0.301370191946642,landsat,озимая пшеница,2024,8,False,1.0,2.0,1,0,0-7,0-7,0.5474446019952687,0.3441341054931381,0.1010683513351226,0.0073529411764705,0.9375,1.0,2.0,A,0,r0_f0,17,0.235744108425208,-0.065626083521434,0.2243303812884994,-0.0770398106581426,0.2300372448568536,-0.0713329470897883,0.2319395327129717,-0.0694306592336702,0.2647903045120205,-0.0365798874346214,0.2312088422646138,-0.0701613496820281,0.2316447603127274,-0.0697254316339145,matched,True,False,0.28587818145751953,0.2311541885137558
AOI-0076,2024-08-30,0.1976171813596533,s2,озимая пшеница,2024,8,False,2.0,5.0,2,0,0-7,0-7,0.6246398929648223,0.2939563511141423,0.0738279983452778,0.0075757575757575,0.8823529411764706,2.0,5.0,A,0,r0_f0,17,0.4180289592760181,0.2204117779163647,0.2682233165606059,0.0706061352009525,0.343126137918312,0.1455089565586586,0.3752273470716146,0.1776101657119612,0.2613607703614092,0.0637435890017558,0.3983421790329673,0.200724997673314,0.3818351704101635,0.1842179890505102,matched,True,False,0.2714012861251831,0.37361741065979004
AOI-0076,2024-09-01,0.2074848641095242,s2,озимая пшеница,2024,9,False,4.0,3.0,2,1,0-7,0-7,0.8580692548408696,0.0822346574837043,0.0541405321198704,0.0055555555555555,0.8333333333333334,4.0,3.0,A,0,r0_f0,17,0.4180289592760181,0.2105440951664939,0.2682233165606059,0.0607384524510817,0.343126137918312,0.1356412738087878,0.3324257348672111,0.1249408707576869,0.2613607703614092,0.053875906251885,0.3512142353992548,0.1437293712897306,0.3407965568715894,0.1333116927620652,matched,True,False,0.22350618243217468,0.3356921076774597
AOI-0076,2024-09-29,0.2260639462059682,s2,озимая пшеница,2024,9,False,2.0,2.0,1,0,0-7,0-7,0.2966627940685559,0.3517957069065481,0.3470772133106102,0.0044642857142857,0.8823529411764706,2.0,2.0,A,0,r0_f0,17,0.2596908709373838,0.0336269247314156,0.2068654614232661,-0.0191984847827021,0.2332781661803249,0.0072142199743567,0.2332781661803249,0.0072142199743567,0.2300744919123765,0.0040105457064082,0.2390504607347382,0.01298651452877,0.2337722690442019,0.0077083228382337,matched,True,False,0.25447654724121094,0.23261255025863647
AOI-0077,2011-06-26,0.5753738219895287,modis,озимая пшеница,2011,6,False,16.0,10.0,1,0,16-30,8-15,0.0139344651781621,0.0841036269719703,0.8962800896680494,0.0056818181818181,0.6000000000000001,16.0,10.0,A,0,r0_f0,17,0.6268041884816754,0.0514303664921467,0.3085324630293177,-0.266841358960211,0.4676683257554965,-0.1077054962340321,0.4309446651263784,-0.1444291568631502,0.5174310253937682,-0.0579427965957605,0.3832579720977818,-0.1921158498917469,0.428146538727773,-0.1472272832617557,matched,True,False,0.532706081867218,0.39192843437194824
AOI-0077,2011-10-16,0.4061496932515338,modis,озимая пшеница,2011,10,False,16.0,173.0,1,0,16-30,31+,0.0149540601911983,0.0414770630918706,0.9374713157413213,0.0060975609756097,0.4838709677419355,16.0,173.0,A,0,r0_f0,17,0.4276549738219895,0.0215052805704556,0.3524442408376962,-0.0537054524138376,0.3900496073298428,-0.0161000859216909,0.4212879276434249,0.0151382343918911,0.2406710940977025,-0.1654785991538313,0.4275389129252596,0.0213892196737258,0.598320036004735,0.1921703427532012,matched,True,False,0.36802199482917786,0.43291768431663513
AOI-0077,2012-10-04,0.1945853445677753,landsat,озимая пшеница,2012,10,False,5.0,11.0,1,0,0-7,8-15,0.0613116467839134,0.5700559586766696,0.343632394539417,0.025,0.75,5.0,11.0,A,0,r0_f0,17,0.3175769633507853,0.1229916187830099,0.394219109947644,0.1996337653798686,0.3558980366492146,0.1613126920814393,0.3415276341623036,0.1469422895945283,0.2300744919123765,0.0354891473446012,0.3428879134169921,0.1483025688492168,0.3409718528782215,0.1463865083104462,matched,True,False,0.23318850994110107,0.35013309121131897
AOI-0077,2013-07-27,0.3030201339204821,landsat,озимая пшеница,2013,7,False,8.0,1.0,1,0,8-15,0-7,0.0613116467839134,0.5700559586766696,0.343632394539417,0.025,0.9375,8.0,1.0,A,0,r0_f0,17,0.2708074596482586,-0.0322126742722235,0.4304594240837696,0.1274392901632874,0.3506334418660141,0.0476133079455319,0.4127203169242683,0.1097001830037862,0.3666954580152672,0.0636753240947851,0.4249843910098495,0.1219642570893674,0.4164201763293023,0.1134000424088201,matched,True,False,0.24711517989635468,0.4121883809566498
AOI-0077,2014-05-25,0.7008505235602095,modis,озимая пшеница,2014,5,False,6.0,10.0,1,0,0-7,8-15,0.0139344651781621,0.1295581724265158,0.8508255442135039,0.0056818181818181,0.7142857142857143,6.0,10.0,A,0,r0_f0,17,0.4182861023032239,-0.2825644212569856,0.5487606974993247,-0.1520898260608848,0.4835233999012742,-0.2173271236589352,0.4672140755017617,-0.2336364480584478,0.7246056996320704,0.0237551760718609,0.4602668581043945,-0.2405836654558149,0.4668705294665227,-0.2339799940936867,matched,True,False,0.6782759428024292,0.4778158366680145
AOI-0077,2014-07-12,0.7285395287958115,modis,озимая пшеница,2014,7,False,14.0,2.0,1,0,8-15,0-7,0.0136248103964252,0.1266791019281488,0.8541405321198705,0.0055555555555555,0.8823529411764706,14.0,2.0,A,0,r0_f0,17,0.8658502493770869,0.1373107205812753,0.7869713379174312,0.0584318091216197,0.8264107936472591,0.0978712648514475,0.7968312018498882,0.0682916730540766,0.3922055829921826,-0.3363339458036289,0.7979849869523673,0.0694454581565557,0.7969887029020362,0.0684491741062246,matched,True,False,0.7583276033401489,0.7821626663208008
AOI-0077,2014-07-28,0.6488780104712042,modis,озимая пшеница,2014,7,False,14.0,2.0,1,0,8-15,0-7,0.0133286188660681,0.1456643388427542,0.8355722596824819,0.0054347826086956,0.8823529411764706,14.0,2.0,A,0,r0_f0,17,0.7869713379174312,0.138093327446227,0.7065016230748535,0.0576236126036493,0.7467364804961424,0.0978584700249382,0.7165603374301758,0.0676823269589715,0.3666954580152672,-0.282182552455937,0.7216708358984121,0.0727928254272078,0.7189480585431074,0.0700700480719032,matched,True,False,0.6776160597801208,0.7153471112251282
AOI-0077,2015-07-25,0.3571253801900862,landsat,озимая пшеница,2015,7,False,8.0,3.0,1,0,8-15,0-7,0.034062025991063,0.7055866437092608,0.2464624414107872,0.0138888888888888,0.8333333333333334,8.0,3.0,A,0,r0_f0,17,0.3737420953203396,0.0166167151302533,0.4610696335078533,0.103944253317767,0.4174058644140964,0.0602804842240102,0.4372530321839859,0.0801276519938997,0.3666954580152672,0.0095700778251809,0.4451262888199751,0.0880009086298889,0.4593399936967112,0.102214613506625,matched,True,False,0.33037111163139343,0.4334332048892975
AOI-0077,2016-08-12,0.5910974144268193,landsat,озимая пшеница,2016,8,False,16.0,8.0,1,0,16-30,8-15,0.014598011139027,0.2547752282563499,0.7246743796522421,0.0059523809523809,0.6521739130434783,16.0,8.0,A,0,r0_f0,17,0.7230903863469066,0.1319929719200873,0.628790070328254,0.0376926559014346,0.6759402283375803,0.0848428139107609,0.6602235090011382,0.0691260945743189,0.3383295609182435,-0.2527678535085758,0.6532383004071639,0.0621408859803446,0.6344630060782812,0.0433655916514619,matched,True,False,0.6576719880104065,0.6579595804214478
AOI-0077,2017-08-13,0.4753280104712042,modis,озимая пшеница,2017,8,False,1.0,1.0,1,0,0-7,0-7,0.2522623293567826,0.0740111917353339,0.6687264789078834,0.005,0.9375,1.0,1.0,A,0,r0_f0,17,0.3654173896557324,-0.1099106208154718,0.3153328637549809,-0.1599951467162233,0.3403751267053566,-0.1349528837658475,0.3403751267053566,-0.1349528837658475,0.3383295609182435,-0.1369984495529607,0.3403751267053566,-0.1349528837658475,0.3402120178739795,-0.1351159925972246,matched,True,False,0.40960362553596497,0.33675262331962585
AOI-0077,2017-08-23,0.4270701590224147,landsat,озимая пшеница,2017,8,False,4.0,6.0,1,0,0-7,0-7,0.5742077645226089,0.1800373057844463,0.229088263026278,0.0166666666666666,0.7894736842105263,4.0,6.0,A,0,r0_f0,17,0.3377549801231176,-0.089315178899297,0.5357026178010471,0.1086324587786324,0.4367287989620824,0.0096586399396677,0.4169340351942894,-0.0101361238281252,0.2647903045120205,-0.1622798545103941,0.4074325485857488,-0.0196376104366658,0.394344570658887,-0.0327255883635276,matched,True,False,0.4163484573364258,0.42068132758140564
AOI-0077,2018-04-11,0.2053554273264714,s2,озимая пшеница,2018,4,False,4.0,1.0,1,0,0-7,0-7,0.7948087907733092,0.1305710996324082,0.067675665149838,0.0069444444444444,0.9375,4.0,1.0,A,0,r0_f0,17,0.2771094240837696,0.0717539967572981,0.2354207068205125,0.030065279494041,0.256265065452141,0.0509096381256696,0.2437584502731639,0.0384030229466925,0.4166117421924103,0.2112563148659389,0.2397563334158912,0.0344009060894198,0.238845920804552,0.0334904934780805,matched,True,False,0.24213409423828125,0.2521246671676636
AOI-0077,2018-04-23,0.6557803664921465,modis,озимая пшеница,2018,4,False,7.0,5.0,1,0,0-7,0-7,0.0904532640752771,0.1313835213091509,0.7732612538312583,0.0049019607843137,0.75,7.0,5.0,A,0,r0_f0,17,0.2477638204699519,-0.4080165460221946,0.5847418135420004,-0.0710385529501461,0.4162528170059761,-0.2395275494861704,0.4443343164286468,-0.2114460500634997,0.5416330578512396,-0.1141473086409069,0.4120491893237021,-0.2437311771684444,0.4309273123001386,-0.2248530541920079,matched,True,False,0.6454823613166809,0.4210675060749054
AOI-0077,2018-07-12,0.6843376963350786,modis,озимая пшеница,2018,7,False,3.0,1.0,1,0,0-7,0-7,0.110061107212532,0.2686384232699352,0.616398508733219,0.0049019607843137,0.9375,3.0,1.0,A,0,r0_f0,17,0.6535651726439475,-0.030772523691131,0.587376405669641,-0.0969612906654375,0.6204707891567942,-0.0638669071782843,0.6039235974132177,-0.0804140989218609,0.3922055829921826,-0.2921321133428959,0.5977184005093764,-0.0866192958257021,0.5931195334352499,-0.0912181628998286,matched,True,False,0.65348881483078,0.5978109240531921
AOI-0077,2018-08-26,0.60536614942311,landsat,озимая пшеница,2018,8,False,8.0,8.0,2,0,8-15,8-15,0.0383197792399458,0.7312849741729185,0.2147702465871356,0.015625,0.6521739130434783,8.0,8.0,A,0,r0_f0,17,0.7063355874344793,0.1009694380113693,0.5036083269392164,-0.1017578224838935,0.6049719571868479,-0.000394192236262,0.6049719571868479,-0.000394192236262,0.2647903045120205,-0.3405758449110894,0.6132138396132404,0.0078476901901304,0.6062498456841008,0.0008836962609908,matched,True,False,0.5765438675880432,0.5922179222106934
AOI-0077,2018-08-29,0.5467903141361257,modis,озимая пшеница,2018,8,False,11.0,5.0,2,1,8-15,0-7,0.0136248103964252,0.3266791019281488,0.6541405321198704,0.0055555555555555,0.75,11.0,5.0,A,0,r0_f0,17,0.7063355874344793,0.1595452732983536,0.5036083269392164,-0.0431819871969092,0.6049719571868479,0.0581816430507222,0.5669605958439861,0.0201702817078603,0.2613607703614092,-0.2854295437747164,0.5603665321184741,0.0135762179823484,0.5635263323065894,0.0167360181704637,matched,True,False,0.5521767735481262,0.5571475625038147
AOI-0077,2018-09-13,0.420143832454506,s2,озимая пшеница,2018,9,False,2.0,1.0,1,0,0-7,0-7,0.7050742016152175,0.2309657044468261,0.0580077129855754,0.0059523809523809,0.9375,2.0,1.0,A,0,r0_f0,17,0.4821981683187272,0.0620543358642212,0.5787643979057593,0.1586205654512533,0.5304812831122432,0.1103374506577372,0.546575654710082,0.1264318222555759,0.2323186698409349,-0.187825162613571,0.5537287087535657,0.1335848762990597,0.5536332968818765,0.1334894644273704,matched,True,False,0.4499281942844391,0.5461159348487854
AOI-0077,2019-05-19,0.8325490645104724,s2,озимая пшеница,2019,5,False,2.0,2.0,1,0,0-7,0-7,0.4328631736706775,0.5046641764364348,0.0566586964045155,0.005813953488372,0.8823529411764706,2.0,2.0,A,0,r0_f0,17,0.7829222549657049,-0.0496268095447675,0.824337642225077,-0.0082114222853953,0.8036299485953909,-0.0289191159150814,0.8036299485953909,-0.0289191159150814,0.7246056996320704,-0.1079433648784019,0.802558460447944,-0.0299906040625284,0.8046124819222039,-0.0279365825882684,matched,True,False,0.7472046613693237,0.8046214580535889
AOI-0077,2019-06-15,0.5355947126495808,s2,озимая пшеница,2019,6,False,2.0,5.0,2,0,0-7,0-7,0.8194830089969064,0.148087684360898,0.0276216143345032,0.0048076923076923,0.8823529411764706,2.0,5.0,A,0,r0_f0,17,0.5258201817459962,-0.0097745309035846,0.5921454428892968,0.056550730239716,0.5589828123176466,0.0233880996680657,0.5447702563583678,0.009175543708787,0.5174310253937682,-0.0181636872558126,0.5389692131096826,0.0033745004601017,0.546686572283313,0.0110918596337321,matched,True,False,0.4781082570552826,0.5294075012207031
AOI-0077,2019-06-18,0.1783730066692545,s2,озимая пшеница,2019,6,False,5.0,2.0,2,1,0-7,0-7,0.581659889619973,0.3656424870864592,0.0448851232935678,0.0078125,0.8823529411764706,5.0,2.0,A,0,r0_f0,17,0.5258201817459962,0.3474471750767417,0.5921454428892968,0.4137724362200423,0.5589828123176466,0.3806098056483921,0.5731953682769253,0.3948223616076708,0.5174310253937682,0.3390580187245137,0.5789964115256104,0.4006234048563559,0.5867775524593594,0.4084045457901049,matched,True,False,0.5539566278457642,0.5721875429153442
AOI-0077,2019-07-03,0.6123822109827974,s2,озимая пшеница,2019,7,False,5.0,1.0,1,0,0-7,0-7,0.7338798528266306,0.237523316115279,0.0181801643914237,0.0104166666666666,0.9375,5.0,1.0,A,0,r0_f0,17,0.6111740236920614,-0.001208187290736,0.6168058401340671,0.0044236291512697,0.6139899319130643,0.0016077209302668,0.6158672040603995,0.003484993077602,0.3922055829921826,-0.2201766279906148,0.6167218241843451,0.0043396132015476,0.6274278264796241,0.0150456154968267,matched,True,False,0.556331217288971,0.6159470677375793
AOI-0077,2019-07-12,0.651437689949562,landsat,озимая пшеница,2019,7,False,4.0,1.0,1,0,0-7,0-7,0.2520947494044284,0.2166770293845684,0.5265985915813736,0.0046296296296296,0.9375,4.0,1.0,A,0,r0_f0,17,0.5433470627716205,-0.1080906271779414,0.5803018631059373,-0.0711358268436246,0.561824462938779,-0.089613227010783,0.572910903039074,-0.0785267869104879,0.3922055829921826,-0.2592321069573793,0.5764585638711683,-0.0749791260783936,0.5774940344744417,-0.0739436554751202,matched,True,False,0.6012172102928162,0.5615392923355103
AOI-0077,2019-10-21,0.2288239662685096,s2,озимая пшеница,2019,10,False,3.0,5.0,1,0,0-7,0-7,0.7177597056532612,0.1417132988972246,0.1196936621161808,0.0208333333333333,0.8333333333333334,3.0,5.0,A,0,r0_f0,17,0.2270473443628944,-0.0017766219056152,0.2474436993782217,0.0186197331097121,0.237245521870558,0.0084215556020484,0.2346959774936421,0.0058720112251325,0.2406710940977025,0.0118471278291928,0.2335008785669627,0.0046769122984531,0.2331026315470179,0.0042786652785083,matched,True,False,0.252422958612442,0.23722411692142487
AOI-0077,2020-04-05,0.1156013682181513,s2,озимая пшеница,2020,4,False,2.0,1.0,1,0,0-7,0-7,0.4478303804611255,0.3941505639274527,0.1433131732584806,0.0147058823529411,0.9375,2.0,1.0,A,0,r0_f0,17,0.2072109460019845,0.0916095777838332,0.2885633507853403,0.1729619825671889,0.2478871483936623,0.132285780175511,0.2614458825242217,0.1458445143060703,0.4166117421924103,0.301010373974259,0.2674719865822481,0.1518706183640967,0.2642556113409862,0.1486542431228349,matched,True,False,0.18280082941055298,0.26253625750541687
AOI-0077,2020-05-12,0.3385883948357794,landsat,озимая пшеница,2020,5,False,4.0,7.0,1,0,0-7,0-7,0.6513429035710454,0.2702246720588658,0.0731132754339185,0.0053191489361702,0.7894736842105263,4.0,7.0,A,0,r0_f0,17,0.5848840314136126,0.2462956365778331,0.3426495704752091,0.0040611756394297,0.4637668009444108,0.1251784061086314,0.4967987728905567,0.1582103780547773,0.6465173937099522,0.3079289988741728,0.5120862970970375,0.173497902261258,0.5596376928744362,0.2210492980386568,matched,True,False,0.34210166335105896,0.5126773715019226
AOI-0077,2020-06-13,0.5562406746866879,landsat,озимая пшеница,2020,6,False,1.0,4.0,2,0,0-7,0-7,0.6306558233919567,0.1850279793383347,0.1718161972697085,0.0125,0.9375,1.0,4.0,A,0,r0_f0,17,0.4618785108238719,-0.094362163862816,0.59293055772816,0.036689883041472,0.5274045342760159,-0.028836140410672,0.4880889202047295,-0.0681517544819584,0.7010719673379057,0.1448312926512177,0.4907411547444193,-0.0654995199422686,0.4896503410712943,-0.0665903336153936,matched,True,False,0.47120437026023865,0.47397321462631226
AOI-0077,2020-06-14,0.3971582023226556,s2,озимая пшеница,2020,6,False,2.0,3.0,2,1,0-7,0-7,0.6311055504574137,0.2743733227376075,0.0881108703947223,0.0064102564102564,0.8823529411764706,2.0,3.0,A,0,r0_f0,17,0.4618785108238719,0.0647203085012163,0.59293055772816,0.1957723554055043,0.5274045342760159,0.1302463319533602,0.5142993295855871,0.1171411272629315,0.5174310253937682,0.1202728230711125,0.5191091296275332,0.1219509273048776,0.5168167275083694,0.1196585251857138,matched,True,False,0.470909059047699,0.4993396997451782
AOI-0077,2020-06-28,0.6532095811995681,landsat,озимая пшеница,2020,6,False,1.0,4.0,1,0,0-7,0-7,0.6073488437185909,0.3000192960954033,0.0840111705308334,0.0086206896551724,0.9375,1.0,4.0,A,0,r0_f0,17,0.7185624561121002,0.0653528749125321,0.7809156512962973,0.1277060700967291,0.7497390537041988,0.0965294725046307,0.7310330951489397,0.0778235139493715,0.5174310253937682,-0.1357785558057999,0.7250471884112567,0.0718376072116886,0.7293359526998838,0.0761263715003157,matched,True,False,0.6464146375656128,0.7325832843780518
AOI-0077,2020-07-06,0.6888463624437463,landsat,озимая пшеница,2020,7,False,2.0,1.0,1,0,0-7,0-7,0.7676146217926354,0.1775624405462591,0.0497208968447789,0.0051020408163265,0.9375,2.0,1.0,A,0,r0_f0,17,0.7452176908173251,0.0563713283735788,0.7037470741673342,0.0149007117235878,0.7244823824923297,0.0356360200485833,0.7175706130506644,0.028724250606918,0.3922055829921826,-0.2966407794515637,0.7144508001778944,0.0256044377341481,0.7163802473444161,0.0275338849006697,matched,True,False,0.7678602337837219,0.7177679538726807
AOI-0077,2020-09-25,0.1699545169390617,s2,озимая пшеница,2020,9,False,1.0,2.0,1,0,0-7,0-7,0.4237865974086104,0.503932540916994,0.0673789008900817,0.0049019607843137,0.9375,1.0,2.0,A,0,r0_f0,17,0.1995823469496321,0.0296278300105704,0.1749227380268569,0.0049682210877952,0.1872525424882445,0.0172980255491828,0.191362477308707,0.0214079603696453,0.2323186698409349,0.0623641529018732,0.1931891150066904,0.0232345980676287,0.1992794487950535,0.0293249318559918,matched,True,False,0.21625521779060364,0.19259290397167206
AOI-0077,2021-04-12,0.1780945103837225,landsat,озимая пшеница,2021,4,False,2.0,1.0,1,0,0-7,0-7,0.5806558233919568,0.2350279793383348,0.1718161972697085,0.0125,0.9375,2.0,1.0,A,0,r0_f0,17,0.1220036880764408,-0.0560908223072817,0.0265245428901161,-0.1515699674936064,0.0742641154832784,-0.103830394900444,0.058350924618891,-0.1197435857648315,0.4166117421924103,0.2385172318086878,0.0442990342295161,-0.1337954761542063,0.0580852203324556,-0.1200092900512668,matched,True,False,0.21104435622692108,0.07033737003803253
AOI-0077,2021-04-28,0.192350959942959,s2,озимая пшеница,2021,4,False,3.0,1.0,1,0,0-7,0-7,0.6638482351494281,0.1421347150929839,0.1808591550207458,0.0131578947368421,0.9375,3.0,1.0,A,0,r0_f0,17,0.2160471670495867,0.0236962071066277,0.2432610749402232,0.0509101149972641,0.2296541209949049,0.0373031610519459,0.236457597967564,0.044106638024605,0.5416330578512396,0.3492820979082806,0.2390089018323112,0.0466579418893522,0.2470797797322088,0.0547288197892498,matched,True,False,0.1945556253194809,0.24786290526390076
AOI-0077,2021-07-29,0.1782563507235802,s2,озимая пшеница,2021,7,False,1.0,3.0,1,0,0-7,0-7,0.7768852744639856,0.1950093264461116,0.0239387324232361,0.0041666666666666,0.9375,1.0,3.0,A,0,r0_f0,17,0.4194413612565446,0.2411850105329643,0.1953180979975785,0.0170617472739982,0.3073797296270615,0.1291233789034813,0.363410545441803,0.1851541947182228,0.3666954580152672,0.188439107291687,0.384422101372331,0.2061657506487508,0.401539607277645,0.2232832565540648,matched,True,False,0.22248561680316925,0.3634106516838074
AOI-0077,2021-08-13,0.4206120418848167,modis,озимая пшеница,2021,8,False,2.0,5.0,1,0,0-7,0-7,0.3379199420957235,0.1098452391273228,0.5481364581212159,0.0040983606557377,0.8823529411764706,2.0,5.0,A,0,r0_f0,17,0.1862190209003518,-0.2343930209844649,0.2110742755071199,-0.2095377663776968,0.1986466482037358,-0.2219653936810808,0.1933205222165712,-0.2272915196682454,0.3383295609182435,-0.0822824809665732,0.1881409485994256,-0.232471093285391,0.1892967844355214,-0.2313152574492952,matched,True,False,0.24094879627227783,0.18789666891098022
AOI-0077,2021-10-06,0.2677546564865171,landsat,озимая пшеница,2021,10,False,6.0,9.0,1,0,0-7,8-15,0.4193599159009317,0.5166799901611118,0.0580077129855754,0.0059523809523809,0.7142857142857143,6.0,9.0,A,0,r0_f0,17,0.210706058814437,-0.05704859767208,0.1035661127921122,-0.1641885436944049,0.1571360858032746,-0.1106185706832424,0.167850080405507,-0.09990457608101,0.2300744919123765,-0.0376801645741405,0.1729927978145786,-0.0947618586719384,0.1770599088279331,-0.0906947476585839,matched,True,False,0.15046873688697815,0.1768018752336502
AOI-0077,2022-04-08,0.2067631300760548,s2,озимая пшеница,2022,4,False,1.0,7.0,1,0,0-7,0-7,0.5585850772546913,0.4052926098298261,0.0229644181786405,0.0131578947368421,0.9375,1.0,7.0,A,0,r0_f0,17,0.2264906229637929,0.0197274928877381,0.2237103186483422,0.0169471885722874,0.2251004708060675,0.0183373407300127,0.2261430849243615,0.0193799548483067,0.4166117421924103,0.2098486121163555,0.2264080622651758,0.019644932189121,0.2261559004738631,0.0193927703978083,matched,True,False,0.24723562598228455,0.2166784405708313
AOI-0077,2022-05-10,0.1812044574730846,s2,озимая пшеница,2022,5,False,1.0,10.0,2,0,0-7,8-15,0.791402588174203,0.1711235463725932,0.0319183098976482,0.0055555555555555,0.9375,1.0,10.0,A,0,r0_f0,17,0.3538798732566557,0.1726754157835711,0.2923598969868095,0.1111554395137248,0.3231198851217326,0.141915427648648,0.3482871481412151,0.1670826906681305,0.6465173937099522,0.4653129362368676,0.3530063620060629,0.1718019045329783,0.3502578886255451,0.1690534311524605,matched,True,False,0.1955936700105667,0.3464301824569702
AOI-0077,2022-05-13,0.2112947776766498,s2,озимая пшеница,2022,5,False,4.0,7.0,2,1,0-7,0-7,0.6353528899060493,0.2913286776855085,0.0624488671910508,0.0108695652173913,0.7894736842105263,4.0,7.0,A,0,r0_f0,17,0.3538798732566557,0.1425850955800059,0.2923598969868095,0.0810651193101596,0.3231198851217326,0.1118251074450828,0.3315089727948935,0.1202141951182436,0.6465173937099522,0.4352226160333023,0.3416560853814607,0.1303613077048108,0.3361570839416539,0.124862306265004,matched,True,False,0.21293914318084717,0.34738755226135254
AOI-0077,2022-06-12,0.3294008469964702,s2,озимая пшеница,2022,6,False,2.0,2.0,1,0,0-7,0-7,0.4002981015417985,0.5613763542446976,0.0326437260316856,0.0056818181818181,0.8823529411764706,2.0,2.0,A,0,r0_f0,17,0.3644106229347904,0.0350097759383201,0.3868009161773861,0.0574000691809158,0.3756057695560882,0.046204922559618,0.3756057695560882,0.046204922559618,0.7010719673379057,0.3716711203414354,0.3774607638215745,0.0480599168251043,0.3764200934581207,0.0470192464616505,matched,True,False,0.37130358815193176,0.38711121678352356
AOI-0077,2022-06-23,0.5982703386210756,landsat,озимая пшеница,2022,6,False,4.0,3.0,1,0,0-7,0-7,0.6971973054141656,0.2484051479602159,0.0463330304965861,0.0080645161290322,0.8333333333333334,4.0,3.0,A,0,r0_f0,17,0.3792589859804007,-0.2190113526406749,0.5795647672897659,-0.0187055713313096,0.4794118766350833,-0.1188584619859922,0.4937194324428951,-0.1045509061781804,0.5174310253937682,-0.0808393132273074,0.5007272148793743,-0.0975431237417012,0.4970366861047253,-0.1012336525163502,matched,True,False,0.4753180146217346,0.47960034012794495
AOI-0077,2023-07-14,0.8171554782998206,s2,озимая пшеница,2023,7,False,2.0,1.0,1,0,0-7,0-7,0.7463004450767333,0.1540691780207215,0.0928736201457883,0.0067567567567567,0.9375,2.0,1.0,A,0,r0_f0,17,0.6742926701570681,-0.1428628081427525,0.8333807192732328,0.0162252409734121,0.7538366947151505,-0.0633187835846701,0.7803513695678445,-0.0368041087319761,0.3922055829921826,-0.424949895307638,0.7921356695023752,-0.0250198087974453,0.7931074254656887,-0.0240480528341319,matched,True,False,0.8017107844352722,0.7851438522338867
AOI-0077,2023-07-27,0.7867398577932108,s2,озимая пшеница,2023,7,False,2.0,1.0,1,0,0-7,0-7,0.3241218206628365,0.611918085399207,0.0580077129855754,0.0059523809523809,0.9375,2.0,1.0,A,0,r0_f0,17,0.8185212239736959,0.0317813661804851,0.6604615183246073,-0.1262783394686034,0.7394913711491515,-0.0472484866440592,0.7131480868743035,-0.0735917709189072,0.3666954580152672,-0.4200443997779435,0.7010581537352198,-0.0856817040579909,0.7041815204091214,-0.0825583373840893,matched,True,False,0.6811610460281372,0.7152052521705627
AOI-0077,2023-09-01,0.4918636962521004,landsat,озимая пшеница,2023,9,False,1.0,4.0,1,0,0-7,0-7,0.6650916608187981,0.255898811375491,0.0716565866292403,0.0073529411764705,0.9375,1.0,4.0,A,0,r0_f0,17,0.4850281009356461,-0.0068355953164543,0.4708565901419613,-0.0210071061101391,0.4779423455388036,-0.0139213507132967,0.4821937987769091,-0.0096698974751912,0.2613607703614092,-0.2305029258906912,0.4843407836314741,-0.0075229126206263,0.4881758856840252,-0.0036878105680752,matched,True,False,0.44824346899986267,0.478945791721344
AOI-0077,2023-10-12,0.3775246464906849,s2,озимая пшеница,2023,10,False,1.0,4.0,2,0,0-7,0-7,0.8241218206628366,0.111918085399207,0.0580077129855754,0.0059523809523809,0.9375,1.0,4.0,A,0,r0_f0,17,0.4332806880431716,0.0557560415524867,0.3924382198952879,0.0149135734046029,0.4128594539692297,0.0353348074785448,0.4251121944135948,0.0475875479229099,0.2300744919123765,-0.1474501545783084,0.4293320038747988,0.0518073573841139,0.4258856823276519,0.0483610358369669,matched,True,False,0.37472906708717346,0.4295048117637634
AOI-0077,2023-10-15,0.375431785202536,s2,озимая пшеница,2023,10,False,4.0,1.0,2,1,0-7,0-7,0.4306558233919567,0.4850279793383348,0.0718161972697085,0.0125,0.9375,4.0,1.0,A,0,r0_f0,17,0.4332806880431716,0.0578489028406355,0.3924382198952879,0.0170064346927518,0.4128594539692297,0.0374276687666937,0.4006067135248646,0.0251749283223285,0.2406710940977025,-0.1347606911048335,0.3978815666586964,0.0224497814561604,0.3999501768960448,0.0245183916935087,matched,True,False,0.27430760860443115,0.3994864821434021
AOI-0077,2024-07-11,0.3878208970558272,s2,озимая пшеница,2024,7,False,3.0,2.0,1,0,0-7,0-7,0.3051330568498219,0.1426321243732245,0.5481364581212159,0.0040983606557377,0.8823529411764706,3.0,2.0,A,0,r0_f0,17,0.3342271963331017,-0.0535937007227254,0.4410310396962188,0.0532101426403916,0.3876291180146602,-0.0001917790411669,0.3983095023509719,0.0104886052951447,0.3922055829921826,0.0043846859363554,0.3920901302967456,0.0042692332409184,0.3938336499143,0.0060127528584728,matched,True,False,0.44931116700172424,0.38910964131355286
AOI-0077,2024-08-26,0.4174534329689756,landsat,озимая пшеница,2024,8,False,1.0,1.0,1,0,0-7,0-7,0.6652193639956523,0.2621772861288296,0.0658465931187613,0.0067567567567567,0.9375,1.0,1.0,A,0,r0_f0,17,0.3623725316361562,-0.0550809013328194,0.3617400571649002,-0.0557133758040753,0.3620562944005282,-0.0553971385684473,0.3620562944005282,-0.0553971385684473,0.2647903045120205,-0.152663128456955,0.3621923406268606,-0.0552610923421149,0.3625642228282563,-0.0548892101407192,matched,True,False,0.39690089225769043,0.36119064688682556
AOI-0077,2024-08-28,0.4797806282722513,modis,озимая пшеница,2024,8,False,1.0,2.0,1,0,0-7,0-7,0.3268852744639856,0.3616759931127782,0.3072720657565695,0.0041666666666666,0.9375,1.0,2.0,A,0,r0_f0,17,0.3617400571649002,-0.1180405711073511,0.3524754737612019,-0.1273051545110494,0.357107765463051,-0.1226728628092002,0.3586518626970008,-0.1211287655752505,0.2613607703614092,-0.2184198579108421,0.3590962681763874,-0.1206843600958638,0.3582926510885612,-0.1214879771836901,matched,True,False,0.3767749071121216,0.35933718085289
AOI-0077,2024-10-24,0.3423009890384258,s2,озимая пшеница,2024,10,False,9.0,,1,0,8-15,none,0.565477439284655,0.335327034515688,0.0844896438467159,0.0147058823529411,0.3125,9.0,,A,0,r0_f0,17,0.2993129030697936,-0.0429880859686321,0.2993129030697936,-0.0429880859686321,0.2993129030697936,-0.0429880859686321,0.2993129030697936,-0.0429880859686321,0.2406710940977025,-0.1016298949407233,0.2993129030697936,-0.0429880859686321,0.2993129030697936,-0.0429880859686321,matched,True,False,0.2846921682357788,0.3667035400867462
