experiment_id,timestamp,git_commit,data_fingerprint,fold_version,mask_version,feature_version,feature_set_hash,model,params_json,seed,split,rmse,gap_score,known_rmse,unseen_rmse,hard_rmse,runtime_sec,peak_memory_mb,artifact_uri,conclusion
baseline_v1_nearest_left_A_0_0,2026-09-05T00:06:12.910925+00:00,8c0e8a5546602ad93d35d9fdf941844c41365c5b,a75e530d0fb51581ad6800f84b3875233778801491f02236917862faf9b424ec,folds_v1,real_test_v1,ndvi-context-v1,63e6fc8f9b1cbfd3ceed5a54db64d2924945c2bba22da868160cb6bd332c5707,nearest_left,{},17,CV-A/0/0,0.1085101094638013,0.0,0.1004636181806279,0.1098513029839052,,4.894363667001016,373.9375,artifacts/ml/baseline_v1/oof_predictions.csv.gz,measured; selection uses four-mode composite
baseline_v1_nearest_right_A_0_0,2026-09-05T00:06:12.910925+00:00,8c0e8a5546602ad93d35d9fdf941844c41365c5b,a75e530d0fb51581ad6800f84b3875233778801491f02236917862faf9b424ec,folds_v1,real_test_v1,ndvi-context-v1,63e6fc8f9b1cbfd3ceed5a54db64d2924945c2bba22da868160cb6bd332c5707,nearest_right,{},17,CV-A/0/0,0.1020693651414041,0.0,0.0969900919801009,0.1029283873497444,,4.935400291986298,373.9375,artifacts/ml/baseline_v1/oof_predictions.csv.gz,measured; selection uses four-mode composite
baseline_v1_mean_neighbors_A_0_0,2026-09-05T00:06:12.910925+00:00,8c0e8a5546602ad93d35d9fdf941844c41365c5b,a75e530d0fb51581ad6800f84b3875233778801491f02236917862faf9b424ec,folds_v1,real_test_v1,ndvi-context-v1,63e6fc8f9b1cbfd3ceed5a54db64d2924945c2bba22da868160cb6bd332c5707,mean_neighbors,{},17,CV-A/0/0,0.0867936309039873,3.96,0.0761973039326829,0.0885095551027231,,4.976177499978803,373.9375,artifacts/ml/baseline_v1/oof_predictions.csv.gz,measured; selection uses four-mode composite
baseline_v1_linear_A_0_0,2026-09-05T00:06:12.910925+00:00,8c0e8a5546602ad93d35d9fdf941844c41365c5b,a75e530d0fb51581ad6800f84b3875233778801491f02236917862faf9b424ec,folds_v1,real_test_v1,ndvi-context-v1,63e6fc8f9b1cbfd3ceed5a54db64d2924945c2bba22da868160cb6bd332c5707,linear,{},17,CV-A/0/0,0.0874417372609221,3.77,0.0779930363618306,0.0889848722599421,,5.0175654999911785,373.9375,artifacts/ml/baseline_v1/oof_predictions.csv.gz,measured; selection uses four-mode composite
baseline_v1_seasonal_crop_A_0_0,2026-09-05T00:06:12.910925+00:00,8c0e8a5546602ad93d35d9fdf941844c41365c5b,a75e530d0fb51581ad6800f84b3875233778801491f02236917862faf9b424ec,folds_v1,real_test_v1,ndvi-context-v1,63e6fc8f9b1cbfd3ceed5a54db64d2924945c2bba22da868160cb6bd332c5707,seasonal_crop,{},17,CV-A/0/0,0.1834378462234484,0.0,0.1518266327038014,0.1884019623737079,,5.058254042000044,373.9375,artifacts/ml/baseline_v1/oof_predictions.csv.gz,measured; selection uses four-mode composite
baseline_v1_pchip_A_0_0,2026-09-05T00:06:12.910925+00:00,8c0e8a5546602ad93d35d9fdf941844c41365c5b,a75e530d0fb51581ad6800f84b3875233778801491f02236917862faf9b424ec,folds_v1,real_test_v1,ndvi-context-v1,63e6fc8f9b1cbfd3ceed5a54db64d2924945c2bba22da868160cb6bd332c5707,pchip,{},17,CV-A/0/0,0.0907680446506062,2.77,0.0817162397898546,0.0922538121823987,,5.09904266698868,373.9375,artifacts/ml/baseline_v1/oof_predictions.csv.gz,measured; selection uses four-mode composite
baseline_v1_akima_A_0_0,2026-09-05T00:06:12.910925+00:00,8c0e8a5546602ad93d35d9fdf941844c41365c5b,a75e530d0fb51581ad6800f84b3875233778801491f02236917862faf9b424ec,folds_v1,real_test_v1,ndvi-context-v1,63e6fc8f9b1cbfd3ceed5a54db64d2924945c2bba22da868160cb6bd332c5707,akima,{},17,CV-A/0/0,0.0950268562549545,1.49,0.0826226046339657,0.0970252656276704,,5.140198749984847,373.9375,artifacts/ml/baseline_v1/oof_predictions.csv.gz,measured; selection uses four-mode composite
baseline_v1_nearest_left_A_1_0,2026-09-05T00:06:12.910925+00:00,8c0e8a5546602ad93d35d9fdf941844c41365c5b,a75e530d0fb51581ad6800f84b3875233778801491f02236917862faf9b424ec,folds_v1,real_test_v1,ndvi-context-v1,63e6fc8f9b1cbfd3ceed5a54db64d2924945c2bba22da868160cb6bd332c5707,nearest_left,{},29,CV-A/1/0,0.1117096231110849,0.0,0.0977570926264511,0.1139357721635998,,4.5072674580151215,426.921875,artifacts/ml/baseline_v1/oof_predictions.csv.gz,measured; selection uses four-mode composite
baseline_v1_nearest_right_A_1_0,2026-09-05T00:06:12.910925+00:00,8c0e8a5546602ad93d35d9fdf941844c41365c5b,a75e530d0fb51581ad6800f84b3875233778801491f02236917862faf9b424ec,folds_v1,real_test_v1,ndvi-context-v1,63e6fc8f9b1cbfd3ceed5a54db64d2924945c2bba22da868160cb6bd332c5707,nearest_right,{},29,CV-A/1/0,0.1166499957991966,0.0,0.1058958260606512,0.118400038814968,,4.548532583023189,426.921875,artifacts/ml/baseline_v1/oof_predictions.csv.gz,measured; selection uses four-mode composite
baseline_v1_mean_neighbors_A_1_0,2026-09-05T00:06:12.910925+00:00,8c0e8a5546602ad93d35d9fdf941844c41365c5b,a75e530d0fb51581ad6800f84b3875233778801491f02236917862faf9b424ec,folds_v1,real_test_v1,ndvi-context-v1,63e6fc8f9b1cbfd3ceed5a54db64d2924945c2bba22da868160cb6bd332c5707,mean_neighbors,{},29,CV-A/1/0,0.0944406370995353,1.67,0.0854149541332477,0.0959064230527134,,4.590509041008772,426.921875,artifacts/ml/baseline_v1/oof_predictions.csv.gz,measured; selection uses four-mode composite
baseline_v1_linear_A_1_0,2026-09-05T00:06:12.910925+00:00,8c0e8a5546602ad93d35d9fdf941844c41365c5b,a75e530d0fb51581ad6800f84b3875233778801491f02236917862faf9b424ec,folds_v1,real_test_v1,ndvi-context-v1,63e6fc8f9b1cbfd3ceed5a54db64d2924945c2bba22da868160cb6bd332c5707,linear,{},29,CV-A/1/0,0.0938589759349491,1.84,0.0858336796985287,0.0951701950775487,,4.632149583019782,426.921875,artifacts/ml/baseline_v1/oof_predictions.csv.gz,measured; selection uses four-mode composite
baseline_v1_seasonal_crop_A_1_0,2026-09-05T00:06:12.910925+00:00,8c0e8a5546602ad93d35d9fdf941844c41365c5b,a75e530d0fb51581ad6800f84b3875233778801491f02236917862faf9b424ec,folds_v1,real_test_v1,ndvi-context-v1,63e6fc8f9b1cbfd3ceed5a54db64d2924945c2bba22da868160cb6bd332c5707,seasonal_crop,{},29,CV-A/1/0,0.1816771289546395,0.0,0.1699483180578895,0.1836175840900513,,4.674726750003174,427.046875,artifacts/ml/baseline_v1/oof_predictions.csv.gz,measured; selection uses four-mode composite
baseline_v1_pchip_A_1_0,2026-09-05T00:06:12.910925+00:00,8c0e8a5546602ad93d35d9fdf941844c41365c5b,a75e530d0fb51581ad6800f84b3875233778801491f02236917862faf9b424ec,folds_v1,real_test_v1,ndvi-context-v1,63e6fc8f9b1cbfd3ceed5a54db64d2924945c2bba22da868160cb6bd332c5707,pchip,{},29,CV-A/1/0,0.0982906257520088,0.51,0.0911708706502179,0.0994630214811172,,4.716227500000969,427.046875,artifacts/ml/baseline_v1/oof_predictions.csv.gz,measured; selection uses four-mode composite
baseline_v1_akima_A_1_0,2026-09-05T00:06:12.910925+00:00,8c0e8a5546602ad93d35d9fdf941844c41365c5b,a75e530d0fb51581ad6800f84b3875233778801491f02236917862faf9b424ec,folds_v1,real_test_v1,ndvi-context-v1,63e6fc8f9b1cbfd3ceed5a54db64d2924945c2bba22da868160cb6bd332c5707,akima,{},29,CV-A/1/0,0.1042333095907436,0.0,0.0952348206451634,0.1057028064331123,,4.757670416001929,427.046875,artifacts/ml/baseline_v1/oof_predictions.csv.gz,measured; selection uses four-mode composite
baseline_v1_nearest_left_A_2_0,2026-09-05T00:06:12.910925+00:00,8c0e8a5546602ad93d35d9fdf941844c41365c5b,a75e530d0fb51581ad6800f84b3875233778801491f02236917862faf9b424ec,folds_v1,real_test_v1,ndvi-context-v1,63e6fc8f9b1cbfd3ceed5a54db64d2924945c2bba22da868160cb6bd332c5707,nearest_left,{},43,CV-A/2/0,0.1181519164993071,0.0,0.1005080828596646,0.1210355987181507,,4.482188458001474,450.4375,artifacts/ml/baseline_v1/oof_predictions.csv.gz,measured; selection uses four-mode composite
baseline_v1_nearest_right_A_2_0,2026-09-05T00:06:12.910925+00:00,8c0e8a5546602ad93d35d9fdf941844c41365c5b,a75e530d0fb51581ad6800f84b3875233778801491f02236917862faf9b424ec,folds_v1,real_test_v1,ndvi-context-v1,63e6fc8f9b1cbfd3ceed5a54db64d2924945c2bba22da868160cb6bd332c5707,nearest_right,{},43,CV-A/2/0,0.1114750159733418,0.0,0.105039171709944,0.1125868693271168,,4.523912125005154,450.4375,artifacts/ml/baseline_v1/oof_predictions.csv.gz,measured; selection uses four-mode composite
baseline_v1_mean_neighbors_A_2_0,2026-09-05T00:06:12.910925+00:00,8c0e8a5546602ad93d35d9fdf941844c41365c5b,a75e530d0fb51581ad6800f84b3875233778801491f02236917862faf9b424ec,folds_v1,real_test_v1,ndvi-context-v1,63e6fc8f9b1cbfd3ceed5a54db64d2924945c2bba22da868160cb6bd332c5707,mean_neighbors,{},43,CV-A/2/0,0.0924605379279498,2.26,0.0880055458059093,0.0932345819372633,,4.565416208002716,450.4375,artifacts/ml/baseline_v1/oof_predictions.csv.gz,measured; selection uses four-mode composite
baseline_v1_linear_A_2_0,2026-09-05T00:06:12.910925+00:00,8c0e8a5546602ad93d35d9fdf941844c41365c5b,a75e530d0fb51581ad6800f84b3875233778801491f02236917862faf9b424ec,folds_v1,real_test_v1,ndvi-context-v1,63e6fc8f9b1cbfd3ceed5a54db64d2924945c2bba22da868160cb6bd332c5707,linear,{},43,CV-A/2/0,0.0955193629335698,1.34,0.0933260262202057,0.0959062064800144,,4.606374458002392,450.4375,artifacts/ml/baseline_v1/oof_predictions.csv.gz,measured; selection uses four-mode composite
baseline_v1_seasonal_crop_A_2_0,2026-09-05T00:06:12.910925+00:00,8c0e8a5546602ad93d35d9fdf941844c41365c5b,a75e530d0fb51581ad6800f84b3875233778801491f02236917862faf9b424ec,folds_v1,real_test_v1,ndvi-context-v1,63e6fc8f9b1cbfd3ceed5a54db64d2924945c2bba22da868160cb6bd332c5707,seasonal_crop,{},43,CV-A/2/0,0.1767282951732943,0.0,0.1816951738765878,0.1758255229656165,,4.648275458021089,450.4375,artifacts/ml/baseline_v1/oof_predictions.csv.gz,measured; selection uses four-mode composite
baseline_v1_pchip_A_2_0,2026-09-05T00:06:12.910925+00:00,8c0e8a5546602ad93d35d9fdf941844c41365c5b,a75e530d0fb51581ad6800f84b3875233778801491f02236917862faf9b424ec,folds_v1,real_test_v1,ndvi-context-v1,63e6fc8f9b1cbfd3ceed5a54db64d2924945c2bba22da868160cb6bd332c5707,pchip,{},43,CV-A/2/0,0.100293444400082,0.0,0.0978871095027387,0.1007175957040366,,4.689508833020227,450.4375,artifacts/ml/baseline_v1/oof_predictions.csv.gz,measured; selection uses four-mode composite
baseline_v1_akima_A_2_0,2026-09-05T00:06:12.910925+00:00,8c0e8a5546602ad93d35d9fdf941844c41365c5b,a75e530d0fb51581ad6800f84b3875233778801491f02236917862faf9b424ec,folds_v1,real_test_v1,ndvi-context-v1,63e6fc8f9b1cbfd3ceed5a54db64d2924945c2bba22da868160cb6bd332c5707,akima,{},43,CV-A/2/0,0.1045931425927993,0.0,0.0997144248708498,0.1054415855421502,,4.730295165994903,450.4375,artifacts/ml/baseline_v1/oof_predictions.csv.gz,measured; selection uses four-mode composite
baseline_v1_nearest_left_A_3_0,2026-09-05T00:06:12.910925+00:00,8c0e8a5546602ad93d35d9fdf941844c41365c5b,a75e530d0fb51581ad6800f84b3875233778801491f02236917862faf9b424ec,folds_v1,real_test_v1,ndvi-context-v1,63e6fc8f9b1cbfd3ceed5a54db64d2924945c2bba22da868160cb6bd332c5707,nearest_left,{},71,CV-A/3/0,0.1005636952527929,0.0,0.1003760796475014,0.100593782762088,,4.51515599997947,452.0,artifacts/ml/baseline_v1/oof_predictions.csv.gz,measured; selection uses four-mode composite
baseline_v1_nearest_right_A_3_0,2026-09-05T00:06:12.910925+00:00,8c0e8a5546602ad93d35d9fdf941844c41365c5b,a75e530d0fb51581ad6800f84b3875233778801491f02236917862faf9b424ec,folds_v1,real_test_v1,ndvi-context-v1,63e6fc8f9b1cbfd3ceed5a54db64d2924945c2bba22da868160cb6bd332c5707,nearest_right,{},71,CV-A/3/0,0.1021252994963739,0.0,0.0962747921366322,0.1030336063131563,,4.558032208995428,452.0,artifacts/ml/baseline_v1/oof_predictions.csv.gz,measured; selection uses four-mode composite
baseline_v1_mean_neighbors_A_3_0,2026-09-05T00:06:12.910925+00:00,8c0e8a5546602ad93d35d9fdf941844c41365c5b,a75e530d0fb51581ad6800f84b3875233778801491f02236917862faf9b424ec,folds_v1,real_test_v1,ndvi-context-v1,63e6fc8f9b1cbfd3ceed5a54db64d2924945c2bba22da868160cb6bd332c5707,mean_neighbors,{},71,CV-A/3/0,0.0850451444577483,4.49,0.0822845294587925,0.0854800328815347,,4.6012267919722944,452.0,artifacts/ml/baseline_v1/oof_predictions.csv.gz,measured; selection uses four-mode composite
baseline_v1_linear_A_3_0,2026-09-05T00:06:12.910925+00:00,8c0e8a5546602ad93d35d9fdf941844c41365c5b,a75e530d0fb51581ad6800f84b3875233778801491f02236917862faf9b424ec,folds_v1,real_test_v1,ndvi-context-v1,63e6fc8f9b1cbfd3ceed5a54db64d2924945c2bba22da868160cb6bd332c5707,linear,{},71,CV-A/3/0,0.0854049674733833,4.38,0.0832265284760521,0.0857495421033983,,4.644266499992227,452.0,artifacts/ml/baseline_v1/oof_predictions.csv.gz,measured; selection uses four-mode composite
baseline_v1_seasonal_crop_A_3_0,2026-09-05T00:06:12.910925+00:00,8c0e8a5546602ad93d35d9fdf941844c41365c5b,a75e530d0fb51581ad6800f84b3875233778801491f02236917862faf9b424ec,folds_v1,real_test_v1,ndvi-context-v1,63e6fc8f9b1cbfd3ceed5a54db64d2924945c2bba22da868160cb6bd332c5707,seasonal_crop,{},71,CV-A/3/0,0.1727308467933788,0.0,0.1656757943102787,0.1738368048378162,,4.687093708984321,452.0,artifacts/ml/baseline_v1/oof_predictions.csv.gz,measured; selection uses four-mode composite
baseline_v1_pchip_A_3_0,2026-09-05T00:06:12.910925+00:00,8c0e8a5546602ad93d35d9fdf941844c41365c5b,a75e530d0fb51581ad6800f84b3875233778801491f02236917862faf9b424ec,folds_v1,real_test_v1,ndvi-context-v1,63e6fc8f9b1cbfd3ceed5a54db64d2924945c2bba22da868160cb6bd332c5707,pchip,{},71,CV-A/3/0,0.0887186467779336,3.38,0.0865108535955744,0.0890679913840232,,4.729554333986016,452.0,artifacts/ml/baseline_v1/oof_predictions.csv.gz,measured; selection uses four-mode composite
baseline_v1_akima_A_3_0,2026-09-05T00:06:12.910925+00:00,8c0e8a5546602ad93d35d9fdf941844c41365c5b,a75e530d0fb51581ad6800f84b3875233778801491f02236917862faf9b424ec,folds_v1,real_test_v1,ndvi-context-v1,63e6fc8f9b1cbfd3ceed5a54db64d2924945c2bba22da868160cb6bd332c5707,akima,{},71,CV-A/3/0,0.091041739193082,2.69,0.0881028583721196,0.0915047591743428,,4.771416333998786,452.0,artifacts/ml/baseline_v1/oof_predictions.csv.gz,measured; selection uses four-mode composite
baseline_v1_nearest_left_A_4_0,2026-09-05T00:06:12.910925+00:00,8c0e8a5546602ad93d35d9fdf941844c41365c5b,a75e530d0fb51581ad6800f84b3875233778801491f02236917862faf9b424ec,folds_v1,real_test_v1,ndvi-context-v1,63e6fc8f9b1cbfd3ceed5a54db64d2924945c2bba22da868160cb6bd332c5707,nearest_left,{},101,CV-A/4/0,0.0999009733177858,0.03,0.0997393573847186,0.0999317276706255,,4.517033249983797,457.921875,artifacts/ml/baseline_v1/oof_predictions.csv.gz,measured; selection uses four-mode composite
baseline_v1_nearest_right_A_4_0,2026-09-05T00:06:12.910925+00:00,8c0e8a5546602ad93d35d9fdf941844c41365c5b,a75e530d0fb51581ad6800f84b3875233778801491f02236917862faf9b424ec,folds_v1,real_test_v1,ndvi-context-v1,63e6fc8f9b1cbfd3ceed5a54db64d2924945c2bba22da868160cb6bd332c5707,nearest_right,{},101,CV-A/4/0,0.1046333453900213,0.0,0.0969652385956078,0.1060310812931474,,4.559649625007296,457.921875,artifacts/ml/baseline_v1/oof_predictions.csv.gz,measured; selection uses four-mode composite
baseline_v1_mean_neighbors_A_4_0,2026-09-05T00:06:12.910925+00:00,8c0e8a5546602ad93d35d9fdf941844c41365c5b,a75e530d0fb51581ad6800f84b3875233778801491f02236917862faf9b424ec,folds_v1,real_test_v1,ndvi-context-v1,63e6fc8f9b1cbfd3ceed5a54db64d2924945c2bba22da868160cb6bd332c5707,mean_neighbors,{},101,CV-A/4/0,0.0829898351528303,5.1,0.0847459236593852,0.0826511118698637,,4.601736666983925,457.921875,artifacts/ml/baseline_v1/oof_predictions.csv.gz,measured; selection uses four-mode composite
baseline_v1_linear_A_4_0,2026-09-05T00:06:12.910925+00:00,8c0e8a5546602ad93d35d9fdf941844c41365c5b,a75e530d0fb51581ad6800f84b3875233778801491f02236917862faf9b424ec,folds_v1,real_test_v1,ndvi-context-v1,63e6fc8f9b1cbfd3ceed5a54db64d2924945c2bba22da868160cb6bd332c5707,linear,{},101,CV-A/4/0,0.0850469406404398,4.49,0.0865775358987705,0.0847522647311537,,4.643676624982618,457.921875,artifacts/ml/baseline_v1/oof_predictions.csv.gz,measured; selection uses four-mode composite
baseline_v1_seasonal_crop_A_4_0,2026-09-05T00:06:12.910925+00:00,8c0e8a5546602ad93d35d9fdf941844c41365c5b,a75e530d0fb51581ad6800f84b3875233778801491f02236917862faf9b424ec,folds_v1,real_test_v1,ndvi-context-v1,63e6fc8f9b1cbfd3ceed5a54db64d2924945c2bba22da868160cb6bd332c5707,seasonal_crop,{},101,CV-A/4/0,0.1766307136842281,0.0,0.1856512043077784,0.1748597733111933,,4.6849956669902895,457.921875,artifacts/ml/baseline_v1/oof_predictions.csv.gz,measured; selection uses four-mode composite
baseline_v1_pchip_A_4_0,2026-09-05T00:06:12.910925+00:00,8c0e8a5546602ad93d35d9fdf941844c41365c5b,a75e530d0fb51581ad6800f84b3875233778801491f02236917862faf9b424ec,folds_v1,real_test_v1,ndvi-context-v1,63e6fc8f9b1cbfd3ceed5a54db64d2924945c2bba22da868160cb6bd332c5707,pchip,{},101,CV-A/4/0,0.088980998610114,3.31,0.0893840133192001,0.0889040267696791,,4.72835895899334,459.21875,artifacts/ml/baseline_v1/oof_predictions.csv.gz,measured; selection uses four-mode composite
baseline_v1_akima_A_4_0,2026-09-05T00:06:12.910925+00:00,8c0e8a5546602ad93d35d9fdf941844c41365c5b,a75e530d0fb51581ad6800f84b3875233778801491f02236917862faf9b424ec,folds_v1,real_test_v1,ndvi-context-v1,63e6fc8f9b1cbfd3ceed5a54db64d2924945c2bba22da868160cb6bd332c5707,akima,{},101,CV-A/4/0,0.0934286432892783,1.97,0.0908554241994962,0.0939107865010086,,4.7700947919802275,459.21875,artifacts/ml/baseline_v1/oof_predictions.csv.gz,measured; selection uses four-mode composite
baseline_v1_nearest_left_B_0_0,2026-09-05T00:06:12.910925+00:00,8c0e8a5546602ad93d35d9fdf941844c41365c5b,a75e530d0fb51581ad6800f84b3875233778801491f02236917862faf9b424ec,folds_v1,real_test_v1,ndvi-context-v1,63e6fc8f9b1cbfd3ceed5a54db64d2924945c2bba22da868160cb6bd332c5707,nearest_left,{},1017,CV-B/0/0,0.1085312474242474,0.0,,0.1085312474242474,,4.847347915987484,475.484375,artifacts/ml/baseline_v1/oof_predictions.csv.gz,measured; selection uses four-mode composite
baseline_v1_nearest_right_B_0_0,2026-09-05T00:06:12.910925+00:00,8c0e8a5546602ad93d35d9fdf941844c41365c5b,a75e530d0fb51581ad6800f84b3875233778801491f02236917862faf9b424ec,folds_v1,real_test_v1,ndvi-context-v1,63e6fc8f9b1cbfd3ceed5a54db64d2924945c2bba22da868160cb6bd332c5707,nearest_right,{},1017,CV-B/0/0,0.1126582495935448,0.0,,0.1126582495935448,,4.8887182909820694,475.484375,artifacts/ml/baseline_v1/oof_predictions.csv.gz,measured; selection uses four-mode composite
baseline_v1_mean_neighbors_B_0_0,2026-09-05T00:06:12.910925+00:00,8c0e8a5546602ad93d35d9fdf941844c41365c5b,a75e530d0fb51581ad6800f84b3875233778801491f02236917862faf9b424ec,folds_v1,real_test_v1,ndvi-context-v1,63e6fc8f9b1cbfd3ceed5a54db64d2924945c2bba22da868160cb6bd332c5707,mean_neighbors,{},1017,CV-B/0/0,0.0929475453665389,2.12,,0.0929475453665389,,4.930054333002772,475.484375,artifacts/ml/baseline_v1/oof_predictions.csv.gz,measured; selection uses four-mode composite
baseline_v1_linear_B_0_0,2026-09-05T00:06:12.910925+00:00,8c0e8a5546602ad93d35d9fdf941844c41365c5b,a75e530d0fb51581ad6800f84b3875233778801491f02236917862faf9b424ec,folds_v1,real_test_v1,ndvi-context-v1,63e6fc8f9b1cbfd3ceed5a54db64d2924945c2bba22da868160cb6bd332c5707,linear,{},1017,CV-B/0/0,0.0932077397072075,2.04,,0.0932077397072075,,4.97195212499355,475.484375,artifacts/ml/baseline_v1/oof_predictions.csv.gz,measured; selection uses four-mode composite
baseline_v1_seasonal_crop_B_0_0,2026-09-05T00:06:12.910925+00:00,8c0e8a5546602ad93d35d9fdf941844c41365c5b,a75e530d0fb51581ad6800f84b3875233778801491f02236917862faf9b424ec,folds_v1,real_test_v1,ndvi-context-v1,63e6fc8f9b1cbfd3ceed5a54db64d2924945c2bba22da868160cb6bd332c5707,seasonal_crop,{},1017,CV-B/0/0,0.1617651789161339,0.0,,0.1617651789161339,,5.028485249989899,475.484375,artifacts/ml/baseline_v1/oof_predictions.csv.gz,measured; selection uses four-mode composite
baseline_v1_pchip_B_0_0,2026-09-05T00:06:12.910925+00:00,8c0e8a5546602ad93d35d9fdf941844c41365c5b,a75e530d0fb51581ad6800f84b3875233778801491f02236917862faf9b424ec,folds_v1,real_test_v1,ndvi-context-v1,63e6fc8f9b1cbfd3ceed5a54db64d2924945c2bba22da868160cb6bd332c5707,pchip,{},1017,CV-B/0/0,0.0969315362244299,0.92,,0.0969315362244299,,5.070092582987854,475.484375,artifacts/ml/baseline_v1/oof_predictions.csv.gz,measured; selection uses four-mode composite
baseline_v1_akima_B_0_0,2026-09-05T00:06:12.910925+00:00,8c0e8a5546602ad93d35d9fdf941844c41365c5b,a75e530d0fb51581ad6800f84b3875233778801491f02236917862faf9b424ec,folds_v1,real_test_v1,ndvi-context-v1,63e6fc8f9b1cbfd3ceed5a54db64d2924945c2bba22da868160cb6bd332c5707,akima,{},1017,CV-B/0/0,0.1003470108310892,0.0,,0.1003470108310892,,5.110966582986293,475.484375,artifacts/ml/baseline_v1/oof_predictions.csv.gz,measured; selection uses four-mode composite
baseline_v1_nearest_left_B_0_1,2026-09-05T00:06:12.910925+00:00,8c0e8a5546602ad93d35d9fdf941844c41365c5b,a75e530d0fb51581ad6800f84b3875233778801491f02236917862faf9b424ec,folds_v1,real_test_v1,ndvi-context-v1,63e6fc8f9b1cbfd3ceed5a54db64d2924945c2bba22da868160cb6bd332c5707,nearest_left,{},1018,CV-B/0/1,0.1172540602911565,0.0,,0.1172540602911565,,4.8890583330066875,490.984375,artifacts/ml/baseline_v1/oof_predictions.csv.gz,measured; selection uses four-mode composite
baseline_v1_nearest_right_B_0_1,2026-09-05T00:06:12.910925+00:00,8c0e8a5546602ad93d35d9fdf941844c41365c5b,a75e530d0fb51581ad6800f84b3875233778801491f02236917862faf9b424ec,folds_v1,real_test_v1,ndvi-context-v1,63e6fc8f9b1cbfd3ceed5a54db64d2924945c2bba22da868160cb6bd332c5707,nearest_right,{},1018,CV-B/0/1,0.1137577876168072,0.0,,0.1137577876168072,,4.931129707983928,490.984375,artifacts/ml/baseline_v1/oof_predictions.csv.gz,measured; selection uses four-mode composite
baseline_v1_mean_neighbors_B_0_1,2026-09-05T00:06:12.910925+00:00,8c0e8a5546602ad93d35d9fdf941844c41365c5b,a75e530d0fb51581ad6800f84b3875233778801491f02236917862faf9b424ec,folds_v1,real_test_v1,ndvi-context-v1,63e6fc8f9b1cbfd3ceed5a54db64d2924945c2bba22da868160cb6bd332c5707,mean_neighbors,{},1018,CV-B/0/1,0.0945231370470444,1.64,,0.0945231370470444,,4.972652458003722,491.328125,artifacts/ml/baseline_v1/oof_predictions.csv.gz,measured; selection uses four-mode composite
baseline_v1_linear_B_0_1,2026-09-05T00:06:12.910925+00:00,8c0e8a5546602ad93d35d9fdf941844c41365c5b,a75e530d0fb51581ad6800f84b3875233778801491f02236917862faf9b424ec,folds_v1,real_test_v1,ndvi-context-v1,63e6fc8f9b1cbfd3ceed5a54db64d2924945c2bba22da868160cb6bd332c5707,linear,{},1018,CV-B/0/1,0.096743244473222,0.98,,0.096743244473222,,5.014515791990561,491.328125,artifacts/ml/baseline_v1/oof_predictions.csv.gz,measured; selection uses four-mode composite
baseline_v1_seasonal_crop_B_0_1,2026-09-05T00:06:12.910925+00:00,8c0e8a5546602ad93d35d9fdf941844c41365c5b,a75e530d0fb51581ad6800f84b3875233778801491f02236917862faf9b424ec,folds_v1,real_test_v1,ndvi-context-v1,63e6fc8f9b1cbfd3ceed5a54db64d2924945c2bba22da868160cb6bd332c5707,seasonal_crop,{},1018,CV-B/0/1,0.1735844723660555,0.0,,0.1735844723660555,,5.056414499995299,491.328125,artifacts/ml/baseline_v1/oof_predictions.csv.gz,measured; selection uses four-mode composite
baseline_v1_pchip_B_0_1,2026-09-05T00:06:12.910925+00:00,8c0e8a5546602ad93d35d9fdf941844c41365c5b,a75e530d0fb51581ad6800f84b3875233778801491f02236917862faf9b424ec,folds_v1,real_test_v1,ndvi-context-v1,63e6fc8f9b1cbfd3ceed5a54db64d2924945c2bba22da868160cb6bd332c5707,pchip,{},1018,CV-B/0/1,0.1013863092422151,0.0,,0.1013863092422151,,5.100226541981101,493.59375,artifacts/ml/baseline_v1/oof_predictions.csv.gz,measured; selection uses four-mode composite
baseline_v1_akima_B_0_1,2026-09-05T00:06:12.910925+00:00,8c0e8a5546602ad93d35d9fdf941844c41365c5b,a75e530d0fb51581ad6800f84b3875233778801491f02236917862faf9b424ec,folds_v1,real_test_v1,ndvi-context-v1,63e6fc8f9b1cbfd3ceed5a54db64d2924945c2bba22da868160cb6bd332c5707,akima,{},1018,CV-B/0/1,0.1057802964022948,0.0,,0.1057802964022948,,5.143109917000402,493.59375,artifacts/ml/baseline_v1/oof_predictions.csv.gz,measured; selection uses four-mode composite
baseline_v1_nearest_left_B_0_2,2026-09-05T00:06:12.910925+00:00,8c0e8a5546602ad93d35d9fdf941844c41365c5b,a75e530d0fb51581ad6800f84b3875233778801491f02236917862faf9b424ec,folds_v1,real_test_v1,ndvi-context-v1,63e6fc8f9b1cbfd3ceed5a54db64d2924945c2bba22da868160cb6bd332c5707,nearest_left,{},1019,CV-B/0/2,0.1054072975813472,0.0,,0.1054072975813472,,4.918417291017249,494.296875,artifacts/ml/baseline_v1/oof_predictions.csv.gz,measured; selection uses four-mode composite
baseline_v1_nearest_right_B_0_2,2026-09-05T00:06:12.910925+00:00,8c0e8a5546602ad93d35d9fdf941844c41365c5b,a75e530d0fb51581ad6800f84b3875233778801491f02236917862faf9b424ec,folds_v1,real_test_v1,ndvi-context-v1,63e6fc8f9b1cbfd3ceed5a54db64d2924945c2bba22da868160cb6bd332c5707,nearest_right,{},1019,CV-B/0/2,0.1103498525421184,0.0,,0.1103498525421184,,4.960050666006282,494.296875,artifacts/ml/baseline_v1/oof_predictions.csv.gz,measured; selection uses four-mode composite
baseline_v1_mean_neighbors_B_0_2,2026-09-05T00:06:12.910925+00:00,8c0e8a5546602ad93d35d9fdf941844c41365c5b,a75e530d0fb51581ad6800f84b3875233778801491f02236917862faf9b424ec,folds_v1,real_test_v1,ndvi-context-v1,63e6fc8f9b1cbfd3ceed5a54db64d2924945c2bba22da868160cb6bd332c5707,mean_neighbors,{},1019,CV-B/0/2,0.0886639250936312,3.4,,0.0886639250936312,,5.002061666018562,494.296875,artifacts/ml/baseline_v1/oof_predictions.csv.gz,measured; selection uses four-mode composite
baseline_v1_linear_B_0_2,2026-09-05T00:06:12.910925+00:00,8c0e8a5546602ad93d35d9fdf941844c41365c5b,a75e530d0fb51581ad6800f84b3875233778801491f02236917862faf9b424ec,folds_v1,real_test_v1,ndvi-context-v1,63e6fc8f9b1cbfd3ceed5a54db64d2924945c2bba22da868160cb6bd332c5707,linear,{},1019,CV-B/0/2,0.0917374631256454,2.48,,0.0917374631256454,,5.04477937502088,494.296875,artifacts/ml/baseline_v1/oof_predictions.csv.gz,measured; selection uses four-mode composite
baseline_v1_seasonal_crop_B_0_2,2026-09-05T00:06:12.910925+00:00,8c0e8a5546602ad93d35d9fdf941844c41365c5b,a75e530d0fb51581ad6800f84b3875233778801491f02236917862faf9b424ec,folds_v1,real_test_v1,ndvi-context-v1,63e6fc8f9b1cbfd3ceed5a54db64d2924945c2bba22da868160cb6bd332c5707,seasonal_crop,{},1019,CV-B/0/2,0.1643834731316218,0.0,,0.1643834731316218,,5.08705887501128,494.296875,artifacts/ml/baseline_v1/oof_predictions.csv.gz,measured; selection uses four-mode composite
baseline_v1_pchip_B_0_2,2026-09-05T00:06:12.910925+00:00,8c0e8a5546602ad93d35d9fdf941844c41365c5b,a75e530d0fb51581ad6800f84b3875233778801491f02236917862faf9b424ec,folds_v1,real_test_v1,ndvi-context-v1,63e6fc8f9b1cbfd3ceed5a54db64d2924945c2bba22da868160cb6bd332c5707,pchip,{},1019,CV-B/0/2,0.0955885924715841,1.32,,0.0955885924715841,,5.129361958010122,494.296875,artifacts/ml/baseline_v1/oof_predictions.csv.gz,measured; selection uses four-mode composite
baseline_v1_akima_B_0_2,2026-09-05T00:06:12.910925+00:00,8c0e8a5546602ad93d35d9fdf941844c41365c5b,a75e530d0fb51581ad6800f84b3875233778801491f02236917862faf9b424ec,folds_v1,real_test_v1,ndvi-context-v1,63e6fc8f9b1cbfd3ceed5a54db64d2924945c2bba22da868160cb6bd332c5707,akima,{},1019,CV-B/0/2,0.0990199992332894,0.29,,0.0990199992332894,,5.170935291011119,494.296875,artifacts/ml/baseline_v1/oof_predictions.csv.gz,measured; selection uses four-mode composite
baseline_v1_nearest_left_B_0_3,2026-09-05T00:06:12.910925+00:00,8c0e8a5546602ad93d35d9fdf941844c41365c5b,a75e530d0fb51581ad6800f84b3875233778801491f02236917862faf9b424ec,folds_v1,real_test_v1,ndvi-context-v1,63e6fc8f9b1cbfd3ceed5a54db64d2924945c2bba22da868160cb6bd332c5707,nearest_left,{},1020,CV-B/0/3,0.1066865591738041,0.0,,0.1066865591738041,,4.843723250000039,502.34375,artifacts/ml/baseline_v1/oof_predictions.csv.gz,measured; selection uses four-mode composite
baseline_v1_nearest_right_B_0_3,2026-09-05T00:06:12.910925+00:00,8c0e8a5546602ad93d35d9fdf941844c41365c5b,a75e530d0fb51581ad6800f84b3875233778801491f02236917862faf9b424ec,folds_v1,real_test_v1,ndvi-context-v1,63e6fc8f9b1cbfd3ceed5a54db64d2924945c2bba22da868160cb6bd332c5707,nearest_right,{},1020,CV-B/0/3,0.1027190822044563,0.0,,0.1027190822044563,,4.887024374998873,502.34375,artifacts/ml/baseline_v1/oof_predictions.csv.gz,measured; selection uses four-mode composite
baseline_v1_mean_neighbors_B_0_3,2026-09-05T00:06:12.910925+00:00,8c0e8a5546602ad93d35d9fdf941844c41365c5b,a75e530d0fb51581ad6800f84b3875233778801491f02236917862faf9b424ec,folds_v1,real_test_v1,ndvi-context-v1,63e6fc8f9b1cbfd3ceed5a54db64d2924945c2bba22da868160cb6bd332c5707,mean_neighbors,{},1020,CV-B/0/3,0.0887652779959844,3.37,,0.0887652779959844,,4.9307616670266725,502.34375,artifacts/ml/baseline_v1/oof_predictions.csv.gz,measured; selection uses four-mode composite
baseline_v1_linear_B_0_3,2026-09-05T00:06:12.910925+00:00,8c0e8a5546602ad93d35d9fdf941844c41365c5b,a75e530d0fb51581ad6800f84b3875233778801491f02236917862faf9b424ec,folds_v1,real_test_v1,ndvi-context-v1,63e6fc8f9b1cbfd3ceed5a54db64d2924945c2bba22da868160cb6bd332c5707,linear,{},1020,CV-B/0/3,0.0901348819659812,2.96,,0.0901348819659812,,4.973261292005191,502.34375,artifacts/ml/baseline_v1/oof_predictions.csv.gz,measured; selection uses four-mode composite
baseline_v1_seasonal_crop_B_0_3,2026-09-05T00:06:12.910925+00:00,8c0e8a5546602ad93d35d9fdf941844c41365c5b,a75e530d0fb51581ad6800f84b3875233778801491f02236917862faf9b424ec,folds_v1,real_test_v1,ndvi-context-v1,63e6fc8f9b1cbfd3ceed5a54db64d2924945c2bba22da868160cb6bd332c5707,seasonal_crop,{},1020,CV-B/0/3,0.1789249461400389,0.0,,0.1789249461400389,,5.01570137499948,502.34375,artifacts/ml/baseline_v1/oof_predictions.csv.gz,measured; selection uses four-mode composite
baseline_v1_pchip_B_0_3,2026-09-05T00:06:12.910925+00:00,8c0e8a5546602ad93d35d9fdf941844c41365c5b,a75e530d0fb51581ad6800f84b3875233778801491f02236917862faf9b424ec,folds_v1,real_test_v1,ndvi-context-v1,63e6fc8f9b1cbfd3ceed5a54db64d2924945c2bba22da868160cb6bd332c5707,pchip,{},1020,CV-B/0/3,0.0932233190561963,2.03,,0.0932233190561963,,5.05815533400164,502.34375,artifacts/ml/baseline_v1/oof_predictions.csv.gz,measured; selection uses four-mode composite
baseline_v1_akima_B_0_3,2026-09-05T00:06:12.910925+00:00,8c0e8a5546602ad93d35d9fdf941844c41365c5b,a75e530d0fb51581ad6800f84b3875233778801491f02236917862faf9b424ec,folds_v1,real_test_v1,ndvi-context-v1,63e6fc8f9b1cbfd3ceed5a54db64d2924945c2bba22da868160cb6bd332c5707,akima,{},1020,CV-B/0/3,0.0951614625553705,1.45,,0.0951614625553705,,5.099757459014654,502.34375,artifacts/ml/baseline_v1/oof_predictions.csv.gz,measured; selection uses four-mode composite
baseline_v1_nearest_left_B_0_4,2026-09-05T00:06:12.910925+00:00,8c0e8a5546602ad93d35d9fdf941844c41365c5b,a75e530d0fb51581ad6800f84b3875233778801491f02236917862faf9b424ec,folds_v1,real_test_v1,ndvi-context-v1,63e6fc8f9b1cbfd3ceed5a54db64d2924945c2bba22da868160cb6bd332c5707,nearest_left,{},1021,CV-B/0/4,0.1308961907867581,0.0,,0.1308961907867581,,4.850057750009,503.046875,artifacts/ml/baseline_v1/oof_predictions.csv.gz,measured; selection uses four-mode composite
baseline_v1_nearest_right_B_0_4,2026-09-05T00:06:12.910925+00:00,8c0e8a5546602ad93d35d9fdf941844c41365c5b,a75e530d0fb51581ad6800f84b3875233778801491f02236917862faf9b424ec,folds_v1,real_test_v1,ndvi-context-v1,63e6fc8f9b1cbfd3ceed5a54db64d2924945c2bba22da868160cb6bd332c5707,nearest_right,{},1021,CV-B/0/4,0.127406942786996,0.0,,0.127406942786996,,4.89281508300337,503.046875,artifacts/ml/baseline_v1/oof_predictions.csv.gz,measured; selection uses four-mode composite
baseline_v1_mean_neighbors_B_0_4,2026-09-05T00:06:12.910925+00:00,8c0e8a5546602ad93d35d9fdf941844c41365c5b,a75e530d0fb51581ad6800f84b3875233778801491f02236917862faf9b424ec,folds_v1,real_test_v1,ndvi-context-v1,63e6fc8f9b1cbfd3ceed5a54db64d2924945c2bba22da868160cb6bd332c5707,mean_neighbors,{},1021,CV-B/0/4,0.1112394330540374,0.0,,0.1112394330540374,,4.935020916018402,503.140625,artifacts/ml/baseline_v1/oof_predictions.csv.gz,measured; selection uses four-mode composite
baseline_v1_linear_B_0_4,2026-09-05T00:06:12.910925+00:00,8c0e8a5546602ad93d35d9fdf941844c41365c5b,a75e530d0fb51581ad6800f84b3875233778801491f02236917862faf9b424ec,folds_v1,real_test_v1,ndvi-context-v1,63e6fc8f9b1cbfd3ceed5a54db64d2924945c2bba22da868160cb6bd332c5707,linear,{},1021,CV-B/0/4,0.1127154780489567,0.0,,0.1127154780489567,,4.9777379159932025,503.140625,artifacts/ml/baseline_v1/oof_predictions.csv.gz,measured; selection uses four-mode composite
baseline_v1_seasonal_crop_B_0_4,2026-09-05T00:06:12.910925+00:00,8c0e8a5546602ad93d35d9fdf941844c41365c5b,a75e530d0fb51581ad6800f84b3875233778801491f02236917862faf9b424ec,folds_v1,real_test_v1,ndvi-context-v1,63e6fc8f9b1cbfd3ceed5a54db64d2924945c2bba22da868160cb6bd332c5707,seasonal_crop,{},1021,CV-B/0/4,0.1905481791301674,0.0,,0.1905481791301674,,5.020054082997376,503.140625,artifacts/ml/baseline_v1/oof_predictions.csv.gz,measured; selection uses four-mode composite
baseline_v1_pchip_B_0_4,2026-09-05T00:06:12.910925+00:00,8c0e8a5546602ad93d35d9fdf941844c41365c5b,a75e530d0fb51581ad6800f84b3875233778801491f02236917862faf9b424ec,folds_v1,real_test_v1,ndvi-context-v1,63e6fc8f9b1cbfd3ceed5a54db64d2924945c2bba22da868160cb6bd332c5707,pchip,{},1021,CV-B/0/4,0.116601201276278,0.0,,0.116601201276278,,5.062670625018654,503.140625,artifacts/ml/baseline_v1/oof_predictions.csv.gz,measured; selection uses four-mode composite
baseline_v1_akima_B_0_4,2026-09-05T00:06:12.910925+00:00,8c0e8a5546602ad93d35d9fdf941844c41365c5b,a75e530d0fb51581ad6800f84b3875233778801491f02236917862faf9b424ec,folds_v1,real_test_v1,ndvi-context-v1,63e6fc8f9b1cbfd3ceed5a54db64d2924945c2bba22da868160cb6bd332c5707,akima,{},1021,CV-B/0/4,0.1191549341014424,0.0,,0.1191549341014424,,5.103985374997137,503.34375,artifacts/ml/baseline_v1/oof_predictions.csv.gz,measured; selection uses four-mode composite
baseline_v1_nearest_left_C_0_0,2026-09-05T00:06:12.910925+00:00,8c0e8a5546602ad93d35d9fdf941844c41365c5b,a75e530d0fb51581ad6800f84b3875233778801491f02236917862faf9b424ec,folds_v1,real_test_v1,ndvi-context-v1,63e6fc8f9b1cbfd3ceed5a54db64d2924945c2bba22da868160cb6bd332c5707,nearest_left,{},2017,CV-C/0/0,0.1787723743097982,0.0,0.1787723743097982,,,3.722599000000628,507.5625,artifacts/ml/baseline_v1/oof_predictions.csv.gz,measured; selection uses four-mode composite
baseline_v1_nearest_right_C_0_0,2026-09-05T00:06:12.910925+00:00,8c0e8a5546602ad93d35d9fdf941844c41365c5b,a75e530d0fb51581ad6800f84b3875233778801491f02236917862faf9b424ec,folds_v1,real_test_v1,ndvi-context-v1,63e6fc8f9b1cbfd3ceed5a54db64d2924945c2bba22da868160cb6bd332c5707,nearest_right,{},2017,CV-C/0/0,0.1787723743097982,0.0,0.1787723743097982,,,3.7626963749935385,507.5625,artifacts/ml/baseline_v1/oof_predictions.csv.gz,measured; selection uses four-mode composite
baseline_v1_mean_neighbors_C_0_0,2026-09-05T00:06:12.910925+00:00,8c0e8a5546602ad93d35d9fdf941844c41365c5b,a75e530d0fb51581ad6800f84b3875233778801491f02236917862faf9b424ec,folds_v1,real_test_v1,ndvi-context-v1,63e6fc8f9b1cbfd3ceed5a54db64d2924945c2bba22da868160cb6bd332c5707,mean_neighbors,{},2017,CV-C/0/0,0.1787723743097982,0.0,0.1787723743097982,,,3.8026211249816697,507.5625,artifacts/ml/baseline_v1/oof_predictions.csv.gz,measured; selection uses four-mode composite
baseline_v1_linear_C_0_0,2026-09-05T00:06:12.910925+00:00,8c0e8a5546602ad93d35d9fdf941844c41365c5b,a75e530d0fb51581ad6800f84b3875233778801491f02236917862faf9b424ec,folds_v1,real_test_v1,ndvi-context-v1,63e6fc8f9b1cbfd3ceed5a54db64d2924945c2bba22da868160cb6bd332c5707,linear,{},2017,CV-C/0/0,0.1787723743097982,0.0,0.1787723743097982,,,3.843276208994211,507.5625,artifacts/ml/baseline_v1/oof_predictions.csv.gz,measured; selection uses four-mode composite
baseline_v1_seasonal_crop_C_0_0,2026-09-05T00:06:12.910925+00:00,8c0e8a5546602ad93d35d9fdf941844c41365c5b,a75e530d0fb51581ad6800f84b3875233778801491f02236917862faf9b424ec,folds_v1,real_test_v1,ndvi-context-v1,63e6fc8f9b1cbfd3ceed5a54db64d2924945c2bba22da868160cb6bd332c5707,seasonal_crop,{},2017,CV-C/0/0,0.1789032910819694,0.0,0.1789032910819694,,,3.883545249991585,507.5625,artifacts/ml/baseline_v1/oof_predictions.csv.gz,measured; selection uses four-mode composite
baseline_v1_pchip_C_0_0,2026-09-05T00:06:12.910925+00:00,8c0e8a5546602ad93d35d9fdf941844c41365c5b,a75e530d0fb51581ad6800f84b3875233778801491f02236917862faf9b424ec,folds_v1,real_test_v1,ndvi-context-v1,63e6fc8f9b1cbfd3ceed5a54db64d2924945c2bba22da868160cb6bd332c5707,pchip,{},2017,CV-C/0/0,0.1787723743097982,0.0,0.1787723743097982,,,3.923658083978808,507.5625,artifacts/ml/baseline_v1/oof_predictions.csv.gz,measured; selection uses four-mode composite
baseline_v1_akima_C_0_0,2026-09-05T00:06:12.910925+00:00,8c0e8a5546602ad93d35d9fdf941844c41365c5b,a75e530d0fb51581ad6800f84b3875233778801491f02236917862faf9b424ec,folds_v1,real_test_v1,ndvi-context-v1,63e6fc8f9b1cbfd3ceed5a54db64d2924945c2bba22da868160cb6bd332c5707,akima,{},2017,CV-C/0/0,0.1787723743097982,0.0,0.1787723743097982,,,3.9634964169817977,507.5625,artifacts/ml/baseline_v1/oof_predictions.csv.gz,measured; selection uses four-mode composite
baseline_v1_nearest_left_D_0_0,2026-09-05T00:06:12.910925+00:00,8c0e8a5546602ad93d35d9fdf941844c41365c5b,a75e530d0fb51581ad6800f84b3875233778801491f02236917862faf9b424ec,folds_v1,real_test_v1,ndvi-context-v1,63e6fc8f9b1cbfd3ceed5a54db64d2924945c2bba22da868160cb6bd332c5707,nearest_left,{},3017,CV-D/0/0,0.1844819219573804,0.0,,0.1844819219573804,0.1844819219573804,1.3931159999920055,507.5625,artifacts/ml/baseline_v1/oof_predictions.csv.gz,measured; selection uses four-mode composite
baseline_v1_nearest_right_D_0_0,2026-09-05T00:06:12.910925+00:00,8c0e8a5546602ad93d35d9fdf941844c41365c5b,a75e530d0fb51581ad6800f84b3875233778801491f02236917862faf9b424ec,folds_v1,real_test_v1,ndvi-context-v1,63e6fc8f9b1cbfd3ceed5a54db64d2924945c2bba22da868160cb6bd332c5707,nearest_right,{},3017,CV-D/0/0,0.1844819219573804,0.0,,0.1844819219573804,0.1844819219573804,1.4042807499936316,507.5625,artifacts/ml/baseline_v1/oof_predictions.csv.gz,measured; selection uses four-mode composite
baseline_v1_mean_neighbors_D_0_0,2026-09-05T00:06:12.910925+00:00,8c0e8a5546602ad93d35d9fdf941844c41365c5b,a75e530d0fb51581ad6800f84b3875233778801491f02236917862faf9b424ec,folds_v1,real_test_v1,ndvi-context-v1,63e6fc8f9b1cbfd3ceed5a54db64d2924945c2bba22da868160cb6bd332c5707,mean_neighbors,{},3017,CV-D/0/0,0.1844819219573804,0.0,,0.1844819219573804,0.1844819219573804,1.4157300000078976,507.5625,artifacts/ml/baseline_v1/oof_predictions.csv.gz,measured; selection uses four-mode composite
baseline_v1_linear_D_0_0,2026-09-05T00:06:12.910925+00:00,8c0e8a5546602ad93d35d9fdf941844c41365c5b,a75e530d0fb51581ad6800f84b3875233778801491f02236917862faf9b424ec,folds_v1,real_test_v1,ndvi-context-v1,63e6fc8f9b1cbfd3ceed5a54db64d2924945c2bba22da868160cb6bd332c5707,linear,{},3017,CV-D/0/0,0.1844819219573804,0.0,,0.1844819219573804,0.1844819219573804,1.4268636670021806,507.5625,artifacts/ml/baseline_v1/oof_predictions.csv.gz,measured; selection uses four-mode composite
baseline_v1_seasonal_crop_D_0_0,2026-09-05T00:06:12.910925+00:00,8c0e8a5546602ad93d35d9fdf941844c41365c5b,a75e530d0fb51581ad6800f84b3875233778801491f02236917862faf9b424ec,folds_v1,real_test_v1,ndvi-context-v1,63e6fc8f9b1cbfd3ceed5a54db64d2924945c2bba22da868160cb6bd332c5707,seasonal_crop,{},3017,CV-D/0/0,0.2221315570229697,0.0,,0.2221315570229697,0.2221315570229697,1.4378711250028573,507.5625,artifacts/ml/baseline_v1/oof_predictions.csv.gz,measured; selection uses four-mode composite
baseline_v1_pchip_D_0_0,2026-09-05T00:06:12.910925+00:00,8c0e8a5546602ad93d35d9fdf941844c41365c5b,a75e530d0fb51581ad6800f84b3875233778801491f02236917862faf9b424ec,folds_v1,real_test_v1,ndvi-context-v1,63e6fc8f9b1cbfd3ceed5a54db64d2924945c2bba22da868160cb6bd332c5707,pchip,{},3017,CV-D/0/0,0.1844819219573804,0.0,,0.1844819219573804,0.1844819219573804,1.44921737498953,507.5625,artifacts/ml/baseline_v1/oof_predictions.csv.gz,measured; selection uses four-mode composite
baseline_v1_akima_D_0_0,2026-09-05T00:06:12.910925+00:00,8c0e8a5546602ad93d35d9fdf941844c41365c5b,a75e530d0fb51581ad6800f84b3875233778801491f02236917862faf9b424ec,folds_v1,real_test_v1,ndvi-context-v1,63e6fc8f9b1cbfd3ceed5a54db64d2924945c2bba22da868160cb6bd332c5707,akima,{},3017,CV-D/0/0,0.1844819219573804,0.0,,0.1844819219573804,0.1844819219573804,1.4602382089942694,507.5625,artifacts/ml/baseline_v1/oof_predictions.csv.gz,measured; selection uses four-mode composite
baseline_v1_nearest_left_D_0_1,2026-09-05T00:06:12.910925+00:00,8c0e8a5546602ad93d35d9fdf941844c41365c5b,a75e530d0fb51581ad6800f84b3875233778801491f02236917862faf9b424ec,folds_v1,real_test_v1,ndvi-context-v1,63e6fc8f9b1cbfd3ceed5a54db64d2924945c2bba22da868160cb6bd332c5707,nearest_left,{},3018,CV-D/0/1,0.0608578330556471,11.74,,0.0608578330556471,0.0608578330556471,1.3941045829851646,508.375,artifacts/ml/baseline_v1/oof_predictions.csv.gz,measured; selection uses four-mode composite
baseline_v1_nearest_right_D_0_1,2026-09-05T00:06:12.910925+00:00,8c0e8a5546602ad93d35d9fdf941844c41365c5b,a75e530d0fb51581ad6800f84b3875233778801491f02236917862faf9b424ec,folds_v1,real_test_v1,ndvi-context-v1,63e6fc8f9b1cbfd3ceed5a54db64d2924945c2bba22da868160cb6bd332c5707,nearest_right,{},3018,CV-D/0/1,0.0608578330556471,11.74,,0.0608578330556471,0.0608578330556471,1.4052149579802062,508.375,artifacts/ml/baseline_v1/oof_predictions.csv.gz,measured; selection uses four-mode composite
baseline_v1_mean_neighbors_D_0_1,2026-09-05T00:06:12.910925+00:00,8c0e8a5546602ad93d35d9fdf941844c41365c5b,a75e530d0fb51581ad6800f84b3875233778801491f02236917862faf9b424ec,folds_v1,real_test_v1,ndvi-context-v1,63e6fc8f9b1cbfd3ceed5a54db64d2924945c2bba22da868160cb6bd332c5707,mean_neighbors,{},3018,CV-D/0/1,0.0608578330556471,11.74,,0.0608578330556471,0.0608578330556471,1.4160582500044256,508.375,artifacts/ml/baseline_v1/oof_predictions.csv.gz,measured; selection uses four-mode composite
baseline_v1_linear_D_0_1,2026-09-05T00:06:12.910925+00:00,8c0e8a5546602ad93d35d9fdf941844c41365c5b,a75e530d0fb51581ad6800f84b3875233778801491f02236917862faf9b424ec,folds_v1,real_test_v1,ndvi-context-v1,63e6fc8f9b1cbfd3ceed5a54db64d2924945c2bba22da868160cb6bd332c5707,linear,{},3018,CV-D/0/1,0.0608578330556471,11.74,,0.0608578330556471,0.0608578330556471,1.4268628749996424,508.375,artifacts/ml/baseline_v1/oof_predictions.csv.gz,measured; selection uses four-mode composite
baseline_v1_seasonal_crop_D_0_1,2026-09-05T00:06:12.910925+00:00,8c0e8a5546602ad93d35d9fdf941844c41365c5b,a75e530d0fb51581ad6800f84b3875233778801491f02236917862faf9b424ec,folds_v1,real_test_v1,ndvi-context-v1,63e6fc8f9b1cbfd3ceed5a54db64d2924945c2bba22da868160cb6bd332c5707,seasonal_crop,{},3018,CV-D/0/1,0.0764185509899298,7.07,,0.0764185509899298,0.0764185509899298,1.4380463330016937,508.375,artifacts/ml/baseline_v1/oof_predictions.csv.gz,measured; selection uses four-mode composite
baseline_v1_pchip_D_0_1,2026-09-05T00:06:12.910925+00:00,8c0e8a5546602ad93d35d9fdf941844c41365c5b,a75e530d0fb51581ad6800f84b3875233778801491f02236917862faf9b424ec,folds_v1,real_test_v1,ndvi-context-v1,63e6fc8f9b1cbfd3ceed5a54db64d2924945c2bba22da868160cb6bd332c5707,pchip,{},3018,CV-D/0/1,0.0608578330556471,11.74,,0.0608578330556471,0.0608578330556471,1.4489749579806812,508.375,artifacts/ml/baseline_v1/oof_predictions.csv.gz,measured; selection uses four-mode composite
baseline_v1_akima_D_0_1,2026-09-05T00:06:12.910925+00:00,8c0e8a5546602ad93d35d9fdf941844c41365c5b,a75e530d0fb51581ad6800f84b3875233778801491f02236917862faf9b424ec,folds_v1,real_test_v1,ndvi-context-v1,63e6fc8f9b1cbfd3ceed5a54db64d2924945c2bba22da868160cb6bd332c5707,akima,{},3018,CV-D/0/1,0.0608578330556471,11.74,,0.0608578330556471,0.0608578330556471,1.4597656249825377,508.375,artifacts/ml/baseline_v1/oof_predictions.csv.gz,measured; selection uses four-mode composite
baseline_v1_nearest_left_D_0_2,2026-09-05T00:06:12.910925+00:00,8c0e8a5546602ad93d35d9fdf941844c41365c5b,a75e530d0fb51581ad6800f84b3875233778801491f02236917862faf9b424ec,folds_v1,real_test_v1,ndvi-context-v1,63e6fc8f9b1cbfd3ceed5a54db64d2924945c2bba22da868160cb6bd332c5707,nearest_left,{},3019,CV-D/0/2,0.0828596624478953,5.14,,0.0828596624478953,0.0828596624478953,1.3538402920239605,508.390625,artifacts/ml/baseline_v1/oof_predictions.csv.gz,measured; selection uses four-mode composite
baseline_v1_nearest_right_D_0_2,2026-09-05T00:06:12.910925+00:00,8c0e8a5546602ad93d35d9fdf941844c41365c5b,a75e530d0fb51581ad6800f84b3875233778801491f02236917862faf9b424ec,folds_v1,real_test_v1,ndvi-context-v1,63e6fc8f9b1cbfd3ceed5a54db64d2924945c2bba22da868160cb6bd332c5707,nearest_right,{},3019,CV-D/0/2,0.0828596624478953,5.14,,0.0828596624478953,0.0828596624478953,1.365112166997278,508.390625,artifacts/ml/baseline_v1/oof_predictions.csv.gz,measured; selection uses four-mode composite
baseline_v1_mean_neighbors_D_0_2,2026-09-05T00:06:12.910925+00:00,8c0e8a5546602ad93d35d9fdf941844c41365c5b,a75e530d0fb51581ad6800f84b3875233778801491f02236917862faf9b424ec,folds_v1,real_test_v1,ndvi-context-v1,63e6fc8f9b1cbfd3ceed5a54db64d2924945c2bba22da868160cb6bd332c5707,mean_neighbors,{},3019,CV-D/0/2,0.0828596624478953,5.14,,0.0828596624478953,0.0828596624478953,1.3763523750239983,508.390625,artifacts/ml/baseline_v1/oof_predictions.csv.gz,measured; selection uses four-mode composite
baseline_v1_linear_D_0_2,2026-09-05T00:06:12.910925+00:00,8c0e8a5546602ad93d35d9fdf941844c41365c5b,a75e530d0fb51581ad6800f84b3875233778801491f02236917862faf9b424ec,folds_v1,real_test_v1,ndvi-context-v1,63e6fc8f9b1cbfd3ceed5a54db64d2924945c2bba22da868160cb6bd332c5707,linear,{},3019,CV-D/0/2,0.0828596624478953,5.14,,0.0828596624478953,0.0828596624478953,1.4042360830062537,508.390625,artifacts/ml/baseline_v1/oof_predictions.csv.gz,measured; selection uses four-mode composite
baseline_v1_seasonal_crop_D_0_2,2026-09-05T00:06:12.910925+00:00,8c0e8a5546602ad93d35d9fdf941844c41365c5b,a75e530d0fb51581ad6800f84b3875233778801491f02236917862faf9b424ec,folds_v1,real_test_v1,ndvi-context-v1,63e6fc8f9b1cbfd3ceed5a54db64d2924945c2bba22da868160cb6bd332c5707,seasonal_crop,{},3019,CV-D/0/2,0.0956906128471882,1.29,,0.0956906128471882,0.0956906128471882,1.4153850419970695,508.390625,artifacts/ml/baseline_v1/oof_predictions.csv.gz,measured; selection uses four-mode composite
baseline_v1_pchip_D_0_2,2026-09-05T00:06:12.910925+00:00,8c0e8a5546602ad93d35d9fdf941844c41365c5b,a75e530d0fb51581ad6800f84b3875233778801491f02236917862faf9b424ec,folds_v1,real_test_v1,ndvi-context-v1,63e6fc8f9b1cbfd3ceed5a54db64d2924945c2bba22da868160cb6bd332c5707,pchip,{},3019,CV-D/0/2,0.0828596624478953,5.14,,0.0828596624478953,0.0828596624478953,1.4267222080088686,508.390625,artifacts/ml/baseline_v1/oof_predictions.csv.gz,measured; selection uses four-mode composite
baseline_v1_akima_D_0_2,2026-09-05T00:06:12.910925+00:00,8c0e8a5546602ad93d35d9fdf941844c41365c5b,a75e530d0fb51581ad6800f84b3875233778801491f02236917862faf9b424ec,folds_v1,real_test_v1,ndvi-context-v1,63e6fc8f9b1cbfd3ceed5a54db64d2924945c2bba22da868160cb6bd332c5707,akima,{},3019,CV-D/0/2,0.0828596624478953,5.14,,0.0828596624478953,0.0828596624478953,1.4378948750090783,508.390625,artifacts/ml/baseline_v1/oof_predictions.csv.gz,measured; selection uses four-mode composite
baseline_v1_nearest_left_D_0_3,2026-09-05T00:06:12.910925+00:00,8c0e8a5546602ad93d35d9fdf941844c41365c5b,a75e530d0fb51581ad6800f84b3875233778801491f02236917862faf9b424ec,folds_v1,real_test_v1,ndvi-context-v1,63e6fc8f9b1cbfd3ceed5a54db64d2924945c2bba22da868160cb6bd332c5707,nearest_left,{},3020,CV-D/0/3,0.1108505626904598,0.0,,0.1108505626904598,0.1108505626904598,1.3506063329987228,508.390625,artifacts/ml/baseline_v1/oof_predictions.csv.gz,measured; selection uses four-mode composite
baseline_v1_nearest_right_D_0_3,2026-09-05T00:06:12.910925+00:00,8c0e8a5546602ad93d35d9fdf941844c41365c5b,a75e530d0fb51581ad6800f84b3875233778801491f02236917862faf9b424ec,folds_v1,real_test_v1,ndvi-context-v1,63e6fc8f9b1cbfd3ceed5a54db64d2924945c2bba22da868160cb6bd332c5707,nearest_right,{},3020,CV-D/0/3,0.1108505626904598,0.0,,0.1108505626904598,0.1108505626904598,1.3621162909839768,508.390625,artifacts/ml/baseline_v1/oof_predictions.csv.gz,measured; selection uses four-mode composite
baseline_v1_mean_neighbors_D_0_3,2026-09-05T00:06:12.910925+00:00,8c0e8a5546602ad93d35d9fdf941844c41365c5b,a75e530d0fb51581ad6800f84b3875233778801491f02236917862faf9b424ec,folds_v1,real_test_v1,ndvi-context-v1,63e6fc8f9b1cbfd3ceed5a54db64d2924945c2bba22da868160cb6bd332c5707,mean_neighbors,{},3020,CV-D/0/3,0.1108505626904598,0.0,,0.1108505626904598,0.1108505626904598,1.373283958004322,508.390625,artifacts/ml/baseline_v1/oof_predictions.csv.gz,measured; selection uses four-mode composite
baseline_v1_linear_D_0_3,2026-09-05T00:06:12.910925+00:00,8c0e8a5546602ad93d35d9fdf941844c41365c5b,a75e530d0fb51581ad6800f84b3875233778801491f02236917862faf9b424ec,folds_v1,real_test_v1,ndvi-context-v1,63e6fc8f9b1cbfd3ceed5a54db64d2924945c2bba22da868160cb6bd332c5707,linear,{},3020,CV-D/0/3,0.1108505626904598,0.0,,0.1108505626904598,0.1108505626904598,1.3843762500036974,508.390625,artifacts/ml/baseline_v1/oof_predictions.csv.gz,measured; selection uses four-mode composite
baseline_v1_seasonal_crop_D_0_3,2026-09-05T00:06:12.910925+00:00,8c0e8a5546602ad93d35d9fdf941844c41365c5b,a75e530d0fb51581ad6800f84b3875233778801491f02236917862faf9b424ec,folds_v1,real_test_v1,ndvi-context-v1,63e6fc8f9b1cbfd3ceed5a54db64d2924945c2bba22da868160cb6bd332c5707,seasonal_crop,{},3020,CV-D/0/3,0.125408239839899,0.0,,0.125408239839899,0.125408239839899,1.3955282910028473,508.390625,artifacts/ml/baseline_v1/oof_predictions.csv.gz,measured; selection uses four-mode composite
baseline_v1_pchip_D_0_3,2026-09-05T00:06:12.910925+00:00,8c0e8a5546602ad93d35d9fdf941844c41365c5b,a75e530d0fb51581ad6800f84b3875233778801491f02236917862faf9b424ec,folds_v1,real_test_v1,ndvi-context-v1,63e6fc8f9b1cbfd3ceed5a54db64d2924945c2bba22da868160cb6bd332c5707,pchip,{},3020,CV-D/0/3,0.1108505626904598,0.0,,0.1108505626904598,0.1108505626904598,1.407270666008117,508.390625,artifacts/ml/baseline_v1/oof_predictions.csv.gz,measured; selection uses four-mode composite
baseline_v1_akima_D_0_3,2026-09-05T00:06:12.910925+00:00,8c0e8a5546602ad93d35d9fdf941844c41365c5b,a75e530d0fb51581ad6800f84b3875233778801491f02236917862faf9b424ec,folds_v1,real_test_v1,ndvi-context-v1,63e6fc8f9b1cbfd3ceed5a54db64d2924945c2bba22da868160cb6bd332c5707,akima,{},3020,CV-D/0/3,0.1108505626904598,0.0,,0.1108505626904598,0.1108505626904598,1.4183160410029814,508.390625,artifacts/ml/baseline_v1/oof_predictions.csv.gz,measured; selection uses four-mode composite
baseline_v1_nearest_left_D_0_4,2026-09-05T00:06:12.910925+00:00,8c0e8a5546602ad93d35d9fdf941844c41365c5b,a75e530d0fb51581ad6800f84b3875233778801491f02236917862faf9b424ec,folds_v1,real_test_v1,ndvi-context-v1,63e6fc8f9b1cbfd3ceed5a54db64d2924945c2bba22da868160cb6bd332c5707,nearest_left,{},3021,CV-D/0/4,0.1190827093520107,0.0,,0.1190827093520107,0.1190827093520107,1.3523053340031763,508.390625,artifacts/ml/baseline_v1/oof_predictions.csv.gz,measured; selection uses four-mode composite
baseline_v1_nearest_right_D_0_4,2026-09-05T00:06:12.910925+00:00,8c0e8a5546602ad93d35d9fdf941844c41365c5b,a75e530d0fb51581ad6800f84b3875233778801491f02236917862faf9b424ec,folds_v1,real_test_v1,ndvi-context-v1,63e6fc8f9b1cbfd3ceed5a54db64d2924945c2bba22da868160cb6bd332c5707,nearest_right,{},3021,CV-D/0/4,0.1190827093520107,0.0,,0.1190827093520107,0.1190827093520107,1.3636120839801151,508.390625,artifacts/ml/baseline_v1/oof_predictions.csv.gz,measured; selection uses four-mode composite
baseline_v1_mean_neighbors_D_0_4,2026-09-05T00:06:12.910925+00:00,8c0e8a5546602ad93d35d9fdf941844c41365c5b,a75e530d0fb51581ad6800f84b3875233778801491f02236917862faf9b424ec,folds_v1,real_test_v1,ndvi-context-v1,63e6fc8f9b1cbfd3ceed5a54db64d2924945c2bba22da868160cb6bd332c5707,mean_neighbors,{},3021,CV-D/0/4,0.1190827093520107,0.0,,0.1190827093520107,0.1190827093520107,1.3745650420023594,508.390625,artifacts/ml/baseline_v1/oof_predictions.csv.gz,measured; selection uses four-mode composite
baseline_v1_linear_D_0_4,2026-09-05T00:06:12.910925+00:00,8c0e8a5546602ad93d35d9fdf941844c41365c5b,a75e530d0fb51581ad6800f84b3875233778801491f02236917862faf9b424ec,folds_v1,real_test_v1,ndvi-context-v1,63e6fc8f9b1cbfd3ceed5a54db64d2924945c2bba22da868160cb6bd332c5707,linear,{},3021,CV-D/0/4,0.1190827093520107,0.0,,0.1190827093520107,0.1190827093520107,1.3854914999974426,508.390625,artifacts/ml/baseline_v1/oof_predictions.csv.gz,measured; selection uses four-mode composite
baseline_v1_seasonal_crop_D_0_4,2026-09-05T00:06:12.910925+00:00,8c0e8a5546602ad93d35d9fdf941844c41365c5b,a75e530d0fb51581ad6800f84b3875233778801491f02236917862faf9b424ec,folds_v1,real_test_v1,ndvi-context-v1,63e6fc8f9b1cbfd3ceed5a54db64d2924945c2bba22da868160cb6bd332c5707,seasonal_crop,{},3021,CV-D/0/4,0.138109495311076,0.0,,0.138109495311076,0.138109495311076,1.3965497089957353,508.390625,artifacts/ml/baseline_v1/oof_predictions.csv.gz,measured; selection uses four-mode composite
baseline_v1_pchip_D_0_4,2026-09-05T00:06:12.910925+00:00,8c0e8a5546602ad93d35d9fdf941844c41365c5b,a75e530d0fb51581ad6800f84b3875233778801491f02236917862faf9b424ec,folds_v1,real_test_v1,ndvi-context-v1,63e6fc8f9b1cbfd3ceed5a54db64d2924945c2bba22da868160cb6bd332c5707,pchip,{},3021,CV-D/0/4,0.1190827093520107,0.0,,0.1190827093520107,0.1190827093520107,1.4075148749980144,508.390625,artifacts/ml/baseline_v1/oof_predictions.csv.gz,measured; selection uses four-mode composite
baseline_v1_akima_D_0_4,2026-09-05T00:06:12.910925+00:00,8c0e8a5546602ad93d35d9fdf941844c41365c5b,a75e530d0fb51581ad6800f84b3875233778801491f02236917862faf9b424ec,folds_v1,real_test_v1,ndvi-context-v1,63e6fc8f9b1cbfd3ceed5a54db64d2924945c2bba22da868160cb6bd332c5707,akima,{},3021,CV-D/0/4,0.1190827093520107,0.0,,0.1190827093520107,0.1190827093520107,1.4183448340045288,508.390625,artifacts/ml/baseline_v1/oof_predictions.csv.gz,measured; selection uses four-mode composite
baseline_v1_nearest_left_A_0_0_20260905T001730,2026-09-05T00:16:17.768258+00:00,8c0e8a5546602ad93d35d9fdf941844c41365c5b,a75e530d0fb51581ad6800f84b3875233778801491f02236917862faf9b424ec,folds_v1,real_test_v1,ndvi-context-v1,63e6fc8f9b1cbfd3ceed5a54db64d2924945c2bba22da868160cb6bd332c5707,nearest_left,{},17,CV-A/0/0,0.10851010946380131,0.0,0.10046361818062796,0.10985130298390527,,4.823976500018034,360.75,artifacts/ml/baseline_v1/oof_predictions.csv.gz,measured; selection uses four-mode composite
baseline_v1_nearest_right_A_0_0_20260905T001730,2026-09-05T00:16:17.768258+00:00,8c0e8a5546602ad93d35d9fdf941844c41365c5b,a75e530d0fb51581ad6800f84b3875233778801491f02236917862faf9b424ec,folds_v1,real_test_v1,ndvi-context-v1,63e6fc8f9b1cbfd3ceed5a54db64d2924945c2bba22da868160cb6bd332c5707,nearest_right,{},17,CV-A/0/0,0.10206936514140416,0.0,0.09699009198010095,0.10292838734974444,,4.822949124994921,360.75,artifacts/ml/baseline_v1/oof_predictions.csv.gz,measured; selection uses four-mode composite
baseline_v1_mean_neighbors_A_0_0_20260905T001730,2026-09-05T00:16:17.768258+00:00,8c0e8a5546602ad93d35d9fdf941844c41365c5b,a75e530d0fb51581ad6800f84b3875233778801491f02236917862faf9b424ec,folds_v1,real_test_v1,ndvi-context-v1,63e6fc8f9b1cbfd3ceed5a54db64d2924945c2bba22da868160cb6bd332c5707,mean_neighbors,{},17,CV-A/0/0,0.08679363090398737,3.96,0.07619730393268298,0.08850955510272315,,4.822619708982529,360.75,artifacts/ml/baseline_v1/oof_predictions.csv.gz,measured; selection uses four-mode composite
baseline_v1_linear_A_0_0_20260905T001730,2026-09-05T00:16:17.768258+00:00,8c0e8a5546602ad93d35d9fdf941844c41365c5b,a75e530d0fb51581ad6800f84b3875233778801491f02236917862faf9b424ec,folds_v1,real_test_v1,ndvi-context-v1,63e6fc8f9b1cbfd3ceed5a54db64d2924945c2bba22da868160cb6bd332c5707,linear,{},17,CV-A/0/0,0.08744173726092212,3.77,0.07799303636183061,0.08898487225994219,,4.823868666979251,360.75,artifacts/ml/baseline_v1/oof_predictions.csv.gz,measured; selection uses four-mode composite
baseline_v1_seasonal_crop_A_0_0_20260905T001730,2026-09-05T00:16:17.768258+00:00,8c0e8a5546602ad93d35d9fdf941844c41365c5b,a75e530d0fb51581ad6800f84b3875233778801491f02236917862faf9b424ec,folds_v1,real_test_v1,ndvi-context-v1,63e6fc8f9b1cbfd3ceed5a54db64d2924945c2bba22da868160cb6bd332c5707,seasonal_crop,{},17,CV-A/0/0,0.18343784622344847,0.0,0.15182663270380142,0.18840196237370796,,4.822474751010304,360.75,artifacts/ml/baseline_v1/oof_predictions.csv.gz,measured; selection uses four-mode composite
baseline_v1_pchip_A_0_0_20260905T001730,2026-09-05T00:16:17.768258+00:00,8c0e8a5546602ad93d35d9fdf941844c41365c5b,a75e530d0fb51581ad6800f84b3875233778801491f02236917862faf9b424ec,folds_v1,real_test_v1,ndvi-context-v1,63e6fc8f9b1cbfd3ceed5a54db64d2924945c2bba22da868160cb6bd332c5707,pchip,{},17,CV-A/0/0,0.09076804465060621,2.77,0.08171623978985464,0.09225381218239873,,4.823474125005305,360.75,artifacts/ml/baseline_v1/oof_predictions.csv.gz,measured; selection uses four-mode composite
baseline_v1_akima_A_0_0_20260905T001730,2026-09-05T00:16:17.768258+00:00,8c0e8a5546602ad93d35d9fdf941844c41365c5b,a75e530d0fb51581ad6800f84b3875233778801491f02236917862faf9b424ec,folds_v1,real_test_v1,ndvi-context-v1,63e6fc8f9b1cbfd3ceed5a54db64d2924945c2bba22da868160cb6bd332c5707,akima,{},17,CV-A/0/0,0.09502685625495454,1.49,0.08262260463396578,0.09702526562767042,,4.823551957990276,360.75,artifacts/ml/baseline_v1/oof_predictions.csv.gz,measured; selection uses four-mode composite
baseline_v1_nearest_left_A_1_0_20260905T001730,2026-09-05T00:16:17.768258+00:00,8c0e8a5546602ad93d35d9fdf941844c41365c5b,a75e530d0fb51581ad6800f84b3875233778801491f02236917862faf9b424ec,folds_v1,real_test_v1,ndvi-context-v1,63e6fc8f9b1cbfd3ceed5a54db64d2924945c2bba22da868160cb6bd332c5707,nearest_left,{},29,CV-A/1/0,0.11170962311108495,0.0,0.09775709262645117,0.1139357721635998,,4.5419704569503665,412.640625,artifacts/ml/baseline_v1/oof_predictions.csv.gz,measured; selection uses four-mode composite
baseline_v1_nearest_right_A_1_0_20260905T001730,2026-09-05T00:16:17.768258+00:00,8c0e8a5546602ad93d35d9fdf941844c41365c5b,a75e530d0fb51581ad6800f84b3875233778801491f02236917862faf9b424ec,folds_v1,real_test_v1,ndvi-context-v1,63e6fc8f9b1cbfd3ceed5a54db64d2924945c2bba22da868160cb6bd332c5707,nearest_right,{},29,CV-A/1/0,0.11664999579919665,0.0,0.10589582606065123,0.11840003881496802,,4.540920832980191,414.8125,artifacts/ml/baseline_v1/oof_predictions.csv.gz,measured; selection uses four-mode composite
baseline_v1_mean_neighbors_A_1_0_20260905T001730,2026-09-05T00:16:17.768258+00:00,8c0e8a5546602ad93d35d9fdf941844c41365c5b,a75e530d0fb51581ad6800f84b3875233778801491f02236917862faf9b424ec,folds_v1,real_test_v1,ndvi-context-v1,63e6fc8f9b1cbfd3ceed5a54db64d2924945c2bba22da868160cb6bd332c5707,mean_neighbors,{},29,CV-A/1/0,0.09444063709953533,1.67,0.08541495413324779,0.09590642305271344,,4.540020748972893,416.796875,artifacts/ml/baseline_v1/oof_predictions.csv.gz,measured; selection uses four-mode composite
baseline_v1_linear_A_1_0_20260905T001730,2026-09-05T00:16:17.768258+00:00,8c0e8a5546602ad93d35d9fdf941844c41365c5b,a75e530d0fb51581ad6800f84b3875233778801491f02236917862faf9b424ec,folds_v1,real_test_v1,ndvi-context-v1,63e6fc8f9b1cbfd3ceed5a54db64d2924945c2bba22da868160cb6bd332c5707,linear,{},29,CV-A/1/0,0.09385897593494913,1.84,0.08583367969852874,0.09517019507754879,,4.540762165968772,416.796875,artifacts/ml/baseline_v1/oof_predictions.csv.gz,measured; selection uses four-mode composite
baseline_v1_seasonal_crop_A_1_0_20260905T001730,2026-09-05T00:16:17.768258+00:00,8c0e8a5546602ad93d35d9fdf941844c41365c5b,a75e530d0fb51581ad6800f84b3875233778801491f02236917862faf9b424ec,folds_v1,real_test_v1,ndvi-context-v1,63e6fc8f9b1cbfd3ceed5a54db64d2924945c2bba22da868160cb6bd332c5707,seasonal_crop,{},29,CV-A/1/0,0.18167712895463956,0.0,0.16994831805788957,0.18361758409005133,,4.539836373965954,416.796875,artifacts/ml/baseline_v1/oof_predictions.csv.gz,measured; selection uses four-mode composite
baseline_v1_pchip_A_1_0_20260905T001730,2026-09-05T00:16:17.768258+00:00,8c0e8a5546602ad93d35d9fdf941844c41365c5b,a75e530d0fb51581ad6800f84b3875233778801491f02236917862faf9b424ec,folds_v1,real_test_v1,ndvi-context-v1,63e6fc8f9b1cbfd3ceed5a54db64d2924945c2bba22da868160cb6bd332c5707,pchip,{},29,CV-A/1/0,0.09829062575200886,0.51,0.09117087065021798,0.0994630214811172,,4.540311707969522,416.796875,artifacts/ml/baseline_v1/oof_predictions.csv.gz,measured; selection uses four-mode composite
baseline_v1_akima_A_1_0_20260905T001730,2026-09-05T00:16:17.768258+00:00,8c0e8a5546602ad93d35d9fdf941844c41365c5b,a75e530d0fb51581ad6800f84b3875233778801491f02236917862faf9b424ec,folds_v1,real_test_v1,ndvi-context-v1,63e6fc8f9b1cbfd3ceed5a54db64d2924945c2bba22da868160cb6bd332c5707,akima,{},29,CV-A/1/0,0.10423330959074367,0.0,0.09523482064516345,0.10570280643311238,,4.539471957978094,416.796875,artifacts/ml/baseline_v1/oof_predictions.csv.gz,measured; selection uses four-mode composite
baseline_v1_nearest_left_A_2_0_20260905T001730,2026-09-05T00:16:17.768258+00:00,8c0e8a5546602ad93d35d9fdf941844c41365c5b,a75e530d0fb51581ad6800f84b3875233778801491f02236917862faf9b424ec,folds_v1,real_test_v1,ndvi-context-v1,63e6fc8f9b1cbfd3ceed5a54db64d2924945c2bba22da868160cb6bd332c5707,nearest_left,{},43,CV-A/2/0,0.11815191649930717,0.0,0.10050808285966469,0.12103559871815074,,4.464230458979728,435.875,artifacts/ml/baseline_v1/oof_predictions.csv.gz,measured; selection uses four-mode composite
baseline_v1_nearest_right_A_2_0_20260905T001730,2026-09-05T00:16:17.768258+00:00,8c0e8a5546602ad93d35d9fdf941844c41365c5b,a75e530d0fb51581ad6800f84b3875233778801491f02236917862faf9b424ec,folds_v1,real_test_v1,ndvi-context-v1,63e6fc8f9b1cbfd3ceed5a54db64d2924945c2bba22da868160cb6bd332c5707,nearest_right,{},43,CV-A/2/0,0.11147501597334182,0.0,0.10503917170994408,0.11258686932711687,,4.46449262596434,435.875,artifacts/ml/baseline_v1/oof_predictions.csv.gz,measured; selection uses four-mode composite
baseline_v1_mean_neighbors_A_2_0_20260905T001730,2026-09-05T00:16:17.768258+00:00,8c0e8a5546602ad93d35d9fdf941844c41365c5b,a75e530d0fb51581ad6800f84b3875233778801491f02236917862faf9b424ec,folds_v1,real_test_v1,ndvi-context-v1,63e6fc8f9b1cbfd3ceed5a54db64d2924945c2bba22da868160cb6bd332c5707,mean_neighbors,{},43,CV-A/2/0,0.09246053792794989,2.26,0.08800554580590932,0.0932345819372633,,4.463583667005878,435.875,artifacts/ml/baseline_v1/oof_predictions.csv.gz,measured; selection uses four-mode composite
baseline_v1_linear_A_2_0_20260905T001730,2026-09-05T00:16:17.768258+00:00,8c0e8a5546602ad93d35d9fdf941844c41365c5b,a75e530d0fb51581ad6800f84b3875233778801491f02236917862faf9b424ec,folds_v1,real_test_v1,ndvi-context-v1,63e6fc8f9b1cbfd3ceed5a54db64d2924945c2bba22da868160cb6bd332c5707,linear,{},43,CV-A/2/0,0.09551936293356984,1.34,0.09332602622020575,0.0959062064800144,,4.464424499979941,435.875,artifacts/ml/baseline_v1/oof_predictions.csv.gz,measured; selection uses four-mode composite
baseline_v1_seasonal_crop_A_2_0_20260905T001730,2026-09-05T00:16:17.768258+00:00,8c0e8a5546602ad93d35d9fdf941844c41365c5b,a75e530d0fb51581ad6800f84b3875233778801491f02236917862faf9b424ec,folds_v1,real_test_v1,ndvi-context-v1,63e6fc8f9b1cbfd3ceed5a54db64d2924945c2bba22da868160cb6bd332c5707,seasonal_crop,{},43,CV-A/2/0,0.17672829517329433,0.0,0.1816951738765878,0.17582552296561657,,4.464098083000863,435.875,artifacts/ml/baseline_v1/oof_predictions.csv.gz,measured; selection uses four-mode composite
baseline_v1_pchip_A_2_0_20260905T001730,2026-09-05T00:16:17.768258+00:00,8c0e8a5546602ad93d35d9fdf941844c41365c5b,a75e530d0fb51581ad6800f84b3875233778801491f02236917862faf9b424ec,folds_v1,real_test_v1,ndvi-context-v1,63e6fc8f9b1cbfd3ceed5a54db64d2924945c2bba22da868160cb6bd332c5707,pchip,{},43,CV-A/2/0,0.10029344440008209,0.0,0.09788710950273877,0.10071759570403667,,4.464038041973254,435.875,artifacts/ml/baseline_v1/oof_predictions.csv.gz,measured; selection uses four-mode composite
baseline_v1_akima_A_2_0_20260905T001730,2026-09-05T00:16:17.768258+00:00,8c0e8a5546602ad93d35d9fdf941844c41365c5b,a75e530d0fb51581ad6800f84b3875233778801491f02236917862faf9b424ec,folds_v1,real_test_v1,ndvi-context-v1,63e6fc8f9b1cbfd3ceed5a54db64d2924945c2bba22da868160cb6bd332c5707,akima,{},43,CV-A/2/0,0.10459314259279938,0.0,0.09971442487084989,0.10544158554215029,,4.463962457986781,435.875,artifacts/ml/baseline_v1/oof_predictions.csv.gz,measured; selection uses four-mode composite
baseline_v1_nearest_left_A_3_0_20260905T001730,2026-09-05T00:16:17.768258+00:00,8c0e8a5546602ad93d35d9fdf941844c41365c5b,a75e530d0fb51581ad6800f84b3875233778801491f02236917862faf9b424ec,folds_v1,real_test_v1,ndvi-context-v1,63e6fc8f9b1cbfd3ceed5a54db64d2924945c2bba22da868160cb6bd332c5707,nearest_left,{},71,CV-A/3/0,0.10056369525279298,0.0,0.10037607964750143,0.100593782762088,,4.5943372909969185,457.078125,artifacts/ml/baseline_v1/oof_predictions.csv.gz,measured; selection uses four-mode composite
baseline_v1_nearest_right_A_3_0_20260905T001730,2026-09-05T00:16:17.768258+00:00,8c0e8a5546602ad93d35d9fdf941844c41365c5b,a75e530d0fb51581ad6800f84b3875233778801491f02236917862faf9b424ec,folds_v1,real_test_v1,ndvi-context-v1,63e6fc8f9b1cbfd3ceed5a54db64d2924945c2bba22da868160cb6bd332c5707,nearest_right,{},71,CV-A/3/0,0.10212529949637397,0.0,0.09627479213663229,0.10303360631315636,,4.594106874981662,457.078125,artifacts/ml/baseline_v1/oof_predictions.csv.gz,measured; selection uses four-mode composite
baseline_v1_mean_neighbors_A_3_0_20260905T001730,2026-09-05T00:16:17.768258+00:00,8c0e8a5546602ad93d35d9fdf941844c41365c5b,a75e530d0fb51581ad6800f84b3875233778801491f02236917862faf9b424ec,folds_v1,real_test_v1,ndvi-context-v1,63e6fc8f9b1cbfd3ceed5a54db64d2924945c2bba22da868160cb6bd332c5707,mean_neighbors,{},71,CV-A/3/0,0.0850451444577483,4.49,0.08228452945879257,0.08548003288153473,,4.594290790962987,457.078125,artifacts/ml/baseline_v1/oof_predictions.csv.gz,measured; selection uses four-mode composite
baseline_v1_linear_A_3_0_20260905T001730,2026-09-05T00:16:17.768258+00:00,8c0e8a5546602ad93d35d9fdf941844c41365c5b,a75e530d0fb51581ad6800f84b3875233778801491f02236917862faf9b424ec,folds_v1,real_test_v1,ndvi-context-v1,63e6fc8f9b1cbfd3ceed5a54db64d2924945c2bba22da868160cb6bd332c5707,linear,{},71,CV-A/3/0,0.08540496747338334,4.38,0.0832265284760521,0.08574954210339836,,4.594689748977544,457.078125,artifacts/ml/baseline_v1/oof_predictions.csv.gz,measured; selection uses four-mode composite
baseline_v1_seasonal_crop_A_3_0_20260905T001730,2026-09-05T00:16:17.768258+00:00,8c0e8a5546602ad93d35d9fdf941844c41365c5b,a75e530d0fb51581ad6800f84b3875233778801491f02236917862faf9b424ec,folds_v1,real_test_v1,ndvi-context-v1,63e6fc8f9b1cbfd3ceed5a54db64d2924945c2bba22da868160cb6bd332c5707,seasonal_crop,{},71,CV-A/3/0,0.1727308467933788,0.0,0.16567579431027876,0.1738368048378162,,4.5941769579658285,457.078125,artifacts/ml/baseline_v1/oof_predictions.csv.gz,measured; selection uses four-mode composite
baseline_v1_pchip_A_3_0_20260905T001730,2026-09-05T00:16:17.768258+00:00,8c0e8a5546602ad93d35d9fdf941844c41365c5b,a75e530d0fb51581ad6800f84b3875233778801491f02236917862faf9b424ec,folds_v1,real_test_v1,ndvi-context-v1,63e6fc8f9b1cbfd3ceed5a54db64d2924945c2bba22da868160cb6bd332c5707,pchip,{},71,CV-A/3/0,0.08871864677793362,3.38,0.08651085359557446,0.08906799138402322,,4.594913581997389,460.046875,artifacts/ml/baseline_v1/oof_predictions.csv.gz,measured; selection uses four-mode composite
baseline_v1_akima_A_3_0_20260905T001730,2026-09-05T00:16:17.768258+00:00,8c0e8a5546602ad93d35d9fdf941844c41365c5b,a75e530d0fb51581ad6800f84b3875233778801491f02236917862faf9b424ec,folds_v1,real_test_v1,ndvi-context-v1,63e6fc8f9b1cbfd3ceed5a54db64d2924945c2bba22da868160cb6bd332c5707,akima,{},71,CV-A/3/0,0.09104173919308203,2.69,0.08810285837211966,0.09150475917434285,,4.593979707977269,460.046875,artifacts/ml/baseline_v1/oof_predictions.csv.gz,measured; selection uses four-mode composite
baseline_v1_nearest_left_A_4_0_20260905T001730,2026-09-05T00:16:17.768258+00:00,8c0e8a5546602ad93d35d9fdf941844c41365c5b,a75e530d0fb51581ad6800f84b3875233778801491f02236917862faf9b424ec,folds_v1,real_test_v1,ndvi-context-v1,63e6fc8f9b1cbfd3ceed5a54db64d2924945c2bba22da868160cb6bd332c5707,nearest_left,{},101,CV-A/4/0,0.09990097331778586,0.03,0.0997393573847186,0.09993172767062558,,4.554129541997099,461.984375,artifacts/ml/baseline_v1/oof_predictions.csv.gz,measured; selection uses four-mode composite
baseline_v1_nearest_right_A_4_0_20260905T001730,2026-09-05T00:16:17.768258+00:00,8c0e8a5546602ad93d35d9fdf941844c41365c5b,a75e530d0fb51581ad6800f84b3875233778801491f02236917862faf9b424ec,folds_v1,real_test_v1,ndvi-context-v1,63e6fc8f9b1cbfd3ceed5a54db64d2924945c2bba22da868160cb6bd332c5707,nearest_right,{},101,CV-A/4/0,0.10463334539002134,0.0,0.09696523859560785,0.10603108129314742,,4.5554525410116185,461.984375,artifacts/ml/baseline_v1/oof_predictions.csv.gz,measured; selection uses four-mode composite
baseline_v1_mean_neighbors_A_4_0_20260905T001730,2026-09-05T00:16:17.768258+00:00,8c0e8a5546602ad93d35d9fdf941844c41365c5b,a75e530d0fb51581ad6800f84b3875233778801491f02236917862faf9b424ec,folds_v1,real_test_v1,ndvi-context-v1,63e6fc8f9b1cbfd3ceed5a54db64d2924945c2bba22da868160cb6bd332c5707,mean_neighbors,{},101,CV-A/4/0,0.08298983515283032,5.1,0.08474592365938527,0.08265111186986374,,4.555028540984495,462.046875,artifacts/ml/baseline_v1/oof_predictions.csv.gz,measured; selection uses four-mode composite
baseline_v1_linear_A_4_0_20260905T001730,2026-09-05T00:16:17.768258+00:00,8c0e8a5546602ad93d35d9fdf941844c41365c5b,a75e530d0fb51581ad6800f84b3875233778801491f02236917862faf9b424ec,folds_v1,real_test_v1,ndvi-context-v1,63e6fc8f9b1cbfd3ceed5a54db64d2924945c2bba22da868160cb6bd332c5707,linear,{},101,CV-A/4/0,0.08504694064043981,4.49,0.0865775358987705,0.0847522647311537,,4.555241707974346,462.046875,artifacts/ml/baseline_v1/oof_predictions.csv.gz,measured; selection uses four-mode composite
baseline_v1_seasonal_crop_A_4_0_20260905T001730,2026-09-05T00:16:17.768258+00:00,8c0e8a5546602ad93d35d9fdf941844c41365c5b,a75e530d0fb51581ad6800f84b3875233778801491f02236917862faf9b424ec,folds_v1,real_test_v1,ndvi-context-v1,63e6fc8f9b1cbfd3ceed5a54db64d2924945c2bba22da868160cb6bd332c5707,seasonal_crop,{},101,CV-A/4/0,0.17663071368422814,0.0,0.18565120430777848,0.17485977331119334,,4.55453574997955,462.625,artifacts/ml/baseline_v1/oof_predictions.csv.gz,measured; selection uses four-mode composite
baseline_v1_pchip_A_4_0_20260905T001730,2026-09-05T00:16:17.768258+00:00,8c0e8a5546602ad93d35d9fdf941844c41365c5b,a75e530d0fb51581ad6800f84b3875233778801491f02236917862faf9b424ec,folds_v1,real_test_v1,ndvi-context-v1,63e6fc8f9b1cbfd3ceed5a54db64d2924945c2bba22da868160cb6bd332c5707,pchip,{},101,CV-A/4/0,0.08898099861011405,3.31,0.08938401331920011,0.0889040267696791,,4.554838457988808,462.65625,artifacts/ml/baseline_v1/oof_predictions.csv.gz,measured; selection uses four-mode composite
baseline_v1_akima_A_4_0_20260905T001730,2026-09-05T00:16:17.768258+00:00,8c0e8a5546602ad93d35d9fdf941844c41365c5b,a75e530d0fb51581ad6800f84b3875233778801491f02236917862faf9b424ec,folds_v1,real_test_v1,ndvi-context-v1,63e6fc8f9b1cbfd3ceed5a54db64d2924945c2bba22da868160cb6bd332c5707,akima,{},101,CV-A/4/0,0.09342864328927833,1.97,0.09085542419949628,0.09391078650100866,,4.5546750420180615,462.65625,artifacts/ml/baseline_v1/oof_predictions.csv.gz,measured; selection uses four-mode composite
baseline_v1_nearest_left_B_0_0_20260905T001730,2026-09-05T00:16:17.768258+00:00,8c0e8a5546602ad93d35d9fdf941844c41365c5b,a75e530d0fb51581ad6800f84b3875233778801491f02236917862faf9b424ec,folds_v1,real_test_v1,ndvi-context-v1,63e6fc8f9b1cbfd3ceed5a54db64d2924945c2bba22da868160cb6bd332c5707,nearest_left,{},1017,CV-B/0/0,0.10853124742424741,0.0,,0.10853124742424741,,4.851235417008866,481.4375,artifacts/ml/baseline_v1/oof_predictions.csv.gz,measured; selection uses four-mode composite
baseline_v1_nearest_right_B_0_0_20260905T001730,2026-09-05T00:16:17.768258+00:00,8c0e8a5546602ad93d35d9fdf941844c41365c5b,a75e530d0fb51581ad6800f84b3875233778801491f02236917862faf9b424ec,folds_v1,real_test_v1,ndvi-context-v1,63e6fc8f9b1cbfd3ceed5a54db64d2924945c2bba22da868160cb6bd332c5707,nearest_right,{},1017,CV-B/0/0,0.11265824959354483,0.0,,0.11265824959354483,,4.851318041997729,481.4375,artifacts/ml/baseline_v1/oof_predictions.csv.gz,measured; selection uses four-mode composite
baseline_v1_mean_neighbors_B_0_0_20260905T001730,2026-09-05T00:16:17.768258+00:00,8c0e8a5546602ad93d35d9fdf941844c41365c5b,a75e530d0fb51581ad6800f84b3875233778801491f02236917862faf9b424ec,folds_v1,real_test_v1,ndvi-context-v1,63e6fc8f9b1cbfd3ceed5a54db64d2924945c2bba22da868160cb6bd332c5707,mean_neighbors,{},1017,CV-B/0/0,0.09294754536653899,2.12,,0.09294754536653899,,4.852135708992137,481.4375,artifacts/ml/baseline_v1/oof_predictions.csv.gz,measured; selection uses four-mode composite
baseline_v1_linear_B_0_0_20260905T001730,2026-09-05T00:16:17.768258+00:00,8c0e8a5546602ad93d35d9fdf941844c41365c5b,a75e530d0fb51581ad6800f84b3875233778801491f02236917862faf9b424ec,folds_v1,real_test_v1,ndvi-context-v1,63e6fc8f9b1cbfd3ceed5a54db64d2924945c2bba22da868160cb6bd332c5707,linear,{},1017,CV-B/0/0,0.09320773970720757,2.04,,0.09320773970720757,,4.8516422510147095,481.4375,artifacts/ml/baseline_v1/oof_predictions.csv.gz,measured; selection uses four-mode composite
baseline_v1_seasonal_crop_B_0_0_20260905T001730,2026-09-05T00:16:17.768258+00:00,8c0e8a5546602ad93d35d9fdf941844c41365c5b,a75e530d0fb51581ad6800f84b3875233778801491f02236917862faf9b424ec,folds_v1,real_test_v1,ndvi-context-v1,63e6fc8f9b1cbfd3ceed5a54db64d2924945c2bba22da868160cb6bd332c5707,seasonal_crop,{},1017,CV-B/0/0,0.1617651789161339,0.0,,0.1617651789161339,,4.851302958995802,481.4375,artifacts/ml/baseline_v1/oof_predictions.csv.gz,measured; selection uses four-mode composite
baseline_v1_pchip_B_0_0_20260905T001730,2026-09-05T00:16:17.768258+00:00,8c0e8a5546602ad93d35d9fdf941844c41365c5b,a75e530d0fb51581ad6800f84b3875233778801491f02236917862faf9b424ec,folds_v1,real_test_v1,ndvi-context-v1,63e6fc8f9b1cbfd3ceed5a54db64d2924945c2bba22da868160cb6bd332c5707,pchip,{},1017,CV-B/0/0,0.09693153622442996,0.92,,0.09693153622442996,,4.8507349170104135,481.4375,artifacts/ml/baseline_v1/oof_predictions.csv.gz,measured; selection uses four-mode composite
baseline_v1_akima_B_0_0_20260905T001730,2026-09-05T00:16:17.768258+00:00,8c0e8a5546602ad93d35d9fdf941844c41365c5b,a75e530d0fb51581ad6800f84b3875233778801491f02236917862faf9b424ec,folds_v1,real_test_v1,ndvi-context-v1,63e6fc8f9b1cbfd3ceed5a54db64d2924945c2bba22da868160cb6bd332c5707,akima,{},1017,CV-B/0/0,0.10034701083108921,0.0,,0.10034701083108921,,4.85095237501082,481.4375,artifacts/ml/baseline_v1/oof_predictions.csv.gz,measured; selection uses four-mode composite
baseline_v1_nearest_left_B_0_1_20260905T001730,2026-09-05T00:16:17.768258+00:00,8c0e8a5546602ad93d35d9fdf941844c41365c5b,a75e530d0fb51581ad6800f84b3875233778801491f02236917862faf9b424ec,folds_v1,real_test_v1,ndvi-context-v1,63e6fc8f9b1cbfd3ceed5a54db64d2924945c2bba22da868160cb6bd332c5707,nearest_left,{},1018,CV-B/0/1,0.11725406029115654,0.0,,0.11725406029115654,,4.880515833996469,494.953125,artifacts/ml/baseline_v1/oof_predictions.csv.gz,measured; selection uses four-mode composite
baseline_v1_nearest_right_B_0_1_20260905T001730,2026-09-05T00:16:17.768258+00:00,8c0e8a5546602ad93d35d9fdf941844c41365c5b,a75e530d0fb51581ad6800f84b3875233778801491f02236917862faf9b424ec,folds_v1,real_test_v1,ndvi-context-v1,63e6fc8f9b1cbfd3ceed5a54db64d2924945c2bba22da868160cb6bd332c5707,nearest_right,{},1018,CV-B/0/1,0.11375778761680727,0.0,,0.11375778761680727,,4.881081250990974,494.953125,artifacts/ml/baseline_v1/oof_predictions.csv.gz,measured; selection uses four-mode composite
baseline_v1_mean_neighbors_B_0_1_20260905T001730,2026-09-05T00:16:17.768258+00:00,8c0e8a5546602ad93d35d9fdf941844c41365c5b,a75e530d0fb51581ad6800f84b3875233778801491f02236917862faf9b424ec,folds_v1,real_test_v1,ndvi-context-v1,63e6fc8f9b1cbfd3ceed5a54db64d2924945c2bba22da868160cb6bd332c5707,mean_neighbors,{},1018,CV-B/0/1,0.09452313704704444,1.64,,0.09452313704704444,,4.8816051250032615,495.21875,artifacts/ml/baseline_v1/oof_predictions.csv.gz,measured; selection uses four-mode composite
baseline_v1_linear_B_0_1_20260905T001730,2026-09-05T00:16:17.768258+00:00,8c0e8a5546602ad93d35d9fdf941844c41365c5b,a75e530d0fb51581ad6800f84b3875233778801491f02236917862faf9b424ec,folds_v1,real_test_v1,ndvi-context-v1,63e6fc8f9b1cbfd3ceed5a54db64d2924945c2bba22da868160cb6bd332c5707,linear,{},1018,CV-B/0/1,0.09674324447322201,0.98,,0.09674324447322201,,4.880365375982365,495.21875,artifacts/ml/baseline_v1/oof_predictions.csv.gz,measured; selection uses four-mode composite
baseline_v1_seasonal_crop_B_0_1_20260905T001730,2026-09-05T00:16:17.768258+00:00,8c0e8a5546602ad93d35d9fdf941844c41365c5b,a75e530d0fb51581ad6800f84b3875233778801491f02236917862faf9b424ec,folds_v1,real_test_v1,ndvi-context-v1,63e6fc8f9b1cbfd3ceed5a54db64d2924945c2bba22da868160cb6bd332c5707,seasonal_crop,{},1018,CV-B/0/1,0.17358447236605554,0.0,,0.17358447236605554,,4.89599541699863,495.21875,artifacts/ml/baseline_v1/oof_predictions.csv.gz,measured; selection uses four-mode composite
baseline_v1_pchip_B_0_1_20260905T001730,2026-09-05T00:16:17.768258+00:00,8c0e8a5546602ad93d35d9fdf941844c41365c5b,a75e530d0fb51581ad6800f84b3875233778801491f02236917862faf9b424ec,folds_v1,real_test_v1,ndvi-context-v1,63e6fc8f9b1cbfd3ceed5a54db64d2924945c2bba22da868160cb6bd332c5707,pchip,{},1018,CV-B/0/1,0.10138630924221514,0.0,,0.10138630924221514,,4.880457874998683,495.21875,artifacts/ml/baseline_v1/oof_predictions.csv.gz,measured; selection uses four-mode composite
baseline_v1_akima_B_0_1_20260905T001730,2026-09-05T00:16:17.768258+00:00,8c0e8a5546602ad93d35d9fdf941844c41365c5b,a75e530d0fb51581ad6800f84b3875233778801491f02236917862faf9b424ec,folds_v1,real_test_v1,ndvi-context-v1,63e6fc8f9b1cbfd3ceed5a54db64d2924945c2bba22da868160cb6bd332c5707,akima,{},1018,CV-B/0/1,0.10578029640229487,0.0,,0.10578029640229487,,4.8793226669949945,495.21875,artifacts/ml/baseline_v1/oof_predictions.csv.gz,measured; selection uses four-mode composite
baseline_v1_nearest_left_B_0_2_20260905T001730,2026-09-05T00:16:17.768258+00:00,8c0e8a5546602ad93d35d9fdf941844c41365c5b,a75e530d0fb51581ad6800f84b3875233778801491f02236917862faf9b424ec,folds_v1,real_test_v1,ndvi-context-v1,63e6fc8f9b1cbfd3ceed5a54db64d2924945c2bba22da868160cb6bd332c5707,nearest_left,{},1019,CV-B/0/2,0.1054072975813472,0.0,,0.1054072975813472,,5.260306000011042,508.703125,artifacts/ml/baseline_v1/oof_predictions.csv.gz,measured; selection uses four-mode composite
baseline_v1_nearest_right_B_0_2_20260905T001730,2026-09-05T00:16:17.768258+00:00,8c0e8a5546602ad93d35d9fdf941844c41365c5b,a75e530d0fb51581ad6800f84b3875233778801491f02236917862faf9b424ec,folds_v1,real_test_v1,ndvi-context-v1,63e6fc8f9b1cbfd3ceed5a54db64d2924945c2bba22da868160cb6bd332c5707,nearest_right,{},1019,CV-B/0/2,0.11034985254211842,0.0,,0.11034985254211842,,5.242384459008463,508.703125,artifacts/ml/baseline_v1/oof_predictions.csv.gz,measured; selection uses four-mode composite
baseline_v1_mean_neighbors_B_0_2_20260905T001730,2026-09-05T00:16:17.768258+00:00,8c0e8a5546602ad93d35d9fdf941844c41365c5b,a75e530d0fb51581ad6800f84b3875233778801491f02236917862faf9b424ec,folds_v1,real_test_v1,ndvi-context-v1,63e6fc8f9b1cbfd3ceed5a54db64d2924945c2bba22da868160cb6bd332c5707,mean_neighbors,{},1019,CV-B/0/2,0.08866392509363127,3.4,,0.08866392509363127,,5.243338708009105,508.703125,artifacts/ml/baseline_v1/oof_predictions.csv.gz,measured; selection uses four-mode composite
baseline_v1_linear_B_0_2_20260905T001730,2026-09-05T00:16:17.768258+00:00,8c0e8a5546602ad93d35d9fdf941844c41365c5b,a75e530d0fb51581ad6800f84b3875233778801491f02236917862faf9b424ec,folds_v1,real_test_v1,ndvi-context-v1,63e6fc8f9b1cbfd3ceed5a54db64d2924945c2bba22da868160cb6bd332c5707,linear,{},1019,CV-B/0/2,0.09173746312564543,2.48,,0.09173746312564543,,5.242916833027266,508.703125,artifacts/ml/baseline_v1/oof_predictions.csv.gz,measured; selection uses four-mode composite
baseline_v1_seasonal_crop_B_0_2_20260905T001730,2026-09-05T00:16:17.768258+00:00,8c0e8a5546602ad93d35d9fdf941844c41365c5b,a75e530d0fb51581ad6800f84b3875233778801491f02236917862faf9b424ec,folds_v1,real_test_v1,ndvi-context-v1,63e6fc8f9b1cbfd3ceed5a54db64d2924945c2bba22da868160cb6bd332c5707,seasonal_crop,{},1019,CV-B/0/2,0.1643834731316218,0.0,,0.1643834731316218,,5.242685333010741,508.703125,artifacts/ml/baseline_v1/oof_predictions.csv.gz,measured; selection uses four-mode composite
baseline_v1_pchip_B_0_2_20260905T001730,2026-09-05T00:16:17.768258+00:00,8c0e8a5546602ad93d35d9fdf941844c41365c5b,a75e530d0fb51581ad6800f84b3875233778801491f02236917862faf9b424ec,folds_v1,real_test_v1,ndvi-context-v1,63e6fc8f9b1cbfd3ceed5a54db64d2924945c2bba22da868160cb6bd332c5707,pchip,{},1019,CV-B/0/2,0.09558859247158417,1.32,,0.09558859247158417,,5.242529792012647,508.703125,artifacts/ml/baseline_v1/oof_predictions.csv.gz,measured; selection uses four-mode composite
baseline_v1_akima_B_0_2_20260905T001730,2026-09-05T00:16:17.768258+00:00,8c0e8a5546602ad93d35d9fdf941844c41365c5b,a75e530d0fb51581ad6800f84b3875233778801491f02236917862faf9b424ec,folds_v1,real_test_v1,ndvi-context-v1,63e6fc8f9b1cbfd3ceed5a54db64d2924945c2bba22da868160cb6bd332c5707,akima,{},1019,CV-B/0/2,0.09901999923328947,0.29,,0.09901999923328947,,5.242084250028711,508.703125,artifacts/ml/baseline_v1/oof_predictions.csv.gz,measured; selection uses four-mode composite
baseline_v1_nearest_left_B_0_3_20260905T001730,2026-09-05T00:16:17.768258+00:00,8c0e8a5546602ad93d35d9fdf941844c41365c5b,a75e530d0fb51581ad6800f84b3875233778801491f02236917862faf9b424ec,folds_v1,real_test_v1,ndvi-context-v1,63e6fc8f9b1cbfd3ceed5a54db64d2924945c2bba22da868160cb6bd332c5707,nearest_left,{},1020,CV-B/0/3,0.1066865591738041,0.0,,0.1066865591738041,,4.9693439999828115,508.921875,artifacts/ml/baseline_v1/oof_predictions.csv.gz,measured; selection uses four-mode composite
baseline_v1_nearest_right_B_0_3_20260905T001730,2026-09-05T00:16:17.768258+00:00,8c0e8a5546602ad93d35d9fdf941844c41365c5b,a75e530d0fb51581ad6800f84b3875233778801491f02236917862faf9b424ec,folds_v1,real_test_v1,ndvi-context-v1,63e6fc8f9b1cbfd3ceed5a54db64d2924945c2bba22da868160cb6bd332c5707,nearest_right,{},1020,CV-B/0/3,0.10271908220445634,0.0,,0.10271908220445634,,4.970924041961553,509.296875,artifacts/ml/baseline_v1/oof_predictions.csv.gz,measured; selection uses four-mode composite
baseline_v1_mean_neighbors_B_0_3_20260905T001730,2026-09-05T00:16:17.768258+00:00,8c0e8a5546602ad93d35d9fdf941844c41365c5b,a75e530d0fb51581ad6800f84b3875233778801491f02236917862faf9b424ec,folds_v1,real_test_v1,ndvi-context-v1,63e6fc8f9b1cbfd3ceed5a54db64d2924945c2bba22da868160cb6bd332c5707,mean_neighbors,{},1020,CV-B/0/3,0.08876527799598449,3.37,,0.08876527799598449,,4.968543791997945,509.296875,artifacts/ml/baseline_v1/oof_predictions.csv.gz,measured; selection uses four-mode composite
baseline_v1_linear_B_0_3_20260905T001730,2026-09-05T00:16:17.768258+00:00,8c0e8a5546602ad93d35d9fdf941844c41365c5b,a75e530d0fb51581ad6800f84b3875233778801491f02236917862faf9b424ec,folds_v1,real_test_v1,ndvi-context-v1,63e6fc8f9b1cbfd3ceed5a54db64d2924945c2bba22da868160cb6bd332c5707,linear,{},1020,CV-B/0/3,0.09013488196598124,2.96,,0.09013488196598124,,4.968248666962609,509.296875,artifacts/ml/baseline_v1/oof_predictions.csv.gz,measured; selection uses four-mode composite
baseline_v1_seasonal_crop_B_0_3_20260905T001730,2026-09-05T00:16:17.768258+00:00,8c0e8a5546602ad93d35d9fdf941844c41365c5b,a75e530d0fb51581ad6800f84b3875233778801491f02236917862faf9b424ec,folds_v1,real_test_v1,ndvi-context-v1,63e6fc8f9b1cbfd3ceed5a54db64d2924945c2bba22da868160cb6bd332c5707,seasonal_crop,{},1020,CV-B/0/3,0.17892494614003898,0.0,,0.17892494614003898,,4.96894870896358,509.296875,artifacts/ml/baseline_v1/oof_predictions.csv.gz,measured; selection uses four-mode composite
baseline_v1_pchip_B_0_3_20260905T001730,2026-09-05T00:16:17.768258+00:00,8c0e8a5546602ad93d35d9fdf941844c41365c5b,a75e530d0fb51581ad6800f84b3875233778801491f02236917862faf9b424ec,folds_v1,real_test_v1,ndvi-context-v1,63e6fc8f9b1cbfd3ceed5a54db64d2924945c2bba22da868160cb6bd332c5707,pchip,{},1020,CV-B/0/3,0.0932233190561963,2.03,,0.0932233190561963,,4.969254125986481,509.296875,artifacts/ml/baseline_v1/oof_predictions.csv.gz,measured; selection uses four-mode composite
baseline_v1_akima_B_0_3_20260905T001730,2026-09-05T00:16:17.768258+00:00,8c0e8a5546602ad93d35d9fdf941844c41365c5b,a75e530d0fb51581ad6800f84b3875233778801491f02236917862faf9b424ec,folds_v1,real_test_v1,ndvi-context-v1,63e6fc8f9b1cbfd3ceed5a54db64d2924945c2bba22da868160cb6bd332c5707,akima,{},1020,CV-B/0/3,0.09516146255537054,1.45,,0.09516146255537054,,4.967852250963915,509.296875,artifacts/ml/baseline_v1/oof_predictions.csv.gz,measured; selection uses four-mode composite
baseline_v1_nearest_left_B_0_4_20260905T001730,2026-09-05T00:16:17.768258+00:00,8c0e8a5546602ad93d35d9fdf941844c41365c5b,a75e530d0fb51581ad6800f84b3875233778801491f02236917862faf9b424ec,folds_v1,real_test_v1,ndvi-context-v1,63e6fc8f9b1cbfd3ceed5a54db64d2924945c2bba22da868160cb6bd332c5707,nearest_left,{},1021,CV-B/0/4,0.13089619078675815,0.0,,0.13089619078675815,,4.83363674901193,509.953125,artifacts/ml/baseline_v1/oof_predictions.csv.gz,measured; selection uses four-mode composite
baseline_v1_nearest_right_B_0_4_20260905T001730,2026-09-05T00:16:17.768258+00:00,8c0e8a5546602ad93d35d9fdf941844c41365c5b,a75e530d0fb51581ad6800f84b3875233778801491f02236917862faf9b424ec,folds_v1,real_test_v1,ndvi-context-v1,63e6fc8f9b1cbfd3ceed5a54db64d2924945c2bba22da868160cb6bd332c5707,nearest_right,{},1021,CV-B/0/4,0.12740694278699605,0.0,,0.12740694278699605,,4.834239541989518,509.953125,artifacts/ml/baseline_v1/oof_predictions.csv.gz,measured; selection uses four-mode composite
baseline_v1_mean_neighbors_B_0_4_20260905T001730,2026-09-05T00:16:17.768258+00:00,8c0e8a5546602ad93d35d9fdf941844c41365c5b,a75e530d0fb51581ad6800f84b3875233778801491f02236917862faf9b424ec,folds_v1,real_test_v1,ndvi-context-v1,63e6fc8f9b1cbfd3ceed5a54db64d2924945c2bba22da868160cb6bd332c5707,mean_neighbors,{},1021,CV-B/0/4,0.11123943305403741,0.0,,0.11123943305403741,,4.833646999992197,510.140625,artifacts/ml/baseline_v1/oof_predictions.csv.gz,measured; selection uses four-mode composite
baseline_v1_linear_B_0_4_20260905T001730,2026-09-05T00:16:17.768258+00:00,8c0e8a5546602ad93d35d9fdf941844c41365c5b,a75e530d0fb51581ad6800f84b3875233778801491f02236917862faf9b424ec,folds_v1,real_test_v1,ndvi-context-v1,63e6fc8f9b1cbfd3ceed5a54db64d2924945c2bba22da868160cb6bd332c5707,linear,{},1021,CV-B/0/4,0.11271547804895676,0.0,,0.11271547804895676,,4.833888166001998,510.140625,artifacts/ml/baseline_v1/oof_predictions.csv.gz,measured; selection uses four-mode composite
baseline_v1_seasonal_crop_B_0_4_20260905T001730,2026-09-05T00:16:17.768258+00:00,8c0e8a5546602ad93d35d9fdf941844c41365c5b,a75e530d0fb51581ad6800f84b3875233778801491f02236917862faf9b424ec,folds_v1,real_test_v1,ndvi-context-v1,63e6fc8f9b1cbfd3ceed5a54db64d2924945c2bba22da868160cb6bd332c5707,seasonal_crop,{},1021,CV-B/0/4,0.1905481791301674,0.0,,0.1905481791301674,,4.832574915984878,510.140625,artifacts/ml/baseline_v1/oof_predictions.csv.gz,measured; selection uses four-mode composite
baseline_v1_pchip_B_0_4_20260905T001730,2026-09-05T00:16:17.768258+00:00,8c0e8a5546602ad93d35d9fdf941844c41365c5b,a75e530d0fb51581ad6800f84b3875233778801491f02236917862faf9b424ec,folds_v1,real_test_v1,ndvi-context-v1,63e6fc8f9b1cbfd3ceed5a54db64d2924945c2bba22da868160cb6bd332c5707,pchip,{},1021,CV-B/0/4,0.11660120127627806,0.0,,0.11660120127627806,,4.833615625015227,510.140625,artifacts/ml/baseline_v1/oof_predictions.csv.gz,measured; selection uses four-mode composite
baseline_v1_akima_B_0_4_20260905T001730,2026-09-05T00:16:17.768258+00:00,8c0e8a5546602ad93d35d9fdf941844c41365c5b,a75e530d0fb51581ad6800f84b3875233778801491f02236917862faf9b424ec,folds_v1,real_test_v1,ndvi-context-v1,63e6fc8f9b1cbfd3ceed5a54db64d2924945c2bba22da868160cb6bd332c5707,akima,{},1021,CV-B/0/4,0.1191549341014424,0.0,,0.1191549341014424,,4.833638707990758,510.140625,artifacts/ml/baseline_v1/oof_predictions.csv.gz,measured; selection uses four-mode composite
baseline_v1_nearest_left_C_0_0_20260905T001730,2026-09-05T00:16:17.768258+00:00,8c0e8a5546602ad93d35d9fdf941844c41365c5b,a75e530d0fb51581ad6800f84b3875233778801491f02236917862faf9b424ec,folds_v1,real_test_v1,ndvi-context-v1,63e6fc8f9b1cbfd3ceed5a54db64d2924945c2bba22da868160cb6bd332c5707,nearest_left,{},2017,CV-C/0/0,0.17877237430979828,0.0,0.17877237430979828,,,4.152637375984341,511.140625,artifacts/ml/baseline_v1/oof_predictions.csv.gz,measured; selection uses four-mode composite
baseline_v1_nearest_right_C_0_0_20260905T001730,2026-09-05T00:16:17.768258+00:00,8c0e8a5546602ad93d35d9fdf941844c41365c5b,a75e530d0fb51581ad6800f84b3875233778801491f02236917862faf9b424ec,folds_v1,real_test_v1,ndvi-context-v1,63e6fc8f9b1cbfd3ceed5a54db64d2924945c2bba22da868160cb6bd332c5707,nearest_right,{},2017,CV-C/0/0,0.17877237430979828,0.0,0.17877237430979828,,,4.151924834004603,511.140625,artifacts/ml/baseline_v1/oof_predictions.csv.gz,measured; selection uses four-mode composite
baseline_v1_mean_neighbors_C_0_0_20260905T001730,2026-09-05T00:16:17.768258+00:00,8c0e8a5546602ad93d35d9fdf941844c41365c5b,a75e530d0fb51581ad6800f84b3875233778801491f02236917862faf9b424ec,folds_v1,real_test_v1,ndvi-context-v1,63e6fc8f9b1cbfd3ceed5a54db64d2924945c2bba22da868160cb6bd332c5707,mean_neighbors,{},2017,CV-C/0/0,0.17877237430979828,0.0,0.17877237430979828,,,4.153241708991118,511.140625,artifacts/ml/baseline_v1/oof_predictions.csv.gz,measured; selection uses four-mode composite
baseline_v1_linear_C_0_0_20260905T001730,2026-09-05T00:16:17.768258+00:00,8c0e8a5546602ad93d35d9fdf941844c41365c5b,a75e530d0fb51581ad6800f84b3875233778801491f02236917862faf9b424ec,folds_v1,real_test_v1,ndvi-context-v1,63e6fc8f9b1cbfd3ceed5a54db64d2924945c2bba22da868160cb6bd332c5707,linear,{},2017,CV-C/0/0,0.17877237430979828,0.0,0.17877237430979828,,,4.152728208980989,511.140625,artifacts/ml/baseline_v1/oof_predictions.csv.gz,measured; selection uses four-mode composite
baseline_v1_seasonal_crop_C_0_0_20260905T001730,2026-09-05T00:16:17.768258+00:00,8c0e8a5546602ad93d35d9fdf941844c41365c5b,a75e530d0fb51581ad6800f84b3875233778801491f02236917862faf9b424ec,folds_v1,real_test_v1,ndvi-context-v1,63e6fc8f9b1cbfd3ceed5a54db64d2924945c2bba22da868160cb6bd332c5707,seasonal_crop,{},2017,CV-C/0/0,0.17890329108196942,0.0,0.17890329108196942,,,4.151244208973367,511.140625,artifacts/ml/baseline_v1/oof_predictions.csv.gz,measured; selection uses four-mode composite
baseline_v1_pchip_C_0_0_20260905T001730,2026-09-05T00:16:17.768258+00:00,8c0e8a5546602ad93d35d9fdf941844c41365c5b,a75e530d0fb51581ad6800f84b3875233778801491f02236917862faf9b424ec,folds_v1,real_test_v1,ndvi-context-v1,63e6fc8f9b1cbfd3ceed5a54db64d2924945c2bba22da868160cb6bd332c5707,pchip,{},2017,CV-C/0/0,0.17877237430979828,0.0,0.17877237430979828,,,4.151625916972989,511.140625,artifacts/ml/baseline_v1/oof_predictions.csv.gz,measured; selection uses four-mode composite
baseline_v1_akima_C_0_0_20260905T001730,2026-09-05T00:16:17.768258+00:00,8c0e8a5546602ad93d35d9fdf941844c41365c5b,a75e530d0fb51581ad6800f84b3875233778801491f02236917862faf9b424ec,folds_v1,real_test_v1,ndvi-context-v1,63e6fc8f9b1cbfd3ceed5a54db64d2924945c2bba22da868160cb6bd332c5707,akima,{},2017,CV-C/0/0,0.17877237430979828,0.0,0.17877237430979828,,,4.151722542010248,511.140625,artifacts/ml/baseline_v1/oof_predictions.csv.gz,measured; selection uses four-mode composite
baseline_v1_nearest_left_D_0_0_20260905T001730,2026-09-05T00:16:17.768258+00:00,8c0e8a5546602ad93d35d9fdf941844c41365c5b,a75e530d0fb51581ad6800f84b3875233778801491f02236917862faf9b424ec,folds_v1,real_test_v1,ndvi-context-v1,63e6fc8f9b1cbfd3ceed5a54db64d2924945c2bba22da868160cb6bd332c5707,nearest_left,{},3017,CV-D/0/0,0.18448192195738047,0.0,,0.18448192195738047,0.18448192195738047,1.387410875002388,511.140625,artifacts/ml/baseline_v1/oof_predictions.csv.gz,measured; selection uses four-mode composite
baseline_v1_nearest_right_D_0_0_20260905T001730,2026-09-05T00:16:17.768258+00:00,8c0e8a5546602ad93d35d9fdf941844c41365c5b,a75e530d0fb51581ad6800f84b3875233778801491f02236917862faf9b424ec,folds_v1,real_test_v1,ndvi-context-v1,63e6fc8f9b1cbfd3ceed5a54db64d2924945c2bba22da868160cb6bd332c5707,nearest_right,{},3017,CV-D/0/0,0.18448192195738047,0.0,,0.18448192195738047,0.18448192195738047,1.3869802909903228,511.140625,artifacts/ml/baseline_v1/oof_predictions.csv.gz,measured; selection uses four-mode composite
baseline_v1_mean_neighbors_D_0_0_20260905T001730,2026-09-05T00:16:17.768258+00:00,8c0e8a5546602ad93d35d9fdf941844c41365c5b,a75e530d0fb51581ad6800f84b3875233778801491f02236917862faf9b424ec,folds_v1,real_test_v1,ndvi-context-v1,63e6fc8f9b1cbfd3ceed5a54db64d2924945c2bba22da868160cb6bd332c5707,mean_neighbors,{},3017,CV-D/0/0,0.18448192195738047,0.0,,0.18448192195738047,0.18448192195738047,1.3868972909986041,511.140625,artifacts/ml/baseline_v1/oof_predictions.csv.gz,measured; selection uses four-mode composite
baseline_v1_linear_D_0_0_20260905T001730,2026-09-05T00:16:17.768258+00:00,8c0e8a5546602ad93d35d9fdf941844c41365c5b,a75e530d0fb51581ad6800f84b3875233778801491f02236917862faf9b424ec,folds_v1,real_test_v1,ndvi-context-v1,63e6fc8f9b1cbfd3ceed5a54db64d2924945c2bba22da868160cb6bd332c5707,linear,{},3017,CV-D/0/0,0.18448192195738047,0.0,,0.18448192195738047,0.18448192195738047,1.3868089579918887,511.140625,artifacts/ml/baseline_v1/oof_predictions.csv.gz,measured; selection uses four-mode composite
baseline_v1_seasonal_crop_D_0_0_20260905T001730,2026-09-05T00:16:17.768258+00:00,8c0e8a5546602ad93d35d9fdf941844c41365c5b,a75e530d0fb51581ad6800f84b3875233778801491f02236917862faf9b424ec,folds_v1,real_test_v1,ndvi-context-v1,63e6fc8f9b1cbfd3ceed5a54db64d2924945c2bba22da868160cb6bd332c5707,seasonal_crop,{},3017,CV-D/0/0,0.22213155702296977,0.0,,0.22213155702296977,0.22213155702296977,1.3870834579865914,511.140625,artifacts/ml/baseline_v1/oof_predictions.csv.gz,measured; selection uses four-mode composite
baseline_v1_pchip_D_0_0_20260905T001730,2026-09-05T00:16:17.768258+00:00,8c0e8a5546602ad93d35d9fdf941844c41365c5b,a75e530d0fb51581ad6800f84b3875233778801491f02236917862faf9b424ec,folds_v1,real_test_v1,ndvi-context-v1,63e6fc8f9b1cbfd3ceed5a54db64d2924945c2bba22da868160cb6bd332c5707,pchip,{},3017,CV-D/0/0,0.18448192195738047,0.0,,0.18448192195738047,0.18448192195738047,1.386845873988932,511.140625,artifacts/ml/baseline_v1/oof_predictions.csv.gz,measured; selection uses four-mode composite
baseline_v1_akima_D_0_0_20260905T001730,2026-09-05T00:16:17.768258+00:00,8c0e8a5546602ad93d35d9fdf941844c41365c5b,a75e530d0fb51581ad6800f84b3875233778801491f02236917862faf9b424ec,folds_v1,real_test_v1,ndvi-context-v1,63e6fc8f9b1cbfd3ceed5a54db64d2924945c2bba22da868160cb6bd332c5707,akima,{},3017,CV-D/0/0,0.18448192195738047,0.0,,0.18448192195738047,0.18448192195738047,1.3868000829825178,511.140625,artifacts/ml/baseline_v1/oof_predictions.csv.gz,measured; selection uses four-mode composite
baseline_v1_nearest_left_D_0_1_20260905T001730,2026-09-05T00:16:17.768258+00:00,8c0e8a5546602ad93d35d9fdf941844c41365c5b,a75e530d0fb51581ad6800f84b3875233778801491f02236917862faf9b424ec,folds_v1,real_test_v1,ndvi-context-v1,63e6fc8f9b1cbfd3ceed5a54db64d2924945c2bba22da868160cb6bd332c5707,nearest_left,{},3018,CV-D/0/1,0.06085783305564716,11.74,,0.06085783305564716,0.06085783305564716,2.1788256249856204,511.140625,artifacts/ml/baseline_v1/oof_predictions.csv.gz,measured; selection uses four-mode composite
baseline_v1_nearest_right_D_0_1_20260905T001730,2026-09-05T00:16:17.768258+00:00,8c0e8a5546602ad93d35d9fdf941844c41365c5b,a75e530d0fb51581ad6800f84b3875233778801491f02236917862faf9b424ec,folds_v1,real_test_v1,ndvi-context-v1,63e6fc8f9b1cbfd3ceed5a54db64d2924945c2bba22da868160cb6bd332c5707,nearest_right,{},3018,CV-D/0/1,0.06085783305564716,11.74,,0.06085783305564716,0.06085783305564716,2.1632685840013437,511.140625,artifacts/ml/baseline_v1/oof_predictions.csv.gz,measured; selection uses four-mode composite
baseline_v1_mean_neighbors_D_0_1_20260905T001730,2026-09-05T00:16:17.768258+00:00,8c0e8a5546602ad93d35d9fdf941844c41365c5b,a75e530d0fb51581ad6800f84b3875233778801491f02236917862faf9b424ec,folds_v1,real_test_v1,ndvi-context-v1,63e6fc8f9b1cbfd3ceed5a54db64d2924945c2bba22da868160cb6bd332c5707,mean_neighbors,{},3018,CV-D/0/1,0.06085783305564716,11.74,,0.06085783305564716,0.06085783305564716,2.16293950000545,511.140625,artifacts/ml/baseline_v1/oof_predictions.csv.gz,measured; selection uses four-mode composite
baseline_v1_linear_D_0_1_20260905T001730,2026-09-05T00:16:17.768258+00:00,8c0e8a5546602ad93d35d9fdf941844c41365c5b,a75e530d0fb51581ad6800f84b3875233778801491f02236917862faf9b424ec,folds_v1,real_test_v1,ndvi-context-v1,63e6fc8f9b1cbfd3ceed5a54db64d2924945c2bba22da868160cb6bd332c5707,linear,{},3018,CV-D/0/1,0.06085783305564716,11.74,,0.06085783305564716,0.06085783305564716,2.1628789590031374,511.140625,artifacts/ml/baseline_v1/oof_predictions.csv.gz,measured; selection uses four-mode composite
baseline_v1_seasonal_crop_D_0_1_20260905T001730,2026-09-05T00:16:17.768258+00:00,8c0e8a5546602ad93d35d9fdf941844c41365c5b,a75e530d0fb51581ad6800f84b3875233778801491f02236917862faf9b424ec,folds_v1,real_test_v1,ndvi-context-v1,63e6fc8f9b1cbfd3ceed5a54db64d2924945c2bba22da868160cb6bd332c5707,seasonal_crop,{},3018,CV-D/0/1,0.07641855098992983,7.07,,0.07641855098992983,0.07641855098992983,2.16297891701106,511.140625,artifacts/ml/baseline_v1/oof_predictions.csv.gz,measured; selection uses four-mode composite
baseline_v1_pchip_D_0_1_20260905T001730,2026-09-05T00:16:17.768258+00:00,8c0e8a5546602ad93d35d9fdf941844c41365c5b,a75e530d0fb51581ad6800f84b3875233778801491f02236917862faf9b424ec,folds_v1,real_test_v1,ndvi-context-v1,63e6fc8f9b1cbfd3ceed5a54db64d2924945c2bba22da868160cb6bd332c5707,pchip,{},3018,CV-D/0/1,0.06085783305564716,11.74,,0.06085783305564716,0.06085783305564716,2.163195667002583,511.140625,artifacts/ml/baseline_v1/oof_predictions.csv.gz,measured; selection uses four-mode composite
baseline_v1_akima_D_0_1_20260905T001730,2026-09-05T00:16:17.768258+00:00,8c0e8a5546602ad93d35d9fdf941844c41365c5b,a75e530d0fb51581ad6800f84b3875233778801491f02236917862faf9b424ec,folds_v1,real_test_v1,ndvi-context-v1,63e6fc8f9b1cbfd3ceed5a54db64d2924945c2bba22da868160cb6bd332c5707,akima,{},3018,CV-D/0/1,0.06085783305564716,11.74,,0.06085783305564716,0.06085783305564716,2.1632677910092752,511.140625,artifacts/ml/baseline_v1/oof_predictions.csv.gz,measured; selection uses four-mode composite
baseline_v1_nearest_left_D_0_2_20260905T001730,2026-09-05T00:16:17.768258+00:00,8c0e8a5546602ad93d35d9fdf941844c41365c5b,a75e530d0fb51581ad6800f84b3875233778801491f02236917862faf9b424ec,folds_v1,real_test_v1,ndvi-context-v1,63e6fc8f9b1cbfd3ceed5a54db64d2924945c2bba22da868160cb6bd332c5707,nearest_left,{},3019,CV-D/0/2,0.08285966244789539,5.14,,0.08285966244789539,0.08285966244789539,1.4359928330231924,511.140625,artifacts/ml/baseline_v1/oof_predictions.csv.gz,measured; selection uses four-mode composite
baseline_v1_nearest_right_D_0_2_20260905T001730,2026-09-05T00:16:17.768258+00:00,8c0e8a5546602ad93d35d9fdf941844c41365c5b,a75e530d0fb51581ad6800f84b3875233778801491f02236917862faf9b424ec,folds_v1,real_test_v1,ndvi-context-v1,63e6fc8f9b1cbfd3ceed5a54db64d2924945c2bba22da868160cb6bd332c5707,nearest_right,{},3019,CV-D/0/2,0.08285966244789539,5.14,,0.08285966244789539,0.08285966244789539,1.435999332985375,511.140625,artifacts/ml/baseline_v1/oof_predictions.csv.gz,measured; selection uses four-mode composite
baseline_v1_mean_neighbors_D_0_2_20260905T001730,2026-09-05T00:16:17.768258+00:00,8c0e8a5546602ad93d35d9fdf941844c41365c5b,a75e530d0fb51581ad6800f84b3875233778801491f02236917862faf9b424ec,folds_v1,real_test_v1,ndvi-context-v1,63e6fc8f9b1cbfd3ceed5a54db64d2924945c2bba22da868160cb6bd332c5707,mean_neighbors,{},3019,CV-D/0/2,0.08285966244789539,5.14,,0.08285966244789539,0.08285966244789539,1.4357644580013584,511.140625,artifacts/ml/baseline_v1/oof_predictions.csv.gz,measured; selection uses four-mode composite
baseline_v1_linear_D_0_2_20260905T001730,2026-09-05T00:16:17.768258+00:00,8c0e8a5546602ad93d35d9fdf941844c41365c5b,a75e530d0fb51581ad6800f84b3875233778801491f02236917862faf9b424ec,folds_v1,real_test_v1,ndvi-context-v1,63e6fc8f9b1cbfd3ceed5a54db64d2924945c2bba22da868160cb6bd332c5707,linear,{},3019,CV-D/0/2,0.08285966244789539,5.14,,0.08285966244789539,0.08285966244789539,1.435584833001485,511.140625,artifacts/ml/baseline_v1/oof_predictions.csv.gz,measured; selection uses four-mode composite
baseline_v1_seasonal_crop_D_0_2_20260905T001730,2026-09-05T00:16:17.768258+00:00,8c0e8a5546602ad93d35d9fdf941844c41365c5b,a75e530d0fb51581ad6800f84b3875233778801491f02236917862faf9b424ec,folds_v1,real_test_v1,ndvi-context-v1,63e6fc8f9b1cbfd3ceed5a54db64d2924945c2bba22da868160cb6bd332c5707,seasonal_crop,{},3019,CV-D/0/2,0.09569061284718823,1.29,,0.09569061284718823,0.09569061284718823,1.4359848329913802,511.140625,artifacts/ml/baseline_v1/oof_predictions.csv.gz,measured; selection uses four-mode composite
baseline_v1_pchip_D_0_2_20260905T001730,2026-09-05T00:16:17.768258+00:00,8c0e8a5546602ad93d35d9fdf941844c41365c5b,a75e530d0fb51581ad6800f84b3875233778801491f02236917862faf9b424ec,folds_v1,real_test_v1,ndvi-context-v1,63e6fc8f9b1cbfd3ceed5a54db64d2924945c2bba22da868160cb6bd332c5707,pchip,{},3019,CV-D/0/2,0.08285966244789539,5.14,,0.08285966244789539,0.08285966244789539,1.435778625018429,511.140625,artifacts/ml/baseline_v1/oof_predictions.csv.gz,measured; selection uses four-mode composite
baseline_v1_akima_D_0_2_20260905T001730,2026-09-05T00:16:17.768258+00:00,8c0e8a5546602ad93d35d9fdf941844c41365c5b,a75e530d0fb51581ad6800f84b3875233778801491f02236917862faf9b424ec,folds_v1,real_test_v1,ndvi-context-v1,63e6fc8f9b1cbfd3ceed5a54db64d2924945c2bba22da868160cb6bd332c5707,akima,{},3019,CV-D/0/2,0.08285966244789539,5.14,,0.08285966244789539,0.08285966244789539,1.4358444990066346,511.140625,artifacts/ml/baseline_v1/oof_predictions.csv.gz,measured; selection uses four-mode composite
baseline_v1_nearest_left_D_0_3_20260905T001730,2026-09-05T00:16:17.768258+00:00,8c0e8a5546602ad93d35d9fdf941844c41365c5b,a75e530d0fb51581ad6800f84b3875233778801491f02236917862faf9b424ec,folds_v1,real_test_v1,ndvi-context-v1,63e6fc8f9b1cbfd3ceed5a54db64d2924945c2bba22da868160cb6bd332c5707,nearest_left,{},3020,CV-D/0/3,0.11085056269045983,0.0,,0.11085056269045983,0.11085056269045983,1.8681480839732103,511.140625,artifacts/ml/baseline_v1/oof_predictions.csv.gz,measured; selection uses four-mode composite
baseline_v1_nearest_right_D_0_3_20260905T001730,2026-09-05T00:16:17.768258+00:00,8c0e8a5546602ad93d35d9fdf941844c41365c5b,a75e530d0fb51581ad6800f84b3875233778801491f02236917862faf9b424ec,folds_v1,real_test_v1,ndvi-context-v1,63e6fc8f9b1cbfd3ceed5a54db64d2924945c2bba22da868160cb6bd332c5707,nearest_right,{},3020,CV-D/0/3,0.11085056269045983,0.0,,0.11085056269045983,0.11085056269045983,1.8679465419845656,511.140625,artifacts/ml/baseline_v1/oof_predictions.csv.gz,measured; selection uses four-mode composite
baseline_v1_mean_neighbors_D_0_3_20260905T001730,2026-09-05T00:16:17.768258+00:00,8c0e8a5546602ad93d35d9fdf941844c41365c5b,a75e530d0fb51581ad6800f84b3875233778801491f02236917862faf9b424ec,folds_v1,real_test_v1,ndvi-context-v1,63e6fc8f9b1cbfd3ceed5a54db64d2924945c2bba22da868160cb6bd332c5707,mean_neighbors,{},3020,CV-D/0/3,0.11085056269045983,0.0,,0.11085056269045983,0.11085056269045983,1.867851499991957,511.140625,artifacts/ml/baseline_v1/oof_predictions.csv.gz,measured; selection uses four-mode composite
baseline_v1_linear_D_0_3_20260905T001730,2026-09-05T00:16:17.768258+00:00,8c0e8a5546602ad93d35d9fdf941844c41365c5b,a75e530d0fb51581ad6800f84b3875233778801491f02236917862faf9b424ec,folds_v1,real_test_v1,ndvi-context-v1,63e6fc8f9b1cbfd3ceed5a54db64d2924945c2bba22da868160cb6bd332c5707,linear,{},3020,CV-D/0/3,0.11085056269045983,0.0,,0.11085056269045983,0.11085056269045983,1.867819207982393,511.140625,artifacts/ml/baseline_v1/oof_predictions.csv.gz,measured; selection uses four-mode composite
baseline_v1_seasonal_crop_D_0_3_20260905T001730,2026-09-05T00:16:17.768258+00:00,8c0e8a5546602ad93d35d9fdf941844c41365c5b,a75e530d0fb51581ad6800f84b3875233778801491f02236917862faf9b424ec,folds_v1,real_test_v1,ndvi-context-v1,63e6fc8f9b1cbfd3ceed5a54db64d2924945c2bba22da868160cb6bd332c5707,seasonal_crop,{},3020,CV-D/0/3,0.12540823983989904,0.0,,0.12540823983989904,0.12540823983989904,1.8678101249970496,511.140625,artifacts/ml/baseline_v1/oof_predictions.csv.gz,measured; selection uses four-mode composite
baseline_v1_pchip_D_0_3_20260905T001730,2026-09-05T00:16:17.768258+00:00,8c0e8a5546602ad93d35d9fdf941844c41365c5b,a75e530d0fb51581ad6800f84b3875233778801491f02236917862faf9b424ec,folds_v1,real_test_v1,ndvi-context-v1,63e6fc8f9b1cbfd3ceed5a54db64d2924945c2bba22da868160cb6bd332c5707,pchip,{},3020,CV-D/0/3,0.11085056269045983,0.0,,0.11085056269045983,0.11085056269045983,1.8677885420038365,511.140625,artifacts/ml/baseline_v1/oof_predictions.csv.gz,measured; selection uses four-mode composite
baseline_v1_akima_D_0_3_20260905T001730,2026-09-05T00:16:17.768258+00:00,8c0e8a5546602ad93d35d9fdf941844c41365c5b,a75e530d0fb51581ad6800f84b3875233778801491f02236917862faf9b424ec,folds_v1,real_test_v1,ndvi-context-v1,63e6fc8f9b1cbfd3ceed5a54db64d2924945c2bba22da868160cb6bd332c5707,akima,{},3020,CV-D/0/3,0.11085056269045983,0.0,,0.11085056269045983,0.11085056269045983,1.8678310409886762,511.140625,artifacts/ml/baseline_v1/oof_predictions.csv.gz,measured; selection uses four-mode composite
baseline_v1_nearest_left_D_0_4_20260905T001730,2026-09-05T00:16:17.768258+00:00,8c0e8a5546602ad93d35d9fdf941844c41365c5b,a75e530d0fb51581ad6800f84b3875233778801491f02236917862faf9b424ec,folds_v1,real_test_v1,ndvi-context-v1,63e6fc8f9b1cbfd3ceed5a54db64d2924945c2bba22da868160cb6bd332c5707,nearest_left,{},3021,CV-D/0/4,0.11908270935201071,0.0,,0.11908270935201071,0.11908270935201071,1.5859310000087135,511.140625,artifacts/ml/baseline_v1/oof_predictions.csv.gz,measured; selection uses four-mode composite
baseline_v1_nearest_right_D_0_4_20260905T001730,2026-09-05T00:16:17.768258+00:00,8c0e8a5546602ad93d35d9fdf941844c41365c5b,a75e530d0fb51581ad6800f84b3875233778801491f02236917862faf9b424ec,folds_v1,real_test_v1,ndvi-context-v1,63e6fc8f9b1cbfd3ceed5a54db64d2924945c2bba22da868160cb6bd332c5707,nearest_right,{},3021,CV-D/0/4,0.11908270935201071,0.0,,0.11908270935201071,0.11908270935201071,1.5856727080245037,511.140625,artifacts/ml/baseline_v1/oof_predictions.csv.gz,measured; selection uses four-mode composite
baseline_v1_mean_neighbors_D_0_4_20260905T001730,2026-09-05T00:16:17.768258+00:00,8c0e8a5546602ad93d35d9fdf941844c41365c5b,a75e530d0fb51581ad6800f84b3875233778801491f02236917862faf9b424ec,folds_v1,real_test_v1,ndvi-context-v1,63e6fc8f9b1cbfd3ceed5a54db64d2924945c2bba22da868160cb6bd332c5707,mean_neighbors,{},3021,CV-D/0/4,0.11908270935201071,0.0,,0.11908270935201071,0.11908270935201071,1.5856360000034329,511.140625,artifacts/ml/baseline_v1/oof_predictions.csv.gz,measured; selection uses four-mode composite
baseline_v1_linear_D_0_4_20260905T001730,2026-09-05T00:16:17.768258+00:00,8c0e8a5546602ad93d35d9fdf941844c41365c5b,a75e530d0fb51581ad6800f84b3875233778801491f02236917862faf9b424ec,folds_v1,real_test_v1,ndvi-context-v1,63e6fc8f9b1cbfd3ceed5a54db64d2924945c2bba22da868160cb6bd332c5707,linear,{},3021,CV-D/0/4,0.11908270935201071,0.0,,0.11908270935201071,0.11908270935201071,1.5856720830197446,511.140625,artifacts/ml/baseline_v1/oof_predictions.csv.gz,measured; selection uses four-mode composite
baseline_v1_seasonal_crop_D_0_4_20260905T001730,2026-09-05T00:16:17.768258+00:00,8c0e8a5546602ad93d35d9fdf941844c41365c5b,a75e530d0fb51581ad6800f84b3875233778801491f02236917862faf9b424ec,folds_v1,real_test_v1,ndvi-context-v1,63e6fc8f9b1cbfd3ceed5a54db64d2924945c2bba22da868160cb6bd332c5707,seasonal_crop,{},3021,CV-D/0/4,0.138109495311076,0.0,,0.138109495311076,0.138109495311076,1.5856015000026673,511.140625,artifacts/ml/baseline_v1/oof_predictions.csv.gz,measured; selection uses four-mode composite
baseline_v1_pchip_D_0_4_20260905T001730,2026-09-05T00:16:17.768258+00:00,8c0e8a5546602ad93d35d9fdf941844c41365c5b,a75e530d0fb51581ad6800f84b3875233778801491f02236917862faf9b424ec,folds_v1,real_test_v1,ndvi-context-v1,63e6fc8f9b1cbfd3ceed5a54db64d2924945c2bba22da868160cb6bd332c5707,pchip,{},3021,CV-D/0/4,0.11908270935201071,0.0,,0.11908270935201071,0.11908270935201071,1.5858162920048926,511.140625,artifacts/ml/baseline_v1/oof_predictions.csv.gz,measured; selection uses four-mode composite
baseline_v1_akima_D_0_4_20260905T001730,2026-09-05T00:16:17.768258+00:00,8c0e8a5546602ad93d35d9fdf941844c41365c5b,a75e530d0fb51581ad6800f84b3875233778801491f02236917862faf9b424ec,folds_v1,real_test_v1,ndvi-context-v1,63e6fc8f9b1cbfd3ceed5a54db64d2924945c2bba22da868160cb6bd332c5707,akima,{},3021,CV-D/0/4,0.11908270935201071,0.0,,0.11908270935201071,0.11908270935201071,1.5855782080325298,511.140625,artifacts/ml/baseline_v1/oof_predictions.csv.gz,measured; selection uses four-mode composite
catboost_A_0_0,2026-09-05T02:05:05.853861+00:00,unavailable,a75e530d0fb51581ad6800f84b3875233778801491f02236917862faf9b424ec,folds_v1,real_test_v1,ndvi-context-v1,4a56b0f6639348fe72e24773bdebe4d17d74b73107c64c94b496035f6b8a5b34,catboost,{},17,A,0.06543098961672957,10.37,0.057196412801385266,0.0667614177165252,,88.48133001399992,884.64453125,artifacts/ml/trained_gpu_v1/oof_predictions.csv.gz,OOF evaluated; see decisions.json
catboost_A_1_0,2026-09-05T02:05:05.853861+00:00,unavailable,a75e530d0fb51581ad6800f84b3875233778801491f02236917862faf9b424ec,folds_v1,real_test_v1,ndvi-context-v1,4a56b0f6639348fe72e24773bdebe4d17d74b73107c64c94b496035f6b8a5b34,catboost,{},29,A,0.06978715828204753,9.06,0.062409497757473835,0.07097800716457937,,87.38965336199999,885.75,artifacts/ml/trained_gpu_v1/oof_predictions.csv.gz,OOF evaluated; see decisions.json
catboost_A_2_0,2026-09-05T02:05:05.853861+00:00,unavailable,a75e530d0fb51581ad6800f84b3875233778801491f02236917862faf9b424ec,folds_v1,real_test_v1,ndvi-context-v1,4a56b0f6639348fe72e24773bdebe4d17d74b73107c64c94b496035f6b8a5b34,catboost,{},43,A,0.06767115588114812,9.7,0.06372357934465403,0.068352892210118,,88.21712372299999,895.21875,artifacts/ml/trained_gpu_v1/oof_predictions.csv.gz,OOF evaluated; see decisions.json
catboost_A_3_0,2026-09-05T02:05:05.853861+00:00,unavailable,a75e530d0fb51581ad6800f84b3875233778801491f02236917862faf9b424ec,folds_v1,real_test_v1,ndvi-context-v1,4a56b0f6639348fe72e24773bdebe4d17d74b73107c64c94b496035f6b8a5b34,catboost,{},71,A,0.06476647891243612,10.57,0.058563835938154125,0.06570773862856352,,87.79750938000006,903.4609375,artifacts/ml/trained_gpu_v1/oof_predictions.csv.gz,OOF evaluated; see decisions.json
catboost_A_4_0,2026-09-05T02:05:05.853861+00:00,unavailable,a75e530d0fb51581ad6800f84b3875233778801491f02236917862faf9b424ec,folds_v1,real_test_v1,ndvi-context-v1,4a56b0f6639348fe72e24773bdebe4d17d74b73107c64c94b496035f6b8a5b34,catboost,{},101,A,0.06343258883694919,10.97,0.06268450799950337,0.0635740823918862,,88.47153058700019,903.4609375,artifacts/ml/trained_gpu_v1/oof_predictions.csv.gz,OOF evaluated; see decisions.json
catboost_B_0_0,2026-09-05T02:05:05.853861+00:00,unavailable,a75e530d0fb51581ad6800f84b3875233778801491f02236917862faf9b424ec,folds_v1,real_test_v1,ndvi-context-v1,4a56b0f6639348fe72e24773bdebe4d17d74b73107c64c94b496035f6b8a5b34,catboost,{},1017,B,0.06942458933949189,9.17,,0.06942458933949189,,87.48738985099999,903.4609375,artifacts/ml/trained_gpu_v1/oof_predictions.csv.gz,OOF evaluated; see decisions.json
catboost_B_0_1,2026-09-05T02:05:05.853861+00:00,unavailable,a75e530d0fb51581ad6800f84b3875233778801491f02236917862faf9b424ec,folds_v1,real_test_v1,ndvi-context-v1,4a56b0f6639348fe72e24773bdebe4d17d74b73107c64c94b496035f6b8a5b34,catboost,{},1018,B,0.07160768731099433,8.52,,0.07160768731099433,,87.54566096300005,903.4609375,artifacts/ml/trained_gpu_v1/oof_predictions.csv.gz,OOF evaluated; see decisions.json
catboost_B_0_2,2026-09-05T02:05:05.853861+00:00,unavailable,a75e530d0fb51581ad6800f84b3875233778801491f02236917862faf9b424ec,folds_v1,real_test_v1,ndvi-context-v1,4a56b0f6639348fe72e24773bdebe4d17d74b73107c64c94b496035f6b8a5b34,catboost,{},1019,B,0.06661623530174596,10.02,,0.06661623530174596,,88.61326505299985,903.4609375,artifacts/ml/trained_gpu_v1/oof_predictions.csv.gz,OOF evaluated; see decisions.json
catboost_B_0_3,2026-09-05T02:05:05.853861+00:00,unavailable,a75e530d0fb51581ad6800f84b3875233778801491f02236917862faf9b424ec,folds_v1,real_test_v1,ndvi-context-v1,4a56b0f6639348fe72e24773bdebe4d17d74b73107c64c94b496035f6b8a5b34,catboost,{},1020,B,0.06747365249332152,9.76,,0.06747365249332152,,87.22426205900001,903.4609375,artifacts/ml/trained_gpu_v1/oof_predictions.csv.gz,OOF evaluated; see decisions.json
catboost_B_0_4,2026-09-05T02:05:05.853861+00:00,unavailable,a75e530d0fb51581ad6800f84b3875233778801491f02236917862faf9b424ec,folds_v1,real_test_v1,ndvi-context-v1,4a56b0f6639348fe72e24773bdebe4d17d74b73107c64c94b496035f6b8a5b34,catboost,{},1021,B,0.08290624806130521,5.13,,0.08290624806130521,,87.88409845900014,903.65625,artifacts/ml/trained_gpu_v1/oof_predictions.csv.gz,OOF evaluated; see decisions.json
catboost_C_0_0,2026-09-05T02:05:05.853861+00:00,unavailable,a75e530d0fb51581ad6800f84b3875233778801491f02236917862faf9b424ec,folds_v1,real_test_v1,ndvi-context-v1,4a56b0f6639348fe72e24773bdebe4d17d74b73107c64c94b496035f6b8a5b34,catboost,{},2017,C,0.24660626788737033,0.0,0.24660626788737033,,,87.52062532400032,903.65625,artifacts/ml/trained_gpu_v1/oof_predictions.csv.gz,OOF evaluated; see decisions.json
catboost_D_0_0,2026-09-05T02:05:05.853861+00:00,unavailable,a75e530d0fb51581ad6800f84b3875233778801491f02236917862faf9b424ec,folds_v1,real_test_v1,ndvi-context-v1,4a56b0f6639348fe72e24773bdebe4d17d74b73107c64c94b496035f6b8a5b34,catboost,{},3017,D,0.18488294951033216,0.0,,0.18488294951033216,0.18488294951033216,86.1533947060002,903.65625,artifacts/ml/trained_gpu_v1/oof_predictions.csv.gz,OOF evaluated; see decisions.json
catboost_D_0_1,2026-09-05T02:05:05.853861+00:00,unavailable,a75e530d0fb51581ad6800f84b3875233778801491f02236917862faf9b424ec,folds_v1,real_test_v1,ndvi-context-v1,4a56b0f6639348fe72e24773bdebe4d17d74b73107c64c94b496035f6b8a5b34,catboost,{},3018,D,0.060917596406235654,11.72,,0.060917596406235654,0.060917596406235654,86.18382312199992,903.65625,artifacts/ml/trained_gpu_v1/oof_predictions.csv.gz,OOF evaluated; see decisions.json
catboost_D_0_2,2026-09-05T02:05:05.853861+00:00,unavailable,a75e530d0fb51581ad6800f84b3875233778801491f02236917862faf9b424ec,folds_v1,real_test_v1,ndvi-context-v1,4a56b0f6639348fe72e24773bdebe4d17d74b73107c64c94b496035f6b8a5b34,catboost,{},3019,D,0.0739052169354137,7.83,,0.0739052169354137,0.0739052169354137,86.71305889999985,903.65625,artifacts/ml/trained_gpu_v1/oof_predictions.csv.gz,OOF evaluated; see decisions.json
catboost_D_0_3,2026-09-05T02:05:05.853861+00:00,unavailable,a75e530d0fb51581ad6800f84b3875233778801491f02236917862faf9b424ec,folds_v1,real_test_v1,ndvi-context-v1,4a56b0f6639348fe72e24773bdebe4d17d74b73107c64c94b496035f6b8a5b34,catboost,{},3020,D,0.11703659895709145,0.0,,0.11703659895709145,0.11703659895709145,86.34704699600024,903.65625,artifacts/ml/trained_gpu_v1/oof_predictions.csv.gz,OOF evaluated; see decisions.json
catboost_D_0_4,2026-09-05T02:05:05.853861+00:00,unavailable,a75e530d0fb51581ad6800f84b3875233778801491f02236917862faf9b424ec,folds_v1,real_test_v1,ndvi-context-v1,4a56b0f6639348fe72e24773bdebe4d17d74b73107c64c94b496035f6b8a5b34,catboost,{},3021,D,0.10244376978629445,0.0,,0.10244376978629445,0.10244376978629445,86.39714235899964,903.76953125,artifacts/ml/trained_gpu_v1/oof_predictions.csv.gz,OOF evaluated; see decisions.json
