anon_polygon_id,date,primary_ndvi_pred
AOI-0001,2010-08-29,0.20024491906189112
AOI-0001,2010-10-25,0.16735122895201637
AOI-0001,2011-06-13,0.69158024336015012
AOI-0001,2011-09-18,0.28455237379092274
AOI-0001,2011-09-26,0.30652873771922551
AOI-0001,2011-09-30,0.35859426577752823
AOI-0001,2012-05-24,0.73046162430612915
AOI-0001,2012-07-09,0.25367066127026394
AOI-0001,2012-07-11,0.28444741817301744
AOI-0001,2012-08-10,0.1744960119321062
AOI-0001,2012-08-12,0.22860018904793708
AOI-0001,2012-10-15,0.40897241229923637
AOI-0001,2013-05-01,0.83345029472038235
AOI-0001,2013-07-12,0.27158841618436114
AOI-0001,2013-09-30,0.47000591115779877
AOI-0001,2014-04-18,0.2572702838330756
AOI-0001,2014-05-25,0.53177187906099543
AOI-0001,2014-06-26,0.75755262231971632
AOI-0001,2014-07-15,0.73588905424642803
AOI-0001,2014-07-28,0.67324729758044499
AOI-0001,2014-08-09,0.40141594965894123
AOI-0001,2014-08-13,0.40597340906810142
AOI-0001,2014-10-03,0.22715058969654672
AOI-0001,2014-10-16,0.26304210313183241
AOI-0001,2015-04-13,0.42895269732352048
AOI-0001,2015-08-11,0.2195588728316466
AOI-0001,2015-08-12,0.21072118607645335
AOI-0001,2015-08-27,0.22372886492676403
AOI-0001,2015-09-20,0.19515240480379401
AOI-0001,2015-09-28,0.19667186703179185
AOI-0001,2016-06-27,0.30171172933851353
AOI-0001,2016-07-04,0.30192156599769698
AOI-0001,2016-07-20,0.31033634202982052
AOI-0001,2016-07-27,0.3352881352226979
AOI-0001,2016-08-29,0.28395172963966026
AOI-0001,2016-08-30,0.27686281902986576
AOI-0001,2016-09-15,0.43122412894274437
AOI-0001,2016-09-29,0.50526285034906793
AOI-0001,2017-05-12,0.75007963283521217
AOI-0001,2017-06-29,0.53295139253167201
AOI-0001,2017-07-12,0.46201430493639212
AOI-0001,2017-08-09,0.33365246397199938
AOI-0001,2017-08-29,0.26288945652285978
AOI-0001,2017-09-08,0.19763346223847816
AOI-0001,2017-09-14,0.23507849948799353
AOI-0001,2018-04-05,0.48374249709056905
AOI-0001,2018-04-23,0.69456011608452861
AOI-0001,2018-05-01,0.79786839517052166
AOI-0001,2018-06-08,0.64852636167476652
AOI-0001,2018-07-12,0.24546496956462205
AOI-0001,2018-09-28,0.14581885210060436
AOI-0001,2018-10-13,0.16531026539512894
AOI-0001,2019-05-11,0.54417365344870183
AOI-0001,2019-05-31,0.68919101226924928
AOI-0001,2019-06-04,0.69178754871834536
AOI-0001,2019-06-05,0.69647451665529059
AOI-0001,2019-06-25,0.37080212219839048
AOI-0001,2019-07-12,0.39557232035999762
AOI-0001,2019-07-22,0.43190601684147167
AOI-0001,2019-07-29,0.44330938121173302
AOI-0001,2019-08-30,0.25738280104316302
AOI-0001,2019-09-07,0.24503801513409312
AOI-0001,2019-09-08,0.23972421517524101
AOI-0001,2019-09-18,0.065788888511511906
AOI-0001,2020-04-03,0.5427684158557653
AOI-0001,2020-04-26,0.67812728050674442
AOI-0001,2020-05-30,0.81827556351341824
AOI-0001,2020-06-09,0.80003065680786523
AOI-0001,2020-07-14,0.20806647226819133
AOI-0001,2020-07-23,0.20299574325730554
AOI-0001,2020-07-27,0.21766095095327095
AOI-0001,2020-08-08,0.20177237071812168
AOI-0001,2020-09-01,0.31078869923464508
AOI-0001,2020-09-02,0.28617212927789948
AOI-0001,2020-09-12,0.23456764586790907
AOI-0001,2020-09-22,0.21243327170755749
AOI-0001,2020-09-29,0.21703707126922867
AOI-0001,2020-10-11,0.20376108937107207
AOI-0001,2020-10-12,0.1447510266048499
AOI-0001,2020-10-19,0.15633195995422899
AOI-0001,2021-05-15,0.47569941894710366
AOI-0001,2021-05-20,0.47026802711426097
AOI-0001,2021-06-10,0.46686442651478394
AOI-0001,2021-07-02,0.65468619255254423
AOI-0001,2021-07-24,0.6818995394752988
AOI-0001,2021-09-17,0.23184010781962777
AOI-0001,2022-04-25,0.59327152490929391
AOI-0001,2022-06-03,0.77307627985126215
AOI-0001,2022-09-02,0.23386125448941275
AOI-0001,2022-09-30,0.19344365405405028
AOI-0001,2022-10-01,0.17066897674424611
AOI-0001,2022-10-17,0.20494254512896459
AOI-0001,2023-05-25,0.81332215854126888
AOI-0001,2023-06-23,0.77472067386151167
AOI-0001,2023-07-15,0.25831723772634241
AOI-0001,2023-07-29,0.21960011351747774
AOI-0001,2023-08-03,0.21787254394433619
AOI-0001,2023-08-08,0.22313818427133592
AOI-0001,2023-08-13,0.24842039166426375
AOI-0001,2023-08-17,0.24589815884307151
AOI-0001,2023-08-28,0.2160926797213652
AOI-0001,2023-08-29,0.26544092093018845
AOI-0001,2023-09-12,0.24496841454437823
AOI-0001,2024-04-06,0.64114954807865021
AOI-0001,2024-05-24,0.79681053758204456
AOI-0001,2024-06-01,0.67104862938458965
AOI-0001,2024-06-03,0.65624283392547667
AOI-0001,2024-06-09,0.58725487844949231
AOI-0001,2024-06-13,0.54665013774426141
AOI-0001,2024-06-17,0.52919659195229241
AOI-0001,2024-06-23,0.39813099790386092
AOI-0001,2024-06-25,0.39748836809164889
AOI-0001,2024-07-03,0.29912268033647982
AOI-0001,2024-09-11,0.15711498107849878
AOI-0001,2024-09-13,0.18175655351493947
AOI-0001,2024-09-16,0.16447760695026523
AOI-0001,2024-09-29,0.18970635807465785
AOI-0001,2025-04-23,0.38879357755455557
AOI-0001,2025-05-03,0.34317904467217286
AOI-0001,2025-06-03,0.49592918185375051
AOI-0001,2025-06-27,0.64131174270737989
AOI-0001,2025-07-05,0.57433872397704255
AOI-0001,2025-07-12,0.45602711840743709
AOI-0001,2025-07-13,0.4376206693650862
AOI-0001,2025-07-23,0.41963315391804679
AOI-0001,2025-07-28,0.41399676814643815
AOI-0001,2025-07-29,0.4217525867590517
AOI-0001,2025-08-02,0.33267064601783281
AOI-0001,2025-10-28,0.19907148822846676
AOI-0002,2025-05-03,0.81323898004840522
AOI-0002,2025-06-03,0.52970272453038758
AOI-0002,2025-06-26,0.41115639894195222
AOI-0002,2025-07-29,0.2224240018005019
AOI-0002,2025-08-02,0.18768283107996597
AOI-0002,2025-08-13,0.21194316160024329
AOI-0002,2025-08-19,0.16495637774037158
AOI-0003,2025-04-01,0.51346581085316856
AOI-0003,2025-04-18,0.78564142349993693
AOI-0003,2025-04-19,0.7955416046431163
AOI-0003,2025-05-06,0.77715817471209325
AOI-0003,2025-06-04,0.74776325587648507
AOI-0003,2025-06-13,0.64886403131638803
AOI-0003,2025-07-07,0.20371477220392889
AOI-0003,2025-07-13,0.21755924550680769
AOI-0003,2025-07-15,0.19638570731927896
AOI-0003,2025-08-04,0.17739739270179017
AOI-0003,2025-08-07,0.19960285212907658
AOI-0003,2025-08-14,0.2156676546350004
AOI-0003,2025-08-22,0.17540635087474171
AOI-0003,2025-08-23,0.17460603017944043
AOI-0004,2025-04-23,0.62791745061283732
AOI-0004,2025-05-04,0.59534663810536459
AOI-0004,2025-05-24,0.63449390146822127
AOI-0004,2025-05-25,0.67089249286473462
AOI-0004,2025-06-30,0.61980044299111592
AOI-0004,2025-07-12,0.49932407640484378
AOI-0004,2025-07-23,0.45996921329194318
AOI-0004,2025-08-02,0.40561660090044493
AOI-0004,2025-09-14,0.34893735100311724
AOI-0004,2025-09-23,0.33239790592910323
AOI-0005,2025-05-01,0.65928810837632079
AOI-0005,2025-05-03,0.67350389987488901
AOI-0005,2025-05-14,0.55228731369715012
AOI-0005,2025-06-11,0.57825955869389323
AOI-0005,2025-07-21,0.39676646918625336
AOI-0005,2025-08-17,0.36242747270839859
AOI-0005,2025-09-01,0.28993632905105449
AOI-0006,2025-04-01,0.25634455228736103
AOI-0006,2025-05-09,0.33082175749686205
AOI-0006,2025-05-25,0.52066010712480959
AOI-0006,2025-07-28,0.44141155777570268
AOI-0006,2025-08-09,0.28059363858834407
AOI-0006,2025-08-22,0.26663205346847879
AOI-0006,2025-08-30,0.22952955887298465
AOI-0006,2025-09-07,0.210895598083083
AOI-0006,2025-10-28,0.20497221785322339
AOI-0007,2025-04-01,0.26681419796813061
AOI-0007,2025-04-18,0.28105216995100674
AOI-0007,2025-04-29,0.41868054846110814
AOI-0007,2025-05-01,0.45441866283797927
AOI-0007,2025-06-26,0.35480811699738896
AOI-0007,2025-07-28,0.17803655357063636
AOI-0007,2025-08-13,0.20768975261975658
AOI-0007,2025-08-14,0.167640753475371
AOI-0007,2025-08-16,0.16530082458945311
AOI-0007,2025-09-11,0.15569332147620124
AOI-0007,2025-09-26,0.18390362056838599
AOI-0008,2025-04-17,0.69205278397477632
AOI-0008,2025-04-24,0.73110762505726035
AOI-0008,2025-05-19,0.82368774188660954
AOI-0008,2025-07-08,0.22507835867651022
AOI-0008,2025-07-15,0.20205674368140464
AOI-0008,2025-07-17,0.19552965546300793
AOI-0008,2025-08-13,0.20743980213556412
AOI-0008,2025-09-01,0.17383669212010694
AOI-0008,2025-09-30,0.21592928510180143
AOI-0008,2025-10-16,0.19366801267950942
AOI-0009,2025-04-01,0.54613802972085035
AOI-0009,2025-04-23,0.75242451954967438
AOI-0009,2025-05-04,0.80140145108066396
AOI-0009,2025-06-30,0.22124147007683753
AOI-0009,2025-07-05,0.22938183903985171
AOI-0009,2025-07-10,0.18964152127619122
AOI-0009,2025-07-25,0.16900796236802179
AOI-0009,2025-08-12,0.19073543828332912
AOI-0009,2025-08-17,0.17836834663560519
AOI-0009,2025-08-22,0.18581809855243278
AOI-0009,2025-08-24,0.17702311307398844
AOI-0009,2025-09-14,0.20434958595358224
AOI-0009,2025-09-16,0.16958068901072881
AOI-0009,2025-09-25,0.17861608266264417
AOI-0009,2025-10-03,0.16344313510329106
AOI-0010,2010-06-19,0.3535432745401007
AOI-0010,2010-08-06,0.25088479388039242
AOI-0010,2010-08-22,0.25599531888116173
AOI-0010,2011-06-14,0.48181722830414742
AOI-0010,2011-07-12,0.32103050239650749
AOI-0010,2011-08-09,0.26021607350476567
AOI-0010,2011-08-13,0.2914647961919723
AOI-0010,2011-09-10,0.23639687848132676
AOI-0010,2012-04-13,0.34680563037786727
AOI-0010,2012-08-03,0.23750975861180393
AOI-0010,2013-04-16,0.67272155658679877
AOI-0010,2013-05-25,0.60309090756421269
AOI-0010,2013-06-26,0.3194067745671072
AOI-0010,2013-07-12,0.28860111816401024
AOI-0010,2014-05-29,0.56197783401124457
AOI-0010,2014-06-06,0.48042706915848699
AOI-0010,2014-06-10,0.42481654082233566
AOI-0010,2014-08-29,0.22808522066976011
AOI-0010,2014-09-30,0.21546561956028248
AOI-0010,2015-04-07,0.23745959867257699
AOI-0010,2015-04-14,0.21377597752117775
AOI-0010,2015-05-25,0.30763704670905845
AOI-0010,2015-10-07,0.22353933967368037
AOI-0010,2016-07-27,0.31206144069171549
AOI-0010,2016-08-12,0.28463814876384086
AOI-0010,2016-09-13,0.24699127239890922
AOI-0010,2017-04-03,0.38376649782755368
AOI-0010,2017-04-07,0.45200436640409841
AOI-0010,2017-08-01,0.18573329494880025
AOI-0010,2017-08-04,0.18075217694756562
AOI-0010,2017-08-13,0.18996601730235169
AOI-0010,2017-08-29,0.20105489447426717
AOI-0010,2018-05-16,0.81484947985151823
AOI-0010,2018-07-28,0.24044710274833905
AOI-0010,2018-08-28,0.18128245766602163
AOI-0010,2018-09-14,0.19094391259027121
AOI-0010,2019-04-06,0.40226580091681324
AOI-0010,2019-04-28,0.7100300798149265
AOI-0010,2019-05-19,0.81935799622841932
AOI-0010,2019-06-20,0.21893603212627899
AOI-0010,2019-06-26,0.2161571791994486
AOI-0010,2019-06-27,0.16452764484330029
AOI-0010,2019-07-20,0.17743288045830266
AOI-0010,2019-08-13,0.24687190962711411
AOI-0010,2019-08-19,0.20887831101530724
AOI-0010,2019-08-21,0.20514895152500198
AOI-0010,2019-09-23,0.12688843794988489
AOI-0010,2020-06-06,0.33045798466681353
AOI-0010,2020-06-09,0.35536440875385378
AOI-0010,2020-07-16,0.12581245762481597
AOI-0010,2020-07-19,0.15212318534740271
AOI-0010,2020-07-26,0.16699950500739255
AOI-0010,2020-07-31,0.16065363036997204
AOI-0010,2020-09-09,0.17385548385387509
AOI-0010,2020-09-13,0.20939185323374673
AOI-0010,2020-09-19,0.13583470351369586
AOI-0010,2020-09-27,0.16595801345567224
AOI-0010,2021-05-05,0.35047251972900806
AOI-0010,2021-05-09,0.3557053598533661
AOI-0010,2021-07-28,0.2868021354241595
AOI-0010,2021-08-05,0.29014001903660286
AOI-0010,2021-09-04,0.31354799633657404
AOI-0010,2021-09-17,0.33957271789889759
AOI-0010,2021-10-27,0.35092843880850277
AOI-0010,2022-06-06,0.69714918761136224
AOI-0010,2022-06-10,0.67125344556316235
AOI-0010,2022-06-11,0.67386596606184257
AOI-0010,2022-07-17,0.27840989692701024
AOI-0010,2022-07-28,0.29850773115065143
AOI-0010,2022-09-08,0.31247926842946616
AOI-0010,2023-04-02,0.46198004997288133
AOI-0010,2023-04-27,0.67588335193635185
AOI-0010,2023-06-08,0.66611407624848218
AOI-0010,2023-06-16,0.5654563623862946
AOI-0010,2023-08-23,0.25679727648926237
AOI-0010,2023-08-30,0.25888377146332292
AOI-0010,2023-09-19,0.24874503164954614
AOI-0010,2024-04-04,0.57492149527332426
AOI-0010,2024-04-26,0.75994712901381833
AOI-0010,2024-05-08,0.77041853272545013
AOI-0010,2024-05-21,0.7054956383353852
AOI-0010,2024-06-18,0.26230796747099
AOI-0010,2024-06-20,0.24366728950483568
AOI-0010,2024-07-08,0.1839891182788283
AOI-0010,2024-07-15,0.1477699643095608
AOI-0010,2024-08-12,0.22235437326750465
AOI-0010,2024-09-06,0.19592107439750406
AOI-0010,2024-09-28,0.18853657740785185
AOI-0010,2024-10-01,0.18933756970857579
AOI-0010,2024-10-15,0.225163524879961
AOI-0010,2024-10-23,0.18499005421815859
AOI-0010,2025-04-16,0.3900224663020635
AOI-0010,2025-04-18,0.42007939974777064
AOI-0010,2025-05-09,0.71210545744586184
AOI-0010,2025-06-05,0.55700737892375907
AOI-0010,2025-06-07,0.54556761415614663
AOI-0010,2025-06-28,0.2187619363383714
AOI-0010,2025-07-05,0.17436655349277994
AOI-0010,2025-07-06,0.18705736642726237
AOI-0010,2025-07-07,0.16735707277614087
AOI-0010,2025-07-25,0.16520262300198629
AOI-0010,2025-07-30,0.16133434179485556
AOI-0010,2025-08-16,0.20343235718511632
AOI-0010,2025-08-27,0.18501676550522184
AOI-0010,2025-09-16,0.21003481898805151
AOI-0010,2025-09-30,0.28384056890576959
AOI-0010,2025-10-05,0.20173413466973855
AOI-0011,2025-04-07,0.62981433805827369
AOI-0011,2025-04-17,0.70994240617027338
AOI-0011,2025-04-23,0.77308165640721993
AOI-0011,2025-04-28,0.79260344572494024
AOI-0011,2025-05-24,0.82922492142787751
AOI-0011,2025-06-03,0.58406746027098888
AOI-0011,2025-07-12,0.25265133232438175
AOI-0011,2025-08-06,0.21928183365654713
AOI-0011,2025-08-14,0.25067140259485249
AOI-0011,2025-08-19,0.20578633548494984
AOI-0011,2025-08-27,0.18050054599811177
AOI-0011,2025-09-30,0.2443323078532392
AOI-0011,2025-10-03,0.17712773908623486
AOI-0011,2025-10-05,0.1533888451092274
AOI-0012,2025-04-01,0.30372563952512976
AOI-0012,2025-04-28,0.51521202704782587
AOI-0012,2025-05-16,0.73610518071805697
AOI-0012,2025-06-03,0.68975649420363727
AOI-0012,2025-06-05,0.58923441597223258
AOI-0012,2025-06-15,0.2902602129315674
AOI-0012,2025-06-26,0.27630630349034052
AOI-0012,2025-07-10,0.19862401796496496
AOI-0012,2025-07-18,0.16189868136432217
AOI-0012,2025-07-30,0.16853503400554742
AOI-0013,2010-04-16,0.70217813513899341
AOI-0013,2010-06-10,0.40320754767390349
AOI-0013,2010-06-19,0.41373306619999406
AOI-0013,2010-10-24,0.18628121707336109
AOI-0013,2011-04-18,0.20330141313382166
AOI-0013,2011-04-26,0.22792008622576865
AOI-0013,2012-05-08,0.46308459249900324
AOI-0013,2012-06-23,0.52546760021804406
AOI-0013,2012-08-12,0.43358716426487132
AOI-0013,2013-04-16,0.27875656072071786
AOI-0013,2013-04-24,0.28769647386430874
AOI-0013,2013-05-02,0.33575642113352516
AOI-0013,2013-05-09,0.41099711888287715
AOI-0013,2013-06-11,0.48032276951240627
AOI-0013,2013-07-12,0.46221389283022202
AOI-0013,2013-07-28,0.45498938252436871
AOI-0013,2014-05-29,0.43774321027238527
AOI-0013,2014-06-10,0.40857177442809267
AOI-0013,2014-07-28,0.38700251914712469
AOI-0013,2014-08-01,0.33862821869427118
AOI-0013,2014-08-08,0.3242082221133365
AOI-0013,2014-08-13,0.36104899792603795
AOI-0013,2015-05-09,0.45421171493565388
AOI-0013,2015-05-23,0.44926140886372012
AOI-0013,2015-07-12,0.58918720160995774
AOI-0013,2015-08-20,0.38527205735173381
AOI-0013,2015-10-07,0.32464111637552406
AOI-0013,2015-10-16,0.34597613927300608
AOI-0013,2016-05-09,0.44747705867751086
AOI-0013,2016-05-10,0.44536281854841697
AOI-0013,2016-08-12,0.61896797191321307
AOI-0013,2016-08-21,0.70518394560389963
AOI-0013,2016-09-13,0.66678205303102489
AOI-0013,2016-10-09,0.48608355680042326
AOI-0013,2017-04-11,0.30336954013523715
AOI-0013,2017-04-28,0.34791375850140438
AOI-0013,2017-05-01,0.35797703894271504
AOI-0013,2017-05-21,0.58565276759112295
AOI-0013,2017-05-29,0.55980262756918253
AOI-0013,2017-06-30,0.68888817728443574
AOI-0013,2017-07-27,0.47028492768682889
AOI-0013,2017-08-08,0.46022542656449295
AOI-0013,2017-08-24,0.42915512085633867
AOI-0013,2017-09-13,0.43854438910786453
AOI-0013,2017-09-17,0.47240174739357421
AOI-0013,2017-09-30,0.45067893452192687
AOI-0013,2018-05-25,0.42055351456512446
AOI-0013,2018-06-08,0.38325776532796396
AOI-0013,2018-06-15,0.38397006243383747
AOI-0013,2018-07-12,0.38808820560597102
AOI-0013,2018-08-13,0.4172585267001046
AOI-0013,2018-08-27,0.42037204156647789
AOI-0013,2018-09-28,0.32627173604893567
AOI-0013,2018-10-06,0.3831400621861043
AOI-0013,2019-04-01,0.25405864106867926
AOI-0013,2019-05-06,0.41232745494762713
AOI-0013,2019-06-02,0.40802478609011872
AOI-0013,2019-06-05,0.41854462242748341
AOI-0013,2019-06-12,0.46044333939374993
AOI-0013,2019-06-25,0.42144091698703767
AOI-0013,2019-07-17,0.38196742890572399
AOI-0013,2019-07-28,0.54269961444026105
AOI-0013,2019-08-24,0.42699556750707424
AOI-0013,2019-08-31,0.48445244947301946
AOI-0013,2019-09-08,0.48863208770611499
AOI-0013,2019-09-13,0.43847964761271074
AOI-0013,2019-10-02,0.48069700102170787
AOI-0013,2019-10-10,0.52768484648159575
AOI-0013,2019-10-17,0.41378464533467596
AOI-0013,2020-04-22,0.36420866392188816
AOI-0013,2020-05-12,0.34769325887842295
AOI-0013,2020-06-24,0.46020686221281493
AOI-0013,2020-06-26,0.46968114300641495
AOI-0013,2020-08-12,0.37699967655039629
AOI-0013,2020-08-15,0.32697123745060969
AOI-0013,2020-08-16,0.36797335295649353
AOI-0013,2020-08-20,0.3578918415601483
AOI-0013,2020-10-27,0.2843869467070409
AOI-0013,2021-04-23,0.36395493892488395
AOI-0013,2021-06-10,0.59851526204257488
AOI-0013,2021-06-11,0.57140463755386817
AOI-0013,2021-06-21,0.5270762346984621
AOI-0013,2021-07-12,0.55017247297121186
AOI-0013,2021-07-14,0.53922400638259294
AOI-0013,2021-08-20,0.46344762048636312
AOI-0013,2021-10-14,0.37972940973069297
AOI-0013,2021-10-16,0.4118724507373468
AOI-0013,2022-04-02,0.48038939007740689
AOI-0013,2022-04-17,0.50318111958191225
AOI-0013,2022-04-24,0.49681303139033656
AOI-0013,2022-04-25,0.48768298132074345
AOI-0013,2022-06-10,0.45987570654661158
AOI-0013,2022-06-16,0.41461472707558678
AOI-0013,2022-06-26,0.45126801342361228
AOI-0013,2022-07-05,0.53896836695962369
AOI-0013,2022-07-17,0.58744931762572772
AOI-0013,2022-07-22,0.55408100644656133
AOI-0013,2022-08-14,0.56624147176316098
AOI-0013,2022-09-14,0.45741500363437054
AOI-0013,2022-10-07,0.37175655571864641
AOI-0013,2022-10-14,0.35866420259243503
AOI-0013,2023-04-10,0.4400624893299539
AOI-0013,2023-06-21,0.54287003125596034
AOI-0013,2023-06-29,0.50777726055260042
AOI-0013,2023-07-06,0.54008955543686232
AOI-0013,2023-07-12,0.51299686965240443
AOI-0013,2023-07-24,0.50072152059209207
AOI-0013,2023-08-05,0.51357891391016797
AOI-0013,2023-08-20,0.50774065592510464
AOI-0013,2023-08-23,0.50258945810692857
AOI-0013,2023-08-26,0.50778831491636944
AOI-0013,2023-09-11,0.49135125378321509
AOI-0013,2023-09-14,0.52906372270999436
AOI-0013,2023-09-24,0.48954214754738112
AOI-0013,2023-10-05,0.44966403919829406
AOI-0013,2023-10-14,0.35836044172847614
AOI-0013,2023-10-17,0.33636840508989818
AOI-0013,2023-10-19,0.33137436227719436
AOI-0013,2024-04-26,0.44492154005757234
AOI-0013,2024-05-04,0.45911210526453539
AOI-0013,2024-05-23,0.51404755426188742
AOI-0013,2024-05-24,0.53818885102089997
AOI-0013,2024-06-30,0.50799893372181337
AOI-0013,2024-07-02,0.55761384405715031
AOI-0013,2024-07-11,0.5334472072955323
AOI-0013,2024-07-26,0.3871196495925685
AOI-0013,2024-07-27,0.40714810551812985
AOI-0013,2024-08-09,0.43487594186479384
AOI-0013,2024-08-11,0.49892760234862055
AOI-0013,2024-09-03,0.47114988927060636
AOI-0013,2024-09-06,0.4723804613869414
AOI-0013,2024-09-26,0.41727236518870747
AOI-0013,2024-10-08,0.3008587229670357
AOI-0013,2025-04-01,0.5441448895658485
AOI-0013,2025-04-28,0.54244804430990845
AOI-0013,2025-05-16,0.52258854667293764
AOI-0013,2025-05-19,0.50517066711750358
AOI-0013,2025-05-24,0.5112818340969939
AOI-0013,2025-07-07,0.51811032195555506
AOI-0013,2025-07-08,0.51860985345758603
AOI-0013,2025-07-14,0.47992140661106408
AOI-0013,2025-07-21,0.53246066245409751
AOI-0013,2025-07-27,0.54898282985135793
AOI-0013,2025-08-15,0.50095828899748662
AOI-0013,2025-09-03,0.41746595054202651
AOI-0013,2025-09-07,0.49617142831343508
AOI-0014,2010-04-07,0.50664926348484818
AOI-0014,2010-04-24,0.71550551086855507
AOI-0014,2010-06-10,0.78172557159843414
AOI-0014,2010-09-23,0.22283046240947169
AOI-0014,2011-04-19,0.22278416346521701
AOI-0014,2011-04-26,0.25802361835577875
AOI-0014,2011-05-09,0.50110241465421246
AOI-0014,2011-05-28,0.65694468990295651
AOI-0014,2011-06-14,0.77728751412572494
AOI-0014,2011-08-01,0.43683698761167111
AOI-0014,2011-09-14,0.24557406016283728
AOI-0014,2011-09-17,0.21460430768070454
AOI-0014,2011-10-27,0.27128589786643742
AOI-0014,2012-05-06,0.69731656147195042
AOI-0014,2012-06-25,0.32609298631788519
AOI-0014,2012-08-28,0.24213147451716449
AOI-0014,2012-09-04,0.215847867436265
AOI-0014,2012-09-11,0.22052298556383926
AOI-0014,2012-09-27,0.2114631593727368
AOI-0014,2013-05-09,0.38935198170330837
AOI-0014,2013-06-11,0.61190391431687186
AOI-0014,2013-06-19,0.65081013166437951
AOI-0014,2013-07-28,0.71583221846407485
AOI-0014,2013-09-14,0.3346553438353308
AOI-0014,2013-09-23,0.26627117999157646
AOI-0014,2014-06-26,0.3940149669168081
AOI-0014,2014-06-29,0.36026281438001984
AOI-0014,2014-08-17,0.21225966178862507
AOI-0014,2014-09-30,0.26321981809245754
AOI-0014,2014-10-27,0.22599067569215447
AOI-0014,2015-04-14,0.37994192208109645
AOI-0014,2015-06-16,0.61516458418898345
AOI-0014,2015-06-26,0.38935970354314986
AOI-0014,2015-07-12,0.39997001482437233
AOI-0014,2015-07-27,0.32606714140524695
AOI-0014,2015-08-28,0.24331418580788466
AOI-0014,2016-04-22,0.3179984890142265
AOI-0014,2016-05-09,0.33665456232656582
AOI-0014,2016-06-03,0.64868498797602303
AOI-0014,2016-06-19,0.82226416852172335
AOI-0014,2016-08-13,0.4326246789212933
AOI-0014,2016-08-30,0.32092128486093402
AOI-0014,2017-04-26,0.76511217275762822
AOI-0014,2017-04-28,0.79315365155356077
AOI-0014,2017-05-21,0.8694593281731392
AOI-0014,2017-05-29,0.8728969592205128
AOI-0014,2017-07-23,0.26249945998587221
AOI-0014,2017-07-31,0.23206682300858283
AOI-0014,2017-08-06,0.16114495690350322
AOI-0014,2017-08-21,0.14584913612592926
AOI-0014,2017-09-10,0.16076751892696273
AOI-0014,2017-09-30,0.22897702391726321
AOI-0014,2017-10-08,0.19148976790878308
AOI-0014,2018-04-07,0.55648906269478637
AOI-0014,2018-05-03,0.77044311990629155
AOI-0014,2018-06-24,0.27689626754903873
AOI-0014,2018-07-18,0.2438994524902095
AOI-0014,2018-08-27,0.20376557757226271
AOI-0014,2018-10-06,0.22009715980418854
AOI-0014,2019-04-01,0.17943156456452419
AOI-0014,2019-04-21,0.24006197200480206
AOI-0014,2019-05-01,0.22554018608967541
AOI-0014,2019-05-09,0.39046749072458864
AOI-0014,2019-05-27,0.69055079742544012
AOI-0014,2019-05-28,0.647161181729909
AOI-0014,2019-06-04,0.75268542516312864
AOI-0014,2019-06-11,0.84581078439911961
AOI-0014,2019-06-15,0.8500005608479354
AOI-0014,2019-06-22,0.77678201712273354
AOI-0014,2019-07-06,0.58441872400878903
AOI-0014,2019-08-14,0.35419702769249367
AOI-0014,2019-08-26,0.18340493575422934
AOI-0014,2020-04-06,0.66970886575395339
AOI-0014,2020-04-07,0.66977829758752039
AOI-0014,2020-04-17,0.65291115466526051
AOI-0014,2020-04-22,0.67647670666673299
AOI-0014,2020-04-25,0.69643531994754571
AOI-0014,2020-05-15,0.67897010805153846
AOI-0014,2020-05-17,0.67246881775051648
AOI-0014,2020-06-04,0.6919901383774969
AOI-0014,2020-06-25,0.26266267290549428
AOI-0014,2020-07-11,0.18752326216093065
AOI-0014,2020-07-27,0.19087920702207822
AOI-0014,2020-08-16,0.1999059782074204
AOI-0014,2020-09-09,0.16741231078125846
AOI-0014,2020-09-24,0.1512121056186273
AOI-0014,2021-04-07,0.33130515210928929
AOI-0014,2021-04-29,0.71551052724262576
AOI-0014,2021-05-25,0.81456591992759186
AOI-0014,2021-08-13,0.22169585745664241
AOI-0014,2021-08-18,0.18890826284127182
AOI-0014,2021-09-14,0.19152610771824446
AOI-0014,2021-10-12,0.1535830350291387
AOI-0014,2021-10-14,0.15645696802510797
AOI-0014,2022-05-15,0.30732804676165482
AOI-0014,2022-05-26,0.40502270366132054
AOI-0014,2022-05-27,0.36119434929019234
AOI-0014,2022-06-24,0.72641764883798443
AOI-0014,2022-07-14,0.81137664548270105
AOI-0014,2022-07-24,0.71950357488801364
AOI-0014,2022-08-22,0.3462722076033764
AOI-0014,2022-08-29,0.26861683511387513
AOI-0014,2022-09-02,0.20270996009851391
AOI-0014,2022-09-08,0.21503004541243304
AOI-0014,2022-09-14,0.21852727779237358
AOI-0014,2023-06-07,0.82082840343848051
AOI-0014,2023-08-10,0.19298789274215475
AOI-0014,2024-04-04,0.58250746942733378
AOI-0014,2024-05-08,0.83290595933267619
AOI-0014,2024-05-09,0.82091957923934977
AOI-0014,2024-05-21,0.82356179686596043
AOI-0014,2024-05-23,0.83089517289871273
AOI-0014,2024-06-08,0.5797858777463667
AOI-0014,2024-07-25,0.15780672967103215
AOI-0014,2024-08-11,0.1757652650218772
AOI-0014,2024-09-01,0.13487259339977628
AOI-0014,2024-09-08,0.14691404634996844
AOI-0014,2024-09-11,0.15997430758800124
AOI-0014,2024-09-18,0.14823956301872013
AOI-0014,2024-09-29,0.18287006580580176
AOI-0014,2024-10-07,0.17195937442358417
AOI-0014,2024-10-30,0.18668822728729334
AOI-0014,2025-04-23,0.28139811089855954
AOI-0014,2025-05-01,0.25052262223149879
AOI-0014,2025-05-27,0.45945975053833615
AOI-0014,2025-06-13,0.46956091801747302
AOI-0014,2025-08-12,0.25056201629815561
AOI-0014,2025-08-15,0.23834193749903135
AOI-0014,2025-08-24,0.22384540521418292
AOI-0014,2025-09-11,0.15845286180676424
AOI-0014,2025-09-14,0.21751823877824136
AOI-0014,2025-09-23,0.1856507706852534
AOI-0014,2025-09-24,0.2036291055192872
AOI-0015,2025-05-04,0.31645661395558189
AOI-0015,2025-05-27,0.48312787992873074
AOI-0015,2025-06-07,0.41420472018816451
AOI-0015,2025-07-03,0.36918488144816397
AOI-0015,2025-07-05,0.36789805013189403
AOI-0015,2025-07-08,0.29237870702763352
AOI-0015,2025-07-13,0.26858429068214895
AOI-0015,2025-07-15,0.24211586115600986
AOI-0015,2025-07-18,0.24241373472335742
AOI-0015,2025-07-21,0.27814326251524035
AOI-0015,2025-07-23,0.25021074218970896
AOI-0015,2025-09-07,0.20074933837112785
AOI-0015,2025-10-13,0.19400845438732442
AOI-0015,2025-10-16,0.24701335491014514
AOI-0015,2025-10-18,0.21019345316302185
AOI-0016,2025-04-19,0.27570975656926822
AOI-0016,2025-05-25,0.46818197553795088
AOI-0016,2025-06-11,0.58643662077779313
AOI-0016,2025-06-26,0.67906117079533479
AOI-0016,2025-07-10,0.76701777150995976
AOI-0016,2025-07-17,0.7532805608341504
AOI-0016,2025-07-18,0.74667546310731403
AOI-0016,2025-08-19,0.36931533191689603
AOI-0016,2025-08-29,0.36944996046901302
AOI-0016,2025-10-17,0.23423748688500981
AOI-0017,2010-06-10,0.60761386881256585
AOI-0017,2010-07-29,0.5711834132229956
AOI-0017,2010-09-23,0.36008138453221405
AOI-0017,2011-04-18,0.30277705726527887
AOI-0017,2011-09-17,0.52539753983470461
AOI-0017,2011-09-26,0.51866698714763049
AOI-0017,2011-09-30,0.52459305758208796
AOI-0017,2011-10-11,0.52298692794086798
AOI-0017,2011-10-27,0.44037614354443122
AOI-0017,2012-07-18,0.60085353658647034
AOI-0017,2012-07-27,0.52838657194741756
AOI-0017,2012-08-28,0.46507254906293916
AOI-0017,2012-09-29,0.40314491385484097
AOI-0017,2013-05-25,0.5853050647680984
AOI-0017,2013-07-12,0.55470667232418203
AOI-0017,2013-08-14,0.41177638029620256
AOI-0017,2013-09-14,0.55749651100459419
AOI-0017,2013-09-30,0.64612213513232974
AOI-0017,2013-10-09,0.63752022992180191
AOI-0017,2013-10-25,0.62379071377611439
AOI-0017,2014-04-23,0.6389212700089304
AOI-0017,2014-06-06,0.5934970188170432
AOI-0017,2014-07-24,0.43149446774308153
AOI-0017,2014-10-04,0.38924560075891412
AOI-0017,2015-04-23,0.42340332619026905
AOI-0017,2015-04-30,0.42248345331662018
AOI-0017,2015-07-11,0.66564930176655013
AOI-0017,2015-07-27,0.59433737626324412
AOI-0017,2015-08-03,0.55828738186475757
AOI-0017,2015-08-29,0.41146499487653848
AOI-0017,2015-10-16,0.449804729891781
AOI-0017,2016-04-06,0.45033197908013078
AOI-0017,2016-04-07,0.41287561652604898
AOI-0017,2016-06-18,0.61739845628136636
AOI-0017,2016-07-05,0.53655473358968342
AOI-0017,2016-07-27,0.57508015610784302
AOI-0017,2016-08-21,0.61391097756873103
AOI-0017,2016-09-15,0.54805984300327537
AOI-0017,2016-10-15,0.53051021305480506
AOI-0017,2016-10-17,0.51768812212427562
AOI-0017,2017-06-06,0.69756141522854409
AOI-0017,2017-07-31,0.61740045176033331
AOI-0017,2017-08-01,0.61481295595881802
AOI-0017,2017-09-02,0.51671243704556657
AOI-0017,2018-04-05,0.43687741761530063
AOI-0017,2018-05-09,0.58834116674325576
AOI-0017,2018-05-23,0.65996240381776849
AOI-0017,2018-06-20,0.59922267658384187
AOI-0017,2018-07-11,0.41129616834292682
AOI-0017,2018-07-12,0.43089788066087226
AOI-0017,2019-04-25,0.42153392062590922
AOI-0017,2019-04-28,0.46695373348900215
AOI-0017,2019-05-13,0.56061946569712429
AOI-0017,2019-05-18,0.59805054151133086
AOI-0017,2019-05-28,0.68223666174657538
AOI-0017,2019-06-04,0.66381737737524926
AOI-0017,2019-06-12,0.68573946119908247
AOI-0017,2019-06-17,0.67280248275556165
AOI-0017,2019-07-17,0.59278956119179083
AOI-0017,2019-08-06,0.64203215676604519
AOI-0017,2019-08-11,0.59393733037466778
AOI-0017,2019-08-24,0.41225035153350431
AOI-0017,2019-08-29,0.48645180649617015
AOI-0017,2019-08-31,0.52157872457627974
AOI-0017,2019-09-13,0.43539210982864174
AOI-0017,2020-04-25,0.37623952397941834
AOI-0017,2020-04-30,0.38889720718955262
AOI-0017,2020-05-08,0.55782584742179531
AOI-0017,2020-06-06,0.64328808028989681
AOI-0017,2020-06-26,0.51566823249180849
AOI-0017,2020-07-26,0.36363922212844002
AOI-0017,2020-08-18,0.41825889549833523
AOI-0017,2020-09-02,0.38603199440917202
AOI-0017,2020-09-04,0.34901804163460376
AOI-0017,2020-09-09,0.39456714478663202
AOI-0017,2020-09-10,0.37496198096110855
AOI-0017,2020-09-19,0.34971654128695617
AOI-0017,2020-10-12,0.31667537278180136
AOI-0017,2021-04-07,0.32020693103930276
AOI-0017,2021-05-20,0.53251650768704761
AOI-0017,2021-07-02,0.63640241383208851
AOI-0017,2021-08-29,0.52056704394087427
AOI-0017,2021-09-04,0.43874599985987583
AOI-0017,2021-09-27,0.47916975817276986
AOI-0017,2021-10-06,0.37816656994753378
AOI-0017,2021-10-27,0.49857248738142312
AOI-0017,2022-04-17,0.64779586396278244
AOI-0017,2022-04-23,0.66080394170890355
AOI-0017,2022-05-26,0.649640469972385
AOI-0017,2022-05-27,0.62998402676587384
AOI-0017,2022-06-03,0.63271068259200003
AOI-0017,2022-06-11,0.61331432284022536
AOI-0017,2022-06-30,0.62586280601411737
AOI-0017,2022-07-12,0.57231281666870837
AOI-0017,2022-07-19,0.58005219327818369
AOI-0017,2022-07-24,0.56382978633534497
AOI-0017,2022-08-07,0.56238419621284363
AOI-0017,2022-08-14,0.5564010686289087
AOI-0017,2022-08-15,0.53471170723997707
AOI-0017,2022-08-23,0.5410648255462388
AOI-0017,2022-08-30,0.48236057703457591
AOI-0017,2022-09-17,0.4449841843413278
AOI-0017,2022-10-19,0.49408524903407003
AOI-0017,2023-04-02,0.51743124805178509
AOI-0017,2023-05-06,0.62075028422671075
AOI-0017,2023-06-11,0.65611935130722665
AOI-0017,2023-06-19,0.68127803179878121
AOI-0017,2023-06-22,0.66032221842325955
AOI-0017,2023-07-24,0.61007934800714114
AOI-0017,2023-09-19,0.46744070023662632
AOI-0017,2023-10-12,0.26521624186582426
AOI-0017,2023-10-16,0.32078470602030607
AOI-0017,2023-10-21,0.32488433389835331
AOI-0017,2024-04-04,0.46922114674134829
AOI-0017,2024-06-05,0.27222589102689759
AOI-0017,2024-06-13,0.25814368773655494
AOI-0017,2024-06-28,0.22846327089719448
AOI-0017,2024-07-19,0.23617059922200367
AOI-0017,2024-08-22,0.25052621260157321
AOI-0017,2024-09-01,0.25170146973154534
AOI-0017,2024-09-21,0.25602453761118227
AOI-0017,2024-09-29,0.22486240275233005
AOI-0017,2024-10-08,0.15710186659151132
AOI-0017,2024-10-22,0.23118178946661783
AOI-0017,2025-05-04,0.84439932359295211
AOI-0017,2025-05-27,0.70375799353530066
AOI-0017,2025-06-07,0.66252833208411999
AOI-0017,2025-06-28,0.33359251269523105
AOI-0017,2025-07-07,0.30873053631096564
AOI-0017,2025-08-23,0.19133639498849531
AOI-0017,2025-09-01,0.20632255280055697
AOI-0017,2025-10-02,0.26120920646114121
AOI-0018,2025-04-19,0.80294199279094225
AOI-0018,2025-05-27,0.63523154207943744
AOI-0018,2025-06-13,0.36126969143557341
AOI-0018,2025-06-15,0.36547667352996521
AOI-0018,2025-07-05,0.27908336352100449
AOI-0018,2025-07-07,0.29039181377173695
AOI-0018,2025-07-14,0.23659713384151851
AOI-0018,2025-07-21,0.30318866034378411
AOI-0018,2025-08-19,0.17767371065768955
AOI-0018,2025-08-27,0.18762797726759248
AOI-0018,2025-09-08,0.17319594119389137
AOI-0018,2025-09-24,0.20356385275303879
AOI-0018,2025-10-17,0.21774823420071551
AOI-0019,2025-04-14,0.51346863605090776
AOI-0019,2025-04-17,0.53900843936902587
AOI-0019,2025-04-28,0.58853255211970557
AOI-0019,2025-05-14,0.5712505729808881
AOI-0019,2025-05-25,0.54702118137940448
AOI-0019,2025-06-15,0.44740696469947022
AOI-0019,2025-06-27,0.42551120692420907
AOI-0019,2025-06-30,0.33976313997681828
AOI-0019,2025-07-10,0.3310526867954347
AOI-0019,2025-07-14,0.28787336774222338
AOI-0019,2025-08-14,0.33790908457934643
AOI-0019,2025-08-31,0.20987244795349566
AOI-0019,2025-09-15,0.22501347159454838
AOI-0019,2025-09-23,0.20898939309918699
AOI-0019,2025-09-24,0.22710564608094114
AOI-0019,2025-10-18,0.19905300784016594
AOI-0020,2025-04-18,0.23755102886458024
AOI-0020,2025-04-23,0.38694355521447882
AOI-0020,2025-05-03,0.37663018028774869
AOI-0020,2025-06-03,0.63021269236843758
AOI-0020,2025-06-11,0.44074987833510515
AOI-0020,2025-07-12,0.38384536707406042
AOI-0020,2025-07-21,0.35012289323488854
AOI-0020,2025-07-29,0.31484365097995237
AOI-0020,2025-07-30,0.28666834452318746
AOI-0020,2025-08-19,0.23423881097121932
AOI-0020,2025-10-13,0.17689164133804514
AOI-0021,2025-04-28,0.42695763327306535
AOI-0021,2025-05-27,0.51242791191528048
AOI-0021,2025-06-03,0.51875283910317083
AOI-0021,2025-07-06,0.37699488351522797
AOI-0021,2025-07-18,0.34138028582070312
AOI-0021,2025-07-29,0.34292893554941978
AOI-0021,2025-08-07,0.27396570827749123
AOI-0021,2025-08-22,0.24161901077276599
AOI-0021,2025-08-30,0.23888813216488164
AOI-0021,2025-09-15,0.22283308273363969
AOI-0021,2025-09-24,0.22100086157071053
AOI-0021,2025-10-03,0.19238712045610629
AOI-0022,2025-04-01,0.52873513885220835
AOI-0022,2025-05-03,0.81693623783195202
AOI-0022,2025-05-06,0.82441095843376311
AOI-0022,2025-05-25,0.83349403118146204
AOI-0022,2025-05-28,0.82777219153272785
AOI-0022,2025-07-08,0.1713109601013928
AOI-0022,2025-07-17,0.14726739417431534
AOI-0022,2025-07-21,0.18078209646077517
AOI-0022,2025-08-27,0.14931413841570945
AOI-0022,2025-08-31,0.15646765329231993
AOI-0022,2025-09-23,0.15455314033826445
AOI-0022,2025-09-24,0.17489414935014011
AOI-0022,2025-09-30,0.22583183749449548
AOI-0023,2025-04-16,0.18578472108893102
AOI-0023,2025-04-17,0.21329366064615962
AOI-0023,2025-04-24,0.2118345505782008
AOI-0023,2025-05-01,0.21232119085728435
AOI-0023,2025-05-04,0.23247955418521199
AOI-0023,2025-06-27,0.74892623741918651
AOI-0023,2025-07-05,0.68971370229923035
AOI-0023,2025-07-14,0.33714061659194577
AOI-0023,2025-07-15,0.31825212507782064
AOI-0023,2025-08-14,0.19283488455145512
AOI-0023,2025-08-22,0.16710130796930114
AOI-0023,2025-08-30,0.17931667818147448
AOI-0023,2025-09-21,0.16698817853396003
AOI-0023,2025-09-23,0.16961932750965822
AOI-0023,2025-10-17,0.19518269692497808
AOI-0024,2025-04-07,0.28156955127323452
AOI-0024,2025-04-23,0.29066263597145658
AOI-0024,2025-05-25,0.40433455506291816
AOI-0024,2025-05-28,0.28624196062057883
AOI-0024,2025-06-05,0.33046189131074677
AOI-0024,2025-07-03,0.5924257767765273
AOI-0024,2025-07-21,0.4100670157115382
AOI-0024,2025-07-25,0.32565597964256882
AOI-0024,2025-08-06,0.34284097057102836
AOI-0024,2025-08-09,0.29433025164974214
AOI-0024,2025-09-14,0.24674092462009961
AOI-0024,2025-09-21,0.20364950405808091
AOI-0024,2025-09-30,0.20732993715324871
AOI-0024,2025-10-02,0.17407702070071662
AOI-0024,2025-10-18,0.18266640955273153
AOI-0025,2025-04-14,0.21087499435164786
AOI-0025,2025-04-23,0.25910481270003527
AOI-0025,2025-04-24,0.18430286843662372
AOI-0025,2025-04-29,0.19800593112817599
AOI-0025,2025-05-09,0.29545485856129139
AOI-0025,2025-06-03,0.22503613135112638
AOI-0025,2025-06-13,0.20889454566397897
AOI-0025,2025-06-27,0.19755084906456727
AOI-0025,2025-07-21,0.17980738381330819
AOI-0025,2025-08-07,0.16741166765974491
AOI-0025,2025-08-30,0.17723418443904582
AOI-0025,2025-09-07,0.17722115756223444
AOI-0025,2025-09-14,0.22137092840998998
AOI-0025,2025-10-17,0.34144046339815193
AOI-0026,2025-04-07,0.56318308923281546
AOI-0026,2025-04-24,0.82390616288879581
AOI-0026,2025-05-09,0.86991985253713699
AOI-0026,2025-06-13,0.6311175714283247
AOI-0026,2025-07-08,0.21639096250092277
AOI-0026,2025-07-10,0.20867857451339561
AOI-0026,2025-07-12,0.22429270993753023
AOI-0026,2025-07-13,0.19807098957237229
AOI-0026,2025-07-18,0.20621005082256577
AOI-0026,2025-07-30,0.1589343928692637
AOI-0026,2025-08-19,0.14313585689441316
AOI-0026,2025-09-08,0.13522081431765276
AOI-0026,2025-09-23,0.1614085342941472
AOI-0026,2025-09-30,0.26544505529261836
AOI-0027,2025-04-16,0.68925845382665663
AOI-0027,2025-04-24,0.735265861419369
AOI-0027,2025-06-13,0.52098459850831857
AOI-0027,2025-06-27,0.4082831924396696
AOI-0027,2025-07-05,0.35574945663547819
AOI-0027,2025-07-12,0.31830514763006185
AOI-0027,2025-07-13,0.27363386193582101
AOI-0027,2025-07-23,0.26817181282606317
AOI-0027,2025-07-29,0.3018454962412021
AOI-0027,2025-08-19,0.28405263080805532
AOI-0027,2025-08-30,0.24883797384371448
AOI-0027,2025-09-16,0.23384929912066349
AOI-0027,2025-10-16,0.53642741836155783
AOI-0028,2010-04-07,0.6041553065820412
AOI-0028,2010-04-15,0.59747492673916125
AOI-0028,2010-10-24,0.17324375882033949
AOI-0028,2011-05-25,0.43834418506590067
AOI-0028,2011-07-28,0.64206625754181146
AOI-0028,2011-08-08,0.53982268157285529
AOI-0028,2011-10-11,0.28383935698431229
AOI-0028,2012-04-22,0.71483776415176792
AOI-0028,2012-09-27,0.19232125409317441
AOI-0028,2012-10-15,0.20901878047338812
AOI-0028,2013-04-07,0.20834090467884603
AOI-0028,2013-06-10,0.26202929019192833
AOI-0028,2013-06-26,0.25391244629514842
AOI-0028,2013-08-29,0.26572177099040883
AOI-0028,2014-04-07,0.60029668571338934
AOI-0028,2014-05-04,0.91145752288095028
AOI-0028,2014-07-28,0.2341088937790633
AOI-0028,2014-10-11,0.19328389896261616
AOI-0028,2015-04-13,0.22144213142208868
AOI-0028,2015-08-27,0.30251336108654464
AOI-0028,2015-09-28,0.19150114700943852
AOI-0028,2016-04-07,0.69534412182438876
AOI-0028,2016-04-23,0.77799494292707005
AOI-0028,2016-06-09,0.6892873865819763
AOI-0028,2016-06-10,0.7010439581940211
AOI-0028,2016-06-25,0.35131491357329026
AOI-0028,2016-07-27,0.25264754594535932
AOI-0028,2016-09-06,0.18911379470018985
AOI-0028,2017-04-26,0.3139103481161884
AOI-0028,2017-07-23,0.20776840800260041
AOI-0028,2017-08-09,0.1625343581885301
AOI-0028,2017-08-13,0.19379522868627225
AOI-0028,2017-08-29,0.20042938800634599
AOI-0028,2017-09-17,0.23577325092429396
AOI-0028,2018-05-11,0.86744014614753784
AOI-0028,2018-08-19,0.20154194744295048
AOI-0028,2018-08-29,0.20693386862912894
AOI-0028,2018-09-12,0.20972048065110202
AOI-0028,2018-10-08,0.1686367496944006
AOI-0028,2019-04-06,0.13856161528292205
AOI-0028,2019-05-02,0.2004047247513393
AOI-0028,2019-05-25,0.24881687503387478
AOI-0028,2019-06-27,0.18095915727466949
AOI-0028,2019-08-09,0.20906262393350888
AOI-0028,2019-08-24,0.16933800171484409
AOI-0028,2019-10-17,0.63344079603641312
AOI-0028,2020-04-25,0.82389502732501452
AOI-0028,2020-05-04,0.84589287635420163
AOI-0028,2020-05-08,0.86072560767569306
AOI-0028,2020-05-30,0.79791012530633576
AOI-0028,2020-07-14,0.21576728500752557
AOI-0028,2020-08-03,0.16674816548025179
AOI-0028,2020-08-08,0.17010684144010763
AOI-0028,2020-09-02,0.1481153692153335
AOI-0028,2020-09-13,0.18476943730244302
AOI-0028,2021-06-14,0.70530798036510089
AOI-0028,2021-06-16,0.75590363204242406
AOI-0028,2021-06-24,0.8277615874592652
AOI-0028,2021-06-26,0.82007606803316579
AOI-0028,2021-07-24,0.75783113398929403
AOI-0028,2021-10-27,0.31828885852004535
AOI-0028,2022-04-07,0.59093334116311702
AOI-0028,2022-04-23,0.82626739841820063
AOI-0028,2022-06-09,0.87744475810311573
AOI-0028,2022-06-29,0.33598363011486126
AOI-0028,2022-07-28,0.20090504284191762
AOI-0028,2022-08-03,0.15374396171008131
AOI-0028,2022-08-08,0.14603309559178049
AOI-0028,2022-08-30,0.16524978971632912
AOI-0028,2022-10-01,0.18903748563851036
AOI-0028,2023-04-07,0.24990866292891181
AOI-0028,2023-04-11,0.21747298922105887
AOI-0028,2023-05-05,0.26675922954971687
AOI-0028,2023-05-09,0.33352660304517157
AOI-0028,2023-06-09,0.25772250215794701
AOI-0028,2023-08-06,0.16258409591255699
AOI-0028,2023-08-23,0.15512831838277752
AOI-0028,2023-08-29,0.18376345116212184
AOI-0028,2023-09-22,0.188722738924122
AOI-0028,2023-09-24,0.19123573216058615
AOI-0028,2023-09-30,0.22207685672929595
AOI-0028,2024-05-07,0.87677195294345656
AOI-0028,2024-05-23,0.78340408620006752
AOI-0028,2024-05-24,0.78275209063341944
AOI-0028,2024-07-27,0.18039022874754379
AOI-0028,2024-08-03,0.18442403684887401
AOI-0028,2024-08-12,0.1690510337175711
AOI-0028,2024-09-11,0.14109661565512252
AOI-0028,2024-09-16,0.14988703460749286
AOI-0028,2025-04-07,0.30110034002924124
AOI-0028,2025-05-24,0.61882593691299226
AOI-0028,2025-05-31,0.63551778532272851
AOI-0028,2025-06-11,0.63234221678305946
AOI-0028,2025-06-26,0.57126079385153861
AOI-0028,2025-06-27,0.58804645455269444
AOI-0028,2025-07-10,0.28598693474176518
AOI-0028,2025-07-13,0.22707110719523088
AOI-0028,2025-07-23,0.1776185598172752
AOI-0028,2025-08-13,0.19689585418561051
AOI-0028,2025-09-08,0.1554081119364211
AOI-0028,2025-09-11,0.16858504562724713
AOI-0028,2025-10-16,0.23052468039221491
AOI-0028,2025-10-28,0.19333230202279553
AOI-0029,2025-04-04,0.51427634239024189
AOI-0029,2025-04-24,0.81336180534998093
AOI-0029,2025-06-08,0.65718771830541778
AOI-0029,2025-06-10,0.6069793619189211
AOI-0029,2025-06-11,0.61074015317426511
AOI-0029,2025-06-13,0.5916763256854739
AOI-0029,2025-07-29,0.15999529380246169
AOI-0029,2025-08-02,0.14382102847600042
AOI-0029,2025-08-19,0.12766970765318034
AOI-0029,2025-09-11,0.14948026896302488
AOI-0029,2025-09-16,0.14855511561908966
AOI-0030,2025-04-21,0.55779340981558811
AOI-0030,2025-04-24,0.60607405159097427
AOI-0030,2025-06-10,0.72905479281537033
AOI-0030,2025-08-07,0.66746511843999201
AOI-0031,2010-06-04,0.57323971163750032
AOI-0031,2010-09-14,0.16300560375681808
AOI-0031,2011-04-23,0.26296062447014346
AOI-0031,2011-06-10,0.50141325213896693
AOI-0031,2011-07-09,0.22887884415329446
AOI-0031,2011-08-11,0.20958179148329356
AOI-0031,2011-08-18,0.20827662512650119
AOI-0031,2011-08-19,0.17800630710981236
AOI-0031,2011-09-19,0.21862155293414162
AOI-0031,2012-04-06,0.23660790455162847
AOI-0031,2012-04-15,0.19011860622570093
AOI-0031,2013-04-07,0.5097263756176299
AOI-0031,2013-05-09,0.62100162784797341
AOI-0031,2013-05-12,0.56480241388414687
AOI-0031,2013-05-25,0.5323040153571017
AOI-0031,2013-06-12,0.23240555802342147
AOI-0031,2013-06-28,0.20866060252654994
AOI-0031,2013-07-23,0.2221910828480991
AOI-0031,2013-08-13,0.22905657336547025
AOI-0031,2013-10-16,0.27477930404714696
AOI-0031,2014-05-23,0.35396767122217798
AOI-0031,2014-06-23,0.29865924827959245
AOI-0031,2014-07-17,0.16004433777569016
AOI-0031,2014-07-28,0.1921018266652598
AOI-0031,2014-08-02,0.15478781835955904
AOI-0031,2014-08-13,0.18339721416400293
AOI-0031,2014-10-14,0.16427526208441678
AOI-0031,2015-09-22,0.21730853841369394
AOI-0031,2015-10-16,0.20893763927986703
AOI-0031,2016-04-01,0.30920806710414295
AOI-0031,2016-04-17,0.3968248878929172
AOI-0031,2016-04-22,0.5373678159886297
AOI-0031,2016-05-03,0.62391579444345979
AOI-0031,2016-05-24,0.71175510572243117
AOI-0031,2016-06-09,0.62053054601843805
AOI-0031,2016-06-12,0.59256345243039288
AOI-0031,2016-06-20,0.39383596857624037
AOI-0031,2016-06-25,0.32849570189898425
AOI-0031,2016-07-30,0.23536696263717299
AOI-0031,2017-05-06,0.69514595231856746
AOI-0031,2017-06-07,0.71309774827078554
AOI-0031,2017-08-03,0.15999532488958557
AOI-0031,2017-08-13,0.18648418207502385
AOI-0031,2017-09-04,0.18131541010512392
AOI-0031,2017-09-22,0.24807112557182198
AOI-0031,2018-04-23,0.50568227163080337
AOI-0031,2018-05-02,0.67383605277314718
AOI-0031,2018-05-18,0.59537978734184505
AOI-0031,2018-06-03,0.23895379751900175
AOI-0031,2018-06-10,0.26476737138664969
AOI-0031,2018-06-11,0.23449648185515387
AOI-0031,2018-07-13,0.26192260274728496
AOI-0031,2018-09-06,0.2137440963332336
AOI-0031,2018-09-14,0.2265779172650379
AOI-0031,2018-10-07,0.19885157615418608
AOI-0031,2018-10-12,0.17332680681773921
AOI-0031,2019-04-10,0.54056170140042381
AOI-0031,2019-06-14,0.20696075904667849
AOI-0031,2019-06-22,0.16123760228779507
AOI-0031,2019-07-09,0.13102610594402778
AOI-0031,2019-07-23,0.22479556279527674
AOI-0031,2019-08-08,0.42934599079654423
AOI-0031,2019-08-31,0.24298751787070733
AOI-0031,2019-09-17,0.19068055240498241
AOI-0031,2019-10-03,0.28334888213136133
AOI-0031,2019-10-10,0.36799149277722487
AOI-0031,2019-10-12,0.37993345692649139
AOI-0031,2019-10-22,0.45912124734453846
AOI-0031,2020-04-13,0.41323851963737102
AOI-0031,2020-06-01,0.49744905196655687
AOI-0031,2020-06-06,0.5386711435097522
AOI-0031,2020-07-11,0.15184572992930517
AOI-0031,2020-07-18,0.10484235844579493
AOI-0031,2020-07-28,0.11793429699206739
AOI-0031,2020-08-07,0.14729045363025914
AOI-0031,2020-08-17,0.12662867797238614
AOI-0031,2020-08-22,0.11638104663943005
AOI-0031,2020-09-27,0.13721047523493657
AOI-0031,2020-10-13,0.09094975203896298
AOI-0031,2020-10-19,0.12680132203070085
AOI-0031,2020-10-21,0.14495236527348393
AOI-0031,2021-04-07,0.16745882635633716
AOI-0031,2021-05-17,0.26793754732917197
AOI-0031,2021-06-11,0.18698165416054113
AOI-0031,2021-07-01,0.14428191602894153
AOI-0031,2021-07-16,0.1382778066109622
AOI-0031,2021-07-21,0.11789021213993348
AOI-0031,2021-08-06,0.14493277356763179
AOI-0031,2021-08-25,0.15270596950729051
AOI-0031,2021-08-30,0.14415006080132825
AOI-0031,2022-05-14,0.82693087676438526
AOI-0031,2022-06-10,0.72686122501333406
AOI-0031,2022-06-11,0.74423882066948654
AOI-0031,2022-06-20,0.43744877708077884
AOI-0031,2022-06-21,0.4036480719409592
AOI-0031,2022-07-08,0.16213287101772389
AOI-0031,2022-07-12,0.2046776624519851
AOI-0031,2022-09-08,0.15948644035614531
AOI-0031,2022-09-09,0.13767661800530837
AOI-0031,2022-09-10,0.14626479353063265
AOI-0031,2022-09-11,0.16560692036074606
AOI-0031,2022-09-26,0.1231675690036925
AOI-0031,2022-09-29,0.14269028255287355
AOI-0031,2023-04-04,0.38064561700676935
AOI-0031,2023-04-27,0.43752586005955935
AOI-0031,2023-05-17,0.44512403209813911
AOI-0031,2023-06-17,0.28203179845309723
AOI-0031,2023-06-23,0.27996462709785974
AOI-0031,2023-06-26,0.30353688032242621
AOI-0031,2023-07-11,0.31210754326212131
AOI-0031,2023-08-15,0.26151926895433841
AOI-0031,2023-09-19,0.19496491652279774
AOI-0031,2023-09-20,0.20640805647672472
AOI-0031,2023-09-30,0.20228420957023405
AOI-0031,2023-10-15,0.15638708979600946
AOI-0031,2023-10-24,0.11356490750920753
AOI-0031,2024-05-03,0.21428680213812193
AOI-0031,2024-06-02,0.19707928813800524
AOI-0031,2024-07-02,0.16001819858872318
AOI-0031,2024-07-10,0.1407135230963488
AOI-0031,2024-07-13,0.13148815561181851
AOI-0031,2024-08-09,0.11999608684007182
AOI-0031,2024-08-16,0.13385322902210411
AOI-0031,2024-08-26,0.15617952878693658
AOI-0031,2025-04-19,0.49267096138399191
AOI-0031,2025-04-23,0.62532730457699581
AOI-0031,2025-06-21,0.47128860415450147
AOI-0031,2025-07-12,0.26225427287738329
AOI-0031,2025-07-15,0.22927119518256672
AOI-0031,2025-08-06,0.19980458389738942
AOI-0031,2025-08-09,0.18843102060773381
AOI-0031,2025-09-08,0.13060766494290441
AOI-0031,2025-09-15,0.16328170193730468
AOI-0031,2025-09-17,0.1789669806238065
AOI-0031,2025-10-02,0.18780542263503427
AOI-0031,2025-10-22,0.2073991266925708
AOI-0032,2010-06-04,0.26243867076817062
AOI-0032,2010-06-10,0.24483703216112529
AOI-0032,2010-06-20,0.20243744259575058
AOI-0032,2010-07-12,0.180142379437782
AOI-0032,2010-08-16,0.13028997680059648
AOI-0032,2010-09-14,0.17133432147845337
AOI-0032,2010-09-30,0.19868371095349843
AOI-0032,2011-07-12,0.27208946712641335
AOI-0032,2011-08-29,0.23568371696741197
AOI-0032,2011-09-11,0.17667722531778574
AOI-0032,2011-09-28,0.1965662430501495
AOI-0032,2012-04-06,0.23181562350021423
AOI-0032,2012-05-01,0.40746508589514036
AOI-0032,2012-06-25,0.36199189773468404
AOI-0032,2012-10-08,0.1545157028276255
AOI-0032,2013-05-19,0.40656250959939672
AOI-0032,2013-05-20,0.4102571060258004
AOI-0032,2013-06-10,0.32518925494987655
AOI-0032,2013-06-12,0.30069856046210369
AOI-0032,2013-06-13,0.30026098039696142
AOI-0032,2013-07-22,0.31044080511206396
AOI-0032,2013-07-30,0.33885799074362655
AOI-0032,2013-08-13,0.27254162028322315
AOI-0032,2013-08-29,0.23694136470407406
AOI-0032,2013-09-14,0.24004713178683879
AOI-0032,2014-06-16,0.26667152765648894
AOI-0032,2014-06-26,0.18978371336322239
AOI-0032,2014-07-12,0.16939278818876913
AOI-0032,2014-09-03,0.14661639182149999
AOI-0032,2015-04-23,0.22017543647554413
AOI-0032,2015-06-18,0.51306025035010261
AOI-0032,2015-07-13,0.34373137701095874
AOI-0032,2015-09-15,0.20693034067814819
AOI-0032,2015-09-23,0.18114001531007279
AOI-0032,2015-09-30,0.1942476207153693
AOI-0032,2016-04-06,0.21837772690749396
AOI-0032,2016-04-10,0.19771719451513081
AOI-0032,2016-05-03,0.26012059371169594
AOI-0032,2016-06-09,0.31557545136622056
AOI-0032,2016-06-28,0.19303498056915874
AOI-0032,2016-07-15,0.17277173706572013
AOI-0032,2016-07-30,0.17984927266669917
AOI-0032,2016-08-16,0.17383263452033715
AOI-0032,2016-09-09,0.17268748120591212
AOI-0032,2016-10-18,0.37270469018465802
AOI-0032,2017-04-04,0.50546331978473868
AOI-0032,2017-04-28,0.67730303113000589
AOI-0032,2017-05-09,0.79315008557345568
AOI-0032,2017-07-02,0.22558937648733424
AOI-0032,2017-08-02,0.16450281101576825
AOI-0032,2017-08-11,0.12159239061845847
AOI-0032,2017-08-19,0.14055670748020443
AOI-0032,2017-08-27,0.14191322095262909
AOI-0032,2017-09-03,0.15625114734780396
AOI-0032,2017-09-12,0.16269998902287147
AOI-0032,2018-04-15,0.19882838866112235
AOI-0032,2018-06-10,0.19964827683133912
AOI-0032,2018-06-19,0.14240060866880497
AOI-0032,2018-09-14,0.18486876820652537
AOI-0032,2018-09-23,0.18863404582888887
AOI-0032,2018-09-30,0.21703205352087687
AOI-0032,2018-10-07,0.20590974036012466
AOI-0032,2018-10-12,0.19243912775947253
AOI-0032,2019-04-26,0.66254104438978001
AOI-0032,2019-04-28,0.68671123777455434
AOI-0032,2019-05-18,0.7695982196591229
AOI-0032,2019-05-20,0.76705697307272103
AOI-0032,2019-05-30,0.67716960126578685
AOI-0032,2019-06-14,0.19667654542565763
AOI-0032,2019-06-19,0.17331618919246258
AOI-0032,2019-07-23,0.11284267333487374
AOI-0032,2019-09-25,0.15856824725818819
AOI-0032,2019-10-05,0.16207539638325466
AOI-0032,2019-10-11,0.17108820421675119
AOI-0032,2019-10-25,0.30561130653421936
AOI-0032,2019-10-28,0.35125481663435321
AOI-0032,2020-05-27,0.3993782891694716
AOI-0032,2020-05-30,0.37016657920139406
AOI-0032,2020-06-24,0.21709208777772071
AOI-0032,2020-06-26,0.177299744560002
AOI-0032,2020-08-05,0.12999664364820299
AOI-0032,2020-08-07,0.15678655324487029
AOI-0032,2020-09-13,0.15673942077474676
AOI-0032,2020-09-28,0.12011477521196098
AOI-0032,2020-09-29,0.16065955890308375
AOI-0032,2020-10-05,0.12633400868348393
AOI-0032,2020-10-06,0.13831738504820293
AOI-0032,2020-10-24,0.1151070129619336
AOI-0032,2021-04-04,0.11567820285369196
AOI-0032,2021-04-23,0.17858599525554347
AOI-0032,2021-05-01,0.1478086774554494
AOI-0032,2021-05-25,0.19918238438958707
AOI-0032,2021-06-18,0.17426898414185926
AOI-0032,2021-07-01,0.15116528100718191
AOI-0032,2021-07-18,0.14437810921330535
AOI-0032,2021-09-06,0.15188281245153692
AOI-0032,2021-09-15,0.13209892226405343
AOI-0032,2021-10-08,0.31022289969527023
AOI-0032,2022-04-26,0.78042925345858616
AOI-0032,2022-05-09,0.83508262246345999
AOI-0032,2022-05-13,0.82074043342610836
AOI-0032,2022-05-29,0.83678910079955848
AOI-0032,2022-06-06,0.72817496829792594
AOI-0032,2022-06-13,0.59581355696626637
AOI-0032,2022-06-30,0.30043304264633985
AOI-0032,2022-08-01,0.13283193594294423
AOI-0032,2022-08-02,0.082897930676576845
AOI-0032,2022-08-15,0.11734019272070416
AOI-0032,2022-08-24,0.13143908243977279
AOI-0032,2022-08-29,0.15599118901305478
AOI-0032,2022-09-11,0.15958720447240385
AOI-0032,2023-04-07,0.22429152557864027
AOI-0032,2023-04-12,0.1897578739428834
AOI-0032,2023-05-12,0.28335549175659602
AOI-0032,2023-05-15,0.28011769915980783
AOI-0032,2023-05-24,0.31213817351668061
AOI-0032,2023-06-06,0.40847698666065491
AOI-0032,2023-06-18,0.58714530409246612
AOI-0032,2023-07-26,0.22285386732398041
AOI-0032,2023-07-28,0.25741118894940729
AOI-0032,2023-08-08,0.22736424994201787
AOI-0032,2023-09-01,0.23571455203238165
AOI-0032,2023-09-11,0.23145730042850515
AOI-0032,2023-09-24,0.19037181174036671
AOI-0032,2024-04-07,0.19907769154188201
AOI-0032,2024-05-06,0.19082869258167851
AOI-0032,2024-06-03,0.21278673140198845
AOI-0032,2024-07-12,0.15833182219387534
AOI-0032,2024-07-25,0.14222461082578161
AOI-0032,2024-07-30,0.11904681976906603
AOI-0032,2024-08-22,0.13365373492101057
AOI-0032,2024-08-30,0.12911044415879819
AOI-0032,2024-09-13,0.16379545893402211
AOI-0032,2024-09-18,0.13116078303369305
AOI-0032,2024-10-05,0.14064920499000458
AOI-0032,2024-10-15,0.17658927789883544
AOI-0032,2024-10-23,0.14819726830956659
AOI-0032,2025-05-06,0.68722742164913742
AOI-0032,2025-05-28,0.72770714653357027
AOI-0032,2025-06-30,0.27592754982852419
AOI-0032,2025-07-07,0.20892818965759843
AOI-0032,2025-07-10,0.17869786653252459
AOI-0032,2025-08-13,0.17830611794801465
AOI-0032,2025-08-16,0.1468615034713244
AOI-0032,2025-08-24,0.14754442516628927
AOI-0032,2025-08-31,0.1483782520258059
AOI-0032,2025-09-03,0.12488863710684811
AOI-0032,2025-10-08,0.15431017099911859
AOI-0033,2025-04-28,0.20440263751208287
AOI-0033,2025-05-20,0.27972860484684597
AOI-0033,2025-06-10,0.60971083579972585
AOI-0033,2025-06-22,0.67935124544137815
AOI-0033,2025-07-05,0.4802685561529963
AOI-0033,2025-07-10,0.33276833198301786
AOI-0033,2025-09-15,0.31790629018394267
AOI-0034,2025-04-25,0.16346884447853172
AOI-0034,2025-05-06,0.19400054475525355
AOI-0034,2025-05-09,0.27195015382061105
AOI-0034,2025-06-10,0.19986283720157966
AOI-0034,2025-06-15,0.16195074266106868
AOI-0034,2025-06-21,0.16550956405929226
AOI-0034,2025-07-07,0.13659773433889011
AOI-0034,2025-07-10,0.13061566691187351
AOI-0034,2025-07-16,0.14784256349601235
AOI-0034,2025-08-31,0.14412502750493514
AOI-0034,2025-09-13,0.15476604032473418
AOI-0034,2025-09-23,0.15300257976805937
AOI-0034,2025-10-02,0.24811793372419461
AOI-0034,2025-10-16,0.4575076878204225
AOI-0035,2025-05-16,0.1472880900762667
AOI-0035,2025-05-20,0.17012766107680352
AOI-0035,2025-06-05,0.17085219652917286
AOI-0035,2025-06-07,0.17302996568527954
AOI-0035,2025-06-10,0.21338823428226034
AOI-0035,2025-07-30,0.13530268197617462
AOI-0035,2025-08-31,0.13532949113637871
AOI-0035,2025-09-26,0.15744107774097937
AOI-0035,2025-09-28,0.14795549975591082
AOI-0035,2025-10-02,0.17497746333305481
AOI-0035,2025-10-30,0.43376838808705326
AOI-0036,2025-05-16,0.60157412074950767
AOI-0036,2025-07-16,0.23061611445249558
AOI-0036,2025-08-01,0.18903366958075735
AOI-0036,2025-08-09,0.17499667191938414
AOI-0036,2025-08-23,0.15757619119377211
AOI-0036,2025-10-02,0.18355531124053931
AOI-0037,2025-04-07,0.50245243278291141
AOI-0037,2025-04-16,0.46783681342607347
AOI-0037,2025-05-23,0.6101864578004812
AOI-0037,2025-06-30,0.35230771309805059
AOI-0037,2025-07-14,0.28226001940865592
AOI-0037,2025-07-23,0.29682756052299863
AOI-0037,2025-08-09,0.22311055107820488
AOI-0037,2025-08-16,0.22959503278783014
AOI-0037,2025-09-12,0.19968853922625104
AOI-0037,2025-09-13,0.20835471147509416
AOI-0037,2025-09-23,0.20701150062115645
AOI-0037,2025-09-26,0.21210227920311445
AOI-0037,2025-09-30,0.25651789495225047
AOI-0037,2025-10-05,0.18833367441578958
AOI-0038,2025-04-07,0.4413782531254356
AOI-0038,2025-04-25,0.44897790631655954
AOI-0038,2025-06-14,0.4822925050451507
AOI-0038,2025-07-10,0.19399055751978372
AOI-0038,2025-07-15,0.1927683814111405
AOI-0038,2025-08-14,0.20071706886956492
AOI-0038,2025-09-02,0.20288190926170555
AOI-0038,2025-10-05,0.18100748251846277
AOI-0038,2025-10-08,0.19735952159879111
AOI-0038,2025-10-16,0.22096915279810342
AOI-0039,2025-05-04,0.69950484104529831
AOI-0039,2025-05-08,0.62782704346036955
AOI-0039,2025-05-28,0.65853575002636056
AOI-0039,2025-07-10,0.43221861316001575
AOI-0039,2025-08-06,0.328463664208685
AOI-0039,2025-08-24,0.33900345198777698
AOI-0039,2025-09-08,0.2890709745414165
AOI-0039,2025-09-12,0.30872531544603804
AOI-0039,2025-09-14,0.35128711212381636
AOI-0039,2025-09-26,0.3186236487082284
AOI-0039,2025-10-23,0.37641404101739362
AOI-0040,2025-04-02,0.31255468282919263
AOI-0040,2025-04-03,0.31397716391994973
AOI-0040,2025-05-06,0.70196849195446021
AOI-0040,2025-06-07,0.67738392223837185
AOI-0040,2025-07-08,0.21413060385379085
AOI-0040,2025-09-12,0.1506576622838382
AOI-0040,2025-09-13,0.15631472575292044
AOI-0040,2025-09-28,0.14674293372289776
AOI-0040,2025-09-30,0.20151919125805309
AOI-0040,2025-10-02,0.16099928254269294
AOI-0041,2025-04-23,0.62886684325762132
AOI-0041,2025-05-20,0.60764771254317052
AOI-0041,2025-06-22,0.4034311274991943
AOI-0041,2025-06-27,0.35434290928406187
AOI-0041,2025-07-23,0.29695478711976581
AOI-0041,2025-08-19,0.21735229940642892
AOI-0041,2025-09-30,0.27564750714919894
AOI-0042,2025-04-18,0.18547361023521311
AOI-0042,2025-05-04,0.17494224981097828
AOI-0042,2025-06-13,0.16591887344476097
AOI-0042,2025-07-14,0.13746211657880564
AOI-0042,2025-07-16,0.15172943615691215
AOI-0042,2025-07-24,0.16925861665962863
AOI-0042,2025-08-17,0.13736980627937606
AOI-0042,2025-08-19,0.13022979663856915
AOI-0042,2025-08-24,0.13628945259350411
AOI-0042,2025-08-29,0.15603606485477139
AOI-0042,2025-09-15,0.1526467419117071
AOI-0042,2025-09-17,0.16829024697119727
AOI-0042,2025-10-02,0.17072238766441608
AOI-0043,2025-04-24,0.25279938637989507
AOI-0043,2025-04-29,0.20315217180578202
AOI-0043,2025-05-31,0.19766243007636514
AOI-0043,2025-06-08,0.1693093728844923
AOI-0043,2025-06-15,0.16679746295553555
AOI-0043,2025-06-17,0.16547235342680444
AOI-0043,2025-06-25,0.16744185098113412
AOI-0043,2025-07-07,0.1794109770901316
AOI-0043,2025-07-13,0.17790645937137561
AOI-0043,2025-08-12,0.17359197254817771
AOI-0043,2025-09-24,0.18782542765555166
AOI-0043,2025-10-13,0.16523827027283716
AOI-0043,2025-10-15,0.17444189651846476
AOI-0044,2010-04-16,0.31447233891040727
AOI-0044,2010-04-25,0.31032037913901206
AOI-0044,2010-05-09,0.43448319322373652
AOI-0044,2010-05-18,0.41678892087181796
AOI-0044,2010-06-12,0.44436557508811736
AOI-0044,2010-06-20,0.42406448477831132
AOI-0044,2010-06-28,0.48139888982498968
AOI-0044,2010-07-29,0.24345597255126425
AOI-0044,2010-08-06,0.20627309701116453
AOI-0044,2010-10-16,0.21307335424347046
AOI-0044,2010-10-25,0.19861835525336777
AOI-0044,2011-07-16,0.6766239018196496
AOI-0044,2011-08-01,0.33105883211397508
AOI-0044,2011-08-02,0.32180077061952583
AOI-0044,2011-10-16,0.2813108841673318
AOI-0044,2012-04-06,0.28577338621525633
AOI-0044,2012-05-08,0.57400756414925891
AOI-0044,2013-05-02,0.25446123110477897
AOI-0044,2013-05-03,0.2582188327026762
AOI-0044,2013-05-11,0.37243265769279565
AOI-0044,2014-04-07,0.35491340887568246
AOI-0044,2014-06-06,0.25959470481930969
AOI-0044,2014-06-14,0.24843271222766866
AOI-0044,2014-06-23,0.23625431678973557
AOI-0044,2014-08-02,0.18812643265401391
AOI-0044,2014-08-09,0.19257439356574851
AOI-0044,2014-08-29,0.23198037892917672
AOI-0044,2014-09-18,0.20097192511020628
AOI-0044,2014-09-19,0.18209022796152668
AOI-0044,2014-10-04,0.20201247543790724
AOI-0044,2014-10-12,0.1767019157325303
AOI-0044,2014-10-28,0.25491256866274031
AOI-0044,2014-10-29,0.27830696918287767
AOI-0044,2015-06-26,0.50647255850498285
AOI-0044,2015-07-27,0.24053563059173191
AOI-0044,2015-07-28,0.2612952395301138
AOI-0044,2015-08-29,0.21354885505477239
AOI-0044,2015-10-08,0.21707938825856818
AOI-0044,2015-10-16,0.25392704825521739
AOI-0044,2016-04-08,0.54873672511937743
AOI-0044,2016-05-08,0.85018942382573037
AOI-0044,2016-05-11,0.87024167500501659
AOI-0044,2016-06-20,0.39982055053566251
AOI-0044,2016-06-25,0.37141245421517599
AOI-0044,2016-07-13,0.32393890945342474
AOI-0044,2016-07-27,0.30532313746837458
AOI-0044,2016-09-07,0.20838257798805354
AOI-0044,2016-09-13,0.22711373912374713
AOI-0044,2016-10-02,0.20569175929830202
AOI-0044,2016-10-26,0.21512719586557522
AOI-0044,2017-04-03,0.1890699227977623
AOI-0044,2017-04-04,0.1900452295338072
AOI-0044,2017-04-12,0.1960338860036554
AOI-0044,2017-06-27,0.23139280008295438
AOI-0044,2017-06-30,0.23318600237617323
AOI-0044,2017-08-10,0.16357589495836847
AOI-0044,2017-09-14,0.18877219666822684
AOI-0044,2018-04-06,0.51700840468567744
AOI-0044,2018-07-12,0.25786277181996714
AOI-0044,2018-07-19,0.20866693266537184
AOI-0044,2018-09-30,0.19935545301069926
AOI-0044,2019-04-25,0.37581327851313506
AOI-0044,2019-04-26,0.36766872285110547
AOI-0044,2019-06-02,0.69109014488060128
AOI-0044,2019-06-12,0.50301190058214795
AOI-0044,2019-06-20,0.34971625847819998
AOI-0044,2019-08-13,0.37756582216385809
AOI-0044,2019-09-10,0.19779436592525695
AOI-0044,2019-09-15,0.17573608077931419
AOI-0044,2019-09-16,0.19345381618723984
AOI-0044,2019-10-10,0.17546635191814663
AOI-0044,2020-04-17,0.19562308487782437
AOI-0044,2020-04-22,0.2295338082743561
AOI-0044,2020-05-17,0.23893492626611432
AOI-0044,2020-06-30,0.16914123991548907
AOI-0044,2020-08-10,0.14581277188578184
AOI-0044,2020-09-09,0.15953697804989209
AOI-0044,2020-09-10,0.15476332982916108
AOI-0044,2020-09-26,0.14272417703557327
AOI-0044,2020-09-29,0.17567137147710074
AOI-0044,2020-10-14,0.14354238482133563
AOI-0044,2020-10-21,0.16688842390046876
AOI-0044,2021-05-12,0.74645336246506488
AOI-0044,2021-05-17,0.69901569638711281
AOI-0044,2021-05-25,0.69817868096333102
AOI-0044,2021-07-16,0.26601769566348965
AOI-0044,2021-07-21,0.18087195255774333
AOI-0044,2021-09-30,0.19747381052530016
AOI-0044,2021-10-07,0.1667793402438694
AOI-0044,2022-05-27,0.77345947774606572
AOI-0044,2022-06-06,0.7432460212765245
AOI-0044,2022-06-12,0.70126523823037679
AOI-0044,2022-07-07,0.19928987835572826
AOI-0044,2022-08-10,0.22839481274426954
AOI-0044,2022-08-13,0.24767736404324242
AOI-0044,2022-08-24,0.22759711245282346
AOI-0044,2022-09-25,0.19061331124319258
AOI-0044,2022-09-30,0.21575127550507806
AOI-0044,2023-04-02,0.20694939599723688
AOI-0044,2023-04-07,0.23721495808774162
AOI-0044,2023-06-06,0.24023203526458614
AOI-0044,2023-06-30,0.18638978816572749
AOI-0044,2023-07-05,0.20320900323631502
AOI-0044,2023-07-09,0.19019051468855819
AOI-0044,2023-07-11,0.16992739127032191
AOI-0044,2023-07-16,0.20893713804663883
AOI-0044,2023-07-25,0.17975002294228301
AOI-0044,2023-08-05,0.16242299545923655
AOI-0044,2023-08-25,0.16802400248296173
AOI-0044,2023-09-30,0.19975593812881187
AOI-0044,2023-10-14,0.26618290840229414
AOI-0044,2024-04-06,0.75840807280573375
AOI-0044,2024-04-14,0.79435266130463456
AOI-0044,2024-06-05,0.63972017217498989
AOI-0044,2024-09-06,0.15249477063577827
AOI-0044,2024-09-21,0.14807983354972923
AOI-0044,2025-04-02,0.19062477812877354
AOI-0044,2025-05-20,0.22386062334665
AOI-0044,2025-07-06,0.17139834869546075
AOI-0044,2025-07-10,0.15734163829267489
AOI-0044,2025-08-14,0.17583554268152629
AOI-0044,2025-09-23,0.16563406699283512
AOI-0044,2025-10-03,0.15986627818401697
AOI-0044,2025-10-15,0.16767340695130944
AOI-0045,2025-04-26,0.22833028206469097
AOI-0045,2025-06-15,0.18544789408334689
AOI-0045,2025-06-27,0.18979410165685751
AOI-0045,2025-06-29,0.19269928614947773
AOI-0045,2025-07-31,0.15290911736425505
AOI-0045,2025-08-13,0.185192949901894
AOI-0045,2025-08-15,0.1623531985241973
AOI-0045,2025-08-16,0.1431082070317331
AOI-0045,2025-09-30,0.21990439387683219
AOI-0045,2025-10-15,0.16803623727643205
AOI-0046,2010-06-26,0.23683854502517096
AOI-0046,2010-07-12,0.26261611426091436
AOI-0046,2010-09-14,0.39763491540069407
AOI-0046,2011-05-30,0.29181492079113791
AOI-0046,2011-08-17,0.20506471310402788
AOI-0046,2012-04-22,0.32312327786333683
AOI-0046,2012-04-29,0.29026062601273905
AOI-0046,2012-06-09,0.50874748405164527
AOI-0046,2013-04-25,0.26097323218481983
AOI-0046,2013-05-09,0.35591765771602568
AOI-0046,2013-06-11,0.57661390935528223
AOI-0046,2013-06-27,0.35006953607497721
AOI-0046,2013-07-21,0.33491623132558035
AOI-0046,2013-07-28,0.34831186438921552
AOI-0046,2013-07-30,0.32293796114694251
AOI-0046,2014-05-25,0.75170055770068489
AOI-0046,2014-05-29,0.76196318655535933
AOI-0046,2014-07-01,0.33003081538216661
AOI-0046,2014-07-12,0.31897153531259415
AOI-0046,2014-08-01,0.19453336297639925
AOI-0046,2014-08-25,0.1654221302057316
AOI-0046,2014-09-19,0.16249650526746404
AOI-0046,2015-05-17,0.2530340737820107
AOI-0046,2015-07-12,0.33721939658865968
AOI-0046,2015-09-22,0.20314328630490436
AOI-0046,2015-10-16,0.35002720591368219
AOI-0046,2016-05-02,0.84661677433430205
AOI-0046,2016-05-10,0.86542821496140532
AOI-0046,2016-05-18,0.84719084052319871
AOI-0046,2016-06-03,0.67414363933482313
AOI-0046,2016-06-09,0.6477168104051152
AOI-0046,2016-07-13,0.2408473663568616
AOI-0046,2016-07-30,0.27302118671881304
AOI-0046,2016-10-02,0.23357216705691433
AOI-0046,2016-10-17,0.32343391290289075
AOI-0046,2016-10-25,0.30896145443213818
AOI-0046,2017-04-13,0.45781611564270219
AOI-0046,2017-06-27,0.3959120004669261
AOI-0046,2017-07-02,0.3538650251647093
AOI-0046,2017-07-24,0.19714126787396441
AOI-0046,2017-08-09,0.16573854045087955
AOI-0046,2017-08-21,0.1792032936254907
AOI-0046,2017-09-10,0.25168176866152014
AOI-0046,2017-09-15,0.26412272353429689
AOI-0046,2017-10-12,0.29313164396552271
AOI-0046,2018-05-09,0.25240274216950498
AOI-0046,2018-06-01,0.21348887215834422
AOI-0046,2018-07-20,0.18410436239112535
AOI-0046,2018-08-20,0.19395184513054334
AOI-0046,2018-08-29,0.19574650906036617
AOI-0046,2018-10-15,0.18268506480997798
AOI-0046,2018-10-24,0.21346965440894794
AOI-0046,2019-04-01,0.23490968894082287
AOI-0046,2019-04-18,0.34346658773211319
AOI-0046,2019-05-19,0.7780267797235747
AOI-0046,2019-08-01,0.21816654921023582
AOI-0046,2019-09-01,0.19187679129166479
AOI-0046,2019-10-20,0.40236767564336495
AOI-0046,2020-04-04,0.78212401096474748
AOI-0046,2020-04-07,0.77339326503607175
AOI-0046,2020-05-08,0.80829997899138029
AOI-0046,2020-05-24,0.80619249555852202
AOI-0046,2020-06-09,0.72775972682742918
AOI-0046,2020-09-10,0.14686739383778352
AOI-0046,2020-09-13,0.1867817198310428
AOI-0046,2020-09-26,0.14739881302979033
AOI-0046,2020-10-21,0.14848118353750223
AOI-0046,2021-05-02,0.51781454809952376
AOI-0046,2021-05-25,0.73100443464470022
AOI-0046,2021-07-11,0.30349339053963931
AOI-0046,2021-07-28,0.2726573227887944
AOI-0046,2021-08-13,0.29158521930820624
AOI-0046,2021-08-20,0.27581025380220053
AOI-0046,2021-08-29,0.36454708341229924
AOI-0046,2021-09-06,0.38010386905399973
AOI-0046,2022-06-05,0.25574110583921839
AOI-0046,2022-07-24,0.2017072382445696
AOI-0046,2022-07-29,0.18615185041566984
AOI-0046,2022-07-30,0.20694372265922484
AOI-0046,2022-08-24,0.17563236230587864
AOI-0046,2022-08-30,0.18080485395418311
AOI-0046,2023-04-02,0.44709641126390776
AOI-0046,2023-04-29,0.8216445165605013
AOI-0046,2023-05-06,0.86698758040539747
AOI-0046,2023-06-21,0.6514770092156128
AOI-0046,2023-06-24,0.50426164509961624
AOI-0046,2023-07-22,0.22280257514987542
AOI-0046,2023-07-25,0.22082839806595772
AOI-0046,2023-08-13,0.1799347301726813
AOI-0046,2023-08-18,0.16433557720393471
AOI-0046,2023-08-25,0.17163720368658056
AOI-0046,2023-08-27,0.18799601325925486
AOI-0046,2023-08-28,0.17402442467642626
AOI-0046,2023-10-13,0.17335458641969811
AOI-0046,2023-10-29,0.3140474638647226
AOI-0046,2024-04-06,0.64927216127040044
AOI-0046,2024-05-08,0.8595277794833287
AOI-0046,2024-05-09,0.8397040067889332
AOI-0046,2024-06-01,0.79507602621857587
AOI-0046,2024-06-09,0.58586086165806273
AOI-0046,2024-07-03,0.19778222917405053
AOI-0046,2024-07-19,0.16192858065104465
AOI-0046,2024-08-09,0.16394884924208367
AOI-0046,2024-08-20,0.18761409085433961
AOI-0046,2024-08-28,0.1971032191196008
AOI-0046,2024-09-13,0.18088881053022357
AOI-0046,2024-09-22,0.17449759138166848
AOI-0046,2024-10-13,0.10884173010469074
AOI-0046,2025-06-30,0.69043238285132269
AOI-0046,2025-07-15,0.44313707331278512
AOI-0046,2025-08-07,0.40971770268665875
AOI-0046,2025-08-15,0.39194335121123497
AOI-0046,2025-09-24,0.20258031224926754
AOI-0046,2025-10-02,0.20241837150246358
AOI-0047,2025-05-08,0.79669684028205445
AOI-0047,2025-05-16,0.79523208998102468
AOI-0047,2025-05-25,0.72680213264637472
AOI-0047,2025-06-15,0.40458103741597512
AOI-0047,2025-07-17,0.18123796757880958
AOI-0047,2025-07-18,0.1800876543962513
AOI-0047,2025-09-03,0.14909556966493481
AOI-0047,2025-10-15,0.15265061768833194
AOI-0047,2025-10-16,0.17521084299084355
AOI-0048,2025-04-07,0.57242116688310185
AOI-0048,2025-04-17,0.61225331980613384
AOI-0048,2025-05-09,0.70338937679344338
AOI-0048,2025-09-17,0.17615066012525385
AOI-0048,2025-09-24,0.1776230938158766
AOI-0049,2025-05-04,0.74976761811910708
AOI-0049,2025-06-26,0.27308640204204193
AOI-0049,2025-06-27,0.21705645853453812
AOI-0049,2025-07-29,0.19494386769313138
AOI-0049,2025-08-06,0.18547331129400527
AOI-0049,2025-08-12,0.18810284622710732
AOI-0049,2025-08-17,0.17946422794549591
AOI-0049,2025-09-06,0.15811185745976425
AOI-0049,2025-09-14,0.20433665127303149
AOI-0049,2025-09-26,0.20091800840940455
AOI-0049,2025-09-30,0.24622509008627896
AOI-0049,2025-10-08,0.20055698318446769
AOI-0049,2025-10-16,0.22953539605498696
AOI-0049,2025-10-28,0.20907363530226403
AOI-0050,2025-04-14,0.32694953017310907
AOI-0050,2025-04-15,0.34777175079923728
AOI-0050,2025-05-25,0.54478754462874524
AOI-0050,2025-06-27,0.47783827499010745
AOI-0050,2025-08-07,0.33584728021831889
AOI-0050,2025-08-09,0.32574547676358995
AOI-0050,2025-08-13,0.35463621215693453
AOI-0050,2025-08-17,0.3253886774294521
AOI-0050,2025-09-07,0.34192004959995204
AOI-0050,2025-09-30,0.34985745704829063
AOI-0050,2025-10-17,0.36134911304964623
AOI-0050,2025-10-28,0.31519406846849912
AOI-0051,2010-06-09,0.70755434069004364
AOI-0051,2011-06-04,0.53458119544490446
AOI-0051,2011-06-05,0.54803876675714958
AOI-0051,2011-06-12,0.70460635347385736
AOI-0051,2011-06-13,0.71708410210138018
AOI-0051,2011-09-01,0.57997171025437222
AOI-0051,2011-10-11,0.38563169240437756
AOI-0051,2012-04-27,0.54858168895924608
AOI-0051,2012-05-22,0.64953574753766219
AOI-0051,2012-08-12,0.40927934258218079
AOI-0051,2012-08-26,0.37863566450957409
AOI-0051,2012-08-28,0.39752636723459878
AOI-0051,2012-09-18,0.36056836349474375
AOI-0051,2012-10-13,0.4082723485121359
AOI-0051,2013-05-01,0.77305352304267294
AOI-0051,2013-07-19,0.37518020788671119
AOI-0051,2013-07-28,0.52980178712913795
AOI-0051,2013-08-29,0.40089838967107688
AOI-0051,2013-10-07,0.45758274399397236
AOI-0051,2013-10-16,0.47989467232158856
AOI-0051,2014-04-18,0.75278652220903353
AOI-0051,2014-06-05,0.66202142089251792
AOI-0051,2014-06-10,0.63092664264637122
AOI-0051,2014-06-28,0.52025401912168145
AOI-0051,2014-09-08,0.2955897151735053
AOI-0051,2014-09-16,0.3811713964177787
AOI-0051,2015-04-07,0.26360831051508798
AOI-0051,2015-05-23,0.75481901196882717
AOI-0051,2015-06-10,0.77116783187669513
AOI-0051,2015-06-15,0.75119785936145522
AOI-0051,2015-06-26,0.70896423005007214
AOI-0051,2015-09-14,0.37795219446390022
AOI-0051,2015-09-20,0.33551050212906552
AOI-0051,2015-10-06,0.24643994314398371
AOI-0051,2016-04-06,0.57647558172228297
AOI-0051,2016-06-25,0.51638145060272578
AOI-0051,2016-07-12,0.4403068509536231
AOI-0051,2016-08-28,0.37707710178361725
AOI-0051,2016-09-14,0.34911940420591447
AOI-0051,2016-09-29,0.36961457180253937
AOI-0051,2016-10-24,0.073906820491642461
AOI-0051,2017-05-28,0.52510368426083187
AOI-0051,2017-06-21,0.62664874182383645
AOI-0051,2017-06-28,0.65733608944443767
AOI-0051,2017-07-06,0.63688859105872342
AOI-0051,2017-07-23,0.6380013204292363
AOI-0051,2017-09-25,0.32312778214223692
AOI-0051,2017-09-30,0.35495448663892321
AOI-0051,2017-10-16,0.27059247885954796
AOI-0051,2018-04-11,0.40590278150535719
AOI-0051,2018-04-28,0.60690492849782862
AOI-0051,2018-04-29,0.64791265908746798
AOI-0051,2018-05-30,0.71597453900346975
AOI-0051,2018-06-26,0.35940512390100804
AOI-0051,2018-07-02,0.30140381868395766
AOI-0051,2018-08-02,0.284833880536836
AOI-0051,2018-08-18,0.3320845034570209
AOI-0051,2018-09-14,0.28661777917903725
AOI-0051,2018-09-19,0.29623939862348825
AOI-0051,2018-10-14,0.23798777857082404
AOI-0051,2019-05-17,0.82938665534207656
AOI-0051,2019-05-31,0.71374217073160651
AOI-0051,2019-06-25,0.30634238735871294
AOI-0051,2019-06-30,0.28163065216320249
AOI-0051,2019-07-29,0.35521688149873343
AOI-0051,2019-08-05,0.36718390096896719
AOI-0051,2019-08-13,0.33073276277046015
AOI-0051,2019-08-22,0.30261155502056647
AOI-0051,2019-09-13,0.29998609378230023
AOI-0051,2019-10-16,0.30703192954782549
AOI-0051,2020-04-26,0.39604375444319784
AOI-0051,2020-06-09,0.76635102721565396
AOI-0051,2020-07-04,0.47456239404275313
AOI-0051,2020-07-27,0.36997402583127709
AOI-0051,2020-08-31,0.34164459904408367
AOI-0051,2020-09-07,0.29474576245869299
AOI-0051,2020-10-27,0.13973340782965726
AOI-0051,2021-05-06,0.7655017473986323
AOI-0051,2021-06-23,0.46281468938789816
AOI-0051,2021-07-19,0.29913928832742415
AOI-0051,2021-07-28,0.35313599100747212
AOI-0051,2021-08-23,0.33109358409820849
AOI-0051,2021-08-28,0.32824113596430299
AOI-0051,2021-08-29,0.36567998716823191
AOI-0051,2021-09-03,0.34874093239405518
AOI-0051,2021-09-07,0.31073995897773449
AOI-0051,2021-10-02,0.35964302123523378
AOI-0051,2021-10-21,0.29296451762312731
AOI-0051,2022-05-09,0.41996855331012684
AOI-0051,2022-05-26,0.50496797782614145
AOI-0051,2022-05-27,0.46748161869480453
AOI-0051,2022-06-11,0.669906135654466
AOI-0051,2022-06-19,0.70234863060037767
AOI-0051,2022-06-30,0.76983661674173454
AOI-0051,2022-07-09,0.76515972047511016
AOI-0051,2022-07-12,0.73826620777328045
AOI-0051,2022-07-22,0.6484925073263017
AOI-0051,2022-07-24,0.67013196192829427
AOI-0051,2022-07-29,0.7278495839262471
AOI-0051,2022-08-13,0.68468577696430089
AOI-0051,2022-08-28,0.51653327775594848
AOI-0051,2022-09-06,0.52254779932970852
AOI-0051,2022-09-14,0.50091613179052208
AOI-0051,2022-10-07,0.36024303002104024
AOI-0051,2022-10-15,0.30535343842078738
AOI-0051,2023-04-23,0.79153305872111013
AOI-0051,2023-07-31,0.34249113460991998
AOI-0051,2023-08-28,0.364082243671775
AOI-0051,2023-09-09,0.2560580528278138
AOI-0051,2023-09-27,0.38076783131650099
AOI-0051,2023-10-04,0.35492569694514237
AOI-0051,2024-04-05,0.34793615817015022
AOI-0051,2024-05-04,0.42993462048993042
AOI-0051,2024-05-22,0.54378463856140269
AOI-0051,2024-06-03,0.57147880526563588
AOI-0051,2024-06-23,0.49184733677486758
AOI-0051,2024-07-28,0.35354771152069087
AOI-0051,2024-08-27,0.30723487102519031
AOI-0051,2024-09-03,0.27554485239107684
AOI-0051,2024-10-01,0.25579288932519251
AOI-0051,2024-10-05,0.28486063762322306
AOI-0051,2024-10-06,0.25524526119466606
AOI-0051,2024-10-15,0.31039027811263276
AOI-0051,2025-05-09,0.82723061195701741
AOI-0051,2025-06-10,0.5386410768361154
AOI-0051,2025-06-27,0.37699555090586034
AOI-0051,2025-07-05,0.30060571229098676
AOI-0051,2025-07-10,0.25497019909540403
AOI-0051,2025-08-05,0.21327780772122262
AOI-0051,2025-08-12,0.20115888930725542
AOI-0051,2025-09-15,0.22840750318943059
AOI-0051,2025-09-16,0.22663969524444172
AOI-0052,2025-04-19,0.21859411193403855
AOI-0052,2025-06-08,0.35956510908191103
AOI-0052,2025-06-11,0.44500018962216931
AOI-0052,2025-07-05,0.66500815341950426
AOI-0052,2025-07-18,0.34504358616091457
AOI-0052,2025-08-22,0.14565250012742209
AOI-0052,2025-08-27,0.14545377239714519
AOI-0052,2025-09-06,0.15080401202258634
AOI-0052,2025-09-14,0.19530372243382929
AOI-0052,2025-10-17,0.22878462851508902
AOI-0053,2025-04-11,0.6931336340650982
AOI-0053,2025-04-14,0.72541415876840221
AOI-0053,2025-04-16,0.71969932420250871
AOI-0053,2025-04-19,0.72134041247251712
AOI-0053,2025-04-23,0.74785140334441791
AOI-0053,2025-06-26,0.30578572711331026
AOI-0053,2025-07-28,0.17660398629622465
AOI-0053,2025-08-02,0.14862017178892825
AOI-0053,2025-08-09,0.14088722895222427
AOI-0053,2025-08-12,0.14756395636600447
AOI-0053,2025-08-29,0.1755413214445693
AOI-0053,2025-09-01,0.15933161263344875
AOI-0053,2025-09-07,0.17533790948517147
AOI-0053,2025-09-11,0.15283095017618498
AOI-0053,2025-09-14,0.18297745448740962
AOI-0053,2025-09-15,0.1582373389021326
AOI-0053,2025-09-21,0.16197442612055069
AOI-0053,2025-09-26,0.1797820060302053
AOI-0053,2025-10-28,0.21858780462220823
AOI-0054,2025-04-11,0.54097011845709897
AOI-0054,2025-04-19,0.65643219140957543
AOI-0054,2025-05-04,0.74193245309701084
AOI-0054,2025-06-03,0.78772130310403699
AOI-0054,2025-07-28,0.60994355276210865
AOI-0054,2025-08-12,0.70962642188899949
AOI-0054,2025-09-21,0.68392810072245069
AOI-0054,2025-09-30,0.61841971348431735
AOI-0054,2025-10-16,0.62929438337279475
AOI-0055,2025-04-01,0.38052159953427045
AOI-0055,2025-04-11,0.37607484023741022
AOI-0055,2025-05-09,0.50641578504254681
AOI-0055,2025-07-04,0.54208649327597236
AOI-0055,2025-07-05,0.51130773351576242
AOI-0055,2025-07-08,0.50454586514224953
AOI-0055,2025-07-23,0.42261890596597806
AOI-0055,2025-08-17,0.39146039860527942
AOI-0055,2025-09-14,0.42375569650669387
AOI-0055,2025-09-22,0.41128265400003722
AOI-0056,2025-04-23,0.7419146138655548
AOI-0056,2025-05-24,0.77960428844662022
AOI-0056,2025-06-10,0.47302412338763622
AOI-0056,2025-06-19,0.38923259704380725
AOI-0056,2025-07-18,0.19005171097124432
AOI-0056,2025-07-23,0.18397742619126561
AOI-0056,2025-08-09,0.17627958897827439
AOI-0056,2025-09-06,0.19048981676099205
AOI-0056,2025-09-08,0.18597537920357954
AOI-0056,2025-10-16,0.23104007683113573
AOI-0057,2025-05-04,0.77439592448209216
AOI-0057,2025-05-09,0.72674253437355674
AOI-0057,2025-05-19,0.50828001618651353
AOI-0057,2025-06-26,0.31009472860829079
AOI-0057,2025-06-27,0.25453045762941684
AOI-0057,2025-07-10,0.20006803712677534
AOI-0057,2025-07-13,0.21777380782929157
AOI-0057,2025-07-18,0.21702050507649689
AOI-0057,2025-08-05,0.18283304976586021
AOI-0057,2025-08-27,0.14771257033570287
AOI-0057,2025-09-01,0.16010194496493857
AOI-0057,2025-09-21,0.17582724946969971
AOI-0058,2010-04-23,0.27973213223232257
AOI-0058,2010-08-13,0.42308635304697956
AOI-0058,2010-08-29,0.36112294571227171
AOI-0058,2010-09-05,0.34117634732104984
AOI-0058,2011-04-02,0.37506006017664245
AOI-0058,2011-04-26,0.53164402867459781
AOI-0058,2011-06-12,0.71975995874154819
AOI-0058,2011-07-15,0.50823029225108796
AOI-0058,2011-08-29,0.37924874072994741
AOI-0058,2011-09-01,0.32737549507993513
AOI-0058,2011-10-02,0.34203644266872113
AOI-0058,2011-10-27,0.32203930157145222
AOI-0058,2012-04-22,0.45530182711790712
AOI-0058,2012-06-09,0.64405021240534643
AOI-0058,2012-06-23,0.62088249029715126
AOI-0058,2012-07-11,0.57259440934334149
AOI-0058,2012-08-12,0.42849251059212556
AOI-0058,2012-09-11,0.42308616324137227
AOI-0058,2013-04-07,0.34799071939575538
AOI-0058,2013-04-23,0.31955640952957354
AOI-0058,2013-05-09,0.38495700386927734
AOI-0058,2013-06-09,0.5277636384778418
AOI-0058,2013-06-10,0.55640599241278932
AOI-0058,2013-07-11,0.69712941105018855
AOI-0058,2013-07-19,0.6651251116992164
AOI-0058,2013-08-28,0.24848809950574088
AOI-0058,2013-10-16,0.42273398437926579
AOI-0058,2013-10-24,0.41760207099488855
AOI-0058,2014-04-25,0.84295685465180337
AOI-0058,2014-06-05,0.74212912935954378
AOI-0058,2014-06-10,0.63941346276426136
AOI-0058,2014-09-14,0.30693457572857191
AOI-0058,2015-04-28,0.44388835392954318
AOI-0058,2015-05-09,0.56146669216746381
AOI-0058,2015-09-03,0.4730669263112065
AOI-0058,2015-09-27,0.52173154310916525
AOI-0058,2016-04-06,0.63185655213533787
AOI-0058,2016-04-30,0.86147757668663427
AOI-0058,2016-06-09,0.87585994032613168
AOI-0058,2016-07-27,0.49824134448277657
AOI-0058,2016-07-28,0.48241744915321016
AOI-0058,2016-08-13,0.48892525087461458
AOI-0058,2017-04-25,0.79261610897777823
AOI-0058,2017-07-15,0.25434850846799817
AOI-0058,2017-09-13,0.22989446201319286
AOI-0058,2017-09-16,0.23958745636818796
AOI-0058,2018-05-15,0.6820322622943179
AOI-0058,2018-07-26,0.4889959704550314
AOI-0058,2018-08-02,0.43274169965861076
AOI-0058,2019-04-23,0.81713178943598042
AOI-0058,2019-05-25,0.85183829560760538
AOI-0058,2019-06-25,0.31400386279280323
AOI-0058,2019-06-27,0.28380141736062237
AOI-0058,2019-07-04,0.27325215943007058
AOI-0058,2019-08-30,0.20153160188547026
AOI-0058,2019-09-28,0.098694521235445351
AOI-0058,2019-09-30,0.19765342759830823
AOI-0058,2020-04-17,0.44008939527185759
AOI-0058,2020-05-04,0.51269333437475051
AOI-0058,2020-06-05,0.62665764584920225
AOI-0058,2020-06-29,0.55063536987803041
AOI-0058,2020-07-06,0.48014881827175071
AOI-0058,2020-07-22,0.38852745797418192
AOI-0058,2020-07-30,0.37724799279518362
AOI-0058,2020-08-07,0.36145605531470798
AOI-0058,2020-08-12,0.38824015752770358
AOI-0058,2020-08-23,0.34070166602765484
AOI-0058,2020-08-28,0.37885669347729756
AOI-0058,2020-09-24,0.30540406999320907
AOI-0058,2020-10-27,0.28763356303444543
AOI-0058,2021-04-15,0.44422935798728813
AOI-0058,2021-05-09,0.6207984935664661
AOI-0058,2021-05-31,0.67946280917110868
AOI-0058,2021-07-09,0.58289635196837253
AOI-0058,2021-07-14,0.5372965527845357
AOI-0058,2021-07-25,0.48641068493987022
AOI-0058,2021-08-13,0.30289936580658855
AOI-0058,2021-08-28,0.33723269936525802
AOI-0058,2021-09-27,0.50563566394841164
AOI-0058,2022-06-10,0.84570000160881542
AOI-0058,2022-06-18,0.79983483446055048
AOI-0058,2022-07-04,0.30918404377829517
AOI-0058,2022-07-12,0.25263971302288357
AOI-0058,2022-07-17,0.22053962985994041
AOI-0058,2022-07-29,0.21004345485547182
AOI-0058,2022-09-14,0.25042680061074352
AOI-0058,2023-05-09,0.5357851177022479
AOI-0058,2023-05-20,0.6226580190106753
AOI-0058,2023-06-28,0.7958296482973396
AOI-0058,2023-08-17,0.52746179656568404
AOI-0058,2023-09-02,0.40455000169265187
AOI-0058,2023-09-10,0.4939100853361521
AOI-0058,2023-09-27,0.50095786849912849
AOI-0058,2023-10-12,0.46813602159887507
AOI-0058,2024-04-09,0.68724538682258318
AOI-0058,2024-05-09,0.75513419660002479
AOI-0058,2024-06-03,0.66850489401133739
AOI-0058,2024-06-23,0.38749868052066394
AOI-0058,2024-06-28,0.36132444465387903
AOI-0058,2024-07-09,0.34909750257617356
AOI-0058,2024-07-26,0.24938901700468508
AOI-0058,2024-07-27,0.27784601344912385
AOI-0058,2024-08-18,0.25939451446378947
AOI-0058,2024-08-27,0.20961885257332008
AOI-0058,2024-08-28,0.2627618520002396
AOI-0058,2024-09-21,0.20831099234625949
AOI-0058,2024-09-28,0.21078477514126209
AOI-0058,2024-10-01,0.20919102177595691
AOI-0058,2024-10-30,0.26453244986771807
AOI-0058,2025-04-07,0.52945510365803861
AOI-0058,2025-04-16,0.520592627729763
AOI-0058,2025-04-24,0.57751683090869699
AOI-0058,2025-07-18,0.35898953099151421
AOI-0058,2025-07-28,0.30857962563437397
AOI-0058,2025-08-02,0.27322183318951876
AOI-0058,2025-08-06,0.27058312837531595
AOI-0058,2025-08-09,0.21845514688469198
AOI-0058,2025-08-12,0.21670273425989728
AOI-0058,2025-08-14,0.20418771066748428
AOI-0058,2025-09-14,0.22439412470342629
AOI-0058,2025-09-22,0.2044838353488303
AOI-0059,2010-06-26,0.79013674221796792
AOI-0059,2010-07-19,0.6860013460299037
AOI-0059,2010-08-28,0.27617420227732759
AOI-0059,2011-04-23,0.65180918978280011
AOI-0059,2011-05-27,0.59061112157416285
AOI-0059,2011-05-28,0.58045994485003549
AOI-0059,2011-06-12,0.72091940277153865
AOI-0059,2011-06-26,0.73671826308414046
AOI-0059,2011-07-07,0.65633563278730889
AOI-0059,2011-07-28,0.49842579120626529
AOI-0059,2011-08-08,0.53448337535439527
AOI-0059,2011-08-23,0.51743196389435075
AOI-0059,2012-04-04,0.652023881955894
AOI-0059,2012-08-12,0.3505623128373746
AOI-0059,2012-08-26,0.31199598427471043
AOI-0059,2012-09-11,0.29262021829944945
AOI-0059,2012-10-13,0.37660521251825535
AOI-0059,2013-05-09,0.83582080947764426
AOI-0059,2013-06-18,0.23179646542889004
AOI-0059,2013-07-20,0.22259818996474892
AOI-0059,2013-08-13,0.24309859152235413
AOI-0059,2013-08-21,0.21812484217706893
AOI-0059,2013-10-16,0.3413306626162036
AOI-0059,2014-05-09,0.88614906714571573
AOI-0059,2014-10-27,0.51097489377824323
AOI-0059,2015-04-13,0.30467315236913078
AOI-0059,2015-05-22,0.38559047333239138
AOI-0059,2015-06-07,0.78307982661317621
AOI-0059,2015-08-02,0.76098947678305628
AOI-0059,2015-08-10,0.74645859997693442
AOI-0059,2015-08-29,0.62747696943596798
AOI-0059,2015-09-27,0.53736446572134255
AOI-0059,2015-09-30,0.41853700422784235
AOI-0059,2016-05-25,0.85202319478175437
AOI-0059,2016-07-04,0.3746895761612663
AOI-0059,2016-09-14,0.2404430269118962
AOI-0059,2016-10-24,0.38382154717890826
AOI-0059,2017-04-02,0.57934387399342835
AOI-0059,2017-05-06,0.85036004992530845
AOI-0059,2017-05-27,0.86390262388706462
AOI-0059,2017-06-04,0.88437449997155659
AOI-0059,2017-06-10,0.85742696607769076
AOI-0059,2017-07-12,0.33593312655078361
AOI-0059,2017-07-23,0.23962766199594437
AOI-0059,2017-07-28,0.25051939296347192
AOI-0059,2017-08-13,0.21033295750303152
AOI-0059,2017-08-29,0.23420846456283959
AOI-0059,2017-09-24,0.20126015700951411
AOI-0059,2018-04-07,0.23611066349370832
AOI-0059,2018-05-22,0.42802674542050145
AOI-0059,2018-05-31,0.42373866692683254
AOI-0059,2018-07-09,0.60683534940970774
AOI-0059,2018-07-18,0.51472919282769269
AOI-0059,2018-07-26,0.47025733450809826
AOI-0059,2018-08-02,0.27753004422445371
AOI-0059,2018-08-10,0.35702920557024859
AOI-0059,2018-08-13,0.35306879508410061
AOI-0059,2018-10-06,0.21118958676041058
AOI-0059,2019-04-11,0.69830344843724612
AOI-0059,2019-04-21,0.73138128167815097
AOI-0059,2019-04-23,0.75533030489914676
AOI-0059,2019-05-21,0.84331697271602302
AOI-0059,2019-06-02,0.81540810383203377
AOI-0059,2019-06-05,0.81930623366602184
AOI-0059,2019-06-10,0.75988350239301428
AOI-0059,2019-06-15,0.59300215908513931
AOI-0059,2019-06-30,0.24245608440334923
AOI-0059,2019-07-29,0.28325804541719996
AOI-0059,2019-08-21,0.20791400971149362
AOI-0059,2019-08-24,0.20223427138235384
AOI-0059,2019-09-03,0.21899001682697339
AOI-0059,2019-10-13,0.22071499696873725
AOI-0059,2019-10-24,0.25670434046685942
AOI-0059,2020-04-09,0.24188039775360617
AOI-0059,2020-04-18,0.24513438075013166
AOI-0059,2020-04-25,0.23653410100590894
AOI-0059,2020-05-08,0.4209270728229908
AOI-0059,2020-05-12,0.31605256206206617
AOI-0059,2020-06-05,0.66906743071608832
AOI-0059,2020-07-11,0.76454077063966674
AOI-0059,2020-07-30,0.69926035602103287
AOI-0059,2020-10-26,0.26356909227230679
AOI-0059,2021-06-19,0.67468944851673562
AOI-0059,2021-06-23,0.59831114012380981
AOI-0059,2021-06-29,0.43082470612360824
AOI-0059,2021-07-28,0.30624141767892599
AOI-0059,2021-07-29,0.2534877664089471
AOI-0059,2021-08-18,0.42094467145038184
AOI-0059,2021-08-28,0.59484902060389622
AOI-0059,2021-09-07,0.75553909466309022
AOI-0059,2021-09-17,0.74178714840961968
AOI-0059,2021-09-28,0.31138505563067509
AOI-0059,2021-09-30,0.29986022202311147
AOI-0059,2021-10-16,0.26757811947675997
AOI-0059,2022-04-15,0.24677513128563427
AOI-0059,2022-06-10,0.78133979230016992
AOI-0059,2022-06-11,0.7869289701313178
AOI-0059,2022-07-20,0.8184943904215235
AOI-0059,2022-08-18,0.71031550784119668
AOI-0059,2022-09-27,0.41258281951030634
AOI-0059,2022-10-08,0.41492809880801262
AOI-0059,2023-05-13,0.86699585643302179
AOI-0059,2023-05-25,0.85404649163984558
AOI-0059,2023-06-18,0.84311446807158164
AOI-0059,2023-07-16,0.24158542142894313
AOI-0059,2023-07-29,0.20260406945331183
AOI-0059,2023-09-30,0.21621554773514295
AOI-0059,2023-10-12,0.21861245177593214
AOI-0059,2023-10-16,0.25733235932570692
AOI-0059,2024-04-04,0.2662041915864245
AOI-0059,2024-04-13,0.31433007711044125
AOI-0059,2024-04-22,0.37345331600056153
AOI-0059,2024-05-19,0.28572786135976053
AOI-0059,2024-06-09,0.54556622354803253
AOI-0059,2024-07-13,0.34622444582613454
AOI-0059,2024-07-17,0.37116645427146278
AOI-0059,2024-07-27,0.22884960143173355
AOI-0059,2024-09-11,0.17812244331406643
AOI-0059,2025-04-01,0.59171948826606102
AOI-0059,2025-04-23,0.77260926079736247
AOI-0059,2025-05-01,0.80355042835151058
AOI-0059,2025-05-09,0.75493295740925026
AOI-0059,2025-05-17,0.77615911507142654
AOI-0059,2025-06-10,0.38160311745931208
AOI-0059,2025-08-29,0.1793677121039659
AOI-0059,2025-09-07,0.18027996859029619
AOI-0059,2025-10-08,0.20698981076134976
AOI-0059,2025-10-28,0.1959151194361623
AOI-0060,2025-04-14,0.70975447143778725
AOI-0060,2025-04-29,0.7627853947897264
AOI-0060,2025-06-03,0.49329820507774902
AOI-0060,2025-07-04,0.60228721473769853
AOI-0060,2025-07-05,0.58504029589054796
AOI-0060,2025-07-21,0.32552402445842499
AOI-0060,2025-08-05,0.23185604822826356
AOI-0060,2025-08-29,0.22146519585547347
AOI-0060,2025-08-30,0.20495419068899096
AOI-0060,2025-09-01,0.19065697772645251
AOI-0060,2025-09-11,0.19919720467403673
AOI-0061,2010-04-23,0.33384416702236913
AOI-0061,2010-05-26,0.58315232751777457
AOI-0061,2010-06-11,0.7038266749524682
AOI-0061,2011-06-30,0.54192984995429549
AOI-0061,2011-07-28,0.47127323249065578
AOI-0061,2011-09-18,0.34993044461108408
AOI-0061,2011-09-26,0.36790339680345996
AOI-0061,2012-04-06,0.36242874711720591
AOI-0061,2012-05-24,0.68540087884142364
AOI-0061,2012-08-28,0.47650564715946625
AOI-0061,2012-09-04,0.43197774367078473
AOI-0061,2012-10-22,0.29745585271727903
AOI-0061,2013-04-16,0.65367301109913356
AOI-0061,2013-06-10,0.66532366955379851
AOI-0061,2013-06-26,0.51301794340926055
AOI-0061,2013-08-29,0.25210003483440524
AOI-0061,2013-09-14,0.2370050591107965
AOI-0061,2013-10-09,0.21871508723670158
AOI-0061,2014-04-27,0.84575607589418522
AOI-0061,2014-06-26,0.42333428427923203
AOI-0061,2014-07-28,0.24406608579607503
AOI-0061,2015-04-07,0.24517987925988616
AOI-0061,2015-05-08,0.29970215742608303
AOI-0061,2015-09-29,0.27762695838996709
AOI-0061,2016-04-22,0.73849183317675449
AOI-0061,2016-06-19,0.6118477984087165
AOI-0061,2016-06-27,0.48882495343296428
AOI-0061,2016-07-13,0.40627709092557729
AOI-0061,2017-04-03,0.20104103450629035
AOI-0061,2017-05-25,0.4233004074470223
AOI-0061,2017-07-02,0.85074529952551192
AOI-0061,2017-07-27,0.69940091765746304
AOI-0061,2017-08-11,0.49319916040461731
AOI-0061,2017-09-02,0.2455989830694229
AOI-0061,2018-04-07,0.74634617028678252
AOI-0061,2018-06-10,0.72049504889188776
AOI-0061,2019-04-09,0.19921335907431431
AOI-0061,2019-05-13,0.31289808435024113
AOI-0061,2019-05-21,0.43538131174608802
AOI-0061,2019-05-25,0.57258777231694236
AOI-0061,2019-06-27,0.71900015123755501
AOI-0061,2019-07-12,0.7176097483036552
AOI-0061,2019-08-21,0.64951156137647736
AOI-0061,2019-09-14,0.27416373730506738
AOI-0061,2019-09-23,0.11750358461148766
AOI-0061,2019-10-18,0.28189826614266694
AOI-0061,2019-10-20,0.29062709664898201
AOI-0061,2020-04-17,0.3493142342158958
AOI-0061,2020-05-24,0.61511114638473885
AOI-0061,2020-07-16,0.25385928437513922
AOI-0061,2020-07-19,0.29374172814269051
AOI-0061,2020-07-24,0.29053697100655373
AOI-0061,2020-07-27,0.31422519817850458
AOI-0061,2020-08-08,0.24683900667045866
AOI-0061,2020-08-17,0.24076562051227735
AOI-0061,2020-08-18,0.21948311968724743
AOI-0061,2020-08-23,0.20808497485692057
AOI-0061,2020-09-18,0.17740354281725851
AOI-0061,2020-10-17,0.15483475798329333
AOI-0061,2020-10-29,0.11516311050481851
AOI-0061,2021-05-05,0.86426048138947342
AOI-0061,2021-05-08,0.89580128248650803
AOI-0061,2021-05-15,0.85414063443240051
AOI-0061,2021-07-21,0.19490762380535023
AOI-0061,2021-07-24,0.2128664019167992
AOI-0061,2021-08-04,0.2794651821387989
AOI-0061,2021-08-28,0.34528290243600712
AOI-0061,2021-08-29,0.37074174011233196
AOI-0061,2021-10-29,0.14405836009315881
AOI-0061,2022-04-09,0.22267561503481625
AOI-0061,2022-05-09,0.32134936472194919
AOI-0061,2022-05-22,0.41706401857799863
AOI-0061,2022-05-25,0.47471052233914979
AOI-0061,2022-05-27,0.42979233236430991
AOI-0061,2022-06-12,0.79056376162770925
AOI-0061,2022-06-29,0.83775321770629607
AOI-0061,2022-07-06,0.81407936912858503
AOI-0061,2022-07-21,0.78985561551057193
AOI-0061,2022-07-22,0.78526688425653923
AOI-0061,2022-07-28,0.81266997778312788
AOI-0061,2022-08-23,0.31260409116956112
AOI-0061,2023-04-07,0.50473796585076713
AOI-0061,2023-04-25,0.53406137091229577
AOI-0061,2023-05-05,0.72328118851909184
AOI-0061,2023-05-06,0.73344307898931382
AOI-0061,2023-05-17,0.74024485734764933
AOI-0061,2023-06-06,0.8226401366714915
AOI-0061,2023-06-21,0.74121137286405547
AOI-0061,2023-07-17,0.45989368006208931
AOI-0061,2023-07-21,0.45936979156166569
AOI-0061,2023-07-27,0.43946900211196194
AOI-0061,2023-09-24,0.17695256514613628
AOI-0061,2023-10-14,0.15852227504077565
AOI-0061,2023-10-29,0.19953395759671638
AOI-0061,2024-04-29,0.41449172154741254
AOI-0061,2024-05-01,0.40449123254338049
AOI-0061,2024-05-08,0.45827988327029595
AOI-0061,2024-06-20,0.48982800686270389
AOI-0061,2024-07-15,0.34183404967508296
AOI-0061,2024-08-09,0.31482319188343871
AOI-0061,2024-08-12,0.3597523158184921
AOI-0061,2024-09-06,0.21301386228174385
AOI-0061,2024-09-26,0.17817768452976271
AOI-0061,2024-10-07,0.20301504532804202
AOI-0061,2025-04-16,0.70585409502655094
AOI-0061,2025-04-19,0.71497458715622852
AOI-0061,2025-05-28,0.82695346994402341
AOI-0061,2025-06-28,0.51446881425126745
AOI-0061,2025-07-07,0.39552784899178073
AOI-0061,2025-07-10,0.34409174668544018
AOI-0061,2025-07-28,0.21824820768304176
AOI-0061,2025-08-16,0.22064995424946815
AOI-0061,2025-08-29,0.24140997066982564
AOI-0061,2025-09-24,0.33039819831210027
AOI-0061,2025-09-26,0.32971827607291249
AOI-0061,2025-10-16,0.3327498382916721
AOI-0062,2010-04-24,0.79058581612131507
AOI-0062,2010-05-09,0.81468218194678066
AOI-0062,2010-05-26,0.73903079101540836
AOI-0062,2010-08-13,0.19395314003818448
AOI-0062,2010-10-16,0.37714422893030264
AOI-0062,2011-06-14,0.64019780452163211
AOI-0062,2011-07-28,0.40599923626359424
AOI-0062,2011-10-16,0.39063872735359928
AOI-0062,2012-06-09,0.60029336018367174
AOI-0062,2012-08-28,0.22242578671751095
AOI-0062,2012-09-04,0.20538886721193134
AOI-0062,2012-09-13,0.23417223469200904
AOI-0062,2013-04-23,0.2919328948763148
AOI-0062,2013-07-12,0.7073759767827994
AOI-0062,2013-07-28,0.69102109356889596
AOI-0062,2013-09-14,0.30521630176848574
AOI-0062,2013-10-16,0.25524961788727779
AOI-0062,2014-06-30,0.30893331290688358
AOI-0062,2014-10-04,0.42481888921418931
AOI-0062,2015-04-22,0.70230345000882299
AOI-0062,2015-05-09,0.65826669206431843
AOI-0062,2015-09-05,0.23529475210262846
AOI-0062,2015-09-21,0.22639466092734739
AOI-0062,2016-05-08,0.89949972106989728
AOI-0062,2016-07-11,0.29529048844000394
AOI-0062,2016-07-27,0.30828971269723199
AOI-0062,2016-09-13,0.23245744104513771
AOI-0062,2016-10-25,0.2674237597058382
AOI-0062,2017-04-07,0.23332455993368442
AOI-0062,2017-07-28,0.72400581767570626
AOI-0062,2017-09-15,0.19216362912693546
AOI-0062,2018-04-06,0.59128036754851954
AOI-0062,2018-04-07,0.60070901825430256
AOI-0062,2018-06-02,0.79981565535212451
AOI-0062,2018-06-25,0.38461707277751322
AOI-0062,2018-07-28,0.2489218947043273
AOI-0062,2018-08-28,0.21076747134135981
AOI-0062,2019-04-08,0.21242223168539537
AOI-0062,2019-04-11,0.1808203134854236
AOI-0062,2019-06-17,0.72175120620571098
AOI-0062,2019-07-06,0.71366643308873401
AOI-0062,2019-08-09,0.68058941158578734
AOI-0062,2019-08-23,0.40644223675679531
AOI-0062,2019-09-23,0.10831768355705929
AOI-0062,2019-10-18,0.20126994273455751
AOI-0062,2019-10-23,0.18469849191270676
AOI-0062,2019-10-28,0.33222286371239418
AOI-0062,2020-04-30,0.78107137649354086
AOI-0062,2020-05-30,0.74865686489646077
AOI-0062,2020-06-16,0.54401715905369541
AOI-0062,2020-07-26,0.16906863464285393
AOI-0062,2020-08-18,0.17685842338119878
AOI-0062,2020-08-20,0.17098756682244318
AOI-0062,2020-08-23,0.19358496141097797
AOI-0062,2020-08-25,0.17968233508724554
AOI-0062,2020-09-07,0.1553421349812418
AOI-0062,2020-09-09,0.16874290313611079
AOI-0062,2020-10-07,0.15907813760403061
AOI-0062,2020-10-15,0.16302617532192865
AOI-0062,2021-04-23,0.23697987692250336
AOI-0062,2021-05-05,0.19690995952934767
AOI-0062,2021-05-08,0.25817539365828329
AOI-0062,2021-05-12,0.22886054201475126
AOI-0062,2021-06-06,0.32044753425289729
AOI-0062,2021-06-10,0.43839890883191168
AOI-0062,2021-07-01,0.74319323203958332
AOI-0062,2021-07-26,0.712332949354752
AOI-0062,2021-07-29,0.70660347266980894
AOI-0062,2021-09-12,0.24655357725742527
AOI-0062,2021-09-13,0.29526781311513389
AOI-0062,2021-09-19,0.22482378519714333
AOI-0062,2021-09-27,0.20602937806609115
AOI-0062,2021-09-29,0.20564628402767479
AOI-0062,2021-10-07,0.16935759306295362
AOI-0062,2021-10-16,0.20376128947202052
AOI-0062,2022-04-10,0.72765811871757613
AOI-0062,2022-04-27,0.84671185235128088
AOI-0062,2022-05-11,0.87094996485259313
AOI-0062,2022-05-25,0.82376951754705274
AOI-0062,2022-07-21,0.22277768744311766
AOI-0062,2022-07-24,0.22745142107913535
AOI-0062,2022-08-23,0.19022404288324957
AOI-0062,2022-09-14,0.19833978828184817
AOI-0062,2022-09-18,0.20569255310443155
AOI-0062,2022-09-30,0.19926670137842911
AOI-0062,2022-10-19,0.16562322535614893
AOI-0062,2023-05-17,0.43378666203321142
AOI-0062,2023-06-18,0.8731422804758816
AOI-0062,2023-06-24,0.85539511039165439
AOI-0062,2023-07-14,0.81290876543906598
AOI-0062,2023-08-05,0.4591746952237663
AOI-0062,2023-08-25,0.17488007430297708
AOI-0062,2023-09-17,0.16039850852499457
AOI-0062,2023-10-12,0.17695647830143219
AOI-0062,2023-10-16,0.19677919611584277
AOI-0062,2024-04-22,0.84676767281578713
AOI-0062,2024-06-03,0.70741431078684403
AOI-0062,2024-06-08,0.6689832562134197
AOI-0062,2024-06-23,0.25416340529451953
AOI-0062,2024-07-30,0.11870621807622572
AOI-0062,2024-08-04,0.13588956049490158
AOI-0062,2024-08-12,0.18154738948734966
AOI-0062,2024-09-06,0.14505528070366949
AOI-0062,2024-10-26,0.16322016968131381
AOI-0062,2025-04-01,0.22785952490355865
AOI-0062,2025-04-07,0.31699470739882302
AOI-0062,2025-04-11,0.23691374839239737
AOI-0062,2025-04-24,0.28500992158739297
AOI-0062,2025-04-29,0.28257502765040771
AOI-0062,2025-05-28,0.53263195755230797
AOI-0062,2025-06-28,0.77649478213535417
AOI-0062,2025-07-06,0.75516888631376611
AOI-0062,2025-07-07,0.76220127130278637
AOI-0062,2025-07-15,0.53961313325977955
AOI-0062,2025-07-25,0.39480895645101977
AOI-0062,2025-08-02,0.29973964239562634
AOI-0062,2025-08-17,0.24958774026079983
AOI-0062,2025-09-24,0.2072839124753616
AOI-0062,2025-09-30,0.26453920955956206
AOI-0062,2025-10-08,0.19251278303210362
AOI-0062,2025-10-13,0.18200452650515531
AOI-0063,2025-04-14,0.23570643599708502
AOI-0063,2025-04-19,0.22092275230693467
AOI-0063,2025-04-23,0.33638849175348973
AOI-0063,2025-04-24,0.22644154510702022
AOI-0063,2025-05-06,0.29029626400617747
AOI-0063,2025-05-25,0.50360332137180441
AOI-0063,2025-06-05,0.71635740865061381
AOI-0063,2025-06-25,0.71112546614866989
AOI-0063,2025-06-28,0.76257808925879056
AOI-0063,2025-06-30,0.7625452851423411
AOI-0063,2025-07-06,0.78847379847987509
AOI-0063,2025-07-07,0.79488827869237588
AOI-0063,2025-07-22,0.52472047064441141
AOI-0063,2025-08-23,0.40914018357149551
AOI-0063,2025-09-13,0.23986480867723858
AOI-0063,2025-09-14,0.29129758957047092
AOI-0064,2025-04-14,0.42981523949111566
AOI-0064,2025-04-23,0.5429131230462626
AOI-0064,2025-04-24,0.45212178727030761
AOI-0064,2025-06-03,0.74367611281608759
AOI-0064,2025-06-05,0.74054714748931105
AOI-0064,2025-06-26,0.44243193390850472
AOI-0064,2025-06-27,0.37960435036606943
AOI-0064,2025-06-28,0.3708519616841307
AOI-0064,2025-07-10,0.27773598787631631
AOI-0064,2025-08-12,0.19637701164655932
AOI-0064,2025-08-19,0.16960682004793462
AOI-0064,2025-08-27,0.18051042427188885
AOI-0064,2025-08-31,0.18081277639282378
AOI-0064,2025-09-13,0.20752250806279532
AOI-0064,2025-10-06,0.19292353227646647
AOI-0064,2025-10-13,0.18941977325930687
AOI-0065,2025-04-19,0.44116580094376828
AOI-0065,2025-05-01,0.44765158343785649
AOI-0065,2025-06-04,0.4764346135704487
AOI-0065,2025-06-05,0.48708555787844166
AOI-0065,2025-06-08,0.50482929650018915
AOI-0065,2025-06-26,0.59888342414357698
AOI-0065,2025-07-15,0.42236439448950541
AOI-0065,2025-07-18,0.39060146248105687
AOI-0065,2025-08-07,0.23634856610287722
AOI-0065,2025-08-17,0.21844969078875454
AOI-0065,2025-09-14,0.2458567108754641
AOI-0065,2025-09-25,0.22910341110830179
AOI-0065,2025-09-30,0.28787746288967742
AOI-0065,2025-10-08,0.25238141002079661
AOI-0066,2025-06-05,0.49037066138330049
AOI-0066,2025-07-05,0.80478978718578453
AOI-0066,2025-07-15,0.68813677729301825
AOI-0066,2025-07-25,0.4994366537007936
AOI-0066,2025-07-27,0.48503922418079565
AOI-0066,2025-08-14,0.35462502645118277
AOI-0066,2025-09-01,0.21596048428197967
AOI-0067,2010-04-25,0.18357259869231693
AOI-0067,2010-06-20,0.18191438113145258
AOI-0067,2010-06-26,0.20414326255519893
AOI-0067,2010-07-13,0.18706149165868227
AOI-0067,2010-07-21,0.17702991191261888
AOI-0067,2010-08-06,0.17588863203001426
AOI-0067,2010-08-07,0.16106476363685096
AOI-0067,2010-08-15,0.13506245972935924
AOI-0067,2010-09-23,0.17236699116087428
AOI-0067,2010-10-09,0.18182174140558466
AOI-0067,2011-05-09,0.28896949911480874
AOI-0067,2011-05-14,0.23043230034398621
AOI-0067,2011-09-03,0.35247885175052823
AOI-0067,2011-09-19,0.31502235532516992
AOI-0067,2012-05-08,0.34085126228525575
AOI-0067,2012-06-09,0.23080918195645661
AOI-0067,2012-07-27,0.15523659775411572
AOI-0067,2012-09-29,0.15672505998468197
AOI-0067,2013-07-30,0.24751527290797082
AOI-0067,2013-08-29,0.3431071165125551
AOI-0067,2014-05-21,0.23399872132593302
AOI-0067,2014-05-25,0.26897851399603961
AOI-0067,2014-06-06,0.22741377226486201
AOI-0067,2014-06-07,0.21978525760009654
AOI-0067,2014-07-01,0.22247775625244393
AOI-0067,2014-07-16,0.19366237307781173
AOI-0067,2014-07-17,0.17321794348498326
AOI-0067,2014-09-14,0.19750465723286256
AOI-0067,2014-10-12,0.15308844340189426
AOI-0067,2015-04-15,0.18073494076318836
AOI-0067,2015-05-09,0.23979162842625937
AOI-0067,2015-06-02,0.22775604857858367
AOI-0067,2015-06-18,0.2859548810522422
AOI-0067,2015-07-12,0.40960568089969751
AOI-0067,2015-07-20,0.39368208475308952
AOI-0067,2015-08-29,0.52271233261551764
AOI-0067,2015-09-14,0.36213568603776325
AOI-0067,2015-09-29,0.24157258409846732
AOI-0067,2016-05-03,0.26546864054545072
AOI-0067,2016-05-10,0.2742838764396055
AOI-0067,2016-05-11,0.27723264345463494
AOI-0067,2016-06-25,0.20872459767902418
AOI-0067,2016-07-14,0.19105537299202213
AOI-0067,2016-07-27,0.25911677708993019
AOI-0067,2016-09-29,0.20304996251301272
AOI-0067,2016-10-25,0.18598476080873383
AOI-0067,2017-04-04,0.17446688992384077
AOI-0067,2017-04-28,0.16331996839012913
AOI-0067,2017-05-05,0.17803242035525804
AOI-0067,2017-06-07,0.30300311212651149
AOI-0067,2017-07-09,0.48720329165221776
AOI-0067,2017-07-25,0.5523487305795316
AOI-0067,2017-08-02,0.58042226321141954
AOI-0067,2017-08-11,0.51134482619412547
AOI-0067,2017-08-13,0.5427322987766493
AOI-0067,2017-08-29,0.52695150444591354
AOI-0067,2017-09-14,0.44293524134256151
AOI-0067,2017-09-20,0.40461517105476885
AOI-0067,2018-04-06,0.20160691670569308
AOI-0067,2018-04-23,0.20495952419424213
AOI-0067,2018-05-25,0.21985855116407699
AOI-0067,2018-07-11,0.14783257158786611
AOI-0067,2018-08-29,0.19119535901020282
AOI-0067,2019-05-08,0.73711205132858293
AOI-0067,2019-05-28,0.80510836408279007
AOI-0067,2019-06-12,0.44735611275939147
AOI-0067,2019-07-12,0.23920234094556245
AOI-0067,2019-07-14,0.20603319691584399
AOI-0067,2019-07-28,0.32736959451628916
AOI-0067,2019-08-08,0.36590132823030369
AOI-0067,2019-08-11,0.36118869927066682
AOI-0067,2019-08-29,0.29108625529634546
AOI-0067,2019-09-05,0.2461108030056478
AOI-0067,2019-09-16,0.25809687682740046
AOI-0067,2019-09-24,0.20267848884527223
AOI-0067,2019-10-02,0.27952343458292062
AOI-0067,2019-10-03,0.2716078129713167
AOI-0067,2019-10-15,0.30088394951209457
AOI-0067,2020-04-22,0.21355111017397743
AOI-0067,2020-04-27,0.1901982740897733
AOI-0067,2020-05-02,0.18664303330319393
AOI-0067,2020-05-08,0.24112943088981809
AOI-0067,2020-07-06,0.55885676583485455
AOI-0067,2020-07-25,0.44996014885836433
AOI-0067,2020-07-26,0.39519026998769247
AOI-0067,2020-07-27,0.44344834426110991
AOI-0067,2020-08-25,0.35828911285113652
AOI-0067,2020-10-15,0.21838346804095976
AOI-0067,2021-05-16,0.24869216560044932
AOI-0067,2021-06-06,0.54481779928437934
AOI-0067,2021-06-16,0.61831439962517953
AOI-0067,2021-06-18,0.63273802431809956
AOI-0067,2021-07-04,0.42487762581889366
AOI-0067,2021-08-30,0.27783794216902036
AOI-0067,2021-09-09,0.29690801194480454
AOI-0067,2021-10-09,0.16722144619961252
AOI-0067,2022-04-02,0.14758874869536126
AOI-0067,2022-04-23,0.25362687039283921
AOI-0067,2022-04-26,0.21300055018380348
AOI-0067,2022-06-01,0.22856352916266093
AOI-0067,2022-07-01,0.635729436678656
AOI-0067,2022-08-23,0.42556412491815837
AOI-0067,2022-08-24,0.40905933323743293
AOI-0067,2022-08-29,0.40115782330237426
AOI-0067,2022-09-01,0.37444601344601386
AOI-0067,2022-09-25,0.33316154838365319
AOI-0067,2022-10-09,0.31576980856371395
AOI-0067,2022-10-14,0.32397187381219922
AOI-0067,2023-04-23,0.24423897963143218
AOI-0067,2023-05-31,0.24649844607346227
AOI-0067,2023-06-30,0.67457553995399933
AOI-0067,2023-07-12,0.6627598149975702
AOI-0067,2023-07-21,0.61309161853226923
AOI-0067,2023-07-27,0.48807618488794191
AOI-0067,2023-08-26,0.31552077234446846
AOI-0067,2023-09-24,0.22324636696657185
AOI-0067,2023-09-27,0.22011184528225447
AOI-0067,2023-10-05,0.24366576082324948
AOI-0067,2023-10-13,0.2071574467035481
AOI-0067,2024-04-01,0.22418841427045827
AOI-0067,2024-04-11,0.23323508360235334
AOI-0067,2024-05-09,0.47926101880893002
AOI-0067,2024-05-24,0.59513571493007356
AOI-0067,2024-07-05,0.28548281066384107
AOI-0067,2024-07-10,0.28322532110766396
AOI-0067,2024-08-29,0.14321787250044599
AOI-0067,2024-09-06,0.15139195485626306
AOI-0067,2024-09-23,0.13396571495813597
AOI-0067,2025-04-17,0.17101717086789553
AOI-0067,2025-04-23,0.20367416268184954
AOI-0067,2025-04-28,0.14663040159087479
AOI-0067,2025-06-05,0.15605529489665299
AOI-0067,2025-06-21,0.25925381936743425
AOI-0067,2025-06-26,0.38356413322731364
AOI-0067,2025-07-05,0.41267393995582119
AOI-0067,2025-07-14,0.47034164465759642
AOI-0067,2025-07-15,0.46180913992062389
AOI-0067,2025-08-06,0.56463339757771158
AOI-0067,2025-09-01,0.39472903735646836
AOI-0067,2025-09-23,0.30003330793187494
AOI-0067,2025-10-03,0.24443100031998147
AOI-0068,2010-04-16,0.20831060651120156
AOI-0068,2010-05-02,0.21086641634636291
AOI-0068,2010-05-09,0.24802006827635342
AOI-0068,2010-06-20,0.17691268223124043
AOI-0068,2010-07-13,0.17435207866309951
AOI-0068,2010-07-14,0.15523376624982954
AOI-0068,2010-07-28,0.17114754394135992
AOI-0068,2010-08-07,0.14879914821904339
AOI-0068,2010-08-29,0.17242339795559222
AOI-0068,2011-04-07,0.41919018505205957
AOI-0068,2011-05-30,0.57899283879743701
AOI-0068,2011-06-15,0.354603720711195
AOI-0068,2011-06-23,0.26209913943055896
AOI-0068,2011-07-16,0.21224834132787737
AOI-0068,2011-08-09,0.18845857341167649
AOI-0068,2011-09-03,0.18890395219880318
AOI-0068,2012-07-27,0.19220579686552614
AOI-0068,2012-08-03,0.1760675134386972
AOI-0068,2012-10-22,0.18367150037061658
AOI-0068,2013-06-19,0.25531602788456648
AOI-0068,2013-06-27,0.24396339070212181
AOI-0068,2013-07-28,0.23444800695898577
AOI-0068,2014-04-27,0.4233517485548115
AOI-0068,2014-07-28,0.18978300650979879
AOI-0068,2014-08-17,0.1704857006470801
AOI-0068,2014-08-25,0.15122204896679395
AOI-0068,2014-10-05,0.15372483323816988
AOI-0068,2014-10-16,0.17511561922418623
AOI-0068,2014-10-29,0.17800621033463615
AOI-0068,2015-06-09,0.3480222005589737
AOI-0068,2015-07-27,0.26989388024079825
AOI-0068,2015-08-04,0.25767223218484714
AOI-0068,2016-05-02,0.29370653563421634
AOI-0068,2016-05-11,0.29459853085664395
AOI-0068,2016-07-14,0.32747299884262837
AOI-0068,2016-08-28,0.26851039885380634
AOI-0068,2016-09-13,0.25630658018957209
AOI-0068,2016-09-29,0.29438258818782154
AOI-0068,2017-05-14,0.52771488423171686
AOI-0068,2017-06-10,0.51060659516325779
AOI-0068,2017-06-22,0.40627027795790316
AOI-0068,2017-06-27,0.27759304723198164
AOI-0068,2017-07-12,0.22645438065734075
AOI-0068,2017-08-02,0.17629529963325768
AOI-0068,2017-08-11,0.13559011983257688
AOI-0068,2017-08-13,0.1757885105936306
AOI-0068,2017-09-02,0.18295224223798431
AOI-0068,2017-09-03,0.2045904539937595
AOI-0068,2018-04-28,0.2558240730120836
AOI-0068,2018-05-09,0.30842363615620705
AOI-0068,2018-06-07,0.21071348364434145
AOI-0068,2018-07-11,0.15684093535527702
AOI-0068,2018-08-28,0.16155480445203518
AOI-0068,2018-09-06,0.16206697207290877
AOI-0068,2018-09-21,0.14966514131908226
AOI-0068,2019-05-25,0.59581788481409792
AOI-0068,2019-05-28,0.57445627188888504
AOI-0068,2019-06-28,0.18965277358167471
AOI-0068,2019-08-07,0.22239881870050773
AOI-0068,2019-09-01,0.18570383824102141
AOI-0068,2019-09-05,0.15443279811758659
AOI-0068,2019-09-15,0.19465117807442556
AOI-0068,2019-09-24,0.15943078504382555
AOI-0068,2019-09-25,0.20545892241854863
AOI-0068,2019-09-30,0.26230066610257596
AOI-0068,2019-10-02,0.23599001306762352
AOI-0068,2019-10-25,0.33984793078052711
AOI-0068,2020-04-02,0.32874023263974939
AOI-0068,2020-04-06,0.36165169999973501
AOI-0068,2020-04-12,0.30202001802869988
AOI-0068,2020-04-19,0.3151831805661568
AOI-0068,2020-06-26,0.18534887177599074
AOI-0068,2020-07-27,0.16809032786240033
AOI-0068,2020-07-31,0.13834194122291765
AOI-0068,2020-09-03,0.14388531527821485
AOI-0068,2020-10-05,0.14118507242986031
AOI-0068,2020-10-20,0.15560108096072645
AOI-0068,2021-05-01,0.26211943495986922
AOI-0068,2021-05-16,0.43087998268953964
AOI-0068,2021-06-11,0.44751376841013546
AOI-0068,2021-06-16,0.42275571440955861
AOI-0068,2021-07-19,0.23598818262200871
AOI-0068,2021-07-31,0.22805136362594899
AOI-0068,2021-09-30,0.4078441797389713
AOI-0068,2022-04-02,0.31221288463574315
AOI-0068,2022-04-12,0.34542067891577571
AOI-0068,2022-04-23,0.4529773081601231
AOI-0068,2022-05-12,0.51054711354248938
AOI-0068,2022-05-27,0.40118072512033776
AOI-0068,2022-06-08,0.34835786584290407
AOI-0068,2022-06-20,0.23257985478915608
AOI-0068,2022-07-01,0.18929587262519865
AOI-0068,2022-07-14,0.16725502216859267
AOI-0068,2022-07-30,0.16549759235366651
AOI-0068,2022-08-15,0.16239309120671849
AOI-0068,2023-04-03,0.42294904838131581
AOI-0068,2023-04-17,0.47769485749678442
AOI-0068,2023-05-09,0.59843606231315627
AOI-0068,2023-06-06,0.52599058598007287
AOI-0068,2023-06-30,0.25954146290917091
AOI-0068,2023-07-05,0.25568298954530655
AOI-0068,2023-08-03,0.24643050409437289
AOI-0068,2023-08-13,0.28317027688384422
AOI-0068,2023-09-03,0.37383061633779768
AOI-0068,2023-09-24,0.36008141031862617
AOI-0068,2023-10-06,0.32738790333300849
AOI-0068,2023-10-11,0.31988349794688242
AOI-0068,2024-05-01,0.24867726398231157
AOI-0068,2024-05-09,0.23752838188006969
AOI-0068,2024-06-15,0.16389714214381715
AOI-0068,2024-08-05,0.17150400387346659
AOI-0068,2024-08-09,0.13961553289973411
AOI-0068,2024-08-19,0.15479730170670924
AOI-0068,2024-08-28,0.17802299761710635
AOI-0068,2024-09-08,0.13990829417922721
AOI-0068,2024-09-14,0.16268196104033716
AOI-0068,2024-09-29,0.18481064391983643
AOI-0068,2024-10-13,0.10858962307226311
AOI-0068,2025-05-08,0.63606140572356673
AOI-0068,2025-05-11,0.66250699984250272
AOI-0068,2025-05-20,0.67349988891773338
AOI-0068,2025-06-10,0.44065975482910025
AOI-0068,2025-06-15,0.35138266035424759
AOI-0068,2025-06-17,0.345100931765703
AOI-0068,2025-06-30,0.226968843363825
AOI-0068,2025-07-22,0.17688776894620875
AOI-0068,2025-07-28,0.19665464539309976
AOI-0068,2025-08-13,0.2387210051506633
AOI-0068,2025-08-14,0.20586968302823228
AOI-0068,2025-08-23,0.19947044077696452
AOI-0068,2025-08-24,0.18505294711877612
AOI-0068,2025-09-08,0.17434392272654878
AOI-0068,2025-09-14,0.22921378078706423
AOI-0068,2025-09-24,0.2121704481944818
AOI-0069,2025-04-16,0.20036519105418479
AOI-0069,2025-04-21,0.18267652492296146
AOI-0069,2025-04-23,0.26803316152711892
AOI-0069,2025-05-01,0.20589882939585608
AOI-0069,2025-05-11,0.29305286363840427
AOI-0069,2025-05-25,0.47889216318668471
AOI-0069,2025-05-28,0.43997116916770362
AOI-0069,2025-06-10,0.41761127412454435
AOI-0069,2025-06-25,0.29765805677972018
AOI-0069,2025-06-26,0.3362197452514919
AOI-0069,2025-07-05,0.20068898109553832
AOI-0069,2025-07-06,0.21569739266225904
AOI-0069,2025-07-22,0.14467082748949892
AOI-0069,2025-08-07,0.15336107175404715
AOI-0069,2025-08-14,0.16094797179362691
AOI-0069,2025-09-01,0.13483116782865007
AOI-0069,2025-09-14,0.17014429917851212
AOI-0069,2025-09-24,0.17551528028190216
AOI-0069,2025-09-25,0.15829663524233956
AOI-0069,2025-09-28,0.15724419222753552
AOI-0070,2025-05-11,0.28206186984630233
AOI-0070,2025-05-25,0.36805094796728133
AOI-0070,2025-06-07,0.21138559264592327
AOI-0070,2025-06-10,0.23864131301571909
AOI-0070,2025-06-25,0.21966559439648459
AOI-0070,2025-07-12,0.22255852609628424
AOI-0070,2025-08-24,0.14972443664616814
AOI-0070,2025-08-31,0.16382216893499735
AOI-0070,2025-09-25,0.16731092505578615
AOI-0070,2025-10-02,0.18668818813770885
AOI-0070,2025-10-13,0.16072133948159525
AOI-0070,2025-10-23,0.22997985554651001
AOI-0071,2025-04-16,0.35193343648573294
AOI-0071,2025-04-18,0.38321956925074946
AOI-0071,2025-04-21,0.39064139794054853
AOI-0071,2025-05-25,0.44243597959378494
AOI-0071,2025-06-26,0.603034971348128
AOI-0071,2025-07-06,0.54581146784504586
AOI-0071,2025-07-07,0.55054800610172649
AOI-0071,2025-07-12,0.48579399159932513
AOI-0071,2025-08-13,0.45024805189335859
AOI-0071,2025-08-23,0.35972304439537361
AOI-0071,2025-08-24,0.34062955148646323
AOI-0071,2025-08-26,0.3442347026727654
AOI-0071,2025-08-29,0.36414826110889564
AOI-0071,2025-09-01,0.34496907345266009
AOI-0071,2025-09-15,0.33362238604101102
AOI-0071,2025-09-28,0.31915419768519804
AOI-0072,2025-05-08,0.77830382344957538
AOI-0072,2025-06-04,0.62743899919521939
AOI-0072,2025-07-05,0.1971616563962991
AOI-0072,2025-07-06,0.2130733026703748
AOI-0072,2025-07-14,0.19088023737794663
AOI-0072,2025-07-17,0.17848153304222847
AOI-0072,2025-08-07,0.18392122857130574
AOI-0072,2025-08-19,0.16669432583497198
AOI-0072,2025-08-29,0.19065878278755605
AOI-0072,2025-09-03,0.1510318997703233
AOI-0072,2025-09-15,0.17814752177810489
AOI-0072,2025-09-16,0.17844515381053153
AOI-0072,2025-09-30,0.21241426156858828
AOI-0072,2025-10-03,0.15596395990508347
AOI-0072,2025-10-13,0.13507639242547298
AOI-0073,2010-06-26,0.59668814765800227
AOI-0073,2010-07-12,0.52127943335984073
AOI-0073,2011-04-07,0.22359409055906346
AOI-0073,2011-07-14,0.53683916981485558
AOI-0073,2011-09-14,0.30478729279491423
AOI-0073,2012-04-22,0.39252634681764431
AOI-0073,2012-04-27,0.37058377398791237
AOI-0073,2012-05-24,0.59265214947607281
AOI-0073,2012-09-29,0.22781346674652558
AOI-0073,2013-04-03,0.25661448012467231
AOI-0073,2013-06-10,0.45823432784215457
AOI-0073,2013-06-25,0.51846645336829678
AOI-0073,2013-07-12,0.4980321059657245
AOI-0073,2013-07-28,0.54654042226664834
AOI-0073,2013-09-30,0.38319988498345281
AOI-0073,2014-05-27,0.51049152270464815
AOI-0073,2014-07-12,0.75587729855581665
AOI-0073,2014-07-30,0.59978573036700733
AOI-0073,2014-08-13,0.49029989820133402
AOI-0073,2014-09-14,0.38630888043489098
AOI-0073,2014-10-10,0.26312536281657706
AOI-0073,2015-05-22,0.38674823595833874
AOI-0073,2015-05-30,0.43557852032593203
AOI-0073,2015-06-10,0.49965852533858102
AOI-0073,2015-06-15,0.47587434151229302
AOI-0073,2015-07-01,0.57404532628406424
AOI-0073,2015-07-09,0.61977919824818795
AOI-0073,2015-08-26,0.34868868345235665
AOI-0073,2015-10-05,0.22179070399110945
AOI-0073,2016-04-06,0.49534913986336748
AOI-0073,2017-04-23,0.26619533334711221
AOI-0073,2017-06-04,0.34444076840177018
AOI-0073,2017-06-12,0.5082972964892154
AOI-0073,2017-07-06,0.75068582381158389
AOI-0073,2017-07-18,0.70311704062555447
AOI-0073,2017-08-07,0.68391829700372919
AOI-0073,2017-08-12,0.66824516511315057
AOI-0073,2017-10-11,0.30954510253863426
AOI-0073,2017-10-16,0.28701458425949733
AOI-0073,2018-04-16,0.17189674977358665
AOI-0073,2019-05-17,0.33886077399649228
AOI-0073,2019-05-19,0.31485916176833684
AOI-0073,2019-06-03,0.52714656107736757
AOI-0073,2019-07-13,0.60201211732245707
AOI-0073,2019-08-07,0.59491455134613869
AOI-0073,2019-08-12,0.55768514226078558
AOI-0073,2019-09-06,0.31883349594728483
AOI-0073,2019-09-11,0.32260915155130365
AOI-0073,2019-09-15,0.29197570509783638
AOI-0073,2019-09-16,0.29328349402628268
AOI-0073,2019-09-28,0.2047591753368973
AOI-0073,2019-10-16,0.24734661030733007
AOI-0073,2019-10-26,0.20182012210603084
AOI-0073,2020-04-05,0.12952111167746969
AOI-0073,2020-04-15,0.15366856775059123
AOI-0073,2020-04-22,0.2768677862980059
AOI-0073,2020-05-18,0.57738706017107888
AOI-0073,2020-07-04,0.31924795282793633
AOI-0073,2020-07-06,0.28648617397902348
AOI-0073,2020-07-24,0.19361481384960585
AOI-0073,2020-07-29,0.19278051680022434
AOI-0073,2020-08-12,0.21600053336189379
AOI-0073,2020-09-01,0.21777764731821264
AOI-0073,2020-09-20,0.15406550843595396
AOI-0073,2020-10-20,0.17249770522687866
AOI-0073,2020-10-26,0.17209695237335429
AOI-0073,2021-05-06,0.23275833837086826
AOI-0073,2021-05-13,0.22924968563693765
AOI-0073,2021-05-15,0.24093184767502213
AOI-0073,2021-06-29,0.66413275955712714
AOI-0073,2021-07-25,0.73887218436884239
AOI-0073,2021-08-02,0.68966079179689643
AOI-0073,2021-09-07,0.31923203343543144
AOI-0073,2021-09-14,0.32195201854233602
AOI-0073,2021-09-15,0.29597085107105991
AOI-0073,2022-04-23,0.23553307104935398
AOI-0073,2022-04-25,0.17899755082971275
AOI-0073,2022-06-04,0.27916087612969398
AOI-0073,2022-06-07,0.29414403395937055
AOI-0073,2022-06-09,0.29350879880827913
AOI-0073,2022-06-14,0.37848858449256678
AOI-0073,2022-07-05,0.77515455985752291
AOI-0073,2022-07-07,0.75412793978421777
AOI-0073,2022-09-10,0.34915320008540063
AOI-0073,2022-09-30,0.31560637240290579
AOI-0073,2023-04-02,0.20238170704879754
AOI-0073,2023-04-28,0.2245935550394357
AOI-0073,2023-05-03,0.28338230013986765
AOI-0073,2023-05-05,0.33863871538912393
AOI-0073,2023-05-13,0.33271219898982923
AOI-0073,2023-06-04,0.51412173893884527
AOI-0073,2023-06-07,0.55486118316763
AOI-0073,2023-07-25,0.31643120251939222
AOI-0073,2023-07-31,0.28416716750920989
AOI-0073,2023-08-06,0.23609745433144441
AOI-0073,2023-08-16,0.25794857451482639
AOI-0073,2023-08-28,0.22537945533961615
AOI-0073,2023-09-07,0.21865539825896968
AOI-0073,2023-09-12,0.22602896992616367
AOI-0073,2023-09-29,0.19132955045427047
AOI-0073,2023-10-11,0.23271508405387545
AOI-0073,2023-10-15,0.23828709689499522
AOI-0073,2024-04-14,0.4519921113718125
AOI-0073,2024-04-20,0.52480445390034258
AOI-0073,2024-05-06,0.63042621408425492
AOI-0073,2024-05-07,0.64097373998394491
AOI-0073,2024-06-23,0.39488304379827743
AOI-0073,2024-07-03,0.27093727815172153
AOI-0073,2024-07-11,0.30878574250554142
AOI-0073,2024-07-13,0.27153808243918098
AOI-0073,2024-07-21,0.2418846949539098
AOI-0073,2024-07-25,0.22941348691191726
AOI-0073,2024-08-12,0.21940182818542872
AOI-0073,2024-08-28,0.22364533517822954
AOI-0073,2024-09-01,0.17587506924045476
AOI-0073,2024-09-13,0.2088658172157698
AOI-0073,2024-09-29,0.21002614699837216
AOI-0073,2025-04-07,0.25886207932380023
AOI-0073,2025-04-15,0.20862941693224557
AOI-0073,2025-04-19,0.18699856169674089
AOI-0073,2025-04-22,0.18397166645304078
AOI-0073,2025-04-23,0.25682613259154435
AOI-0073,2025-04-29,0.19294986821165966
AOI-0073,2025-05-11,0.23939782422195444
AOI-0073,2025-05-22,0.20771724746233008
AOI-0073,2025-05-29,0.22423297351143845
AOI-0073,2025-06-03,0.349885565783146
AOI-0073,2025-06-30,0.77396495901475726
AOI-0073,2025-07-06,0.77858692220766001
AOI-0073,2025-07-08,0.80225911174204423
AOI-0073,2025-07-28,0.6826286357726874
AOI-0073,2025-08-05,0.68129354955538179
AOI-0073,2025-08-07,0.68260971428118777
AOI-0073,2025-08-22,0.45512793040740457
AOI-0073,2025-08-27,0.42647150482345136
AOI-0073,2025-09-22,0.31110302928430089
AOI-0074,2010-07-12,0.28499394936063388
AOI-0074,2010-08-29,0.26669513594204164
AOI-0074,2011-05-27,0.36366383805215707
AOI-0074,2011-06-20,0.63509097338614173
AOI-0074,2011-06-26,0.68298803221768134
AOI-0074,2011-07-06,0.71245123640112396
AOI-0074,2011-09-24,0.32505416335111942
AOI-0074,2013-06-25,0.45959571974969216
AOI-0074,2013-07-03,0.36784347385695171
AOI-0074,2013-07-11,0.34022341201933015
AOI-0074,2013-08-13,0.27298692567881139
AOI-0074,2014-07-14,0.77420428713036382
AOI-0074,2014-07-28,0.68143875887097871
AOI-0074,2014-09-14,0.30692853997984099
AOI-0074,2014-10-16,0.23179589474258527
AOI-0074,2015-04-23,0.26266001684364826
AOI-0074,2015-04-28,0.22819664950683791
AOI-0074,2015-07-25,0.63057430933073333
AOI-0074,2015-10-16,0.22341914025225129
AOI-0074,2015-10-29,0.2235831720228702
AOI-0074,2016-08-12,0.27608071892249253
AOI-0074,2016-08-20,0.26087280624153464
AOI-0074,2017-04-23,0.26257743767742142
AOI-0074,2017-05-04,0.26068526697919447
AOI-0074,2017-05-06,0.24932686017821182
AOI-0074,2017-06-04,0.38801147808707948
AOI-0074,2017-06-05,0.36036154841353124
AOI-0074,2017-06-10,0.47913839844614159
AOI-0074,2017-06-20,0.60343538514871964
AOI-0074,2017-06-26,0.65380512264089863
AOI-0074,2017-07-18,0.69120412314247126
AOI-0074,2017-08-07,0.68516605242060535
AOI-0074,2017-08-17,0.53692972227326674
AOI-0074,2017-09-16,0.30932617156489611
AOI-0074,2017-10-11,0.25395260754351601
AOI-0074,2017-10-16,0.24622713122322115
AOI-0074,2018-04-04,0.21069914386855998
AOI-0074,2018-04-23,0.25211862098168025
AOI-0074,2018-05-06,0.30213565590567787
AOI-0074,2018-05-11,0.32721061518725703
AOI-0074,2018-05-22,0.36048555296009277
AOI-0074,2018-05-26,0.3700066509300991
AOI-0074,2018-05-30,0.37946108841539772
AOI-0074,2018-07-13,0.7287989374070547
AOI-0074,2018-08-18,0.75148597945189011
AOI-0074,2018-09-14,0.36469495002904717
AOI-0074,2018-09-19,0.34345812989719765
AOI-0074,2018-09-30,0.32953537200386035
AOI-0074,2019-04-23,0.17141527986498645
AOI-0074,2019-05-04,0.17074007051900855
AOI-0074,2019-05-14,0.22449124390202274
AOI-0074,2019-05-16,0.23926797802981756
AOI-0074,2019-05-31,0.46982314807028158
AOI-0074,2019-06-13,0.68095663230275005
AOI-0074,2019-07-13,0.58972258137801792
AOI-0074,2019-08-05,0.55304068950756557
AOI-0074,2019-08-09,0.56147551787231764
AOI-0074,2019-09-14,0.27543656454269672
AOI-0074,2020-04-09,0.15231641124289375
AOI-0074,2020-07-06,0.24530463457240331
AOI-0074,2020-07-22,0.20938442727585149
AOI-0074,2020-08-07,0.19529529277088808
AOI-0074,2020-08-26,0.160646641802487
AOI-0074,2020-09-07,0.17528596124755461
AOI-0074,2020-09-08,0.19336797929793212
AOI-0074,2020-09-12,0.20343588143194385
AOI-0074,2020-10-07,0.16300464958013652
AOI-0074,2020-10-12,0.11346088618867793
AOI-0074,2020-10-18,0.18397316665409558
AOI-0074,2020-10-22,0.16167977322892343
AOI-0074,2021-04-25,0.14516965368650789
AOI-0074,2021-06-23,0.53030648086244558
AOI-0074,2021-06-27,0.66547830451290069
AOI-0074,2021-07-17,0.69948818680202796
AOI-0074,2021-08-03,0.57602091011465195
AOI-0074,2021-08-06,0.57727653870113849
AOI-0074,2021-08-19,0.46008135211178464
AOI-0074,2021-09-03,0.31307097859963695
AOI-0074,2021-10-06,0.22004447791278228
AOI-0074,2021-10-17,0.20886165905567255
AOI-0074,2021-10-20,0.20960811426719655
AOI-0074,2021-10-27,0.20042525149219353
AOI-0074,2022-05-30,0.26148489203238984
AOI-0074,2022-07-12,0.75887840580335886
AOI-0074,2022-08-29,0.52929303932245586
AOI-0074,2022-10-16,0.23124392601830573
AOI-0074,2023-04-28,0.19581500334411406
AOI-0074,2023-05-30,0.36667130960148803
AOI-0074,2023-06-09,0.55613353584516834
AOI-0074,2023-06-19,0.41998805284535601
AOI-0074,2023-07-14,0.28695277349825654
AOI-0074,2023-08-16,0.2526827164772516
AOI-0074,2023-09-14,0.22768634578614
AOI-0074,2023-10-11,0.2533743012002434
AOI-0074,2024-04-17,0.46844168758535232
AOI-0074,2024-05-08,0.63049129557263539
AOI-0074,2024-05-09,0.60458027744396492
AOI-0074,2024-06-06,0.52132281708904249
AOI-0074,2024-07-08,0.28269653377512338
AOI-0074,2024-07-18,0.27166934320310637
AOI-0074,2024-07-27,0.22898926840340653
AOI-0074,2024-08-12,0.20803954913137712
AOI-0074,2024-08-28,0.21042435205092591
AOI-0074,2024-09-04,0.16894507707405362
AOI-0074,2024-09-09,0.18425795000761064
AOI-0074,2025-04-07,0.24432506698212997
AOI-0074,2025-04-15,0.1995259856296229
AOI-0074,2025-05-12,0.20692675199896329
AOI-0074,2025-05-14,0.20633455710642126
AOI-0074,2025-06-01,0.30361550369857704
AOI-0074,2025-06-10,0.4784061852114081
AOI-0074,2025-07-06,0.77901494995657306
AOI-0074,2025-07-16,0.64811455208972624
AOI-0074,2025-08-05,0.65513619600413786
AOI-0074,2025-08-19,0.47690931950436977
AOI-0074,2025-09-08,0.24890358972906465
AOI-0074,2025-09-22,0.27572046706335496
AOI-0074,2025-10-01,0.25106668637283275
AOI-0074,2025-10-26,0.21130163484916556
AOI-0075,2025-04-07,0.28339367050507991
AOI-0075,2025-04-12,0.19888261997476028
AOI-0075,2025-07-12,0.60243968893201683
AOI-0075,2025-07-18,0.5518305117698219
AOI-0075,2025-08-21,0.50772642800906853
AOI-0075,2025-08-30,0.45311321468063914
AOI-0075,2025-09-08,0.38823899813759766
AOI-0075,2025-09-16,0.31453440997182996
AOI-0075,2025-09-21,0.29533313324254207
AOI-0075,2025-10-29,0.23094138830599464
AOI-0076,2025-04-19,0.21003247784446774
AOI-0076,2025-05-01,0.26839022130327278
AOI-0076,2025-05-11,0.30915975504955084
AOI-0076,2025-05-25,0.54011916337188659
AOI-0076,2025-07-10,0.80527454599693393
AOI-0076,2025-07-31,0.71044625481087842
AOI-0076,2025-08-21,0.42257562947197258
AOI-0076,2025-08-27,0.33660248317743824
AOI-0076,2025-09-01,0.31101084644889099
AOI-0076,2025-09-21,0.26236255430490113
AOI-0076,2025-09-22,0.27685508160655542
AOI-0076,2025-10-01,0.23151009186513208
AOI-0076,2025-10-04,0.23540074700874258
AOI-0077,2025-05-09,0.7631329569475106
AOI-0077,2025-06-06,0.56407997386874076
AOI-0077,2025-06-21,0.43400144402484486
AOI-0077,2025-07-12,0.32274422080891796
AOI-0077,2025-08-22,0.18859507398226269
AOI-0077,2025-08-27,0.18894826806751588
AOI-0077,2025-08-30,0.19713917404485493
AOI-0077,2025-09-11,0.21250489702790715
AOI-0077,2025-09-22,0.21582828474110238
AOI-0078,2025-05-02,0.80172113781253684
AOI-0078,2025-05-25,0.75273503201135528
AOI-0078,2025-06-01,0.58200833668321272
AOI-0078,2025-06-03,0.61797438700373364
AOI-0078,2025-06-06,0.60309125617057635
AOI-0078,2025-06-10,0.56166888804291581
AOI-0078,2025-07-04,0.25606070623473293
AOI-0078,2025-07-10,0.20085088778059546
AOI-0078,2025-07-11,0.20585840692053264
AOI-0078,2025-07-13,0.20110832921264449
AOI-0078,2025-08-10,0.18512100245589067
AOI-0078,2025-08-15,0.18746194630827662
AOI-0078,2025-09-08,0.15940601694308862
AOI-0078,2025-10-04,0.22208119617956895
