anon_polygon_id,date,p_s2,p_landsat,p_modis,p_unknown,left_distance_days,right_distance_days,model_disagreement,fallback_reason,context_quality,source_confidence,quality_flags,interval_status,interval_level,harmonization_status
AOI-0001,2010-08-29,0.016491947345873892,0.5437307310508138,0.4397773216033123,0.0,7.0,1.0,0.024564848367566672,,0.9375,0.5437307310508138,"[""unseen_polygon"", ""interval_not_coverage_certified""]",empirical_oof_not_certified,0.95,source_mixture_affine
AOI-0001,2010-10-25,0.0011966878513724843,0.9947738781149345,0.004029434033692978,0.0,1.0,159.0,0.009460267202721376,,0.9375,0.9947738781149345,"[""unseen_polygon"", ""interval_not_coverage_certified""]",empirical_oof_not_certified,0.95,source_mixture_affine
AOI-0001,2011-06-13,0.0025310162991848757,0.9974689837008153,0.0,0.0,3.0,1.0,0.01485119832477777,,0.9375,0.9974689837008153,"[""unseen_polygon"", ""interval_not_coverage_certified""]",empirical_oof_not_certified,0.95,source_mixture_affine
AOI-0001,2011-09-18,0.0029234782608488085,0.9970765217391512,0.0,0.0,1.0,7.0,0.02289934397614321,,0.9375,0.9970765217391512,"[""unseen_polygon"", ""interval_not_coverage_certified""]",empirical_oof_not_certified,0.95,source_mixture_affine
AOI-0001,2011-09-26,0.0026026091874924505,0.9973973908125076,0.0,0.0,1.0,20.0,0.02796867832187913,,0.9375,0.9973973908125076,"[""unseen_polygon"", ""interval_not_coverage_certified""]",empirical_oof_not_certified,0.95,source_mixture_affine
AOI-0001,2011-09-30,0.045275008076290105,0.12118097063630767,0.8335440212874025,0.0,5.0,16.0,0.009735387891471853,,0.75,0.8335440212874025,"[""unseen_polygon"", ""interval_not_coverage_certified""]",empirical_oof_not_certified,0.95,source_mixture_affine
AOI-0001,2012-05-24,0.05689680644764922,0.2157750357418053,0.7273281578105457,0.0,2.0,7.0,0.0005370363473494733,,0.8823529411764706,0.7273281578105457,"[""unseen_polygon"", ""interval_not_coverage_certified""]",empirical_oof_not_certified,0.95,source_mixture_affine
AOI-0001,2012-07-09,0.0007739381657702115,0.9992260618342299,0.0,0.0,14.0,16.0,0.03488399034871928,,0.5172413793103449,0.9992260618342299,"[""unseen_polygon"", ""interval_not_coverage_certified""]",empirical_oof_not_certified,0.95,source_mixture_affine
AOI-0001,2012-07-11,0.03902508474280473,0.14434382855912062,0.8166310866980748,0.0,16.0,14.0,0.012596520627981916,,0.5172413793103449,0.8166310866980748,"[""unseen_polygon"", ""interval_not_coverage_certified""]",empirical_oof_not_certified,0.95,source_mixture_affine
AOI-0001,2012-08-10,0.07661780712390669,0.8971169656717979,0.026265227204295187,0.0,14.0,16.0,0.030514470934080468,,0.5172413793103449,0.8971169656717979,"[""unseen_polygon"", ""interval_not_coverage_certified""]",empirical_oof_not_certified,0.95,source_mixture_affine
AOI-0001,2012-08-12,0.017838708611418896,0.4080412589318113,0.5741200324567699,0.0,16.0,14.0,0.008665914869552122,,0.5172413793103449,0.5741200324567699,"[""unseen_polygon"", ""interval_not_coverage_certified""]",empirical_oof_not_certified,0.95,source_mixture_affine
AOI-0001,2012-10-15,0.018195725559845173,0.34823421547855304,0.633570058961602,0.0,2.0,174.0,0.08171298307378366,,0.8823529411764706,0.633570058961602,"[""unseen_polygon"", ""interval_not_coverage_certified""]",empirical_oof_not_certified,0.95,source_mixture_affine
AOI-0001,2013-05-01,0.0022112676914901497,0.9964682266477493,0.001320505660760522,0.0,8.0,1.0,0.0066574308337568056,,0.9375,0.9964682266477493,"[""unseen_polygon"", ""interval_not_coverage_certified""]",empirical_oof_not_certified,0.95,source_mixture_affine
AOI-0001,2013-07-12,0.013807039879617875,0.6407308027110384,0.34546215740934355,0.0,8.0,8.0,0.0028378555844206232,,0.6521739130434783,0.6407308027110384,"[""unseen_polygon"", ""interval_not_coverage_certified""]",empirical_oof_not_certified,0.95,source_mixture_affine
AOI-0001,2013-09-30,0.027181710228225287,0.34102370115314257,0.6317945886186324,0.0,16.0,8.0,0.06568320610043099,,0.6521739130434783,0.6317945886186324,"[""unseen_polygon"", ""interval_not_coverage_certified""]",empirical_oof_not_certified,0.95,source_mixture_affine
AOI-0001,2014-04-18,0.0007808622207989752,0.9992191377792011,0.0,0.0,8.0,5.0,0.03386004057128977,,0.75,0.9992191377792011,"[""unseen_polygon"", ""interval_not_coverage_certified""]",empirical_oof_not_certified,0.95,source_mixture_affine
AOI-0001,2014-05-25,0.055329928817927414,0.21451256131144752,0.7301575098706253,0.0,4.0,11.0,0.016699068350736423,,0.7894736842105263,0.7301575098706253,"[""unseen_polygon"", ""interval_not_coverage_certified""]",empirical_oof_not_certified,0.95,source_mixture_affine
AOI-0001,2014-06-26,0.05932537459208229,0.24166490520766304,0.6990097202002549,0.0,16.0,3.0,0.013262041272636749,,0.8333333333333334,0.6990097202002549,"[""unseen_polygon"", ""interval_not_coverage_certified""]",empirical_oof_not_certified,0.95,source_mixture_affine
AOI-0001,2014-07-15,0.0013975128437745154,0.9870356822561485,0.011566804900077048,0.0,3.0,8.0,0.003908735211290981,,0.8333333333333334,0.9870356822561485,"[""unseen_polygon"", ""interval_not_coverage_certified""]",empirical_oof_not_certified,0.95,source_mixture_affine
AOI-0001,2014-07-28,0.06352913376528549,0.22592947765564467,0.71054138857907,0.0,4.0,3.0,0.006298845293229494,,0.8333333333333334,0.71054138857907,"[""unseen_polygon"", ""interval_not_coverage_certified""]",empirical_oof_not_certified,0.95,source_mixture_affine
AOI-0001,2014-08-09,0.010778132565414116,0.9392806102891496,0.049941257145436194,0.0,1.0,7.0,0.0066983427918721195,,0.9375,0.9392806102891496,"[""unseen_polygon"", ""interval_not_coverage_certified""]",empirical_oof_not_certified,0.95,source_mixture_affine
AOI-0001,2014-08-13,0.07447891405868308,0.22374204129522654,0.7017790446460905,0.0,5.0,3.0,0.003397987302627553,,0.8333333333333334,0.7017790446460905,"[""unseen_polygon"", ""interval_not_coverage_certified""]",empirical_oof_not_certified,0.95,source_mixture_affine
AOI-0001,2014-10-03,0.009534543892607123,0.9806545144176338,0.00981094168975894,0.0,3.0,8.0,0.016937230132796105,,0.8333333333333334,0.9806545144176338,"[""unseen_polygon"", ""interval_not_coverage_certified""]",empirical_oof_not_certified,0.95,source_mixture_affine
AOI-0001,2014-10-16,0.05409644093414784,0.24353612908398486,0.7023674299818674,0.0,5.0,11.0,0.004094531487207814,,0.75,0.7023674299818674,"[""unseen_polygon"", ""interval_not_coverage_certified""]",empirical_oof_not_certified,0.95,source_mixture_affine
AOI-0001,2015-04-13,0.018357251005126356,0.9767590626803377,0.004883686314536021,0.0,6.0,1.0,0.0528821080430143,,0.9375,0.9767590626803377,"[""unseen_polygon"", ""interval_not_coverage_certified""]",empirical_oof_not_certified,0.95,source_mixture_affine
AOI-0001,2015-08-11,0.0,1.0,0.0,0.0,8.0,2.0,0.0014338661240774764,,0.8823529411764706,1.0,"[""unseen_polygon"", ""interval_not_coverage_certified""]",empirical_oof_not_certified,0.95,source_mixture_affine
AOI-0001,2015-08-12,0.0,1.0,0.0,0.0,9.0,1.0,0.00783381516939452,,0.9375,1.0,"[""unseen_polygon"", ""interval_not_coverage_certified""]",empirical_oof_not_certified,0.95,source_mixture_affine
AOI-0001,2015-08-27,0.0,1.0,0.0,0.0,14.0,2.0,0.023356071888819357,,0.8823529411764706,1.0,"[""unseen_polygon"", ""interval_not_coverage_certified""]",empirical_oof_not_certified,0.95,source_mixture_affine
AOI-0001,2015-09-20,0.0,1.0,0.0,0.0,6.0,9.0,0.0022494250233911495,,0.7142857142857143,1.0,"[""unseen_polygon"", ""interval_not_coverage_certified""]",empirical_oof_not_certified,0.95,source_mixture_affine
AOI-0001,2015-09-28,0.005275308460762767,0.9947246915392373,0.0,0.0,14.0,1.0,0.0033497673533289807,,0.9375,0.9947246915392373,"[""unseen_polygon"", ""interval_not_coverage_certified""]",empirical_oof_not_certified,0.95,source_mixture_affine
AOI-0001,2016-06-27,0.0027686610929630517,0.9945999710771133,0.0026313678299237867,0.0,1.0,14.0,0.019056448135818305,,0.9375,0.9945999710771133,"[""unseen_polygon"", ""interval_not_coverage_certified""]",empirical_oof_not_certified,0.95,source_mixture_affine
AOI-0001,2016-07-04,0.0005344813581350013,0.9994655186418651,0.0,0.0,8.0,7.0,0.018904491638172094,,0.6818181818181818,0.9994655186418651,"[""unseen_polygon"", ""interval_not_coverage_certified""]",empirical_oof_not_certified,0.95,source_mixture_affine
AOI-0001,2016-07-20,0.005918916084179573,0.9888286108252525,0.005252473090567904,0.0,8.0,8.0,0.0006160055766026851,,0.6521739130434783,0.9888286108252525,"[""unseen_polygon"", ""interval_not_coverage_certified""]",empirical_oof_not_certified,0.95,source_mixture_affine
AOI-0001,2016-07-27,0.017264431540892383,0.5868212940845985,0.39591427437450916,0.0,15.0,1.0,0.01745322559747864,,0.9375,0.5868212940845985,"[""unseen_polygon"", ""interval_not_coverage_certified""]",empirical_oof_not_certified,0.95,source_mixture_affine
AOI-0001,2016-08-29,0.0005344813581350013,0.9994655186418651,0.0,0.0,1.0,8.0,0.016752343582623813,,0.9375,0.9994655186418651,"[""unseen_polygon"", ""interval_not_coverage_certified""]",empirical_oof_not_certified,0.95,source_mixture_affine
AOI-0001,2016-08-30,0.0005344813581350013,0.9994655186418651,0.0,0.0,2.0,7.0,0.021885889039282153,,0.8823529411764706,0.9994655186418651,"[""unseen_polygon"", ""interval_not_coverage_certified""]",empirical_oof_not_certified,0.95,source_mixture_affine
AOI-0001,2016-09-15,0.004198265129851711,0.9931703670402245,0.0026313678299237867,0.0,1.0,15.0,0.18138662254758436,,0.9375,0.9931703670402245,"[""unseen_polygon"", ""interval_not_coverage_certified""]",empirical_oof_not_certified,0.95,source_mixture_affine
AOI-0001,2016-09-29,0.06950499430285763,0.2657024923887801,0.6647925133083623,0.0,15.0,1.0,0.1277703248096666,,0.9375,0.6647925133083623,"[""unseen_polygon"", ""interval_not_coverage_certified""]",empirical_oof_not_certified,0.95,source_mixture_affine
AOI-0001,2017-05-12,0.03215747090070187,0.9678425290992982,0.0,0.0,3.0,13.0,0.03345227474718038,,0.8333333333333334,0.9678425290992982,"[""unseen_polygon"", ""interval_not_coverage_certified""]",empirical_oof_not_certified,0.95,source_mixture_affine
AOI-0001,2017-06-29,0.06307235224556168,0.9369276477544385,0.0,0.0,3.0,1.0,0.0016599558331538145,,0.9375,0.9369276477544385,"[""unseen_polygon"", ""interval_not_coverage_certified""]",empirical_oof_not_certified,0.95,source_mixture_affine
AOI-0001,2017-07-12,0.22084482238640052,0.09124102916545591,0.6879141484481432,0.0,12.0,3.0,0.014764238921848083,,0.8333333333333334,0.6879141484481432,"[""unseen_polygon"", ""interval_not_coverage_certified""]",empirical_oof_not_certified,0.95,source_mixture_affine
AOI-0001,2017-08-09,0.7188472246409414,0.2811527753590583,0.0,0.0,1.0,4.0,0.006919396109887205,,0.9375,0.7188472246409414,"[""unseen_polygon"", ""interval_not_coverage_certified""]",empirical_oof_not_certified,0.95,source_mixture_affine
AOI-0001,2017-08-29,0.3965501217097983,0.09824931591909648,0.5052005623711051,0.0,5.0,3.0,0.0004894653550683026,,0.8333333333333334,0.5052005623711051,"[""unseen_polygon"", ""interval_not_coverage_certified""]",empirical_oof_not_certified,0.95,source_mixture_affine
AOI-0001,2017-09-08,0.4368026991703978,0.48179585040803524,0.08140145042156721,0.0,6.0,5.0,0.011949919687261973,,0.75,0.48179585040803524,"[""unseen_polygon"", ""interval_not_coverage_certified""]",empirical_oof_not_certified,0.95,source_mixture_affine
AOI-0001,2017-09-14,0.19432381339909427,0.1603329384843363,0.6453432481165694,0.0,1.0,3.0,0.01357411453736293,,0.9375,0.6453432481165694,"[""unseen_polygon"", ""interval_not_coverage_certified""]",empirical_oof_not_certified,0.95,source_mixture_affine
AOI-0001,2018-04-05,0.07585093148830292,0.9185948718501697,0.00555419666152701,0.0,168.0,2.0,0.02916247056169058,,0.8823529411764706,0.9185948718501697,"[""unseen_polygon"", ""interval_not_coverage_certified""]",empirical_oof_not_certified,0.95,source_mixture_affine
AOI-0001,2018-04-23,0.12822017912291342,0.1696598857854428,0.7021199350916443,0.0,2.0,6.0,0.01615684392061445,,0.8823529411764706,0.7021199350916443,"[""unseen_polygon"", ""interval_not_coverage_certified""]",empirical_oof_not_certified,0.95,source_mixture_affine
AOI-0001,2018-05-01,0.7515919892968965,0.24386774334086042,0.004540267362243233,0.0,1.0,8.0,0.029233463057912523,,0.9375,0.7515919892968965,"[""unseen_polygon"", ""interval_not_coverage_certified""]",empirical_oof_not_certified,0.95,source_mixture_affine
AOI-0001,2018-06-08,0.057723330599316613,0.9422766694006833,0.0,0.0,7.0,2.0,0.018506610514898658,,0.8823529411764706,0.9422766694006833,"[""unseen_polygon"", ""interval_not_coverage_certified""]",empirical_oof_not_certified,0.95,source_mixture_affine
AOI-0001,2018-07-12,0.07903957119922365,0.31767871388050833,0.6032817149202683,0.0,2.0,6.0,0.04115840222902756,,0.8823529411764706,0.6032817149202683,"[""unseen_polygon"", ""interval_not_coverage_certified""]",empirical_oof_not_certified,0.95,source_mixture_affine
AOI-0001,2018-09-28,0.49004017928810917,0.492920177479395,0.017039643232495866,0.0,7.0,2.0,0.04977236066320709,,0.8823529411764706,0.492920177479395,"[""unseen_polygon"", ""interval_not_coverage_certified""]",empirical_oof_not_certified,0.95,source_mixture_affine
AOI-0001,2018-10-13,0.9089313557891638,0.09064286296083587,0.0004257812499999999,0.0,5.0,1.0,0.011064205662344713,,0.9375,0.9089313557891638,"[""unseen_polygon"", ""interval_not_coverage_certified""]",empirical_oof_not_certified,0.95,source_mixture_affine
AOI-0001,2019-05-11,0.6817844329413753,0.3182155670586245,0.0,0.0,2.0,5.0,0.055467350529100234,,0.8823529411764706,0.6817844329413753,"[""unseen_polygon"", ""interval_not_coverage_certified""]",empirical_oof_not_certified,0.95,source_mixture_affine
AOI-0001,2019-05-31,0.9385098013668225,0.06149019863317753,0.0,0.0,6.0,10.0,0.025748535856123578,,0.7142857142857143,0.9385098013668225,"[""unseen_polygon"", ""interval_not_coverage_certified""]",empirical_oof_not_certified,0.95,source_mixture_affine
AOI-0001,2019-06-04,0.3421163258558926,0.6578836741441075,0.0,0.0,10.0,6.0,0.02386821338839651,,0.7142857142857143,0.6578836741441075,"[""unseen_polygon"", ""interval_not_coverage_certified""]",empirical_oof_not_certified,0.95,source_mixture_affine
AOI-0001,2019-06-05,0.7820656247529512,0.2171578201143749,0.0007765551326735506,0.0,11.0,5.0,0.02047407227382747,,0.75,0.7820656247529512,"[""unseen_polygon"", ""interval_not_coverage_certified""]",empirical_oof_not_certified,0.95,source_mixture_affine
AOI-0001,2019-06-25,0.9646670583072884,0.035332941692711485,0.0,0.0,5.0,1.0,0.030965035085565418,,0.9375,0.9646670583072884,"[""unseen_polygon"", ""interval_not_coverage_certified""]",empirical_oof_not_certified,0.95,source_mixture_affine
AOI-0001,2019-07-12,0.12436609071975031,0.23659452044036647,0.6390393888398835,0.0,6.0,8.0,0.013973387846862861,,0.7142857142857143,0.6390393888398835,"[""unseen_polygon"", ""interval_not_coverage_certified""]",empirical_oof_not_certified,0.95,source_mixture_affine
AOI-0001,2019-07-22,0.8139412245224417,0.1860587754775581,0.0,0.0,2.0,6.0,0.0484789297241639,,0.8823529411764706,0.8139412245224417,"[""unseen_polygon"", ""interval_not_coverage_certified""]",empirical_oof_not_certified,0.95,source_mixture_affine
AOI-0001,2019-07-29,0.22455948239019846,0.7742995286083292,0.001140989001472244,0.0,1.0,1.0,0.012862644523705113,,0.9375,0.7742995286083292,"[""unseen_polygon"", ""interval_not_coverage_certified""]",empirical_oof_not_certified,0.95,source_mixture_affine
AOI-0001,2019-08-30,0.02602807533101488,0.9739719246689851,0.0,0.0,1.0,4.0,0.022001000519631483,,0.9375,0.9739719246689851,"[""unseen_polygon"", ""interval_not_coverage_certified""]",empirical_oof_not_certified,0.95,source_mixture_affine
AOI-0001,2019-09-07,0.06444700005398547,0.9355529999460142,0.0,0.0,4.0,6.0,0.020159020151935395,,0.7894736842105263,0.9355529999460142,"[""unseen_polygon"", ""interval_not_coverage_certified""]",empirical_oof_not_certified,0.95,source_mixture_affine
AOI-0001,2019-09-08,0.05123880897796866,0.9487611910220312,0.0,0.0,5.0,5.0,0.016310948827877994,,0.75,0.9487611910220312,"[""unseen_polygon"", ""interval_not_coverage_certified""]",empirical_oof_not_certified,0.95,source_mixture_affine
AOI-0001,2019-09-18,0.9503574669684504,0.049642533031549405,0.0,0.0,3.0,5.0,0.02131531925132405,,0.8333333333333334,0.9503574669684504,"[""unseen_polygon"", ""interval_not_coverage_certified""]",empirical_oof_not_certified,0.95,source_mixture_affine
AOI-0001,2020-04-03,0.3058460763858288,0.6925645128666157,0.0015894107475554365,0.0,1.0,3.0,0.036727377532568994,,0.9375,0.6925645128666157,"[""unseen_polygon"", ""interval_not_coverage_certified""]",empirical_oof_not_certified,0.95,source_mixture_affine
AOI-0001,2020-04-26,0.04032040849125042,0.9596795915087496,0.0,0.0,1.0,4.0,0.001618349864873636,,0.9375,0.9596795915087496,"[""unseen_polygon"", ""interval_not_coverage_certified""]",empirical_oof_not_certified,0.95,source_mixture_affine
AOI-0001,2020-05-30,0.8203051778080375,0.1773625927286208,0.0023322294633416714,0.0,2.0,6.0,0.027687026071877008,,0.8823529411764706,0.8203051778080375,"[""unseen_polygon"", ""interval_not_coverage_certified""]",empirical_oof_not_certified,0.95,source_mixture_affine
AOI-0001,2020-06-09,0.5743961379292088,0.06209081407699545,0.3635130479937957,0.0,3.0,5.0,0.008626609768840554,,0.8333333333333334,0.5743961379292088,"[""unseen_polygon"", ""interval_not_coverage_certified""]",empirical_oof_not_certified,0.95,source_mixture_affine
AOI-0001,2020-07-14,0.7977715922312726,0.19271000626586687,0.009518401502860558,0.0,3.0,1.0,0.03205131386636495,,0.9375,0.7977715922312726,"[""unseen_polygon"", ""interval_not_coverage_certified""]",empirical_oof_not_certified,0.95,source_mixture_affine
AOI-0001,2020-07-23,0.23275209771764424,0.759680429710259,0.007567472572096781,0.0,4.0,1.0,0.023747943185550707,,0.9375,0.759680429710259,"[""unseen_polygon"", ""interval_not_coverage_certified""]",empirical_oof_not_certified,0.95,source_mixture_affine
AOI-0001,2020-07-27,0.3240038951774947,0.09137962786929787,0.5846164769532076,0.0,3.0,4.0,0.02026230131837753,,0.8333333333333334,0.5846164769532076,"[""unseen_polygon"", ""interval_not_coverage_certified""]",empirical_oof_not_certified,0.95,source_mixture_affine
AOI-0001,2020-08-08,0.8804949399289366,0.11950506007106292,0.0,0.0,5.0,1.0,0.003876313968274911,,0.9375,0.8804949399289366,"[""unseen_polygon"", ""interval_not_coverage_certified""]",empirical_oof_not_certified,0.95,source_mixture_affine
AOI-0001,2020-09-01,0.21485815892345692,0.7851418410765433,0.0,0.0,4.0,6.0,0.004325054392394306,,0.7894736842105263,0.7851418410765433,"[""unseen_polygon"", ""interval_not_coverage_certified""]",empirical_oof_not_certified,0.95,source_mixture_affine
AOI-0001,2020-09-02,0.7810271172693589,0.21819632759796764,0.0007765551326735506,0.0,5.0,5.0,0.022151528418652006,,0.75,0.7810271172693589,"[""unseen_polygon"", ""interval_not_coverage_certified""]",empirical_oof_not_certified,0.95,source_mixture_affine
AOI-0001,2020-09-12,0.9195051604514323,0.07895567416767856,0.0015391653808891597,0.0,2.0,1.0,0.02514903001780619,,0.9375,0.9195051604514323,"[""unseen_polygon"", ""interval_not_coverage_certified""]",empirical_oof_not_certified,0.95,source_mixture_affine
AOI-0001,2020-09-22,0.9706834372586237,0.02102484711270396,0.008291715628672149,0.0,5.0,3.0,0.026348009253842175,,0.8333333333333334,0.9706834372586237,"[""unseen_polygon"", ""interval_not_coverage_certified""]",empirical_oof_not_certified,0.95,source_mixture_affine
AOI-0001,2020-09-29,0.2921638837754071,0.07581476654820557,0.6320213496763873,0.0,2.0,4.0,0.024035643211849964,,0.8823529411764706,0.6320213496763873,"[""unseen_polygon"", ""interval_not_coverage_certified""]",empirical_oof_not_certified,0.95,source_mixture_affine
AOI-0001,2020-10-11,0.47100227869946254,0.5206756303693915,0.008322090931146086,0.0,4.0,4.0,0.028135634490600525,,0.7894736842105263,0.5206756303693915,"[""unseen_polygon"", ""interval_not_coverage_certified""]",empirical_oof_not_certified,0.95,source_mixture_affine
AOI-0001,2020-10-12,0.7504933155472788,0.2471710812128913,0.0023356032398295892,0.0,5.0,3.0,0.07086869409387941,,0.8333333333333334,0.7504933155472788,"[""unseen_polygon"", ""interval_not_coverage_certified""]",empirical_oof_not_certified,0.95,source_mixture_affine
AOI-0001,2020-10-19,0.49644877397004883,0.49789183552561844,0.005659390504332803,0.0,2.0,8.0,0.01889298220289562,,0.8823529411764706,0.49789183552561844,"[""unseen_polygon"", ""interval_not_coverage_certified""]",empirical_oof_not_certified,0.95,source_mixture_affine
AOI-0001,2021-05-15,0.7963832496534252,0.20361675034657456,0.0,0.0,6.0,8.0,0.06119014151753266,,0.7142857142857143,0.7963832496534252,"[""unseen_polygon"", ""interval_not_coverage_certified""]",empirical_oof_not_certified,0.95,source_mixture_affine
AOI-0001,2021-05-20,0.9352713898074376,0.06472861019256215,0.0,0.0,11.0,3.0,0.06512336883574665,,0.8333333333333334,0.9352713898074376,"[""unseen_polygon"", ""interval_not_coverage_certified""]",empirical_oof_not_certified,0.95,source_mixture_affine
AOI-0001,2021-06-10,0.12950619221266738,0.23836312876522064,0.632130679022112,0.0,1.0,4.0,0.07952362238339639,,0.9375,0.632130679022112,"[""unseen_polygon"", ""interval_not_coverage_certified""]",empirical_oof_not_certified,0.95,source_mixture_affine
AOI-0001,2021-07-02,0.21207370453099908,0.7879262954690008,0.0,0.0,6.0,7.0,0.006943248171958238,,0.7142857142857143,0.7879262954690008,"[""unseen_polygon"", ""interval_not_coverage_certified""]",empirical_oof_not_certified,0.95,source_mixture_affine
AOI-0001,2021-07-24,0.9359092288340125,0.06409077116598756,0.0,0.0,5.0,2.0,0.007436760470658055,,0.8823529411764706,0.9359092288340125,"[""unseen_polygon"", ""interval_not_coverage_certified""]",empirical_oof_not_certified,0.95,source_mixture_affine
AOI-0001,2021-09-17,0.9295994720180154,0.06930387492719123,0.0010966530547932615,0.0,3.0,10.0,0.017782496019981886,,0.8333333333333334,0.9295994720180154,"[""unseen_polygon"", ""interval_not_coverage_certified""]",empirical_oof_not_certified,0.95,source_mixture_affine
AOI-0001,2022-04-25,0.7410580525667916,0.2589419474332086,0.0,0.0,1.0,14.0,0.04697438323412767,,0.9375,0.7410580525667916,"[""unseen_polygon"", ""interval_not_coverage_certified""]",empirical_oof_not_certified,0.95,source_mixture_affine
AOI-0001,2022-06-03,0.1925472692888462,0.8074527307111539,0.0,0.0,4.0,6.0,0.011760450313336945,,0.7894736842105263,0.8074527307111539,"[""unseen_polygon"", ""interval_not_coverage_certified""]",empirical_oof_not_certified,0.95,source_mixture_affine
AOI-0001,2022-09-02,0.9828729223403141,0.017127077659685866,0.0,0.0,3.0,5.0,0.014397423887941185,,0.8333333333333334,0.9828729223403141,"[""unseen_polygon"", ""interval_not_coverage_certified""]",empirical_oof_not_certified,0.95,source_mixture_affine
AOI-0001,2022-09-30,0.13332755160026444,0.4085449376275151,0.45812751077222047,0.0,13.0,2.0,0.09189071660100304,,0.8823529411764706,0.45812751077222047,"[""unseen_polygon"", ""interval_not_coverage_certified""]",empirical_oof_not_certified,0.95,source_mixture_affine
AOI-0001,2022-10-01,0.3672033520936633,0.5889277273035622,0.04386892060277428,0.0,14.0,1.0,0.07539807793391809,,0.9375,0.5889277273035622,"[""unseen_polygon"", ""interval_not_coverage_certified""]",empirical_oof_not_certified,0.95,source_mixture_affine
AOI-0001,2022-10-17,0.621007279493933,0.3467733930777021,0.03221932742836508,0.0,5.0,5.0,0.01209249961638792,,0.75,0.621007279493933,"[""unseen_polygon"", ""interval_not_coverage_certified""]",empirical_oof_not_certified,0.95,source_mixture_affine
AOI-0001,2023-05-25,0.1748523928713968,0.0746016405681527,0.7505459665604506,0.0,5.0,12.0,0.014976190898564834,,0.75,0.7505459665604506,"[""unseen_polygon"", ""interval_not_coverage_certified""]",empirical_oof_not_certified,0.95,source_mixture_affine
AOI-0001,2023-06-23,0.1469814313885114,0.8514092430786663,0.0016093255328223637,0.0,1.0,1.0,0.023968436215630162,,0.9375,0.8514092430786663,"[""unseen_polygon"", ""interval_not_coverage_certified""]",empirical_oof_not_certified,0.95,source_mixture_affine
AOI-0001,2023-07-15,0.06438501687567662,0.9356149831243235,0.0,0.0,1.0,1.0,0.014400333248485997,,0.9375,0.9356149831243235,"[""unseen_polygon"", ""interval_not_coverage_certified""]",empirical_oof_not_certified,0.95,source_mixture_affine
AOI-0001,2023-07-29,0.8401015627061352,0.14540359844176157,0.014494838852103342,0.0,1.0,3.0,0.028613544150666914,,0.9375,0.8401015627061352,"[""unseen_polygon"", ""interval_not_coverage_certified""]",empirical_oof_not_certified,0.95,source_mixture_affine
AOI-0001,2023-08-03,0.7229851134924168,0.2658035547983836,0.011211331709199523,0.0,2.0,3.0,0.015482992888936689,,0.8823529411764706,0.7229851134924168,"[""unseen_polygon"", ""interval_not_coverage_certified""]",empirical_oof_not_certified,0.95,source_mixture_affine
AOI-0001,2023-08-08,0.9024308226344283,0.09233370510442644,0.005235472261144736,0.0,2.0,10.0,0.016052837788578536,,0.8823529411764706,0.9024308226344283,"[""unseen_polygon"", ""interval_not_coverage_certified""]",empirical_oof_not_certified,0.95,source_mixture_affine
AOI-0001,2023-08-13,0.6680167062990925,0.10427583714585247,0.22770745655505512,0.0,7.0,5.0,0.0022556679946565267,,0.75,0.6680167062990925,"[""unseen_polygon"", ""interval_not_coverage_certified""]",empirical_oof_not_certified,0.95,source_mixture_affine
AOI-0001,2023-08-17,0.3254865889281691,0.639550957425523,0.03496245364630793,0.0,11.0,1.0,0.0004291536608495433,,0.9375,0.639550957425523,"[""unseen_polygon"", ""interval_not_coverage_certified""]",empirical_oof_not_certified,0.95,source_mixture_affine
AOI-0001,2023-08-28,0.6906801679567475,0.2683605646022903,0.04095926744096239,0.0,3.0,5.0,0.019201451039027567,,0.8333333333333334,0.6906801679567475,"[""unseen_polygon"", ""interval_not_coverage_certified""]",empirical_oof_not_certified,0.95,source_mixture_affine
AOI-0001,2023-08-29,0.15777804464027392,0.11058526628082291,0.7316366890789028,0.0,4.0,4.0,0.01653484941616737,,0.7894736842105263,0.7316366890789028,"[""unseen_polygon"", ""interval_not_coverage_certified""]",empirical_oof_not_certified,0.95,source_mixture_affine
AOI-0001,2023-09-12,0.9091673515836984,0.08895204435163859,0.0018806040646630335,0.0,5.0,2.0,0.02414279291850177,,0.8823529411764706,0.9091673515836984,"[""unseen_polygon"", ""interval_not_coverage_certified""]",empirical_oof_not_certified,0.95,source_mixture_affine
AOI-0001,2024-04-06,0.5382518046707033,0.1813388492726258,0.28040934605667095,0.0,2.0,3.0,0.04486342084603989,,0.8823529411764706,0.5382518046707033,"[""unseen_polygon"", ""interval_not_coverage_certified""]",empirical_oof_not_certified,0.95,source_mixture_affine
AOI-0001,2024-05-24,0.5318167925880932,0.25513061985067625,0.21305258756123055,0.0,1.0,7.0,0.006084469107567159,,0.9375,0.5318167925880932,"[""unseen_polygon"", ""interval_not_coverage_certified""]",empirical_oof_not_certified,0.95,source_mixture_affine
AOI-0001,2024-06-01,0.32712462226462913,0.6179510978950421,0.054924279840328445,0.0,1.0,17.0,0.04769062269863655,,0.9375,0.6179510978950421,"[""unseen_polygon"", ""interval_not_coverage_certified""]",empirical_oof_not_certified,0.95,source_mixture_affine
AOI-0001,2024-06-03,0.6800690807243209,0.20729711719076138,0.1126338020849176,0.0,3.0,15.0,0.03696877442108504,,0.8333333333333334,0.6800690807243209,"[""unseen_polygon"", ""interval_not_coverage_certified""]",empirical_oof_not_certified,0.95,source_mixture_affine
AOI-0001,2024-06-09,0.12528886342649043,0.3070533742374963,0.5676577623360134,0.0,9.0,9.0,0.012989932197188359,,0.625,0.5676577623360134,"[""unseen_polygon"", ""interval_not_coverage_certified""]",empirical_oof_not_certified,0.95,source_mixture_affine
AOI-0001,2024-06-13,0.7523174937846377,0.14710625950461975,0.1005762467107426,0.0,13.0,5.0,0.04239449005381102,,0.75,0.7523174937846377,"[""unseen_polygon"", ""interval_not_coverage_certified""]",empirical_oof_not_certified,0.95,source_mixture_affine
AOI-0001,2024-06-17,0.26632006539865083,0.6911351050122113,0.04254482958913744,0.0,17.0,1.0,0.05503374813376849,,0.9375,0.6911351050122113,"[""unseen_polygon"", ""interval_not_coverage_certified""]",empirical_oof_not_certified,0.95,source_mixture_affine
AOI-0001,2024-06-23,0.7211476266572323,0.19479724382515162,0.08405512951761619,0.0,5.0,5.0,0.021314801192574756,,0.75,0.7211476266572323,"[""unseen_polygon"", ""interval_not_coverage_certified""]",empirical_oof_not_certified,0.95,source_mixture_affine
AOI-0001,2024-06-25,0.3514787987305975,0.13197012052385707,0.516551080745545,0.0,7.0,3.0,0.020849430766230775,,0.8333333333333334,0.516551080745545,"[""unseen_polygon"", ""interval_not_coverage_certified""]",empirical_oof_not_certified,0.95,source_mixture_affine
AOI-0001,2024-07-03,0.7314571876292238,0.26266982379351245,0.005872988577263765,0.0,1.0,5.0,0.0002481968297456949,,0.9375,0.7314571876292238,"[""unseen_polygon"", ""interval_not_coverage_certified""]",empirical_oof_not_certified,0.95,source_mixture_affine
AOI-0001,2024-09-11,0.7866666906952916,0.2033761852194142,0.009957124085294368,0.0,5.0,9.0,0.018230449007682392,,0.75,0.7866666906952916,"[""unseen_polygon"", ""interval_not_coverage_certified""]",empirical_oof_not_certified,0.95,source_mixture_affine
AOI-0001,2024-09-13,0.6188833286693468,0.16441798468835966,0.21669868664229353,0.0,7.0,7.0,0.00038586904482756923,,0.6818181818181818,0.6188833286693468,"[""unseen_polygon"", ""interval_not_coverage_certified""]",empirical_oof_not_certified,0.95,source_mixture_affine
AOI-0001,2024-09-16,0.7931403883241304,0.10513786120235295,0.10172175047351674,0.0,10.0,4.0,0.012898688364395394,,0.7894736842105263,0.7931403883241304,"[""unseen_polygon"", ""interval_not_coverage_certified""]",empirical_oof_not_certified,0.95,source_mixture_affine
AOI-0001,2024-09-29,0.32569088451434225,0.443151634496912,0.23115748098874594,0.0,1.0,2.0,0.007655048840873091,,0.9375,0.443151634496912,"[""unseen_polygon"", ""interval_not_coverage_certified""]",empirical_oof_not_certified,0.95,source_mixture_affine
AOI-0001,2025-04-23,0.15892755825656268,0.0633456134387688,0.7777268283046683,0.0,4.0,8.0,0.06126349806463982,,0.7894736842105263,0.7777268283046683,"[""unseen_polygon"", ""interval_not_coverage_certified""]",empirical_oof_not_certified,0.95,source_mixture_affine
AOI-0001,2025-05-03,0.056319448219426596,0.940183087142196,0.0034974646383773684,0.0,2.0,1.0,0.022163699807068338,,0.9375,0.940183087142196,"[""unseen_polygon"", ""interval_not_coverage_certified""]",empirical_oof_not_certified,0.95,source_mixture_affine
AOI-0001,2025-06-03,0.820238594595307,0.16705520732606963,0.012706198078623766,0.0,9.0,5.0,0.020627049010700615,,0.75,0.820238594595307,"[""unseen_polygon"", ""interval_not_coverage_certified""]",empirical_oof_not_certified,0.95,source_mixture_affine
AOI-0001,2025-06-27,0.613865409725447,0.3706081019015074,0.015526488373045648,0.0,1.0,6.0,0.018838751208776372,,0.9375,0.613865409725447,"[""unseen_polygon"", ""interval_not_coverage_certified""]",empirical_oof_not_certified,0.95,source_mixture_affine
AOI-0001,2025-07-05,0.5900759790138718,0.3922673357903803,0.017656685195747666,0.0,2.0,3.0,0.0013593366611294178,,0.8823529411764706,0.5900759790138718,"[""unseen_polygon"", ""interval_not_coverage_certified""]",empirical_oof_not_certified,0.95,source_mixture_affine
AOI-0001,2025-07-12,0.28764098723785564,0.20968490047313748,0.5026741122890072,0.0,2.0,6.0,0.0343816926194801,,0.8823529411764706,0.5026741122890072,"[""unseen_polygon"", ""interval_not_coverage_certified""]",empirical_oof_not_certified,0.95,source_mixture_affine
AOI-0001,2025-07-13,0.8354133955319085,0.12828509381704678,0.03630151065104455,0.0,3.0,5.0,0.021052374751651448,,0.8333333333333334,0.8354133955319085,"[""unseen_polygon"", ""interval_not_coverage_certified""]",empirical_oof_not_certified,0.95,source_mixture_affine
AOI-0001,2025-07-23,0.8080480689463232,0.15751089995352152,0.0344410311001552,0.0,2.0,7.0,0.01751664911118378,,0.8823529411764706,0.8080480689463232,"[""unseen_polygon"", ""interval_not_coverage_certified""]",empirical_oof_not_certified,0.95,source_mixture_affine
AOI-0001,2025-07-28,0.4541571122900862,0.053624156620075386,0.4922187310898384,0.0,7.0,2.0,0.0215983259953354,,0.8823529411764706,0.4922187310898384,"[""unseen_polygon"", ""interval_not_coverage_certified""]",empirical_oof_not_certified,0.95,source_mixture_affine
AOI-0001,2025-07-29,0.0759697327253476,0.9091763027767774,0.014853964497874763,0.0,8.0,1.0,0.015981828681003618,,0.9375,0.9091763027767774,"[""unseen_polygon"", ""interval_not_coverage_certified""]",empirical_oof_not_certified,0.95,source_mixture_affine
AOI-0001,2025-08-02,0.9160745704839544,0.071219231437422,0.012706198078623766,0.0,3.0,4.0,0.007973220358350436,,0.8333333333333334,0.9160745704839544,"[""unseen_polygon"", ""interval_not_coverage_certified""]",empirical_oof_not_certified,0.95,source_mixture_affine
AOI-0001,2025-10-28,0.8967951236961308,0.08333387936235084,0.01987099694151845,0.0,11.0,,0.0216795408272189,one_neighbor_plus_seasonal_prior,0.28846153846153844,0.8967951236961308,"[""one_sided_or_no_context"", ""unseen_polygon"", ""interval_not_coverage_certified""]",empirical_oof_not_certified,0.95,source_mixture_affine
AOI-0002,2025-05-03,0.05953637347961906,0.940463626520381,0.0,0.0,2.0,1.0,0.014459523325414891,,0.9375,0.940463626520381,"[""interval_not_coverage_certified""]",empirical_oof_not_certified,0.95,source_mixture_affine
AOI-0002,2025-06-03,0.8300788122384744,0.15494555217496614,0.0149756355865596,0.0,9.0,5.0,0.03588015223095986,,0.75,0.8300788122384744,"[""interval_not_coverage_certified""]",empirical_oof_not_certified,0.95,source_mixture_affine
AOI-0002,2025-06-26,0.03848621979593047,0.029345569778422773,0.9321682104256465,0.0,13.0,1.0,0.036602136496650006,,0.9375,0.9321682104256465,"[""interval_not_coverage_certified""]",empirical_oof_not_certified,0.95,source_mixture_affine
AOI-0002,2025-07-29,0.06994737823586121,0.9286653966128745,0.0013872251512644918,0.0,1.0,1.0,0.018206947159000286,,0.9375,0.9286653966128745,"[""interval_not_coverage_certified""]",empirical_oof_not_certified,0.95,source_mixture_affine
AOI-0002,2025-08-02,0.8988505456373401,0.08844325628403611,0.012706198078623766,0.0,3.0,4.0,0.016587990344637482,,0.8333333333333334,0.8988505456373401,"[""interval_not_coverage_certified""]",empirical_oof_not_certified,0.95,source_mixture_affine
AOI-0002,2025-08-13,0.05046487080008541,0.3046821752894895,0.6448529539104254,0.0,1.0,9.0,0.02446738947486632,,0.9375,0.6448529539104254,"[""interval_not_coverage_certified""]",empirical_oof_not_certified,0.95,source_mixture_affine
AOI-0002,2025-08-19,0.908368080278983,0.07634563225963863,0.015286287461378431,0.0,7.0,3.0,0.009558824718547687,,0.8333333333333334,0.908368080278983,"[""interval_not_coverage_certified""]",empirical_oof_not_certified,0.95,source_mixture_affine
AOI-0003,2025-04-01,0.7519734589976912,0.228051372980452,0.019975168021856848,0.0,,6.0,0.028284459092607572,one_neighbor_plus_seasonal_prior,0.35714285714285715,0.7519734589976912,"[""one_sided_or_no_context"", ""interval_not_coverage_certified""]",empirical_oof_not_certified,0.95,source_mixture_affine
AOI-0003,2025-04-18,0.7954317119814743,0.1895926524319659,0.0149756355865596,0.0,1.0,5.0,0.02411707721907569,,0.9375,0.7954317119814743,"[""interval_not_coverage_certified""]",empirical_oof_not_certified,0.95,source_mixture_affine
AOI-0003,2025-04-19,0.7386313402068386,0.2463930242066015,0.0149756355865596,0.0,2.0,4.0,0.016947706250080408,,0.8823529411764706,0.7386313402068386,"[""interval_not_coverage_certified""]",empirical_oof_not_certified,0.95,source_mixture_affine
AOI-0003,2025-05-06,0.875865133733204,0.11142866818817213,0.012706198078623766,0.0,2.0,3.0,0.014662411679034704,,0.8823529411764706,0.875865133733204,"[""interval_not_coverage_certified""]",empirical_oof_not_certified,0.95,source_mixture_affine
AOI-0003,2025-06-04,0.4754432045872062,0.5240446859286939,0.0005121094841000678,0.0,1.0,1.0,0.015791789633507303,,0.9375,0.5240446859286939,"[""interval_not_coverage_certified""]",empirical_oof_not_certified,0.95,source_mixture_affine
AOI-0003,2025-06-13,0.8588928626586424,0.14110713734135782,0.0,0.0,2.0,2.0,0.01746780870624909,,0.8823529411764706,0.8588928626586424,"[""interval_not_coverage_certified""]",empirical_oof_not_certified,0.95,source_mixture_affine
AOI-0003,2025-07-07,0.7068826921434415,0.2761487230060042,0.016968584850554275,0.0,1.0,1.0,0.019410239422358325,,0.9375,0.7068826921434415,"[""interval_not_coverage_certified""]",empirical_oof_not_certified,0.95,source_mixture_affine
AOI-0003,2025-07-13,0.8222097077507245,0.16281465666271588,0.0149756355865596,0.0,1.0,1.0,0.03605302998538065,,0.9375,0.8222097077507245,"[""interval_not_coverage_certified""]",empirical_oof_not_certified,0.95,source_mixture_affine
AOI-0003,2025-07-15,0.8216958598566562,0.16559794206472006,0.012706198078623766,0.0,1.0,2.0,0.001157529079613362,,0.9375,0.8216958598566562,"[""interval_not_coverage_certified""]",empirical_oof_not_certified,0.95,source_mixture_affine
AOI-0003,2025-08-04,0.9680815864019994,0.031918413598000774,0.0,0.0,2.0,2.0,0.018838179005216782,,0.8823529411764706,0.9680815864019994,"[""interval_not_coverage_certified""]",empirical_oof_not_certified,0.95,source_mixture_affine
AOI-0003,2025-08-07,0.44234653503783017,0.5400289677547581,0.017624497207411806,0.0,1.0,2.0,0.007462023093322057,,0.9375,0.5400289677547581,"[""interval_not_coverage_certified""]",empirical_oof_not_certified,0.95,source_mixture_affine
AOI-0003,2025-08-14,0.7122687849928337,0.27275557942060613,0.0149756355865596,0.0,1.0,1.0,0.027205823113535255,,0.9375,0.7122687849928337,"[""interval_not_coverage_certified""]",empirical_oof_not_certified,0.95,source_mixture_affine
AOI-0003,2025-08-22,0.8319189060961683,0.15310545831727235,0.0149756355865596,0.0,3.0,2.0,0.017377679398728058,,0.8823529411764706,0.8319189060961683,"[""interval_not_coverage_certified""]",empirical_oof_not_certified,0.95,source_mixture_affine
AOI-0003,2025-08-23,0.6635510448413765,0.3364489551586232,0.0,0.0,4.0,1.0,0.01679811465382111,,0.9375,0.6635510448413765,"[""interval_not_coverage_certified""]",empirical_oof_not_certified,0.95,source_mixture_affine
AOI-0004,2025-04-23,0.14349065234923702,0.10240872917844523,0.7541006184723177,0.0,4.0,8.0,0.010041692941933078,,0.7894736842105263,0.7541006184723177,"[""interval_not_coverage_certified""]",empirical_oof_not_certified,0.95,source_mixture_affine
AOI-0004,2025-05-04,0.6330806415540217,0.3490736871222955,0.017845671323682814,0.0,3.0,5.0,0.016822376152096585,,0.8333333333333334,0.6330806415540217,"[""interval_not_coverage_certified""]",empirical_oof_not_certified,0.95,source_mixture_affine
AOI-0004,2025-05-24,0.9019131481419862,0.08314414088696846,0.014942710971045343,0.0,5.0,10.0,0.010291744124918734,,0.75,0.9019131481419862,"[""interval_not_coverage_certified""]",empirical_oof_not_certified,0.95,source_mixture_affine
AOI-0004,2025-05-25,0.021793440401301642,0.12718206298144613,0.8510244966172528,0.0,6.0,9.0,0.016066864944599746,,0.7142857142857143,0.8510244966172528,"[""interval_not_coverage_certified""]",empirical_oof_not_certified,0.95,source_mixture_affine
AOI-0004,2025-06-30,0.8177633454686665,0.16726101894477402,0.0149756355865596,0.0,3.0,3.0,0.011262131228609418,,0.8333333333333334,0.8177633454686665,"[""interval_not_coverage_certified""]",empirical_oof_not_certified,0.95,source_mixture_affine
AOI-0004,2025-07-12,0.30231958019357913,0.14461315983801598,0.5530672599684047,0.0,2.0,1.0,0.004882003987454031,,0.9375,0.5530672599684047,"[""interval_not_coverage_certified""]",empirical_oof_not_certified,0.95,source_mixture_affine
AOI-0004,2025-07-23,0.7840887726658291,0.2009355917476117,0.0149756355865596,0.0,2.0,5.0,0.02200860426634796,,0.8823529411764706,0.7840887726658291,"[""interval_not_coverage_certified""]",empirical_oof_not_certified,0.95,source_mixture_affine
AOI-0004,2025-08-02,0.9019967116909621,0.08529709023041425,0.012706198078623766,0.0,3.0,4.0,0.01925812551391376,,0.8333333333333334,0.9019967116909621,"[""interval_not_coverage_certified""]",empirical_oof_not_certified,0.95,source_mixture_affine
AOI-0004,2025-09-14,0.06055489774860617,0.20380298474751687,0.7356421175038773,0.0,3.0,1.0,0.04095303726663077,,0.9375,0.7356421175038773,"[""interval_not_coverage_certified""]",empirical_oof_not_certified,0.95,source_mixture_affine
AOI-0004,2025-09-23,0.5202942422150773,0.46424303710198567,0.015462720682937274,0.0,2.0,3.0,0.0018350381910159086,,0.8823529411764706,0.5202942422150773,"[""interval_not_coverage_certified""]",empirical_oof_not_certified,0.95,source_mixture_affine
AOI-0005,2025-05-01,0.6672764715414614,0.3180583208976937,0.014665207560844783,0.0,8.0,3.0,0.026841497209776355,,0.8333333333333334,0.6672764715414614,"[""unseen_polygon"", ""interval_not_coverage_certified""]",empirical_oof_not_certified,0.95,source_mixture_affine
AOI-0005,2025-05-03,0.042534048577974125,0.957465951422026,0.0,0.0,10.0,1.0,0.016546909525253062,,0.9375,0.957465951422026,"[""unseen_polygon"", ""interval_not_coverage_certified""]",empirical_oof_not_certified,0.95,source_mixture_affine
AOI-0005,2025-05-14,0.8836700103111403,0.10362379161023601,0.012706198078623766,0.0,5.0,5.0,0.06707177276236853,,0.75,0.8836700103111403,"[""unseen_polygon"", ""interval_not_coverage_certified""]",empirical_oof_not_certified,0.95,source_mixture_affine
AOI-0005,2025-06-11,0.08965075839883296,0.9103492416011671,0.0,0.0,1.0,2.0,0.029992462132893805,,0.9375,0.9103492416011671,"[""unseen_polygon"", ""interval_not_coverage_certified""]",empirical_oof_not_certified,0.95,source_mixture_affine
AOI-0005,2025-07-21,0.09783768558166893,0.9021623144183312,0.0,0.0,3.0,2.0,0.023694604237742917,,0.8823529411764706,0.9021623144183312,"[""unseen_polygon"", ""interval_not_coverage_certified""]",empirical_oof_not_certified,0.95,source_mixture_affine
AOI-0005,2025-08-17,0.7378803776500586,0.2471439867633816,0.0149756355865596,0.0,3.0,2.0,0.03430658536688064,,0.8823529411764706,0.7378803776500586,"[""unseen_polygon"", ""interval_not_coverage_certified""]",empirical_oof_not_certified,0.95,source_mixture_affine
AOI-0005,2025-09-01,0.7030544328240833,0.28423936909729286,0.012706198078623766,0.0,2.0,6.0,0.01957798135890365,,0.8823529411764706,0.7030544328240833,"[""unseen_polygon"", ""interval_not_coverage_certified""]",empirical_oof_not_certified,0.95,source_mixture_affine
AOI-0006,2025-04-01,0.7553400949490464,0.22586697230372355,0.018792932747230255,0.0,,6.0,0.0659172568310594,one_neighbor_plus_seasonal_prior,0.35714285714285715,0.7553400949490464,"[""one_sided_or_no_context"", ""unseen_polygon"", ""interval_not_coverage_certified""]",empirical_oof_not_certified,0.95,source_mixture_affine
AOI-0006,2025-05-09,0.12947531714583563,0.00940220531222871,0.8611224775419356,0.0,5.0,5.0,0.0828359726961983,,0.75,0.8611224775419356,"[""unseen_polygon"", ""interval_not_coverage_certified""]",empirical_oof_not_certified,0.95,source_mixture_affine
AOI-0006,2025-05-25,0.030610077824806754,0.1201765206097138,0.8492134015654799,0.0,1.0,9.0,0.04009192084445351,,0.9375,0.8492134015654799,"[""unseen_polygon"", ""interval_not_coverage_certified""]",empirical_oof_not_certified,0.95,source_mixture_affine
AOI-0006,2025-07-28,0.4745727739075214,0.049197372718124105,0.4762298533743543,0.0,5.0,1.0,0.0024123006961798976,,0.9375,0.4762298533743543,"[""unseen_polygon"", ""interval_not_coverage_certified""]",empirical_oof_not_certified,0.95,source_mixture_affine
AOI-0006,2025-08-09,0.840300368694923,0.14472399571851732,0.0149756355865596,0.0,2.0,3.0,0.001985905564351076,,0.8823529411764706,0.840300368694923,"[""unseen_polygon"", ""interval_not_coverage_certified""]",empirical_oof_not_certified,0.95,source_mixture_affine
AOI-0006,2025-08-22,0.825295368133321,0.15972899628011925,0.0149756355865596,0.0,3.0,5.0,0.009787503582400603,,0.8333333333333334,0.825295368133321,"[""unseen_polygon"", ""interval_not_coverage_certified""]",empirical_oof_not_certified,0.95,source_mixture_affine
AOI-0006,2025-08-30,0.11254841694062585,0.8861868953990032,0.001264687660371037,0.0,1.0,2.0,0.02342815706874135,,0.9375,0.8861868953990032,"[""unseen_polygon"", ""interval_not_coverage_certified""]",empirical_oof_not_certified,0.95,source_mixture_affine
AOI-0006,2025-09-07,0.03387490494802858,0.9661250950519712,0.0,0.0,6.0,1.0,0.041153288866212945,,0.9375,0.9661250950519712,"[""unseen_polygon"", ""interval_not_coverage_certified""]",empirical_oof_not_certified,0.95,source_mixture_affine
AOI-0006,2025-10-28,0.8967951236961308,0.08333387936235084,0.01987099694151845,0.0,11.0,,0.021614455234925653,one_neighbor_plus_seasonal_prior,0.28846153846153844,0.8967951236961308,"[""one_sided_or_no_context"", ""unseen_polygon"", ""interval_not_coverage_certified""]",empirical_oof_not_certified,0.95,source_mixture_affine
AOI-0007,2025-04-01,0.7528763964301924,0.2271484355479508,0.019975168021856848,0.0,,6.0,0.0856461604340818,one_neighbor_plus_seasonal_prior,0.35714285714285715,0.7528763964301924,"[""one_sided_or_no_context"", ""interval_not_coverage_certified""]",empirical_oof_not_certified,0.95,source_mixture_affine
AOI-0007,2025-04-18,0.6865388531095359,0.29964995304554054,0.01381119384492351,0.0,1.0,1.0,0.005906670675357439,,0.9375,0.6865388531095359,"[""interval_not_coverage_certified""]",empirical_oof_not_certified,0.95,source_mixture_affine
AOI-0007,2025-04-29,0.7376061449122692,0.2443458148263618,0.018048040261369015,0.0,1.0,5.0,0.017534384973839023,,0.9375,0.7376061449122692,"[""interval_not_coverage_certified""]",empirical_oof_not_certified,0.95,source_mixture_affine
AOI-0007,2025-05-01,0.7136756288557556,0.27136064737257765,0.01496372377166675,0.0,3.0,3.0,0.043414699282703195,,0.8333333333333334,0.7136756288557556,"[""interval_not_coverage_certified""]",empirical_oof_not_certified,0.95,source_mixture_affine
AOI-0007,2025-06-26,0.0452131868786549,0.023132193325120575,0.9316546197962243,0.0,11.0,1.0,0.0322584277811265,,0.9375,0.9316546197962243,"[""interval_not_coverage_certified""]",empirical_oof_not_certified,0.95,source_mixture_affine
AOI-0007,2025-07-28,0.47372067009099306,0.047750940425362265,0.4785283894836446,0.0,3.0,2.0,0.02508325121800084,,0.8823529411764706,0.4785283894836446,"[""interval_not_coverage_certified""]",empirical_oof_not_certified,0.95,source_mixture_affine
AOI-0007,2025-08-13,0.06104006428031013,0.23352283783005234,0.7054370978896377,0.0,1.0,2.0,0.019136938177799878,,0.9375,0.7054370978896377,"[""interval_not_coverage_certified""]",empirical_oof_not_certified,0.95,source_mixture_affine
AOI-0007,2025-08-14,0.7476648031507355,0.23264486991103275,0.01969032693823164,0.0,2.0,1.0,0.009865170738246276,,0.9375,0.7476648031507355,"[""interval_not_coverage_certified""]",empirical_oof_not_certified,0.95,source_mixture_affine
AOI-0007,2025-08-16,0.738608304763131,0.23456536409643772,0.02682633114043149,0.0,1.0,1.0,0.007424575086584104,,0.9375,0.738608304763131,"[""interval_not_coverage_certified""]",empirical_oof_not_certified,0.95,source_mixture_affine
AOI-0007,2025-09-11,0.9051741753076314,0.08211962661374499,0.012706198078623766,0.0,3.0,2.0,0.0036900509274422344,,0.8823529411764706,0.9051741753076314,"[""interval_not_coverage_certified""]",empirical_oof_not_certified,0.95,source_mixture_affine
AOI-0007,2025-09-26,0.5575492314609503,0.4292324609763258,0.013218307562723831,0.0,1.0,4.0,0.020659836467402964,,0.9375,0.5575492314609503,"[""interval_not_coverage_certified""]",empirical_oof_not_certified,0.95,source_mixture_affine
AOI-0008,2025-04-17,0.10692693922840331,0.8930730607715966,0.0,0.0,1.0,1.0,0.012303780753014026,,0.9375,0.8930730607715966,"[""interval_not_coverage_certified""]",empirical_oof_not_certified,0.95,source_mixture_affine
AOI-0008,2025-04-24,0.8208514872791197,0.16603405646100447,0.013114456259875897,0.0,1.0,4.0,0.066360365142285,,0.9375,0.8208514872791197,"[""interval_not_coverage_certified""]",empirical_oof_not_certified,0.95,source_mixture_affine
AOI-0008,2025-05-19,0.8651200637738207,0.13487993622617936,0.0,0.0,3.0,5.0,0.054505177617607314,,0.8333333333333334,0.8651200637738207,"[""interval_not_coverage_certified""]",empirical_oof_not_certified,0.95,source_mixture_affine
AOI-0008,2025-07-08,0.4939415159332656,0.49284017650401063,0.013218307562723831,0.0,1.0,2.0,0.029342744868190024,,0.9375,0.4939415159332656,"[""interval_not_coverage_certified""]",empirical_oof_not_certified,0.95,source_mixture_affine
AOI-0008,2025-07-15,0.8063990393275577,0.17862532508588275,0.0149756355865596,0.0,1.0,3.0,0.006237267955698178,,0.9375,0.8063990393275577,"[""interval_not_coverage_certified""]",empirical_oof_not_certified,0.95,source_mixture_affine
AOI-0008,2025-07-17,0.752301477136499,0.22932782690527329,0.018370695958227632,0.0,3.0,1.0,0.010963960943258633,,0.9375,0.752301477136499,"[""interval_not_coverage_certified""]",empirical_oof_not_certified,0.95,source_mixture_affine
AOI-0008,2025-08-13,0.06006714749116808,0.2293216830946218,0.7106111694142104,0.0,1.0,1.0,0.037605489271221745,,0.9375,0.7106111694142104,"[""interval_not_coverage_certified""]",empirical_oof_not_certified,0.95,source_mixture_affine
AOI-0008,2025-09-01,0.7131328159117669,0.2718915485016735,0.0149756355865596,0.0,1.0,7.0,0.017625283691433166,,0.9375,0.7131328159117669,"[""interval_not_coverage_certified""]",empirical_oof_not_certified,0.95,source_mixture_affine
AOI-0008,2025-09-30,0.06680309216088641,0.15064647387140592,0.7825504339677078,0.0,4.0,2.0,0.0182310081781851,,0.8823529411764706,0.7825504339677078,"[""interval_not_coverage_certified""]",empirical_oof_not_certified,0.95,source_mixture_affine
AOI-0008,2025-10-16,0.41815302916854513,0.06025017547571775,0.521596795355737,0.0,3.0,2.0,0.01582561558856377,,0.8823529411764706,0.521596795355737,"[""interval_not_coverage_certified""]",empirical_oof_not_certified,0.95,source_mixture_affine
AOI-0009,2025-04-01,0.7611139969271399,0.21931909323225562,0.019566909840604715,0.0,,6.0,0.024839099845848756,one_neighbor_plus_seasonal_prior,0.35714285714285715,0.7611139969271399,"[""one_sided_or_no_context"", ""unseen_polygon"", ""interval_not_coverage_certified""]",empirical_oof_not_certified,0.95,source_mixture_affine
AOI-0009,2025-04-23,0.19455776724687474,0.07088593230183753,0.7345563004512874,0.0,4.0,1.0,0.01639940114870797,,0.9375,0.7345563004512874,"[""unseen_polygon"", ""interval_not_coverage_certified""]",empirical_oof_not_certified,0.95,source_mixture_affine
AOI-0009,2025-05-04,0.6543324609171706,0.3322080455076166,0.013459493575212483,0.0,3.0,2.0,0.012669060449406855,,0.8823529411764706,0.6543324609171706,"[""unseen_polygon"", ""interval_not_coverage_certified""]",empirical_oof_not_certified,0.95,source_mixture_affine
AOI-0009,2025-06-30,0.8335076076949274,0.15378619422644882,0.012706198078623766,0.0,2.0,6.0,0.03836859442992574,,0.8823529411764706,0.8335076076949274,"[""unseen_polygon"", ""interval_not_coverage_certified""]",empirical_oof_not_certified,0.95,source_mixture_affine
AOI-0009,2025-07-05,0.6901073536372802,0.2971864482840957,0.012706198078623766,0.0,7.0,1.0,0.03247361896671902,,0.9375,0.6901073536372802,"[""unseen_polygon"", ""interval_not_coverage_certified""]",empirical_oof_not_certified,0.95,source_mixture_affine
AOI-0009,2025-07-10,0.9015554956904818,0.0857383062308946,0.012706198078623766,0.0,2.0,2.0,0.015685781404757015,,0.8823529411764706,0.9015554956904818,"[""unseen_polygon"", ""interval_not_coverage_certified""]",empirical_oof_not_certified,0.95,source_mixture_affine
AOI-0009,2025-07-25,0.8921600291931254,0.09513377272825099,0.012706198078623766,0.0,2.0,3.0,0.0031593745776795773,,0.8823529411764706,0.8921600291931254,"[""unseen_polygon"", ""interval_not_coverage_certified""]",empirical_oof_not_certified,0.95,source_mixture_affine
AOI-0009,2025-08-12,0.9039539671167058,0.08333983480467044,0.012706198078623766,0.0,3.0,1.0,0.00972576801571784,,0.9375,0.9039539671167058,"[""unseen_polygon"", ""interval_not_coverage_certified""]",empirical_oof_not_certified,0.95,source_mixture_affine
AOI-0009,2025-08-17,0.4610944266741118,0.5234178282552285,0.015487745070659668,0.0,1.0,2.0,0.009213158717303771,,0.9375,0.5234178282552285,"[""unseen_polygon"", ""interval_not_coverage_certified""]",empirical_oof_not_certified,0.95,source_mixture_affine
AOI-0009,2025-08-22,0.8456991088614612,0.13932525555197903,0.0149756355865596,0.0,3.0,1.0,0.008933218236575988,,0.9375,0.8456991088614612,"[""unseen_polygon"", ""interval_not_coverage_certified""]",empirical_oof_not_certified,0.95,source_mixture_affine
AOI-0009,2025-08-24,0.8352105625136417,0.14767704976304677,0.017112387723311737,0.0,1.0,3.0,0.019654608864631606,,0.9375,0.8352105625136417,"[""unseen_polygon"", ""interval_not_coverage_certified""]",empirical_oof_not_certified,0.95,source_mixture_affine
AOI-0009,2025-09-14,0.05434961598513672,0.1839836121817006,0.7616667718331628,0.0,1.0,1.0,0.02817960602404304,,0.9375,0.7616667718331628,"[""unseen_polygon"", ""interval_not_coverage_certified""]",empirical_oof_not_certified,0.95,source_mixture_affine
AOI-0009,2025-09-16,0.5245046242925191,0.45525094517785497,0.020244430529626038,0.0,1.0,5.0,0.002148659490769006,,0.9375,0.5245046242925191,"[""unseen_polygon"", ""interval_not_coverage_certified""]",empirical_oof_not_certified,0.95,source_mixture_affine
AOI-0009,2025-09-25,0.7528933436592251,0.24294941547997648,0.004157240860798361,0.0,1.0,1.0,0.007608919817478049,,0.9375,0.7528933436592251,"[""unseen_polygon"", ""interval_not_coverage_certified""]",empirical_oof_not_certified,0.95,source_mixture_affine
AOI-0009,2025-10-03,0.922579637501336,0.07418695730711895,0.003233405191545398,0.0,1.0,2.0,0.015456868730275797,,0.9375,0.922579637501336,"[""unseen_polygon"", ""interval_not_coverage_certified""]",empirical_oof_not_certified,0.95,source_mixture_affine
AOI-0010,2010-06-19,0.0016212878928196577,0.9983787121071803,0.0,0.0,8.0,7.0,0.037134799003525454,,0.6818181818181818,0.9983787121071803,"[""unseen_polygon"", ""interval_not_coverage_certified""]",empirical_oof_not_certified,0.95,source_mixture_affine
AOI-0010,2010-08-06,0.0,1.0,0.0,0.0,8.0,7.0,0.01617797298120846,,0.6818181818181818,1.0,"[""unseen_polygon"", ""interval_not_coverage_certified""]",empirical_oof_not_certified,0.95,source_mixture_affine
AOI-0010,2010-08-22,0.0,1.0,0.0,0.0,9.0,7.0,0.04488170780344242,,0.6818181818181818,1.0,"[""unseen_polygon"", ""interval_not_coverage_certified""]",empirical_oof_not_certified,0.95,source_mixture_affine
AOI-0010,2011-06-14,0.004381649952900541,0.9956183500470995,0.0,0.0,4.0,8.0,0.02536807017544898,,0.7894736842105263,0.9956183500470995,"[""unseen_polygon"", ""interval_not_coverage_certified""]",empirical_oof_not_certified,0.95,source_mixture_affine
AOI-0010,2011-07-12,0.04545484764007343,0.10649484137242668,0.8480503109875004,0.0,4.0,4.0,0.02904647879976552,,0.7894736842105263,0.8480503109875004,"[""unseen_polygon"", ""interval_not_coverage_certified""]",empirical_oof_not_certified,0.95,source_mixture_affine
AOI-0010,2011-08-09,0.0,0.9904678518203108,0.009532148179689164,0.0,8.0,8.0,0.011788291492951603,,0.6521739130434783,0.9904678518203108,"[""unseen_polygon"", ""interval_not_coverage_certified""]",empirical_oof_not_certified,0.95,source_mixture_affine
AOI-0010,2011-08-13,0.03591500262766058,0.10753402431096731,0.8565509730613724,0.0,12.0,4.0,0.034417542615916036,,0.7894736842105263,0.8565509730613724,"[""unseen_polygon"", ""interval_not_coverage_certified""]",empirical_oof_not_certified,0.95,source_mixture_affine
AOI-0010,2011-09-10,0.0,1.0,0.0,0.0,8.0,4.0,0.016969988464689084,,0.7894736842105263,1.0,"[""unseen_polygon"", ""interval_not_coverage_certified""]",empirical_oof_not_certified,0.95,source_mixture_affine
AOI-0010,2012-04-13,0.0007808622207989752,0.9992191377792011,0.0,0.0,7.0,9.0,0.03170329334031122,,0.6818181818181818,0.9992191377792011,"[""unseen_polygon"", ""interval_not_coverage_certified""]",empirical_oof_not_certified,0.95,source_mixture_affine
AOI-0010,2012-08-03,0.0,1.0,0.0,0.0,7.0,9.0,0.03429991065765514,,0.6818181818181818,1.0,"[""unseen_polygon"", ""interval_not_coverage_certified""]",empirical_oof_not_certified,0.95,source_mixture_affine
AOI-0010,2013-04-16,0.001494415413436747,0.9985055845865634,0.0,0.0,9.0,7.0,0.02858265103392077,,0.6818181818181818,0.9985055845865634,"[""unseen_polygon"", ""interval_not_coverage_certified""]",empirical_oof_not_certified,0.95,source_mixture_affine
AOI-0010,2013-05-25,0.020795046607625312,0.3159271820555517,0.6632777713368231,0.0,16.0,16.0,0.014051465705499255,,0.48387096774193555,0.6632777713368231,"[""unseen_polygon"", ""interval_not_coverage_certified""]",empirical_oof_not_certified,0.95,source_mixture_affine
AOI-0010,2013-06-26,0.015175434867630636,0.5760621629150658,0.40876240221730326,0.0,7.0,1.0,0.007881857973688539,,0.9375,0.5760621629150658,"[""unseen_polygon"", ""interval_not_coverage_certified""]",empirical_oof_not_certified,0.95,source_mixture_affine
AOI-0010,2013-07-12,0.018199686917728178,0.598291847861063,0.38350846522120846,0.0,15.0,1.0,0.004865149866468577,,0.9375,0.598291847861063,"[""unseen_polygon"", ""interval_not_coverage_certified""]",empirical_oof_not_certified,0.95,source_mixture_affine
AOI-0010,2014-05-29,0.0005167324797574887,0.9994832675202425,0.0,0.0,4.0,24.0,0.07802472823414375,,0.7894736842105263,0.9994832675202425,"[""unseen_polygon"", ""interval_not_coverage_certified""]",empirical_oof_not_certified,0.95,source_mixture_affine
AOI-0010,2014-06-06,0.0005167324797574887,0.9994832675202425,0.0,0.0,12.0,16.0,0.018968466780026727,,0.5555555555555556,0.9994832675202425,"[""unseen_polygon"", ""interval_not_coverage_certified""]",empirical_oof_not_certified,0.95,source_mixture_affine
AOI-0010,2014-06-10,0.05487418990330491,0.2507635306065469,0.6943622794901484,0.0,16.0,12.0,0.021302766812337115,,0.5555555555555556,0.6943622794901484,"[""unseen_polygon"", ""interval_not_coverage_certified""]",empirical_oof_not_certified,0.95,source_mixture_affine
AOI-0010,2014-08-29,0.049506829964176234,0.10559252887811031,0.8449006411577138,0.0,4.0,4.0,0.031096522660992318,,0.7894736842105263,0.8449006411577138,"[""unseen_polygon"", ""interval_not_coverage_certified""]",empirical_oof_not_certified,0.95,source_mixture_affine
AOI-0010,2014-09-30,0.051638552885660965,0.10543234268997492,0.8429291044243644,0.0,4.0,4.0,0.04259968427618903,,0.7894736842105263,0.8429291044243644,"[""unseen_polygon"", ""interval_not_coverage_certified""]",empirical_oof_not_certified,0.95,source_mixture_affine
AOI-0010,2015-04-07,0.06407190989478115,0.23731678871026016,0.6986113013949589,0.0,1.0,16.0,0.000343177705466699,,0.9375,0.6986113013949589,"[""unseen_polygon"", ""interval_not_coverage_certified""]",empirical_oof_not_certified,0.95,source_mixture_affine
AOI-0010,2015-04-14,0.005567116692404548,0.9870123590465804,0.007420524261015058,0.0,8.0,9.0,0.017494042267223106,,0.6521739130434783,0.9870123590465804,"[""unseen_polygon"", ""interval_not_coverage_certified""]",empirical_oof_not_certified,0.95,source_mixture_affine
AOI-0010,2015-05-25,0.021217225007640294,0.17930273952960726,0.7994800354627529,0.0,1.0,7.0,0.026750223701172443,,0.9375,0.7994800354627529,"[""unseen_polygon"", ""interval_not_coverage_certified""]",empirical_oof_not_certified,0.95,source_mixture_affine
AOI-0010,2015-10-07,0.0,1.0,0.0,0.0,7.0,9.0,0.035321878739906276,,0.6818181818181818,1.0,"[""unseen_polygon"", ""interval_not_coverage_certified""]",empirical_oof_not_certified,0.95,source_mixture_affine
AOI-0010,2016-07-27,0.008978196568353513,0.6268007680152681,0.36422103541637824,0.0,16.0,10.0,0.02377992351656219,,0.6000000000000001,0.6268007680152681,"[""unseen_polygon"", ""interval_not_coverage_certified""]",empirical_oof_not_certified,0.95,source_mixture_affine
AOI-0010,2016-08-12,0.021130740378571246,0.33820879812643406,0.6406604614949949,0.0,6.0,16.0,0.0018497688356124975,,0.7142857142857143,0.6406604614949949,"[""unseen_polygon"", ""interval_not_coverage_certified""]",empirical_oof_not_certified,0.95,source_mixture_affine
AOI-0010,2016-09-13,0.033057913615788116,0.4779889078066871,0.48895317857752457,0.0,6.0,2.0,0.042949502962589786,,0.8823529411764706,0.48895317857752457,"[""unseen_polygon"", ""interval_not_coverage_certified""]",empirical_oof_not_certified,0.95,source_mixture_affine
AOI-0010,2017-04-03,0.34345929268497144,0.6002245772126948,0.05631613010233371,0.0,160.0,10.0,0.04248249333618659,,0.6000000000000001,0.6002245772126948,"[""unseen_polygon"", ""interval_not_coverage_certified""]",empirical_oof_not_certified,0.95,source_mixture_affine
AOI-0010,2017-04-07,0.10055575602548555,0.1213934488383377,0.7780507951361767,0.0,164.0,6.0,0.09189801279825616,,0.7142857142857143,0.7780507951361767,"[""unseen_polygon"", ""interval_not_coverage_certified""]",empirical_oof_not_certified,0.95,source_mixture_affine
AOI-0010,2017-08-01,0.8094856961842701,0.19051430381572942,0.0,0.0,4.0,5.0,0.013987892147793363,,0.7894736842105263,0.8094856961842701,"[""unseen_polygon"", ""interval_not_coverage_certified""]",empirical_oof_not_certified,0.95,source_mixture_affine
AOI-0010,2017-08-04,0.9361446289589724,0.06385537104102759,0.0,0.0,7.0,2.0,0.017595046630597383,,0.8823529411764706,0.9361446289589724,"[""unseen_polygon"", ""interval_not_coverage_certified""]",empirical_oof_not_certified,0.95,source_mixture_affine
AOI-0010,2017-08-13,0.3098605090128949,0.10640038150045525,0.5837391094866499,0.0,2.0,1.0,0.03396710964982802,,0.9375,0.5837391094866499,"[""unseen_polygon"", ""interval_not_coverage_certified""]",empirical_oof_not_certified,0.95,source_mixture_affine
AOI-0010,2017-08-29,0.4560935868453695,0.07895599290052854,0.46495042025410205,0.0,3.0,4.0,0.014734442058658037,,0.8333333333333334,0.46495042025410205,"[""unseen_polygon"", ""interval_not_coverage_certified""]",empirical_oof_not_certified,0.95,source_mixture_affine
AOI-0010,2018-05-16,0.025943189595100807,0.9740568104048992,0.0,0.0,7.0,8.0,0.01547899130971947,,0.6818181818181818,0.9740568104048992,"[""unseen_polygon"", ""interval_not_coverage_certified""]",empirical_oof_not_certified,0.95,source_mixture_affine
AOI-0010,2018-07-28,0.06304507175262992,0.14715883906928362,0.7897960891780865,0.0,1.0,16.0,0.014253422910702696,,0.9375,0.7897960891780865,"[""unseen_polygon"", ""interval_not_coverage_certified""]",empirical_oof_not_certified,0.95,source_mixture_affine
AOI-0010,2018-08-28,0.015648263009528283,0.9843517369904717,0.0,0.0,8.0,1.0,0.007050482729667629,,0.9375,0.9843517369904717,"[""unseen_polygon"", ""interval_not_coverage_certified""]",empirical_oof_not_certified,0.95,source_mixture_affine
AOI-0010,2018-09-14,0.12902351649330918,0.21828417886749651,0.6526923046391946,0.0,1.0,4.0,0.03041950828893547,,0.9375,0.6526923046391946,"[""unseen_polygon"", ""interval_not_coverage_certified""]",empirical_oof_not_certified,0.95,source_mixture_affine
AOI-0010,2019-04-06,0.948597680553472,0.047563706679110224,0.0038386127674175097,0.0,5.0,1.0,0.058367083663167674,,0.9375,0.948597680553472,"[""unseen_polygon"", ""interval_not_coverage_certified""]",empirical_oof_not_certified,0.95,source_mixture_affine
AOI-0010,2019-04-28,0.9061483660254972,0.09334972716798352,0.0005019068065194935,0.0,2.0,8.0,0.024436874216776705,,0.8823529411764706,0.9061483660254972,"[""unseen_polygon"", ""interval_not_coverage_certified""]",empirical_oof_not_certified,0.95,source_mixture_affine
AOI-0010,2019-05-19,0.31776224801984443,0.6822377519801553,0.0,0.0,1.0,2.0,0.027142881152098952,,0.9375,0.6822377519801553,"[""unseen_polygon"", ""interval_not_coverage_certified""]",empirical_oof_not_certified,0.95,source_mixture_affine
AOI-0010,2019-06-20,0.8668923477646647,0.13264715845275551,0.00046049378257992303,0.0,3.0,2.0,0.008878258342514836,,0.8823529411764706,0.8668923477646647,"[""unseen_polygon"", ""interval_not_coverage_certified""]",empirical_oof_not_certified,0.95,source_mixture_affine
AOI-0010,2019-06-26,0.1353787858413579,0.2297192789903186,0.6349019351683232,0.0,1.0,2.0,0.03543491093267817,,0.9375,0.6349019351683232,"[""unseen_polygon"", ""interval_not_coverage_certified""]",empirical_oof_not_certified,0.95,source_mixture_affine
AOI-0010,2019-06-27,0.8109208344600924,0.17973899414957792,0.009340171390329714,0.0,2.0,1.0,0.0019534236242834957,,0.9375,0.8109208344600924,"[""unseen_polygon"", ""interval_not_coverage_certified""]",empirical_oof_not_certified,0.95,source_mixture_affine
AOI-0010,2019-07-20,0.9411316537535767,0.05766878050688312,0.001199565739540246,0.0,3.0,2.0,0.017692914490751582,,0.8823529411764706,0.9411316537535767,"[""unseen_polygon"", ""interval_not_coverage_certified""]",empirical_oof_not_certified,0.95,source_mixture_affine
AOI-0010,2019-08-13,0.2670325967077957,0.22266109722591768,0.5103063060662866,0.0,2.0,1.0,0.03491665169353131,,0.9375,0.5103063060662866,"[""unseen_polygon"", ""interval_not_coverage_certified""]",empirical_oof_not_certified,0.95,source_mixture_affine
AOI-0010,2019-08-19,0.9096281651989926,0.08189141021533676,0.008480424585670474,0.0,4.0,4.0,0.010619080440644663,,0.7894736842105263,0.9096281651989926,"[""unseen_polygon"", ""interval_not_coverage_certified""]",empirical_oof_not_certified,0.95,source_mixture_affine
AOI-0010,2019-08-21,0.8436563669159618,0.1464433784290816,0.009900254654956578,0.0,6.0,2.0,0.01331975442590419,,0.8823529411764706,0.8436563669159618,"[""unseen_polygon"", ""interval_not_coverage_certified""]",empirical_oof_not_certified,0.95,source_mixture_affine
AOI-0010,2019-09-23,0.8811255631310222,0.1164036372283665,0.0024707996406109615,0.0,5.0,2.0,0.046613550565818715,,0.8823529411764706,0.8811255631310222,"[""unseen_polygon"", ""interval_not_coverage_certified""]",empirical_oof_not_certified,0.95,source_mixture_affine
AOI-0010,2020-06-06,0.811438770026563,0.18088158263207568,0.007679647341361946,0.0,2.0,8.0,0.006133382599164294,,0.8823529411764706,0.811438770026563,"[""unseen_polygon"", ""interval_not_coverage_certified""]",empirical_oof_not_certified,0.95,source_mixture_affine
AOI-0010,2020-06-09,0.6017051761339094,0.06940736816906994,0.32888745569702066,0.0,5.0,5.0,0.011902993827556996,,0.75,0.6017051761339094,"[""unseen_polygon"", ""interval_not_coverage_certified""]",empirical_oof_not_certified,0.95,source_mixture_affine
AOI-0010,2020-07-16,0.8692490096328312,0.130750990367169,0.0,0.0,2.0,8.0,0.004568231973648057,,0.8823529411764706,0.8692490096328312,"[""unseen_polygon"", ""interval_not_coverage_certified""]",empirical_oof_not_certified,0.95,source_mixture_affine
AOI-0010,2020-07-19,0.9520341143748968,0.04421367621385138,0.003752209411252073,0.0,5.0,5.0,0.01448509288772662,,0.75,0.9520341143748968,"[""unseen_polygon"", ""interval_not_coverage_certified""]",empirical_oof_not_certified,0.95,source_mixture_affine
AOI-0010,2020-07-26,0.8437729157125559,0.1562270842874443,0.0,0.0,2.0,1.0,0.04323168151086762,,0.9375,0.8437729157125559,"[""unseen_polygon"", ""interval_not_coverage_certified""]",empirical_oof_not_certified,0.95,source_mixture_affine
AOI-0010,2020-07-31,0.48433196308449067,0.5156680369155094,0.0,0.0,2.0,3.0,0.024617125980546717,,0.8823529411764706,0.5156680369155094,"[""unseen_polygon"", ""interval_not_coverage_certified""]",empirical_oof_not_certified,0.95,source_mixture_affine
AOI-0010,2020-09-09,0.5542377056085394,0.43926380280530586,0.006498491586154858,0.0,2.0,1.0,0.005266800494423046,,0.9375,0.5542377056085394,"[""unseen_polygon"", ""interval_not_coverage_certified""]",empirical_oof_not_certified,0.95,source_mixture_affine
AOI-0010,2020-09-13,0.2241288675681525,0.17612588641707697,0.5997452460147706,0.0,1.0,1.0,0.028915217804372617,,0.9375,0.5997452460147706,"[""unseen_polygon"", ""interval_not_coverage_certified""]",empirical_oof_not_certified,0.95,source_mixture_affine
AOI-0010,2020-09-19,0.7634056921214419,0.2315628210164588,0.005031486862099355,0.0,1.0,3.0,0.04159383217884288,,0.9375,0.7634056921214419,"[""unseen_polygon"", ""interval_not_coverage_certified""]",empirical_oof_not_certified,0.95,source_mixture_affine
AOI-0010,2020-09-27,0.8749809023693972,0.12377351449242938,0.0012455831381733367,0.0,1.0,2.0,0.014178685887384246,,0.9375,0.8749809023693972,"[""unseen_polygon"", ""interval_not_coverage_certified""]",empirical_oof_not_certified,0.95,source_mixture_affine
AOI-0010,2021-05-05,0.9329323057903202,0.053775978581007966,0.01329171562867215,0.0,3.0,3.0,0.024147335482428894,,0.8333333333333334,0.9329323057903202,"[""unseen_polygon"", ""interval_not_coverage_certified""]",empirical_oof_not_certified,0.95,source_mixture_affine
AOI-0010,2021-05-09,0.14690705263153797,0.10409750668762342,0.7489954406808387,0.0,1.0,3.0,0.027253664642551467,,0.9375,0.7489954406808387,"[""unseen_polygon"", ""interval_not_coverage_certified""]",empirical_oof_not_certified,0.95,source_mixture_affine
AOI-0010,2021-07-28,0.2518627408096045,0.25934915573952544,0.48878810345086987,0.0,2.0,1.0,0.028301469477442956,,0.9375,0.48878810345086987,"[""unseen_polygon"", ""interval_not_coverage_certified""]",empirical_oof_not_certified,0.95,source_mixture_affine
AOI-0010,2021-08-05,0.9016824191122685,0.08624404269941889,0.01207353818831271,0.0,2.0,8.0,0.008920326319224736,,0.8823529411764706,0.9016824191122685,"[""unseen_polygon"", ""interval_not_coverage_certified""]",empirical_oof_not_certified,0.95,source_mixture_affine
AOI-0010,2021-09-04,0.8209860332811161,0.1790139667188841,0.0,0.0,5.0,3.0,0.01345666631676043,,0.8333333333333334,0.8209860332811161,"[""unseen_polygon"", ""interval_not_coverage_certified""]",empirical_oof_not_certified,0.95,source_mixture_affine
AOI-0010,2021-09-17,0.9368729081879118,0.06065629217147721,0.0024707996406109615,0.0,3.0,2.0,0.0005000353667186097,,0.8823529411764706,0.9368729081879118,"[""unseen_polygon"", ""interval_not_coverage_certified""]",empirical_oof_not_certified,0.95,source_mixture_affine
AOI-0010,2021-10-27,0.9195335938701263,0.07523093386872894,0.005235472261144736,0.0,5.0,157.0,0.03988371149569539,,0.75,0.9195335938701263,"[""unseen_polygon"", ""interval_not_coverage_certified""]",empirical_oof_not_certified,0.95,source_mixture_affine
AOI-0010,2022-06-06,0.7876629177218387,0.2033774610280148,0.008959621250146295,0.0,2.0,2.0,0.004199330817031888,,0.8823529411764706,0.7876629177218387,"[""unseen_polygon"", ""interval_not_coverage_certified""]",empirical_oof_not_certified,0.95,source_mixture_affine
AOI-0010,2022-06-10,0.2012504512923812,0.2607680611758726,0.5379814875317462,0.0,1.0,2.0,0.0008652086397288317,,0.9375,0.5379814875317462,"[""unseen_polygon"", ""interval_not_coverage_certified""]",empirical_oof_not_certified,0.95,source_mixture_affine
AOI-0010,2022-06-11,0.7534306471395315,0.22741666017314016,0.019152692687328266,0.0,2.0,1.0,0.002757106206880633,,0.9375,0.7534306471395315,"[""unseen_polygon"", ""interval_not_coverage_certified""]",empirical_oof_not_certified,0.95,source_mixture_affine
AOI-0010,2022-07-17,0.4570953741669531,0.5379046258330469,0.005,0.0,3.0,2.0,0.014052816615238495,,0.8823529411764706,0.5379046258330469,"[""unseen_polygon"", ""interval_not_coverage_certified""]",empirical_oof_not_certified,0.95,source_mixture_affine
AOI-0010,2022-07-28,0.25274693572140206,0.3391722567386379,0.40808080753996,0.0,9.0,1.0,0.03514098612550229,,0.9375,0.40808080753996,"[""unseen_polygon"", ""interval_not_coverage_certified""]",empirical_oof_not_certified,0.95,source_mixture_affine
AOI-0010,2022-09-08,0.04846589075107919,0.9515341092489207,0.0,0.0,6.0,1.0,0.021604800343156594,,0.9375,0.9515341092489207,"[""unseen_polygon"", ""interval_not_coverage_certified""]",empirical_oof_not_certified,0.95,source_mixture_affine
AOI-0010,2023-04-02,0.3507029728038443,0.6479524062176226,0.001344620978533378,0.0,165.0,5.0,0.002523998067476274,,0.75,0.6479524062176226,"[""unseen_polygon"", ""interval_not_coverage_certified""]",empirical_oof_not_certified,0.95,source_mixture_affine
AOI-0010,2023-04-27,0.2750443510214544,0.7249556489785458,0.0,0.0,4.0,9.0,0.010124311911953843,,0.7894736842105263,0.7249556489785458,"[""unseen_polygon"", ""interval_not_coverage_certified""]",empirical_oof_not_certified,0.95,source_mixture_affine
AOI-0010,2023-06-08,0.4245213659985426,0.5754786340014575,0.0,0.0,1.0,2.0,0.01576127837545399,,0.9375,0.5754786340014575,"[""unseen_polygon"", ""interval_not_coverage_certified""]",empirical_oof_not_certified,0.95,source_mixture_affine
AOI-0010,2023-06-16,0.8353789126711523,0.16462108732884762,0.0,0.0,6.0,3.0,0.006320578728821302,,0.8333333333333334,0.8353789126711523,"[""unseen_polygon"", ""interval_not_coverage_certified""]",empirical_oof_not_certified,0.95,source_mixture_affine
AOI-0010,2023-08-23,0.7966991852421659,0.2033008147578345,0.0,0.0,3.0,3.0,0.017633548729373172,,0.8333333333333334,0.7966991852421659,"[""unseen_polygon"", ""interval_not_coverage_certified""]",empirical_oof_not_certified,0.95,source_mixture_affine
AOI-0010,2023-08-30,0.9719835081298175,0.028016491870182382,0.0,0.0,1.0,8.0,0.0022969468684010397,,0.9375,0.9719835081298175,"[""unseen_polygon"", ""interval_not_coverage_certified""]",empirical_oof_not_certified,0.95,source_mixture_affine
AOI-0010,2023-09-19,0.836556521378654,0.16097267898073495,0.0024707996406109615,0.0,2.0,3.0,0.011213857996477922,,0.8823529411764706,0.836556521378654,"[""unseen_polygon"", ""interval_not_coverage_certified""]",empirical_oof_not_certified,0.95,source_mixture_affine
AOI-0010,2024-04-04,0.8760800388765196,0.12010357375659321,0.0038163873668868144,0.0,3.0,2.0,0.016443454021723536,,0.8823529411764706,0.8760800388765196,"[""unseen_polygon"", ""interval_not_coverage_certified""]",empirical_oof_not_certified,0.95,source_mixture_affine
AOI-0010,2024-04-26,0.8483181989803426,0.13994493942229558,0.011736861597361911,0.0,4.0,8.0,0.01018336164239042,,0.7894736842105263,0.8483181989803426,"[""unseen_polygon"", ""interval_not_coverage_certified""]",empirical_oof_not_certified,0.95,source_mixture_affine
AOI-0010,2024-05-08,0.20774405223877312,0.15200056033089834,0.6402553874303283,0.0,2.0,1.0,0.0004900779740387162,,0.9375,0.6402553874303283,"[""unseen_polygon"", ""interval_not_coverage_certified""]",empirical_oof_not_certified,0.95,source_mixture_affine
AOI-0010,2024-05-21,0.931238626045956,0.06710855496294608,0.0016528189910979226,0.0,12.0,3.0,0.011011591939806054,,0.8333333333333334,0.931238626045956,"[""unseen_polygon"", ""interval_not_coverage_certified""]",empirical_oof_not_certified,0.95,source_mixture_affine
AOI-0010,2024-06-18,0.7637633704551483,0.23623662954485197,0.0,0.0,1.0,5.0,0.00452831037485707,,0.9375,0.7637633704551483,"[""unseen_polygon"", ""interval_not_coverage_certified""]",empirical_oof_not_certified,0.95,source_mixture_affine
AOI-0010,2024-06-20,0.9403272566618308,0.059672743338169326,0.0,0.0,3.0,3.0,0.018027248780141447,,0.8333333333333334,0.9403272566618308,"[""unseen_polygon"", ""interval_not_coverage_certified""]",empirical_oof_not_certified,0.95,source_mixture_affine
AOI-0010,2024-07-08,0.8149636655667679,0.18503633443323209,0.0,0.0,3.0,2.0,0.0009195034777606387,,0.8823529411764706,0.8149636655667679,"[""unseen_polygon"", ""interval_not_coverage_certified""]",empirical_oof_not_certified,0.95,source_mixture_affine
AOI-0010,2024-07-15,0.9480685321506296,0.051931467849370666,0.0,0.0,2.0,3.0,0.029137119204490622,,0.8823529411764706,0.9480685321506296,"[""unseen_polygon"", ""interval_not_coverage_certified""]",empirical_oof_not_certified,0.95,source_mixture_affine
AOI-0010,2024-08-12,0.4001382945739481,0.35984644702609137,0.2400152583999605,0.0,3.0,2.0,0.01588824149767698,,0.8823529411764706,0.4001382945739481,"[""unseen_polygon"", ""interval_not_coverage_certified""]",empirical_oof_not_certified,0.95,source_mixture_affine
AOI-0010,2024-09-06,0.7644613371121217,0.23476210775520504,0.0007765551326735506,0.0,8.0,2.0,0.0019130541605757445,,0.8823529411764706,0.7644613371121217,"[""unseen_polygon"", ""interval_not_coverage_certified""]",empirical_oof_not_certified,0.95,source_mixture_affine
AOI-0010,2024-09-28,0.8802400731224241,0.11929943309499585,0.00046049378257992303,0.0,2.0,1.0,0.017199370326941937,,0.9375,0.8802400731224241,"[""unseen_polygon"", ""interval_not_coverage_certified""]",empirical_oof_not_certified,0.95,source_mixture_affine
AOI-0010,2024-10-01,0.8559567821167225,0.14404321788327767,0.0,0.0,2.0,5.0,0.020886611835876395,,0.8823529411764706,0.8559567821167225,"[""unseen_polygon"", ""interval_not_coverage_certified""]",empirical_oof_not_certified,0.95,source_mixture_affine
AOI-0010,2024-10-15,0.20991824931321293,0.22185803356006142,0.5682237171267258,0.0,7.0,11.0,0.02530127283924144,,0.6818181818181818,0.5682237171267258,"[""unseen_polygon"", ""interval_not_coverage_certified""]",empirical_oof_not_certified,0.95,source_mixture_affine
AOI-0010,2024-10-23,0.45542619369750315,0.5191040655322817,0.0254697407702149,0.0,15.0,3.0,0.00379097407231499,,0.8333333333333334,0.5191040655322817,"[""unseen_polygon"", ""interval_not_coverage_certified""]",empirical_oof_not_certified,0.95,source_mixture_affine
AOI-0010,2025-04-16,0.7044280479878736,0.27984302092897784,0.01572893108314832,0.0,2.0,1.0,0.004568392469173482,,0.9375,0.7044280479878736,"[""unseen_polygon"", ""interval_not_coverage_certified""]",empirical_oof_not_certified,0.95,source_mixture_affine
AOI-0010,2025-04-18,0.6920609364653914,0.29185843218174934,0.016080631352859347,0.0,1.0,1.0,0.014296730435731653,,0.9375,0.6920609364653914,"[""unseen_polygon"", ""interval_not_coverage_certified""]",empirical_oof_not_certified,0.95,source_mixture_affine
AOI-0010,2025-05-09,0.165893289433354,0.014161521096902979,0.8199451894697427,0.0,3.0,5.0,0.02267285882925707,,0.8333333333333334,0.8199451894697427,"[""unseen_polygon"", ""interval_not_coverage_certified""]",empirical_oof_not_certified,0.95,source_mixture_affine
AOI-0010,2025-06-05,0.7717296609077416,0.21556414101363408,0.012706198078623766,0.0,1.0,3.0,0.03235035011935816,,0.9375,0.7717296609077416,"[""unseen_polygon"", ""interval_not_coverage_certified""]",empirical_oof_not_certified,0.95,source_mixture_affine
AOI-0010,2025-06-07,0.7670628747530961,0.21761159630704963,0.01532552893985414,0.0,3.0,1.0,0.024066065596588637,,0.9375,0.7670628747530961,"[""unseen_polygon"", ""interval_not_coverage_certified""]",empirical_oof_not_certified,0.95,source_mixture_affine
AOI-0010,2025-06-28,0.6916408514379709,0.30789865477944905,0.00046049378257992303,0.0,2.0,2.0,0.06132316199587563,,0.8823529411764706,0.6916408514379709,"[""unseen_polygon"", ""interval_not_coverage_certified""]",empirical_oof_not_certified,0.95,source_mixture_affine
AOI-0010,2025-07-05,0.6546929519040917,0.3326008500172846,0.012706198078623766,0.0,5.0,3.0,0.06938841392410959,,0.8333333333333334,0.6546929519040917,"[""unseen_polygon"", ""interval_not_coverage_certified""]",empirical_oof_not_certified,0.95,source_mixture_affine
AOI-0010,2025-07-06,0.1563687841053796,0.8436312158946206,0.0,0.0,6.0,2.0,0.07857866453766642,,0.8823529411764706,0.8436312158946206,"[""unseen_polygon"", ""interval_not_coverage_certified""]",empirical_oof_not_certified,0.95,source_mixture_affine
AOI-0010,2025-07-07,0.7069734647896082,0.28032033713176796,0.012706198078623766,0.0,7.0,1.0,0.06431238886650485,,0.9375,0.7069734647896082,"[""unseen_polygon"", ""interval_not_coverage_certified""]",empirical_oof_not_certified,0.95,source_mixture_affine
AOI-0010,2025-07-25,0.8880757610602094,0.09921804086116716,0.012706198078623766,0.0,2.0,3.0,0.0003594772567934307,,0.8823529411764706,0.8880757610602094,"[""unseen_polygon"", ""interval_not_coverage_certified""]",empirical_oof_not_certified,0.95,source_mixture_affine
AOI-0010,2025-07-30,0.8063140137418512,0.17871035067158939,0.0149756355865596,0.0,2.0,3.0,0.036324311715367465,,0.8823529411764706,0.8063140137418512,"[""unseen_polygon"", ""interval_not_coverage_certified""]",empirical_oof_not_certified,0.95,source_mixture_affine
AOI-0010,2025-08-16,0.7008233399794694,0.2809592765309192,0.018217383489611483,0.0,1.0,1.0,0.004819973779410736,,0.9375,0.7008233399794694,"[""unseen_polygon"", ""interval_not_coverage_certified""]",empirical_oof_not_certified,0.95,source_mixture_affine
AOI-0010,2025-08-27,0.9044738964251566,0.08281990549621975,0.012706198078623766,0.0,3.0,2.0,0.012009301003312295,,0.8823529411764706,0.9044738964251566,"[""unseen_polygon"", ""interval_not_coverage_certified""]",empirical_oof_not_certified,0.95,source_mixture_affine
AOI-0010,2025-09-16,0.5057424599237278,0.4781123212893243,0.016145218786947954,0.0,1.0,5.0,0.004203436813306843,,0.9375,0.5057424599237278,"[""unseen_polygon"", ""interval_not_coverage_certified""]",empirical_oof_not_certified,0.95,source_mixture_affine
AOI-0010,2025-09-30,0.046008788324196734,0.08177820559259122,0.8722130060832126,0.0,4.0,2.0,0.024205759508825087,,0.8823529411764706,0.8722130060832126,"[""unseen_polygon"", ""interval_not_coverage_certified""]",empirical_oof_not_certified,0.95,source_mixture_affine
AOI-0010,2025-10-05,0.9595699226553325,0.027628641710564214,0.012801435634103233,0.0,2.0,3.0,0.018866378932066885,,0.8823529411764706,0.9595699226553325,"[""unseen_polygon"", ""interval_not_coverage_certified""]",empirical_oof_not_certified,0.95,source_mixture_affine
AOI-0011,2025-04-07,0.15368057158192258,0.04906546126188994,0.7972539671561872,0.0,6.0,7.0,0.0007308777462963212,,0.7142857142857143,0.7972539671561872,"[""interval_not_coverage_certified""]",empirical_oof_not_certified,0.95,source_mixture_affine
AOI-0011,2025-04-17,0.1362396008233893,0.8185377862529092,0.04522261292370183,0.0,1.0,1.0,0.00026452529964193783,,0.9375,0.8185377862529092,"[""interval_not_coverage_certified""]",empirical_oof_not_certified,0.95,source_mixture_affine
AOI-0011,2025-04-23,0.22315624364707676,0.16742221630414314,0.6094215400487798,0.0,4.0,1.0,0.010721178933422726,,0.9375,0.6094215400487798,"[""interval_not_coverage_certified""]",empirical_oof_not_certified,0.95,source_mixture_affine
AOI-0011,2025-04-28,0.7913452506447177,0.19544972604622257,0.013205023309059333,0.0,4.0,1.0,0.006140016081264799,,0.9375,0.7913452506447177,"[""interval_not_coverage_certified""]",empirical_oof_not_certified,0.95,source_mixture_affine
AOI-0011,2025-05-24,0.9037046234744674,0.0835891784469088,0.012706198078623766,0.0,5.0,1.0,0.006583210305785847,,0.9375,0.9037046234744674,"[""interval_not_coverage_certified""]",empirical_oof_not_certified,0.95,source_mixture_affine
AOI-0011,2025-06-03,0.8383581929806256,0.14893560894075053,0.012706198078623766,0.0,6.0,1.0,0.020829011604879433,,0.9375,0.8383581929806256,"[""interval_not_coverage_certified""]",empirical_oof_not_certified,0.95,source_mixture_affine
AOI-0011,2025-07-12,0.3284214100690216,0.13692662204160974,0.5346519678893686,0.0,2.0,1.0,0.027120315269356293,,0.9375,0.5346519678893686,"[""interval_not_coverage_certified""]",empirical_oof_not_certified,0.95,source_mixture_affine
AOI-0011,2025-08-06,0.5090907041246236,0.4759336602888167,0.0149756355865596,0.0,4.0,1.0,0.017442746449167823,,0.9375,0.5090907041246236,"[""interval_not_coverage_certified""]",empirical_oof_not_certified,0.95,source_mixture_affine
AOI-0011,2025-08-14,0.7069886126476432,0.2780357517657969,0.0149756355865596,0.0,1.0,1.0,0.02405825921314353,,0.9375,0.7069886126476432,"[""interval_not_coverage_certified""]",empirical_oof_not_certified,0.95,source_mixture_affine
AOI-0011,2025-08-19,0.9008632860292788,0.08643051589209762,0.012706198078623766,0.0,2.0,3.0,0.009557950265751541,,0.8823529411764706,0.9008632860292788,"[""interval_not_coverage_certified""]",empirical_oof_not_certified,0.95,source_mixture_affine
AOI-0011,2025-08-27,0.9050992005387234,0.08219460138265296,0.012706198078623766,0.0,3.0,2.0,0.009638934458738202,,0.8823529411764706,0.9050992005387234,"[""interval_not_coverage_certified""]",empirical_oof_not_certified,0.95,source_mixture_affine
AOI-0011,2025-09-30,0.05080617873377311,0.07592743764462781,0.8732663836215994,0.0,4.0,2.0,0.03341146945424189,,0.8823529411764706,0.8732663836215994,"[""interval_not_coverage_certified""]",empirical_oof_not_certified,0.95,source_mixture_affine
AOI-0011,2025-10-03,0.9577260758967978,0.04077300865644614,0.0015009154467560302,0.0,1.0,5.0,0.013496910644229143,,0.9375,0.9577260758967978,"[""interval_not_coverage_certified""]",empirical_oof_not_certified,0.95,source_mixture_affine
AOI-0011,2025-10-05,0.9705472306293496,0.024348018210363122,0.005104751160287107,0.0,3.0,3.0,0.030687801886867316,,0.8333333333333334,0.9705472306293496,"[""interval_not_coverage_certified""]",empirical_oof_not_certified,0.95,source_mixture_affine
AOI-0012,2025-04-01,0.7677930023770564,0.21264008778233895,0.019566909840604715,0.0,,6.0,0.04657588449746941,one_neighbor_plus_seasonal_prior,0.35714285714285715,0.7677930023770564,"[""one_sided_or_no_context"", ""unseen_polygon"", ""interval_not_coverage_certified""]",empirical_oof_not_certified,0.95,source_mixture_affine
AOI-0012,2025-04-28,0.7753036078598119,0.21199019406156427,0.012706198078623766,0.0,4.0,1.0,0.03753218142649034,,0.9375,0.7753036078598119,"[""unseen_polygon"", ""interval_not_coverage_certified""]",empirical_oof_not_certified,0.95,source_mixture_affine
AOI-0012,2025-05-16,0.8883748023900293,0.09891899953134693,0.012706198078623766,0.0,2.0,3.0,0.025627828849499656,,0.8823529411764706,0.8883748023900293,"[""unseen_polygon"", ""interval_not_coverage_certified""]",empirical_oof_not_certified,0.95,source_mixture_affine
AOI-0012,2025-06-03,0.7888951783692992,0.1983986235520768,0.012706198078623766,0.0,7.0,1.0,0.005226119548670749,,0.9375,0.7888951783692992,"[""unseen_polygon"", ""interval_not_coverage_certified""]",empirical_oof_not_certified,0.95,source_mixture_affine
AOI-0012,2025-06-05,0.7758246048499666,0.21146919707140927,0.012706198078623766,0.0,1.0,2.0,0.03640193222534727,,0.9375,0.7758246048499666,"[""unseen_polygon"", ""interval_not_coverage_certified""]",empirical_oof_not_certified,0.95,source_mixture_affine
AOI-0012,2025-06-15,0.9830350776550191,0.016504428562400877,0.00046049378257992303,0.0,5.0,13.0,0.05252024527117624,,0.75,0.9830350776550191,"[""unseen_polygon"", ""interval_not_coverage_certified""]",empirical_oof_not_certified,0.95,source_mixture_affine
AOI-0012,2025-06-26,0.03541847390078917,0.014252091491210532,0.9503294346080001,0.0,16.0,2.0,0.042415303573130364,,0.8823529411764706,0.9503294346080001,"[""unseen_polygon"", ""interval_not_coverage_certified""]",empirical_oof_not_certified,0.95,source_mixture_affine
AOI-0012,2025-07-10,0.915344187756553,0.07194961416482337,0.012706198078623766,0.0,2.0,2.0,0.023008366032923278,,0.8823529411764706,0.915344187756553,"[""unseen_polygon"", ""interval_not_coverage_certified""]",empirical_oof_not_certified,0.95,source_mixture_affine
AOI-0012,2025-07-18,0.901929160220117,0.08536464170125935,0.012706198078623766,0.0,3.0,5.0,0.011810686596912756,,0.8333333333333334,0.901929160220117,"[""unseen_polygon"", ""interval_not_coverage_certified""]",empirical_oof_not_certified,0.95,source_mixture_affine
AOI-0012,2025-07-30,0.7976780031955818,0.18734636121785875,0.0149756355865596,0.0,2.0,3.0,0.015988037407291128,,0.8823529411764706,0.7976780031955818,"[""unseen_polygon"", ""interval_not_coverage_certified""]",empirical_oof_not_certified,0.95,source_mixture_affine
AOI-0013,2010-04-16,0.0038477428917934576,0.9913962999530291,0.004755957155177364,0.0,1.0,7.0,0.020286852809868416,,0.9375,0.9913962999530291,"[""unseen_polygon"", ""interval_not_coverage_certified""]",empirical_oof_not_certified,0.95,source_mixture_affine
AOI-0013,2010-06-10,0.021009712507127243,0.4440473833477012,0.5349429041451718,0.0,8.0,1.0,0.03284661074334824,,0.9375,0.5349429041451718,"[""unseen_polygon"", ""interval_not_coverage_certified""]",empirical_oof_not_certified,0.95,source_mixture_affine
AOI-0013,2010-06-19,0.0016212878928196577,0.9983787121071803,0.0,0.0,8.0,7.0,0.050446136323867075,,0.6818181818181818,0.9983787121071803,"[""unseen_polygon"", ""interval_not_coverage_certified""]",empirical_oof_not_certified,0.95,source_mixture_affine
AOI-0013,2010-10-24,0.002547155437030503,0.9944626541417346,0.0029901904212348528,0.0,8.0,1.0,0.011672020481506881,,0.9375,0.9944626541417346,"[""unseen_polygon"", ""interval_not_coverage_certified""]",empirical_oof_not_certified,0.95,source_mixture_affine
AOI-0013,2011-04-18,0.004842606880258762,0.9951573931197413,0.0,0.0,11.0,1.0,0.03664467072548408,,0.9375,0.9951573931197413,"[""unseen_polygon"", ""interval_not_coverage_certified""]",empirical_oof_not_certified,0.95,source_mixture_affine
AOI-0013,2011-04-26,0.0011199600434888388,0.9988800399565112,0.0,0.0,3.0,8.0,0.027174045446685197,,0.8333333333333334,0.9988800399565112,"[""unseen_polygon"", ""interval_not_coverage_certified""]",empirical_oof_not_certified,0.95,source_mixture_affine
AOI-0013,2012-05-08,0.04824760726398855,0.24406640316632258,0.7076859895696892,0.0,2.0,14.0,0.023535950148634188,,0.8823529411764706,0.7076859895696892,"[""unseen_polygon"", ""interval_not_coverage_certified""]",empirical_oof_not_certified,0.95,source_mixture_affine
AOI-0013,2012-06-23,0.0016212878928196577,0.9983787121071803,0.0,0.0,14.0,2.0,0.0780727262684936,,0.8823529411764706,0.9983787121071803,"[""unseen_polygon"", ""interval_not_coverage_certified""]",empirical_oof_not_certified,0.95,source_mixture_affine
AOI-0013,2012-08-12,0.02127422127090324,0.4132237167145232,0.5655020620145736,0.0,9.0,14.0,0.0046578006578077424,,0.625,0.5655020620145736,"[""unseen_polygon"", ""interval_not_coverage_certified""]",empirical_oof_not_certified,0.95,source_mixture_affine
AOI-0013,2013-04-16,0.0007808622207989752,0.9992191377792011,0.0,0.0,1.0,7.0,0.04298966445273644,,0.9375,0.9992191377792011,"[""unseen_polygon"", ""interval_not_coverage_certified""]",empirical_oof_not_certified,0.95,source_mixture_affine
AOI-0013,2013-04-24,0.0,0.9933388704318936,0.006661129568106312,0.0,1.0,7.0,0.028429779399351512,,0.9375,0.9933388704318936,"[""unseen_polygon"", ""interval_not_coverage_certified""]",empirical_oof_not_certified,0.95,source_mixture_affine
AOI-0013,2013-05-02,0.0011031454515903314,0.9975763488876491,0.001320505660760522,0.0,1.0,23.0,0.08725431564908098,,0.9375,0.9975763488876491,"[""unseen_polygon"", ""interval_not_coverage_certified""]",empirical_oof_not_certified,0.95,source_mixture_affine
AOI-0013,2013-05-09,0.012104263036920294,0.5278094847665398,0.4600862521965398,0.0,8.0,16.0,0.032767587948872634,,0.6521739130434783,0.5278094847665398,"[""unseen_polygon"", ""interval_not_coverage_certified""]",empirical_oof_not_certified,0.95,source_mixture_affine
AOI-0013,2013-06-11,0.0,1.0,0.0,0.0,1.0,8.0,0.08045897042463873,,0.9375,1.0,"[""unseen_polygon"", ""interval_not_coverage_certified""]",empirical_oof_not_certified,0.95,source_mixture_affine
AOI-0013,2013-07-12,0.01245019176922964,0.6521523660340101,0.33539744219676004,0.0,8.0,1.0,0.01806952084775107,,0.9375,0.6521523660340101,"[""unseen_polygon"", ""interval_not_coverage_certified""]",empirical_oof_not_certified,0.95,source_mixture_affine
AOI-0013,2013-07-28,0.019614636980283127,0.6360414078658593,0.34434395515385724,0.0,7.0,1.0,0.02598777838805577,,0.9375,0.6360414078658593,"[""unseen_polygon"", ""interval_not_coverage_certified""]",empirical_oof_not_certified,0.95,source_mixture_affine
AOI-0013,2014-05-29,0.0005167324797574887,0.9994832675202425,0.0,0.0,4.0,7.0,0.04182706371553774,,0.7894736842105263,0.9994832675202425,"[""unseen_polygon"", ""interval_not_coverage_certified""]",empirical_oof_not_certified,0.95,source_mixture_affine
AOI-0013,2014-06-10,0.06064838436006414,0.2185618486090998,0.7207897670308363,0.0,4.0,11.0,0.003488077214822971,,0.7894736842105263,0.7207897670308363,"[""unseen_polygon"", ""interval_not_coverage_certified""]",empirical_oof_not_certified,0.95,source_mixture_affine
AOI-0013,2014-07-28,0.06621101583763242,0.22544041911583068,0.7083485650465371,0.0,4.0,3.0,0.018796385464336374,,0.8333333333333334,0.7083485650465371,"[""unseen_polygon"", ""interval_not_coverage_certified""]",empirical_oof_not_certified,0.95,source_mixture_affine
AOI-0013,2014-08-01,0.009068527610508742,0.9545195139681998,0.03641195842129145,0.0,1.0,8.0,0.01822511122908449,,0.9375,0.9545195139681998,"[""unseen_polygon"", ""interval_not_coverage_certified""]",empirical_oof_not_certified,0.95,source_mixture_affine
AOI-0013,2014-08-08,0.008554907180358784,0.9463880244200692,0.04505706839957199,0.0,8.0,1.0,0.007782645241319386,,0.9375,0.9463880244200692,"[""unseen_polygon"", ""interval_not_coverage_certified""]",empirical_oof_not_certified,0.95,source_mixture_affine
AOI-0013,2014-08-13,0.0762434565727747,0.2168260711231228,0.7069304723041028,0.0,4.0,3.0,0.03232433703520421,,0.8333333333333334,0.7069304723041028,"[""unseen_polygon"", ""interval_not_coverage_certified""]",empirical_oof_not_certified,0.95,source_mixture_affine
AOI-0013,2015-05-09,0.05319715718139082,0.23044423951506612,0.7163586033035432,0.0,9.0,6.0,0.025540375494756573,,0.7142857142857143,0.7163586033035432,"[""unseen_polygon"", ""interval_not_coverage_certified""]",empirical_oof_not_certified,0.95,source_mixture_affine
AOI-0013,2015-05-23,0.0009824676269460206,0.999017532373054,0.0,0.0,8.0,1.0,0.0037548223650907264,,0.9375,0.999017532373054,"[""unseen_polygon"", ""interval_not_coverage_certified""]",empirical_oof_not_certified,0.95,source_mixture_affine
AOI-0013,2015-07-12,0.025883190900681897,0.33658778285140706,0.6375290262479111,0.0,10.0,7.0,0.015101803535881142,,0.6818181818181818,0.6375290262479111,"[""unseen_polygon"", ""interval_not_coverage_certified""]",empirical_oof_not_certified,0.95,source_mixture_affine
AOI-0013,2015-08-20,0.0,1.0,0.0,0.0,7.0,7.0,0.010733791504703605,,0.6818181818181818,1.0,"[""unseen_polygon"", ""interval_not_coverage_certified""]",empirical_oof_not_certified,0.95,source_mixture_affine
AOI-0013,2015-10-07,0.0030526831576101654,0.9929178828086969,0.004029434033692978,0.0,7.0,23.0,0.005799463480889999,,0.6818181818181818,0.9929178828086969,"[""unseen_polygon"", ""interval_not_coverage_certified""]",empirical_oof_not_certified,0.95,source_mixture_affine
AOI-0013,2015-10-16,0.017053350698663313,0.40891265620519657,0.5740339930961401,0.0,16.0,14.0,0.0096506269338128,,0.5172413793103449,0.5740339930961401,"[""unseen_polygon"", ""interval_not_coverage_certified""]",empirical_oof_not_certified,0.95,source_mixture_affine
AOI-0013,2016-05-09,0.0023025191685919146,0.9976974808314081,0.0,0.0,1.0,9.0,0.025797073859639336,,0.9375,0.9976974808314081,"[""unseen_polygon"", ""interval_not_coverage_certified""]",empirical_oof_not_certified,0.95,source_mixture_affine
AOI-0013,2016-05-10,0.0005344813581350013,0.9994655186418651,0.0,0.0,2.0,8.0,0.027328133906298485,,0.8823529411764706,0.9994655186418651,"[""unseen_polygon"", ""interval_not_coverage_certified""]",empirical_oof_not_certified,0.95,source_mixture_affine
AOI-0013,2016-08-12,0.03326395948030271,0.3210799406764103,0.6456560998432874,0.0,6.0,1.0,0.009872508496751586,,0.9375,0.6456560998432874,"[""unseen_polygon"", ""interval_not_coverage_certified""]",empirical_oof_not_certified,0.95,source_mixture_affine
AOI-0013,2016-08-21,0.002393260585355233,0.9976067394146447,0.0,0.0,8.0,1.0,0.005784216996973401,,0.9375,0.9976067394146447,"[""unseen_polygon"", ""interval_not_coverage_certified""]",empirical_oof_not_certified,0.95,source_mixture_affine
AOI-0013,2016-09-13,0.04166576389147234,0.47101691456070044,0.4873173215478272,0.0,6.0,1.0,0.0270965006394584,,0.9375,0.4873173215478272,"[""unseen_polygon"", ""interval_not_coverage_certified""]",empirical_oof_not_certified,0.95,source_mixture_affine
AOI-0013,2016-10-09,0.01183016316703326,0.9855384690030431,0.0026313678299237867,0.0,1.0,6.0,0.015444306743688407,,0.9375,0.9855384690030431,"[""unseen_polygon"", ""interval_not_coverage_certified""]",empirical_oof_not_certified,0.95,source_mixture_affine
AOI-0013,2017-04-11,0.35177837290506014,0.6482216270949398,0.0,0.0,4.0,2.0,0.023195812813555983,,0.8823529411764706,0.6482216270949398,"[""unseen_polygon"", ""interval_not_coverage_certified""]",empirical_oof_not_certified,0.95,source_mixture_affine
AOI-0013,2017-04-28,0.8107074203655781,0.1892925796344221,0.0,0.0,1.0,7.0,0.03401887208430607,,0.9375,0.8107074203655781,"[""unseen_polygon"", ""interval_not_coverage_certified""]",empirical_oof_not_certified,0.95,source_mixture_affine
AOI-0013,2017-05-01,0.9288004109774802,0.06290787339384755,0.008291715628672149,0.0,4.0,4.0,0.026731390208431932,,0.7894736842105263,0.9288004109774802,"[""unseen_polygon"", ""interval_not_coverage_certified""]",empirical_oof_not_certified,0.95,source_mixture_affine
AOI-0013,2017-05-21,0.05217870434488952,0.9478212956551105,0.0,0.0,9.0,4.0,0.025213621368877837,,0.7894736842105263,0.9478212956551105,"[""unseen_polygon"", ""interval_not_coverage_certified""]",empirical_oof_not_certified,0.95,source_mixture_affine
AOI-0013,2017-05-29,0.011508208914663169,0.9884917910853369,0.0,0.0,4.0,7.0,0.020708678115719414,,0.7894736842105263,0.9884917910853369,"[""unseen_polygon"", ""interval_not_coverage_certified""]",empirical_oof_not_certified,0.95,source_mixture_affine
AOI-0013,2017-06-30,0.6617354683157379,0.3382645316842621,0.0,0.0,1.0,2.0,0.038181377723520815,,0.9375,0.6617354683157379,"[""unseen_polygon"", ""interval_not_coverage_certified""]",empirical_oof_not_certified,0.95,source_mixture_affine
AOI-0013,2017-07-27,0.9423362089653123,0.057663791034687654,0.0,0.0,3.0,1.0,0.027607225264998647,,0.9375,0.9423362089653123,"[""unseen_polygon"", ""interval_not_coverage_certified""]",empirical_oof_not_certified,0.95,source_mixture_affine
AOI-0013,2017-08-08,0.17280463618001146,0.8232201990185167,0.003975164801471716,0.0,2.0,1.0,0.0032439990718231004,,0.9375,0.8232201990185167,"[""unseen_polygon"", ""interval_not_coverage_certified""]",empirical_oof_not_certified,0.95,source_mixture_affine
AOI-0013,2017-08-24,0.12451190534371304,0.8754880946562867,0.0,0.0,3.0,1.0,0.003088910568486619,,0.9375,0.8754880946562867,"[""unseen_polygon"", ""interval_not_coverage_certified""]",empirical_oof_not_certified,0.95,source_mixture_affine
AOI-0013,2017-09-13,0.9494706042577153,0.04947095664397077,0.0010584390983140748,0.0,3.0,1.0,0.007118467850227739,,0.9375,0.9494706042577153,"[""unseen_polygon"", ""interval_not_coverage_certified""]",empirical_oof_not_certified,0.95,source_mixture_affine
AOI-0013,2017-09-17,0.319172572288057,0.6718522629104713,0.008975164801471716,0.0,2.0,1.0,0.011476637080630792,,0.9375,0.6718522629104713,"[""unseen_polygon"", ""interval_not_coverage_certified""]",empirical_oof_not_certified,0.95,source_mixture_affine
AOI-0013,2017-09-30,0.40894004890664376,0.07529833202021403,0.5157616190731423,0.0,4.0,4.0,0.0036826194424444125,,0.7894736842105263,0.5157616190731423,"[""unseen_polygon"", ""interval_not_coverage_certified""]",empirical_oof_not_certified,0.95,source_mixture_affine
AOI-0013,2018-05-25,0.08585984052026983,0.24204542493154388,0.672094734548186,0.0,9.0,6.0,0.0406551190788553,,0.7142857142857143,0.672094734548186,"[""unseen_polygon"", ""interval_not_coverage_certified""]",empirical_oof_not_certified,0.95,source_mixture_affine
AOI-0013,2018-06-08,0.07830598181736441,0.9216940181826354,0.0,0.0,6.0,1.0,0.0191648628843486,,0.9375,0.9216940181826354,"[""unseen_polygon"", ""interval_not_coverage_certified""]",empirical_oof_not_certified,0.95,source_mixture_affine
AOI-0013,2018-06-15,0.8831281902010965,0.11687180979890328,0.0,0.0,5.0,5.0,0.04269063337989992,,0.75,0.8831281902010965,"[""unseen_polygon"", ""interval_not_coverage_certified""]",empirical_oof_not_certified,0.95,source_mixture_affine
AOI-0013,2018-07-12,0.10378899567197757,0.31749669350887044,0.5787143108191521,0.0,1.0,6.0,0.009866748403155934,,0.9375,0.5787143108191521,"[""unseen_polygon"", ""interval_not_coverage_certified""]",empirical_oof_not_certified,0.95,source_mixture_affine
AOI-0013,2018-08-13,0.08315793919027817,0.10358096399549967,0.8132610968142221,0.0,9.0,6.0,0.02022631861283175,,0.7142857142857143,0.8132610968142221,"[""unseen_polygon"", ""interval_not_coverage_certified""]",empirical_oof_not_certified,0.95,source_mixture_affine
AOI-0013,2018-08-27,0.04662105785266333,0.9533789421473366,0.0,0.0,7.0,1.0,0.00043240428897761696,,0.9375,0.9533789421473366,"[""unseen_polygon"", ""interval_not_coverage_certified""]",empirical_oof_not_certified,0.95,source_mixture_affine
AOI-0013,2018-09-28,0.4728416410501312,0.510118715717373,0.017039643232495866,0.0,7.0,1.0,0.07419306867859576,,0.9375,0.510118715717373,"[""unseen_polygon"", ""interval_not_coverage_certified""]",empirical_oof_not_certified,0.95,source_mixture_affine
AOI-0013,2018-10-06,0.06672308819878023,0.9332769118012196,0.0,0.0,6.0,1.0,0.011704304541721694,,0.9375,0.9332769118012196,"[""unseen_polygon"", ""interval_not_coverage_certified""]",empirical_oof_not_certified,0.95,source_mixture_affine
AOI-0013,2019-04-01,0.5772107832633642,0.4212656603770208,0.0015235563596147838,0.0,167.0,5.0,0.0014908071999665262,,0.75,0.5772107832633642,"[""unseen_polygon"", ""interval_not_coverage_certified""]",empirical_oof_not_certified,0.95,source_mixture_affine
AOI-0013,2019-05-06,0.9470325525564012,0.05296744744359896,0.0,0.0,4.0,2.0,0.02125921137557346,,0.8823529411764706,0.9470325525564012,"[""unseen_polygon"", ""interval_not_coverage_certified""]",empirical_oof_not_certified,0.95,source_mixture_affine
AOI-0013,2019-06-02,0.8236969923592283,0.1686233602994095,0.007679647341361946,0.0,2.0,2.0,0.0021628990116816516,,0.8823529411764706,0.8236969923592283,"[""unseen_polygon"", ""interval_not_coverage_certified""]",empirical_oof_not_certified,0.95,source_mixture_affine
AOI-0013,2019-06-05,0.7749331228092433,0.22429032205808297,0.0007765551326735506,0.0,1.0,2.0,0.0013420445280464821,,0.9375,0.7749331228092433,"[""unseen_polygon"", ""interval_not_coverage_certified""]",empirical_oof_not_certified,0.95,source_mixture_affine
AOI-0013,2019-06-12,0.6757582004324537,0.32424179956754634,0.0,0.0,1.0,3.0,0.005775159709050931,,0.9375,0.6757582004324537,"[""unseen_polygon"", ""interval_not_coverage_certified""]",empirical_oof_not_certified,0.95,source_mixture_affine
AOI-0013,2019-06-25,0.950210286330114,0.04978971366988616,0.0,0.0,5.0,1.0,0.038733980186088535,,0.9375,0.950210286330114,"[""unseen_polygon"", ""interval_not_coverage_certified""]",empirical_oof_not_certified,0.95,source_mixture_affine
AOI-0013,2019-07-17,0.9473967919871785,0.052603208012821645,0.0,0.0,3.0,3.0,0.04703636998359184,,0.8333333333333334,0.9473967919871785,"[""unseen_polygon"", ""interval_not_coverage_certified""]",empirical_oof_not_certified,0.95,source_mixture_affine
AOI-0013,2019-07-28,0.25434362904598146,0.1519547511643628,0.5937016197896556,0.0,6.0,1.0,0.005269675838526777,,0.9375,0.5937016197896556,"[""unseen_polygon"", ""interval_not_coverage_certified""]",empirical_oof_not_certified,0.95,source_mixture_affine
AOI-0013,2019-08-24,0.6625292387723618,0.3290466926732485,0.008424068554389607,0.0,1.0,2.0,0.009146807648250377,,0.9375,0.6625292387723618,"[""unseen_polygon"", ""interval_not_coverage_certified""]",empirical_oof_not_certified,0.95,source_mixture_affine
AOI-0013,2019-08-31,0.8513057851173954,0.1486942148826048,0.0,0.0,1.0,3.0,0.025248127561531775,,0.9375,0.8513057851173954,"[""unseen_polygon"", ""interval_not_coverage_certified""]",empirical_oof_not_certified,0.95,source_mixture_affine
AOI-0013,2019-09-08,0.05950802062674747,0.9404919793732524,0.0,0.0,5.0,2.0,0.022589643261549386,,0.8823529411764706,0.9404919793732524,"[""unseen_polygon"", ""interval_not_coverage_certified""]",empirical_oof_not_certified,0.95,source_mixture_affine
AOI-0013,2019-09-13,0.9361445447976553,0.06237159717146448,0.001483858030880289,0.0,3.0,1.0,0.021581245012130545,,0.9375,0.9361445447976553,"[""unseen_polygon"", ""interval_not_coverage_certified""]",empirical_oof_not_certified,0.95,source_mixture_affine
AOI-0013,2019-10-02,0.444023610155134,0.5539969069122568,0.001979482932609227,0.0,2.0,7.0,0.023803292077831828,,0.8823529411764706,0.5539969069122568,"[""unseen_polygon"", ""interval_not_coverage_certified""]",empirical_oof_not_certified,0.95,source_mixture_affine
AOI-0013,2019-10-10,0.7903280059091665,0.20610454139542914,0.003567452695404223,0.0,1.0,3.0,0.05136785295251045,,0.9375,0.7903280059091665,"[""unseen_polygon"", ""interval_not_coverage_certified""]",empirical_oof_not_certified,0.95,source_mixture_affine
AOI-0013,2019-10-17,0.06604579037946841,0.9339542096205316,0.0,0.0,1.0,3.0,0.04273592992954961,,0.9375,0.9339542096205316,"[""unseen_polygon"", ""interval_not_coverage_certified""]",empirical_oof_not_certified,0.95,source_mixture_affine
AOI-0013,2020-04-22,0.5575076591471375,0.07977460001964742,0.36271774083321534,0.0,4.0,3.0,0.01628083787119,,0.8333333333333334,0.5575076591471375,"[""unseen_polygon"", ""interval_not_coverage_certified""]",empirical_oof_not_certified,0.95,source_mixture_affine
AOI-0013,2020-05-12,0.8419072121415623,0.15763229407585783,0.00046049378257992303,0.0,2.0,1.0,0.019789680472217408,,0.9375,0.8419072121415623,"[""unseen_polygon"", ""interval_not_coverage_certified""]",empirical_oof_not_certified,0.95,source_mixture_affine
AOI-0013,2020-06-24,0.7163134040788605,0.2795941030481592,0.004092492872980678,0.0,13.0,1.0,0.011651457762615725,,0.9375,0.7163134040788605,"[""unseen_polygon"", ""interval_not_coverage_certified""]",empirical_oof_not_certified,0.95,source_mixture_affine
AOI-0013,2020-06-26,0.9420897881097448,0.05791021189025538,0.0,0.0,1.0,3.0,0.02245157110877599,,0.9375,0.9420897881097448,"[""unseen_polygon"", ""interval_not_coverage_certified""]",empirical_oof_not_certified,0.95,source_mixture_affine
AOI-0013,2020-08-12,0.2930986526718717,0.09690799641475319,0.6099933509133753,0.0,2.0,1.0,0.0685891803790648,,0.9375,0.6099933509133753,"[""unseen_polygon"", ""interval_not_coverage_certified""]",empirical_oof_not_certified,0.95,source_mixture_affine
AOI-0013,2020-08-15,0.8947675415910196,0.09991154426468438,0.005320914144296327,0.0,2.0,3.0,0.047364904998235674,,0.8823529411764706,0.8947675415910196,"[""unseen_polygon"", ""interval_not_coverage_certified""]",empirical_oof_not_certified,0.95,source_mixture_affine
AOI-0013,2020-08-16,0.4756287139859573,0.5243712860140427,0.0,0.0,3.0,2.0,0.07705722802990003,,0.8823529411764706,0.5243712860140427,"[""unseen_polygon"", ""interval_not_coverage_certified""]",empirical_oof_not_certified,0.95,source_mixture_affine
AOI-0013,2020-08-20,0.9200497086418546,0.06882634824438542,0.011123943113759867,0.0,2.0,3.0,0.04365367754425578,,0.8823529411764706,0.9200497086418546,"[""unseen_polygon"", ""interval_not_coverage_certified""]",empirical_oof_not_certified,0.95,source_mixture_affine
AOI-0013,2020-10-27,0.8482042872041652,0.14656024053468997,0.005235472261144736,0.0,7.0,157.0,0.05301979579238347,,0.6818181818181818,0.8482042872041652,"[""unseen_polygon"", ""interval_not_coverage_certified""]",empirical_oof_not_certified,0.95,source_mixture_affine
AOI-0013,2021-04-23,0.20781804225117878,0.2245245714296464,0.5676573863191747,0.0,1.0,6.0,0.017702193255975662,,0.9375,0.5676573863191747,"[""unseen_polygon"", ""interval_not_coverage_certified""]",empirical_oof_not_certified,0.95,source_mixture_affine
AOI-0013,2021-06-10,0.16601563075483783,0.2400769749332726,0.5939073943118895,0.0,1.0,4.0,0.020725151550202825,,0.9375,0.5939073943118895,"[""unseen_polygon"", ""interval_not_coverage_certified""]",empirical_oof_not_certified,0.95,source_mixture_affine
AOI-0013,2021-06-11,0.9353803933260629,0.05578493812015146,0.008834668553785592,0.0,2.0,3.0,0.001092568938866223,,0.8823529411764706,0.9353803933260629,"[""unseen_polygon"", ""interval_not_coverage_certified""]",empirical_oof_not_certified,0.95,source_mixture_affine
AOI-0013,2021-06-21,0.9715248650023796,0.02847513499762032,0.0,0.0,2.0,5.0,0.02841589140443118,,0.8823529411764706,0.9715248650023796,"[""unseen_polygon"", ""interval_not_coverage_certified""]",empirical_oof_not_certified,0.95,source_mixture_affine
AOI-0013,2021-07-12,0.20056469702647348,0.1978348115735718,0.6016004913999548,0.0,1.0,4.0,0.017316779167064478,,0.9375,0.6016004913999548,"[""unseen_polygon"", ""interval_not_coverage_certified""]",empirical_oof_not_certified,0.95,source_mixture_affine
AOI-0013,2021-07-14,0.9376783893483517,0.05678101744088969,0.005540593210758869,0.0,3.0,2.0,0.025245282431829164,,0.8823529411764706,0.9376783893483517,"[""unseen_polygon"", ""interval_not_coverage_certified""]",empirical_oof_not_certified,0.95,source_mixture_affine
AOI-0013,2021-08-20,0.8542708148214093,0.14572918517859082,0.0,0.0,1.0,3.0,0.01655225422910192,,0.9375,0.8542708148214093,"[""unseen_polygon"", ""interval_not_coverage_certified""]",empirical_oof_not_certified,0.95,source_mixture_affine
AOI-0013,2021-10-14,0.844070437905666,0.15069408983318944,0.005235472261144736,0.0,7.0,8.0,0.009129735879922052,,0.6818181818181818,0.844070437905666,"[""unseen_polygon"", ""interval_not_coverage_certified""]",empirical_oof_not_certified,0.95,source_mixture_affine
AOI-0013,2021-10-16,0.29331922899136664,0.2417873139632668,0.46489345704536683,0.0,9.0,6.0,0.03240662159701735,,0.7142857142857143,0.46489345704536683,"[""unseen_polygon"", ""interval_not_coverage_certified""]",empirical_oof_not_certified,0.95,source_mixture_affine
AOI-0013,2022-04-02,0.699119913682716,0.3001061092239093,0.000773977093374461,0.0,154.0,5.0,0.05849502214256691,,0.75,0.699119913682716,"[""unseen_polygon"", ""interval_not_coverage_certified""]",empirical_oof_not_certified,0.95,source_mixture_affine
AOI-0013,2022-04-17,0.2830498823328296,0.7161761405737963,0.000773977093374461,0.0,7.0,6.0,0.09027160065672196,,0.7142857142857143,0.7161761405737963,"[""unseen_polygon"", ""interval_not_coverage_certified""]",empirical_oof_not_certified,0.95,source_mixture_affine
AOI-0013,2022-04-24,0.11355518793563484,0.8825079886680166,0.00393682339634836,0.0,1.0,3.0,0.0523223036139866,,0.9375,0.8825079886680166,"[""unseen_polygon"", ""interval_not_coverage_certified""]",empirical_oof_not_certified,0.95,source_mixture_affine
AOI-0013,2022-04-25,0.7319608559967438,0.26605687488495056,0.0019822691183058513,0.0,2.0,2.0,0.05893397212466933,,0.8823529411764706,0.7319608559967438,"[""unseen_polygon"", ""interval_not_coverage_certified""]",empirical_oof_not_certified,0.95,source_mixture_affine
AOI-0013,2022-06-10,0.17107159756430956,0.33239877731547873,0.4965296251202117,0.0,1.0,1.0,0.043752327751386266,,0.9375,0.4965296251202117,"[""unseen_polygon"", ""interval_not_coverage_certified""]",empirical_oof_not_certified,0.95,source_mixture_affine
AOI-0013,2022-06-16,0.8038316406681442,0.09527228670306374,0.10089607262879227,0.0,4.0,3.0,0.0006734100340109461,,0.8333333333333334,0.8038316406681442,"[""unseen_polygon"", ""interval_not_coverage_certified""]",empirical_oof_not_certified,0.95,source_mixture_affine
AOI-0013,2022-06-26,0.22173455204356154,0.10739754264560608,0.6708679053108323,0.0,2.0,3.0,0.05555943593430154,,0.8823529411764706,0.6708679053108323,"[""unseen_polygon"", ""interval_not_coverage_certified""]",empirical_oof_not_certified,0.95,source_mixture_affine
AOI-0013,2022-07-05,0.15171875404717647,0.8342553211322801,0.014025924820543594,0.0,1.0,1.0,0.026298881113068773,,0.9375,0.8342553211322801,"[""unseen_polygon"", ""interval_not_coverage_certified""]",empirical_oof_not_certified,0.95,source_mixture_affine
AOI-0013,2022-07-17,0.4473052916874738,0.5526947083125262,0.0,0.0,3.0,2.0,0.015412141202670093,,0.8823529411764706,0.5526947083125262,"[""unseen_polygon"", ""interval_not_coverage_certified""]",empirical_oof_not_certified,0.95,source_mixture_affine
AOI-0013,2022-07-22,0.14789796669364155,0.8521020333063584,0.0,0.0,3.0,2.0,0.008884080774423264,,0.8823529411764706,0.8521020333063584,"[""unseen_polygon"", ""interval_not_coverage_certified""]",empirical_oof_not_certified,0.95,source_mixture_affine
AOI-0013,2022-08-14,0.07950683823678689,0.9204931617632129,0.0,0.0,1.0,1.0,0.016734127522019082,,0.9375,0.9204931617632129,"[""unseen_polygon"", ""interval_not_coverage_certified""]",empirical_oof_not_certified,0.95,source_mixture_affine
AOI-0013,2022-09-14,0.33609041639266024,0.07488986633986763,0.589019717267472,0.0,5.0,2.0,0.009264922209694132,,0.8823529411764706,0.589019717267472,"[""unseen_polygon"", ""interval_not_coverage_certified""]",empirical_oof_not_certified,0.95,source_mixture_affine
AOI-0013,2022-10-07,0.9705733993223317,0.02942660067766814,0.0,0.0,6.0,5.0,0.0050950715816278636,,0.75,0.9705733993223317,"[""unseen_polygon"", ""interval_not_coverage_certified""]",empirical_oof_not_certified,0.95,source_mixture_affine
AOI-0013,2022-10-14,0.9214213850563372,0.06648312170216467,0.012095493241497937,0.0,2.0,3.0,0.015599119261325123,,0.8823529411764706,0.9214213850563372,"[""unseen_polygon"", ""interval_not_coverage_certified""]",empirical_oof_not_certified,0.95,source_mixture_affine
AOI-0013,2023-04-10,0.7441539773224638,0.25470503367606395,0.001140989001472244,0.0,3.0,7.0,0.048240592488373146,,0.8333333333333334,0.7441539773224638,"[""unseen_polygon"", ""interval_not_coverage_certified""]",empirical_oof_not_certified,0.95,source_mixture_affine
AOI-0013,2023-06-21,0.532468185958023,0.4597077659682517,0.00782404807372516,0.0,2.0,1.0,0.014321591185295912,,0.9375,0.532468185958023,"[""unseen_polygon"", ""interval_not_coverage_certified""]",empirical_oof_not_certified,0.95,source_mixture_affine
AOI-0013,2023-06-29,0.8953474566750593,0.10465254332494038,0.0,0.0,3.0,5.0,0.03700199972216561,,0.8333333333333334,0.8953474566750593,"[""unseen_polygon"", ""interval_not_coverage_certified""]",empirical_oof_not_certified,0.95,source_mixture_affine
AOI-0013,2023-07-06,0.938213453418502,0.06178654658149819,0.0,0.0,1.0,3.0,0.0002595730819928699,,0.9375,0.938213453418502,"[""unseen_polygon"", ""interval_not_coverage_certified""]",empirical_oof_not_certified,0.95,source_mixture_affine
AOI-0013,2023-07-12,0.16258688686611186,0.12567974054692876,0.7117333725869589,0.0,3.0,2.0,0.02232315652720604,,0.8823529411764706,0.7117333725869589,"[""unseen_polygon"", ""interval_not_coverage_certified""]",empirical_oof_not_certified,0.95,source_mixture_affine
AOI-0013,2023-07-24,0.7042446644497214,0.29178017074880686,0.003975164801471716,0.0,3.0,1.0,0.02267619174571628,,0.9375,0.7042446644497214,"[""unseen_polygon"", ""interval_not_coverage_certified""]",empirical_oof_not_certified,0.95,source_mixture_affine
AOI-0013,2023-08-05,0.924540454154956,0.0710716141323542,0.004387931712689796,0.0,3.0,1.0,0.011191711948208949,,0.9375,0.924540454154956,"[""unseen_polygon"", ""interval_not_coverage_certified""]",empirical_oof_not_certified,0.95,source_mixture_affine
AOI-0013,2023-08-20,0.9547853778291433,0.04521462217085668,0.0,0.0,2.0,5.0,0.010009968445759854,,0.8823529411764706,0.9547853778291433,"[""unseen_polygon"", ""interval_not_coverage_certified""]",empirical_oof_not_certified,0.95,source_mixture_affine
AOI-0013,2023-08-23,0.7820257737685741,0.2171976710987522,0.0007765551326735506,0.0,5.0,2.0,0.006279648004236749,,0.8823529411764706,0.7820257737685741,"[""unseen_polygon"", ""interval_not_coverage_certified""]",empirical_oof_not_certified,0.95,source_mixture_affine
AOI-0013,2023-08-26,0.20513866027221733,0.7908861749263109,0.003975164801471716,0.0,1.0,2.0,0.0028229764846013916,,0.9375,0.7908861749263109,"[""unseen_polygon"", ""interval_not_coverage_certified""]",empirical_oof_not_certified,0.95,source_mixture_affine
AOI-0013,2023-09-11,0.25791479269204387,0.7391519967081621,0.0029332105997938855,0.0,4.0,1.0,0.014725042162978874,,0.9375,0.7391519967081621,"[""unseen_polygon"", ""interval_not_coverage_certified""]",empirical_oof_not_certified,0.95,source_mixture_affine
AOI-0013,2023-09-14,0.4787171338026915,0.10698152868020185,0.4143013375171068,0.0,2.0,3.0,0.01870711288396909,,0.8823529411764706,0.4787171338026915,"[""unseen_polygon"", ""interval_not_coverage_certified""]",empirical_oof_not_certified,0.95,source_mixture_affine
AOI-0013,2023-09-24,0.695470185956626,0.2962721274509758,0.008257686592398106,0.0,2.0,2.0,0.004902783357251028,,0.8823529411764706,0.695470185956626,"[""unseen_polygon"", ""interval_not_coverage_certified""]",empirical_oof_not_certified,0.95,source_mixture_affine
AOI-0013,2023-10-05,0.12945761441726644,0.8610619768054044,0.009480408777328933,0.0,1.0,2.0,0.018535027347278077,,0.9375,0.8610619768054044,"[""unseen_polygon"", ""interval_not_coverage_certified""]",empirical_oof_not_certified,0.95,source_mixture_affine
AOI-0013,2023-10-14,0.8947503286628397,0.10524967133716029,0.0,0.0,2.0,2.0,0.05172887506776663,,0.8823529411764706,0.8947503286628397,"[""unseen_polygon"", ""interval_not_coverage_certified""]",empirical_oof_not_certified,0.95,source_mixture_affine
AOI-0013,2023-10-17,0.8882183624016097,0.09827525266240798,0.01350638493598242,0.0,1.0,3.0,0.016286511676793403,,0.9375,0.8882183624016097,"[""unseen_polygon"", ""interval_not_coverage_certified""]",empirical_oof_not_certified,0.95,source_mixture_affine
AOI-0013,2023-10-19,0.8288956089534936,0.17032783591383274,0.0007765551326735506,0.0,3.0,1.0,0.019903025863908574,,0.9375,0.8288956089534936,"[""unseen_polygon"", ""interval_not_coverage_certified""]",empirical_oof_not_certified,0.95,source_mixture_affine
AOI-0013,2024-04-26,0.8533320144791583,0.14666798552084168,0.0,0.0,4.0,10.0,0.026809300348006215,,0.7894736842105263,0.8533320144791583,"[""unseen_polygon"", ""interval_not_coverage_certified""]",empirical_oof_not_certified,0.95,source_mixture_affine
AOI-0013,2024-05-04,0.9605071794420639,0.03903232677535639,0.00046049378257992303,0.0,12.0,2.0,0.016532980676974174,,0.8823529411764706,0.9605071794420639,"[""unseen_polygon"", ""interval_not_coverage_certified""]",empirical_oof_not_certified,0.95,source_mixture_affine
AOI-0013,2024-05-23,0.4142945381525102,0.5795644728460175,0.006140989001472244,0.0,2.0,8.0,0.00216565963426929,,0.8823529411764706,0.5795644728460175,"[""unseen_polygon"", ""interval_not_coverage_certified""]",empirical_oof_not_certified,0.95,source_mixture_affine
AOI-0013,2024-05-24,0.546052063259024,0.23363779202124557,0.22031014471973012,0.0,3.0,7.0,0.015316637874721706,,0.8333333333333334,0.546052063259024,"[""unseen_polygon"", ""interval_not_coverage_certified""]",empirical_oof_not_certified,0.95,source_mixture_affine
AOI-0013,2024-06-30,0.9614181279431314,0.03858187205686867,0.0,0.0,5.0,3.0,0.008470484987822269,,0.8333333333333334,0.9614181279431314,"[""unseen_polygon"", ""interval_not_coverage_certified""]",empirical_oof_not_certified,0.95,source_mixture_affine
AOI-0013,2024-07-02,0.46501979745247873,0.5310050377460496,0.003975164801471716,0.0,7.0,1.0,0.027458928084839462,,0.9375,0.5310050377460496,"[""unseen_polygon"", ""interval_not_coverage_certified""]",empirical_oof_not_certified,0.95,source_mixture_affine
AOI-0013,2024-07-11,0.20804726553540057,0.1737792458511632,0.618173488613436,0.0,1.0,2.0,0.018807558102468647,,0.9375,0.618173488613436,"[""unseen_polygon"", ""interval_not_coverage_certified""]",empirical_oof_not_certified,0.95,source_mixture_affine
AOI-0013,2024-07-26,0.44745028304914053,0.5308152138027723,0.02173450314808734,0.0,6.0,4.0,0.0483918053229099,,0.7894736842105263,0.5308152138027723,"[""unseen_polygon"", ""interval_not_coverage_certified""]",empirical_oof_not_certified,0.95,source_mixture_affine
AOI-0013,2024-07-27,0.32965473741815465,0.47664025131575727,0.1937050112660882,0.0,7.0,3.0,0.06289572483608433,,0.8333333333333334,0.47664025131575727,"[""unseen_polygon"", ""interval_not_coverage_certified""]",empirical_oof_not_certified,0.95,source_mixture_affine
AOI-0013,2024-08-09,0.9059548360499204,0.08995267107709878,0.004092492872980678,0.0,5.0,3.0,0.050689462270405716,,0.8333333333333334,0.9059548360499204,"[""unseen_polygon"", ""interval_not_coverage_certified""]",empirical_oof_not_certified,0.95,source_mixture_affine
AOI-0013,2024-08-11,0.35113211878104666,0.6403554487025542,0.008512432516399222,0.0,7.0,1.0,0.00430545085208367,,0.9375,0.6403554487025542,"[""unseen_polygon"", ""interval_not_coverage_certified""]",empirical_oof_not_certified,0.95,source_mixture_affine
AOI-0013,2024-09-03,0.6035917457579283,0.39640825424207177,0.0,0.0,2.0,5.0,0.029587527879790076,,0.8823529411764706,0.6035917457579283,"[""unseen_polygon"", ""interval_not_coverage_certified""]",empirical_oof_not_certified,0.95,source_mixture_affine
AOI-0013,2024-09-06,0.7809704073414189,0.21825303752590777,0.0007765551326735506,0.0,5.0,2.0,0.028696389841150693,,0.8823529411764706,0.7809704073414189,"[""unseen_polygon"", ""interval_not_coverage_certified""]",empirical_oof_not_certified,0.95,source_mixture_affine
AOI-0013,2024-09-26,0.9651335475345157,0.03239565282487341,0.0024707996406109615,0.0,3.0,2.0,0.030129664638955,,0.8823529411764706,0.9651335475345157,"[""unseen_polygon"", ""interval_not_coverage_certified""]",empirical_oof_not_certified,0.95,source_mixture_affine
AOI-0013,2024-10-08,0.8166186758540931,0.18338132414590708,0.0,0.0,1.0,3.0,0.09774542986348672,,0.9375,0.8166186758540931,"[""unseen_polygon"", ""interval_not_coverage_certified""]",empirical_oof_not_certified,0.95,source_mixture_affine
AOI-0013,2025-04-01,0.8169854725211555,0.16726491479891073,0.015749612679934064,0.0,153.0,6.0,0.010230545074397024,,0.7142857142857143,0.8169854725211555,"[""unseen_polygon"", ""interval_not_coverage_certified""]",empirical_oof_not_certified,0.95,source_mixture_affine
AOI-0013,2025-04-28,0.8882958201351319,0.09748364669131376,0.014220533173554395,0.0,4.0,3.0,0.03853758186800377,,0.8333333333333334,0.8882958201351319,"[""unseen_polygon"", ""interval_not_coverage_certified""]",empirical_oof_not_certified,0.95,source_mixture_affine
AOI-0013,2025-05-16,0.8877531639558838,0.09954063796549237,0.012706198078623766,0.0,7.0,9.0,0.033150039785022956,,0.6818181818181818,0.8877531639558838,"[""unseen_polygon"", ""interval_not_coverage_certified""]",empirical_oof_not_certified,0.95,source_mixture_affine
AOI-0013,2025-05-19,0.8096960256866348,0.18932698451262275,0.0009769898007422624,0.0,10.0,6.0,0.04576346960213462,,0.7142857142857143,0.8096960256866348,"[""unseen_polygon"", ""interval_not_coverage_certified""]",empirical_oof_not_certified,0.95,source_mixture_affine
AOI-0013,2025-05-24,0.9038313675597263,0.08346243436164989,0.012706198078623766,0.0,15.0,1.0,0.04133797248285964,,0.9375,0.9038313675597263,"[""unseen_polygon"", ""interval_not_coverage_certified""]",empirical_oof_not_certified,0.95,source_mixture_affine
AOI-0013,2025-07-07,0.8250989884500228,0.1599253759634175,0.0149756355865596,0.0,1.0,3.0,0.006220489033725463,,0.9375,0.8250989884500228,"[""unseen_polygon"", ""interval_not_coverage_certified""]",empirical_oof_not_certified,0.95,source_mixture_affine
AOI-0013,2025-07-08,0.7365368931533535,0.24848747126008677,0.0149756355865596,0.0,2.0,2.0,0.006582232581339886,,0.8823529411764706,0.7365368931533535,"[""unseen_polygon"", ""interval_not_coverage_certified""]",empirical_oof_not_certified,0.95,source_mixture_affine
AOI-0013,2025-07-14,0.3867815639875769,0.6122019967618005,0.0010164392506226854,0.0,1.0,1.0,0.011095548098963237,,0.9375,0.6122019967618005,"[""unseen_polygon"", ""interval_not_coverage_certified""]",empirical_oof_not_certified,0.95,source_mixture_affine
AOI-0013,2025-07-21,0.10029699335911721,0.8997030066408829,0.0,0.0,3.0,2.0,0.018104659234567333,,0.8823529411764706,0.8997030066408829,"[""unseen_polygon"", ""interval_not_coverage_certified""]",empirical_oof_not_certified,0.95,source_mixture_affine
AOI-0013,2025-07-27,0.8294569633302075,0.1655230407739086,0.005019995895884045,0.0,2.0,1.0,0.018204692346772522,,0.9375,0.8294569633302075,"[""unseen_polygon"", ""interval_not_coverage_certified""]",empirical_oof_not_certified,0.95,source_mixture_affine
AOI-0013,2025-08-15,0.0859658704703798,0.9101283599659742,0.0039057695636457914,0.0,1.0,1.0,0.021818394212348158,,0.9375,0.9101283599659742,"[""unseen_polygon"", ""interval_not_coverage_certified""]",empirical_oof_not_certified,0.95,source_mixture_affine
AOI-0013,2025-09-03,0.9767844838425296,0.023215516157470643,0.0,0.0,2.0,2.0,0.052176071013394054,,0.8823529411764706,0.9767844838425296,"[""unseen_polygon"", ""interval_not_coverage_certified""]",empirical_oof_not_certified,0.95,source_mixture_affine
AOI-0013,2025-09-07,0.07435780664698984,0.9256421933530102,0.0,0.0,2.0,1.0,0.0029420476862847544,,0.9375,0.9256421933530102,"[""unseen_polygon"", ""interval_not_coverage_certified""]",empirical_oof_not_certified,0.95,source_mixture_affine
AOI-0014,2010-04-07,0.015061514723195361,0.42693516625659295,0.5580033190202118,0.0,,8.0,0.015384755813922651,one_neighbor_plus_seasonal_prior,0.32608695652173914,0.5580033190202118,"[""one_sided_or_no_context"", ""unseen_polygon"", ""interval_not_coverage_certified""]",empirical_oof_not_certified,0.95,source_mixture_affine
AOI-0014,2010-04-24,0.0017598444716923466,0.9967922749054702,0.0014478806228373704,0.0,1.0,7.0,0.03525903614085246,,0.9375,0.9967922749054702,"[""unseen_polygon"", ""interval_not_coverage_certified""]",empirical_oof_not_certified,0.95,source_mixture_affine
AOI-0014,2010-06-10,0.021007566942491174,0.44965853266043515,0.5293339003970738,0.0,8.0,1.0,0.023716285813369264,,0.9375,0.5293339003970738,"[""unseen_polygon"", ""interval_not_coverage_certified""]",empirical_oof_not_certified,0.95,source_mixture_affine
AOI-0014,2010-09-23,0.0006047292634678199,0.9993952707365321,0.0,0.0,9.0,7.0,0.052883862971747186,,0.6818181818181818,0.9993952707365321,"[""unseen_polygon"", ""interval_not_coverage_certified""]",empirical_oof_not_certified,0.95,source_mixture_affine
AOI-0014,2011-04-19,0.0007808622207989752,0.9992191377792011,0.0,0.0,1.0,4.0,0.03977345643337324,,0.9375,0.9992191377792011,"[""unseen_polygon"", ""interval_not_coverage_certified""]",empirical_oof_not_certified,0.95,source_mixture_affine
AOI-0014,2011-04-26,0.0005167324797574887,0.9994832675202425,0.0,0.0,3.0,8.0,0.059496566185194194,,0.8333333333333334,0.9994832675202425,"[""unseen_polygon"", ""interval_not_coverage_certified""]",empirical_oof_not_certified,0.95,source_mixture_affine
AOI-0014,2011-05-09,0.038769625237329464,0.11048863858704916,0.8507417361756217,0.0,5.0,12.0,0.012059080980538095,,0.75,0.8507417361756217,"[""unseen_polygon"", ""interval_not_coverage_certified""]",empirical_oof_not_certified,0.95,source_mixture_affine
AOI-0014,2011-05-28,0.0,1.0,0.0,0.0,3.0,8.0,0.0008608618039859239,,0.8333333333333334,1.0,"[""unseen_polygon"", ""interval_not_coverage_certified""]",empirical_oof_not_certified,0.95,source_mixture_affine
AOI-0014,2011-06-14,0.006341948836587974,0.9936580511634121,0.0,0.0,4.0,8.0,0.00815080035909016,,0.7894736842105263,0.9936580511634121,"[""unseen_polygon"", ""interval_not_coverage_certified""]",empirical_oof_not_certified,0.95,source_mixture_affine
AOI-0014,2011-08-01,0.001565395222726214,0.9984346047772737,0.0,0.0,1.0,7.0,0.00365859512812286,,0.9375,0.9984346047772737,"[""unseen_polygon"", ""interval_not_coverage_certified""]",empirical_oof_not_certified,0.95,source_mixture_affine
AOI-0014,2011-09-14,0.04734086104396568,0.10627150104531335,0.8463876379107215,0.0,4.0,4.0,0.03398649460280424,,0.7894736842105263,0.8463876379107215,"[""unseen_polygon"", ""interval_not_coverage_certified""]",empirical_oof_not_certified,0.95,source_mixture_affine
AOI-0014,2011-09-17,0.0011643989943403653,0.9938356010056597,0.005,0.0,7.0,1.0,0.011559264115679327,,0.9375,0.9938356010056597,"[""unseen_polygon"", ""interval_not_coverage_certified""]",empirical_oof_not_certified,0.95,source_mixture_affine
AOI-0014,2011-10-27,0.0015536575640825842,0.9944169084022243,0.004029434033692978,0.0,11.0,160.0,0.06741906993345498,,0.5769230769230769,0.9944169084022243,"[""unseen_polygon"", ""interval_not_coverage_certified""]",empirical_oof_not_certified,0.95,source_mixture_affine
AOI-0014,2012-05-06,0.0023670708955223886,0.9976329291044777,0.0,0.0,7.0,2.0,0.00014075824407289161,,0.8823529411764706,0.9976329291044777,"[""unseen_polygon"", ""interval_not_coverage_certified""]",empirical_oof_not_certified,0.95,source_mixture_affine
AOI-0014,2012-06-25,0.022989123550871,0.22156577880252087,0.7554450976466088,0.0,2.0,14.0,0.045699577913668604,,0.8823529411764706,0.7554450976466088,"[""unseen_polygon"", ""interval_not_coverage_certified""]",empirical_oof_not_certified,0.95,source_mixture_affine
AOI-0014,2012-08-28,0.015251066900367895,0.5573338883682483,0.42741504473138375,0.0,2.0,16.0,0.009445859346255026,,0.8823529411764706,0.5573338883682483,"[""unseen_polygon"", ""interval_not_coverage_certified""]",empirical_oof_not_certified,0.95,source_mixture_affine
AOI-0014,2012-09-04,0.0005865921787709497,0.9994134078212291,0.0,0.0,9.0,9.0,0.009587825678397388,,0.625,0.9994134078212291,"[""unseen_polygon"", ""interval_not_coverage_certified""]",empirical_oof_not_certified,0.95,source_mixture_affine
AOI-0014,2012-09-11,0.0013877814890636783,0.9986122185109363,0.0,0.0,16.0,2.0,0.0062022657885618115,,0.8823529411764706,0.9986122185109363,"[""unseen_polygon"", ""interval_not_coverage_certified""]",empirical_oof_not_certified,0.95,source_mixture_affine
AOI-0014,2012-09-27,0.002229030535814061,0.997770969464186,0.0,0.0,7.0,2.0,0.014621044471105682,,0.8823529411764706,0.997770969464186,"[""unseen_polygon"", ""interval_not_coverage_certified""]",empirical_oof_not_certified,0.95,source_mixture_affine
AOI-0014,2013-05-09,0.012700251970595681,0.5208297794422713,0.46646996858713297,0.0,7.0,16.0,0.019205969896023356,,0.6818181818181818,0.5208297794422713,"[""unseen_polygon"", ""interval_not_coverage_certified""]",empirical_oof_not_certified,0.95,source_mixture_affine
AOI-0014,2013-06-11,0.0,1.0,0.0,0.0,1.0,15.0,0.04248686594149753,,0.9375,1.0,"[""unseen_polygon"", ""interval_not_coverage_certified""]",empirical_oof_not_certified,0.95,source_mixture_affine
AOI-0014,2013-06-19,0.002812609335058427,0.9971873906649416,0.0,0.0,9.0,7.0,0.01431232033161145,,0.6818181818181818,0.9971873906649416,"[""unseen_polygon"", ""interval_not_coverage_certified""]",empirical_oof_not_certified,0.95,source_mixture_affine
AOI-0014,2013-07-28,0.014797526610186096,0.6404534036962363,0.3447490696935773,0.0,8.0,1.0,0.035864185293575046,,0.9375,0.6404534036962363,"[""unseen_polygon"", ""interval_not_coverage_certified""]",empirical_oof_not_certified,0.95,source_mixture_affine
AOI-0014,2013-09-14,0.06184157991322117,0.27248673703213466,0.6656716830546443,0.0,16.0,1.0,0.0007825183907356204,,0.9375,0.6656716830546443,"[""unseen_polygon"", ""interval_not_coverage_certified""]",empirical_oof_not_certified,0.95,source_mixture_affine
AOI-0014,2013-09-23,0.010251998819570394,0.9897480011804296,0.0,0.0,8.0,7.0,0.028116145614972166,,0.6818181818181818,0.9897480011804296,"[""unseen_polygon"", ""interval_not_coverage_certified""]",empirical_oof_not_certified,0.95,source_mixture_affine
AOI-0014,2014-06-26,0.05862542151753442,0.2218317510478822,0.7195428274345835,0.0,4.0,4.0,0.02160403339660405,,0.7894736842105263,0.7195428274345835,"[""unseen_polygon"", ""interval_not_coverage_certified""]",empirical_oof_not_certified,0.95,source_mixture_affine
AOI-0014,2014-06-29,0.0015638134652730296,0.9935662025117571,0.004869984022969875,0.0,7.0,1.0,0.002838115594281876,,0.9375,0.9935662025117571,"[""unseen_polygon"", ""interval_not_coverage_certified""]",empirical_oof_not_certified,0.95,source_mixture_affine
AOI-0014,2014-08-17,0.001565395222726214,0.9984346047772737,0.0,0.0,1.0,7.0,0.009146527471239424,,0.9375,0.9984346047772737,"[""unseen_polygon"", ""interval_not_coverage_certified""]",empirical_oof_not_certified,0.95,source_mixture_affine
AOI-0014,2014-09-30,0.05636337463486748,0.10014554601067445,0.8434910793544584,0.0,4.0,3.0,0.017532992756188637,,0.8333333333333334,0.8434910793544584,"[""unseen_polygon"", ""interval_not_coverage_certified""]",empirical_oof_not_certified,0.95,source_mixture_affine
AOI-0014,2014-10-27,0.003398563860573122,0.9923580966538701,0.004243339485556778,0.0,11.0,1.0,0.006769339945460334,,0.9375,0.9923580966538701,"[""unseen_polygon"", ""interval_not_coverage_certified""]",empirical_oof_not_certified,0.95,source_mixture_affine
AOI-0014,2015-04-14,0.00135553231356497,0.998644467686435,0.0,0.0,7.0,8.0,0.04674294914216637,,0.6818181818181818,0.998644467686435,"[""unseen_polygon"", ""interval_not_coverage_certified""]",empirical_oof_not_certified,0.95,source_mixture_affine
AOI-0014,2015-06-16,0.06573663443056448,0.9177471023894558,0.01651626317997978,0.0,6.0,8.0,0.04967495734205585,,0.7142857142857143,0.9177471023894558,"[""unseen_polygon"", ""interval_not_coverage_certified""]",empirical_oof_not_certified,0.95,source_mixture_affine
AOI-0014,2015-06-26,0.05619427912855422,0.23211045386241452,0.7116952670090315,0.0,2.0,6.0,0.033118944567995356,,0.8823529411764706,0.7116952670090315,"[""unseen_polygon"", ""interval_not_coverage_certified""]",empirical_oof_not_certified,0.95,source_mixture_affine
AOI-0014,2015-07-12,0.03090215500593943,0.32369657503138705,0.6454012699626734,0.0,1.0,14.0,0.026536817802300994,,0.9375,0.6454012699626734,"[""unseen_polygon"", ""interval_not_coverage_certified""]",empirical_oof_not_certified,0.95,source_mixture_affine
AOI-0014,2015-07-27,0.0026903557465245997,0.9946782764235516,0.0026313678299237867,0.0,1.0,1.0,0.028333696045976797,,0.9375,0.9946782764235516,"[""unseen_polygon"", ""interval_not_coverage_certified""]",empirical_oof_not_certified,0.95,source_mixture_affine
AOI-0014,2015-08-28,0.0033065750812019475,0.9940620570888743,0.0026313678299237867,0.0,1.0,1.0,0.007209793682484811,,0.9375,0.9940620570888743,"[""unseen_polygon"", ""interval_not_coverage_certified""]",empirical_oof_not_certified,0.95,source_mixture_affine
AOI-0014,2016-04-22,0.049515246236349855,0.23918288430200182,0.7113018694616485,0.0,7.0,1.0,0.05026797419225887,,0.9375,0.7113018694616485,"[""unseen_polygon"", ""interval_not_coverage_certified""]",empirical_oof_not_certified,0.95,source_mixture_affine
AOI-0014,2016-05-09,0.0035712694171810815,0.9879348039536299,0.008493926629188964,0.0,1.0,1.0,0.07139986043839819,,0.9375,0.9879348039536299,"[""unseen_polygon"", ""interval_not_coverage_certified""]",empirical_oof_not_certified,0.95,source_mixture_affine
AOI-0014,2016-06-03,0.0005344813581350013,0.9994655186418651,0.0,0.0,9.0,6.0,0.046810689196160604,,0.7142857142857143,0.9994655186418651,"[""unseen_polygon"", ""interval_not_coverage_certified""]",empirical_oof_not_certified,0.95,source_mixture_affine
AOI-0014,2016-06-19,0.004305995688060531,0.9930626364820158,0.0026313678299237867,0.0,1.0,6.0,0.02786843755799584,,0.9375,0.9930626364820158,"[""unseen_polygon"", ""interval_not_coverage_certified""]",empirical_oof_not_certified,0.95,source_mixture_affine
AOI-0014,2016-08-13,0.0005344813581350013,0.9994655186418651,0.0,0.0,1.0,8.0,0.016455382045287126,,0.9375,0.9994655186418651,"[""unseen_polygon"", ""interval_not_coverage_certified""]",empirical_oof_not_certified,0.95,source_mixture_affine
AOI-0014,2016-08-30,0.0026133336670597206,0.9947552985030166,0.0026313678299237867,0.0,1.0,7.0,0.0028621434276921986,,0.9375,0.9947552985030166,"[""unseen_polygon"", ""interval_not_coverage_certified""]",empirical_oof_not_certified,0.95,source_mixture_affine
AOI-0014,2017-04-26,0.8699597502829718,0.13004024971702804,0.0,0.0,3.0,1.0,0.03375412731270261,,0.9375,0.8699597502829718,"[""unseen_polygon"", ""interval_not_coverage_certified""]",empirical_oof_not_certified,0.95,source_mixture_affine
AOI-0014,2017-04-28,0.820018179165675,0.17998182083432465,0.0,0.0,1.0,3.0,0.005533278574151478,,0.9375,0.820018179165675,"[""unseen_polygon"", ""interval_not_coverage_certified""]",empirical_oof_not_certified,0.95,source_mixture_affine
AOI-0014,2017-05-21,0.04403139956675983,0.9559686004332403,0.0,0.0,9.0,4.0,0.0023482950838525363,,0.7894736842105263,0.9559686004332403,"[""unseen_polygon"", ""interval_not_coverage_certified""]",empirical_oof_not_certified,0.95,source_mixture_affine
AOI-0014,2017-05-29,0.0414659890307105,0.9585340109692896,0.0,0.0,1.0,7.0,0.01279249133402205,,0.9375,0.9585340109692896,"[""unseen_polygon"", ""interval_not_coverage_certified""]",empirical_oof_not_certified,0.95,source_mixture_affine
AOI-0014,2017-07-23,0.09470947360151652,0.9052905263984833,0.0,0.0,8.0,1.0,0.012039265219035977,,0.9375,0.9052905263984833,"[""unseen_polygon"", ""interval_not_coverage_certified""]",empirical_oof_not_certified,0.95,source_mixture_affine
AOI-0014,2017-07-31,0.06268476330785994,0.9373152366921401,0.0,0.0,3.0,1.0,0.018793046680878445,,0.9375,0.9373152366921401,"[""unseen_polygon"", ""interval_not_coverage_certified""]",empirical_oof_not_certified,0.95,source_mixture_affine
AOI-0014,2017-08-06,0.9176321797700661,0.08236782022993391,0.0,0.0,2.0,2.0,0.013095189667788415,,0.8823529411764706,0.9176321797700661,"[""unseen_polygon"", ""interval_not_coverage_certified""]",empirical_oof_not_certified,0.95,source_mixture_affine
AOI-0014,2017-08-21,0.915707558708431,0.07555435485189309,0.00873808643967602,0.0,4.0,3.0,0.005268805072760313,,0.8333333333333334,0.915707558708431,"[""unseen_polygon"", ""interval_not_coverage_certified""]",empirical_oof_not_certified,0.95,source_mixture_affine
AOI-0014,2017-09-10,0.8492517821972756,0.14894273535129743,0.001805482451427161,0.0,2.0,3.0,0.01295298384582208,,0.8823529411764706,0.8492517821972756,"[""unseen_polygon"", ""interval_not_coverage_certified""]",empirical_oof_not_certified,0.95,source_mixture_affine
AOI-0014,2017-09-30,0.40901456742115355,0.07594441859196507,0.5150410139868814,0.0,4.0,4.0,0.014378045542286916,,0.7894736842105263,0.5150410139868814,"[""unseen_polygon"", ""interval_not_coverage_certified""]",empirical_oof_not_certified,0.95,source_mixture_affine
AOI-0014,2017-10-08,0.7733363761688267,0.13927390311399926,0.08738972071717427,0.0,3.0,3.0,0.0019632075215224587,,0.8333333333333334,0.7733363761688267,"[""unseen_polygon"", ""interval_not_coverage_certified""]",empirical_oof_not_certified,0.95,source_mixture_affine
AOI-0014,2018-04-07,0.10684698153730428,0.4482387447125044,0.4449142737501914,0.0,1.0,4.0,0.00443981705922869,,0.9375,0.4482387447125044,"[""unseen_polygon"", ""interval_not_coverage_certified""]",empirical_oof_not_certified,0.95,source_mixture_affine
AOI-0014,2018-05-03,0.9387352703724454,0.061264729627554484,0.0,0.0,2.0,6.0,0.010501972534838588,,0.8823529411764706,0.9387352703724454,"[""unseen_polygon"", ""interval_not_coverage_certified""]",empirical_oof_not_certified,0.95,source_mixture_affine
AOI-0014,2018-06-24,0.5513240906358341,0.4486759093641659,0.0,0.0,4.0,2.0,0.022543412869472423,,0.8823529411764706,0.5513240906358341,"[""unseen_polygon"", ""interval_not_coverage_certified""]",empirical_oof_not_certified,0.95,source_mixture_affine
AOI-0014,2018-07-18,0.06297554338891515,0.9347116282838391,0.0023128283272459424,0.0,6.0,8.0,0.03831495982580946,,0.7142857142857143,0.9347116282838391,"[""unseen_polygon"", ""interval_not_coverage_certified""]",empirical_oof_not_certified,0.95,source_mixture_affine
AOI-0014,2018-08-27,0.04568417560291906,0.9543158243970811,0.0,0.0,7.0,1.0,0.00765158128354973,,0.9375,0.9543158243970811,"[""unseen_polygon"", ""interval_not_coverage_certified""]",empirical_oof_not_certified,0.95,source_mixture_affine
AOI-0014,2018-10-06,0.06456309551076633,0.9354369044892336,0.0,0.0,6.0,1.0,0.0061255793015034254,,0.9375,0.9354369044892336,"[""unseen_polygon"", ""interval_not_coverage_certified""]",empirical_oof_not_certified,0.95,source_mixture_affine
AOI-0014,2019-04-01,0.565514195063122,0.432962248577263,0.0015235563596147838,0.0,153.0,5.0,0.010852550298434308,,0.75,0.565514195063122,"[""unseen_polygon"", ""interval_not_coverage_certified""]",empirical_oof_not_certified,0.95,source_mixture_affine
AOI-0014,2019-04-21,0.9685056289110625,0.03103387730635756,0.00046049378257992303,0.0,14.0,2.0,0.08444095646964911,,0.8823529411764706,0.9685056289110625,"[""unseen_polygon"", ""interval_not_coverage_certified""]",empirical_oof_not_certified,0.95,source_mixture_affine
AOI-0014,2019-05-01,0.7979600583922697,0.18000812389964643,0.02203181770808379,0.0,3.0,1.0,0.013153656573588302,,0.9375,0.7979600583922697,"[""unseen_polygon"", ""interval_not_coverage_certified""]",empirical_oof_not_certified,0.95,source_mixture_affine
AOI-0014,2019-05-09,0.13634187442467804,0.0963457626357051,0.7673123629396169,0.0,1.0,2.0,0.0866270169283912,,0.9375,0.7673123629396169,"[""unseen_polygon"", ""interval_not_coverage_certified""]",empirical_oof_not_certified,0.95,source_mixture_affine
AOI-0014,2019-05-27,0.11017328521630111,0.8898267147836987,0.0,0.0,2.0,4.0,0.032253407166453196,,0.8823529411764706,0.8898267147836987,"[""unseen_polygon"", ""interval_not_coverage_certified""]",empirical_oof_not_certified,0.95,source_mixture_affine
AOI-0014,2019-05-28,0.8773134419359928,0.12268655806400693,0.0,0.0,3.0,3.0,0.06367467579018082,,0.8333333333333334,0.8773134419359928,"[""unseen_polygon"", ""interval_not_coverage_certified""]",empirical_oof_not_certified,0.95,source_mixture_affine
AOI-0014,2019-06-04,0.2903582248639655,0.7096417751360345,0.0,0.0,2.0,1.0,0.008897885804927785,,0.9375,0.7096417751360345,"[""unseen_polygon"", ""interval_not_coverage_certified""]",empirical_oof_not_certified,0.95,source_mixture_affine
AOI-0014,2019-06-11,0.0916558266476049,0.9083441733523949,0.0,0.0,1.0,1.0,0.025710333971903088,,0.9375,0.9083441733523949,"[""unseen_polygon"", ""interval_not_coverage_certified""]",empirical_oof_not_certified,0.95,source_mixture_affine
AOI-0014,2019-06-15,0.9670110328518555,0.032988967148144435,0.0,0.0,3.0,2.0,0.021898675779122523,,0.8823529411764706,0.9670110328518555,"[""unseen_polygon"", ""interval_not_coverage_certified""]",empirical_oof_not_certified,0.95,source_mixture_affine
AOI-0014,2019-06-22,0.8379005408461684,0.158006966280851,0.004092492872980678,0.0,2.0,3.0,0.03459279734638787,,0.8823529411764706,0.8379005408461684,"[""unseen_polygon"", ""interval_not_coverage_certified""]",empirical_oof_not_certified,0.95,source_mixture_affine
AOI-0014,2019-07-06,0.05774610877590513,0.9422538912240946,0.0,0.0,1.0,1.0,0.04998769434865047,,0.9375,0.9422538912240946,"[""unseen_polygon"", ""interval_not_coverage_certified""]",empirical_oof_not_certified,0.95,source_mixture_affine
AOI-0014,2019-08-14,0.9336424299079837,0.06515003295632298,0.0012075371356930096,0.0,1.0,1.0,0.012345734550378351,,0.9375,0.9336424299079837,"[""unseen_polygon"", ""interval_not_coverage_certified""]",empirical_oof_not_certified,0.95,source_mixture_affine
AOI-0014,2019-08-26,0.9675056079893142,0.032494392010686005,0.0,0.0,2.0,3.0,0.006795428356304201,,0.8823529411764706,0.9675056079893142,"[""unseen_polygon"", ""interval_not_coverage_certified""]",empirical_oof_not_certified,0.95,source_mixture_affine
AOI-0014,2020-04-06,0.15301187402907204,0.11050674747163006,0.7364813784992981,0.0,3.0,4.0,0.034475124714017924,,0.8333333333333334,0.7364813784992981,"[""unseen_polygon"", ""interval_not_coverage_certified""]",empirical_oof_not_certified,0.95,source_mixture_affine
AOI-0014,2020-04-07,0.761704869611854,0.09627020377164168,0.14202492661650448,0.0,4.0,3.0,0.03442484456613981,,0.8333333333333334,0.761704869611854,"[""unseen_polygon"", ""interval_not_coverage_certified""]",empirical_oof_not_certified,0.95,source_mixture_affine
AOI-0014,2020-04-17,0.6307270935910241,0.2859328628670727,0.08334004354190323,0.0,5.0,1.0,0.018457985827997903,,0.9375,0.6307270935910241,"[""unseen_polygon"", ""interval_not_coverage_certified""]",empirical_oof_not_certified,0.95,source_mixture_affine
AOI-0014,2020-04-22,0.5593803453300987,0.08318206330721127,0.3574375913626902,0.0,4.0,4.0,0.03510942182914334,,0.7894736842105263,0.5593803453300987,"[""unseen_polygon"", ""interval_not_coverage_certified""]",empirical_oof_not_certified,0.95,source_mixture_affine
AOI-0014,2020-04-25,0.7770146975554177,0.20901013764311024,0.013975164801471715,0.0,7.0,1.0,0.02065607995918739,,0.9375,0.7770146975554177,"[""unseen_polygon"", ""interval_not_coverage_certified""]",empirical_oof_not_certified,0.95,source_mixture_affine
AOI-0014,2020-05-15,0.7827965544449732,0.2095336268665002,0.007669818688526389,0.0,2.0,5.0,0.011287714458484921,,0.8823529411764706,0.7827965544449732,"[""unseen_polygon"", ""interval_not_coverage_certified""]",empirical_oof_not_certified,0.95,source_mixture_affine
AOI-0014,2020-05-17,0.9514914710266329,0.04850852897336701,0.0,0.0,4.0,3.0,0.01599572548081546,,0.8333333333333334,0.9514914710266329,"[""unseen_polygon"", ""interval_not_coverage_certified""]",empirical_oof_not_certified,0.95,source_mixture_affine
AOI-0014,2020-06-04,0.6832936568514016,0.30608382048766314,0.010622522660935189,0.0,5.0,1.0,0.026602618930445632,,0.9375,0.6832936568514016,"[""unseen_polygon"", ""interval_not_coverage_certified""]",empirical_oof_not_certified,0.95,source_mixture_affine
AOI-0014,2020-06-25,0.1122967766551044,0.14486583786545806,0.7428373854794372,0.0,1.0,1.0,0.0592205917716539,,0.9375,0.7428373854794372,"[""unseen_polygon"", ""interval_not_coverage_certified""]",empirical_oof_not_certified,0.95,source_mixture_affine
AOI-0014,2020-07-11,0.6741401791567025,0.07793248644966823,0.24792733439362952,0.0,4.0,3.0,0.014416472218665571,,0.8333333333333334,0.6741401791567025,"[""unseen_polygon"", ""interval_not_coverage_certified""]",empirical_oof_not_certified,0.95,source_mixture_affine
AOI-0014,2020-07-27,0.3766178491010564,0.09764906697891278,0.5257330839200312,0.0,3.0,4.0,0.029824931471670382,,0.8333333333333334,0.5257330839200312,"[""unseen_polygon"", ""interval_not_coverage_certified""]",empirical_oof_not_certified,0.95,source_mixture_affine
AOI-0014,2020-08-16,0.25832820287485947,0.737696632323669,0.003975164801471716,0.0,1.0,1.0,0.00565118198031167,,0.9375,0.737696632323669,"[""unseen_polygon"", ""interval_not_coverage_certified""]",empirical_oof_not_certified,0.95,source_mixture_affine
AOI-0014,2020-09-09,0.5038021315124408,0.4922227036860874,0.003975164801471716,0.0,2.0,1.0,0.014693383295182216,,0.9375,0.5038021315124408,"[""unseen_polygon"", ""interval_not_coverage_certified""]",empirical_oof_not_certified,0.95,source_mixture_affine
AOI-0014,2020-09-24,0.891777634485685,0.10779658426431528,0.0004257812499999999,0.0,2.0,1.0,0.013320981339703025,,0.9375,0.891777634485685,"[""unseen_polygon"", ""interval_not_coverage_certified""]",empirical_oof_not_certified,0.95,source_mixture_affine
AOI-0014,2021-04-07,0.17602620681182773,0.1682203431519351,0.6557534500362374,0.0,1.0,8.0,0.02817320107733906,,0.9375,0.6557534500362374,"[""unseen_polygon"", ""interval_not_coverage_certified""]",empirical_oof_not_certified,0.95,source_mixture_affine
AOI-0014,2021-04-29,0.049793958185550685,0.9502060418144491,0.0,0.0,6.0,3.0,0.008434977708813518,,0.8333333333333334,0.9502060418144491,"[""unseen_polygon"", ""interval_not_coverage_certified""]",empirical_oof_not_certified,0.95,source_mixture_affine
AOI-0014,2021-05-25,0.4925785436979106,0.0682505391587387,0.43917091714335077,0.0,2.0,6.0,0.05033308170428308,,0.8823529411764706,0.4925785436979106,"[""unseen_polygon"", ""interval_not_coverage_certified""]",empirical_oof_not_certified,0.95,source_mixture_affine
AOI-0014,2021-08-13,0.3242878411132308,0.08039576046283192,0.5953163984239374,0.0,5.0,6.0,0.03711341780130788,,0.75,0.5953163984239374,"[""unseen_polygon"", ""interval_not_coverage_certified""]",empirical_oof_not_certified,0.95,source_mixture_affine
AOI-0014,2021-08-18,0.92032003792574,0.07020850372532621,0.009471458348933794,0.0,10.0,1.0,0.013369768510550203,,0.9375,0.92032003792574,"[""unseen_polygon"", ""interval_not_coverage_certified""]",empirical_oof_not_certified,0.95,source_mixture_affine
AOI-0014,2021-09-14,0.6241352994454524,0.09380161234443295,0.28206308821011467,0.0,1.0,3.0,0.011629316498367265,,0.9375,0.6241352994454524,"[""unseen_polygon"", ""interval_not_coverage_certified""]",empirical_oof_not_certified,0.95,source_mixture_affine
AOI-0014,2021-10-12,0.8766714886520566,0.117871494471708,0.005457016876235356,0.0,5.0,3.0,0.015631739441436462,,0.8333333333333334,0.8766714886520566,"[""unseen_polygon"", ""interval_not_coverage_certified""]",empirical_oof_not_certified,0.95,source_mixture_affine
AOI-0014,2021-10-14,0.8789525222889614,0.11857667807042734,0.0024707996406109615,0.0,7.0,1.0,0.017712942955812036,,0.9375,0.8789525222889614,"[""unseen_polygon"", ""interval_not_coverage_certified""]",empirical_oof_not_certified,0.95,source_mixture_affine
AOI-0014,2022-05-15,0.693088325605344,0.306911674394656,0.0,0.0,4.0,10.0,0.11040964686802501,,0.7894736842105263,0.693088325605344,"[""unseen_polygon"", ""interval_not_coverage_certified""]",empirical_oof_not_certified,0.95,source_mixture_affine
AOI-0014,2022-05-26,0.10492898352849193,0.8950710164715077,0.0,0.0,1.0,4.0,0.028156755654160842,,0.9375,0.8950710164715077,"[""unseen_polygon"", ""interval_not_coverage_certified""]",empirical_oof_not_certified,0.95,source_mixture_affine
AOI-0014,2022-05-27,0.46007497288973165,0.5399250271102685,0.0,0.0,2.0,3.0,0.059895743749715374,,0.8823529411764706,0.5399250271102685,"[""unseen_polygon"", ""interval_not_coverage_certified""]",empirical_oof_not_certified,0.95,source_mixture_affine
AOI-0014,2022-06-24,0.8655324340411963,0.13037507308582297,0.004092492872980678,0.0,3.0,2.0,0.0005811499061001424,,0.8823529411764706,0.8655324340411963,"[""unseen_polygon"", ""interval_not_coverage_certified""]",empirical_oof_not_certified,0.95,source_mixture_affine
AOI-0014,2022-07-14,0.8455859236116767,0.15441407638832336,0.0,0.0,2.0,3.0,0.00025456261067646757,,0.8823529411764706,0.8455859236116767,"[""unseen_polygon"", ""interval_not_coverage_certified""]",empirical_oof_not_certified,0.95,source_mixture_affine
AOI-0014,2022-07-24,0.7954151563714492,0.2045848436285506,0.0,0.0,3.0,4.0,0.019354020226009294,,0.8333333333333334,0.7954151563714492,"[""unseen_polygon"", ""interval_not_coverage_certified""]",empirical_oof_not_certified,0.95,source_mixture_affine
AOI-0014,2022-08-22,0.29276724024019046,0.6895358230018693,0.017696936757939968,0.0,7.0,1.0,0.002772826744440099,,0.9375,0.6895358230018693,"[""unseen_polygon"", ""interval_not_coverage_certified""]",empirical_oof_not_certified,0.95,source_mixture_affine
AOI-0014,2022-08-29,0.1996363099122053,0.22961212885832086,0.5707515612294738,0.0,1.0,1.0,0.049814061217311884,,0.9375,0.5707515612294738,"[""unseen_polygon"", ""interval_not_coverage_certified""]",empirical_oof_not_certified,0.95,source_mixture_affine
AOI-0014,2022-09-02,0.8239592993237486,0.07694214861257624,0.09909855206367503,0.0,1.0,5.0,0.004343288254779976,,0.9375,0.8239592993237486,"[""unseen_polygon"", ""interval_not_coverage_certified""]",empirical_oof_not_certified,0.95,source_mixture_affine
AOI-0014,2022-09-08,0.15553735539505084,0.8075625481661001,0.03690009643884907,0.0,1.0,1.0,0.013457954625797741,,0.9375,0.8075625481661001,"[""unseen_polygon"", ""interval_not_coverage_certified""]",empirical_oof_not_certified,0.95,source_mixture_affine
AOI-0014,2022-09-14,0.3353555208936834,0.10116385058960292,0.5634806285167133,0.0,5.0,1.0,0.009909989051218954,,0.9375,0.5634806285167133,"[""unseen_polygon"", ""interval_not_coverage_certified""]",empirical_oof_not_certified,0.95,source_mixture_affine
AOI-0014,2023-06-07,0.11307341958688913,0.8869265804131107,0.0,0.0,1.0,3.0,0.005732310735253376,,0.9375,0.8869265804131107,"[""unseen_polygon"", ""interval_not_coverage_certified""]",empirical_oof_not_certified,0.95,source_mixture_affine
AOI-0014,2023-08-10,0.20470070798554194,0.7941223070546819,0.0011769849597761456,0.0,2.0,3.0,0.0504645498690401,,0.8823529411764706,0.7941223070546819,"[""unseen_polygon"", ""interval_not_coverage_certified""]",empirical_oof_not_certified,0.95,source_mixture_affine
AOI-0014,2024-04-04,0.8820802966151868,0.11175527107055498,0.006164432314258039,0.0,158.0,1.0,0.03773096886598487,,0.9375,0.8820802966151868,"[""unseen_polygon"", ""interval_not_coverage_certified""]",empirical_oof_not_certified,0.95,source_mixture_affine
AOI-0014,2024-05-08,0.2178968087913769,0.13818789163357384,0.6439152995750489,0.0,1.0,16.0,0.014370558071522543,,0.9375,0.6439152995750489,"[""unseen_polygon"", ""interval_not_coverage_certified""]",empirical_oof_not_certified,0.95,source_mixture_affine
AOI-0014,2024-05-09,0.6209872882627646,0.36424030339073193,0.014772408346503143,0.0,2.0,15.0,0.023050682629005115,,0.8823529411764706,0.6209872882627646,"[""unseen_polygon"", ""interval_not_coverage_certified""]",empirical_oof_not_certified,0.95,source_mixture_affine
AOI-0014,2024-05-21,0.9311403098180169,0.06431942281973985,0.004540267362243233,0.0,14.0,3.0,0.021137279422333455,,0.8333333333333334,0.9311403098180169,"[""unseen_polygon"", ""interval_not_coverage_certified""]",empirical_oof_not_certified,0.95,source_mixture_affine
AOI-0014,2024-05-23,0.28693239155969663,0.7047783996623691,0.008289208777934367,0.0,16.0,1.0,0.01582670050730406,,0.9375,0.7047783996623691,"[""unseen_polygon"", ""interval_not_coverage_certified""]",empirical_oof_not_certified,0.95,source_mixture_affine
AOI-0014,2024-06-08,0.8392909377154347,0.16070906228456508,0.0,0.0,3.0,1.0,0.014279227004607598,,0.9375,0.8392909377154347,"[""unseen_polygon"", ""interval_not_coverage_certified""]",empirical_oof_not_certified,0.95,source_mixture_affine
AOI-0014,2024-07-25,0.8117702934583508,0.1870273701589759,0.0012023363826735506,0.0,5.0,1.0,0.004075855764630737,,0.9375,0.8117702934583508,"[""unseen_polygon"", ""interval_not_coverage_certified""]",empirical_oof_not_certified,0.95,source_mixture_affine
AOI-0014,2024-08-11,0.3102441589538916,0.6857806762446366,0.003975164801471716,0.0,2.0,1.0,0.02215550901078402,,0.9375,0.6857806762446366,"[""unseen_polygon"", ""interval_not_coverage_certified""]",empirical_oof_not_certified,0.95,source_mixture_affine
AOI-0014,2024-09-01,0.9092534792239775,0.09074652077602263,0.0,0.0,4.0,2.0,0.02344096726014286,,0.8823529411764706,0.9092534792239775,"[""unseen_polygon"", ""interval_not_coverage_certified""]",empirical_oof_not_certified,0.95,source_mixture_affine
AOI-0014,2024-09-08,0.9509122389876825,0.04908776101231756,0.0,0.0,2.0,4.0,0.01960499969559293,,0.8823529411764706,0.9509122389876825,"[""unseen_polygon"", ""interval_not_coverage_certified""]",empirical_oof_not_certified,0.95,source_mixture_affine
AOI-0014,2024-09-11,0.8582433311082299,0.13675666889177002,0.005,0.0,5.0,1.0,0.010147207316515638,,0.9375,0.8582433311082299,"[""unseen_polygon"", ""interval_not_coverage_certified""]",empirical_oof_not_certified,0.95,source_mixture_affine
AOI-0014,2024-09-18,0.9525680736684436,0.0449611266909452,0.0024707996406109615,0.0,2.0,2.0,0.014199093624385845,,0.8823529411764706,0.9525680736684436,"[""unseen_polygon"", ""interval_not_coverage_certified""]",empirical_oof_not_certified,0.95,source_mixture_affine
AOI-0014,2024-09-29,0.25517642870896906,0.4847726895138936,0.26005088177713725,0.0,1.0,2.0,0.02294371304730003,,0.9375,0.4847726895138936,"[""unseen_polygon"", ""interval_not_coverage_certified""]",empirical_oof_not_certified,0.95,source_mixture_affine
AOI-0014,2024-10-07,0.0814949654071207,0.9022768093289447,0.01622822526393443,0.0,1.0,1.0,0.025517442909349833,,0.9375,0.9022768093289447,"[""unseen_polygon"", ""interval_not_coverage_certified""]",empirical_oof_not_certified,0.95,source_mixture_affine
AOI-0014,2024-10-30,0.433062477658492,0.5646778237726109,0.0022596985688969674,0.0,4.0,153.0,0.03238882178436016,,0.7894736842105263,0.5646778237726109,"[""unseen_polygon"", ""interval_not_coverage_certified""]",empirical_oof_not_certified,0.95,source_mixture_affine
AOI-0014,2025-04-23,0.18662451033453276,0.0632121094028898,0.7501633802625771,0.0,4.0,1.0,0.06758472987789804,,0.9375,0.7501633802625771,"[""unseen_polygon"", ""interval_not_coverage_certified""]",empirical_oof_not_certified,0.95,source_mixture_affine
AOI-0014,2025-05-01,0.7773971497719598,0.2048480882537386,0.01775476197430141,0.0,2.0,2.0,0.015058815577770224,,0.8823529411764706,0.7773971497719598,"[""unseen_polygon"", ""interval_not_coverage_certified""]",empirical_oof_not_certified,0.95,source_mixture_affine
AOI-0014,2025-05-27,0.08083643569367513,0.919163564306325,0.0,0.0,2.0,1.0,0.008050651425797306,,0.9375,0.919163564306325,"[""unseen_polygon"", ""interval_not_coverage_certified""]",empirical_oof_not_certified,0.95,source_mixture_affine
AOI-0014,2025-06-13,0.8547300670436762,0.14526993295632418,0.0,0.0,2.0,2.0,0.012455574940514191,,0.8823529411764706,0.8547300670436762,"[""unseen_polygon"", ""interval_not_coverage_certified""]",empirical_oof_not_certified,0.95,source_mixture_affine
AOI-0014,2025-08-12,0.9048408264629372,0.08153922444135209,0.013619949095710827,0.0,3.0,1.0,0.019108969561031475,,0.9375,0.9048408264629372,"[""unseen_polygon"", ""interval_not_coverage_certified""]",empirical_oof_not_certified,0.95,source_mixture_affine
AOI-0014,2025-08-15,0.16575142255990602,0.8303428078764482,0.0039057695636457914,0.0,1.0,1.0,0.03505968997292641,,0.9375,0.8303428078764482,"[""unseen_polygon"", ""interval_not_coverage_certified""]",empirical_oof_not_certified,0.95,source_mixture_affine
AOI-0014,2025-08-24,0.8334312846029974,0.14945632767369094,0.017112387723311737,0.0,1.0,3.0,0.017822058602418006,,0.9375,0.8334312846029974,"[""unseen_polygon"", ""interval_not_coverage_certified""]",empirical_oof_not_certified,0.95,source_mixture_affine
AOI-0014,2025-09-11,0.8911855724250032,0.09356493767159985,0.015249489903397268,0.0,3.0,2.0,0.029875977763448913,,0.8823529411764706,0.8911855724250032,"[""unseen_polygon"", ""interval_not_coverage_certified""]",empirical_oof_not_certified,0.95,source_mixture_affine
AOI-0014,2025-09-14,0.05879591889853003,0.1733432403497146,0.7678608407517555,0.0,1.0,1.0,0.033158786022528086,,0.9375,0.7678608407517555,"[""unseen_polygon"", ""interval_not_coverage_certified""]",empirical_oof_not_certified,0.95,source_mixture_affine
AOI-0014,2025-09-23,0.661584630452333,0.3229526488647298,0.015462720682937274,0.0,2.0,3.0,0.0010880952373443498,,0.8823529411764706,0.661584630452333,"[""unseen_polygon"", ""interval_not_coverage_certified""]",empirical_oof_not_certified,0.95,source_mixture_affine
AOI-0014,2025-09-24,0.13073942706927266,0.8663998863611024,0.0028606865696249074,0.0,3.0,2.0,0.011931197032756996,,0.8823529411764706,0.8663998863611024,"[""unseen_polygon"", ""interval_not_coverage_certified""]",empirical_oof_not_certified,0.95,source_mixture_affine
AOI-0015,2025-05-04,0.6675027639584252,0.31758756396833027,0.014909672073244656,0.0,1.0,2.0,0.016256081233147424,,0.9375,0.6675027639584252,"[""interval_not_coverage_certified""]",empirical_oof_not_certified,0.95,source_mixture_affine
AOI-0015,2025-05-27,0.09907722705830828,0.9009227729416918,0.0,0.0,2.0,1.0,0.04357932301048517,,0.9375,0.9009227729416918,"[""interval_not_coverage_certified""]",empirical_oof_not_certified,0.95,source_mixture_affine
AOI-0015,2025-06-07,0.7371007637998893,0.243640586744188,0.01925864945592256,0.0,2.0,1.0,0.017522401104652252,,0.9375,0.7371007637998893,"[""interval_not_coverage_certified""]",empirical_oof_not_certified,0.95,source_mixture_affine
AOI-0015,2025-07-03,0.9852487138678246,0.014751286132175544,0.0,0.0,6.0,3.0,0.042426147997325664,,0.8333333333333334,0.9852487138678246,"[""interval_not_coverage_certified""]",empirical_oof_not_certified,0.95,source_mixture_affine
AOI-0015,2025-07-05,0.6551767879567622,0.3298475764566781,0.0149756355865596,0.0,8.0,1.0,0.043358027015237915,,0.9375,0.6551767879567622,"[""interval_not_coverage_certified""]",empirical_oof_not_certified,0.95,source_mixture_affine
AOI-0015,2025-07-08,0.428702257140189,0.5558099977891513,0.015487745070659668,0.0,1.0,2.0,0.0051967617278505795,,0.9375,0.5558099977891513,"[""interval_not_coverage_certified""]",empirical_oof_not_certified,0.95,source_mixture_affine
AOI-0015,2025-07-13,0.8317728331291221,0.15325153128431837,0.0149756355865596,0.0,1.0,1.0,0.03395845663773664,,0.9375,0.8317728331291221,"[""interval_not_coverage_certified""]",empirical_oof_not_certified,0.95,source_mixture_affine
AOI-0015,2025-07-15,0.8160663145516988,0.17122748736967733,0.012706198078623766,0.0,1.0,2.0,0.006951303971445721,,0.9375,0.8160663145516988,"[""interval_not_coverage_certified""]",empirical_oof_not_certified,0.95,source_mixture_affine
AOI-0015,2025-07-18,0.7311897081635326,0.25076225157509846,0.018048040261369015,0.0,1.0,7.0,0.0007237122568800047,,0.9375,0.7311897081635326,"[""interval_not_coverage_certified""]",empirical_oof_not_certified,0.95,source_mixture_affine
AOI-0015,2025-07-21,0.12243187523613874,0.8775681247638611,0.0,0.0,4.0,4.0,0.02659780845596954,,0.7894736842105263,0.8775681247638611,"[""interval_not_coverage_certified""]",empirical_oof_not_certified,0.95,source_mixture_affine
AOI-0015,2025-07-23,0.69317255234263,0.29412124957874597,0.012706198078623766,0.0,6.0,2.0,0.006370037123653971,,0.8823529411764706,0.69317255234263,"[""interval_not_coverage_certified""]",empirical_oof_not_certified,0.95,source_mixture_affine
AOI-0015,2025-09-07,0.0892316712597676,0.9107683287402325,0.0,0.0,2.0,1.0,0.035115343673208455,,0.9375,0.9107683287402325,"[""interval_not_coverage_certified""]",empirical_oof_not_certified,0.95,source_mixture_affine
AOI-0015,2025-10-13,0.9859122643917396,0.00725980472737367,0.006827930880886601,0.0,5.0,4.0,0.023108514188389606,,0.7894736842105263,0.9859122643917396,"[""interval_not_coverage_certified""]",empirical_oof_not_certified,0.95,source_mixture_affine
AOI-0015,2025-10-16,0.40953729861647253,0.08305529261536426,0.5074074087681634,0.0,8.0,1.0,0.015275813282688844,,0.9375,0.5074074087681634,"[""interval_not_coverage_certified""]",empirical_oof_not_certified,0.95,source_mixture_affine
AOI-0015,2025-10-18,0.7738164158541242,0.16063710401300027,0.06554648013287508,0.0,1.0,,0.034118270844903126,one_neighbor_plus_seasonal_prior,0.46875,0.7738164158541242,"[""one_sided_or_no_context"", ""interval_not_coverage_certified""]",empirical_oof_not_certified,0.95,source_mixture_affine
AOI-0016,2025-04-19,0.5462451907760625,0.4405365016612138,0.013218307562723831,0.0,1.0,4.0,0.06531866806430126,,0.9375,0.5462451907760625,"[""unseen_polygon"", ""interval_not_coverage_certified""]",empirical_oof_not_certified,0.95,source_mixture_affine
AOI-0016,2025-05-25,0.034717480413301145,0.05249723279280778,0.9127852867938914,0.0,1.0,2.0,0.11596936626707255,,0.9375,0.9127852867938914,"[""unseen_polygon"", ""interval_not_coverage_certified""]",empirical_oof_not_certified,0.95,source_mixture_affine
AOI-0016,2025-06-11,0.16532221374670233,0.8340203125370088,0.0006574737162882827,0.0,1.0,16.0,0.04005133423946494,,0.9375,0.8340203125370088,"[""unseen_polygon"", ""interval_not_coverage_certified""]",empirical_oof_not_certified,0.95,source_mixture_affine
AOI-0016,2025-06-26,0.02070665319922604,0.034576550744177856,0.9447167960565959,0.0,16.0,1.0,0.02702418188576383,,0.9375,0.9447167960565959,"[""unseen_polygon"", ""interval_not_coverage_certified""]",empirical_oof_not_certified,0.95,source_mixture_affine
AOI-0016,2025-07-10,0.9114704888818452,0.07582331303953094,0.012706198078623766,0.0,2.0,2.0,0.005862599911180266,,0.8823529411764706,0.9114704888818452,"[""unseen_polygon"", ""interval_not_coverage_certified""]",empirical_oof_not_certified,0.95,source_mixture_affine
AOI-0016,2025-07-17,0.8978448145197465,0.08944898740162965,0.012706198078623766,0.0,2.0,4.0,0.020699863449334943,,0.8823529411764706,0.8978448145197465,"[""unseen_polygon"", ""interval_not_coverage_certified""]",empirical_oof_not_certified,0.95,source_mixture_affine
AOI-0016,2025-07-18,0.8994686706764764,0.08782513124489974,0.012706198078623766,0.0,3.0,3.0,0.025483048242148643,,0.8333333333333334,0.8994686706764764,"[""unseen_polygon"", ""interval_not_coverage_certified""]",empirical_oof_not_certified,0.95,source_mixture_affine
AOI-0016,2025-08-19,0.896426401404713,0.09086740051666341,0.012706198078623766,0.0,2.0,3.0,0.002820959939609652,,0.8823529411764706,0.896426401404713,"[""unseen_polygon"", ""interval_not_coverage_certified""]",empirical_oof_not_certified,0.95,source_mixture_affine
AOI-0016,2025-08-29,0.6377460292425304,0.10346617141021114,0.25878779934725815,0.0,2.0,1.0,0.01316382405111649,,0.9375,0.6377460292425304,"[""unseen_polygon"", ""interval_not_coverage_certified""]",empirical_oof_not_certified,0.95,source_mixture_affine
AOI-0016,2025-10-17,0.05467719623519293,0.9307226133170876,0.014600190447719262,0.0,1.0,1.0,0.00031440930038187376,,0.9375,0.9307226133170876,"[""unseen_polygon"", ""interval_not_coverage_certified""]",empirical_oof_not_certified,0.95,source_mixture_affine
AOI-0017,2010-06-10,0.021007566942491174,0.44965853266043515,0.5293339003970738,0.0,8.0,1.0,0.000473393558952262,,0.9375,0.5293339003970738,"[""unseen_polygon"", ""interval_not_coverage_certified""]",empirical_oof_not_certified,0.95,source_mixture_affine
AOI-0017,2010-07-29,0.001565395222726214,0.9984346047772737,0.0,0.0,1.0,7.0,0.006395646218912254,,0.9375,0.9984346047772737,"[""unseen_polygon"", ""interval_not_coverage_certified""]",empirical_oof_not_certified,0.95,source_mixture_affine
AOI-0017,2010-09-23,0.0,1.0,0.0,0.0,9.0,7.0,0.009702560543068561,,0.6818181818181818,1.0,"[""unseen_polygon"", ""interval_not_coverage_certified""]",empirical_oof_not_certified,0.95,source_mixture_affine
AOI-0017,2011-04-18,0.004842606880258762,0.9951573931197413,0.0,0.0,11.0,1.0,0.012639974781606556,,0.9375,0.9951573931197413,"[""unseen_polygon"", ""interval_not_coverage_certified""]",empirical_oof_not_certified,0.95,source_mixture_affine
AOI-0017,2011-09-17,0.003692730193990792,0.9963072698060093,0.0,0.0,3.0,1.0,0.012923804255598415,,0.9375,0.9963072698060093,"[""unseen_polygon"", ""interval_not_coverage_certified""]",empirical_oof_not_certified,0.95,source_mixture_affine
AOI-0017,2011-09-26,0.0026026091874924505,0.9973973908125076,0.0,0.0,1.0,20.0,0.010218820915399274,,0.9375,0.9973973908125076,"[""unseen_polygon"", ""interval_not_coverage_certified""]",empirical_oof_not_certified,0.95,source_mixture_affine
AOI-0017,2011-09-30,0.04531991309533926,0.12074383072978791,0.833936256174873,0.0,5.0,16.0,0.00592736435328467,,0.75,0.833936256174873,"[""unseen_polygon"", ""interval_not_coverage_certified""]",empirical_oof_not_certified,0.95,source_mixture_affine
AOI-0017,2011-10-11,0.016610097939598632,0.962382912396564,0.021006989663837357,0.0,16.0,5.0,0.007090468245594561,,0.75,0.962382912396564,"[""unseen_polygon"", ""interval_not_coverage_certified""]",empirical_oof_not_certified,0.95,source_mixture_affine
AOI-0017,2011-10-27,0.0023568594085507702,0.9923605574934342,0.005282583098014904,0.0,11.0,160.0,0.005638276600019421,,0.5769230769230769,0.9923605574934342,"[""unseen_polygon"", ""interval_not_coverage_certified""]",empirical_oof_not_certified,0.95,source_mixture_affine
AOI-0017,2012-07-18,0.0005167324797574887,0.9994832675202425,0.0,0.0,7.0,7.0,0.009920045565098512,,0.6818181818181818,0.9994832675202425,"[""unseen_polygon"", ""interval_not_coverage_certified""]",empirical_oof_not_certified,0.95,source_mixture_affine
AOI-0017,2012-07-27,0.023315030947857786,0.3140398838413685,0.6626450852107741,0.0,2.0,7.0,0.013230638288829089,,0.8823529411764706,0.6626450852107741,"[""unseen_polygon"", ""interval_not_coverage_certified""]",empirical_oof_not_certified,0.95,source_mixture_affine
AOI-0017,2012-08-28,0.0183818422924717,0.5425990137667005,0.43901914394082764,0.0,2.0,7.0,0.015805797322231252,,0.8823529411764706,0.5425990137667005,"[""unseen_polygon"", ""interval_not_coverage_certified""]",empirical_oof_not_certified,0.95,source_mixture_affine
AOI-0017,2012-09-29,0.03089954592823185,0.3636744562985264,0.605425997773242,0.0,2.0,7.0,0.012401430480229014,,0.8823529411764706,0.605425997773242,"[""unseen_polygon"", ""interval_not_coverage_certified""]",empirical_oof_not_certified,0.95,source_mixture_affine
AOI-0017,2013-05-25,0.022571354704567143,0.33322282408901216,0.6442058212064208,0.0,16.0,9.0,0.014460996929034131,,0.625,0.6442058212064208,"[""unseen_polygon"", ""interval_not_coverage_certified""]",empirical_oof_not_certified,0.95,source_mixture_affine
AOI-0017,2013-07-12,0.014783261937429333,0.652345303275113,0.33287143478745745,0.0,8.0,1.0,0.00030153144594441406,,0.9375,0.652345303275113,"[""unseen_polygon"", ""interval_not_coverage_certified""]",empirical_oof_not_certified,0.95,source_mixture_affine
AOI-0017,2013-08-14,0.0006047292634678199,0.9993952707365321,0.0,0.0,1.0,8.0,0.0018106469817947002,,0.9375,0.9993952707365321,"[""unseen_polygon"", ""interval_not_coverage_certified""]",empirical_oof_not_certified,0.95,source_mixture_affine
AOI-0017,2013-09-14,0.05387985661504871,0.2885841814416663,0.6575359619432852,0.0,15.0,1.0,0.009781339840965853,,0.9375,0.6575359619432852,"[""unseen_polygon"", ""interval_not_coverage_certified""]",empirical_oof_not_certified,0.95,source_mixture_affine
AOI-0017,2013-09-30,0.028757200360779566,0.40927561398382734,0.5619671856553932,0.0,8.0,8.0,0.0331434466711934,,0.6521739130434783,0.5619671856553932,"[""unseen_polygon"", ""interval_not_coverage_certified""]",empirical_oof_not_certified,0.95,source_mixture_affine
AOI-0017,2013-10-09,0.0037157996044756684,0.9962842003955243,0.0,0.0,1.0,7.0,0.002730585778072503,,0.9375,0.9962842003955243,"[""unseen_polygon"", ""interval_not_coverage_certified""]",empirical_oof_not_certified,0.95,source_mixture_affine
AOI-0017,2013-10-25,0.001890716751798803,0.9887268569216038,0.009382426326597441,0.0,1.0,164.0,0.02202558659530307,,0.9375,0.9887268569216038,"[""unseen_polygon"", ""interval_not_coverage_certified""]",empirical_oof_not_certified,0.95,source_mixture_affine
AOI-0017,2014-04-23,0.03715553758756176,0.08027799379422625,0.8825664686182122,0.0,5.0,4.0,0.04198912405657462,,0.7894736842105263,0.8825664686182122,"[""unseen_polygon"", ""interval_not_coverage_certified""]",empirical_oof_not_certified,0.95,source_mixture_affine
AOI-0017,2014-06-06,0.0005864129718328426,0.9994135870281672,0.0,0.0,1.0,4.0,0.029228036419923775,,0.9375,0.9994135870281672,"[""unseen_polygon"", ""interval_not_coverage_certified""]",empirical_oof_not_certified,0.95,source_mixture_affine
AOI-0017,2014-07-24,0.001565395222726214,0.9984346047772737,0.0,0.0,1.0,4.0,0.019996044772342403,,0.9375,0.9984346047772737,"[""unseen_polygon"", ""interval_not_coverage_certified""]",empirical_oof_not_certified,0.95,source_mixture_affine
AOI-0017,2014-10-04,0.0,1.0,0.0,0.0,4.0,7.0,0.015045358413067922,,0.7894736842105263,1.0,"[""unseen_polygon"", ""interval_not_coverage_certified""]",empirical_oof_not_certified,0.95,source_mixture_affine
AOI-0017,2015-04-23,0.01736566309344819,0.3919355884859177,0.590698748420634,0.0,9.0,16.0,0.0007324804100362625,,0.625,0.590698748420634,"[""unseen_polygon"", ""interval_not_coverage_certified""]",empirical_oof_not_certified,0.95,source_mixture_affine
AOI-0017,2015-04-30,0.0015690598057169702,0.998430940194283,0.0,0.0,16.0,9.0,0.0013986207341502022,,0.625,0.998430940194283,"[""unseen_polygon"", ""interval_not_coverage_certified""]",empirical_oof_not_certified,0.95,source_mixture_affine
AOI-0017,2015-07-11,0.0,1.0,0.0,0.0,9.0,1.0,0.0039094358010288155,,0.9375,1.0,"[""unseen_polygon"", ""interval_not_coverage_certified""]",empirical_oof_not_certified,0.95,source_mixture_affine
AOI-0017,2015-07-27,0.0018141357441100704,0.9955544964259662,0.0026313678299237867,0.0,1.0,1.0,0.0015928029882196768,,0.9375,0.9955544964259662,"[""unseen_polygon"", ""interval_not_coverage_certified""]",empirical_oof_not_certified,0.95,source_mixture_affine
AOI-0017,2015-08-03,0.0,1.0,0.0,0.0,6.0,1.0,0.007595646370535114,,0.9375,1.0,"[""unseen_polygon"", ""interval_not_coverage_certified""]",empirical_oof_not_certified,0.95,source_mixture_affine
AOI-0017,2015-08-29,0.03892904318801475,0.3560949046938427,0.6049760521181426,0.0,1.0,6.0,0.007741368784388247,,0.9375,0.6049760521181426,"[""unseen_polygon"", ""interval_not_coverage_certified""]",empirical_oof_not_certified,0.95,source_mixture_affine
AOI-0017,2015-10-16,0.02168152884546667,0.4143654472387921,0.5639530239157411,0.0,9.0,14.0,0.0011659776050869097,,0.625,0.5639530239157411,"[""unseen_polygon"", ""interval_not_coverage_certified""]",empirical_oof_not_certified,0.95,source_mixture_affine
AOI-0017,2016-04-06,0.06033903671126112,0.26652270454064086,0.6731382587480981,0.0,159.0,2.0,0.015914460855527363,,0.8823529411764706,0.6731382587480981,"[""unseen_polygon"", ""interval_not_coverage_certified""]",empirical_oof_not_certified,0.95,source_mixture_affine
AOI-0017,2016-04-07,0.017436440859015998,0.9717105424951522,0.010853016645831963,0.0,160.0,1.0,0.011210149736512381,,0.9375,0.9717105424951522,"[""unseen_polygon"", ""interval_not_coverage_certified""]",empirical_oof_not_certified,0.95,source_mixture_affine
AOI-0017,2016-06-18,0.004672611439457094,0.9953273885605429,0.0,0.0,9.0,1.0,0.007792702154448716,,0.9375,0.9953273885605429,"[""unseen_polygon"", ""interval_not_coverage_certified""]",empirical_oof_not_certified,0.95,source_mixture_affine
AOI-0017,2016-07-05,0.002099876580861215,0.995268755589215,0.0026313678299237867,0.0,1.0,6.0,0.002697933229149685,,0.9375,0.995268755589215,"[""unseen_polygon"", ""interval_not_coverage_certified""]",empirical_oof_not_certified,0.95,source_mixture_affine
AOI-0017,2016-07-27,0.018466259380358074,0.5834179290701191,0.3981158115495227,0.0,14.0,1.0,0.0017977459643264693,,0.9375,0.5834179290701191,"[""unseen_polygon"", ""interval_not_coverage_certified""]",empirical_oof_not_certified,0.95,source_mixture_affine
AOI-0017,2016-08-21,0.0005344813581350013,0.9994655186418651,0.0,0.0,8.0,1.0,0.0050655628806411945,,0.9375,0.9994655186418651,"[""unseen_polygon"", ""interval_not_coverage_certified""]",empirical_oof_not_certified,0.95,source_mixture_affine
AOI-0017,2016-09-15,0.002033765887099014,0.9953348662829772,0.0026313678299237867,0.0,1.0,14.0,0.01620790450208054,,0.9375,0.9953348662829772,"[""unseen_polygon"", ""interval_not_coverage_certified""]",empirical_oof_not_certified,0.95,source_mixture_affine
AOI-0017,2016-10-15,0.03651225162728359,0.235813918783014,0.7276738295897027,0.0,7.0,10.0,0.017746139683712858,,0.6818181818181818,0.7276738295897027,"[""unseen_polygon"", ""interval_not_coverage_certified""]",empirical_oof_not_certified,0.95,source_mixture_affine
AOI-0017,2016-10-17,0.035448992843513535,0.9295474437554142,0.03500356340107197,0.0,9.0,8.0,0.027031457310702667,,0.6521739130434783,0.9295474437554142,"[""unseen_polygon"", ""interval_not_coverage_certified""]",empirical_oof_not_certified,0.95,source_mixture_affine
AOI-0017,2017-06-06,0.0373593809165357,0.9626406190834644,0.0,0.0,1.0,4.0,0.008944389656300178,,0.9375,0.9626406190834644,"[""unseen_polygon"", ""interval_not_coverage_certified""]",empirical_oof_not_certified,0.95,source_mixture_affine
AOI-0017,2017-07-31,0.09942058708769394,0.900579412912306,0.0,0.0,3.0,4.0,0.0029240623349614525,,0.8333333333333334,0.900579412912306,"[""unseen_polygon"", ""interval_not_coverage_certified""]",empirical_oof_not_certified,0.95,source_mixture_affine
AOI-0017,2017-08-01,0.77663813396055,0.22261482268633695,0.0007470433531130866,0.0,4.0,3.0,0.0010502867935350269,,0.8333333333333334,0.77663813396055,"[""unseen_polygon"", ""interval_not_coverage_certified""]",empirical_oof_not_certified,0.95,source_mixture_affine
AOI-0017,2017-09-02,0.13282883197601922,0.8671711680239805,0.0,0.0,1.0,3.0,0.05979993170269449,,0.9375,0.8671711680239805,"[""unseen_polygon"", ""interval_not_coverage_certified""]",empirical_oof_not_certified,0.95,source_mixture_affine
AOI-0017,2018-04-05,0.08779420918040097,0.9122057908195988,0.0,0.0,168.0,1.0,0.019862381411544144,,0.9375,0.9122057908195988,"[""unseen_polygon"", ""interval_not_coverage_certified""]",empirical_oof_not_certified,0.95,source_mixture_affine
AOI-0017,2018-05-09,0.15454331560873552,0.15222468802442063,0.6932319963668437,0.0,6.0,6.0,0.026730056492106635,,0.7142857142857143,0.6932319963668437,"[""unseen_polygon"", ""interval_not_coverage_certified""]",empirical_oof_not_certified,0.95,source_mixture_affine
AOI-0017,2018-05-23,0.2878580023288448,0.7071419976711552,0.005,0.0,7.0,1.0,0.001099851782685013,,0.9375,0.7071419976711552,"[""unseen_polygon"", ""interval_not_coverage_certified""]",empirical_oof_not_certified,0.95,source_mixture_affine
AOI-0017,2018-06-20,0.9625932838465525,0.03740671615344749,0.0,0.0,5.0,5.0,0.016556548449867314,,0.75,0.9625932838465525,"[""unseen_polygon"", ""interval_not_coverage_certified""]",empirical_oof_not_certified,0.95,source_mixture_affine
AOI-0017,2018-07-11,0.042311298265369286,0.9513284917566079,0.006360209978022768,0.0,1.0,15.0,0.011874478519059484,,0.9375,0.9513284917566079,"[""unseen_polygon"", ""interval_not_coverage_certified""]",empirical_oof_not_certified,0.95,source_mixture_affine
AOI-0017,2018-07-12,0.09382278388852662,0.31640961290501524,0.5897676032064584,0.0,2.0,14.0,0.002320407938315394,,0.8823529411764706,0.5897676032064584,"[""unseen_polygon"", ""interval_not_coverage_certified""]",empirical_oof_not_certified,0.95,source_mixture_affine
AOI-0017,2019-04-25,0.24437250458305043,0.7556274954169494,0.0,0.0,2.0,1.0,0.004592203641275605,,0.9375,0.7556274954169494,"[""unseen_polygon"", ""interval_not_coverage_certified""]",empirical_oof_not_certified,0.95,source_mixture_affine
AOI-0017,2019-04-28,0.9178747419692239,0.0780327651577957,0.004092492872980678,0.0,2.0,4.0,0.02385111213366553,,0.8823529411764706,0.9178747419692239,"[""unseen_polygon"", ""interval_not_coverage_certified""]",empirical_oof_not_certified,0.95,source_mixture_affine
AOI-0017,2019-05-13,0.9002420507807978,0.09975794921920265,0.0,0.0,2.0,3.0,0.03376960476174451,,0.8823529411764706,0.9002420507807978,"[""unseen_polygon"", ""interval_not_coverage_certified""]",empirical_oof_not_certified,0.95,source_mixture_affine
AOI-0017,2019-05-18,0.7623024419075765,0.23769755809242354,0.0,0.0,2.0,3.0,0.01628325811511372,,0.8823529411764706,0.7623024419075765,"[""unseen_polygon"", ""interval_not_coverage_certified""]",empirical_oof_not_certified,0.95,source_mixture_affine
AOI-0017,2019-05-28,0.8726228991939614,0.12737710080603892,0.0,0.0,1.0,3.0,0.008713909222076877,,0.9375,0.8726228991939614,"[""unseen_polygon"", ""interval_not_coverage_certified""]",empirical_oof_not_certified,0.95,source_mixture_affine
AOI-0017,2019-06-04,0.2695620178119054,0.7304379821880945,0.0,0.0,2.0,1.0,0.007805688007541833,,0.9375,0.7304379821880945,"[""unseen_polygon"", ""interval_not_coverage_certified""]",empirical_oof_not_certified,0.95,source_mixture_affine
AOI-0017,2019-06-12,0.6704854420636712,0.3295145579363289,0.0,0.0,1.0,3.0,0.005674207110663798,,0.9375,0.6704854420636712,"[""unseen_polygon"", ""interval_not_coverage_certified""]",empirical_oof_not_certified,0.95,source_mixture_affine
AOI-0017,2019-06-17,0.9459063783678029,0.054093621632197,0.0,0.0,2.0,2.0,0.025311918109047205,,0.8823529411764706,0.9459063783678029,"[""unseen_polygon"", ""interval_not_coverage_certified""]",empirical_oof_not_certified,0.95,source_mixture_affine
AOI-0017,2019-07-17,0.9273635550349597,0.0726364449650403,0.0,0.0,3.0,3.0,0.06031143531563127,,0.8333333333333334,0.9273635550349597,"[""unseen_polygon"", ""interval_not_coverage_certified""]",empirical_oof_not_certified,0.95,source_mixture_affine
AOI-0017,2019-08-06,0.7543534064259458,0.2451860997914742,0.00046049378257992303,0.0,5.0,1.0,0.028556085887269655,,0.9375,0.7543534064259458,"[""unseen_polygon"", ""interval_not_coverage_certified""]",empirical_oof_not_certified,0.95,source_mixture_affine
AOI-0017,2019-08-11,0.9201572981336992,0.07984270186630099,0.0,0.0,2.0,2.0,0.02406986118650073,,0.8823529411764706,0.9201572981336992,"[""unseen_polygon"", ""interval_not_coverage_certified""]",empirical_oof_not_certified,0.95,source_mixture_affine
AOI-0017,2019-08-24,0.6126357010572925,0.3712341036042332,0.016130195338474037,0.0,1.0,2.0,0.045003508156734345,,0.9375,0.6126357010572925,"[""unseen_polygon"", ""interval_not_coverage_certified""]",empirical_oof_not_certified,0.95,source_mixture_affine
AOI-0017,2019-08-29,0.6462722794742235,0.09880390443637395,0.25492381608940223,0.0,3.0,1.0,0.03467687452218729,,0.9375,0.6462722794742235,"[""unseen_polygon"", ""interval_not_coverage_certified""]",empirical_oof_not_certified,0.95,source_mixture_affine
AOI-0017,2019-08-31,0.8510092955539236,0.14255232647468552,0.006438377971390853,0.0,1.0,3.0,0.02983459772940389,,0.9375,0.8510092955539236,"[""unseen_polygon"", ""interval_not_coverage_certified""]",empirical_oof_not_certified,0.95,source_mixture_affine
AOI-0017,2019-09-13,0.9528913217890866,0.04646512306150372,0.0006435551494095598,0.0,3.0,1.0,0.005661706633764445,,0.9375,0.9528913217890866,"[""unseen_polygon"", ""interval_not_coverage_certified""]",empirical_oof_not_certified,0.95,source_mixture_affine
AOI-0017,2020-04-25,0.8339380154993882,0.15982702970976953,0.006234954790842419,0.0,3.0,9.0,0.03701581921339453,,0.8333333333333334,0.8339380154993882,"[""unseen_polygon"", ""interval_not_coverage_certified""]",empirical_oof_not_certified,0.95,source_mixture_affine
AOI-0017,2020-04-30,0.9609871009672045,0.028544136333561353,0.010468762699233934,0.0,8.0,4.0,0.027849560007723817,,0.7894736842105263,0.9609871009672045,"[""unseen_polygon"", ""interval_not_coverage_certified""]",empirical_oof_not_certified,0.95,source_mixture_affine
AOI-0017,2020-05-08,0.20599827486251346,0.16736056480630185,0.6266411603311846,0.0,4.0,2.0,0.0007747391366829115,,0.8823529411764706,0.6266411603311846,"[""unseen_polygon"", ""interval_not_coverage_certified""]",empirical_oof_not_certified,0.95,source_mixture_affine
AOI-0017,2020-06-06,0.811477283183978,0.18852271681602215,0.0,0.0,1.0,3.0,0.018427818033653343,,0.9375,0.811477283183978,"[""unseen_polygon"", ""interval_not_coverage_certified""]",empirical_oof_not_certified,0.95,source_mixture_affine
AOI-0017,2020-06-26,0.9427904492011494,0.05572569276797034,0.001483858030880289,0.0,1.0,3.0,0.0094814168461973,,0.9375,0.9427904492011494,"[""unseen_polygon"", ""interval_not_coverage_certified""]",empirical_oof_not_certified,0.95,source_mixture_affine
AOI-0017,2020-07-26,0.846818726975493,0.1492061082230356,0.003975164801471716,0.0,2.0,1.0,0.06301539657044342,,0.9375,0.846818726975493,"[""unseen_polygon"", ""interval_not_coverage_certified""]",empirical_oof_not_certified,0.95,source_mixture_affine
AOI-0017,2020-08-18,0.8277478206640643,0.17225217933593584,0.0,0.0,2.0,2.0,0.04656830631672873,,0.8823529411764706,0.8277478206640643,"[""unseen_polygon"", ""interval_not_coverage_certified""]",empirical_oof_not_certified,0.95,source_mixture_affine
AOI-0017,2020-09-02,0.7889347968154458,0.2110652031845546,0.0,0.0,1.0,5.0,0.021600938110752615,,0.9375,0.7889347968154458,"[""unseen_polygon"", ""interval_not_coverage_certified""]",empirical_oof_not_certified,0.95,source_mixture_affine
AOI-0017,2020-09-04,0.8986908007735842,0.10130919922641592,0.0,0.0,3.0,3.0,0.0052032945221597016,,0.8333333333333334,0.8986908007735842,"[""unseen_polygon"", ""interval_not_coverage_certified""]",empirical_oof_not_certified,0.95,source_mixture_affine
AOI-0017,2020-09-09,0.397269250970906,0.602730749029094,0.0,0.0,2.0,3.0,0.0027757479857798695,,0.8823529411764706,0.602730749029094,"[""unseen_polygon"", ""interval_not_coverage_certified""]",empirical_oof_not_certified,0.95,source_mixture_affine
AOI-0017,2020-09-10,0.33003936797513367,0.6699606320248663,0.0,0.0,3.0,2.0,0.0169731339063334,,0.8823529411764706,0.6699606320248663,"[""unseen_polygon"", ""interval_not_coverage_certified""]",empirical_oof_not_certified,0.95,source_mixture_affine
AOI-0017,2020-09-19,0.8018363901515556,0.1975857814505705,0.000577828397873956,0.0,1.0,3.0,0.09672482853286316,,0.9375,0.8018363901515556,"[""unseen_polygon"", ""interval_not_coverage_certified""]",empirical_oof_not_certified,0.95,source_mixture_affine
AOI-0017,2020-10-12,0.7585053598154684,0.2414946401845321,0.0,0.0,3.0,3.0,0.05693636823034476,,0.8333333333333334,0.7585053598154684,"[""unseen_polygon"", ""interval_not_coverage_certified""]",empirical_oof_not_certified,0.95,source_mixture_affine
AOI-0017,2021-04-07,0.17300758051850107,0.16664621025904813,0.660346209222451,0.0,5.0,8.0,0.04462197984050867,,0.75,0.660346209222451,"[""unseen_polygon"", ""interval_not_coverage_certified""]",empirical_oof_not_certified,0.95,source_mixture_affine
AOI-0017,2021-05-20,0.9598536488559388,0.040146351144061086,0.0,0.0,4.0,3.0,0.027496003694871596,,0.8333333333333334,0.9598536488559388,"[""unseen_polygon"", ""interval_not_coverage_certified""]",empirical_oof_not_certified,0.95,source_mixture_affine
AOI-0017,2021-07-02,0.2416927808102332,0.7583072191897667,0.0,0.0,1.0,7.0,0.00979048314879516,,0.9375,0.7583072191897667,"[""unseen_polygon"", ""interval_not_coverage_certified""]",empirical_oof_not_certified,0.95,source_mixture_affine
AOI-0017,2021-08-29,0.132018707016887,0.3735661932391172,0.4944150997439957,0.0,1.0,1.0,0.02518210630247686,,0.9375,0.4944150997439957,"[""unseen_polygon"", ""interval_not_coverage_certified""]",empirical_oof_not_certified,0.95,source_mixture_affine
AOI-0017,2021-09-04,0.8297392949652762,0.15964586826962368,0.010614836765100354,0.0,5.0,3.0,0.055536297611644025,,0.8333333333333334,0.8297392949652762,"[""unseen_polygon"", ""interval_not_coverage_certified""]",empirical_oof_not_certified,0.95,source_mixture_affine
AOI-0017,2021-09-27,0.9095376743987703,0.08756574471061845,0.0028965808906109614,0.0,7.0,1.0,0.03834174329121687,,0.9375,0.9095376743987703,"[""unseen_polygon"", ""interval_not_coverage_certified""]",empirical_oof_not_certified,0.95,source_mixture_affine
AOI-0017,2021-10-06,0.1970962615861358,0.8020652444827273,0.0008384939311369831,0.0,4.0,1.0,0.07342319051918,,0.9375,0.8020652444827273,"[""unseen_polygon"", ""interval_not_coverage_certified""]",empirical_oof_not_certified,0.95,source_mixture_affine
AOI-0017,2021-10-27,0.953365301731425,0.03639922600743034,0.010235472261144735,0.0,5.0,3.0,0.04069120881893529,,0.8333333333333334,0.953365301731425,"[""unseen_polygon"", ""interval_not_coverage_certified""]",empirical_oof_not_certified,0.95,source_mixture_affine
AOI-0017,2022-04-17,0.32776942903021017,0.6679081151076015,0.004322455862188262,0.0,10.0,7.0,0.01409458977383593,,0.6818181818181818,0.6679081151076015,"[""unseen_polygon"", ""interval_not_coverage_certified""]",empirical_oof_not_certified,0.95,source_mixture_affine
AOI-0017,2022-04-23,0.25658289203707163,0.11575930206710817,0.62765780589582,0.0,16.0,1.0,0.004674586886340815,,0.9375,0.62765780589582,"[""unseen_polygon"", ""interval_not_coverage_certified""]",empirical_oof_not_certified,0.95,source_mixture_affine
AOI-0017,2022-05-26,0.08121281831850831,0.9187871816814918,0.0,0.0,1.0,4.0,0.031480135018798094,,0.9375,0.9187871816814918,"[""unseen_polygon"", ""interval_not_coverage_certified""]",empirical_oof_not_certified,0.95,source_mixture_affine
AOI-0017,2022-05-27,0.47642306477469526,0.5235769352253048,0.0,0.0,2.0,3.0,0.017245614332724202,,0.8823529411764706,0.5235769352253048,"[""unseen_polygon"", ""interval_not_coverage_certified""]",empirical_oof_not_certified,0.95,source_mixture_affine
AOI-0017,2022-06-03,0.23829538891803945,0.7567046110819607,0.005,0.0,4.0,1.0,0.03892908815189028,,0.9375,0.7567046110819607,"[""unseen_polygon"", ""interval_not_coverage_certified""]",empirical_oof_not_certified,0.95,source_mixture_affine
AOI-0017,2022-06-11,0.8338625194209556,0.1661374805790447,0.0,0.0,1.0,1.0,0.01034899960067237,,0.9375,0.8338625194209556,"[""unseen_polygon"", ""interval_not_coverage_certified""]",empirical_oof_not_certified,0.95,source_mixture_affine
AOI-0017,2022-06-30,0.09024472845674433,0.9097552715432556,0.0,0.0,1.0,1.0,0.004783366928526711,,0.9375,0.9097552715432556,"[""unseen_polygon"", ""interval_not_coverage_certified""]",empirical_oof_not_certified,0.95,source_mixture_affine
AOI-0017,2022-07-12,0.3696883450388193,0.3488977816881998,0.281413873272981,0.0,3.0,2.0,0.011033798694551344,,0.8823529411764706,0.3696883450388193,"[""unseen_polygon"", ""interval_not_coverage_certified""]",empirical_oof_not_certified,0.95,source_mixture_affine
AOI-0017,2022-07-19,0.9323875637936613,0.05993278886497673,0.007679647341361946,0.0,2.0,9.0,0.002465265631162339,,0.8823529411764706,0.9323875637936613,"[""unseen_polygon"", ""interval_not_coverage_certified""]",empirical_oof_not_certified,0.95,source_mixture_affine
AOI-0017,2022-07-24,0.7814208899760691,0.2180012816260569,0.000577828397873956,0.0,7.0,4.0,0.009282444001740942,,0.7894736842105263,0.7814208899760691,"[""unseen_polygon"", ""interval_not_coverage_certified""]",empirical_oof_not_certified,0.95,source_mixture_affine
AOI-0017,2022-08-07,0.21437426677400462,0.7845207374596959,0.0011049957662997462,0.0,1.0,1.0,0.012849057909731565,,0.9375,0.7845207374596959,"[""unseen_polygon"", ""interval_not_coverage_certified""]",empirical_oof_not_certified,0.95,source_mixture_affine
AOI-0017,2022-08-14,0.07258205571560596,0.9274179442843942,0.0,0.0,1.0,8.0,0.008016363626653256,,0.9375,0.9274179442843942,"[""unseen_polygon"", ""interval_not_coverage_certified""]",empirical_oof_not_certified,0.95,source_mixture_affine
AOI-0017,2022-08-15,0.8226499605533324,0.1766029960935547,0.0007470433531130866,0.0,2.0,7.0,0.007690326546887949,,0.8823529411764706,0.8226499605533324,"[""unseen_polygon"", ""interval_not_coverage_certified""]",empirical_oof_not_certified,0.95,source_mixture_affine
AOI-0017,2022-08-23,0.7336606403367527,0.26556280453057357,0.0007765551326735506,0.0,1.0,2.0,0.000619951399207952,,0.9375,0.7336606403367527,"[""unseen_polygon"", ""interval_not_coverage_certified""]",empirical_oof_not_certified,0.95,source_mixture_affine
AOI-0017,2022-08-30,0.6791583365170197,0.3208416634829798,0.0,0.0,1.0,1.0,0.01656550801311163,,0.9375,0.6791583365170197,"[""unseen_polygon"", ""interval_not_coverage_certified""]",empirical_oof_not_certified,0.95,source_mixture_affine
AOI-0017,2022-09-17,0.9222759279758743,0.07772407202412565,0.0,0.0,3.0,1.0,0.01021985150006574,,0.9375,0.9222759279758743,"[""unseen_polygon"", ""interval_not_coverage_certified""]",empirical_oof_not_certified,0.95,source_mixture_affine
AOI-0017,2022-10-19,0.7465848721306553,0.21607260525365227,0.03734252261569228,0.0,1.0,3.0,0.04049121583992066,,0.9375,0.7465848721306553,"[""unseen_polygon"", ""interval_not_coverage_certified""]",empirical_oof_not_certified,0.95,source_mixture_affine
AOI-0017,2023-04-02,0.3568295031614241,0.6425998529534174,0.0005706438851589169,0.0,162.0,5.0,0.057865676097167196,,0.75,0.6425998529534174,"[""unseen_polygon"", ""interval_not_coverage_certified""]",empirical_oof_not_certified,0.95,source_mixture_affine
AOI-0017,2023-05-06,0.1155393955198558,0.8844606044801441,0.0,0.0,1.0,3.0,0.013171156600455314,,0.9375,0.8844606044801441,"[""unseen_polygon"", ""interval_not_coverage_certified""]",empirical_oof_not_certified,0.95,source_mixture_affine
AOI-0017,2023-06-11,0.848435732415308,0.15156426758469174,0.0,0.0,1.0,10.0,0.025565708874924375,,0.9375,0.848435732415308,"[""unseen_polygon"", ""interval_not_coverage_certified""]",empirical_oof_not_certified,0.95,source_mixture_affine
AOI-0017,2023-06-19,0.9219452731310599,0.07805472686893984,0.0,0.0,9.0,2.0,0.00734665702872217,,0.8823529411764706,0.9219452731310599,"[""unseen_polygon"", ""interval_not_coverage_certified""]",empirical_oof_not_certified,0.95,source_mixture_affine
AOI-0017,2023-06-22,0.22496943798764782,0.7700305620123519,0.005,0.0,1.0,1.0,0.005467729776710173,,0.9375,0.7700305620123519,"[""unseen_polygon"", ""interval_not_coverage_certified""]",empirical_oof_not_certified,0.95,source_mixture_affine
AOI-0017,2023-07-24,0.7089959447569424,0.2870288904415857,0.003975164801471716,0.0,3.0,1.0,0.022799051923305558,,0.9375,0.7089959447569424,"[""unseen_polygon"", ""interval_not_coverage_certified""]",empirical_oof_not_certified,0.95,source_mixture_affine
AOI-0017,2023-09-19,0.8391921039055663,0.15833709645382246,0.0024707996406109615,0.0,1.0,3.0,0.01953555094118048,,0.9375,0.8391921039055663,"[""unseen_polygon"", ""interval_not_coverage_certified""]",empirical_oof_not_certified,0.95,source_mixture_affine
AOI-0017,2023-10-12,0.8591068216408781,0.13422397313554632,0.006669205223575644,0.0,3.0,2.0,0.02034512805087979,,0.8823529411764706,0.8591068216408781,"[""unseen_polygon"", ""interval_not_coverage_certified""]",empirical_oof_not_certified,0.95,source_mixture_affine
AOI-0017,2023-10-16,0.27727870242861596,0.26878144239632107,0.4539398551750631,0.0,2.0,3.0,0.0411493051698264,,0.8823529411764706,0.4539398551750631,"[""unseen_polygon"", ""interval_not_coverage_certified""]",empirical_oof_not_certified,0.95,source_mixture_affine
AOI-0017,2023-10-21,0.40826822850341526,0.5700446408003442,0.021687130696240425,0.0,2.0,8.0,0.0027616007617997096,,0.8823529411764706,0.5700446408003442,"[""unseen_polygon"", ""interval_not_coverage_certified""]",empirical_oof_not_certified,0.95,source_mixture_affine
AOI-0017,2024-04-04,0.8834038612544047,0.11494331975449701,0.0016528189910979226,0.0,158.0,2.0,0.0029786389700544313,,0.8823529411764706,0.8834038612544047,"[""unseen_polygon"", ""interval_not_coverage_certified""]",empirical_oof_not_certified,0.95,source_mixture_affine
AOI-0017,2024-06-05,0.8856574015957817,0.11025010553123775,0.004092492872980678,0.0,2.0,3.0,0.031400851218062936,,0.8823529411764706,0.8856574015957817,"[""unseen_polygon"", ""interval_not_coverage_certified""]",empirical_oof_not_certified,0.95,source_mixture_affine
AOI-0017,2024-06-13,0.9215407002099021,0.07436680691711722,0.004092492872980678,0.0,3.0,4.0,0.0020510006050207807,,0.8333333333333334,0.9215407002099021,"[""unseen_polygon"", ""interval_not_coverage_certified""]",empirical_oof_not_certified,0.95,source_mixture_affine
AOI-0017,2024-06-28,0.9370334404632259,0.06296655953677427,0.0,0.0,3.0,2.0,0.02680317056689241,,0.8823529411764706,0.9370334404632259,"[""unseen_polygon"", ""interval_not_coverage_certified""]",empirical_oof_not_certified,0.95,source_mixture_affine
AOI-0017,2024-07-19,0.07428489872861803,0.9200024701410864,0.005712631130295365,0.0,1.0,1.0,0.03394186402692098,,0.9375,0.9200024701410864,"[""unseen_polygon"", ""interval_not_coverage_certified""]",empirical_oof_not_certified,0.95,source_mixture_affine
AOI-0017,2024-08-22,0.9501629684627356,0.04983703153726436,0.0,0.0,2.0,2.0,0.013836021444918134,,0.8823529411764706,0.9501629684627356,"[""unseen_polygon"", ""interval_not_coverage_certified""]",empirical_oof_not_certified,0.95,source_mixture_affine
AOI-0017,2024-09-01,0.9109523742383051,0.08904762576169499,0.0,0.0,3.0,2.0,0.009910325677273749,,0.8823529411764706,0.9109523742383051,"[""unseen_polygon"", ""interval_not_coverage_certified""]",empirical_oof_not_certified,0.95,source_mixture_affine
AOI-0017,2024-09-21,0.8794354582331648,0.11727282613816299,0.00329171562867215,0.0,1.0,5.0,0.009373828908399051,,0.9375,0.8794354582331648,"[""unseen_polygon"", ""interval_not_coverage_certified""]",empirical_oof_not_certified,0.95,source_mixture_affine
AOI-0017,2024-09-29,0.2518475810325905,0.4835765116457707,0.2645759073216387,0.0,1.0,2.0,0.023964108552292085,,0.9375,0.4835765116457707,"[""unseen_polygon"", ""interval_not_coverage_certified""]",empirical_oof_not_certified,0.95,source_mixture_affine
AOI-0017,2024-10-08,0.793268236715432,0.19840967235342158,0.008322090931146086,0.0,1.0,3.0,0.04118071713895327,,0.9375,0.793268236715432,"[""unseen_polygon"", ""interval_not_coverage_certified""]",empirical_oof_not_certified,0.95,source_mixture_affine
AOI-0017,2024-10-22,0.1281393837998088,0.8687714307004697,0.0030891854997213723,0.0,7.0,4.0,0.0001316098551250311,,0.7894736842105263,0.8687714307004697,"[""unseen_polygon"", ""interval_not_coverage_certified""]",empirical_oof_not_certified,0.95,source_mixture_affine
AOI-0017,2025-05-04,0.5957965753830919,0.3914972265382843,0.012706198078623766,0.0,1.0,2.0,0.02332115220173525,,0.9375,0.5957965753830919,"[""unseen_polygon"", ""interval_not_coverage_certified""]",empirical_oof_not_certified,0.95,source_mixture_affine
AOI-0017,2025-05-27,0.06446633357997844,0.9355336664200213,0.0,0.0,2.0,7.0,0.013720972198626169,,0.8823529411764706,0.9355336664200213,"[""unseen_polygon"", ""interval_not_coverage_certified""]",empirical_oof_not_certified,0.95,source_mixture_affine
AOI-0017,2025-06-07,0.7324600917769415,0.2482812587671359,0.01925864945592256,0.0,2.0,1.0,0.0014447733643919158,,0.9375,0.7324600917769415,"[""unseen_polygon"", ""interval_not_coverage_certified""]",empirical_oof_not_certified,0.95,source_mixture_affine
AOI-0017,2025-06-28,0.7543833813375632,0.24561661866243667,0.0,0.0,1.0,2.0,0.000941031797031866,,0.9375,0.7543833813375632,"[""unseen_polygon"", ""interval_not_coverage_certified""]",empirical_oof_not_certified,0.95,source_mixture_affine
AOI-0017,2025-07-07,0.6938583382168387,0.2868830123272387,0.01925864945592256,0.0,1.0,1.0,0.014835034390914159,,0.9375,0.6938583382168387,"[""unseen_polygon"", ""interval_not_coverage_certified""]",empirical_oof_not_certified,0.95,source_mixture_affine
AOI-0017,2025-08-23,0.4753972252914739,0.5219539130876739,0.002648861620852204,0.0,1.0,4.0,0.012209655329652597,,0.9375,0.5219539130876739,"[""unseen_polygon"", ""interval_not_coverage_certified""]",empirical_oof_not_certified,0.95,source_mixture_affine
AOI-0017,2025-09-01,0.7070284025928221,0.2802653993285541,0.012706198078623766,0.0,1.0,6.0,0.017294239119122867,,0.9375,0.7070284025928221,"[""unseen_polygon"", ""interval_not_coverage_certified""]",empirical_oof_not_certified,0.95,source_mixture_affine
AOI-0017,2025-10-02,0.09076102126468148,0.9079742910749475,0.001264687660371037,0.0,2.0,1.0,0.0059469413330154874,,0.9375,0.9079742910749475,"[""unseen_polygon"", ""interval_not_coverage_certified""]",empirical_oof_not_certified,0.95,source_mixture_affine
AOI-0018,2025-04-19,0.5450252871030041,0.4417564053342721,0.013218307562723831,0.0,1.0,4.0,0.016146177172225662,,0.9375,0.5450252871030041,"[""unseen_polygon"", ""interval_not_coverage_certified""]",empirical_oof_not_certified,0.95,source_mixture_affine
AOI-0018,2025-05-27,0.06936329686838966,0.9306367031316101,0.0,0.0,2.0,8.0,0.01826692809511432,,0.8823529411764706,0.9306367031316101,"[""unseen_polygon"", ""interval_not_coverage_certified""]",empirical_oof_not_certified,0.95,source_mixture_affine
AOI-0018,2025-06-13,0.8463887959511734,0.15361120404882667,0.0,0.0,2.0,13.0,0.06291466176213079,,0.8823529411764706,0.8463887959511734,"[""unseen_polygon"", ""interval_not_coverage_certified""]",empirical_oof_not_certified,0.95,source_mixture_affine
AOI-0018,2025-06-15,0.9902971380858264,0.009702861914173693,0.0,0.0,4.0,11.0,0.05986810990025959,,0.7894736842105263,0.9902971380858264,"[""unseen_polygon"", ""interval_not_coverage_certified""]",empirical_oof_not_certified,0.95,source_mixture_affine
AOI-0018,2025-07-05,0.7302344326766074,0.2547899317368326,0.0149756355865596,0.0,2.0,1.0,0.010805691021555347,,0.9375,0.7302344326766074,"[""unseen_polygon"", ""interval_not_coverage_certified""]",empirical_oof_not_certified,0.95,source_mixture_affine
AOI-0018,2025-07-07,0.6843721175950459,0.29498774893879054,0.020640133466163467,0.0,1.0,1.0,0.02425855277807948,,0.9375,0.6843721175950459,"[""unseen_polygon"", ""interval_not_coverage_certified""]",empirical_oof_not_certified,0.95,source_mixture_affine
AOI-0018,2025-07-14,0.3838250835885373,0.6151584771608403,0.0010164392506226854,0.0,1.0,1.0,0.033189698006729496,,0.9375,0.6151584771608403,"[""unseen_polygon"", ""interval_not_coverage_certified""]",empirical_oof_not_certified,0.95,source_mixture_affine
AOI-0018,2025-07-21,0.09783463439301025,0.9021653656069896,0.0,0.0,3.0,2.0,0.04732539252103607,,0.8823529411764706,0.9021653656069896,"[""unseen_polygon"", ""interval_not_coverage_certified""]",empirical_oof_not_certified,0.95,source_mixture_affine
AOI-0018,2025-08-19,0.8981998632766292,0.08909393864474728,0.012706198078623766,0.0,2.0,3.0,0.0002273622528482372,,0.8823529411764706,0.8981998632766292,"[""unseen_polygon"", ""interval_not_coverage_certified""]",empirical_oof_not_certified,0.95,source_mixture_affine
AOI-0018,2025-08-27,0.9046681047356385,0.08262569718573787,0.012706198078623766,0.0,4.0,2.0,0.0054431191831876,,0.8823529411764706,0.9046681047356385,"[""unseen_polygon"", ""interval_not_coverage_certified""]",empirical_oof_not_certified,0.95,source_mixture_affine
AOI-0018,2025-09-08,0.7636477927953321,0.22075342006189513,0.015598787142772972,0.0,1.0,3.0,0.017920811483482957,,0.9375,0.7636477927953321,"[""unseen_polygon"", ""interval_not_coverage_certified""]",empirical_oof_not_certified,0.95,source_mixture_affine
AOI-0018,2025-09-24,0.10158544685186315,0.894508783584491,0.0039057695636457914,0.0,1.0,2.0,0.012632092177138066,,0.9375,0.894508783584491,"[""unseen_polygon"", ""interval_not_coverage_certified""]",empirical_oof_not_certified,0.95,source_mixture_affine
AOI-0018,2025-10-17,0.05467719623519293,0.9307226133170876,0.014600190447719262,0.0,1.0,1.0,0.003439016346338461,,0.9375,0.9307226133170876,"[""unseen_polygon"", ""interval_not_coverage_certified""]",empirical_oof_not_certified,0.95,source_mixture_affine
AOI-0019,2025-04-14,0.8895534102438261,0.09829504449665599,0.012151545259517955,0.0,7.0,4.0,0.05515928929142244,,0.7894736842105263,0.8895534102438261,"[""interval_not_coverage_certified""]",empirical_oof_not_certified,0.95,source_mixture_affine
AOI-0019,2025-04-17,0.09178128345814077,0.9082187165418592,0.0,0.0,10.0,1.0,0.03666424139132285,,0.9375,0.9082187165418592,"[""interval_not_coverage_certified""]",empirical_oof_not_certified,0.95,source_mixture_affine
AOI-0019,2025-04-28,0.9030553174258489,0.08529504412115246,0.011649638452998464,0.0,5.0,3.0,0.03168452528338439,,0.8333333333333334,0.9030553174258489,"[""interval_not_coverage_certified""]",empirical_oof_not_certified,0.95,source_mixture_affine
AOI-0019,2025-05-14,0.8955794208442474,0.09277094070275436,0.011649638452998464,0.0,5.0,2.0,0.03813551018538641,,0.8823529411764706,0.8955794208442474,"[""interval_not_coverage_certified""]",empirical_oof_not_certified,0.95,source_mixture_affine
AOI-0019,2025-05-25,0.03685742360156973,0.07460705981215628,0.8885355165862743,0.0,1.0,2.0,0.02414829393411999,,0.9375,0.8885355165862743,"[""interval_not_coverage_certified""]",empirical_oof_not_certified,0.95,source_mixture_affine
AOI-0019,2025-06-15,0.9904466751930119,0.009553324806988341,0.0,0.0,4.0,11.0,0.05200780309587116,,0.7894736842105263,0.9904466751930119,"[""interval_not_coverage_certified""]",empirical_oof_not_certified,0.95,source_mixture_affine
AOI-0019,2025-06-27,0.7111687376485766,0.27491218639048925,0.0139190759609343,0.0,1.0,1.0,0.049096133638984796,,0.9375,0.7111687376485766,"[""interval_not_coverage_certified""]",empirical_oof_not_certified,0.95,source_mixture_affine
AOI-0019,2025-06-30,0.8316268541340237,0.15445406990504196,0.0139190759609343,0.0,2.0,3.0,0.016823850928201545,,0.8823529411764706,0.8316268541340237,"[""interval_not_coverage_certified""]",empirical_oof_not_certified,0.95,source_mixture_affine
AOI-0019,2025-07-10,0.9040377020868285,0.08431265946017291,0.011649638452998464,0.0,2.0,2.0,0.033209101973950994,,0.8823529411764706,0.9040377020868285,"[""interval_not_coverage_certified""]",empirical_oof_not_certified,0.95,source_mixture_affine
AOI-0019,2025-07-14,0.4103734400160088,0.5864066467387478,0.0032199132452435763,0.0,1.0,1.0,0.020167549105485794,,0.9375,0.5864066467387478,"[""interval_not_coverage_certified""]",empirical_oof_not_certified,0.95,source_mixture_affine
AOI-0019,2025-08-14,0.7012665159425708,0.2848144080964947,0.0139190759609343,0.0,1.0,1.0,0.01249301816894069,,0.9375,0.7012665159425708,"[""interval_not_coverage_certified""]",empirical_oof_not_certified,0.95,source_mixture_affine
AOI-0019,2025-08-31,0.5803966532202954,0.41579054725226117,0.003812799527443255,0.0,1.0,1.0,0.0027887798511751216,,0.9375,0.5803966532202954,"[""interval_not_coverage_certified""]",empirical_oof_not_certified,0.95,source_mixture_affine
AOI-0019,2025-09-15,0.5384312521586309,0.447649671880435,0.0139190759609343,0.0,1.0,1.0,0.023006692009984703,,0.9375,0.5384312521586309,"[""interval_not_coverage_certified""]",empirical_oof_not_certified,0.95,source_mixture_affine
AOI-0019,2025-09-23,0.691652906243505,0.2944280177955609,0.0139190759609343,0.0,2.0,3.0,0.013373162956562157,,0.8823529411764706,0.691652906243505,"[""interval_not_coverage_certified""]",empirical_oof_not_certified,0.95,source_mixture_affine
AOI-0019,2025-09-24,0.1014176357171982,0.8973176766224309,0.001264687660371037,0.0,3.0,2.0,0.0002539951033715959,,0.8823529411764706,0.8973176766224309,"[""interval_not_coverage_certified""]",empirical_oof_not_certified,0.95,source_mixture_affine
AOI-0019,2025-10-18,0.8119285407483646,0.16216553643604384,0.02590592281559164,0.0,1.0,,0.034145490286558944,one_neighbor_plus_seasonal_prior,0.46875,0.8119285407483646,"[""one_sided_or_no_context"", ""interval_not_coverage_certified""]",empirical_oof_not_certified,0.95,source_mixture_affine
AOI-0020,2025-04-18,0.7203205262084137,0.2586683901765945,0.02101108361499168,0.0,1.0,1.0,0.019164830978390945,,0.9375,0.7203205262084137,"[""interval_not_coverage_certified""]",empirical_oof_not_certified,0.95,source_mixture_affine
AOI-0020,2025-04-23,0.15848954821353892,0.07205663606318191,0.7694538157232792,0.0,4.0,5.0,0.06756438213624646,,0.7894736842105263,0.7694538157232792,"[""interval_not_coverage_certified""]",empirical_oof_not_certified,0.95,source_mixture_affine
AOI-0020,2025-05-03,0.08986142782811889,0.9066411075335037,0.0034974646383773684,0.0,2.0,1.0,0.01944759140305677,,0.9375,0.9066411075335037,"[""interval_not_coverage_certified""]",empirical_oof_not_certified,0.95,source_mixture_affine
AOI-0020,2025-06-03,0.8371898372374218,0.15116052430957969,0.011649638452998464,0.0,6.0,1.0,0.012553141278388136,,0.9375,0.8371898372374218,"[""interval_not_coverage_certified""]",empirical_oof_not_certified,0.95,source_mixture_affine
AOI-0020,2025-06-11,0.11716312492513614,0.8828368750748636,0.0,0.0,1.0,15.0,0.09331422306557413,,0.9375,0.8828368750748636,"[""interval_not_coverage_certified""]",empirical_oof_not_certified,0.95,source_mixture_affine
AOI-0020,2025-07-12,0.32781085367085394,0.13843334530017215,0.5337558010289737,0.0,2.0,1.0,0.021147270144709296,,0.9375,0.5337558010289737,"[""interval_not_coverage_certified""]",empirical_oof_not_certified,0.95,source_mixture_affine
AOI-0020,2025-07-21,0.1328447210146412,0.8671552789853588,0.0,0.0,3.0,2.0,0.021028296083202724,,0.8823529411764706,0.8671552789853588,"[""interval_not_coverage_certified""]",empirical_oof_not_certified,0.95,source_mixture_affine
AOI-0020,2025-07-29,0.08147762693898063,0.9145508706298012,0.003971502431218072,0.0,1.0,4.0,0.01853045344800827,,0.9375,0.9145508706298012,"[""interval_not_coverage_certified""]",empirical_oof_not_certified,0.95,source_mixture_affine
AOI-0020,2025-07-30,0.8260647253935336,0.1600161986455319,0.0139190759609343,0.0,2.0,3.0,0.001873135257319719,,0.8823529411764706,0.8260647253935336,"[""interval_not_coverage_certified""]",empirical_oof_not_certified,0.95,source_mixture_affine
AOI-0020,2025-08-19,0.9029821828454111,0.08536817870159054,0.011649638452998464,0.0,2.0,3.0,0.005620085896591326,,0.8823529411764706,0.9029821828454111,"[""interval_not_coverage_certified""]",empirical_oof_not_certified,0.95,source_mixture_affine
AOI-0020,2025-10-13,0.9656588608512622,0.02504240862723991,0.009298730521497562,0.0,10.0,3.0,0.015228904403928059,,0.8333333333333334,0.9656588608512622,"[""interval_not_coverage_certified""]",empirical_oof_not_certified,0.95,source_mixture_affine
AOI-0021,2025-04-28,0.9009004034636352,0.08744995808336642,0.011649638452998464,0.0,5.0,3.0,0.06520371897160882,,0.8333333333333334,0.9009004034636352,"[""interval_not_coverage_certified""]",empirical_oof_not_certified,0.95,source_mixture_affine
AOI-0021,2025-05-27,0.07326258738258842,0.9267374126174117,0.0,0.0,2.0,1.0,0.027371129113596793,,0.9375,0.9267374126174117,"[""interval_not_coverage_certified""]",empirical_oof_not_certified,0.95,source_mixture_affine
AOI-0021,2025-06-03,0.8428672960263621,0.14548306552063933,0.011649638452998464,0.0,6.0,1.0,0.03709093972251609,,0.9375,0.8428672960263621,"[""interval_not_coverage_certified""]",empirical_oof_not_certified,0.95,source_mixture_affine
AOI-0021,2025-07-06,0.1185694068581258,0.8787227893807309,0.0027078037611435093,0.0,1.0,1.0,0.0047396350727675896,,0.9375,0.8787227893807309,"[""interval_not_coverage_certified""]",empirical_oof_not_certified,0.95,source_mixture_affine
AOI-0021,2025-07-18,0.7314594635559456,0.2515490558083106,0.016991480635743714,0.0,1.0,3.0,0.016218864652528475,,0.9375,0.7314594635559456,"[""interval_not_coverage_certified""]",empirical_oof_not_certified,0.95,source_mixture_affine
AOI-0021,2025-07-29,0.08296246081629788,0.9170375391837021,0.0,0.0,1.0,1.0,0.015336183397005959,,0.9375,0.9170375391837021,"[""interval_not_coverage_certified""]",empirical_oof_not_certified,0.95,source_mixture_affine
AOI-0021,2025-08-07,0.45800768096189975,0.5275611335930659,0.014431185445034366,0.0,1.0,2.0,0.023547041907675453,,0.9375,0.5275611335930659,"[""interval_not_coverage_certified""]",empirical_oof_not_certified,0.95,source_mixture_affine
AOI-0021,2025-08-22,0.8361058655031328,0.1499750585359328,0.0139190759609343,0.0,3.0,1.0,0.01365406934480079,,0.9375,0.8361058655031328,"[""interval_not_coverage_certified""]",empirical_oof_not_certified,0.95,source_mixture_affine
AOI-0021,2025-08-30,0.14697321595112287,0.8517620963885061,0.001264687660371037,0.0,1.0,1.0,0.0021226374485532745,,0.9375,0.8517620963885061,"[""interval_not_coverage_certified""]",empirical_oof_not_certified,0.95,source_mixture_affine
AOI-0021,2025-09-15,0.7178991613582285,0.2681817626808371,0.0139190759609343,0.0,1.0,1.0,0.03368013882767654,,0.9375,0.7178991613582285,"[""interval_not_coverage_certified""]",empirical_oof_not_certified,0.95,source_mixture_affine
AOI-0021,2025-09-24,0.09847563960185537,0.8975518689766302,0.003972491421514545,0.0,1.0,2.0,0.002862525553960882,,0.9375,0.8975518689766302,"[""interval_not_coverage_certified""]",empirical_oof_not_certified,0.95,source_mixture_affine
AOI-0021,2025-10-03,0.9502937400049783,0.04860960694022824,0.0010966530547932615,0.0,1.0,5.0,0.007999382055684678,,0.9375,0.9502937400049783,"[""interval_not_coverage_certified""]",empirical_oof_not_certified,0.95,source_mixture_affine
AOI-0022,2025-04-01,0.7620427804821536,0.21903861112161493,0.018918608396231548,0.0,,6.0,0.004045194673579888,one_neighbor_plus_seasonal_prior,0.35714285714285715,0.7620427804821536,"[""one_sided_or_no_context"", ""interval_not_coverage_certified""]",empirical_oof_not_certified,0.95,source_mixture_affine
AOI-0022,2025-05-03,0.05899913316247378,0.9410008668375263,0.0,0.0,2.0,1.0,0.010878701804092061,,0.9375,0.9410008668375263,"[""interval_not_coverage_certified""]",empirical_oof_not_certified,0.95,source_mixture_affine
AOI-0022,2025-05-06,0.9058633121594423,0.08248704938755924,0.011649638452998464,0.0,2.0,3.0,0.02253907045599257,,0.8823529411764706,0.9058633121594423,"[""interval_not_coverage_certified""]",empirical_oof_not_certified,0.95,source_mixture_affine
AOI-0022,2025-05-25,0.026386662220922605,0.06951199895624526,0.9041013388228325,0.0,1.0,9.0,0.031609336712690506,,0.9375,0.9041013388228325,"[""interval_not_coverage_certified""]",empirical_oof_not_certified,0.95,source_mixture_affine
AOI-0022,2025-05-28,0.8807026697333743,0.11433165717678666,0.004965673089839205,0.0,4.0,6.0,0.03575289635807566,,0.7894736842105263,0.8807026697333743,"[""interval_not_coverage_certified""]",empirical_oof_not_certified,0.95,source_mixture_affine
AOI-0022,2025-07-08,0.5007322177718717,0.48710603429102983,0.012161747937098531,0.0,1.0,2.0,0.001250370825850361,,0.9375,0.5007322177718717,"[""interval_not_coverage_certified""]",empirical_oof_not_certified,0.95,source_mixture_affine
AOI-0022,2025-07-17,0.786294022958019,0.20095134282268276,0.012754634219298209,0.0,2.0,1.0,0.0025213529967746118,,0.9375,0.786294022958019,"[""interval_not_coverage_certified""]",empirical_oof_not_certified,0.95,source_mixture_affine
AOI-0022,2025-07-21,0.10992515095238752,0.8900748490476125,0.0,0.0,3.0,2.0,0.031227101023397402,,0.8823529411764706,0.8900748490476125,"[""interval_not_coverage_certified""]",empirical_oof_not_certified,0.95,source_mixture_affine
AOI-0022,2025-08-27,0.9101868059941249,0.07816355555287674,0.011649638452998464,0.0,3.0,2.0,0.006376299297767896,,0.8823529411764706,0.9101868059941249,"[""interval_not_coverage_certified""]",empirical_oof_not_certified,0.95,source_mixture_affine
AOI-0022,2025-08-31,0.5779635210100613,0.4182236794624953,0.003812799527443255,0.0,1.0,1.0,0.005089841137206896,,0.9375,0.5779635210100613,"[""interval_not_coverage_certified""]",empirical_oof_not_certified,0.95,source_mixture_affine
AOI-0022,2025-09-23,0.6880449920227776,0.2953548824071001,0.016600125570122366,0.0,2.0,3.0,0.007559443054248799,,0.8823529411764706,0.6880449920227776,"[""interval_not_coverage_certified""]",empirical_oof_not_certified,0.95,source_mixture_affine
AOI-0022,2025-09-24,0.16056477589027865,0.8394352241097214,0.0,0.0,3.0,2.0,0.0071708166633001336,,0.8823529411764706,0.8394352241097214,"[""interval_not_coverage_certified""]",empirical_oof_not_certified,0.95,source_mixture_affine
AOI-0022,2025-09-30,0.04042091085652681,0.09951331383562298,0.8600657753078506,0.0,4.0,2.0,0.02514728278728845,,0.8823529411764706,0.8600657753078506,"[""interval_not_coverage_certified""]",empirical_oof_not_certified,0.95,source_mixture_affine
AOI-0023,2025-04-16,0.6600553081640765,0.3278867952016729,0.012057896634250595,0.0,2.0,2.0,0.001577397204826969,,0.8823529411764706,0.6600553081640765,"[""interval_not_coverage_certified""]",empirical_oof_not_certified,0.95,source_mixture_affine
AOI-0023,2025-04-17,0.09948108405128775,0.9005189159487124,0.0,0.0,3.0,1.0,0.021498425900884133,,0.9375,0.9005189159487124,"[""interval_not_coverage_certified""]",empirical_oof_not_certified,0.95,source_mixture_affine
AOI-0023,2025-04-24,0.8326324106731577,0.1553096926925915,0.012057896634250595,0.0,1.0,4.0,0.04954114569231777,,0.9375,0.8326324106731577,"[""interval_not_coverage_certified""]",empirical_oof_not_certified,0.95,source_mixture_affine
AOI-0023,2025-05-01,0.761311322747313,0.22470227490827058,0.013986402344416338,0.0,2.0,2.0,0.017181145683077603,,0.8823529411764706,0.761311322747313,"[""interval_not_coverage_certified""]",empirical_oof_not_certified,0.95,source_mixture_affine
AOI-0023,2025-05-04,0.6542463593193273,0.3319005282330537,0.013853112447619354,0.0,1.0,2.0,0.004196414601225079,,0.9375,0.6542463593193273,"[""interval_not_coverage_certified""]",empirical_oof_not_certified,0.95,source_mixture_affine
AOI-0023,2025-06-27,0.688060673360307,0.30028968818669444,0.011649638452998464,0.0,1.0,1.0,0.03603450204937164,,0.9375,0.688060673360307,"[""interval_not_coverage_certified""]",empirical_oof_not_certified,0.95,source_mixture_affine
AOI-0023,2025-07-05,0.6979841413644864,0.2903662201825149,0.011649638452998464,0.0,5.0,1.0,0.04018625563201916,,0.9375,0.6979841413644864,"[""interval_not_coverage_certified""]",empirical_oof_not_certified,0.95,source_mixture_affine
AOI-0023,2025-07-14,0.44862952864313077,0.5503540321062466,0.0010164392506226854,0.0,1.0,3.0,0.009423466232978656,,0.9375,0.5503540321062466,"[""interval_not_coverage_certified""]",empirical_oof_not_certified,0.95,source_mixture_affine
AOI-0023,2025-07-15,0.8330357633034491,0.15531459824355232,0.011649638452998464,0.0,2.0,2.0,0.004254930227754555,,0.8823529411764706,0.8330357633034491,"[""interval_not_coverage_certified""]",empirical_oof_not_certified,0.95,source_mixture_affine
AOI-0023,2025-08-14,0.695151515206437,0.29092940883262874,0.0139190759609343,0.0,1.0,1.0,0.02959830508539152,,0.9375,0.695151515206437,"[""interval_not_coverage_certified""]",empirical_oof_not_certified,0.95,source_mixture_affine
AOI-0023,2025-08-22,0.832778356859131,0.15330256717993465,0.0139190759609343,0.0,3.0,1.0,0.006546052723095025,,0.9375,0.832778356859131,"[""interval_not_coverage_certified""]",empirical_oof_not_certified,0.95,source_mixture_affine
AOI-0023,2025-08-30,0.1593765717606863,0.8393587405789426,0.001264687660371037,0.0,1.0,1.0,0.00528330847302369,,0.9375,0.8393587405789426,"[""interval_not_coverage_certified""]",empirical_oof_not_certified,0.95,source_mixture_affine
AOI-0023,2025-09-21,0.9116356712362639,0.07671469031073759,0.011649638452998464,0.0,5.0,3.0,0.011322881156145395,,0.8333333333333334,0.9116356712362639,"[""interval_not_coverage_certified""]",empirical_oof_not_certified,0.95,source_mixture_affine
AOI-0023,2025-09-23,0.6968735738151246,0.28920735022394095,0.0139190759609343,0.0,7.0,1.0,0.009417493486095732,,0.9375,0.6968735738151246,"[""interval_not_coverage_certified""]",empirical_oof_not_certified,0.95,source_mixture_affine
AOI-0023,2025-10-17,0.06594074116011087,0.9194590683921698,0.014600190447719262,0.0,1.0,1.0,0.012319746099665518,,0.9375,0.9194590683921698,"[""interval_not_coverage_certified""]",empirical_oof_not_certified,0.95,source_mixture_affine
AOI-0024,2025-04-07,0.12179646659570277,0.06708776776649915,0.811115765637798,0.0,6.0,7.0,0.06686704202901012,,0.7142857142857143,0.811115765637798,"[""unseen_polygon"", ""interval_not_coverage_certified""]",empirical_oof_not_certified,0.95,source_mixture_affine
AOI-0024,2025-04-23,0.23238890951811025,0.13186803140189252,0.6357430590799967,0.0,4.0,1.0,0.05817069796179963,,0.9375,0.6357430590799967,"[""unseen_polygon"", ""interval_not_coverage_certified""]",empirical_oof_not_certified,0.95,source_mixture_affine
AOI-0024,2025-05-25,0.04390641667133347,0.06685507351076037,0.8892385098179065,0.0,1.0,2.0,0.08610705374385247,,0.9375,0.8892385098179065,"[""unseen_polygon"", ""interval_not_coverage_certified""]",empirical_oof_not_certified,0.95,source_mixture_affine
AOI-0024,2025-05-28,0.8773455294872794,0.11761656481434503,0.00503790569837524,0.0,1.0,6.0,0.024661680212007597,,0.9375,0.8773455294872794,"[""unseen_polygon"", ""interval_not_coverage_certified""]",empirical_oof_not_certified,0.95,source_mixture_affine
AOI-0024,2025-06-05,0.7817815133097489,0.20582101057923527,0.012397476111015762,0.0,1.0,2.0,0.0048016449832576635,,0.9375,0.7817815133097489,"[""unseen_polygon"", ""interval_not_coverage_certified""]",empirical_oof_not_certified,0.95,source_mixture_affine
AOI-0024,2025-07-03,0.9807227147856185,0.0192772852143818,0.0,0.0,3.0,2.0,0.011747001407812041,,0.8823529411764706,0.9807227147856185,"[""unseen_polygon"", ""interval_not_coverage_certified""]",empirical_oof_not_certified,0.95,source_mixture_affine
AOI-0024,2025-07-21,0.19282346525654845,0.8071765347434513,0.0,0.0,3.0,1.0,0.011722894685958746,,0.9375,0.8071765347434513,"[""unseen_polygon"", ""interval_not_coverage_certified""]",empirical_oof_not_certified,0.95,source_mixture_affine
AOI-0024,2025-07-25,0.9029484331218331,0.0854019284251685,0.011649638452998464,0.0,2.0,2.0,0.044743040351196806,,0.8823529411764706,0.9029484331218331,"[""unseen_polygon"", ""interval_not_coverage_certified""]",empirical_oof_not_certified,0.95,source_mixture_affine
AOI-0024,2025-08-06,0.5061988976662976,0.4798820263727682,0.0139190759609343,0.0,4.0,1.0,0.014442467461406983,,0.9375,0.5061988976662976,"[""unseen_polygon"", ""interval_not_coverage_certified""]",empirical_oof_not_certified,0.95,source_mixture_affine
AOI-0024,2025-08-09,0.8362169055927108,0.14986401844635502,0.0139190759609343,0.0,2.0,3.0,0.0022057718519681857,,0.8823529411764706,0.8362169055927108,"[""unseen_polygon"", ""interval_not_coverage_certified""]",empirical_oof_not_certified,0.95,source_mixture_affine
AOI-0024,2025-09-14,0.04780653568655592,0.20044796534880102,0.751745498964643,0.0,1.0,1.0,0.018454837919507472,,0.9375,0.751745498964643,"[""unseen_polygon"", ""interval_not_coverage_certified""]",empirical_oof_not_certified,0.95,source_mixture_affine
AOI-0024,2025-09-21,0.8499701074661415,0.0796634962272241,0.07036639630663427,0.0,5.0,2.0,0.0008060341048489739,,0.8823529411764706,0.8499701074661415,"[""unseen_polygon"", ""interval_not_coverage_certified""]",empirical_oof_not_certified,0.95,source_mixture_affine
AOI-0024,2025-09-30,0.03960963336493958,0.12964811483146207,0.8307422518035983,0.0,4.0,13.0,0.07036637390221577,,0.7894736842105263,0.8307422518035983,"[""unseen_polygon"", ""interval_not_coverage_certified""]",empirical_oof_not_certified,0.95,source_mixture_affine
AOI-0024,2025-10-02,0.1982434418959658,0.7947541854430225,0.007002372661011787,0.0,6.0,11.0,0.046285754527543674,,0.7142857142857143,0.7947541854430225,"[""unseen_polygon"", ""interval_not_coverage_certified""]",empirical_oof_not_certified,0.95,source_mixture_affine
AOI-0024,2025-10-18,0.7928690520593764,0.18122502512503175,0.02590592281559164,0.0,1.0,,0.03168994695326477,one_neighbor_plus_seasonal_prior,0.46875,0.7928690520593764,"[""one_sided_or_no_context"", ""unseen_polygon"", ""interval_not_coverage_certified""]",empirical_oof_not_certified,0.95,source_mixture_affine
AOI-0025,2025-04-14,0.8763307309733527,0.10611448649962067,0.017554782527026403,0.0,7.0,5.0,0.042842030324486774,,0.75,0.8763307309733527,"[""unseen_polygon"", ""interval_not_coverage_certified""]",empirical_oof_not_certified,0.95,source_mixture_affine
AOI-0025,2025-04-23,0.1665226454126737,0.11839277876637479,0.7150845758209516,0.0,4.0,8.0,0.04680240434269112,,0.7894736842105263,0.7150845758209516,"[""unseen_polygon"", ""interval_not_coverage_certified""]",empirical_oof_not_certified,0.95,source_mixture_affine
AOI-0025,2025-04-24,0.8129464886111666,0.13123385264458728,0.0558196587442458,0.0,5.0,7.0,0.007366593160548662,,0.75,0.8129464886111666,"[""unseen_polygon"", ""interval_not_coverage_certified""]",empirical_oof_not_certified,0.95,source_mixture_affine
AOI-0025,2025-04-29,0.8020744144903024,0.11010691768436236,0.08781866782533511,0.0,10.0,2.0,0.0025566939416090673,,0.8823529411764706,0.8020744144903024,"[""unseen_polygon"", ""interval_not_coverage_certified""]",empirical_oof_not_certified,0.95,source_mixture_affine
AOI-0025,2025-05-09,0.08863199415652172,0.017260433457213422,0.8941075723862647,0.0,5.0,5.0,0.08079799654734793,,0.75,0.8941075723862647,"[""unseen_polygon"", ""interval_not_coverage_certified""]",empirical_oof_not_certified,0.95,source_mixture_affine
AOI-0025,2025-06-03,0.8203236238899068,0.16697017803146974,0.012706198078623766,0.0,9.0,5.0,0.05657688396081734,,0.75,0.8203236238899068,"[""unseen_polygon"", ""interval_not_coverage_certified""]",empirical_oof_not_certified,0.95,source_mixture_affine
AOI-0025,2025-06-13,0.7712584953135323,0.22874150468646764,0.0,0.0,2.0,13.0,0.031707922208311645,,0.8823529411764706,0.7712584953135323,"[""unseen_polygon"", ""interval_not_coverage_certified""]",empirical_oof_not_certified,0.95,source_mixture_affine
AOI-0025,2025-06-27,0.5755311345725908,0.41176266734878525,0.012706198078623766,0.0,1.0,8.0,0.028708391140839132,,0.9375,0.5755311345725908,"[""unseen_polygon"", ""interval_not_coverage_certified""]",empirical_oof_not_certified,0.95,source_mixture_affine
AOI-0025,2025-07-21,0.09067548208707149,0.9093245179129282,0.0,0.0,3.0,7.0,0.028956825648701834,,0.8333333333333334,0.9093245179129282,"[""unseen_polygon"", ""interval_not_coverage_certified""]",empirical_oof_not_certified,0.95,source_mixture_affine
AOI-0025,2025-08-07,0.7727659195694148,0.2101216927072734,0.017112387723311737,0.0,1.0,5.0,0.010101366643632856,,0.9375,0.7727659195694148,"[""unseen_polygon"", ""interval_not_coverage_certified""]",empirical_oof_not_certified,0.95,source_mixture_affine
AOI-0025,2025-08-30,0.14726739513710055,0.8520751311466114,0.0006574737162882827,0.0,1.0,2.0,0.022006321990434258,,0.9375,0.8520751311466114,"[""unseen_polygon"", ""interval_not_coverage_certified""]",empirical_oof_not_certified,0.95,source_mixture_affine
AOI-0025,2025-09-07,0.05071081070637568,0.9492891892936244,0.0,0.0,6.0,1.0,0.028061916283829924,,0.9375,0.9492891892936244,"[""unseen_polygon"", ""interval_not_coverage_certified""]",empirical_oof_not_certified,0.95,source_mixture_affine
AOI-0025,2025-09-14,0.06203802821276685,0.21842953498385942,0.7195324368033741,0.0,3.0,1.0,0.02292926402100727,,0.9375,0.7195324368033741,"[""unseen_polygon"", ""interval_not_coverage_certified""]",empirical_oof_not_certified,0.95,source_mixture_affine
AOI-0025,2025-10-17,0.04165007275910349,0.9402789921123264,0.018070935128570324,0.0,1.0,11.0,0.11949279966703724,,0.9375,0.9402789921123264,"[""unseen_polygon"", ""interval_not_coverage_certified""]",empirical_oof_not_certified,0.95,source_mixture_affine
AOI-0026,2025-04-07,0.1377089772646979,0.06725597359483954,0.7950350491404626,0.0,3.0,7.0,0.07176939992217604,,0.8333333333333334,0.7950350491404626,"[""interval_not_coverage_certified""]",empirical_oof_not_certified,0.95,source_mixture_affine
AOI-0026,2025-04-24,0.801539198003974,0.179535415471081,0.018925386524944885,0.0,1.0,5.0,0.05902705362371696,,0.9375,0.801539198003974,"[""interval_not_coverage_certified""]",empirical_oof_not_certified,0.95,source_mixture_affine
AOI-0026,2025-05-09,0.14835072558820234,0.019608837791579375,0.8320404366202183,0.0,5.0,5.0,0.02189919997246159,,0.75,0.8320404366202183,"[""interval_not_coverage_certified""]",empirical_oof_not_certified,0.95,source_mixture_affine
AOI-0026,2025-06-13,0.7464146081880904,0.2521644186480383,0.0014209731638711546,0.0,2.0,13.0,0.046842110269428194,,0.8823529411764706,0.7464146081880904,"[""interval_not_coverage_certified""]",empirical_oof_not_certified,0.95,source_mixture_affine
AOI-0026,2025-07-08,0.6619894288178001,0.321674725617617,0.01633584556458237,0.0,3.0,13.0,0.03869415336088311,,0.8333333333333334,0.6619894288178001,"[""interval_not_coverage_certified""]",empirical_oof_not_certified,0.95,source_mixture_affine
AOI-0026,2025-07-10,0.881056434897812,0.10363692969020566,0.015306635411982052,0.0,5.0,11.0,0.04427919970899952,,0.75,0.881056434897812,"[""interval_not_coverage_certified""]",empirical_oof_not_certified,0.95,source_mixture_affine
AOI-0026,2025-07-12,0.2197015057601071,0.17530022837992384,0.6049982658599693,0.0,7.0,9.0,0.03297197940698782,,0.6818181818181818,0.6049982658599693,"[""interval_not_coverage_certified""]",empirical_oof_not_certified,0.95,source_mixture_affine
AOI-0026,2025-07-13,0.8126295191768503,0.17109144233100188,0.016279038492147572,0.0,8.0,8.0,0.051960848198806975,,0.6521739130434783,0.8126295191768503,"[""interval_not_coverage_certified""]",empirical_oof_not_certified,0.95,source_mixture_affine
AOI-0026,2025-07-18,0.901206177204829,0.08483071070174923,0.013963112093421553,0.0,13.0,3.0,0.046066819736286124,,0.8333333333333334,0.901206177204829,"[""interval_not_coverage_certified""]",empirical_oof_not_certified,0.95,source_mixture_affine
AOI-0026,2025-07-30,0.7829914545347688,0.20142538844959926,0.015583157015631868,0.0,1.0,7.0,0.017698709185084843,,0.9375,0.7829914545347688,"[""interval_not_coverage_certified""]",empirical_oof_not_certified,0.95,source_mixture_affine
AOI-0026,2025-08-19,0.8982094080002462,0.0890843939211303,0.012706198078623766,0.0,2.0,3.0,0.018762731260713664,,0.8823529411764706,0.8982094080002462,"[""interval_not_coverage_certified""]",empirical_oof_not_certified,0.95,source_mixture_affine
AOI-0026,2025-09-08,0.7469512176011724,0.23746562538319566,0.015583157015631868,0.0,1.0,3.0,0.008875629209328786,,0.9375,0.7469512176011724,"[""interval_not_coverage_certified""]",empirical_oof_not_certified,0.95,source_mixture_affine
AOI-0026,2025-09-23,0.5489614620193708,0.4327743313558092,0.018264206624819937,0.0,2.0,3.0,0.009964188446612024,,0.8823529411764706,0.5489614620193708,"[""interval_not_coverage_certified""]",empirical_oof_not_certified,0.95,source_mixture_affine
AOI-0026,2025-09-30,0.04723713990660274,0.10244019015881939,0.8503226699345778,0.0,2.0,16.0,0.013876553149768184,,0.8823529411764706,0.8503226699345778,"[""interval_not_coverage_certified""]",empirical_oof_not_certified,0.95,source_mixture_affine
AOI-0027,2025-04-16,0.48737922964909147,0.49678474679230367,0.015836023558604976,0.0,2.0,3.0,0.07166090598917518,,0.8823529411764706,0.49678474679230367,"[""interval_not_coverage_certified""]",empirical_oof_not_certified,0.95,source_mixture_affine
AOI-0027,2025-04-24,0.8184053736940891,0.16770619295266054,0.013888433353250358,0.0,1.0,7.0,0.07710788970060822,,0.9375,0.8184053736940891,"[""interval_not_coverage_certified""]",empirical_oof_not_certified,0.95,source_mixture_affine
AOI-0027,2025-06-13,0.7734132917322128,0.2238173539017116,0.0027693543660757334,0.0,2.0,13.0,0.03659749046100169,,0.8823529411764706,0.7734132917322128,"[""interval_not_coverage_certified""]",empirical_oof_not_certified,0.95,source_mixture_affine
AOI-0027,2025-06-27,0.543427189005024,0.4397048194405948,0.01686799155438118,0.0,1.0,11.0,0.035645316467603744,,0.9375,0.543427189005024,"[""interval_not_coverage_certified""]",empirical_oof_not_certified,0.95,source_mixture_affine
AOI-0027,2025-07-05,0.4610809742473747,0.5209240494281661,0.01799497632445929,0.0,9.0,3.0,0.002397809705589088,,0.8333333333333334,0.5209240494281661,"[""interval_not_coverage_certified""]",empirical_oof_not_certified,0.95,source_mixture_affine
AOI-0027,2025-07-12,0.22847919851263285,0.19308224124117918,0.5784385602461882,0.0,2.0,6.0,0.05776071777966579,,0.8823529411764706,0.5784385602461882,"[""interval_not_coverage_certified""]",empirical_oof_not_certified,0.95,source_mixture_affine
AOI-0027,2025-07-13,0.8307846136841479,0.1542397507292924,0.0149756355865596,0.0,3.0,5.0,0.025411307786836812,,0.8333333333333334,0.8307846136841479,"[""interval_not_coverage_certified""]",empirical_oof_not_certified,0.95,source_mixture_affine
AOI-0027,2025-07-23,0.7454106706884016,0.23961369372503896,0.0149756355865596,0.0,2.0,5.0,0.002112517182554202,,0.8823529411764706,0.7454106706884016,"[""interval_not_coverage_certified""]",empirical_oof_not_certified,0.95,source_mixture_affine
AOI-0027,2025-07-29,0.03732994080685374,0.9586985567619282,0.003971502431218072,0.0,1.0,1.0,0.04867175878708581,,0.9375,0.9586985567619282,"[""interval_not_coverage_certified""]",empirical_oof_not_certified,0.95,source_mixture_affine
AOI-0027,2025-08-19,0.8762767874055115,0.11040589322362558,0.013317319370863091,0.0,5.0,3.0,0.008380695379967107,,0.8333333333333334,0.8762767874055115,"[""interval_not_coverage_certified""]",empirical_oof_not_certified,0.95,source_mixture_affine
AOI-0027,2025-08-30,0.07460665214211057,0.9232901662663814,0.00210318159150802,0.0,1.0,2.0,0.03573914819474608,,0.9375,0.9232901662663814,"[""interval_not_coverage_certified""]",empirical_oof_not_certified,0.95,source_mixture_affine
AOI-0027,2025-09-16,0.6987410600001476,0.2851866513584995,0.01607228864135286,0.0,1.0,5.0,0.0029338246430275217,,0.9375,0.6987410600001476,"[""interval_not_coverage_certified""]",empirical_oof_not_certified,0.95,source_mixture_affine
AOI-0027,2025-10-16,0.375308776293332,0.09582950845339107,0.5288617152532769,0.0,16.0,1.0,0.051675959530684656,,0.9375,0.5288617152532769,"[""interval_not_coverage_certified""]",empirical_oof_not_certified,0.95,source_mixture_affine
AOI-0028,2010-04-07,0.014696171157560993,0.4172338765965237,0.5680699522459155,0.0,,16.0,0.020796838595183276,one_neighbor_plus_seasonal_prior,0.24193548387096778,0.5680699522459155,"[""one_sided_or_no_context"", ""unseen_polygon"", ""interval_not_coverage_certified""]",empirical_oof_not_certified,0.95,source_mixture_affine
AOI-0028,2010-04-15,0.00028381629424131436,0.9625555033809817,0.037160680324776874,0.0,,8.0,0.015959137080963914,one_neighbor_plus_seasonal_prior,0.32608695652173914,0.9625555033809817,"[""one_sided_or_no_context"", ""unseen_polygon"", ""interval_not_coverage_certified""]",empirical_oof_not_certified,0.95,source_mixture_affine
AOI-0028,2010-10-24,0.0015536575640825842,0.9944169084022243,0.004029434033692978,0.0,8.0,160.0,0.013290075439245791,,0.6521739130434783,0.9944169084022243,"[""unseen_polygon"", ""interval_not_coverage_certified""]",empirical_oof_not_certified,0.95,source_mixture_affine
AOI-0028,2011-05-25,0.034828712633497336,0.09820148114385971,0.8669698062226432,0.0,16.0,3.0,0.023514916018929077,,0.8333333333333334,0.8669698062226432,"[""unseen_polygon"", ""interval_not_coverage_certified""]",empirical_oof_not_certified,0.95,source_mixture_affine
AOI-0028,2011-07-28,0.05987453830571033,0.24650654485761947,0.6936189168366704,0.0,13.0,3.0,0.012263125596815527,,0.8333333333333334,0.6936189168366704,"[""unseen_polygon"", ""interval_not_coverage_certified""]",empirical_oof_not_certified,0.95,source_mixture_affine
AOI-0028,2011-08-08,0.0,1.0,0.0,0.0,8.0,5.0,0.010628378884746326,,0.75,1.0,"[""unseen_polygon"", ""interval_not_coverage_certified""]",empirical_oof_not_certified,0.95,source_mixture_affine
AOI-0028,2011-10-11,0.006341381360115166,0.9936586186398848,0.0,0.0,11.0,5.0,0.03078348834166819,,0.75,0.9936586186398848,"[""unseen_polygon"", ""interval_not_coverage_certified""]",empirical_oof_not_certified,0.95,source_mixture_affine
AOI-0028,2012-04-22,0.02773344602772033,0.2990778648426084,0.6731886891296713,0.0,16.0,14.0,0.0005680917921344619,,0.5172413793103449,0.6731886891296713,"[""unseen_polygon"", ""interval_not_coverage_certified""]",empirical_oof_not_certified,0.95,source_mixture_affine
AOI-0028,2012-09-27,0.00405085747717502,0.9959491425228251,0.0,0.0,14.0,2.0,0.020657906055678382,,0.8823529411764706,0.9959491425228251,"[""unseen_polygon"", ""interval_not_coverage_certified""]",empirical_oof_not_certified,0.95,source_mixture_affine
AOI-0028,2012-10-15,0.01869764929444291,0.3476031562965472,0.6336991944090099,0.0,2.0,182.0,0.0013060461003336632,,0.8823529411764706,0.6336991944090099,"[""unseen_polygon"", ""interval_not_coverage_certified""]",empirical_oof_not_certified,0.95,source_mixture_affine
AOI-0028,2013-04-07,0.055465879431533874,0.2557426716891757,0.6887914488792908,0.0,176.0,8.0,0.0008151517447972656,,0.6521739130434783,0.6887914488792908,"[""unseen_polygon"", ""interval_not_coverage_certified""]",empirical_oof_not_certified,0.95,source_mixture_affine
AOI-0028,2013-06-10,0.02258114980454043,0.35240880141697906,0.6250100487784807,0.0,16.0,24.0,0.022223997156115977,,0.48387096774193555,0.6250100487784807,"[""unseen_polygon"", ""interval_not_coverage_certified""]",empirical_oof_not_certified,0.95,source_mixture_affine
AOI-0028,2013-06-26,0.015222005978397037,0.5860464336497204,0.39873156037188245,0.0,32.0,8.0,0.028101936574783187,,0.6521739130434783,0.5860464336497204,"[""unseen_polygon"", ""interval_not_coverage_certified""]",empirical_oof_not_certified,0.95,source_mixture_affine
AOI-0028,2013-08-29,0.05549042377306282,0.2569100502935983,0.6875995259333391,0.0,8.0,16.0,0.010236869567281925,,0.6521739130434783,0.6875995259333391,"[""unseen_polygon"", ""interval_not_coverage_certified""]",empirical_oof_not_certified,0.95,source_mixture_affine
AOI-0028,2014-04-07,0.04223552619353577,0.14715557437043075,0.8106088994360339,0.0,165.0,3.0,0.08365082240637223,,0.8333333333333334,0.8106088994360339,"[""unseen_polygon"", ""interval_not_coverage_certified""]",empirical_oof_not_certified,0.95,source_mixture_affine
AOI-0028,2014-05-04,0.0023670708955223886,0.9976329291044777,0.0,0.0,11.0,5.0,0.00703597154000718,,0.75,0.9976329291044777,"[""unseen_polygon"", ""interval_not_coverage_certified""]",empirical_oof_not_certified,0.95,source_mixture_affine
AOI-0028,2014-07-28,0.06654109693351382,0.22994862538530775,0.7035102776811786,0.0,5.0,3.0,0.00625174342658133,,0.8333333333333334,0.7035102776811786,"[""unseen_polygon"", ""interval_not_coverage_certified""]",empirical_oof_not_certified,0.95,source_mixture_affine
AOI-0028,2014-10-11,0.0,1.0,0.0,0.0,8.0,5.0,0.0038379796875602085,,0.75,1.0,"[""unseen_polygon"", ""interval_not_coverage_certified""]",empirical_oof_not_certified,0.95,source_mixture_affine
AOI-0028,2015-04-13,0.007455473189538495,0.9925445268104615,0.0,0.0,6.0,10.0,0.04660798631396568,,0.7142857142857143,0.9925445268104615,"[""unseen_polygon"", ""interval_not_coverage_certified""]",empirical_oof_not_certified,0.95,source_mixture_affine
AOI-0028,2015-08-27,0.0,1.0,0.0,0.0,14.0,2.0,0.03770631867701557,,0.8823529411764706,1.0,"[""unseen_polygon"", ""interval_not_coverage_certified""]",empirical_oof_not_certified,0.95,source_mixture_affine
AOI-0028,2015-09-28,0.002099310746529463,0.9979006892534705,0.0,0.0,8.0,2.0,0.005934839859010221,,0.8823529411764706,0.9979006892534705,"[""unseen_polygon"", ""interval_not_coverage_certified""]",empirical_oof_not_certified,0.95,source_mixture_affine
AOI-0028,2016-04-07,0.00359460494600968,0.9689551883556061,0.027450206698384085,0.0,1.0,15.0,0.07125366449766257,,0.9375,0.9689551883556061,"[""unseen_polygon"", ""interval_not_coverage_certified""]",empirical_oof_not_certified,0.95,source_mixture_affine
AOI-0028,2016-04-23,0.0013153435789339766,0.9986846564210662,0.0,0.0,1.0,15.0,0.06037149851377188,,0.9375,0.9986846564210662,"[""unseen_polygon"", ""interval_not_coverage_certified""]",empirical_oof_not_certified,0.95,source_mixture_affine
AOI-0028,2016-06-09,0.05124288129798733,0.2669537513533068,0.6818033673487058,0.0,15.0,9.0,0.005721550034358203,,0.625,0.6818033673487058,"[""unseen_polygon"", ""interval_not_coverage_certified""]",empirical_oof_not_certified,0.95,source_mixture_affine
AOI-0028,2016-06-10,0.009022182022976949,0.9280482586894326,0.06292955928759039,0.0,16.0,8.0,0.014235255186952955,,0.6521739130434783,0.9280482586894326,"[""unseen_polygon"", ""interval_not_coverage_certified""]",empirical_oof_not_certified,0.95,source_mixture_affine
AOI-0028,2016-06-25,0.02703715419618094,0.42838179367353474,0.5445810521302845,0.0,7.0,1.0,0.044278376790557905,,0.9375,0.5445810521302845,"[""unseen_polygon"", ""interval_not_coverage_certified""]",empirical_oof_not_certified,0.95,source_mixture_affine
AOI-0028,2016-07-27,0.017264431540892383,0.5870659037018169,0.39566966475729065,0.0,15.0,1.0,0.0005556847340948967,,0.9375,0.5870659037018169,"[""unseen_polygon"", ""interval_not_coverage_certified""]",empirical_oof_not_certified,0.95,source_mixture_affine
AOI-0028,2016-09-06,0.0005344813581350013,0.9994655186418651,0.0,0.0,8.0,7.0,0.001120085291160755,,0.6818181818181818,0.9994655186418651,"[""unseen_polygon"", ""interval_not_coverage_certified""]",empirical_oof_not_certified,0.95,source_mixture_affine
AOI-0028,2017-04-26,0.8758094264923976,0.12419057350760214,0.0,0.0,3.0,5.0,0.024847495787814367,,0.8333333333333334,0.8758094264923976,"[""unseen_polygon"", ""interval_not_coverage_certified""]",empirical_oof_not_certified,0.95,source_mixture_affine
AOI-0028,2017-07-23,0.07155675169661908,0.928443248303381,0.0,0.0,8.0,2.0,0.012242996299666964,,0.8823529411764706,0.928443248303381,"[""unseen_polygon"", ""interval_not_coverage_certified""]",empirical_oof_not_certified,0.95,source_mixture_affine
AOI-0028,2017-08-09,0.7257589046603092,0.26243256223533074,0.011808533104359973,0.0,1.0,5.0,0.0030712763249198666,,0.9375,0.7257589046603092,"[""unseen_polygon"", ""interval_not_coverage_certified""]",empirical_oof_not_certified,0.95,source_mixture_affine
AOI-0028,2017-08-13,0.2758935212921433,0.10261177035526808,0.6214947083525886,0.0,5.0,1.0,0.025709324474820536,,0.9375,0.6214947083525886,"[""unseen_polygon"", ""interval_not_coverage_certified""]",empirical_oof_not_certified,0.95,source_mixture_affine
AOI-0028,2017-08-29,0.4145933698063907,0.08704938315497249,0.49835724703863676,0.0,5.0,3.0,0.0028701670302005294,,0.8333333333333334,0.49835724703863676,"[""unseen_polygon"", ""interval_not_coverage_certified""]",empirical_oof_not_certified,0.95,source_mixture_affine
AOI-0028,2017-09-17,0.27328674346966864,0.7267132565303314,0.0,0.0,3.0,1.0,0.0198180397867172,,0.9375,0.7267132565303314,"[""unseen_polygon"", ""interval_not_coverage_certified""]",empirical_oof_not_certified,0.95,source_mixture_affine
AOI-0028,2018-05-11,0.8057523221855053,0.19015518494151387,0.004092492872980678,0.0,2.0,4.0,0.018199225666966024,,0.8823529411764706,0.8057523221855053,"[""unseen_polygon"", ""interval_not_coverage_certified""]",empirical_oof_not_certified,0.95,source_mixture_affine
AOI-0028,2018-08-19,0.026932884450331426,0.9730671155496688,0.0,0.0,6.0,8.0,0.00598561654838467,,0.7142857142857143,0.9730671155496688,"[""unseen_polygon"", ""interval_not_coverage_certified""]",empirical_oof_not_certified,0.95,source_mixture_affine
AOI-0028,2018-08-29,0.08635647107752532,0.2646353983631685,0.6490081305593065,0.0,2.0,6.0,0.023206209292611246,,0.8823529411764706,0.6490081305593065,"[""unseen_polygon"", ""interval_not_coverage_certified""]",empirical_oof_not_certified,0.95,source_mixture_affine
AOI-0028,2018-09-12,0.07473646588824835,0.9252635341117512,0.0,0.0,8.0,1.0,0.016904027787271944,,0.9375,0.9252635341117512,"[""unseen_polygon"", ""interval_not_coverage_certified""]",empirical_oof_not_certified,0.95,source_mixture_affine
AOI-0028,2018-10-08,0.8324906148455863,0.16205236827817837,0.005457016876235356,0.0,2.0,5.0,0.009873197735331588,,0.8823529411764706,0.8324906148455863,"[""unseen_polygon"", ""interval_not_coverage_certified""]",empirical_oof_not_certified,0.95,source_mixture_affine
AOI-0028,2019-04-06,0.950762109067618,0.046622671352184494,0.002615219580197339,0.0,5.0,1.0,0.05486852412163179,,0.9375,0.950762109067618,"[""unseen_polygon"", ""interval_not_coverage_certified""]",empirical_oof_not_certified,0.95,source_mixture_affine
AOI-0028,2019-05-02,0.05694036863985048,0.9430596313601493,0.0,0.0,1.0,4.0,0.025237482040427764,,0.9375,0.9430596313601493,"[""unseen_polygon"", ""interval_not_coverage_certified""]",empirical_oof_not_certified,0.95,source_mixture_affine
AOI-0028,2019-05-25,0.3185357293809295,0.08308626862850237,0.598378001990568,0.0,4.0,6.0,0.05611691260746027,,0.7894736842105263,0.598378001990568,"[""unseen_polygon"", ""interval_not_coverage_certified""]",empirical_oof_not_certified,0.95,source_mixture_affine
AOI-0028,2019-06-27,0.7179912258424462,0.28200877415755377,0.0,0.0,1.0,3.0,0.019108830743954947,,0.9375,0.7179912258424462,"[""unseen_polygon"", ""interval_not_coverage_certified""]",empirical_oof_not_certified,0.95,source_mixture_affine
AOI-0028,2019-08-09,0.8381107678036176,0.16188923219638235,0.0,0.0,3.0,4.0,0.0242560261001874,,0.8333333333333334,0.8381107678036176,"[""unseen_polygon"", ""interval_not_coverage_certified""]",empirical_oof_not_certified,0.95,source_mixture_affine
AOI-0028,2019-08-24,0.597658511110288,0.39552105046386077,0.006820438425851205,0.0,2.0,5.0,0.015399420077360185,,0.8823529411764706,0.597658511110288,"[""unseen_polygon"", ""interval_not_coverage_certified""]",empirical_oof_not_certified,0.95,source_mixture_affine
AOI-0028,2019-10-17,0.06806639517292755,0.9319336048270723,0.0,0.0,1.0,6.0,0.05417742284867394,,0.9375,0.9319336048270723,"[""unseen_polygon"", ""interval_not_coverage_certified""]",empirical_oof_not_certified,0.95,source_mixture_affine
AOI-0028,2020-04-25,0.8281939599620454,0.16057108524711236,0.01123495479084242,0.0,3.0,1.0,0.002258288690463628,,0.9375,0.8281939599620454,"[""unseen_polygon"", ""interval_not_coverage_certified""]",empirical_oof_not_certified,0.95,source_mixture_affine
AOI-0028,2020-05-04,0.308529701329434,0.6903293096690937,0.001140989001472244,0.0,4.0,8.0,0.03533461792547199,,0.7894736842105263,0.6903293096690937,"[""unseen_polygon"", ""interval_not_coverage_certified""]",empirical_oof_not_certified,0.95,source_mixture_affine
AOI-0028,2020-05-08,0.16063781449349812,0.14756591683744458,0.6917962686690575,0.0,8.0,4.0,0.024593263622023742,,0.7894736842105263,0.6917962686690575,"[""unseen_polygon"", ""interval_not_coverage_certified""]",empirical_oof_not_certified,0.95,source_mixture_affine
AOI-0028,2020-05-30,0.8482461335872474,0.15097731128007866,0.0007765551326735506,0.0,2.0,5.0,0.033233082097573474,,0.8823529411764706,0.8482461335872474,"[""unseen_polygon"", ""interval_not_coverage_certified""]",empirical_oof_not_certified,0.95,source_mixture_affine
AOI-0028,2020-07-14,0.7908905210145217,0.20410947898547832,0.005,0.0,3.0,1.0,0.03275454709482242,,0.9375,0.7908905210145217,"[""unseen_polygon"", ""interval_not_coverage_certified""]",empirical_oof_not_certified,0.95,source_mixture_affine
AOI-0028,2020-08-03,0.8834508641935568,0.11654913580644298,0.0,0.0,3.0,9.0,0.01926677437085239,,0.8333333333333334,0.8834508641935568,"[""unseen_polygon"", ""interval_not_coverage_certified""]",empirical_oof_not_certified,0.95,source_mixture_affine
AOI-0028,2020-08-08,0.8709254765756114,0.12907452342438852,0.0,0.0,8.0,4.0,0.016834536659985633,,0.7894736842105263,0.8709254765756114,"[""unseen_polygon"", ""interval_not_coverage_certified""]",empirical_oof_not_certified,0.95,source_mixture_affine
AOI-0028,2020-09-02,0.8100518026925834,0.18917164217474347,0.0007765551326735506,0.0,1.0,5.0,0.00011491810544070336,,0.9375,0.8100518026925834,"[""unseen_polygon"", ""interval_not_coverage_certified""]",empirical_oof_not_certified,0.95,source_mixture_affine
AOI-0028,2020-09-13,0.21631199335915605,0.17185877870500224,0.6118292279358417,0.0,1.0,4.0,0.027305421258000034,,0.9375,0.6118292279358417,"[""unseen_polygon"", ""interval_not_coverage_certified""]",empirical_oof_not_certified,0.95,source_mixture_affine
AOI-0028,2021-06-14,0.9559646682686104,0.043574837948809654,0.00046049378257992303,0.0,4.0,5.0,0.08624983844452677,,0.7894736842105263,0.9559646682686104,"[""unseen_polygon"", ""interval_not_coverage_certified""]",empirical_oof_not_certified,0.95,source_mixture_affine
AOI-0028,2021-06-16,0.6842045541238907,0.31426711346501296,0.0015283324110961206,0.0,6.0,3.0,0.049610206194696416,,0.8333333333333334,0.6842045541238907,"[""unseen_polygon"", ""interval_not_coverage_certified""]",empirical_oof_not_certified,0.95,source_mixture_affine
AOI-0028,2021-06-24,0.7144489030599952,0.27943238737257997,0.006118709567424723,0.0,5.0,8.0,0.002496039964944019,,0.75,0.7144489030599952,"[""unseen_polygon"", ""interval_not_coverage_certified""]",empirical_oof_not_certified,0.95,source_mixture_affine
AOI-0028,2021-06-26,0.39886412776023733,0.12134465026524847,0.4797912219745142,0.0,7.0,6.0,0.008061629024199435,,0.7142857142857143,0.4797912219745142,"[""unseen_polygon"", ""interval_not_coverage_certified""]",empirical_oof_not_certified,0.95,source_mixture_affine
AOI-0028,2021-07-24,0.9454694017744251,0.054530598225574906,0.0,0.0,5.0,2.0,0.009876424952501739,,0.8823529411764706,0.9454694017744251,"[""unseen_polygon"", ""interval_not_coverage_certified""]",empirical_oof_not_certified,0.95,source_mixture_affine
AOI-0028,2021-10-27,0.9485393215670568,0.0412252061717983,0.010235472261144735,0.0,5.0,3.0,0.023927171055396823,,0.8333333333333334,0.9485393215670568,"[""unseen_polygon"", ""interval_not_coverage_certified""]",empirical_oof_not_certified,0.95,source_mixture_affine
AOI-0028,2022-04-07,0.5196626681134507,0.2151001704569027,0.2652371614296466,0.0,159.0,1.0,0.03134903073905804,,0.9375,0.5196626681134507,"[""unseen_polygon"", ""interval_not_coverage_certified""]",empirical_oof_not_certified,0.95,source_mixture_affine
AOI-0028,2022-04-23,0.2429759571715047,0.09866965075456527,0.65835439207393,0.0,8.0,2.0,0.04342392267585127,,0.8823529411764706,0.65835439207393,"[""unseen_polygon"", ""interval_not_coverage_certified""]",empirical_oof_not_certified,0.95,source_mixture_affine
AOI-0028,2022-06-09,0.9464220914022319,0.05357790859776799,0.0,0.0,5.0,1.0,0.004485941866544385,,0.9375,0.9464220914022319,"[""unseen_polygon"", ""interval_not_coverage_certified""]",empirical_oof_not_certified,0.95,source_mixture_affine
AOI-0028,2022-06-29,0.8792404598556489,0.12029904636177115,0.00046049378257992303,0.0,3.0,1.0,0.021309384211520788,,0.9375,0.8792404598556489,"[""unseen_polygon"", ""interval_not_coverage_certified""]",empirical_oof_not_certified,0.95,source_mixture_affine
AOI-0028,2022-07-28,0.19564893912641812,0.36921623409037435,0.4351348267832076,0.0,4.0,1.0,0.05596168855557042,,0.9375,0.4351348267832076,"[""unseen_polygon"", ""interval_not_coverage_certified""]",empirical_oof_not_certified,0.95,source_mixture_affine
AOI-0028,2022-08-03,0.6890217468897402,0.30659032139757014,0.004387931712689796,0.0,5.0,10.0,0.015064226551574827,,0.75,0.6890217468897402,"[""unseen_polygon"", ""interval_not_coverage_certified""]",empirical_oof_not_certified,0.95,source_mixture_affine
AOI-0028,2022-08-08,0.7835015887236776,0.216498411276322,0.0,0.0,10.0,5.0,0.009480282288853809,,0.75,0.7835015887236776,"[""unseen_polygon"", ""interval_not_coverage_certified""]",empirical_oof_not_certified,0.95,source_mixture_affine
AOI-0028,2022-08-30,0.6290165242977577,0.37098347570224227,0.0,0.0,1.0,3.0,0.007934508787497935,,0.9375,0.6290165242977577,"[""unseen_polygon"", ""interval_not_coverage_certified""]",empirical_oof_not_certified,0.95,source_mixture_affine
AOI-0028,2022-10-01,0.331506323841852,0.6652612916221279,0.0032323845360199073,0.0,1.0,1.0,0.0016279846789683527,,0.9375,0.6652612916221279,"[""unseen_polygon"", ""interval_not_coverage_certified""]",empirical_oof_not_certified,0.95,source_mixture_affine
AOI-0028,2023-04-07,0.17492762873527265,0.1524565442398825,0.672615827024845,0.0,167.0,16.0,0.0025978698171927606,,0.48387096774193555,0.672615827024845,"[""unseen_polygon"", ""interval_not_coverage_certified""]",empirical_oof_not_certified,0.95,source_mixture_affine
AOI-0028,2023-04-11,0.09765729954940097,0.8832306077914817,0.019112092659117275,0.0,171.0,12.0,0.02089093044593096,,0.5555555555555556,0.8832306077914817,"[""unseen_polygon"", ""interval_not_coverage_certified""]",empirical_oof_not_certified,0.95,source_mixture_affine
AOI-0028,2023-05-05,0.2456781308860886,0.7496057255011869,0.004716143612724863,0.0,8.0,8.0,0.016004539433058268,,0.6521739130434783,0.7496057255011869,"[""unseen_polygon"", ""interval_not_coverage_certified""]",empirical_oof_not_certified,0.95,source_mixture_affine
AOI-0028,2023-05-09,0.1691406093635675,0.16120907865573147,0.6696503119807012,0.0,12.0,4.0,0.03234609802413199,,0.7894736842105263,0.6696503119807012,"[""unseen_polygon"", ""interval_not_coverage_certified""]",empirical_oof_not_certified,0.95,source_mixture_affine
AOI-0028,2023-06-09,0.44582060226256476,0.5541793977374355,0.0,0.0,3.0,1.0,0.03289655891918225,,0.9375,0.5541793977374355,"[""unseen_polygon"", ""interval_not_coverage_certified""]",empirical_oof_not_certified,0.95,source_mixture_affine
AOI-0028,2023-08-06,0.3276210001625747,0.6684038350359538,0.003975164801471716,0.0,3.0,2.0,0.01975345559820102,,0.8823529411764706,0.6684038350359538,"[""unseen_polygon"", ""interval_not_coverage_certified""]",empirical_oof_not_certified,0.95,source_mixture_affine
AOI-0028,2023-08-23,0.7895793203001068,0.20207282178534494,0.008347857914548189,0.0,5.0,2.0,0.008275051027532149,,0.8823529411764706,0.7895793203001068,"[""unseen_polygon"", ""interval_not_coverage_certified""]",empirical_oof_not_certified,0.95,source_mixture_affine
AOI-0028,2023-08-29,0.15708426738514472,0.12314185748696684,0.7197738751278883,0.0,1.0,4.0,0.03876100359761184,,0.9375,0.7197738751278883,"[""unseen_polygon"", ""interval_not_coverage_certified""]",empirical_oof_not_certified,0.95,source_mixture_affine
AOI-0028,2023-09-22,0.9708011034347805,0.018420892646587552,0.010778003918631906,0.0,4.0,4.0,0.01491561592887447,,0.7894736842105263,0.9708011034347805,"[""unseen_polygon"", ""interval_not_coverage_certified""]",empirical_oof_not_certified,0.95,source_mixture_affine
AOI-0028,2023-09-24,0.6178809148487726,0.36612356901203247,0.01599551613919488,0.0,6.0,2.0,0.013095792584813748,,0.8823529411764706,0.6178809148487726,"[""unseen_polygon"", ""interval_not_coverage_certified""]",empirical_oof_not_certified,0.95,source_mixture_affine
AOI-0028,2023-09-30,0.29353497178721183,0.10214797209400434,0.6043170561187842,0.0,1.0,2.0,0.026071525036251597,,0.9375,0.6043170561187842,"[""unseen_polygon"", ""interval_not_coverage_certified""]",empirical_oof_not_certified,0.95,source_mixture_affine
AOI-0028,2024-05-07,0.2870169625233925,0.7129830374766079,0.0,0.0,3.0,1.0,0.023660406539357193,,0.9375,0.7129830374766079,"[""unseen_polygon"", ""interval_not_coverage_certified""]",empirical_oof_not_certified,0.95,source_mixture_affine
AOI-0028,2024-05-23,0.3803220061210649,0.6135370048774627,0.006140989001472244,0.0,4.0,8.0,0.01451636982665272,,0.7894736842105263,0.6135370048774627,"[""unseen_polygon"", ""interval_not_coverage_certified""]",empirical_oof_not_certified,0.95,source_mixture_affine
AOI-0028,2024-05-24,0.5477834578750567,0.23035183112162805,0.22186471100331498,0.0,5.0,7.0,0.014044217042795792,,0.75,0.5477834578750567,"[""unseen_polygon"", ""interval_not_coverage_certified""]",empirical_oof_not_certified,0.95,source_mixture_affine
AOI-0028,2024-07-27,0.2951459507906345,0.4800530944169566,0.22480095479240889,0.0,1.0,15.0,0.0023767092832863435,,0.9375,0.4800530944169566,"[""unseen_polygon"", ""interval_not_coverage_certified""]",empirical_oof_not_certified,0.95,source_mixture_affine
AOI-0028,2024-08-03,0.12359327835758903,0.8537497451642554,0.022656976478155667,0.0,8.0,8.0,0.005297854490422166,,0.6521739130434783,0.8537497451642554,"[""unseen_polygon"", ""interval_not_coverage_certified""]",empirical_oof_not_certified,0.95,source_mixture_affine
AOI-0028,2024-08-12,0.4051352842336869,0.3580510447286563,0.23681367103765677,0.0,1.0,5.0,0.017392098243465437,,0.9375,0.4051352842336869,"[""unseen_polygon"", ""interval_not_coverage_certified""]",empirical_oof_not_certified,0.95,source_mixture_affine
AOI-0028,2024-09-11,0.8213494602269269,0.17865053977307332,0.0,0.0,5.0,2.0,0.011341683259895902,,0.8823529411764706,0.8213494602269269,"[""unseen_polygon"", ""interval_not_coverage_certified""]",empirical_oof_not_certified,0.95,source_mixture_affine
AOI-0028,2024-09-16,0.937959818345712,0.06204018165428811,0.0,0.0,3.0,4.0,0.020601392643122468,,0.8333333333333334,0.937959818345712,"[""unseen_polygon"", ""interval_not_coverage_certified""]",empirical_oof_not_certified,0.95,source_mixture_affine
AOI-0028,2025-04-07,0.04529561267473997,0.029718228837756905,0.9249861584875033,0.0,3.0,7.0,0.11908389596104935,,0.8333333333333334,0.9249861584875033,"[""unseen_polygon"", ""interval_not_coverage_certified""]",empirical_oof_not_certified,0.95,source_mixture_affine
AOI-0028,2025-05-24,0.9060433606613099,0.08125044126006646,0.012706198078623766,0.0,3.0,1.0,0.008634468152825092,,0.9375,0.9060433606613099,"[""unseen_polygon"", ""interval_not_coverage_certified""]",empirical_oof_not_certified,0.95,source_mixture_affine
AOI-0028,2025-05-31,0.9582173411199421,0.04132216509747803,0.00046049378257992303,0.0,6.0,3.0,0.039523618123691984,,0.8333333333333334,0.9582173411199421,"[""unseen_polygon"", ""interval_not_coverage_certified""]",empirical_oof_not_certified,0.95,source_mixture_affine
AOI-0028,2025-06-11,0.13054701840552052,0.8688134541071861,0.0006395274872932428,0.0,1.0,2.0,0.005770222794691249,,0.9375,0.8688134541071861,"[""unseen_polygon"", ""interval_not_coverage_certified""]",empirical_oof_not_certified,0.95,source_mixture_affine
AOI-0028,2025-06-26,0.022728346146475162,0.012729293453857664,0.964542360399667,0.0,13.0,9.0,0.031308046865339334,,0.625,0.964542360399667,"[""unseen_polygon"", ""interval_not_coverage_certified""]",empirical_oof_not_certified,0.95,source_mixture_affine
AOI-0028,2025-06-27,0.6093942377050197,0.3747582195946805,0.015847542700299706,0.0,14.0,8.0,0.0191524482166035,,0.6521739130434783,0.6093942377050197,"[""unseen_polygon"", ""interval_not_coverage_certified""]",empirical_oof_not_certified,0.95,source_mixture_affine
AOI-0028,2025-07-10,0.9001182290399184,0.08717557288145786,0.012706198078623766,0.0,2.0,2.0,0.008520872660576051,,0.8823529411764706,0.9001182290399184,"[""unseen_polygon"", ""interval_not_coverage_certified""]",empirical_oof_not_certified,0.95,source_mixture_affine
AOI-0028,2025-07-13,0.8287557018954749,0.1557698372875297,0.01547446081699517,0.0,1.0,5.0,0.015184020464842518,,0.9375,0.8287557018954749,"[""unseen_polygon"", ""interval_not_coverage_certified""]",empirical_oof_not_certified,0.95,source_mixture_affine
AOI-0028,2025-07-23,0.7574230163319686,0.22760134808147187,0.0149756355865596,0.0,2.0,5.0,0.019244224481845595,,0.8823529411764706,0.7574230163319686,"[""unseen_polygon"", ""interval_not_coverage_certified""]",empirical_oof_not_certified,0.95,source_mixture_affine
AOI-0028,2025-08-13,0.05335681354420915,0.2894709673292927,0.6571722191264981,0.0,1.0,1.0,0.012363979706184247,,0.9375,0.6571722191264981,"[""unseen_polygon"", ""interval_not_coverage_certified""]",empirical_oof_not_certified,0.95,source_mixture_affine
AOI-0028,2025-09-08,0.772038521586445,0.21223000589959823,0.015731472513956672,0.0,1.0,6.0,0.03190394637207544,,0.9375,0.772038521586445,"[""unseen_polygon"", ""interval_not_coverage_certified""]",empirical_oof_not_certified,0.95,source_mixture_affine
AOI-0028,2025-09-11,0.9093153411833715,0.07797846073800463,0.012706198078623766,0.0,4.0,3.0,0.022361663812077215,,0.8333333333333334,0.9093153411833715,"[""unseen_polygon"", ""interval_not_coverage_certified""]",empirical_oof_not_certified,0.95,source_mixture_affine
AOI-0028,2025-10-16,0.398771621514811,0.07990575414892584,0.521322624336263,0.0,16.0,1.0,0.021084003665597623,,0.9375,0.521322624336263,"[""unseen_polygon"", ""interval_not_coverage_certified""]",empirical_oof_not_certified,0.95,source_mixture_affine
AOI-0028,2025-10-28,0.8623573484503031,0.06695604221015192,0.07068660933954511,0.0,10.0,,0.009918577012985208,one_neighbor_plus_seasonal_prior,0.30000000000000004,0.8623573484503031,"[""one_sided_or_no_context"", ""unseen_polygon"", ""interval_not_coverage_certified""]",empirical_oof_not_certified,0.95,source_mixture_affine
AOI-0029,2025-04-04,0.9258554959993965,0.07414450400060323,0.0,0.0,3.0,3.0,0.07970244323501008,,0.8333333333333334,0.9258554959993965,"[""unseen_polygon"", ""interval_not_coverage_certified""]",empirical_oof_not_certified,0.95,source_mixture_affine
AOI-0029,2025-04-24,0.8046588632815201,0.1803655011319201,0.0149756355865596,0.0,1.0,5.0,0.057390953673834566,,0.9375,0.8046588632815201,"[""unseen_polygon"", ""interval_not_coverage_certified""]",empirical_oof_not_certified,0.95,source_mixture_affine
AOI-0029,2025-06-08,0.899071235187894,0.08717551289711085,0.013753251914995109,0.0,5.0,18.0,0.057919594964112475,,0.75,0.899071235187894,"[""unseen_polygon"", ""interval_not_coverage_certified""]",empirical_oof_not_certified,0.95,source_mixture_affine
AOI-0029,2025-06-10,0.39668598018672424,0.03231509120038287,0.570998928612893,0.0,7.0,16.0,0.021560428654684882,,0.6818181818181818,0.570998928612893,"[""unseen_polygon"", ""interval_not_coverage_certified""]",empirical_oof_not_certified,0.95,source_mixture_affine
AOI-0029,2025-06-11,0.13232742537075182,0.8616159224430143,0.006056652186233584,0.0,8.0,15.0,0.024283864444048175,,0.6521739130434783,0.8616159224430143,"[""unseen_polygon"", ""interval_not_coverage_certified""]",empirical_oof_not_certified,0.95,source_mixture_affine
AOI-0029,2025-06-13,0.7814687178066617,0.21729681131738385,0.001234470875954384,0.0,10.0,13.0,0.010478495695797063,,0.6000000000000001,0.7814687178066617,"[""unseen_polygon"", ""interval_not_coverage_certified""]",empirical_oof_not_certified,0.95,source_mixture_affine
AOI-0029,2025-07-29,0.049874668209058844,0.9501253317909412,0.0,0.0,1.0,1.0,0.03071393204940026,,0.9375,0.9501253317909412,"[""unseen_polygon"", ""interval_not_coverage_certified""]",empirical_oof_not_certified,0.95,source_mixture_affine
AOI-0029,2025-08-02,0.9017189650753725,0.08557483684600381,0.012706198078623766,0.0,3.0,4.0,0.0020264832044280257,,0.8333333333333334,0.9017189650753725,"[""unseen_polygon"", ""interval_not_coverage_certified""]",empirical_oof_not_certified,0.95,source_mixture_affine
AOI-0029,2025-08-19,0.8979478360993979,0.08934596582197857,0.012706198078623766,0.0,2.0,3.0,0.010226339701702294,,0.8823529411764706,0.8979478360993979,"[""unseen_polygon"", ""interval_not_coverage_certified""]",empirical_oof_not_certified,0.95,source_mixture_affine
AOI-0029,2025-09-11,0.9078053371446191,0.07948846477675717,0.012706198078623766,0.0,3.0,3.0,0.0005528881454772011,,0.8333333333333334,0.9078053371446191,"[""unseen_polygon"", ""interval_not_coverage_certified""]",empirical_oof_not_certified,0.95,source_mixture_affine
AOI-0029,2025-09-16,0.7371373363053191,0.2446536229165758,0.018209040778104996,0.0,1.0,5.0,6.739616094662837e-05,,0.9375,0.7371373363053191,"[""unseen_polygon"", ""interval_not_coverage_certified""]",empirical_oof_not_certified,0.95,source_mixture_affine
AOI-0030,2025-04-21,0.9237109363727147,0.07398651070956158,0.0023025529177240745,0.0,2.0,2.0,0.0361265750171032,,0.8823529411764706,0.9237109363727147,"[""interval_not_coverage_certified""]",empirical_oof_not_certified,0.95,source_mixture_affine
AOI-0030,2025-04-24,0.7987984860211752,0.18521009878194084,0.015991415196884,0.0,1.0,5.0,0.05871573968427246,,0.9375,0.7987984860211752,"[""interval_not_coverage_certified""]",empirical_oof_not_certified,0.95,source_mixture_affine
AOI-0030,2025-06-10,0.30733172255575036,0.0466966473705677,0.6459716300736819,0.0,2.0,1.0,0.03475854283476704,,0.9375,0.6459716300736819,"[""interval_not_coverage_certified""]",empirical_oof_not_certified,0.95,source_mixture_affine
AOI-0030,2025-08-07,0.7471142288292327,0.23730261415513548,0.015583157015631868,0.0,1.0,5.0,0.03394780636498124,,0.9375,0.7471142288292327,"[""interval_not_coverage_certified""]",empirical_oof_not_certified,0.95,source_mixture_affine
AOI-0031,2010-06-04,0.0011643989943403653,0.9988356010056597,0.0,0.0,7.0,1.0,0.024374858822819534,,0.9375,0.9988356010056597,"[""unseen_polygon"", ""interval_not_coverage_certified""]",empirical_oof_not_certified,0.95,source_mixture_affine
AOI-0031,2010-09-14,0.05769614642813373,0.255803592298572,0.6865002612732942,0.0,13.0,11.0,0.026525727333595123,,0.5769230769230769,0.6865002612732942,"[""unseen_polygon"", ""interval_not_coverage_certified""]",empirical_oof_not_certified,0.95,source_mixture_affine
AOI-0031,2011-04-23,0.03673648255066449,0.13647964025296694,0.8267838771963687,0.0,16.0,5.0,0.028089620567219448,,0.75,0.8267838771963687,"[""unseen_polygon"", ""interval_not_coverage_certified""]",empirical_oof_not_certified,0.95,source_mixture_affine
AOI-0031,2011-06-10,0.04186370378592121,0.07887218179853246,0.8792641144155466,0.0,2.0,6.0,0.022758985590982828,,0.8823529411764706,0.8792641144155466,"[""unseen_polygon"", ""interval_not_coverage_certified""]",empirical_oof_not_certified,0.95,source_mixture_affine
AOI-0031,2011-07-09,0.0,1.0,0.0,0.0,7.0,3.0,0.020734585458888566,,0.8333333333333334,1.0,"[""unseen_polygon"", ""interval_not_coverage_certified""]",empirical_oof_not_certified,0.95,source_mixture_affine
AOI-0031,2011-08-11,0.08219263357643232,0.9129881201106869,0.004819246312880872,0.0,1.0,2.0,0.016236184659605024,,0.9375,0.9129881201106869,"[""unseen_polygon"", ""interval_not_coverage_certified""]",empirical_oof_not_certified,0.95,source_mixture_affine
AOI-0031,2011-08-18,0.0005676259309858534,0.9994323740690142,0.0,0.0,5.0,8.0,0.027942076494520587,,0.75,0.9994323740690142,"[""unseen_polygon"", ""interval_not_coverage_certified""]",empirical_oof_not_certified,0.95,source_mixture_affine
AOI-0031,2011-08-19,0.1574503256439013,0.830104539643162,0.012445134712936583,0.0,6.0,7.0,0.04986280057749522,,0.7142857142857143,0.830104539643162,"[""unseen_polygon"", ""interval_not_coverage_certified""]",empirical_oof_not_certified,0.95,source_mixture_affine
AOI-0031,2011-09-19,0.0031992069372982733,0.9968007930627016,0.0,0.0,5.0,1.0,0.030338283019821888,,0.9375,0.9968007930627016,"[""unseen_polygon"", ""interval_not_coverage_certified""]",empirical_oof_not_certified,0.95,source_mixture_affine
AOI-0031,2012-04-06,0.054305677794788856,0.2650923611584747,0.6806019610467365,0.0,173.0,16.0,0.036864488362948644,,0.48387096774193555,0.6806019610467365,"[""unseen_polygon"", ""interval_not_coverage_certified""]",empirical_oof_not_certified,0.95,source_mixture_affine
AOI-0031,2012-04-15,0.08671876458841966,0.8875408212157319,0.025740414195848143,0.0,182.0,7.0,0.07053044062852798,,0.6818181818181818,0.8875408212157319,"[""unseen_polygon"", ""interval_not_coverage_certified""]",empirical_oof_not_certified,0.95,source_mixture_affine
AOI-0031,2013-04-07,0.06247377336005879,0.23401322412914893,0.7035130025107924,0.0,2.0,10.0,0.023877797139493118,,0.8823529411764706,0.7035130025107924,"[""unseen_polygon"", ""interval_not_coverage_certified""]",empirical_oof_not_certified,0.95,source_mixture_affine
AOI-0031,2013-05-09,0.031126324619962734,0.4896540104144269,0.47921966496561036,0.0,5.0,2.0,0.018545620556885467,,0.8823529411764706,0.4896540104144269,"[""unseen_polygon"", ""interval_not_coverage_certified""]",empirical_oof_not_certified,0.95,source_mixture_affine
AOI-0031,2013-05-12,0.1858164194788422,0.6773494696126123,0.13683411090854564,0.0,1.0,7.0,0.05286081762734629,,0.9375,0.6773494696126123,"[""unseen_polygon"", ""interval_not_coverage_certified""]",empirical_oof_not_certified,0.95,source_mixture_affine
AOI-0031,2013-05-25,0.0422428659037677,0.2856529846755245,0.6721041494207078,0.0,5.0,3.0,0.002936282296104986,,0.8333333333333334,0.6721041494207078,"[""unseen_polygon"", ""interval_not_coverage_certified""]",empirical_oof_not_certified,0.95,source_mixture_affine
AOI-0031,2013-06-12,0.00745035712757981,0.9881442080898115,0.004405434782608696,0.0,2.0,1.0,0.01468509673404414,,0.9375,0.9881442080898115,"[""unseen_polygon"", ""interval_not_coverage_certified""]",empirical_oof_not_certified,0.95,source_mixture_affine
AOI-0031,2013-06-28,0.0005304124538597336,0.9994695875461403,0.0,0.0,2.0,1.0,0.014296978227844773,,0.9375,0.9994695875461403,"[""unseen_polygon"", ""interval_not_coverage_certified""]",empirical_oof_not_certified,0.95,source_mixture_affine
AOI-0031,2013-07-23,0.07703839219462076,0.9193193464522744,0.0036422613531047264,0.0,1.0,5.0,0.02179091679814557,,0.9375,0.9193193464522744,"[""unseen_polygon"", ""interval_not_coverage_certified""]",empirical_oof_not_certified,0.95,source_mixture_affine
AOI-0031,2013-08-13,0.06121712330011242,0.23773291987991413,0.7010499568199736,0.0,5.0,2.0,0.014008415263541657,,0.8823529411764706,0.7010499568199736,"[""unseen_polygon"", ""interval_not_coverage_certified""]",empirical_oof_not_certified,0.95,source_mixture_affine
AOI-0031,2013-10-16,0.016568705952605404,0.5210893661207273,0.46234192792666723,0.0,6.0,10.0,0.0036049193124911283,,0.7142857142857143,0.5210893661207273,"[""unseen_polygon"", ""interval_not_coverage_certified""]",empirical_oof_not_certified,0.95,source_mixture_affine
AOI-0031,2014-05-23,0.16772135631727966,0.8211175662372938,0.011161077445426522,0.0,1.0,2.0,0.044872532384071434,,0.9375,0.8211175662372938,"[""unseen_polygon"", ""interval_not_coverage_certified""]",empirical_oof_not_certified,0.95,source_mixture_affine
AOI-0031,2014-06-23,0.003316099341019757,0.9966839006589803,0.0,0.0,7.0,1.0,0.018449848530600166,,0.9375,0.9966839006589803,"[""unseen_polygon"", ""interval_not_coverage_certified""]",empirical_oof_not_certified,0.95,source_mixture_affine
AOI-0031,2014-07-17,0.0005304124538597336,0.9936880798900743,0.005781507656065959,0.0,5.0,9.0,0.020163208399082644,,0.75,0.9936880798900743,"[""unseen_polygon"", ""interval_not_coverage_certified""]",empirical_oof_not_certified,0.95,source_mixture_affine
AOI-0031,2014-07-28,0.05794394474316685,0.24600904867676865,0.6960470065800645,0.0,2.0,6.0,0.01215794250618396,,0.8823529411764706,0.6960470065800645,"[""unseen_polygon"", ""interval_not_coverage_certified""]",empirical_oof_not_certified,0.95,source_mixture_affine
AOI-0031,2014-08-02,0.008241465071191502,0.9319781178379982,0.05978041709081027,0.0,7.0,1.0,0.014863580031112544,,0.9375,0.9319781178379982,"[""unseen_polygon"", ""interval_not_coverage_certified""]",empirical_oof_not_certified,0.95,source_mixture_affine
AOI-0031,2014-08-13,0.0742442309501181,0.22731050852870677,0.6984452605211752,0.0,3.0,5.0,0.004975656050862712,,0.8333333333333334,0.6984452605211752,"[""unseen_polygon"", ""interval_not_coverage_certified""]",empirical_oof_not_certified,0.95,source_mixture_affine
AOI-0031,2014-10-14,0.08292168757982499,0.9003606088902479,0.016717703529927026,0.0,1.0,2.0,0.028202799936203476,,0.9375,0.9003606088902479,"[""unseen_polygon"", ""interval_not_coverage_certified""]",empirical_oof_not_certified,0.95,source_mixture_affine
AOI-0031,2015-09-22,0.005076850015956294,0.9949231499840436,0.0,0.0,7.0,1.0,0.010162336620526458,,0.9375,0.9949231499840436,"[""unseen_polygon"", ""interval_not_coverage_certified""]",empirical_oof_not_certified,0.95,source_mixture_affine
AOI-0031,2015-10-16,0.029494442556706427,0.4702483615856937,0.5002571958575996,0.0,7.0,1.0,0.013989293362361988,,0.9375,0.5002571958575996,"[""unseen_polygon"", ""interval_not_coverage_certified""]",empirical_oof_not_certified,0.95,source_mixture_affine
AOI-0031,2016-04-01,0.03480092423520754,0.9565929709337115,0.008606104831080715,0.0,167.0,5.0,0.0059221280967483025,,0.75,0.9565929709337115,"[""unseen_polygon"", ""interval_not_coverage_certified""]",empirical_oof_not_certified,0.95,source_mixture_affine
AOI-0031,2016-04-17,0.0017697379286521597,0.9854445473312837,0.012785714740064047,0.0,7.0,1.0,0.0013598900382986168,,0.9375,0.9854445473312837,"[""unseen_polygon"", ""interval_not_coverage_certified""]",empirical_oof_not_certified,0.95,source_mixture_affine
AOI-0031,2016-04-22,0.04922481802387439,0.2322273983346106,0.7185477836415153,0.0,4.0,4.0,0.027391149401521292,,0.7894736842105263,0.7185477836415153,"[""unseen_polygon"", ""interval_not_coverage_certified""]",empirical_oof_not_certified,0.95,source_mixture_affine
AOI-0031,2016-05-03,0.009509179837287546,0.9827377319774635,0.007753088185248752,0.0,7.0,5.0,0.003357883437482001,,0.75,0.9827377319774635,"[""unseen_polygon"", ""interval_not_coverage_certified""]",empirical_oof_not_certified,0.95,source_mixture_affine
AOI-0031,2016-05-24,0.037919005356100266,0.15640103060008095,0.8056799640438193,0.0,4.0,20.0,0.012404926724400689,,0.7894736842105263,0.8056799640438193,"[""unseen_polygon"", ""interval_not_coverage_certified""]",empirical_oof_not_certified,0.95,source_mixture_affine
AOI-0031,2016-06-09,0.05758202076035667,0.27453917641892034,0.667878802820723,0.0,20.0,4.0,0.053656764525740364,,0.7894736842105263,0.667878802820723,"[""unseen_polygon"", ""interval_not_coverage_certified""]",empirical_oof_not_certified,0.95,source_mixture_affine
AOI-0031,2016-06-12,0.01020175913262152,0.9189703145327386,0.0708279263346401,0.0,23.0,1.0,0.07390957262667514,,0.9375,0.9189703145327386,"[""unseen_polygon"", ""interval_not_coverage_certified""]",empirical_oof_not_certified,0.95,source_mixture_affine
AOI-0031,2016-06-20,0.011636011425010523,0.9161372064275031,0.07222678214748628,0.0,7.0,1.0,0.039899564166486295,,0.9375,0.9161372064275031,"[""unseen_polygon"", ""interval_not_coverage_certified""]",empirical_oof_not_certified,0.95,source_mixture_affine
AOI-0031,2016-06-25,0.0345305181123688,0.37925909419341536,0.5862103876942159,0.0,4.0,3.0,0.008340346458103276,,0.8333333333333334,0.5862103876942159,"[""unseen_polygon"", ""interval_not_coverage_certified""]",empirical_oof_not_certified,0.95,source_mixture_affine
AOI-0031,2016-07-30,0.010922193634850984,0.9846723715825405,0.004405434782608696,0.0,3.0,1.0,0.014829182667036533,,0.9375,0.9846723715825405,"[""unseen_polygon"", ""interval_not_coverage_certified""]",empirical_oof_not_certified,0.95,source_mixture_affine
AOI-0031,2017-05-06,0.49623445242357084,0.5032534380923291,0.0005121094841000678,0.0,1.0,1.0,0.017148202024539372,,0.9375,0.5032534380923291,"[""unseen_polygon"", ""interval_not_coverage_certified""]",empirical_oof_not_certified,0.95,source_mixture_affine
AOI-0031,2017-06-07,0.08184549081743125,0.9181545091825689,0.0,0.0,8.0,1.0,0.00017056408001769885,,0.9375,0.9181545091825689,"[""unseen_polygon"", ""interval_not_coverage_certified""]",empirical_oof_not_certified,0.95,source_mixture_affine
AOI-0031,2017-08-03,0.4631221284391416,0.5310330697468979,0.0058448018139606595,0.0,1.0,3.0,0.03414279822815196,,0.9375,0.5310330697468979,"[""unseen_polygon"", ""interval_not_coverage_certified""]",empirical_oof_not_certified,0.95,source_mixture_affine
AOI-0031,2017-08-13,0.31597934215599194,0.07572453417106331,0.6082961236729447,0.0,2.0,6.0,0.012926681877801771,,0.8823529411764706,0.6082961236729447,"[""unseen_polygon"", ""interval_not_coverage_certified""]",empirical_oof_not_certified,0.95,source_mixture_affine
AOI-0031,2017-09-04,0.25221181168051365,0.7477881883194862,0.0,0.0,1.0,1.0,0.001266261741529856,,0.9375,0.7477881883194862,"[""unseen_polygon"", ""interval_not_coverage_certified""]",empirical_oof_not_certified,0.95,source_mixture_affine
AOI-0031,2017-09-22,0.8181413091062509,0.16810597583060788,0.013752715063140828,0.0,2.0,5.0,0.023235454387781657,,0.8823529411764706,0.8181413091062509,"[""unseen_polygon"", ""interval_not_coverage_certified""]",empirical_oof_not_certified,0.95,source_mixture_affine
AOI-0031,2018-04-23,0.14411174028050946,0.22771840046283387,0.6281698592566567,0.0,8.0,1.0,0.04738600462666254,,0.9375,0.6281698592566567,"[""unseen_polygon"", ""interval_not_coverage_certified""]",empirical_oof_not_certified,0.95,source_mixture_affine
AOI-0031,2018-05-02,0.24257304094461285,0.7563219632890872,0.0011049957662997462,0.0,1.0,1.0,0.033702844042603375,,0.9375,0.7563219632890872,"[""unseen_polygon"", ""interval_not_coverage_certified""]",empirical_oof_not_certified,0.95,source_mixture_affine
AOI-0031,2018-05-18,0.283818939045945,0.7128740767635408,0.003306984190514308,0.0,1.0,7.0,0.005233188535152589,,0.9375,0.7128740767635408,"[""unseen_polygon"", ""interval_not_coverage_certified""]",empirical_oof_not_certified,0.95,source_mixture_affine
AOI-0031,2018-06-03,0.25283378273331786,0.730791027787454,0.016375189479228006,0.0,1.0,11.0,0.003965318005228688,,0.9375,0.730791027787454,"[""unseen_polygon"", ""interval_not_coverage_certified""]",empirical_oof_not_certified,0.95,source_mixture_affine
AOI-0031,2018-06-10,0.18345141903832668,0.35971201204168035,0.45683656891999286,0.0,8.0,4.0,0.014727985118848999,,0.7894736842105263,0.45683656891999286,"[""unseen_polygon"", ""interval_not_coverage_certified""]",empirical_oof_not_certified,0.95,source_mixture_affine
AOI-0031,2018-06-11,0.280416621602745,0.6998169200694316,0.01976645832782332,0.0,9.0,3.0,0.007193152835509017,,0.8333333333333334,0.6998169200694316,"[""unseen_polygon"", ""interval_not_coverage_certified""]",empirical_oof_not_certified,0.95,source_mixture_affine
AOI-0031,2018-07-13,0.5704979852044637,0.4271891864682902,0.0023128283272459424,0.0,1.0,7.0,0.06755807861969154,,0.9375,0.5704979852044637,"[""unseen_polygon"", ""interval_not_coverage_certified""]",empirical_oof_not_certified,0.95,source_mixture_affine
AOI-0031,2018-09-06,0.04128057591919066,0.9587194240808091,0.0,0.0,1.0,9.0,0.010231562353153742,,0.9375,0.9587194240808091,"[""unseen_polygon"", ""interval_not_coverage_certified""]",empirical_oof_not_certified,0.95,source_mixture_affine
AOI-0031,2018-09-14,0.12153612867913376,0.3279182572593457,0.5505456140615206,0.0,9.0,1.0,0.019525374443970997,,0.9375,0.5505456140615206,"[""unseen_polygon"", ""interval_not_coverage_certified""]",empirical_oof_not_certified,0.95,source_mixture_affine
AOI-0031,2018-10-07,0.1505136862987385,0.8435988037546099,0.005887509946651611,0.0,6.0,2.0,0.008395782446699529,,0.8823529411764706,0.8435988037546099,"[""unseen_polygon"", ""interval_not_coverage_certified""]",empirical_oof_not_certified,0.95,source_mixture_affine
AOI-0031,2018-10-12,0.36153493808757775,0.6142550509615119,0.024210010950910407,0.0,3.0,4.0,0.045717051217574384,,0.8333333333333334,0.6142550509615119,"[""unseen_polygon"", ""interval_not_coverage_certified""]",empirical_oof_not_certified,0.95,source_mixture_affine
AOI-0031,2019-04-10,0.3548392415787363,0.645160758421264,0.0,0.0,3.0,8.0,0.0323859596288153,,0.8333333333333334,0.645160758421264,"[""unseen_polygon"", ""interval_not_coverage_certified""]",empirical_oof_not_certified,0.95,source_mixture_affine
AOI-0031,2019-06-14,0.5251121339892169,0.46308874738627603,0.01179911862450717,0.0,2.0,3.0,0.015575392369351848,,0.8823529411764706,0.5251121339892169,"[""unseen_polygon"", ""interval_not_coverage_certified""]",empirical_oof_not_certified,0.95,source_mixture_affine
AOI-0031,2019-06-22,0.7691371043713633,0.23086289562863674,0.0,0.0,1.0,2.0,0.007733276970945488,,0.9375,0.7691371043713633,"[""unseen_polygon"", ""interval_not_coverage_certified""]",empirical_oof_not_certified,0.95,source_mixture_affine
AOI-0031,2019-07-09,0.5810789526540662,0.4095683391997156,0.009352708146218136,0.0,1.0,3.0,0.03380947264225624,,0.9375,0.5810789526540662,"[""unseen_polygon"", ""interval_not_coverage_certified""]",empirical_oof_not_certified,0.95,source_mixture_affine
AOI-0031,2019-07-23,0.32948566445032623,0.6665391707482019,0.003975164801471716,0.0,4.0,1.0,0.009362076050961177,,0.9375,0.6665391707482019,"[""unseen_polygon"", ""interval_not_coverage_certified""]",empirical_oof_not_certified,0.95,source_mixture_affine
AOI-0031,2019-08-08,0.46657480698061676,0.5294500282179115,0.003975164801471716,0.0,2.0,1.0,0.011415837714597588,,0.9375,0.5294500282179115,"[""unseen_polygon"", ""interval_not_coverage_certified""]",empirical_oof_not_certified,0.95,source_mixture_affine
AOI-0031,2019-08-31,0.8745264949352546,0.12504772381474566,0.0004257812499999999,0.0,2.0,1.0,0.011345563078676013,,0.9375,0.8745264949352546,"[""unseen_polygon"", ""interval_not_coverage_certified""]",empirical_oof_not_certified,0.95,source_mixture_affine
AOI-0031,2019-09-17,0.4393338877018561,0.5606661122981437,0.0,0.0,3.0,5.0,0.029838898516307027,,0.8333333333333334,0.5606661122981437,"[""unseen_polygon"", ""interval_not_coverage_certified""]",empirical_oof_not_certified,0.95,source_mixture_affine
AOI-0031,2019-10-03,0.0694921940490306,0.9278208708646914,0.002686935086277732,0.0,1.0,2.0,0.03964471230853486,,0.9375,0.9278208708646914,"[""unseen_polygon"", ""interval_not_coverage_certified""]",empirical_oof_not_certified,0.95,source_mixture_affine
AOI-0031,2019-10-10,0.8457850016157187,0.15421499838428127,0.0,0.0,5.0,1.0,0.007419227820411517,,0.9375,0.8457850016157187,"[""unseen_polygon"", ""interval_not_coverage_certified""]",empirical_oof_not_certified,0.95,source_mixture_affine
AOI-0031,2019-10-12,0.7335260703705424,0.26095302038721985,0.005520909242237442,0.0,1.0,3.0,0.07203306212032234,,0.9375,0.7335260703705424,"[""unseen_polygon"", ""interval_not_coverage_certified""]",empirical_oof_not_certified,0.95,source_mixture_affine
AOI-0031,2019-10-22,0.8596721597136019,0.11668289522288512,0.02364494506351287,0.0,2.0,3.0,0.03765230587062021,,0.8823529411764706,0.8596721597136019,"[""unseen_polygon"", ""interval_not_coverage_certified""]",empirical_oof_not_certified,0.95,source_mixture_affine
AOI-0031,2020-04-13,0.48079414088776345,0.5143761264135913,0.004829732698645184,0.0,1.0,1.0,0.025544454992322774,,0.9375,0.5143761264135913,"[""unseen_polygon"", ""interval_not_coverage_certified""]",empirical_oof_not_certified,0.95,source_mixture_affine
AOI-0031,2020-06-01,0.8592308536845252,0.1306850916012656,0.010084054714208876,0.0,1.0,2.0,0.008357436498983795,,0.9375,0.8592308536845252,"[""unseen_polygon"", ""interval_not_coverage_certified""]",empirical_oof_not_certified,0.95,source_mixture_affine
AOI-0031,2020-06-06,0.8452899580854737,0.15353642300650885,0.0011736189080172985,0.0,3.0,1.0,0.016125655283051876,,0.9375,0.8452899580854737,"[""unseen_polygon"", ""interval_not_coverage_certified""]",empirical_oof_not_certified,0.95,source_mixture_affine
AOI-0031,2020-07-11,0.6212960478252583,0.07199829891406873,0.30670565326067334,0.0,1.0,5.0,0.019650896496212253,,0.9375,0.6212960478252583,"[""unseen_polygon"", ""interval_not_coverage_certified""]",empirical_oof_not_certified,0.95,source_mixture_affine
AOI-0031,2020-07-18,0.779900894362399,0.21571117392491068,0.004387931712689796,0.0,1.0,5.0,0.02384380879132092,,0.9375,0.779900894362399,"[""unseen_polygon"", ""interval_not_coverage_certified""]",empirical_oof_not_certified,0.95,source_mixture_affine
AOI-0031,2020-07-28,0.8886887103427729,0.10721879678424649,0.004092492872980678,0.0,1.0,3.0,0.028916108564795318,,0.9375,0.8886887103427729,"[""unseen_polygon"", ""interval_not_coverage_certified""]",empirical_oof_not_certified,0.95,source_mixture_affine
AOI-0031,2020-08-07,0.3136879510735898,0.6863120489264101,0.0,0.0,2.0,3.0,0.014201066808177912,,0.8823529411764706,0.6863120489264101,"[""unseen_polygon"", ""interval_not_coverage_certified""]",empirical_oof_not_certified,0.95,source_mixture_affine
AOI-0031,2020-08-17,0.5378447050558798,0.4556333184433705,0.00652197650074976,0.0,2.0,1.0,0.007531635447358277,,0.9375,0.5378447050558798,"[""unseen_polygon"", ""interval_not_coverage_certified""]",empirical_oof_not_certified,0.95,source_mixture_affine
AOI-0031,2020-08-22,0.5532906196956268,0.4385336571179311,0.00817572318644199,0.0,2.0,3.0,0.013846178950761054,,0.8823529411764706,0.5532906196956268,"[""unseen_polygon"", ""interval_not_coverage_certified""]",empirical_oof_not_certified,0.95,source_mixture_affine
AOI-0031,2020-09-27,0.583159192688729,0.4158682040445911,0.0009726032666799909,0.0,1.0,2.0,0.007712996026828872,,0.9375,0.583159192688729,"[""unseen_polygon"", ""interval_not_coverage_certified""]",empirical_oof_not_certified,0.95,source_mixture_affine
AOI-0031,2020-10-13,0.4396659091625333,0.513124658131423,0.04720943270604362,0.0,2.0,1.0,0.02082329493570231,,0.9375,0.513124658131423,"[""unseen_polygon"", ""interval_not_coverage_certified""]",empirical_oof_not_certified,0.95,source_mixture_affine
AOI-0031,2020-10-19,0.5761502361927062,0.4193313623044332,0.004518401502860559,0.0,3.0,5.0,0.014672340579261589,,0.8333333333333334,0.5761502361927062,"[""unseen_polygon"", ""interval_not_coverage_certified""]",empirical_oof_not_certified,0.95,source_mixture_affine
AOI-0031,2020-10-21,0.5286557435737236,0.466825854923416,0.004518401502860559,0.0,5.0,3.0,0.0015279788145842188,,0.8333333333333334,0.5286557435737236,"[""unseen_polygon"", ""interval_not_coverage_certified""]",empirical_oof_not_certified,0.95,source_mixture_affine
AOI-0031,2021-04-07,0.1572450064095801,0.19514686920753646,0.6476081243828831,0.0,3.0,8.0,0.03623748611144655,,0.8333333333333334,0.6476081243828831,"[""unseen_polygon"", ""interval_not_coverage_certified""]",empirical_oof_not_certified,0.95,source_mixture_affine
AOI-0031,2021-05-17,0.7486489984854205,0.24696306980188976,0.004387931712689796,0.0,3.0,5.0,0.06759671552822705,,0.8333333333333334,0.7486489984854205,"[""unseen_polygon"", ""interval_not_coverage_certified""]",empirical_oof_not_certified,0.95,source_mixture_affine
AOI-0031,2021-06-11,0.9343065076040941,0.06569349239590608,0.0,0.0,1.0,5.0,0.027183480623759027,,0.9375,0.9343065076040941,"[""unseen_polygon"", ""interval_not_coverage_certified""]",empirical_oof_not_certified,0.95,source_mixture_affine
AOI-0031,2021-07-01,0.8430344356429962,0.15696556435700387,0.0,0.0,3.0,2.0,0.01810547518670841,,0.8823529411764706,0.8430344356429962,"[""unseen_polygon"", ""interval_not_coverage_certified""]",empirical_oof_not_certified,0.95,source_mixture_affine
AOI-0031,2021-07-16,0.9557362653312772,0.044263734668722944,0.0,0.0,3.0,2.0,0.00520659052741379,,0.8823529411764706,0.9557362653312772,"[""unseen_polygon"", ""interval_not_coverage_certified""]",empirical_oof_not_certified,0.95,source_mixture_affine
AOI-0031,2021-07-21,0.9040288815256031,0.09597111847439692,0.0,0.0,1.0,2.0,0.02344722695262303,,0.9375,0.9040288815256031,"[""unseen_polygon"", ""interval_not_coverage_certified""]",empirical_oof_not_certified,0.95,source_mixture_affine
AOI-0031,2021-08-06,0.5587607011614617,0.44123929883853824,0.0,0.0,4.0,1.0,0.008644132977146196,,0.9375,0.5587607011614617,"[""unseen_polygon"", ""interval_not_coverage_certified""]",empirical_oof_not_certified,0.95,source_mixture_affine
AOI-0031,2021-08-25,0.9558818916444861,0.04411810835551404,0.0,0.0,3.0,4.0,0.0006616137971745817,,0.8333333333333334,0.9558818916444861,"[""unseen_polygon"", ""interval_not_coverage_certified""]",empirical_oof_not_certified,0.95,source_mixture_affine
AOI-0031,2021-08-30,0.9170712077260138,0.08292879227398618,0.0,0.0,1.0,2.0,0.00767422686516471,,0.9375,0.9170712077260138,"[""unseen_polygon"", ""interval_not_coverage_certified""]",empirical_oof_not_certified,0.95,source_mixture_affine
AOI-0031,2022-05-14,0.7889088734193507,0.2069986337076686,0.004092492872980678,0.0,1.0,3.0,0.04121604301259241,,0.9375,0.7889088734193507,"[""unseen_polygon"", ""interval_not_coverage_certified""]",empirical_oof_not_certified,0.95,source_mixture_affine
AOI-0031,2022-06-10,0.2068840537458414,0.2534388160262349,0.5396771302279237,0.0,4.0,3.0,0.004445536553850826,,0.8333333333333334,0.5396771302279237,"[""unseen_polygon"", ""interval_not_coverage_certified""]",empirical_oof_not_certified,0.95,source_mixture_affine
AOI-0031,2022-06-11,0.8052448008443376,0.17599215576642444,0.01876304338923793,0.0,5.0,2.0,0.008138721047737607,,0.8823529411764706,0.8052448008443376,"[""unseen_polygon"", ""interval_not_coverage_certified""]",empirical_oof_not_certified,0.95,source_mixture_affine
AOI-0031,2022-06-20,0.16540923190879858,0.829355322901842,0.005235445189359087,0.0,2.0,3.0,0.06082255339274051,,0.8823529411764706,0.829355322901842,"[""unseen_polygon"", ""interval_not_coverage_certified""]",empirical_oof_not_certified,0.95,source_mixture_affine
AOI-0031,2022-06-21,0.6124779581124312,0.3875220418875687,0.0,0.0,3.0,2.0,0.03634524427522573,,0.8823529411764706,0.6124779581124312,"[""unseen_polygon"", ""interval_not_coverage_certified""]",empirical_oof_not_certified,0.95,source_mixture_affine
AOI-0031,2022-07-08,0.7542522162683167,0.22531490347128014,0.020432880260403463,0.0,1.0,7.0,0.03870737111511029,,0.9375,0.7542522162683167,"[""unseen_polygon"", ""interval_not_coverage_certified""]",empirical_oof_not_certified,0.95,source_mixture_affine
AOI-0031,2022-07-12,0.36926438245329335,0.3600802064315971,0.2706554111151096,0.0,5.0,3.0,0.007897895189420676,,0.8333333333333334,0.36926438245329335,"[""unseen_polygon"", ""interval_not_coverage_certified""]",empirical_oof_not_certified,0.95,source_mixture_affine
AOI-0031,2022-09-08,0.04909607221658738,0.9509039277834127,0.0,0.0,7.0,6.0,0.008928963197364997,,0.7142857142857143,0.9509039277834127,"[""unseen_polygon"", ""interval_not_coverage_certified""]",empirical_oof_not_certified,0.95,source_mixture_affine
AOI-0031,2022-09-09,0.8623273359192521,0.13767266408074766,0.0,0.0,8.0,5.0,0.006864960665205838,,0.75,0.8623273359192521,"[""unseen_polygon"", ""interval_not_coverage_certified""]",empirical_oof_not_certified,0.95,source_mixture_affine
AOI-0031,2022-09-10,0.6602992498752629,0.33970075012473677,0.0,0.0,9.0,4.0,0.000645699078228229,,0.7894736842105263,0.6602992498752629,"[""unseen_polygon"", ""interval_not_coverage_certified""]",empirical_oof_not_certified,0.95,source_mixture_affine
AOI-0031,2022-09-11,0.17340244950246927,0.8254205655377546,0.0011769849597761456,0.0,10.0,3.0,0.013361204489387352,,0.8333333333333334,0.8254205655377546,"[""unseen_polygon"", ""interval_not_coverage_certified""]",empirical_oof_not_certified,0.95,source_mixture_affine
AOI-0031,2022-09-26,0.5246756214956759,0.4644617202316044,0.010862658272719723,0.0,1.0,4.0,0.04325658056993428,,0.9375,0.5246756214956759,"[""unseen_polygon"", ""interval_not_coverage_certified""]",empirical_oof_not_certified,0.95,source_mixture_affine
AOI-0031,2022-09-29,0.9358495653348065,0.060582981969788896,0.003567452695404223,0.0,4.0,1.0,0.029118902306144417,,0.9375,0.9358495653348065,"[""unseen_polygon"", ""interval_not_coverage_certified""]",empirical_oof_not_certified,0.95,source_mixture_affine
AOI-0031,2023-04-04,0.12664779868301637,0.8727639233608983,0.0005882779560856796,0.0,1.0,1.0,0.00460887683791894,,0.9375,0.8727639233608983,"[""unseen_polygon"", ""interval_not_coverage_certified""]",empirical_oof_not_certified,0.95,source_mixture_affine
AOI-0031,2023-04-27,0.35781014301776115,0.6421898569822392,0.0,0.0,4.0,5.0,0.022221881465881443,,0.7894736842105263,0.6421898569822392,"[""unseen_polygon"", ""interval_not_coverage_certified""]",empirical_oof_not_certified,0.95,source_mixture_affine
AOI-0031,2023-05-17,0.8540507636483476,0.13878020907191435,0.007169027279737427,0.0,2.0,2.0,0.008712468162771714,,0.8823529411764706,0.8540507636483476,"[""unseen_polygon"", ""interval_not_coverage_certified""]",empirical_oof_not_certified,0.95,source_mixture_affine
AOI-0031,2023-06-17,0.5478863696343449,0.44350273598981393,0.008610894375841236,0.0,4.0,1.0,0.047544191505887345,,0.9375,0.5478863696343449,"[""unseen_polygon"", ""interval_not_coverage_certified""]",empirical_oof_not_certified,0.95,source_mixture_affine
AOI-0031,2023-06-23,0.40396030388371335,0.5928007045015316,0.003238991614755141,0.0,2.0,2.0,0.009004378967988225,,0.8823529411764706,0.5928007045015316,"[""unseen_polygon"", ""interval_not_coverage_certified""]",empirical_oof_not_certified,0.95,source_mixture_affine
AOI-0031,2023-06-26,0.6048593669231249,0.05917889354573533,0.33596173953113995,0.0,1.0,2.0,0.02318903038021361,,0.9375,0.6048593669231249,"[""unseen_polygon"", ""interval_not_coverage_certified""]",empirical_oof_not_certified,0.95,source_mixture_affine
AOI-0031,2023-07-11,0.7962502633161884,0.2037497366838115,0.0,0.0,5.0,1.0,0.010760793262982571,,0.9375,0.7962502633161884,"[""unseen_polygon"", ""interval_not_coverage_certified""]",empirical_oof_not_certified,0.95,source_mixture_affine
AOI-0031,2023-08-15,0.961531919440183,0.03846808055981705,0.0,0.0,2.0,2.0,4.46230425893146e-05,,0.8823529411764706,0.961531919440183,"[""unseen_polygon"", ""interval_not_coverage_certified""]",empirical_oof_not_certified,0.95,source_mixture_affine
AOI-0031,2023-09-19,0.8595996972308678,0.13792950312852106,0.0024707996406109615,0.0,5.0,2.0,0.019448253754280498,,0.8823529411764706,0.8595996972308678,"[""unseen_polygon"", ""interval_not_coverage_certified""]",empirical_oof_not_certified,0.95,source_mixture_affine
AOI-0031,2023-09-20,0.3081591885601292,0.6868408114398707,0.005,0.0,6.0,1.0,0.01116152503756862,,0.9375,0.6868408114398707,"[""unseen_polygon"", ""interval_not_coverage_certified""]",empirical_oof_not_certified,0.95,source_mixture_affine
AOI-0031,2023-09-30,0.25900064921332167,0.16463318807247293,0.5763661627142053,0.0,1.0,1.0,0.018860176279531266,,0.9375,0.5763661627142053,"[""unseen_polygon"", ""interval_not_coverage_certified""]",empirical_oof_not_certified,0.95,source_mixture_affine
AOI-0031,2023-10-15,0.44432597613343927,0.5295891773141442,0.026084846552416597,0.0,1.0,1.0,0.015422510023107724,,0.9375,0.5295891773141442,"[""unseen_polygon"", ""interval_not_coverage_certified""]",empirical_oof_not_certified,0.95,source_mixture_affine
AOI-0031,2023-10-24,0.5008319629476303,0.47065095004889296,0.028517087003476816,0.0,1.0,5.0,0.0319582729290217,,0.9375,0.5008319629476303,"[""unseen_polygon"", ""interval_not_coverage_certified""]",empirical_oof_not_certified,0.95,source_mixture_affine
AOI-0031,2024-05-03,0.8631808840706205,0.1327266230563988,0.004092492872980678,0.0,1.0,3.0,0.003891501215108506,,0.9375,0.8631808840706205,"[""unseen_polygon"", ""interval_not_coverage_certified""]",empirical_oof_not_certified,0.95,source_mixture_affine
AOI-0031,2024-06-02,0.4515603364324855,0.5444644987660427,0.003975164801471716,0.0,5.0,1.0,0.0087579048486153,,0.9375,0.5444644987660427,"[""unseen_polygon"", ""interval_not_coverage_certified""]",empirical_oof_not_certified,0.95,source_mixture_affine
AOI-0031,2024-07-02,0.5385440110194604,0.4549340124797899,0.00652197650074976,0.0,2.0,2.0,0.004784109228972919,,0.8823529411764706,0.5385440110194604,"[""unseen_polygon"", ""interval_not_coverage_certified""]",empirical_oof_not_certified,0.95,source_mixture_affine
AOI-0031,2024-07-10,0.6071489480321985,0.38727225703779117,0.005578794930010119,0.0,3.0,1.0,0.006211110765739686,,0.9375,0.6071489480321985,"[""unseen_polygon"", ""interval_not_coverage_certified""]",empirical_oof_not_certified,0.95,source_mixture_affine
AOI-0031,2024-07-13,0.691733593458144,0.3029245643591107,0.005341842182745252,0.0,1.0,2.0,0.006109962428357041,,0.9375,0.691733593458144,"[""unseen_polygon"", ""interval_not_coverage_certified""]",empirical_oof_not_certified,0.95,source_mixture_affine
AOI-0031,2024-08-09,0.8912125109750514,0.1046949961519678,0.004092492872980678,0.0,10.0,2.0,0.0033654266926186477,,0.8823529411764706,0.8912125109750514,"[""unseen_polygon"", ""interval_not_coverage_certified""]",empirical_oof_not_certified,0.95,source_mixture_affine
AOI-0031,2024-08-16,0.8639869838340986,0.13192052329292095,0.004092492872980678,0.0,3.0,3.0,0.019968329908047755,,0.8333333333333334,0.8639869838340986,"[""unseen_polygon"", ""interval_not_coverage_certified""]",empirical_oof_not_certified,0.95,source_mixture_affine
AOI-0031,2024-08-26,0.5999474502335551,0.39464013679842613,0.005412412968018616,0.0,4.0,2.0,0.015421292437819104,,0.8823529411764706,0.5999474502335551,"[""unseen_polygon"", ""interval_not_coverage_certified""]",empirical_oof_not_certified,0.95,source_mixture_affine
AOI-0031,2025-04-19,0.5095799153024496,0.4687118576542023,0.02170822704334837,0.0,1.0,2.0,0.005952621345624465,,0.9375,0.5095799153024496,"[""unseen_polygon"", ""interval_not_coverage_certified""]",empirical_oof_not_certified,0.95,source_mixture_affine
AOI-0031,2025-04-23,0.1983920067220545,0.06640905506507529,0.7351989382128697,0.0,2.0,2.0,0.04593113993548781,,0.8823529411764706,0.7351989382128697,"[""unseen_polygon"", ""interval_not_coverage_certified""]",empirical_oof_not_certified,0.95,source_mixture_affine
AOI-0031,2025-06-21,0.20287447136026787,0.797125528639732,0.0,0.0,4.0,1.0,0.00040605636929830213,,0.9375,0.797125528639732,"[""unseen_polygon"", ""interval_not_coverage_certified""]",empirical_oof_not_certified,0.95,source_mixture_affine
AOI-0031,2025-07-12,0.34786228098677435,0.11285985119253757,0.5392778678206881,0.0,2.0,2.0,0.03462306126809815,,0.8823529411764706,0.5392778678206881,"[""unseen_polygon"", ""interval_not_coverage_certified""]",empirical_oof_not_certified,0.95,source_mixture_affine
AOI-0031,2025-07-15,0.6505116449753853,0.3212513531228362,0.028237001901778663,0.0,1.0,1.0,0.008426768857455233,,0.9375,0.6505116449753853,"[""unseen_polygon"", ""interval_not_coverage_certified""]",empirical_oof_not_certified,0.95,source_mixture_affine
AOI-0031,2025-08-06,0.6870668474385354,0.29795751697490475,0.0149756355865596,0.0,5.0,7.0,0.0058317537055493085,,0.75,0.6870668474385354,"[""unseen_polygon"", ""interval_not_coverage_certified""]",empirical_oof_not_certified,0.95,source_mixture_affine
AOI-0031,2025-08-09,0.8193952397511586,0.16562912466228188,0.0149756355865596,0.0,8.0,4.0,0.014068097392963969,,0.7894736842105263,0.8193952397511586,"[""unseen_polygon"", ""interval_not_coverage_certified""]",empirical_oof_not_certified,0.95,source_mixture_affine
AOI-0031,2025-09-08,0.7653340762695927,0.21906713658763435,0.015598787142772972,0.0,3.0,4.0,0.0025737786854148764,,0.8333333333333334,0.7653340762695927,"[""unseen_polygon"", ""interval_not_coverage_certified""]",empirical_oof_not_certified,0.95,source_mixture_affine
AOI-0031,2025-09-15,0.6776589443904676,0.3073654200229729,0.0149756355865596,0.0,1.0,8.0,0.016823339383490482,,0.9375,0.6776589443904676,"[""unseen_polygon"", ""interval_not_coverage_certified""]",empirical_oof_not_certified,0.95,source_mixture_affine
AOI-0031,2025-09-17,0.06593866022461628,0.9340613397753836,0.0,0.0,3.0,6.0,0.005464599575675938,,0.8333333333333334,0.9340613397753836,"[""unseen_polygon"", ""interval_not_coverage_certified""]",empirical_oof_not_certified,0.95,source_mixture_affine
AOI-0031,2025-10-02,0.23634229486257383,0.7551151605031231,0.008542544634303019,0.0,2.0,1.0,0.00846963541028993,,0.9375,0.7551151605031231,"[""unseen_polygon"", ""interval_not_coverage_certified""]",empirical_oof_not_certified,0.95,source_mixture_affine
AOI-0031,2025-10-22,0.8342133964753711,0.14316323547946505,0.022623368045163832,0.0,6.0,3.0,0.021316678567033537,,0.8333333333333334,0.8342133964753711,"[""unseen_polygon"", ""interval_not_coverage_certified""]",empirical_oof_not_certified,0.95,source_mixture_affine
AOI-0032,2010-06-04,0.0018422532260211552,0.9981577467739788,0.0,0.0,10.0,1.0,0.04192325558909721,,0.9375,0.9981577467739788,"[""unseen_polygon"", ""interval_not_coverage_certified""]",empirical_oof_not_certified,0.95,source_mixture_affine
AOI-0032,2010-06-10,0.03876703846300696,0.3679243013041916,0.5933086602328016,0.0,5.0,2.0,0.02599829441541457,,0.8823529411764706,0.5933086602328016,"[""unseen_polygon"", ""interval_not_coverage_certified""]",empirical_oof_not_certified,0.95,source_mixture_affine
AOI-0032,2010-06-20,0.020062486100086825,0.9717815512444623,0.008155962655450807,0.0,7.0,6.0,0.02200708498067816,,0.7142857142857143,0.9717815512444623,"[""unseen_polygon"", ""interval_not_coverage_certified""]",empirical_oof_not_certified,0.95,source_mixture_affine
AOI-0032,2010-07-12,0.026170455451304128,0.5823980576715462,0.3914314868771498,0.0,5.0,3.0,0.0160213746050486,,0.8333333333333334,0.5823980576715462,"[""unseen_polygon"", ""interval_not_coverage_certified""]",empirical_oof_not_certified,0.95,source_mixture_affine
AOI-0032,2010-08-16,0.07491562679640598,0.9214421118504892,0.0036422613531047264,0.0,1.0,7.0,3.7212265863881266e-05,,0.9375,0.9214421118504892,"[""unseen_polygon"", ""interval_not_coverage_certified""]",empirical_oof_not_certified,0.95,source_mixture_affine
AOI-0032,2010-09-14,0.051860594153836245,0.2811660675052137,0.6669733383409501,0.0,13.0,11.0,0.0238783171842345,,0.5769230769230769,0.6669733383409501,"[""unseen_polygon"", ""interval_not_coverage_certified""]",empirical_oof_not_certified,0.95,source_mixture_affine
AOI-0032,2010-09-30,0.04625756619289431,0.1478617268042873,0.8058807070028187,0.0,5.0,16.0,0.005670864065105169,,0.75,0.8058807070028187,"[""unseen_polygon"", ""interval_not_coverage_certified""]",empirical_oof_not_certified,0.95,source_mixture_affine
AOI-0032,2011-07-12,0.04661088790277084,0.10710813579884086,0.8462809762983886,0.0,3.0,5.0,0.040403502418296086,,0.8333333333333334,0.8462809762983886,"[""unseen_polygon"", ""interval_not_coverage_certified""]",empirical_oof_not_certified,0.95,source_mixture_affine
AOI-0032,2011-08-29,0.04625048614170284,0.11815593574801549,0.8355935781102818,0.0,2.0,14.0,0.03350360068429431,,0.8823529411764706,0.8355935781102818,"[""unseen_polygon"", ""interval_not_coverage_certified""]",empirical_oof_not_certified,0.95,source_mixture_affine
AOI-0032,2011-09-11,0.001992510752531498,0.9980074892474684,0.0,0.0,15.0,1.0,0.00922687283906548,,0.9375,0.9980074892474684,"[""unseen_polygon"", ""interval_not_coverage_certified""]",empirical_oof_not_certified,0.95,source_mixture_affine
AOI-0032,2011-09-28,0.08420112903503872,0.9109796246520803,0.004819246312880872,0.0,1.0,2.0,0.021954948519228912,,0.9375,0.9109796246520803,"[""unseen_polygon"", ""interval_not_coverage_certified""]",empirical_oof_not_certified,0.95,source_mixture_affine
AOI-0032,2012-04-06,0.05443235878076954,0.26067790172517186,0.6848897394940587,0.0,173.0,9.0,0.011064659979290653,,0.625,0.6848897394940587,"[""unseen_polygon"", ""interval_not_coverage_certified""]",empirical_oof_not_certified,0.95,source_mixture_affine
AOI-0032,2012-05-01,0.06293260243983782,0.9247025641618649,0.012364833398297243,0.0,9.0,7.0,0.06354349238323298,,0.6818181818181818,0.9247025641618649,"[""unseen_polygon"", ""interval_not_coverage_certified""]",empirical_oof_not_certified,0.95,source_mixture_affine
AOI-0032,2012-06-25,0.021370478842970667,0.28123510372667365,0.6973944174303561,0.0,16.0,9.0,0.017316935304394487,,0.625,0.6973944174303561,"[""unseen_polygon"", ""interval_not_coverage_certified""]",empirical_oof_not_certified,0.95,source_mixture_affine
AOI-0032,2012-10-08,0.06984468512531208,0.9174573609061748,0.012697953968513163,0.0,9.0,7.0,0.012710317874964211,,0.6818181818181818,0.9174573609061748,"[""unseen_polygon"", ""interval_not_coverage_certified""]",empirical_oof_not_certified,0.95,source_mixture_affine
AOI-0032,2013-05-19,0.0,1.0,0.0,0.0,8.0,6.0,0.022590217852321126,,0.7142857142857143,1.0,"[""unseen_polygon"", ""interval_not_coverage_certified""]",empirical_oof_not_certified,0.95,source_mixture_affine
AOI-0032,2013-05-20,0.06534161967677679,0.9262303703212743,0.008428010001948883,0.0,9.0,5.0,0.0199147180833234,,0.75,0.9262303703212743,"[""unseen_polygon"", ""interval_not_coverage_certified""]",empirical_oof_not_certified,0.95,source_mixture_affine
AOI-0032,2013-06-10,0.03566793019334075,0.2962638439867405,0.668068225819919,0.0,5.0,16.0,0.001201793556488806,,0.75,0.668068225819919,"[""unseen_polygon"", ""interval_not_coverage_certified""]",empirical_oof_not_certified,0.95,source_mixture_affine
AOI-0032,2013-06-12,0.010218264148434707,0.9797817358515652,0.01,0.0,7.0,14.0,0.018937112893765484,,0.6818181818181818,0.9797817358515652,"[""unseen_polygon"", ""interval_not_coverage_certified""]",empirical_oof_not_certified,0.95,source_mixture_affine
AOI-0032,2013-06-13,0.08486687414200325,0.8953285112941128,0.019804614563883702,0.0,8.0,13.0,0.019253993339716058,,0.6521739130434783,0.8953285112941128,"[""unseen_polygon"", ""interval_not_coverage_certified""]",empirical_oof_not_certified,0.95,source_mixture_affine
AOI-0032,2013-07-22,0.0,1.0,0.0,0.0,8.0,1.0,0.0032090922573193015,,0.9375,1.0,"[""unseen_polygon"", ""interval_not_coverage_certified""]",empirical_oof_not_certified,0.95,source_mixture_affine
AOI-0032,2013-07-30,0.001083241723560986,0.9882862721554365,0.010630486121002458,0.0,2.0,8.0,0.03110235218995877,,0.8823529411764706,0.9882862721554365,"[""unseen_polygon"", ""interval_not_coverage_certified""]",empirical_oof_not_certified,0.95,source_mixture_affine
AOI-0032,2013-08-13,0.06000018341402816,0.2497325822928403,0.690267234293132,0.0,5.0,2.0,0.01463906947095503,,0.8823529411764706,0.690267234293132,"[""unseen_polygon"", ""interval_not_coverage_certified""]",empirical_oof_not_certified,0.95,source_mixture_affine
AOI-0032,2013-08-29,0.05943261587459094,0.282824083584084,0.6577433005413252,0.0,6.0,32.0,0.003178390286431229,,0.7142857142857143,0.6577433005413252,"[""unseen_polygon"", ""interval_not_coverage_certified""]",empirical_oof_not_certified,0.95,source_mixture_affine
AOI-0032,2013-09-14,0.06119592738818236,0.25670938055885484,0.6820946920529629,0.0,22.0,16.0,0.0009293004932637156,,0.48387096774193555,0.6820946920529629,"[""unseen_polygon"", ""interval_not_coverage_certified""]",empirical_oof_not_certified,0.95,source_mixture_affine
AOI-0032,2014-06-16,0.06603427235094211,0.9190214544671292,0.014944273181928664,0.0,6.0,7.0,0.006589421416696023,,0.7142857142857143,0.9190214544671292,"[""unseen_polygon"", ""interval_not_coverage_certified""]",empirical_oof_not_certified,0.95,source_mixture_affine
AOI-0032,2014-06-26,0.061092679344337444,0.2169078018189831,0.7219995188366797,0.0,2.0,5.0,0.011315627957986796,,0.8823529411764706,0.7219995188366797,"[""unseen_polygon"", ""interval_not_coverage_certified""]",empirical_oof_not_certified,0.95,source_mixture_affine
AOI-0032,2014-07-12,0.06720173116583958,0.2298262764681561,0.7029719923660044,0.0,2.0,5.0,0.021928020468847925,,0.8823529411764706,0.7029719923660044,"[""unseen_polygon"", ""interval_not_coverage_certified""]",empirical_oof_not_certified,0.95,source_mixture_affine
AOI-0032,2014-09-03,0.0,1.0,0.0,0.0,5.0,1.0,0.0192572098130267,,0.9375,1.0,"[""unseen_polygon"", ""interval_not_coverage_certified""]",empirical_oof_not_certified,0.95,source_mixture_affine
AOI-0032,2015-04-23,0.022816450150024245,0.41509049554075217,0.5620930543092233,0.0,15.0,1.0,0.03553518330539983,,0.9375,0.5620930543092233,"[""unseen_polygon"", ""interval_not_coverage_certified""]",empirical_oof_not_certified,0.95,source_mixture_affine
AOI-0032,2015-06-18,0.017481939154846644,0.9751609632819682,0.0073570975631850714,0.0,8.0,1.0,0.0021123144848862463,,0.9375,0.9751609632819682,"[""unseen_polygon"", ""interval_not_coverage_certified""]",empirical_oof_not_certified,0.95,source_mixture_affine
AOI-0032,2015-07-13,0.06685912064292353,0.9236128409449945,0.009528038412082048,0.0,1.0,7.0,0.049724896802507995,,0.9375,0.9236128409449945,"[""unseen_polygon"", ""interval_not_coverage_certified""]",empirical_oof_not_certified,0.95,source_mixture_affine
AOI-0032,2015-09-15,0.07287242168263142,0.911969053784284,0.015158524533084507,0.0,1.0,7.0,0.014561353691411316,,0.9375,0.911969053784284,"[""unseen_polygon"", ""interval_not_coverage_certified""]",empirical_oof_not_certified,0.95,source_mixture_affine
AOI-0032,2015-09-23,0.08705684139480145,0.8958282180190029,0.017114940586195268,0.0,1.0,8.0,0.0020200561256386307,,0.9375,0.8958282180190029,"[""unseen_polygon"", ""interval_not_coverage_certified""]",empirical_oof_not_certified,0.95,source_mixture_affine
AOI-0032,2015-09-30,0.025729933615474307,0.4027115135161658,0.5715585528683599,0.0,8.0,1.0,0.0115121335236891,,0.9375,0.5715585528683599,"[""unseen_polygon"", ""interval_not_coverage_certified""]",empirical_oof_not_certified,0.95,source_mixture_affine
AOI-0032,2016-04-06,0.06289202557695293,0.23842937622523017,0.6986785981978172,0.0,5.0,3.0,0.013263806691759791,,0.8333333333333334,0.6986785981978172,"[""unseen_polygon"", ""interval_not_coverage_certified""]",empirical_oof_not_certified,0.95,source_mixture_affine
AOI-0032,2016-04-10,0.10817471522257481,0.8611811632697938,0.0306441215076311,0.0,1.0,7.0,0.0019199825876663468,,0.9375,0.8611811632697938,"[""unseen_polygon"", ""interval_not_coverage_certified""]",empirical_oof_not_certified,0.95,source_mixture_affine
AOI-0032,2016-05-03,0.00553157312340678,0.9944684268765931,0.0,0.0,11.0,5.0,0.03279898901222972,,0.75,0.9944684268765931,"[""unseen_polygon"", ""interval_not_coverage_certified""]",empirical_oof_not_certified,0.95,source_mixture_affine
AOI-0032,2016-06-09,0.06510779753330963,0.2213810591273327,0.7135111433393578,0.0,16.0,3.0,0.018924192737052786,,0.8333333333333334,0.7135111433393578,"[""unseen_polygon"", ""interval_not_coverage_certified""]",empirical_oof_not_certified,0.95,source_mixture_affine
AOI-0032,2016-06-28,0.006618221180870301,0.988976344036521,0.004405434782608696,0.0,3.0,1.0,0.014532278661937834,,0.9375,0.988976344036521,"[""unseen_polygon"", ""interval_not_coverage_certified""]",empirical_oof_not_certified,0.95,source_mixture_affine
AOI-0032,2016-07-15,0.07491562679640598,0.9188107440205654,0.006273629183028513,0.0,1.0,7.0,0.010626378746391454,,0.9375,0.9188107440205654,"[""unseen_polygon"", ""interval_not_coverage_certified""]",empirical_oof_not_certified,0.95,source_mixture_affine
AOI-0032,2016-07-30,0.005453822186529935,0.9901407430308615,0.004405434782608696,0.0,3.0,1.0,0.01202634157291449,,0.9375,0.9901407430308615,"[""unseen_polygon"", ""interval_not_coverage_certified""]",empirical_oof_not_certified,0.95,source_mixture_affine
AOI-0032,2016-08-16,0.0761908043774121,0.9175355664395594,0.006273629183028513,0.0,1.0,7.0,0.0016935976287498766,,0.9375,0.9175355664395594,"[""unseen_polygon"", ""interval_not_coverage_certified""]",empirical_oof_not_certified,0.95,source_mixture_affine
AOI-0032,2016-09-09,0.07939834220833562,0.9143280286086359,0.006273629183028513,0.0,1.0,4.0,0.0010657528520623266,,0.9375,0.9143280286086359,"[""unseen_polygon"", ""interval_not_coverage_certified""]",empirical_oof_not_certified,0.95,source_mixture_affine
AOI-0032,2016-10-18,0.015297664916166208,0.9804028932374016,0.004299441846432343,0.0,3.0,1.0,0.04581800369307332,,0.9375,0.9804028932374016,"[""unseen_polygon"", ""interval_not_coverage_certified""]",empirical_oof_not_certified,0.95,source_mixture_affine
AOI-0032,2017-04-04,0.09217243414591106,0.9045205816635743,0.003306984190514308,0.0,1.0,3.0,0.020182252658550004,,0.9375,0.9045205816635743,"[""unseen_polygon"", ""interval_not_coverage_certified""]",empirical_oof_not_certified,0.95,source_mixture_affine
AOI-0032,2017-04-28,0.8746936802821144,0.1253063197178852,0.0,0.0,5.0,1.0,0.0069698508693544214,,0.9375,0.8746936802821144,"[""unseen_polygon"", ""interval_not_coverage_certified""]",empirical_oof_not_certified,0.95,source_mixture_affine
AOI-0032,2017-05-09,0.07879317418442965,0.06751893861640051,0.8536878871991699,0.0,2.0,16.0,0.0023511253976097324,,0.8823529411764706,0.8536878871991699,"[""unseen_polygon"", ""interval_not_coverage_certified""]",empirical_oof_not_certified,0.95,source_mixture_affine
AOI-0032,2017-07-02,0.8333210767123718,0.16667892328762793,0.0,0.0,1.0,2.0,0.02478757439730289,,0.9375,0.8333210767123718,"[""unseen_polygon"", ""interval_not_coverage_certified""]",empirical_oof_not_certified,0.95,source_mixture_affine
AOI-0032,2017-08-02,0.09931089788934147,0.9006891021106586,0.0,0.0,5.0,4.0,0.003691292887115727,,0.7894736842105263,0.9006891021106586,"[""unseen_polygon"", ""interval_not_coverage_certified""]",empirical_oof_not_certified,0.95,source_mixture_affine
AOI-0032,2017-08-11,0.8562622903344852,0.14373770966551433,0.0,0.0,1.0,2.0,0.017213198822332076,,0.9375,0.8562622903344852,"[""unseen_polygon"", ""interval_not_coverage_certified""]",empirical_oof_not_certified,0.95,source_mixture_affine
AOI-0032,2017-08-19,0.6486258878952128,0.3513741121047871,0.0,0.0,1.0,2.0,0.009483614488149134,,0.9375,0.6486258878952128,"[""unseen_polygon"", ""interval_not_coverage_certified""]",empirical_oof_not_certified,0.95,source_mixture_affine
AOI-0032,2017-08-27,0.2525148028983883,0.7463082121418357,0.0011769849597761456,0.0,1.0,1.0,0.006259963601242494,,0.9375,0.7463082121418357,"[""unseen_polygon"", ""interval_not_coverage_certified""]",empirical_oof_not_certified,0.95,source_mixture_affine
AOI-0032,2017-09-03,0.33318097078434555,0.6628438644141826,0.003975164801471716,0.0,5.0,1.0,0.017551211861019794,,0.9375,0.6628438644141826,"[""unseen_polygon"", ""interval_not_coverage_certified""]",empirical_oof_not_certified,0.95,source_mixture_affine
AOI-0032,2017-09-12,0.7093151475496622,0.29068485245033754,0.0,0.0,1.0,2.0,0.018859491934202888,,0.9375,0.7093151475496622,"[""unseen_polygon"", ""interval_not_coverage_certified""]",empirical_oof_not_certified,0.95,source_mixture_affine
AOI-0032,2018-04-15,0.05808838145951189,0.9356217536826678,0.006289864857820195,0.0,7.0,8.0,0.005228999301960094,,0.6818181818181818,0.9356217536826678,"[""unseen_polygon"", ""interval_not_coverage_certified""]",empirical_oof_not_certified,0.95,source_mixture_affine
AOI-0032,2018-06-10,0.16116044889002534,0.3718855426674809,0.4669540084424936,0.0,7.0,1.0,0.013819560067386327,,0.9375,0.4669540084424936,"[""unseen_polygon"", ""interval_not_coverage_certified""]",empirical_oof_not_certified,0.95,source_mixture_affine
AOI-0032,2018-06-19,0.2932988394280933,0.702705771318493,0.003995389253413726,0.0,1.0,7.0,0.008375611055633198,,0.9375,0.702705771318493,"[""unseen_polygon"", ""interval_not_coverage_certified""]",empirical_oof_not_certified,0.95,source_mixture_affine
AOI-0032,2018-09-14,0.1191170017524859,0.32881591715495495,0.5520670810925592,0.0,8.0,1.0,0.018090727025526,,0.9375,0.5520670810925592,"[""unseen_polygon"", ""interval_not_coverage_certified""]",empirical_oof_not_certified,0.95,source_mixture_affine
AOI-0032,2018-09-23,0.2770851986914504,0.6037048465448757,0.119209954763674,0.0,1.0,8.0,0.016224175494444992,,0.9375,0.6037048465448757,"[""unseen_polygon"", ""interval_not_coverage_certified""]",empirical_oof_not_certified,0.95,source_mixture_affine
AOI-0032,2018-09-30,0.1396718690917091,0.28209421071440927,0.5782339201938816,0.0,8.0,1.0,0.004340685792412202,,0.9375,0.5782339201938816,"[""unseen_polygon"", ""interval_not_coverage_certified""]",empirical_oof_not_certified,0.95,source_mixture_affine
AOI-0032,2018-10-07,0.07949509451104478,0.9079455528311218,0.012559352657833455,0.0,6.0,2.0,0.006001471141738837,,0.8823529411764706,0.9079455528311218,"[""unseen_polygon"", ""interval_not_coverage_certified""]",empirical_oof_not_certified,0.95,source_mixture_affine
AOI-0032,2018-10-12,0.3615877825105459,0.6072230561173653,0.03118916137208892,0.0,3.0,4.0,0.06707424168952608,,0.8333333333333334,0.6072230561173653,"[""unseen_polygon"", ""interval_not_coverage_certified""]",empirical_oof_not_certified,0.95,source_mixture_affine
AOI-0032,2019-04-26,0.5905297196306664,0.40849767710265356,0.0009726032666799909,0.0,1.0,1.0,0.01824049794124405,,0.9375,0.5905297196306664,"[""unseen_polygon"", ""interval_not_coverage_certified""]",empirical_oof_not_certified,0.95,source_mixture_affine
AOI-0032,2019-04-28,0.9171036059037231,0.07700052039217527,0.005895873704101662,0.0,1.0,6.0,0.042919141601987065,,0.9375,0.9171036059037231,"[""unseen_polygon"", ""interval_not_coverage_certified""]",empirical_oof_not_certified,0.95,source_mixture_affine
AOI-0032,2019-05-18,0.8386989734064402,0.1613010265935599,0.0,0.0,3.0,3.0,0.0143119338079708,,0.8333333333333334,0.8386989734064402,"[""unseen_polygon"", ""interval_not_coverage_certified""]",empirical_oof_not_certified,0.95,source_mixture_affine
AOI-0032,2019-05-20,0.4508342841017188,0.5451905510968094,0.003975164801471716,0.0,5.0,1.0,0.016152217257143886,,0.9375,0.5451905510968094,"[""unseen_polygon"", ""interval_not_coverage_certified""]",empirical_oof_not_certified,0.95,source_mixture_affine
AOI-0032,2019-05-30,0.8245243958609307,0.1754756041390692,0.0,0.0,1.0,3.0,0.01212767823511074,,0.9375,0.8245243958609307,"[""unseen_polygon"", ""interval_not_coverage_certified""]",empirical_oof_not_certified,0.95,source_mixture_affine
AOI-0032,2019-06-14,0.5028960519800951,0.48530482939539765,0.01179911862450717,0.0,2.0,3.0,0.02032989598714552,,0.8823529411764706,0.5028960519800951,"[""unseen_polygon"", ""interval_not_coverage_certified""]",empirical_oof_not_certified,0.95,source_mixture_affine
AOI-0032,2019-06-19,0.3788797473585659,0.6171450878399622,0.003975164801471716,0.0,2.0,3.0,0.016272961711107703,,0.8823529411764706,0.6171450878399622,"[""unseen_polygon"", ""interval_not_coverage_certified""]",empirical_oof_not_certified,0.95,source_mixture_affine
AOI-0032,2019-07-23,0.5186049528080884,0.47741988239043986,0.003975164801471716,0.0,4.0,1.0,0.05249513207951413,,0.9375,0.5186049528080884,"[""unseen_polygon"", ""interval_not_coverage_certified""]",empirical_oof_not_certified,0.95,source_mixture_affine
AOI-0032,2019-09-25,0.8617594871800587,0.13824051281994132,0.0,0.0,3.0,5.0,0.028337243762112746,,0.8333333333333334,0.8617594871800587,"[""unseen_polygon"", ""interval_not_coverage_certified""]",empirical_oof_not_certified,0.95,source_mixture_affine
AOI-0032,2019-10-05,0.8164935964155707,0.17884304127170125,0.004663362312727904,0.0,1.0,2.0,0.0027463820580709702,,0.9375,0.8164935964155707,"[""unseen_polygon"", ""interval_not_coverage_certified""]",empirical_oof_not_certified,0.95,source_mixture_affine
AOI-0032,2019-10-11,0.06517227753905964,0.9321407873746627,0.002686935086277732,0.0,1.0,1.0,0.05464091530617836,,0.9375,0.9321407873746627,"[""unseen_polygon"", ""interval_not_coverage_certified""]",empirical_oof_not_certified,0.95,source_mixture_affine
AOI-0032,2019-10-25,0.5299573578124508,0.4552393364109191,0.014803305776629994,0.0,3.0,2.0,0.016867501774728233,,0.8823529411764706,0.5299573578124508,"[""unseen_polygon"", ""interval_not_coverage_certified""]",empirical_oof_not_certified,0.95,source_mixture_affine
AOI-0032,2019-10-28,0.6822085202428029,0.3066192887782482,0.01117219097894875,0.0,1.0,157.0,0.05997194180433907,,0.9375,0.6822085202428029,"[""unseen_polygon"", ""interval_not_coverage_certified""]",empirical_oof_not_certified,0.95,source_mixture_affine
AOI-0032,2020-05-27,0.8441161804062195,0.1551072644611066,0.0007765551326735506,0.0,3.0,2.0,0.036546088893645606,,0.8823529411764706,0.8441161804062195,"[""unseen_polygon"", ""interval_not_coverage_certified""]",empirical_oof_not_certified,0.95,source_mixture_affine
AOI-0032,2020-05-30,0.5285270152797878,0.4709608752361122,0.0005121094841000678,0.0,1.0,1.0,0.016769765101046635,,0.9375,0.5285270152797878,"[""unseen_polygon"", ""interval_not_coverage_certified""]",empirical_oof_not_certified,0.95,source_mixture_affine
AOI-0032,2020-06-24,0.7016545126573743,0.29834548734262567,0.0,0.0,1.0,1.0,0.03875273636868656,,0.9375,0.7016545126573743,"[""unseen_polygon"", ""interval_not_coverage_certified""]",empirical_oof_not_certified,0.95,source_mixture_affine
AOI-0032,2020-06-26,0.9505688538559645,0.04943114614403547,0.0,0.0,1.0,2.0,0.023311403793567997,,0.9375,0.9505688538559645,"[""unseen_polygon"", ""interval_not_coverage_certified""]",empirical_oof_not_certified,0.95,source_mixture_affine
AOI-0032,2020-08-05,0.9771310835640206,0.020760409572593303,0.002108506863385937,0.0,2.0,5.0,0.023211931368828487,,0.8823529411764706,0.9771310835640206,"[""unseen_polygon"", ""interval_not_coverage_certified""]",empirical_oof_not_certified,0.95,source_mixture_affine
AOI-0032,2020-08-07,0.3150746897712759,0.6849253102287238,0.0,0.0,4.0,3.0,0.0038115994610959936,,0.8333333333333334,0.6849253102287238,"[""unseen_polygon"", ""interval_not_coverage_certified""]",empirical_oof_not_certified,0.95,source_mixture_affine
AOI-0032,2020-09-13,0.23433456348908346,0.18085284205018134,0.5848125944607352,0.0,1.0,1.0,0.024333624156233025,,0.9375,0.5848125944607352,"[""unseen_polygon"", ""interval_not_coverage_certified""]",empirical_oof_not_certified,0.95,source_mixture_affine
AOI-0032,2020-09-28,0.4563702737187746,0.43874232903040294,0.10488739725082233,0.0,1.0,11.0,0.019456937730497864,,0.9375,0.4563702737187746,"[""unseen_polygon"", ""interval_not_coverage_certified""]",empirical_oof_not_certified,0.95,source_mixture_affine
AOI-0032,2020-09-29,0.3498996759918039,0.10152283080672732,0.5485774932014691,0.0,2.0,10.0,0.009904201316901257,,0.8823529411764706,0.5485774932014691,"[""unseen_polygon"", ""interval_not_coverage_certified""]",empirical_oof_not_certified,0.95,source_mixture_affine
AOI-0032,2020-10-05,0.4888034970204074,0.508149875915549,0.0030466270640436273,0.0,8.0,4.0,0.014953182571345175,,0.7894736842105263,0.508149875915549,"[""unseen_polygon"", ""interval_not_coverage_certified""]",empirical_oof_not_certified,0.95,source_mixture_affine
AOI-0032,2020-10-06,0.3081727558760842,0.6462921825139328,0.045535061609982976,0.0,9.0,3.0,0.006275233210898429,,0.8333333333333334,0.6462921825139328,"[""unseen_polygon"", ""interval_not_coverage_certified""]",empirical_oof_not_certified,0.95,source_mixture_affine
AOI-0032,2020-10-24,0.9102293723894895,0.08258673960578473,0.007183888004725641,0.0,3.0,2.0,0.05788925275847784,,0.8823529411764706,0.9102293723894895,"[""unseen_polygon"", ""interval_not_coverage_certified""]",empirical_oof_not_certified,0.95,source_mixture_affine
AOI-0032,2021-04-04,0.6978702130524621,0.2933606391550096,0.008769147792528383,0.0,160.0,3.0,0.06015755288388627,,0.8333333333333334,0.6978702130524621,"[""unseen_polygon"", ""interval_not_coverage_certified""]",empirical_oof_not_certified,0.95,source_mixture_affine
AOI-0032,2021-04-23,0.16903076234472988,0.2522243419693333,0.5787448956859368,0.0,1.0,9.0,0.06728584719310048,,0.9375,0.5787448956859368,"[""unseen_polygon"", ""interval_not_coverage_certified""]",empirical_oof_not_certified,0.95,source_mixture_affine
AOI-0032,2021-05-01,0.2863657894952984,0.6979240939603649,0.015710116544336558,0.0,9.0,1.0,0.044997971289783986,,0.9375,0.6979240939603649,"[""unseen_polygon"", ""interval_not_coverage_certified""]",empirical_oof_not_certified,0.95,source_mixture_affine
AOI-0032,2021-05-25,0.4779274211604493,0.09435705959678584,0.42771551924276496,0.0,3.0,4.0,0.019046480595525606,,0.8333333333333334,0.4779274211604493,"[""unseen_polygon"", ""interval_not_coverage_certified""]",empirical_oof_not_certified,0.95,source_mixture_affine
AOI-0032,2021-06-18,0.5482670220277199,0.44234504625959015,0.009387931712689796,0.0,2.0,1.0,0.016292199623952647,,0.9375,0.5482670220277199,"[""unseen_polygon"", ""interval_not_coverage_certified""]",empirical_oof_not_certified,0.95,source_mixture_affine
AOI-0032,2021-07-01,0.8029871627783354,0.19701283722166474,0.0,0.0,3.0,2.0,0.013575425198459473,,0.8823529411764706,0.8029871627783354,"[""unseen_polygon"", ""interval_not_coverage_certified""]",empirical_oof_not_certified,0.95,source_mixture_affine
AOI-0032,2021-07-18,0.5677097909701015,0.42576823252914886,0.00652197650074976,0.0,2.0,2.0,0.0011719311826208778,,0.8823529411764706,0.5677097909701015,"[""unseen_polygon"", ""interval_not_coverage_certified""]",empirical_oof_not_certified,0.95,source_mixture_affine
AOI-0032,2021-09-06,0.5947810905439614,0.3958309777433486,0.009387931712689796,0.0,2.0,1.0,0.006245838474850163,,0.9375,0.5947810905439614,"[""unseen_polygon"", ""interval_not_coverage_certified""]",empirical_oof_not_certified,0.95,source_mixture_affine
AOI-0032,2021-09-15,0.4535984400791894,0.5415718272221655,0.004829732698645184,0.0,1.0,1.0,0.03539384854911408,,0.9375,0.5415718272221655,"[""unseen_polygon"", ""interval_not_coverage_certified""]",empirical_oof_not_certified,0.95,source_mixture_affine
AOI-0032,2021-10-08,0.18816239764608791,0.8091506672676342,0.002686935086277732,0.0,2.0,1.0,0.006284609060803165,,0.9375,0.8091506672676342,"[""unseen_polygon"", ""interval_not_coverage_certified""]",empirical_oof_not_certified,0.95,source_mixture_affine
AOI-0032,2022-04-26,0.0856211581811904,0.9143788418188091,0.0,0.0,3.0,1.0,0.0075168928450985995,,0.9375,0.9143788418188091,"[""unseen_polygon"", ""interval_not_coverage_certified""]",empirical_oof_not_certified,0.95,source_mixture_affine
AOI-0032,2022-05-09,0.14052318242387385,0.20516949401036946,0.6543073235657567,0.0,5.0,3.0,0.01602855766470046,,0.8333333333333334,0.6543073235657567,"[""unseen_polygon"", ""interval_not_coverage_certified""]",empirical_oof_not_certified,0.95,source_mixture_affine
AOI-0032,2022-05-13,0.46011801085139586,0.5219239548158279,0.01795803433277624,0.0,1.0,1.0,0.02757346135054406,,0.9375,0.5219239548158279,"[""unseen_polygon"", ""interval_not_coverage_certified""]",empirical_oof_not_certified,0.95,source_mixture_affine
AOI-0032,2022-05-29,0.7835024633093242,0.2124050438176954,0.004092492872980678,0.0,1.0,3.0,0.01016230449912503,,0.9375,0.7835024633093242,"[""unseen_polygon"", ""interval_not_coverage_certified""]",empirical_oof_not_certified,0.95,source_mixture_affine
AOI-0032,2022-06-06,0.7466523338700304,0.2533476661299698,0.0,0.0,1.0,2.0,0.004863810624359921,,0.9375,0.7466523338700304,"[""unseen_polygon"", ""interval_not_coverage_certified""]",empirical_oof_not_certified,0.95,source_mixture_affine
AOI-0032,2022-06-13,0.41453754123633696,0.5814872939621913,0.003975164801471716,0.0,2.0,1.0,0.01614467439999745,,0.9375,0.5814872939621913,"[""unseen_polygon"", ""interval_not_coverage_certified""]",empirical_oof_not_certified,0.95,source_mixture_affine
AOI-0032,2022-06-30,0.13985478975900945,0.8568594900741602,0.00328572016683028,0.0,1.0,1.0,0.00146257346049955,,0.9375,0.8568594900741602,"[""unseen_polygon"", ""interval_not_coverage_certified""]",empirical_oof_not_certified,0.95,source_mixture_affine
AOI-0032,2022-08-01,0.7044661541341423,0.29096701177628587,0.004566834089571983,0.0,4.0,4.0,0.018961367463956255,,0.7894736842105263,0.7044661541341423,"[""unseen_polygon"", ""interval_not_coverage_certified""]",empirical_oof_not_certified,0.95,source_mixture_affine
AOI-0032,2022-08-02,0.8347749693179045,0.1606581965925232,0.004566834089571983,0.0,5.0,3.0,0.017199123192216073,,0.8333333333333334,0.8347749693179045,"[""unseen_polygon"", ""interval_not_coverage_certified""]",empirical_oof_not_certified,0.95,source_mixture_affine
AOI-0032,2022-08-15,0.8196354536808828,0.18036454631911666,0.0,0.0,2.0,2.0,0.010938496155715807,,0.8823529411764706,0.8196354536808828,"[""unseen_polygon"", ""interval_not_coverage_certified""]",empirical_oof_not_certified,0.95,source_mixture_affine
AOI-0032,2022-08-24,0.15708735834260015,0.820603454400204,0.02230918725719601,0.0,2.0,1.0,0.0020239368100276184,,0.9375,0.820603454400204,"[""unseen_polygon"", ""interval_not_coverage_certified""]",empirical_oof_not_certified,0.95,source_mixture_affine
AOI-0032,2022-08-29,0.1956685159945378,0.17469906588975004,0.6296324181157122,0.0,4.0,1.0,0.02799634052397,,0.9375,0.6296324181157122,"[""unseen_polygon"", ""interval_not_coverage_certified""]",empirical_oof_not_certified,0.95,source_mixture_affine
AOI-0032,2022-09-11,0.25018983315127613,0.7498101668487243,0.0,0.0,1.0,3.0,0.010031636282116563,,0.9375,0.7498101668487243,"[""unseen_polygon"", ""interval_not_coverage_certified""]",empirical_oof_not_certified,0.95,source_mixture_affine
AOI-0032,2023-04-07,0.2660797062211545,0.0931398164229758,0.64078047735587,0.0,2.0,10.0,0.019113091588341555,,0.8823529411764706,0.64078047735587,"[""unseen_polygon"", ""interval_not_coverage_certified""]",empirical_oof_not_certified,0.95,source_mixture_affine
AOI-0032,2023-04-12,0.794994440166398,0.19638432809466377,0.00862123173893853,0.0,7.0,5.0,0.005894992194182172,,0.75,0.794994440166398,"[""unseen_polygon"", ""interval_not_coverage_certified""]",empirical_oof_not_certified,0.95,source_mixture_affine
AOI-0032,2023-05-12,0.7907221300404342,0.20927786995956532,0.0,0.0,3.0,4.0,0.05505935411219981,,0.8333333333333334,0.7907221300404342,"[""unseen_polygon"", ""interval_not_coverage_certified""]",empirical_oof_not_certified,0.95,source_mixture_affine
AOI-0032,2023-05-15,0.8035172450006105,0.19602226121680905,0.00046049378257992303,0.0,6.0,1.0,0.05740405224563078,,0.9375,0.8035172450006105,"[""unseen_polygon"", ""interval_not_coverage_certified""]",empirical_oof_not_certified,0.95,source_mixture_affine
AOI-0032,2023-05-24,0.8454960577429369,0.15450394225706326,0.0,0.0,5.0,1.0,0.023002547078631974,,0.9375,0.8454960577429369,"[""unseen_polygon"", ""interval_not_coverage_certified""]",empirical_oof_not_certified,0.95,source_mixture_affine
AOI-0032,2023-06-06,0.5765910181050987,0.4141907767999147,0.009218205094986555,0.0,3.0,2.0,0.017360437271878526,,0.8823529411764706,0.5765910181050987,"[""unseen_polygon"", ""interval_not_coverage_certified""]",empirical_oof_not_certified,0.95,source_mixture_affine
AOI-0032,2023-06-18,0.5939608290375114,0.3923009452615274,0.013738225700961117,0.0,1.0,2.0,0.00738928422070273,,0.9375,0.5939608290375114,"[""unseen_polygon"", ""interval_not_coverage_certified""]",empirical_oof_not_certified,0.95,source_mixture_affine
AOI-0032,2023-07-26,0.8505203372519307,0.137520428253505,0.011959234494564435,0.0,3.0,1.0,0.0404588115482466,,0.9375,0.8505203372519307,"[""unseen_polygon"", ""interval_not_coverage_certified""]",empirical_oof_not_certified,0.95,source_mixture_affine
AOI-0032,2023-07-28,0.1433741610599726,0.09012776452465712,0.7664980744153701,0.0,1.0,8.0,0.0095668852340062,,0.9375,0.7664980744153701,"[""unseen_polygon"", ""interval_not_coverage_certified""]",empirical_oof_not_certified,0.95,source_mixture_affine
AOI-0032,2023-08-08,0.7132945419406644,0.2768599211547794,0.009845536904555849,0.0,1.0,3.0,0.0152748693740931,,0.9375,0.7132945419406644,"[""unseen_polygon"", ""interval_not_coverage_certified""]",empirical_oof_not_certified,0.95,source_mixture_affine
AOI-0032,2023-09-01,0.5580879482684579,0.4347469636048424,0.007165088126699712,0.0,2.0,4.0,0.011796856089633101,,0.8823529411764706,0.5580879482684579,"[""unseen_polygon"", ""interval_not_coverage_certified""]",empirical_oof_not_certified,0.95,source_mixture_affine
AOI-0032,2023-09-11,0.4360674851983908,0.5599573500001375,0.003975164801471716,0.0,6.0,1.0,0.02410250128840169,,0.9375,0.5599573500001375,"[""unseen_polygon"", ""interval_not_coverage_certified""]",empirical_oof_not_certified,0.95,source_mixture_affine
AOI-0032,2023-09-24,0.6743851266005089,0.31581802142620385,0.009796851973287264,0.0,3.0,4.0,0.0176583558183991,,0.8333333333333334,0.6743851266005089,"[""unseen_polygon"", ""interval_not_coverage_certified""]",empirical_oof_not_certified,0.95,source_mixture_affine
AOI-0032,2024-04-07,0.20379223977122252,0.7868161981875041,0.009391562041273258,0.0,1.0,1.0,0.012500647708654111,,0.9375,0.7868161981875041,"[""unseen_polygon"", ""interval_not_coverage_certified""]",empirical_oof_not_certified,0.95,source_mixture_affine
AOI-0032,2024-05-06,0.8718452325861166,0.12682910135799194,0.0013256660558912548,0.0,3.0,2.0,0.0023197425646543646,,0.8823529411764706,0.8718452325861166,"[""unseen_polygon"", ""interval_not_coverage_certified""]",empirical_oof_not_certified,0.95,source_mixture_affine
AOI-0032,2024-06-03,0.6094423195959956,0.38572794770535906,0.004829732698645184,0.0,1.0,4.0,0.015196906507658078,,0.9375,0.6094423195959956,"[""unseen_polygon"", ""interval_not_coverage_certified""]",empirical_oof_not_certified,0.95,source_mixture_affine
AOI-0032,2024-07-12,0.4886115709687311,0.5074132642297972,0.003975164801471716,0.0,1.0,1.0,0.024618593457372023,,0.9375,0.5074132642297972,"[""unseen_polygon"", ""interval_not_coverage_certified""]",empirical_oof_not_certified,0.95,source_mixture_affine
AOI-0032,2024-07-25,0.7666651011260409,0.233334898873959,0.0,0.0,3.0,2.0,0.00782510393794597,,0.8823529411764706,0.7666651011260409,"[""unseen_polygon"", ""interval_not_coverage_certified""]",empirical_oof_not_certified,0.95,source_mixture_affine
AOI-0032,2024-07-30,0.8989831033497693,0.10101689665023077,0.0,0.0,1.0,2.0,0.030518901491243006,,0.9375,0.8989831033497693,"[""unseen_polygon"", ""interval_not_coverage_certified""]",empirical_oof_not_certified,0.95,source_mixture_affine
AOI-0032,2024-08-22,0.6804683017271536,0.3141898560901013,0.005341842182745252,0.0,1.0,4.0,0.0040776517580583815,,0.9375,0.6804683017271536,"[""unseen_polygon"", ""interval_not_coverage_certified""]",empirical_oof_not_certified,0.95,source_mixture_affine
AOI-0032,2024-08-30,0.5808017185853174,0.4081418826271445,0.01105639878753804,0.0,1.0,7.0,0.005255448581686695,,0.9375,0.5808017185853174,"[""unseen_polygon"", ""interval_not_coverage_certified""]",empirical_oof_not_certified,0.95,source_mixture_affine
AOI-0032,2024-09-13,0.6062578933001103,0.15045328682412545,0.24328881987576442,0.0,5.0,1.0,0.006368264223992781,,0.9375,0.6062578933001103,"[""unseen_polygon"", ""interval_not_coverage_certified""]",empirical_oof_not_certified,0.95,source_mixture_affine
AOI-0032,2024-09-18,0.928651903729927,0.05450525813693881,0.01684283813313394,0.0,3.0,2.0,0.00545885721864417,,0.8823529411764706,0.928651903729927,"[""unseen_polygon"", ""interval_not_coverage_certified""]",empirical_oof_not_certified,0.95,source_mixture_affine
AOI-0032,2024-10-05,0.6551025381368357,0.3265084049986907,0.01838905686447346,0.0,4.0,3.0,0.005206618927173667,,0.8333333333333334,0.6551025381368357,"[""unseen_polygon"", ""interval_not_coverage_certified""]",empirical_oof_not_certified,0.95,source_mixture_affine
AOI-0032,2024-10-15,0.23826632635407752,0.21349635355340155,0.5482373200925211,0.0,2.0,10.0,0.023291709430521154,,0.8823529411764706,0.5482373200925211,"[""unseen_polygon"", ""interval_not_coverage_certified""]",empirical_oof_not_certified,0.95,source_mixture_affine
AOI-0032,2024-10-23,0.5445029442595326,0.428106005657361,0.027391050083106664,0.0,10.0,2.0,0.0027311917635313016,,0.8823529411764706,0.5445029442595326,"[""unseen_polygon"", ""interval_not_coverage_certified""]",empirical_oof_not_certified,0.95,source_mixture_affine
AOI-0032,2025-05-06,0.8968909335744261,0.09040286834695027,0.012706198078623766,0.0,2.0,2.0,0.004970511365810171,,0.8823529411764706,0.8968909335744261,"[""unseen_polygon"", ""interval_not_coverage_certified""]",empirical_oof_not_certified,0.95,source_mixture_affine
AOI-0032,2025-05-28,0.9049520846904225,0.09381086639432404,0.0012370489152534736,0.0,3.0,7.0,0.005304407723412785,,0.8333333333333334,0.9049520846904225,"[""unseen_polygon"", ""interval_not_coverage_certified""]",empirical_oof_not_certified,0.95,source_mixture_affine
AOI-0032,2025-06-30,0.8101425004764383,0.17488186393700234,0.0149756355865596,0.0,3.0,2.0,0.012053693168455615,,0.8823529411764706,0.8101425004764383,"[""unseen_polygon"", ""interval_not_coverage_certified""]",empirical_oof_not_certified,0.95,source_mixture_affine
AOI-0032,2025-07-07,0.8141727766812707,0.17085158773216957,0.0149756355865596,0.0,2.0,1.0,0.017234793580160918,,0.9375,0.8141727766812707,"[""unseen_polygon"", ""interval_not_coverage_certified""]",empirical_oof_not_certified,0.95,source_mixture_affine
AOI-0032,2025-07-10,0.9012449427469852,0.08604885917439113,0.012706198078623766,0.0,2.0,2.0,0.009678906585105868,,0.8823529411764706,0.9012449427469852,"[""unseen_polygon"", ""interval_not_coverage_certified""]",empirical_oof_not_certified,0.95,source_mixture_affine
AOI-0032,2025-08-13,0.055917157399533124,0.2492880423558734,0.6947948002445936,0.0,7.0,1.0,0.01812368666114844,,0.9375,0.6947948002445936,"[""unseen_polygon"", ""interval_not_coverage_certified""]",empirical_oof_not_certified,0.95,source_mixture_affine
AOI-0032,2025-08-16,0.83599394428138,0.14189800405356315,0.022108051665056933,0.0,2.0,3.0,0.004454933471333855,,0.8823529411764706,0.83599394428138,"[""unseen_polygon"", ""interval_not_coverage_certified""]",empirical_oof_not_certified,0.95,source_mixture_affine
AOI-0032,2025-08-24,0.6485551358556069,0.32708572861224516,0.02435913553214806,0.0,1.0,1.0,0.025577180970405594,,0.9375,0.6485551358556069,"[""unseen_polygon"", ""interval_not_coverage_certified""]",empirical_oof_not_certified,0.95,source_mixture_affine
AOI-0032,2025-08-31,0.7069975981794387,0.2924245734226875,0.000577828397873956,0.0,2.0,1.0,0.017507722711636878,,0.9375,0.7069975981794387,"[""unseen_polygon"", ""interval_not_coverage_certified""]",empirical_oof_not_certified,0.95,source_mixture_affine
AOI-0032,2025-09-03,0.9817182053238299,0.018281794676170072,0.0,0.0,1.0,5.0,0.014990019705107438,,0.9375,0.9817182053238299,"[""unseen_polygon"", ""interval_not_coverage_certified""]",empirical_oof_not_certified,0.95,source_mixture_affine
AOI-0032,2025-10-08,0.8714011659253529,0.11548837360406043,0.013110460470586534,0.0,3.0,8.0,0.021997035250049257,,0.8333333333333334,0.8714011659253529,"[""unseen_polygon"", ""interval_not_coverage_certified""]",empirical_oof_not_certified,0.95,source_mixture_affine
AOI-0033,2025-04-28,0.8844609381173919,0.10283286380398461,0.012706198078623766,0.0,3.0,3.0,0.005164022434707455,,0.8333333333333334,0.8844609381173919,"[""interval_not_coverage_certified""]",empirical_oof_not_certified,0.95,source_mixture_affine
AOI-0033,2025-05-20,0.12877567211167773,0.8712243278883222,0.0,0.0,4.0,3.0,0.049329809488447646,,0.8333333333333334,0.8712243278883222,"[""interval_not_coverage_certified""]",empirical_oof_not_certified,0.95,source_mixture_affine
AOI-0033,2025-06-10,0.3969264260182158,0.033701708955338944,0.569371865026445,0.0,3.0,3.0,0.019132681606970348,,0.8333333333333334,0.569371865026445,"[""interval_not_coverage_certified""]",empirical_oof_not_certified,0.95,source_mixture_affine
AOI-0033,2025-06-22,0.802753347582263,0.19724665241773728,0.0,0.0,1.0,3.0,0.032037622398676024,,0.9375,0.802753347582263,"[""interval_not_coverage_certified""]",empirical_oof_not_certified,0.95,source_mixture_affine
AOI-0033,2025-07-05,0.6978744603344448,0.2865423826499235,0.015583157015631868,0.0,3.0,2.0,0.008140903335359273,,0.8823529411764706,0.6978744603344448,"[""interval_not_coverage_certified""]",empirical_oof_not_certified,0.95,source_mixture_affine
AOI-0033,2025-07-10,0.8856912177739286,0.1016025841474477,0.012706198078623766,0.0,2.0,2.0,0.015687466278427098,,0.8823529411764706,0.8856912177739286,"[""interval_not_coverage_certified""]",empirical_oof_not_certified,0.95,source_mixture_affine
AOI-0033,2025-09-15,0.6783485885656368,0.30606825441873126,0.015583157015631868,0.0,1.0,2.0,0.02642376964395632,,0.9375,0.6783485885656368,"[""interval_not_coverage_certified""]",empirical_oof_not_certified,0.95,source_mixture_affine
AOI-0034,2025-04-25,0.8156194515510217,0.1843805484489787,0.0,0.0,2.0,3.0,0.0023453088084207513,,0.8823529411764706,0.8156194515510217,"[""unseen_polygon"", ""interval_not_coverage_certified""]",empirical_oof_not_certified,0.95,source_mixture_affine
AOI-0034,2025-05-06,0.8899165757999589,0.09737722612141761,0.012706198078623766,0.0,2.0,2.0,0.023526309329162054,,0.8823529411764706,0.8899165757999589,"[""unseen_polygon"", ""interval_not_coverage_certified""]",empirical_oof_not_certified,0.95,source_mixture_affine
AOI-0034,2025-05-09,0.12897059385866075,0.021692244618001885,0.8493371615233372,0.0,1.0,6.0,0.06024311800230493,,0.9375,0.8493371615233372,"[""unseen_polygon"", ""interval_not_coverage_certified""]",empirical_oof_not_certified,0.95,source_mixture_affine
AOI-0034,2025-06-10,0.4929452667104693,0.03213369092387886,0.47492104236565197,0.0,3.0,3.0,0.0025201517835185816,,0.8333333333333334,0.4929452667104693,"[""unseen_polygon"", ""interval_not_coverage_certified""]",empirical_oof_not_certified,0.95,source_mixture_affine
AOI-0034,2025-06-15,0.9808487482255301,0.019151251774469923,0.0,0.0,2.0,2.0,0.012437694844386477,,0.8823529411764706,0.9808487482255301,"[""unseen_polygon"", ""interval_not_coverage_certified""]",empirical_oof_not_certified,0.95,source_mixture_affine
AOI-0034,2025-06-21,0.2041568014104826,0.7958431985895175,0.0,0.0,4.0,1.0,0.034756805532066885,,0.9375,0.7958431985895175,"[""unseen_polygon"", ""interval_not_coverage_certified""]",empirical_oof_not_certified,0.95,source_mixture_affine
AOI-0034,2025-07-07,0.8259229057852179,0.1591014586282223,0.0149756355865596,0.0,2.0,1.0,0.01175895591173065,,0.9375,0.8259229057852179,"[""unseen_polygon"", ""interval_not_coverage_certified""]",empirical_oof_not_certified,0.95,source_mixture_affine
AOI-0034,2025-07-10,0.9013896083473253,0.08590419357405116,0.012706198078623766,0.0,2.0,2.0,0.01064961386188841,,0.8823529411764706,0.9013896083473253,"[""unseen_polygon"", ""interval_not_coverage_certified""]",empirical_oof_not_certified,0.95,source_mixture_affine
AOI-0034,2025-07-16,0.16493524400289367,0.8350647559971063,0.0,0.0,1.0,1.0,0.02004944132703368,,0.9375,0.8350647559971063,"[""unseen_polygon"", ""interval_not_coverage_certified""]",empirical_oof_not_certified,0.95,source_mixture_affine
AOI-0034,2025-08-31,0.7135975379157897,0.2842657099474583,0.0021367521367521365,0.0,2.0,1.0,0.012018061743032257,,0.9375,0.7135975379157897,"[""unseen_polygon"", ""interval_not_coverage_certified""]",empirical_oof_not_certified,0.95,source_mixture_affine
AOI-0034,2025-09-13,0.7235740628771481,0.2583778968614829,0.018048040261369015,0.0,1.0,1.0,0.022878498244831957,,0.9375,0.7235740628771481,"[""unseen_polygon"", ""interval_not_coverage_certified""]",empirical_oof_not_certified,0.95,source_mixture_affine
AOI-0034,2025-09-23,0.6816512146629292,0.30123639761375903,0.017112387723311737,0.0,6.0,2.0,0.009198029176724187,,0.8823529411764706,0.6816512146629292,"[""unseen_polygon"", ""interval_not_coverage_certified""]",empirical_oof_not_certified,0.95,source_mixture_affine
AOI-0034,2025-10-02,0.2513875166642767,0.7380700184641356,0.010542464871587822,0.0,2.0,1.0,0.0396549421687763,,0.9375,0.7380700184641356,"[""unseen_polygon"", ""interval_not_coverage_certified""]",empirical_oof_not_certified,0.95,source_mixture_affine
AOI-0034,2025-10-16,0.4649481856724813,0.05408522499745019,0.48096658933006853,0.0,8.0,6.0,0.027080119406652225,,0.7142857142857143,0.48096658933006853,"[""unseen_polygon"", ""interval_not_coverage_certified""]",empirical_oof_not_certified,0.95,source_mixture_affine
AOI-0035,2025-05-16,0.7075193584169687,0.27443260132166253,0.018048040261369015,0.0,1.0,7.0,0.012662267542839695,,0.9375,0.7075193584169687,"[""interval_not_coverage_certified""]",empirical_oof_not_certified,0.95,source_mixture_affine
AOI-0035,2025-05-20,0.12162059019320201,0.8783794098067979,0.0,0.0,5.0,3.0,0.02920189999071318,,0.8333333333333334,0.8783794098067979,"[""interval_not_coverage_certified""]",empirical_oof_not_certified,0.95,source_mixture_affine
AOI-0035,2025-06-05,0.6397006033459922,0.3301126463924269,0.030186750261580967,0.0,1.0,1.0,0.0013716919438861164,,0.9375,0.6397006033459922,"[""interval_not_coverage_certified""]",empirical_oof_not_certified,0.95,source_mixture_affine
AOI-0035,2025-06-07,0.890841866630546,0.09645193529083039,0.012706198078623766,0.0,1.0,6.0,0.02460466567842934,,0.9375,0.890841866630546,"[""interval_not_coverage_certified""]",empirical_oof_not_certified,0.95,source_mixture_affine
AOI-0035,2025-06-10,0.4158768405546063,0.03309645740507741,0.5510267020403163,0.0,4.0,3.0,0.004621405547292401,,0.8333333333333334,0.5510267020403163,"[""interval_not_coverage_certified""]",empirical_oof_not_certified,0.95,source_mixture_affine
AOI-0035,2025-07-30,0.7994331314990538,0.18498371148531415,0.015583157015631868,0.0,2.0,2.0,0.010310186051165612,,0.8823529411764706,0.7994331314990538,"[""interval_not_coverage_certified""]",empirical_oof_not_certified,0.95,source_mixture_affine
AOI-0035,2025-08-31,0.7535986518634097,0.24495593203549337,0.0014454161010972624,0.0,2.0,1.0,0.009629185918346633,,0.9375,0.7535986518634097,"[""interval_not_coverage_certified""]",empirical_oof_not_certified,0.95,source_mixture_affine
AOI-0035,2025-09-26,0.4458582592415501,0.5409234331957262,0.013218307562723831,0.0,1.0,4.0,0.014690895383493247,,0.9375,0.5409234331957262,"[""interval_not_coverage_certified""]",empirical_oof_not_certified,0.95,source_mixture_affine
AOI-0035,2025-09-28,0.9765319586139961,0.02346804138600381,0.0,0.0,3.0,2.0,0.021560024993019927,,0.8823529411764706,0.9765319586139961,"[""interval_not_coverage_certified""]",empirical_oof_not_certified,0.95,source_mixture_affine
AOI-0035,2025-10-02,0.35564214410451866,0.6402952093431082,0.004062646552373024,0.0,2.0,1.0,0.03381797489280319,,0.9375,0.6402952093431082,"[""interval_not_coverage_certified""]",empirical_oof_not_certified,0.95,source_mixture_affine
AOI-0035,2025-10-30,0.8465146087172586,0.13406433332389464,0.019421057958846525,0.0,3.0,,0.011221306720960167,one_neighbor_plus_seasonal_prior,0.4166666666666667,0.8465146087172586,"[""one_sided_or_no_context"", ""interval_not_coverage_certified""]",empirical_oof_not_certified,0.95,source_mixture_affine
AOI-0036,2025-05-16,0.7180176803983173,0.2639342793403138,0.018048040261369015,0.0,1.0,4.0,7.285067954521107e-05,,0.9375,0.7180176803983173,"[""unseen_polygon"", ""interval_not_coverage_certified""]",empirical_oof_not_certified,0.95,source_mixture_affine
AOI-0036,2025-07-16,0.16262907893340145,0.8373709210665985,0.0,0.0,1.0,1.0,0.02535393600356954,,0.9375,0.8373709210665985,"[""unseen_polygon"", ""interval_not_coverage_certified""]",empirical_oof_not_certified,0.95,source_mixture_affine
AOI-0036,2025-08-01,0.7314995141632424,0.2685004858367577,0.0,0.0,1.0,5.0,0.018262266398676036,,0.9375,0.7314995141632424,"[""unseen_polygon"", ""interval_not_coverage_certified""]",empirical_oof_not_certified,0.95,source_mixture_affine
AOI-0036,2025-08-09,0.8313568776790693,0.15366748673437114,0.0149756355865596,0.0,3.0,4.0,0.02324880456684561,,0.8333333333333334,0.8313568776790693,"[""unseen_polygon"", ""interval_not_coverage_certified""]",empirical_oof_not_certified,0.95,source_mixture_affine
AOI-0036,2025-08-23,0.6339682579409387,0.3619020406583145,0.004129701400746811,0.0,4.0,1.0,0.001156186915841212,,0.9375,0.6339682579409387,"[""unseen_polygon"", ""interval_not_coverage_certified""]",empirical_oof_not_certified,0.95,source_mixture_affine
AOI-0036,2025-10-02,0.3715331995948595,0.6219354193928827,0.006531381012257597,0.0,2.0,1.0,0.021767436512593052,,0.9375,0.6219354193928827,"[""unseen_polygon"", ""interval_not_coverage_certified""]",empirical_oof_not_certified,0.95,source_mixture_affine
AOI-0037,2025-04-07,0.14676911590655128,0.051129511657102916,0.8021013724363455,0.0,2.0,11.0,0.07601950608013405,,0.8823529411764706,0.8021013724363455,"[""interval_not_coverage_certified""]",empirical_oof_not_certified,0.95,source_mixture_affine
AOI-0037,2025-04-16,0.5578787381786301,0.4242652918848913,0.017855969936478547,0.0,11.0,2.0,0.050952064090784094,,0.8823529411764706,0.5578787381786301,"[""interval_not_coverage_certified""]",empirical_oof_not_certified,0.95,source_mixture_affine
AOI-0037,2025-05-23,0.9651321623471744,0.034867837652825646,0.0,0.0,3.0,2.0,0.016262270426695702,,0.8823529411764706,0.9651321623471744,"[""interval_not_coverage_certified""]",empirical_oof_not_certified,0.95,source_mixture_affine
AOI-0037,2025-06-30,0.7818054693591082,0.20223838865602795,0.01595614198486419,0.0,3.0,5.0,0.03232936188775504,,0.8333333333333334,0.7818054693591082,"[""interval_not_coverage_certified""]",empirical_oof_not_certified,0.95,source_mixture_affine
AOI-0037,2025-07-14,0.5103747388872429,0.48485100945626747,0.004774251656489522,0.0,2.0,1.0,0.03236003962938169,,0.9375,0.5103747388872429,"[""interval_not_coverage_certified""]",empirical_oof_not_certified,0.95,source_mixture_affine
AOI-0037,2025-07-23,0.39029277207850155,0.5961159353895424,0.013591292531956154,0.0,1.0,5.0,0.004757875209346563,,0.9375,0.5961159353895424,"[""interval_not_coverage_certified""]",empirical_oof_not_certified,0.95,source_mixture_affine
AOI-0037,2025-08-09,0.7924069929645258,0.19163686505061028,0.01595614198486419,0.0,3.0,4.0,0.04064663758840084,,0.8333333333333334,0.7924069929645258,"[""interval_not_coverage_certified""]",empirical_oof_not_certified,0.95,source_mixture_affine
AOI-0037,2025-08-16,0.7491924740586892,0.23712082146438257,0.013686704476928354,0.0,2.0,1.0,0.019787696656421633,,0.9375,0.7491924740586892,"[""interval_not_coverage_certified""]",empirical_oof_not_certified,0.95,source_mixture_affine
AOI-0037,2025-09-12,0.9278092945864266,0.07219070541357346,0.0,0.0,3.0,2.0,0.031841400202092834,,0.8823529411764706,0.9278092945864266,"[""interval_not_coverage_certified""]",empirical_oof_not_certified,0.95,source_mixture_affine
AOI-0037,2025-09-13,0.876165582698882,0.11075523425326211,0.013079183047856087,0.0,4.0,1.0,0.02556565606826225,,0.9375,0.876165582698882,"[""interval_not_coverage_certified""]",empirical_oof_not_certified,0.95,source_mixture_affine
AOI-0037,2025-09-23,0.550309521722199,0.4279706081872599,0.02171987009054103,0.0,6.0,2.0,0.007507399034490936,,0.8823529411764706,0.550309521722199,"[""interval_not_coverage_certified""]",empirical_oof_not_certified,0.95,source_mixture_affine
AOI-0037,2025-09-26,0.32920645800492343,0.6502090382070945,0.020584503787981982,0.0,1.0,2.0,0.009475253436775535,,0.9375,0.6502090382070945,"[""interval_not_coverage_certified""]",empirical_oof_not_certified,0.95,source_mixture_affine
AOI-0037,2025-09-30,0.03867553060430026,0.07806711692287077,0.8832573524728289,0.0,2.0,2.0,0.03665719233884901,,0.8823529411764706,0.8832573524728289,"[""interval_not_coverage_certified""]",empirical_oof_not_certified,0.95,source_mixture_affine
AOI-0037,2025-10-05,0.9111817483934894,0.07655848041558808,0.012259771190922362,0.0,1.0,3.0,0.01784810114557986,,0.9375,0.9111817483934894,"[""interval_not_coverage_certified""]",empirical_oof_not_certified,0.95,source_mixture_affine
AOI-0038,2025-04-07,0.13999082329795992,0.055354586506922515,0.8046545901951175,0.0,2.0,9.0,0.04424896371833387,,0.8823529411764706,0.8046545901951175,"[""interval_not_coverage_certified""]",empirical_oof_not_certified,0.95,source_mixture_affine
AOI-0038,2025-04-25,0.7806280677446263,0.21937193225537366,0.0,0.0,2.0,3.0,0.037852536160668415,,0.8823529411764706,0.7806280677446263,"[""interval_not_coverage_certified""]",empirical_oof_not_certified,0.95,source_mixture_affine
AOI-0038,2025-06-14,0.21609611982633825,0.7839038801736613,0.0,0.0,1.0,7.0,0.00019953801509797753,,0.9375,0.7839038801736613,"[""interval_not_coverage_certified""]",empirical_oof_not_certified,0.95,source_mixture_affine
AOI-0038,2025-07-10,0.8720207309591491,0.11490008599299488,0.013079183047856087,0.0,2.0,2.0,0.018124834300473028,,0.8823529411764706,0.8720207309591491,"[""interval_not_coverage_certified""]",empirical_oof_not_certified,0.95,source_mixture_affine
AOI-0038,2025-07-15,0.5709855445211433,0.4096821001989944,0.01933235527986242,0.0,1.0,1.0,0.010840551800852888,,0.9375,0.5709855445211433,"[""interval_not_coverage_certified""]",empirical_oof_not_certified,0.95,source_mixture_affine
AOI-0038,2025-08-14,0.5822939512994839,0.40174990671565197,0.01595614198486419,0.0,1.0,2.0,0.01749009209379218,,0.9375,0.5822939512994839,"[""interval_not_coverage_certified""]",empirical_oof_not_certified,0.95,source_mixture_affine
AOI-0038,2025-09-02,0.10860105645620939,0.8902939477774907,0.0011049957662997462,0.0,1.0,1.0,0.012189870335710132,,0.9375,0.8902939477774907,"[""interval_not_coverage_certified""]",empirical_oof_not_certified,0.95,source_mixture_affine
AOI-0038,2025-10-05,0.9489529894155792,0.04968248658116586,0.0013645240032546789,0.0,1.0,18.0,0.03472100825685548,,0.9375,0.9489529894155792,"[""interval_not_coverage_certified""]",empirical_oof_not_certified,0.95,source_mixture_affine
AOI-0038,2025-10-08,0.8307665560744943,0.15324602451791086,0.015987419407594638,0.0,4.0,15.0,0.022879423484727435,,0.7894736842105263,0.8307665560744943,"[""interval_not_coverage_certified""]",empirical_oof_not_certified,0.95,source_mixture_affine
AOI-0038,2025-10-16,0.38450555208592596,0.07379846265126706,0.541695985262807,0.0,12.0,7.0,0.00578213990364379,,0.6818181818181818,0.541695985262807,"[""interval_not_coverage_certified""]",empirical_oof_not_certified,0.95,source_mixture_affine
AOI-0039,2025-05-04,0.5904733752555705,0.3964474416965734,0.013079183047856087,0.0,3.0,2.0,0.0220261986242532,,0.8823529411764706,0.5904733752555705,"[""unseen_polygon"", ""interval_not_coverage_certified""]",empirical_oof_not_certified,0.95,source_mixture_affine
AOI-0039,2025-05-08,0.9665478665040739,0.032991639713346205,0.00046049378257992303,0.0,2.0,1.0,0.018969919268992774,,0.9375,0.9665478665040739,"[""unseen_polygon"", ""interval_not_coverage_certified""]",empirical_oof_not_certified,0.95,source_mixture_affine
AOI-0039,2025-05-28,0.8416025127429149,0.1575640085052731,0.0008334787518122441,0.0,2.0,7.0,0.008100487517041566,,0.8823529411764706,0.8416025127429149,"[""unseen_polygon"", ""interval_not_coverage_certified""]",empirical_oof_not_certified,0.95,source_mixture_affine
AOI-0039,2025-07-10,0.8822904205765433,0.10379468269493333,0.013914896728523408,0.0,2.0,2.0,0.01615846676585264,,0.8823529411764706,0.8822904205765433,"[""unseen_polygon"", ""interval_not_coverage_certified""]",empirical_oof_not_certified,0.95,source_mixture_affine
AOI-0039,2025-08-06,0.6066500456246444,0.3750288680021442,0.01832108637321138,0.0,2.0,3.0,0.01649950688113938,,0.8823529411764706,0.6066500456246444,"[""unseen_polygon"", ""interval_not_coverage_certified""]",empirical_oof_not_certified,0.95,source_mixture_affine
AOI-0039,2025-08-24,0.6066415355698817,0.3717566716423202,0.02160179278779826,0.0,1.0,1.0,0.019050489317326502,,0.9375,0.6066415355698817,"[""unseen_polygon"", ""interval_not_coverage_certified""]",empirical_oof_not_certified,0.95,source_mixture_affine
AOI-0039,2025-09-08,0.7752000850251609,0.20568152069122714,0.01911839428361215,0.0,5.0,1.0,0.009091459953508407,,0.9375,0.7752000850251609,"[""unseen_polygon"", ""interval_not_coverage_certified""]",empirical_oof_not_certified,0.95,source_mixture_affine
AOI-0039,2025-09-12,0.7772139128308463,0.21323042262856196,0.009555664540592082,0.0,3.0,1.0,0.01620234213330607,,0.9375,0.7772139128308463,"[""unseen_polygon"", ""interval_not_coverage_certified""]",empirical_oof_not_certified,0.95,source_mixture_affine
AOI-0039,2025-09-14,0.047186629547607835,0.16728101639478907,0.7855323540576031,0.0,1.0,1.0,0.01700292487085736,,0.9375,0.7855323540576031,"[""unseen_polygon"", ""interval_not_coverage_certified""]",empirical_oof_not_certified,0.95,source_mixture_affine
AOI-0039,2025-09-26,0.4289147112239183,0.5500319325096028,0.021053356266478983,0.0,1.0,2.0,0.002848475345385737,,0.9375,0.5500319325096028,"[""unseen_polygon"", ""interval_not_coverage_certified""]",empirical_oof_not_certified,0.95,source_mixture_affine
AOI-0039,2025-10-23,0.9518906776325754,0.03286904554707359,0.015240276820350802,0.0,7.0,4.0,0.05189321703163163,,0.7894736842105263,0.9518906776325754,"[""unseen_polygon"", ""interval_not_coverage_certified""]",empirical_oof_not_certified,0.95,source_mixture_affine
AOI-0040,2025-04-02,0.26401194403292605,0.718799077549336,0.017188978417738282,0.0,,3.0,0.05725517462798346,one_neighbor_plus_seasonal_prior,0.4166666666666667,0.718799077549336,"[""one_sided_or_no_context"", ""interval_not_coverage_certified""]",empirical_oof_not_certified,0.95,source_mixture_affine
AOI-0040,2025-04-03,0.4141611902012313,0.5686498313810305,0.017188978417738282,0.0,,2.0,0.05828528655104104,one_neighbor_plus_seasonal_prior,0.4411764705882353,0.5686498313810305,"[""one_sided_or_no_context"", ""interval_not_coverage_certified""]",empirical_oof_not_certified,0.95,source_mixture_affine
AOI-0040,2025-05-06,0.8692980253423255,0.11762279160981841,0.013079183047856087,0.0,2.0,2.0,0.006183454896782126,,0.8823529411764706,0.8692980253423255,"[""interval_not_coverage_certified""]",empirical_oof_not_certified,0.95,source_mixture_affine
AOI-0040,2025-06-07,0.8465863026750818,0.14033451427706237,0.013079183047856087,0.0,1.0,3.0,0.019213052809651077,,0.9375,0.8465863026750818,"[""interval_not_coverage_certified""]",empirical_oof_not_certified,0.95,source_mixture_affine
AOI-0040,2025-07-08,0.25412262288170606,0.7277009522649662,0.01817642485332721,0.0,1.0,2.0,0.001327963171593921,,0.9375,0.7277009522649662,"[""interval_not_coverage_certified""]",empirical_oof_not_certified,0.95,source_mixture_affine
AOI-0040,2025-09-12,0.9218945480343612,0.07810545196563883,0.0,0.0,3.0,2.0,0.022764216640485446,,0.8823529411764706,0.9218945480343612,"[""interval_not_coverage_certified""]",empirical_oof_not_certified,0.95,source_mixture_affine
AOI-0040,2025-09-13,0.8688097535905217,0.11811106336162236,0.013079183047856087,0.0,4.0,1.0,0.018667565678402442,,0.9375,0.8688097535905217,"[""interval_not_coverage_certified""]",empirical_oof_not_certified,0.95,source_mixture_affine
AOI-0040,2025-09-28,0.972904935701634,0.02665751114256809,0.00043755315579770235,0.0,2.0,5.0,0.010098003646628467,,0.8823529411764706,0.972904935701634,"[""interval_not_coverage_certified""]",empirical_oof_not_certified,0.95,source_mixture_affine
AOI-0040,2025-09-30,0.03589131923860138,0.08239225995150536,0.8817164208098931,0.0,4.0,3.0,0.029569079700963147,,0.8333333333333334,0.8817164208098931,"[""interval_not_coverage_certified""]",empirical_oof_not_certified,0.95,source_mixture_affine
AOI-0040,2025-10-02,0.3293492818675713,0.6528113049626321,0.017839413169796852,0.0,6.0,1.0,0.00022595425619489906,,0.9375,0.6528113049626321,"[""interval_not_coverage_certified""]",empirical_oof_not_certified,0.95,source_mixture_affine
AOI-0041,2025-04-23,0.17973701772044223,0.07659805525528716,0.7436649270242706,0.0,4.0,2.0,0.007894862982732509,,0.8823529411764706,0.7436649270242706,"[""interval_not_coverage_certified""]",empirical_oof_not_certified,0.95,source_mixture_affine
AOI-0041,2025-05-20,0.14038672218285383,0.8596132778171461,0.0,0.0,5.0,3.0,0.002301623830088806,,0.8333333333333334,0.8596132778171461,"[""interval_not_coverage_certified""]",empirical_oof_not_certified,0.95,source_mixture_affine
AOI-0041,2025-06-22,0.8315332308384314,0.16846676916156855,0.0,0.0,1.0,4.0,0.015516150001006868,,0.9375,0.8315332308384314,"[""interval_not_coverage_certified""]",empirical_oof_not_certified,0.95,source_mixture_affine
AOI-0041,2025-06-27,0.6151526677360306,0.367445774178008,0.017401558085961454,0.0,1.0,2.0,0.0019073804001840389,,0.9375,0.6151526677360306,"[""interval_not_coverage_certified""]",empirical_oof_not_certified,0.95,source_mixture_affine
AOI-0041,2025-07-23,0.38300113554294,0.603407571925104,0.013591292531956154,0.0,1.0,5.0,0.011414557223908217,,0.9375,0.603407571925104,"[""interval_not_coverage_certified""]",empirical_oof_not_certified,0.95,source_mixture_affine
AOI-0041,2025-08-19,0.8765027207783399,0.1104180961738042,0.013079183047856087,0.0,2.0,4.0,0.02266557928875404,,0.8823529411764706,0.8765027207783399,"[""interval_not_coverage_certified""]",empirical_oof_not_certified,0.95,source_mixture_affine
AOI-0041,2025-09-30,0.048073389154385436,0.07148370679860878,0.8804429040470059,0.0,2.0,2.0,0.04488984819601684,,0.8823529411764706,0.8804429040470059,"[""interval_not_coverage_certified""]",empirical_oof_not_certified,0.95,source_mixture_affine
AOI-0042,2025-04-18,0.7881750175785684,0.19684934683487193,0.0149756355865596,0.0,2.0,1.0,0.007527090128228914,,0.9375,0.7881750175785684,"[""unseen_polygon"", ""interval_not_coverage_certified""]",empirical_oof_not_certified,0.95,source_mixture_affine
AOI-0042,2025-05-04,0.595433323091949,0.39148749386019494,0.013079183047856087,0.0,3.0,2.0,0.011396135964174908,,0.8823529411764706,0.595433323091949,"[""unseen_polygon"", ""interval_not_coverage_certified""]",empirical_oof_not_certified,0.95,source_mixture_affine
AOI-0042,2025-06-13,0.8101964094729349,0.18820987439684894,0.0015937161302163041,0.0,3.0,1.0,0.011981477801379398,,0.9375,0.8101964094729349,"[""unseen_polygon"", ""interval_not_coverage_certified""]",empirical_oof_not_certified,0.95,source_mixture_affine
AOI-0042,2025-07-14,0.5782660910142616,0.41974095972174347,0.001992949263994675,0.0,2.0,1.0,0.00720872041560533,,0.9375,0.5782660910142616,"[""unseen_polygon"", ""interval_not_coverage_certified""]",empirical_oof_not_certified,0.95,source_mixture_affine
AOI-0042,2025-07-16,0.23257844147438989,0.7662721332382537,0.0011494252873563216,0.0,1.0,6.0,0.027021573337705447,,0.9375,0.7662721332382537,"[""unseen_polygon"", ""interval_not_coverage_certified""]",empirical_oof_not_certified,0.95,source_mixture_affine
AOI-0042,2025-07-24,0.09671773189892367,0.9021772723347765,0.0011049957662997462,0.0,1.0,1.0,0.01417499902281423,,0.9375,0.9021772723347765,"[""unseen_polygon"", ""interval_not_coverage_certified""]",empirical_oof_not_certified,0.95,source_mixture_affine
AOI-0042,2025-08-17,0.4829397624590742,0.501662046005325,0.01539819153560076,0.0,1.0,6.0,0.012003421459565164,,0.9375,0.501662046005325,"[""unseen_polygon"", ""interval_not_coverage_certified""]",empirical_oof_not_certified,0.95,source_mixture_affine
AOI-0042,2025-08-19,0.8808428212667709,0.10360019304057638,0.01555698569265292,0.0,3.0,4.0,0.0068328718406408945,,0.8333333333333334,0.8808428212667709,"[""unseen_polygon"", ""interval_not_coverage_certified""]",empirical_oof_not_certified,0.95,source_mixture_affine
AOI-0042,2025-08-24,0.6474907536506244,0.32692755134827295,0.025581695001102692,0.0,1.0,1.0,0.006147445451768749,,0.9375,0.6474907536506244,"[""unseen_polygon"", ""interval_not_coverage_certified""]",empirical_oof_not_certified,0.95,source_mixture_affine
AOI-0042,2025-08-29,0.6152422301694128,0.11539632028217339,0.2693614495484135,0.0,4.0,2.0,0.010069785231674816,,0.8823529411764706,0.6152422301694128,"[""unseen_polygon"", ""interval_not_coverage_certified""]",empirical_oof_not_certified,0.95,source_mixture_affine
AOI-0042,2025-09-15,0.6637005088633269,0.3209508705808809,0.015348620555791923,0.0,1.0,8.0,0.003876783074493878,,0.9375,0.6637005088633269,"[""unseen_polygon"", ""interval_not_coverage_certified""]",empirical_oof_not_certified,0.95,source_mixture_affine
AOI-0042,2025-09-17,0.07041996909493786,0.9295800309050622,0.0,0.0,3.0,6.0,0.007451705708169137,,0.8333333333333334,0.9295800309050622,"[""unseen_polygon"", ""interval_not_coverage_certified""]",empirical_oof_not_certified,0.95,source_mixture_affine
AOI-0042,2025-10-02,0.2536278591221455,0.7400609809506955,0.00631115992715917,0.0,2.0,1.0,0.003633524915241812,,0.9375,0.7400609809506955,"[""unseen_polygon"", ""interval_not_coverage_certified""]",empirical_oof_not_certified,0.95,source_mixture_affine
AOI-0043,2025-04-24,0.752519685841063,0.2339928729298289,0.01348744122910822,0.0,1.0,1.0,0.04121703755259942,,0.9375,0.752519685841063,"[""interval_not_coverage_certified""]",empirical_oof_not_certified,0.95,source_mixture_affine
AOI-0043,2025-04-29,0.6685590830241032,0.3118704664579392,0.01957045051795766,0.0,1.0,2.0,0.01013182666438428,,0.9375,0.6685590830241032,"[""interval_not_coverage_certified""]",empirical_oof_not_certified,0.95,source_mixture_affine
AOI-0043,2025-05-31,0.9668320223847284,0.033167977615271516,0.0,0.0,4.0,3.0,0.017579233180347403,,0.8333333333333334,0.9668320223847284,"[""interval_not_coverage_certified""]",empirical_oof_not_certified,0.95,source_mixture_affine
AOI-0043,2025-06-08,0.6769838270009215,0.3034457224811208,0.01957045051795766,0.0,1.0,2.0,0.010154900381072307,,0.9375,0.6769838270009215,"[""interval_not_coverage_certified""]",empirical_oof_not_certified,0.95,source_mixture_affine
AOI-0043,2025-06-15,0.9775295562532342,0.02247044374676607,0.0,0.0,5.0,11.0,0.009869642567280734,,0.75,0.9775295562532342,"[""interval_not_coverage_certified""]",empirical_oof_not_certified,0.95,source_mixture_affine
AOI-0043,2025-06-17,0.9546909547491046,0.04530904525089551,0.0,0.0,7.0,9.0,0.0108292413512453,,0.6818181818181818,0.9546909547491046,"[""interval_not_coverage_certified""]",empirical_oof_not_certified,0.95,source_mixture_affine
AOI-0043,2025-06-25,0.9608648710223866,0.039135128977613155,0.0,0.0,15.0,1.0,0.009402998903222382,,0.9375,0.9608648710223866,"[""interval_not_coverage_certified""]",empirical_oof_not_certified,0.95,source_mixture_affine
AOI-0043,2025-07-07,0.6346734547388403,0.34887292893906796,0.01645361632209167,0.0,1.0,1.0,0.01847864745233392,,0.9375,0.6346734547388403,"[""interval_not_coverage_certified""]",empirical_oof_not_certified,0.95,source_mixture_affine
AOI-0043,2025-07-13,0.7508180478025688,0.23383333164163944,0.015348620555791923,0.0,1.0,1.0,0.0242280790958308,,0.9375,0.7508180478025688,"[""interval_not_coverage_certified""]",empirical_oof_not_certified,0.95,source_mixture_affine
AOI-0043,2025-08-12,0.8820322986535907,0.10488851829855335,0.013079183047856087,0.0,5.0,1.0,0.00764435909142494,,0.9375,0.8820322986535907,"[""interval_not_coverage_certified""]",empirical_oof_not_certified,0.95,source_mixture_affine
AOI-0043,2025-09-24,0.16691034297084667,0.8318249693687823,0.001264687660371037,0.0,1.0,2.0,0.0063407972244151345,,0.9375,0.8318249693687823,"[""interval_not_coverage_certified""]",empirical_oof_not_certified,0.95,source_mixture_affine
AOI-0043,2025-10-13,0.9390733746286583,0.05125490988061161,0.009671715490729883,0.0,5.0,3.0,0.007032377840302459,,0.8333333333333334,0.9390733746286583,"[""interval_not_coverage_certified""]",empirical_oof_not_certified,0.95,source_mixture_affine
AOI-0043,2025-10-15,0.789198100186001,0.20345588773626155,0.0073460120777372115,0.0,7.0,1.0,0.00036742799134496795,,0.9375,0.789198100186001,"[""interval_not_coverage_certified""]",empirical_oof_not_certified,0.95,source_mixture_affine
AOI-0044,2010-04-16,0.00209693092562025,0.9845402460181192,0.013362823056260362,0.0,9.0,7.0,0.04096700066074596,,0.6818181818181818,0.9845402460181192,"[""unseen_polygon"", ""interval_not_coverage_certified""]",empirical_oof_not_certified,0.95,source_mixture_affine
AOI-0044,2010-04-25,0.001315582463230441,0.9972365369139322,0.0014478806228373704,0.0,2.0,7.0,0.03903599547252645,,0.8823529411764706,0.9972365369139322,"[""unseen_polygon"", ""interval_not_coverage_certified""]",empirical_oof_not_certified,0.95,source_mixture_affine
AOI-0044,2010-05-09,0.047728943303761956,0.24337846821057194,0.7088925884856659,0.0,7.0,16.0,0.002137459307896966,,0.6818181818181818,0.7088925884856659,"[""unseen_polygon"", ""interval_not_coverage_certified""]",empirical_oof_not_certified,0.95,source_mixture_affine
AOI-0044,2010-05-18,0.0009824676269460206,0.999017532373054,0.0,0.0,16.0,7.0,0.014951043290119065,,0.6818181818181818,0.999017532373054,"[""unseen_polygon"", ""interval_not_coverage_certified""]",empirical_oof_not_certified,0.95,source_mixture_affine
AOI-0044,2010-06-12,0.001750811966173208,0.9982491880338269,0.0,0.0,1.0,7.0,0.012106859998670949,,0.9375,0.9982491880338269,"[""unseen_polygon"", ""interval_not_coverage_certified""]",empirical_oof_not_certified,0.95,source_mixture_affine
AOI-0044,2010-06-20,0.007381004436659464,0.9926189955633405,0.0,0.0,1.0,6.0,0.05017120885065418,,0.9375,0.9926189955633405,"[""unseen_polygon"", ""interval_not_coverage_certified""]",empirical_oof_not_certified,0.95,source_mixture_affine
AOI-0044,2010-06-28,0.0,1.0,0.0,0.0,2.0,7.0,0.0512623928481018,,0.8823529411764706,1.0,"[""unseen_polygon"", ""interval_not_coverage_certified""]",empirical_oof_not_certified,0.95,source_mixture_affine
AOI-0044,2010-07-29,0.0,1.0,0.0,0.0,1.0,1.0,0.012411937363753928,,0.9375,1.0,"[""unseen_polygon"", ""interval_not_coverage_certified""]",empirical_oof_not_certified,0.95,source_mixture_affine
AOI-0044,2010-08-06,0.0009789822508933714,0.9990210177491066,0.0,0.0,7.0,1.0,0.005570923801583236,,0.9375,0.9990210177491066,"[""unseen_polygon"", ""interval_not_coverage_certified""]",empirical_oof_not_certified,0.95,source_mixture_affine
AOI-0044,2010-10-16,0.014172567935816966,0.5068568757371031,0.47897055632707974,0.0,16.0,10.0,0.0036898747624939943,,0.6000000000000001,0.5068568757371031,"[""unseen_polygon"", ""interval_not_coverage_certified""]",empirical_oof_not_certified,0.95,source_mixture_affine
AOI-0044,2010-10-25,0.02970297245831153,0.9286646475819451,0.04163237995974341,0.0,25.0,1.0,0.014157688292137871,,0.9375,0.9286646475819451,"[""unseen_polygon"", ""interval_not_coverage_certified""]",empirical_oof_not_certified,0.95,source_mixture_affine
AOI-0044,2011-07-16,0.0,1.0,0.0,0.0,4.0,8.0,0.0314675858575732,,0.7894736842105263,1.0,"[""unseen_polygon"", ""interval_not_coverage_certified""]",empirical_oof_not_certified,0.95,source_mixture_affine
AOI-0044,2011-08-01,0.0,1.0,0.0,0.0,4.0,8.0,0.0010198600612751907,,0.7894736842105263,1.0,"[""unseen_polygon"", ""interval_not_coverage_certified""]",empirical_oof_not_certified,0.95,source_mixture_affine
AOI-0044,2011-08-02,0.0,1.0,0.0,0.0,5.0,7.0,0.00568450992423819,,0.75,1.0,"[""unseen_polygon"", ""interval_not_coverage_certified""]",empirical_oof_not_certified,0.95,source_mixture_affine
AOI-0044,2011-10-16,0.038361043721219616,0.19716307446920833,0.7644758818095722,0.0,16.0,180.0,0.005433296985923847,,0.48387096774193555,0.7644758818095722,"[""unseen_polygon"", ""interval_not_coverage_certified""]",empirical_oof_not_certified,0.95,source_mixture_affine
AOI-0044,2012-04-06,0.054917052070181605,0.2447516854742543,0.7003312624555643,0.0,189.0,7.0,0.008664887617324951,,0.6818181818181818,0.7003312624555643,"[""unseen_polygon"", ""interval_not_coverage_certified""]",empirical_oof_not_certified,0.95,source_mixture_affine
AOI-0044,2012-05-08,0.04012097262942642,0.26427597818925386,0.6956030491813201,0.0,9.0,16.0,0.019766342552474947,,0.625,0.6956030491813201,"[""unseen_polygon"", ""interval_not_coverage_certified""]",empirical_oof_not_certified,0.95,source_mixture_affine
AOI-0044,2013-05-02,0.0,1.0,0.0,0.0,7.0,7.0,0.02575709853657074,,0.6818181818181818,1.0,"[""unseen_polygon"", ""interval_not_coverage_certified""]",empirical_oof_not_certified,0.95,source_mixture_affine
AOI-0044,2013-05-03,0.0,1.0,0.0,0.0,8.0,6.0,0.023035972587519354,,0.7142857142857143,1.0,"[""unseen_polygon"", ""interval_not_coverage_certified""]",empirical_oof_not_certified,0.95,source_mixture_affine
AOI-0044,2013-05-11,0.0,1.0,0.0,0.0,2.0,14.0,0.08326418000739522,,0.8823529411764706,1.0,"[""unseen_polygon"", ""interval_not_coverage_certified""]",empirical_oof_not_certified,0.95,source_mixture_affine
AOI-0044,2014-04-07,0.04399078913165061,0.1275189761413855,0.828490234726964,0.0,3.0,16.0,0.004463016111300677,,0.8333333333333334,0.828490234726964,"[""unseen_polygon"", ""interval_not_coverage_certified""]",empirical_oof_not_certified,0.95,source_mixture_affine
AOI-0044,2014-06-06,0.0023455995557378814,0.9976544004442621,0.0,0.0,7.0,1.0,0.0017673786488611176,,0.9375,0.9976544004442621,"[""unseen_polygon"", ""interval_not_coverage_certified""]",empirical_oof_not_certified,0.95,source_mixture_affine
AOI-0044,2014-06-14,0.006341948836587974,0.9936580511634121,0.0,0.0,4.0,8.0,0.00457215125754068,,0.7894736842105263,0.9936580511634121,"[""unseen_polygon"", ""interval_not_coverage_certified""]",empirical_oof_not_certified,0.95,source_mixture_affine
AOI-0044,2014-06-23,0.0039025123128525996,0.9960974876871476,0.0,0.0,1.0,3.0,0.014536050513084153,,0.9375,0.9960974876871476,"[""unseen_polygon"", ""interval_not_coverage_certified""]",empirical_oof_not_certified,0.95,source_mixture_affine
AOI-0044,2014-08-02,0.0005864129718328426,0.9994135870281672,0.0,0.0,1.0,8.0,0.023168681696153548,,0.9375,0.9994135870281672,"[""unseen_polygon"", ""interval_not_coverage_certified""]",empirical_oof_not_certified,0.95,source_mixture_affine
AOI-0044,2014-08-09,0.0,1.0,0.0,0.0,8.0,1.0,0.019947621255882175,,0.9375,1.0,"[""unseen_polygon"", ""interval_not_coverage_certified""]",empirical_oof_not_certified,0.95,source_mixture_affine
AOI-0044,2014-08-29,0.055318961268797213,0.10236374799341258,0.8423172907377905,0.0,3.0,4.0,0.018987341525649265,,0.8333333333333334,0.8423172907377905,"[""unseen_polygon"", ""interval_not_coverage_certified""]",empirical_oof_not_certified,0.95,source_mixture_affine
AOI-0044,2014-09-18,0.0,1.0,0.0,0.0,4.0,8.0,0.010358944328330566,,0.7894736842105263,1.0,"[""unseen_polygon"", ""interval_not_coverage_certified""]",empirical_oof_not_certified,0.95,source_mixture_affine
AOI-0044,2014-09-19,0.007193406495079413,0.9928065935049206,0.0,0.0,5.0,7.0,0.024032420543093125,,0.75,0.9928065935049206,"[""unseen_polygon"", ""interval_not_coverage_certified""]",empirical_oof_not_certified,0.95,source_mixture_affine
AOI-0044,2014-10-04,0.0005795677799607071,0.9961030390757313,0.0033173931443080834,0.0,4.0,1.0,0.005090024290901579,,0.9375,0.9961030390757313,"[""unseen_polygon"", ""interval_not_coverage_certified""]",empirical_oof_not_certified,0.95,source_mixture_affine
AOI-0044,2014-10-12,0.0011643989943403653,0.9955182078613515,0.0033173931443080834,0.0,7.0,1.0,0.010931748615657794,,0.9375,0.9955182078613515,"[""unseen_polygon"", ""interval_not_coverage_certified""]",empirical_oof_not_certified,0.95,source_mixture_affine
AOI-0044,2014-10-28,0.0,0.995970565966307,0.004029434033692978,0.0,12.0,161.0,0.0973795371250814,,0.5555555555555556,0.995970565966307,"[""unseen_polygon"", ""interval_not_coverage_certified""]",empirical_oof_not_certified,0.95,source_mixture_affine
AOI-0044,2014-10-29,0.0012698412698412698,0.9931307624839433,0.005599396246215431,0.0,13.0,160.0,0.08043811620555896,,0.5357142857142857,0.9931307624839433,"[""unseen_polygon"", ""interval_not_coverage_certified""]",empirical_oof_not_certified,0.95,source_mixture_affine
AOI-0044,2015-06-26,0.04901066886440606,0.3013917201443844,0.6495976109912095,0.0,16.0,8.0,0.02588830401580622,,0.6521739130434783,0.6495976109912095,"[""unseen_polygon"", ""interval_not_coverage_certified""]",empirical_oof_not_certified,0.95,source_mixture_affine
AOI-0044,2015-07-27,0.003375504006078528,0.9916244959939214,0.005,0.0,7.0,8.0,0.0019581635503236605,,0.6818181818181818,0.9916244959939214,"[""unseen_polygon"", ""interval_not_coverage_certified""]",empirical_oof_not_certified,0.95,source_mixture_affine
AOI-0044,2015-07-28,0.02474825127912655,0.4372477570799137,0.5380039916409598,0.0,8.0,7.0,0.013075231849018792,,0.6818181818181818,0.5380039916409598,"[""unseen_polygon"", ""interval_not_coverage_certified""]",empirical_oof_not_certified,0.95,source_mixture_affine
AOI-0044,2015-08-29,0.022718073918174316,0.4754971122941396,0.501784813787686,0.0,8.0,7.0,0.015069829998541673,,0.6818181818181818,0.501784813787686,"[""unseen_polygon"", ""interval_not_coverage_certified""]",empirical_oof_not_certified,0.95,source_mixture_affine
AOI-0044,2015-10-08,0.00650164573952192,0.9868375523968612,0.006660801863616766,0.0,1.0,176.0,0.048443349219588816,,0.9375,0.9868375523968612,"[""unseen_polygon"", ""interval_not_coverage_certified""]",empirical_oof_not_certified,0.95,source_mixture_affine
AOI-0044,2015-10-16,0.015751423641352222,0.4487622447484286,0.5354863316102192,0.0,9.0,168.0,0.021759540101875308,,0.625,0.5354863316102192,"[""unseen_polygon"", ""interval_not_coverage_certified""]",empirical_oof_not_certified,0.95,source_mixture_affine
AOI-0044,2016-04-08,0.009142533516884297,0.9788115327395315,0.012045933743584213,0.0,2.0,1.0,0.030698505190898562,,0.9375,0.9788115327395315,"[""unseen_polygon"", ""interval_not_coverage_certified""]",empirical_oof_not_certified,0.95,source_mixture_affine
AOI-0044,2016-05-08,0.03229293562173431,0.13988515437220556,0.8278219100060609,0.0,5.0,2.0,0.003531630426986565,,0.8823529411764706,0.8278219100060609,"[""unseen_polygon"", ""interval_not_coverage_certified""]",empirical_oof_not_certified,0.95,source_mixture_affine
AOI-0044,2016-05-11,0.028240684830428107,0.9598575945360617,0.011901720633510297,0.0,1.0,7.0,0.002786158165180075,,0.9375,0.9598575945360617,"[""unseen_polygon"", ""interval_not_coverage_certified""]",empirical_oof_not_certified,0.95,source_mixture_affine
AOI-0044,2016-06-20,0.0033671465433212115,0.9940014856267552,0.0026313678299237867,0.0,1.0,7.0,0.021189744407452693,,0.9375,0.9940014856267552,"[""unseen_polygon"", ""interval_not_coverage_certified""]",empirical_oof_not_certified,0.95,source_mixture_affine
AOI-0044,2016-06-25,0.028478966458610273,0.3680675359051555,0.6034534976362343,0.0,6.0,2.0,0.0006175772825276482,,0.8823529411764706,0.6034534976362343,"[""unseen_polygon"", ""interval_not_coverage_certified""]",empirical_oof_not_certified,0.95,source_mixture_affine
AOI-0044,2016-07-13,0.0015441029901488853,0.9941564551634188,0.004299441846432343,0.0,2.0,1.0,0.012105973115775381,,0.9375,0.9941564551634188,"[""unseen_polygon"", ""interval_not_coverage_certified""]",empirical_oof_not_certified,0.95,source_mixture_affine
AOI-0044,2016-07-27,0.02151520909625669,0.5647526145560305,0.41373217634771287,0.0,5.0,3.0,0.008270620322137434,,0.8333333333333334,0.5647526145560305,"[""unseen_polygon"", ""interval_not_coverage_certified""]",empirical_oof_not_certified,0.95,source_mixture_affine
AOI-0044,2016-09-07,0.00105121383789249,0.9989487861621076,0.0,0.0,8.0,1.0,0.00980959199424028,,0.9375,0.9989487861621076,"[""unseen_polygon"", ""interval_not_coverage_certified""]",empirical_oof_not_certified,0.95,source_mixture_affine
AOI-0044,2016-09-13,0.030522636233514127,0.47753368748759056,0.4919436762788952,0.0,5.0,2.0,0.014885392949290241,,0.8823529411764706,0.4919436762788952,"[""unseen_polygon"", ""interval_not_coverage_certified""]",empirical_oof_not_certified,0.95,source_mixture_affine
AOI-0044,2016-10-02,0.0032661546436049214,0.9933209698704053,0.003412875485989747,0.0,1.0,7.0,0.0035492268774444113,,0.9375,0.9933209698704053,"[""unseen_polygon"", ""interval_not_coverage_certified""]",empirical_oof_not_certified,0.95,source_mixture_affine
AOI-0044,2016-10-26,0.014297104331851431,0.9790420938045318,0.006660801863616766,0.0,1.0,163.0,0.02669937813763351,,0.9375,0.9790420938045318,"[""unseen_polygon"", ""interval_not_coverage_certified""]",empirical_oof_not_certified,0.95,source_mixture_affine
AOI-0044,2017-04-03,0.35601296720959014,0.6432130556970356,0.000773977093374461,0.0,160.0,4.0,0.045569159847866525,,0.7894736842105263,0.6432130556970356,"[""unseen_polygon"", ""interval_not_coverage_certified""]",empirical_oof_not_certified,0.95,source_mixture_affine
AOI-0044,2017-04-04,0.12259956313137961,0.8701566292817574,0.007243807586862668,0.0,161.0,3.0,0.04486287622556301,,0.8333333333333334,0.8701566292817574,"[""unseen_polygon"", ""interval_not_coverage_certified""]",empirical_oof_not_certified,0.95,source_mixture_affine
AOI-0044,2017-04-12,0.07201160416698843,0.9279883958330116,0.0,0.0,4.0,1.0,0.016775462626146292,,0.9375,0.9279883958330116,"[""unseen_polygon"", ""interval_not_coverage_certified""]",empirical_oof_not_certified,0.95,source_mixture_affine
AOI-0044,2017-06-27,0.7849755990833114,0.21093190804370796,0.004092492872980678,0.0,1.0,4.0,0.040747786213792714,,0.9375,0.7849755990833114,"[""unseen_polygon"", ""interval_not_coverage_certified""]",empirical_oof_not_certified,0.95,source_mixture_affine
AOI-0044,2017-06-30,0.5702921166925249,0.4297078833074751,0.0,0.0,4.0,1.0,0.03944921073556562,,0.9375,0.5702921166925249,"[""unseen_polygon"", ""interval_not_coverage_certified""]",empirical_oof_not_certified,0.95,source_mixture_affine
AOI-0044,2017-08-10,0.08833304354056615,0.911666956459434,0.0,0.0,1.0,1.0,0.00871105956592938,,0.9375,0.911666956459434,"[""unseen_polygon"", ""interval_not_coverage_certified""]",empirical_oof_not_certified,0.95,source_mixture_affine
AOI-0044,2017-09-14,0.1952443310376728,0.15102177791945595,0.6537338910428716,0.0,3.0,1.0,0.027091735415498558,,0.9375,0.6537338910428716,"[""unseen_polygon"", ""interval_not_coverage_certified""]",empirical_oof_not_certified,0.95,source_mixture_affine
AOI-0044,2018-04-06,0.08036361518933698,0.9196363848106631,0.0,0.0,172.0,1.0,0.012215476607914222,,0.9375,0.9196363848106631,"[""unseen_polygon"", ""interval_not_coverage_certified""]",empirical_oof_not_certified,0.95,source_mixture_affine
AOI-0044,2018-07-12,0.06972882321153191,0.4031320454178756,0.5271391313705924,0.0,1.0,8.0,0.018087946265384208,,0.9375,0.5271391313705924,"[""unseen_polygon"", ""interval_not_coverage_certified""]",empirical_oof_not_certified,0.95,source_mixture_affine
AOI-0044,2018-07-19,0.10988513521718346,0.8776447189076398,0.012470145875176745,0.0,8.0,1.0,0.017537989859361086,,0.9375,0.8776447189076398,"[""unseen_polygon"", ""interval_not_coverage_certified""]",empirical_oof_not_certified,0.95,source_mixture_affine
AOI-0044,2018-09-30,0.08846394459334744,0.23993530854278697,0.6716007468638656,0.0,1.0,7.0,0.019448048492415354,,0.9375,0.6716007468638656,"[""unseen_polygon"", ""interval_not_coverage_certified""]",empirical_oof_not_certified,0.95,source_mixture_affine
AOI-0044,2019-04-25,0.18507770540901725,0.8149222945909829,0.0,0.0,2.0,8.0,0.013858087577527378,,0.8823529411764706,0.8149222945909829,"[""unseen_polygon"", ""interval_not_coverage_certified""]",empirical_oof_not_certified,0.95,source_mixture_affine
AOI-0044,2019-04-26,0.731126103980173,0.26841340223724675,0.00046049378257992303,0.0,3.0,7.0,0.019756094904287202,,0.8333333333333334,0.731126103980173,"[""unseen_polygon"", ""interval_not_coverage_certified""]",empirical_oof_not_certified,0.95,source_mixture_affine
AOI-0044,2019-06-02,0.7704931376113219,0.21969075396931526,0.009816108419363,0.0,5.0,2.0,0.005255422944487331,,0.8823529411764706,0.7704931376113219,"[""unseen_polygon"", ""interval_not_coverage_certified""]",empirical_oof_not_certified,0.95,source_mixture_affine
AOI-0044,2019-06-12,0.6194018398016363,0.3766229953968919,0.003975164801471716,0.0,2.0,1.0,0.00788961513663386,,0.9375,0.6194018398016363,"[""unseen_polygon"", ""interval_not_coverage_certified""]",empirical_oof_not_certified,0.95,source_mixture_affine
AOI-0044,2019-06-20,0.7681018301599937,0.2306611209247528,0.0012370489152534736,0.0,7.0,1.0,0.020620543478302833,,0.9375,0.7681018301599937,"[""unseen_polygon"", ""interval_not_coverage_certified""]",empirical_oof_not_certified,0.95,source_mixture_affine
AOI-0044,2019-08-13,0.2932824307436141,0.18647849499943697,0.520239074256949,0.0,2.0,2.0,0.004132678316587202,,0.8823529411764706,0.520239074256949,"[""unseen_polygon"", ""interval_not_coverage_certified""]",empirical_oof_not_certified,0.95,source_mixture_affine
AOI-0044,2019-09-10,0.9063725706906287,0.09362742930937136,0.0,0.0,1.0,4.0,0.021393086827280833,,0.9375,0.9063725706906287,"[""unseen_polygon"", ""interval_not_coverage_certified""]",empirical_oof_not_certified,0.95,source_mixture_affine
AOI-0044,2019-09-15,0.8016413630999807,0.19835863690001887,0.0,0.0,1.0,2.0,0.015443878150368365,,0.9375,0.8016413630999807,"[""unseen_polygon"", ""interval_not_coverage_certified""]",empirical_oof_not_certified,0.95,source_mixture_affine
AOI-0044,2019-09-16,0.27141418388083816,0.7246106513176899,0.003975164801471716,0.0,2.0,1.0,0.0026133030292823795,,0.9375,0.7246106513176899,"[""unseen_polygon"", ""interval_not_coverage_certified""]",empirical_oof_not_certified,0.95,source_mixture_affine
AOI-0044,2019-10-10,0.8349775323658187,0.1650224676341807,0.0,0.0,7.0,1.0,0.010316925983895484,,0.9375,0.8349775323658187,"[""unseen_polygon"", ""interval_not_coverage_certified""]",empirical_oof_not_certified,0.95,source_mixture_affine
AOI-0044,2020-04-17,0.8079195842545572,0.17689517052859574,0.01518524521684711,0.0,5.0,2.0,0.013082619295334011,,0.8823529411764706,0.8079195842545572,"[""unseen_polygon"", ""interval_not_coverage_certified""]",empirical_oof_not_certified,0.95,source_mixture_affine
AOI-0044,2020-04-22,0.5490084548991182,0.0744606422358259,0.37653090286505614,0.0,3.0,10.0,0.023208607944852938,,0.8333333333333334,0.5490084548991182,"[""unseen_polygon"", ""interval_not_coverage_certified""]",empirical_oof_not_certified,0.95,source_mixture_affine
AOI-0044,2020-05-17,0.9479565068066921,0.05204349319330781,0.0,0.0,4.0,7.0,0.05360100196608647,,0.7894736842105263,0.9479565068066921,"[""unseen_polygon"", ""interval_not_coverage_certified""]",empirical_oof_not_certified,0.95,source_mixture_affine
AOI-0044,2020-06-30,0.08006112567950914,0.9199388743204906,0.0,0.0,4.0,1.0,0.03672833934440928,,0.9375,0.9199388743204906,"[""unseen_polygon"", ""interval_not_coverage_certified""]",empirical_oof_not_certified,0.95,source_mixture_affine
AOI-0044,2020-08-10,0.8954631141753383,0.10453688582466159,0.0,0.0,1.0,2.0,0.02865103210727321,,0.9375,0.8954631141753383,"[""unseen_polygon"", ""interval_not_coverage_certified""]",empirical_oof_not_certified,0.95,source_mixture_affine
AOI-0044,2020-09-09,0.5317742398774223,0.46272614101971693,0.005499619102860767,0.0,5.0,2.0,0.005802836052109378,,0.8823529411764706,0.5317742398774223,"[""unseen_polygon"", ""interval_not_coverage_certified""]",empirical_oof_not_certified,0.95,source_mixture_affine
AOI-0044,2020-09-10,0.3045579493421907,0.6914668858563379,0.003975164801471716,0.0,6.0,1.0,0.009259748049470468,,0.9375,0.6914668858563379,"[""unseen_polygon"", ""interval_not_coverage_certified""]",empirical_oof_not_certified,0.95,source_mixture_affine
AOI-0044,2020-09-26,0.3167491470007037,0.6756143389872652,0.007636514012030944,0.0,2.0,1.0,0.004833356715968226,,0.9375,0.6756143389872652,"[""unseen_polygon"", ""interval_not_coverage_certified""]",empirical_oof_not_certified,0.95,source_mixture_affine
AOI-0044,2020-09-29,0.32192148898821865,0.07313145597423622,0.6049470550375453,0.0,2.0,6.0,0.011013616740876891,,0.8823529411764706,0.6049470550375453,"[""unseen_polygon"", ""interval_not_coverage_certified""]",empirical_oof_not_certified,0.95,source_mixture_affine
AOI-0044,2020-10-14,0.8481962804851355,0.13084378230744287,0.02095993720742171,0.0,2.0,1.0,0.01767345667213835,,0.9375,0.8481962804851355,"[""unseen_polygon"", ""interval_not_coverage_certified""]",empirical_oof_not_certified,0.95,source_mixture_affine
AOI-0044,2020-10-21,0.4374946747978096,0.5529869236993298,0.009518401502860558,0.0,1.0,3.0,0.006720680063580675,,0.9375,0.5529869236993298,"[""unseen_polygon"", ""interval_not_coverage_certified""]",empirical_oof_not_certified,0.95,source_mixture_affine
AOI-0044,2021-05-12,0.9462768449615385,0.05291531836581065,0.0008078366726508221,0.0,3.0,4.0,0.016381033295598146,,0.8333333333333334,0.9462768449615385,"[""unseen_polygon"", ""interval_not_coverage_certified""]",empirical_oof_not_certified,0.95,source_mixture_affine
AOI-0044,2021-05-17,0.6553950372632386,0.32641107219903076,0.018193890537730704,0.0,1.0,10.0,0.0012822663842351756,,0.9375,0.6553950372632386,"[""unseen_polygon"", ""interval_not_coverage_certified""]",empirical_oof_not_certified,0.95,source_mixture_affine
AOI-0044,2021-05-25,0.44721585625356325,0.08829901146915521,0.4644851322772815,0.0,9.0,2.0,0.001888404190511228,,0.8823529411764706,0.4644851322772815,"[""unseen_polygon"", ""interval_not_coverage_certified""]",empirical_oof_not_certified,0.95,source_mixture_affine
AOI-0044,2021-07-16,0.9551408311244097,0.04485916887559039,0.0,0.0,4.0,3.0,0.030729543257033337,,0.8333333333333334,0.9551408311244097,"[""unseen_polygon"", ""interval_not_coverage_certified""]",empirical_oof_not_certified,0.95,source_mixture_affine
AOI-0044,2021-07-21,0.899895985761398,0.10010401423860182,0.0,0.0,1.0,5.0,0.021877922659502405,,0.9375,0.899895985761398,"[""unseen_polygon"", ""interval_not_coverage_certified""]",empirical_oof_not_certified,0.95,source_mixture_affine
AOI-0044,2021-09-30,0.1975131327418813,0.3616939242647581,0.44079294299336097,0.0,16.0,8.0,0.02735390579569838,,0.6521739130434783,0.44079294299336097,"[""unseen_polygon"", ""interval_not_coverage_certified""]",empirical_oof_not_certified,0.95,source_mixture_affine
AOI-0044,2021-10-07,0.7478896643664776,0.2406063185512919,0.011504017082230547,0.0,23.0,1.0,0.005126025218383318,,0.9375,0.7478896643664776,"[""unseen_polygon"", ""interval_not_coverage_certified""]",empirical_oof_not_certified,0.95,source_mixture_affine
AOI-0044,2022-05-27,0.42420077533272615,0.5706830708643297,0.0051161538029439605,0.0,2.0,1.0,0.002447092088314229,,0.9375,0.5706830708643297,"[""unseen_polygon"", ""interval_not_coverage_certified""]",empirical_oof_not_certified,0.95,source_mixture_affine
AOI-0044,2022-06-06,0.7758780364649701,0.2233741258770122,0.0007478376580172986,0.0,1.0,2.0,0.010516879025898151,,0.9375,0.7758780364649701,"[""unseen_polygon"", ""interval_not_coverage_certified""]",empirical_oof_not_certified,0.95,source_mixture_affine
AOI-0044,2022-06-12,0.23764371519417835,0.7566284448456689,0.005727839960152812,0.0,1.0,1.0,0.011945610879423252,,0.9375,0.7566284448456689,"[""unseen_polygon"", ""interval_not_coverage_certified""]",empirical_oof_not_certified,0.95,source_mixture_affine
AOI-0044,2022-07-07,0.22001296775310672,0.7742591922867408,0.005727839960152812,0.0,1.0,5.0,0.009704297444173796,,0.9375,0.7742591922867408,"[""unseen_polygon"", ""interval_not_coverage_certified""]",empirical_oof_not_certified,0.95,source_mixture_affine
AOI-0044,2022-08-10,0.8744187799074931,0.1108064024055877,0.01477481768691877,0.0,2.0,5.0,0.025884338561613346,,0.8823529411764706,0.8744187799074931,"[""unseen_polygon"", ""interval_not_coverage_certified""]",empirical_oof_not_certified,0.95,source_mixture_affine
AOI-0044,2022-08-13,0.4499882367543098,0.12001898898756243,0.42999277425812754,0.0,5.0,2.0,0.01192057754636569,,0.8823529411764706,0.4499882367543098,"[""unseen_polygon"", ""interval_not_coverage_certified""]",empirical_oof_not_certified,0.95,source_mixture_affine
AOI-0044,2022-08-24,0.13383058114800833,0.8656058480675013,0.0005635707844905319,0.0,1.0,1.0,0.014872129174546889,,0.9375,0.8656058480675013,"[""unseen_polygon"", ""interval_not_coverage_certified""]",empirical_oof_not_certified,0.95,source_mixture_affine
AOI-0044,2022-09-25,0.12268421514557903,0.8691517767365723,0.00816400811784882,0.0,11.0,14.0,0.0027472912261541915,,0.5769230769230769,0.8691517767365723,"[""unseen_polygon"", ""interval_not_coverage_certified""]",empirical_oof_not_certified,0.95,source_mixture_affine
AOI-0044,2022-09-30,0.11366087964011436,0.4288129778865359,0.4575261424733498,0.0,16.0,9.0,0.02095134109073321,,0.625,0.4575261424733498,"[""unseen_polygon"", ""interval_not_coverage_certified""]",empirical_oof_not_certified,0.95,source_mixture_affine
AOI-0044,2023-04-02,0.4451789765423923,0.5113262884806928,0.043494734976914654,0.0,165.0,1.0,0.014953855155684564,,0.9375,0.5113262884806928,"[""unseen_polygon"", ""interval_not_coverage_certified""]",empirical_oof_not_certified,0.95,source_mixture_affine
AOI-0044,2023-04-07,0.25861152398803566,0.09132092693913901,0.6500675490728254,0.0,2.0,10.0,0.014530338514000929,,0.8823529411764706,0.6500675490728254,"[""unseen_polygon"", ""interval_not_coverage_certified""]",empirical_oof_not_certified,0.95,source_mixture_affine
AOI-0044,2023-06-06,0.5329472666247703,0.4602322949493784,0.006820438425851205,0.0,6.0,1.0,0.0229954343658752,,0.9375,0.5329472666247703,"[""unseen_polygon"", ""interval_not_coverage_certified""]",empirical_oof_not_certified,0.95,source_mixture_affine
AOI-0044,2023-06-30,0.13681841952336432,0.8574065446754215,0.005775035801214174,0.0,4.0,1.0,0.039008852062464267,,0.9375,0.8574065446754215,"[""unseen_polygon"", ""interval_not_coverage_certified""]",empirical_oof_not_certified,0.95,source_mixture_affine
AOI-0044,2023-07-05,0.07679214123505002,0.9221028629986502,0.0011049957662997462,0.0,3.0,1.0,0.01633681594346101,,0.9375,0.9221028629986502,"[""unseen_polygon"", ""interval_not_coverage_certified""]",empirical_oof_not_certified,0.95,source_mixture_affine
AOI-0044,2023-07-09,0.2952901084565491,0.7047098915434509,0.0,0.0,3.0,3.0,0.013758179683371716,,0.8333333333333334,0.7047098915434509,"[""unseen_polygon"", ""interval_not_coverage_certified""]",empirical_oof_not_certified,0.95,source_mixture_affine
AOI-0044,2023-07-11,0.813481692330597,0.18195147357983113,0.004566834089571983,0.0,5.0,1.0,0.028432037330507406,,0.9375,0.813481692330597,"[""unseen_polygon"", ""interval_not_coverage_certified""]",empirical_oof_not_certified,0.95,source_mixture_affine
AOI-0044,2023-07-16,0.3950483036238269,0.6005507503247012,0.004400946051471716,0.0,4.0,1.0,0.033612821804398424,,0.9375,0.6005507503247012,"[""unseen_polygon"", ""interval_not_coverage_certified""]",empirical_oof_not_certified,0.95,source_mixture_affine
AOI-0044,2023-07-25,0.12699333968487206,0.8705150766888946,0.002491583626233332,0.0,3.0,1.0,0.023405434126575697,,0.9375,0.8705150766888946,"[""unseen_polygon"", ""interval_not_coverage_certified""]",empirical_oof_not_certified,0.95,source_mixture_affine
AOI-0044,2023-08-05,0.9047618798315774,0.08409599089713936,0.011142129271282988,0.0,4.0,6.0,0.016159014048390014,,0.7894736842105263,0.9047618798315774,"[""unseen_polygon"", ""interval_not_coverage_certified""]",empirical_oof_not_certified,0.95,source_mixture_affine
AOI-0044,2023-08-25,0.4567975953257434,0.5377027855713957,0.005499619102860767,0.0,2.0,1.0,0.0049208504261736286,,0.9375,0.5377027855713957,"[""unseen_polygon"", ""interval_not_coverage_certified""]",empirical_oof_not_certified,0.95,source_mixture_affine
AOI-0044,2023-09-30,0.26082629660936774,0.12423720980108426,0.6149364935895482,0.0,1.0,4.0,0.045448401790039825,,0.9375,0.6149364935895482,"[""unseen_polygon"", ""interval_not_coverage_certified""]",empirical_oof_not_certified,0.95,source_mixture_affine
AOI-0044,2023-10-14,0.8785683762611063,0.11551260472238123,0.0059190190165120185,0.0,3.0,2.0,0.10992965726974915,,0.8823529411764706,0.8785683762611063,"[""unseen_polygon"", ""interval_not_coverage_certified""]",empirical_oof_not_certified,0.95,source_mixture_affine
AOI-0044,2024-04-06,0.5719387787548815,0.16229653338851846,0.26576468785660023,0.0,5.0,1.0,0.01940578736765841,,0.9375,0.5719387787548815,"[""unseen_polygon"", ""interval_not_coverage_certified""]",empirical_oof_not_certified,0.95,source_mixture_affine
AOI-0044,2024-04-14,0.4555407780209078,0.5377360082346658,0.006723213744426499,0.0,3.0,8.0,0.03267353237012116,,0.8333333333333334,0.5377360082346658,"[""unseen_polygon"", ""interval_not_coverage_certified""]",empirical_oof_not_certified,0.95,source_mixture_affine
AOI-0044,2024-06-05,0.8414048249592725,0.15077136206929853,0.007823812971428857,0.0,3.0,4.0,0.001244611108866256,,0.8333333333333334,0.8414048249592725,"[""unseen_polygon"", ""interval_not_coverage_certified""]",empirical_oof_not_certified,0.95,source_mixture_affine
AOI-0044,2024-09-06,0.6157191140169105,0.38196516546952675,0.0023157205135627104,0.0,1.0,2.0,0.0009478622142437693,,0.9375,0.6157191140169105,"[""unseen_polygon"", ""interval_not_coverage_certified""]",empirical_oof_not_certified,0.95,source_mixture_affine
AOI-0044,2024-09-21,0.7418087700935868,0.2577307361238335,0.00046049378257992303,0.0,3.0,1.0,0.009770554955464444,,0.9375,0.7418087700935868,"[""unseen_polygon"", ""interval_not_coverage_certified""]",empirical_oof_not_certified,0.95,source_mixture_affine
AOI-0044,2025-04-02,0.2895560628882548,0.7093324966849527,0.001111440426793124,0.0,160.0,5.0,0.027778285100004588,,0.75,0.7093324966849527,"[""unseen_polygon"", ""interval_not_coverage_certified""]",empirical_oof_not_certified,0.95,source_mixture_affine
AOI-0044,2025-05-20,0.11201623047983215,0.887983769520168,0.0,0.0,4.0,5.0,0.007153688403186059,,0.7894736842105263,0.887983769520168,"[""unseen_polygon"", ""interval_not_coverage_certified""]",empirical_oof_not_certified,0.95,source_mixture_affine
AOI-0044,2025-07-06,0.17700494795278343,0.8229950520472166,0.0,0.0,1.0,1.0,0.023591534868942707,,0.9375,0.8229950520472166,"[""unseen_polygon"", ""interval_not_coverage_certified""]",empirical_oof_not_certified,0.95,source_mixture_affine
AOI-0044,2025-07-10,0.8898655459106157,0.09621955736086076,0.013914896728523408,0.0,3.0,2.0,0.020468495534270922,,0.8823529411764706,0.8898655459106157,"[""unseen_polygon"", ""interval_not_coverage_certified""]",empirical_oof_not_certified,0.95,source_mixture_affine
AOI-0044,2025-08-14,0.6103629953548347,0.3742883840893733,0.015348620555791923,0.0,1.0,1.0,0.025362358311656688,,0.9375,0.6103629953548347,"[""unseen_polygon"", ""interval_not_coverage_certified""]",empirical_oof_not_certified,0.95,source_mixture_affine
AOI-0044,2025-09-23,0.6896936312215953,0.29509043359379644,0.015215935184608223,0.0,6.0,1.0,0.01762444117828843,,0.9375,0.6896936312215953,"[""unseen_polygon"", ""interval_not_coverage_certified""]",empirical_oof_not_certified,0.95,source_mixture_affine
AOI-0044,2025-10-03,0.8914730459255823,0.1063902019376658,0.0021367521367521365,0.0,1.0,5.0,0.006481175545723222,,0.9375,0.8914730459255823,"[""unseen_polygon"", ""interval_not_coverage_certified""]",empirical_oof_not_certified,0.95,source_mixture_affine
AOI-0044,2025-10-15,0.9317938781670821,0.062942386009193,0.005263735823724498,0.0,2.0,1.0,0.02903105742441192,,0.9375,0.9317938781670821,"[""unseen_polygon"", ""interval_not_coverage_certified""]",empirical_oof_not_certified,0.95,source_mixture_affine
AOI-0045,2025-04-26,0.46452996659613305,0.5354700334038669,0.0,0.0,1.0,2.0,0.0013442940065822306,,0.9375,0.5354700334038669,"[""interval_not_coverage_certified""]",empirical_oof_not_certified,0.95,source_mixture_affine
AOI-0045,2025-06-15,0.9731024803122387,0.026061806007094117,0.0008357136806673211,0.0,2.0,6.0,0.029231582031273795,,0.8823529411764706,0.9731024803122387,"[""interval_not_coverage_certified""]",empirical_oof_not_certified,0.95,source_mixture_affine
AOI-0045,2025-06-27,0.48304990191737673,0.49806691429771166,0.018883183784911727,0.0,1.0,1.0,0.02749931577060241,,0.9375,0.49806691429771166,"[""interval_not_coverage_certified""]",empirical_oof_not_certified,0.95,source_mixture_affine
AOI-0045,2025-06-29,0.09945227459251264,0.9005477254074873,0.0,0.0,1.0,1.0,0.014256569284148493,,0.9375,0.9005477254074873,"[""interval_not_coverage_certified""]",empirical_oof_not_certified,0.95,source_mixture_affine
AOI-0045,2025-07-31,0.25815006449462613,0.7400430365017295,0.0018068990036446042,0.0,1.0,6.0,0.010960126292445943,,0.9375,0.7400430365017295,"[""interval_not_coverage_certified""]",empirical_oof_not_certified,0.95,source_mixture_affine
AOI-0045,2025-08-13,0.05549481918538705,0.19792208308167378,0.7465830977329391,0.0,6.0,1.0,0.010514729296615566,,0.9375,0.7465830977329391,"[""interval_not_coverage_certified""]",empirical_oof_not_certified,0.95,source_mixture_affine
AOI-0045,2025-08-15,0.14727660340474624,0.847880678519986,0.0048427180752676205,0.0,1.0,4.0,0.010761331108376612,,0.9375,0.847880678519986,"[""interval_not_coverage_certified""]",empirical_oof_not_certified,0.95,source_mixture_affine
AOI-0045,2025-08-16,0.7577559297583625,0.22236469741142176,0.019879372830216003,0.0,2.0,3.0,0.003175230385721886,,0.8823529411764706,0.7577559297583625,"[""interval_not_coverage_certified""]",empirical_oof_not_certified,0.95,source_mixture_affine
AOI-0045,2025-09-30,0.04875781831517242,0.07074767061924342,0.8804945110655844,0.0,2.0,2.0,0.026388549896568192,,0.8823529411764706,0.8804945110655844,"[""interval_not_coverage_certified""]",empirical_oof_not_certified,0.95,source_mixture_affine
AOI-0045,2025-10-15,0.9010290839734452,0.08778816118631809,0.011182754840236515,0.0,2.0,1.0,0.025074055480672167,,0.9375,0.9010290839734452,"[""interval_not_coverage_certified""]",empirical_oof_not_certified,0.95,source_mixture_affine
AOI-0046,2010-06-26,0.05936265913448545,0.22093889273033426,0.7196984481351804,0.0,6.0,2.0,0.03213602786018635,,0.8823529411764706,0.7196984481351804,"[""unseen_polygon"", ""interval_not_coverage_certified""]",empirical_oof_not_certified,0.95,source_mixture_affine
AOI-0046,2010-07-12,0.011612306869304055,0.681465623061292,0.306922070069404,0.0,7.0,1.0,0.021220067287988947,,0.9375,0.681465623061292,"[""unseen_polygon"", ""interval_not_coverage_certified""]",empirical_oof_not_certified,0.95,source_mixture_affine
AOI-0046,2010-09-14,0.05518971980997601,0.257218944332202,0.6875913358578221,0.0,14.0,9.0,0.010080952103669688,,0.625,0.6875913358578221,"[""unseen_polygon"", ""interval_not_coverage_certified""]",empirical_oof_not_certified,0.95,source_mixture_affine
AOI-0046,2011-05-30,0.0005676259309858534,0.9994323740690142,0.0,0.0,5.0,7.0,0.0009466369845820555,,0.75,0.9994323740690142,"[""unseen_polygon"", ""interval_not_coverage_certified""]",empirical_oof_not_certified,0.95,source_mixture_affine
AOI-0046,2011-08-17,0.002856625329551393,0.9971433746704486,0.0,0.0,4.0,1.0,0.008351022373091654,,0.9375,0.9971433746704486,"[""unseen_polygon"", ""interval_not_coverage_certified""]",empirical_oof_not_certified,0.95,source_mixture_affine
AOI-0046,2012-04-22,0.02765282331804464,0.31247642987920493,0.6598707468027506,0.0,9.0,16.0,0.029520704429204958,,0.625,0.6598707468027506,"[""unseen_polygon"", ""interval_not_coverage_certified""]",empirical_oof_not_certified,0.95,source_mixture_affine
AOI-0046,2012-04-29,0.002028811966500059,0.9979711880335,0.0,0.0,16.0,9.0,0.05331870759040891,,0.625,0.9979711880335,"[""unseen_polygon"", ""interval_not_coverage_certified""]",empirical_oof_not_certified,0.95,source_mixture_affine
AOI-0046,2012-06-09,0.020725222080514652,0.37338497375865926,0.6058898041608259,0.0,16.0,16.0,0.0446564241150505,,0.48387096774193555,0.6058898041608259,"[""unseen_polygon"", ""interval_not_coverage_certified""]",empirical_oof_not_certified,0.95,source_mixture_affine
AOI-0046,2013-04-25,0.0041221213028651,0.9958778786971348,0.0,0.0,2.0,7.0,0.031394646382669894,,0.8823529411764706,0.9958778786971348,"[""unseen_polygon"", ""interval_not_coverage_certified""]",empirical_oof_not_certified,0.95,source_mixture_affine
AOI-0046,2013-05-09,0.03770624558409179,0.46973422278215243,0.49255953163375565,0.0,6.0,2.0,0.036583411490014706,,0.8823529411764706,0.49255953163375565,"[""unseen_polygon"", ""interval_not_coverage_certified""]",empirical_oof_not_certified,0.95,source_mixture_affine
AOI-0046,2013-06-11,0.0032968673145759965,0.996703132685424,0.0,0.0,1.0,1.0,6.186165594967985e-05,,0.9375,0.996703132685424,"[""unseen_polygon"", ""interval_not_coverage_certified""]",empirical_oof_not_certified,0.95,source_mixture_affine
AOI-0046,2013-06-27,0.0,1.0,0.0,0.0,1.0,1.0,0.0022956451631513664,,0.9375,1.0,"[""unseen_polygon"", ""interval_not_coverage_certified""]",empirical_oof_not_certified,0.95,source_mixture_affine
AOI-0046,2013-07-21,0.0005167324797574887,0.9994832675202425,0.0,0.0,8.0,1.0,0.004007997407406927,,0.9375,0.9994832675202425,"[""unseen_polygon"", ""interval_not_coverage_certified""]",empirical_oof_not_certified,0.95,source_mixture_affine
AOI-0046,2013-07-28,0.014678367021746259,0.6075462199568429,0.37777541302141093,0.0,6.0,9.0,0.021366043731934764,,0.7142857142857143,0.6075462199568429,"[""unseen_polygon"", ""interval_not_coverage_certified""]",empirical_oof_not_certified,0.95,source_mixture_affine
AOI-0046,2013-07-30,0.010147483130090477,0.9824954193067243,0.0073570975631850714,0.0,8.0,7.0,0.0029911349656870645,,0.6818181818181818,0.9824954193067243,"[""unseen_polygon"", ""interval_not_coverage_certified""]",empirical_oof_not_certified,0.95,source_mixture_affine
AOI-0046,2014-05-25,0.05324592241403112,0.22548210446979589,0.7212719731161732,0.0,4.0,5.0,0.012128942552559363,,0.7894736842105263,0.7212719731161732,"[""unseen_polygon"", ""interval_not_coverage_certified""]",empirical_oof_not_certified,0.95,source_mixture_affine
AOI-0046,2014-05-29,0.001366388621866767,0.9937636273551632,0.004869984022969875,0.0,8.0,1.0,0.004697099406238192,,0.9375,0.9937636273551632,"[""unseen_polygon"", ""interval_not_coverage_certified""]",empirical_oof_not_certified,0.95,source_mixture_affine
AOI-0046,2014-07-01,0.006320296556826731,0.9936797034431732,0.0,0.0,1.0,15.0,0.0061449189003265625,,0.9375,0.9936797034431732,"[""unseen_polygon"", ""interval_not_coverage_certified""]",empirical_oof_not_certified,0.95,source_mixture_affine
AOI-0046,2014-07-12,0.05539073091927009,0.22910781445757006,0.7155014546231598,0.0,12.0,4.0,0.01415366947994659,,0.7894736842105263,0.7155014546231598,"[""unseen_polygon"", ""interval_not_coverage_certified""]",empirical_oof_not_certified,0.95,source_mixture_affine
AOI-0046,2014-08-01,0.0,1.0,0.0,0.0,4.0,1.0,0.001685183585659153,,0.9375,1.0,"[""unseen_polygon"", ""interval_not_coverage_certified""]",empirical_oof_not_certified,0.95,source_mixture_affine
AOI-0046,2014-08-25,0.0015638134652730296,0.998436186534727,0.0,0.0,7.0,1.0,0.0028605354971315278,,0.9375,0.998436186534727,"[""unseen_polygon"", ""interval_not_coverage_certified""]",empirical_oof_not_certified,0.95,source_mixture_affine
AOI-0046,2014-09-19,0.01456119465910614,0.985438805340894,0.0,0.0,1.0,7.0,0.006884251474050779,,0.9375,0.985438805340894,"[""unseen_polygon"", ""interval_not_coverage_certified""]",empirical_oof_not_certified,0.95,source_mixture_affine
AOI-0046,2015-05-17,0.001750811966173208,0.9942973145431424,0.003951873490684309,0.0,1.0,7.0,0.008537083529633435,,0.9375,0.9942973145431424,"[""unseen_polygon"", ""interval_not_coverage_certified""]",empirical_oof_not_certified,0.95,source_mixture_affine
AOI-0046,2015-07-12,0.029902884612991575,0.32941295560372047,0.6406841597832879,0.0,1.0,7.0,0.015563877106962332,,0.9375,0.6406841597832879,"[""unseen_polygon"", ""interval_not_coverage_certified""]",empirical_oof_not_certified,0.95,source_mixture_affine
AOI-0046,2015-09-22,0.0,1.0,0.0,0.0,8.0,7.0,0.012161700896868743,,0.6818181818181818,1.0,"[""unseen_polygon"", ""interval_not_coverage_certified""]",empirical_oof_not_certified,0.95,source_mixture_affine
AOI-0046,2015-10-16,0.015751423641352222,0.45586823105562485,0.5283803453030227,0.0,8.0,173.0,0.08343875773882425,,0.6521739130434783,0.5283803453030227,"[""unseen_polygon"", ""interval_not_coverage_certified""]",empirical_oof_not_certified,0.95,source_mixture_affine
AOI-0046,2016-05-02,0.002805226294222954,0.997194773705777,0.0,0.0,8.0,1.0,0.014803881138913011,,0.9375,0.997194773705777,"[""unseen_polygon"", ""interval_not_coverage_certified""]",empirical_oof_not_certified,0.95,source_mixture_affine
AOI-0046,2016-05-10,0.0020982948234080307,0.997901705176592,0.0,0.0,2.0,1.0,0.010929316362544905,,0.9375,0.997901705176592,"[""unseen_polygon"", ""interval_not_coverage_certified""]",empirical_oof_not_certified,0.95,source_mixture_affine
AOI-0046,2016-05-18,0.0021822481211302095,0.9978177518788699,0.0,0.0,7.0,6.0,0.016521280910764102,,0.7142857142857143,0.9978177518788699,"[""unseen_polygon"", ""interval_not_coverage_certified""]",empirical_oof_not_certified,0.95,source_mixture_affine
AOI-0046,2016-06-03,0.00105121383789249,0.9989487861621076,0.0,0.0,8.0,16.0,0.0320605338273563,,0.6521739130434783,0.9989487861621076,"[""unseen_polygon"", ""interval_not_coverage_certified""]",empirical_oof_not_certified,0.95,source_mixture_affine
AOI-0046,2016-06-09,0.05675013255197268,0.26067727311607675,0.6825725943319506,0.0,14.0,10.0,0.01292313246154575,,0.6000000000000001,0.6825725943319506,"[""unseen_polygon"", ""interval_not_coverage_certified""]",empirical_oof_not_certified,0.95,source_mixture_affine
AOI-0046,2016-07-13,0.0020982948234080307,0.997901705176592,0.0,0.0,2.0,1.0,0.011115529516962958,,0.9375,0.997901705176592,"[""unseen_polygon"", ""interval_not_coverage_certified""]",empirical_oof_not_certified,0.95,source_mixture_affine
AOI-0046,2016-07-30,0.0011021072891208546,0.9988978927108793,0.0,0.0,3.0,13.0,0.03809205760082074,,0.8333333333333334,0.9988978927108793,"[""unseen_polygon"", ""interval_not_coverage_certified""]",empirical_oof_not_certified,0.95,source_mixture_affine
AOI-0046,2016-10-02,0.008632447614756763,0.9887361845553195,0.0026313678299237867,0.0,1.0,7.0,0.004414293492108368,,0.9375,0.9887361845553195,"[""unseen_polygon"", ""interval_not_coverage_certified""]",empirical_oof_not_certified,0.95,source_mixture_affine
AOI-0046,2016-10-17,0.013190276463669617,0.97919288854559,0.007616834990740427,0.0,2.0,1.0,0.025009736739842386,,0.9375,0.97919288854559,"[""unseen_polygon"", ""interval_not_coverage_certified""]",empirical_oof_not_certified,0.95,source_mixture_affine
AOI-0046,2016-10-25,0.021285403714078624,0.971097761295181,0.007616834990740427,0.0,7.0,1.0,0.01433312482602464,,0.9375,0.971097761295181,"[""unseen_polygon"", ""interval_not_coverage_certified""]",empirical_oof_not_certified,0.95,source_mixture_affine
AOI-0046,2017-04-13,0.8446950444618867,0.1553049555381132,0.0,0.0,1.0,10.0,0.08385042868555487,,0.9375,0.8446950444618867,"[""unseen_polygon"", ""interval_not_coverage_certified""]",empirical_oof_not_certified,0.95,source_mixture_affine
AOI-0046,2017-06-27,0.6904848698676852,0.30542263725933405,0.004092492872980678,0.0,1.0,3.0,0.0005930677610030688,,0.9375,0.6904848698676852,"[""unseen_polygon"", ""interval_not_coverage_certified""]",empirical_oof_not_certified,0.95,source_mixture_affine
AOI-0046,2017-07-02,0.8121420058611194,0.18785799413888044,0.0,0.0,1.0,6.0,0.020338477051775716,,0.9375,0.8121420058611194,"[""unseen_polygon"", ""interval_not_coverage_certified""]",empirical_oof_not_certified,0.95,source_mixture_affine
AOI-0046,2017-07-24,0.2660392448561961,0.7299855903423321,0.003975164801471716,0.0,8.0,1.0,0.008099266185179019,,0.9375,0.7299855903423321,"[""unseen_polygon"", ""interval_not_coverage_certified""]",empirical_oof_not_certified,0.95,source_mixture_affine
AOI-0046,2017-08-09,0.5093328562752437,0.4902504507317697,0.0004166929929866684,0.0,7.0,1.0,0.007810521536615073,,0.9375,0.5093328562752437,"[""unseen_polygon"", ""interval_not_coverage_certified""]",empirical_oof_not_certified,0.95,source_mixture_affine
AOI-0046,2017-08-21,0.9015579912297897,0.091244998781101,0.007197009989108907,0.0,3.0,4.0,0.02005999471202448,,0.8333333333333334,0.9015579912297897,"[""unseen_polygon"", ""interval_not_coverage_certified""]",empirical_oof_not_certified,0.95,source_mixture_affine
AOI-0046,2017-09-10,0.7756296892695123,0.22437031073048722,0.0,0.0,7.0,4.0,0.027946799212484247,,0.7894736842105263,0.7756296892695123,"[""unseen_polygon"", ""interval_not_coverage_certified""]",empirical_oof_not_certified,0.95,source_mixture_affine
AOI-0046,2017-09-15,0.9292030554470645,0.07079694455293538,0.0,0.0,1.0,3.0,0.04236353543303292,,0.9375,0.9292030554470645,"[""unseen_polygon"", ""interval_not_coverage_certified""]",empirical_oof_not_certified,0.95,source_mixture_affine
AOI-0046,2017-10-12,0.046977268121016096,0.9530227318789838,0.0,0.0,7.0,176.0,0.013729706400836372,,0.6818181818181818,0.9530227318789838,"[""unseen_polygon"", ""interval_not_coverage_certified""]",empirical_oof_not_certified,0.95,source_mixture_affine
AOI-0046,2018-05-09,0.13841454075716036,0.16866158566941916,0.6929238735734206,0.0,6.0,7.0,0.03468780957598862,,0.7142857142857143,0.6929238735734206,"[""unseen_polygon"", ""interval_not_coverage_certified""]",empirical_oof_not_certified,0.95,source_mixture_affine
AOI-0046,2018-06-01,0.028507363107431433,0.9714926368925687,0.0,0.0,7.0,1.0,0.023094810568063062,,0.9375,0.9714926368925687,"[""unseen_polygon"", ""interval_not_coverage_certified""]",empirical_oof_not_certified,0.95,source_mixture_affine
AOI-0046,2018-07-20,0.04920350972481991,0.9507964902751803,0.0,0.0,1.0,7.0,0.0019723730563754177,,0.9375,0.9507964902751803,"[""unseen_polygon"", ""interval_not_coverage_certified""]",empirical_oof_not_certified,0.95,source_mixture_affine
AOI-0046,2018-08-20,0.011257308386881042,0.988742691613119,0.0,0.0,7.0,1.0,0.010348265168696358,,0.9375,0.988742691613119,"[""unseen_polygon"", ""interval_not_coverage_certified""]",empirical_oof_not_certified,0.95,source_mixture_affine
AOI-0046,2018-08-29,0.03420367885051331,0.33156603947736757,0.6342302816721194,0.0,1.0,7.0,0.01767309944543527,,0.9375,0.6342302816721194,"[""unseen_polygon"", ""interval_not_coverage_certified""]",empirical_oof_not_certified,0.95,source_mixture_affine
AOI-0046,2018-10-15,0.020794806603957446,0.9718532562973624,0.0073519370986802205,0.0,8.0,1.0,0.02123918616810172,,0.9375,0.9718532562973624,"[""unseen_polygon"", ""interval_not_coverage_certified""]",empirical_oof_not_certified,0.95,source_mixture_affine
AOI-0046,2018-10-24,0.057325754063233154,0.9276276987804941,0.015046547156272511,0.0,8.0,165.0,0.04701926081706281,,0.6521739130434783,0.9276276987804941,"[""unseen_polygon"", ""interval_not_coverage_certified""]",empirical_oof_not_certified,0.95,source_mixture_affine
AOI-0046,2019-04-01,0.5243829513174134,0.4743688628635951,0.0012481858189915427,0.0,167.0,6.0,0.03149312458540626,,0.7142857142857143,0.5243829513174134,"[""unseen_polygon"", ""interval_not_coverage_certified""]",empirical_oof_not_certified,0.95,source_mixture_affine
AOI-0046,2019-04-18,0.6342298921694812,0.36529576661392743,0.0004743412165913056,0.0,8.0,5.0,0.023851477191815157,,0.75,0.6342298921694812,"[""unseen_polygon"", ""interval_not_coverage_certified""]",empirical_oof_not_certified,0.95,source_mixture_affine
AOI-0046,2019-05-19,0.22369845524769016,0.7723263799508385,0.003975164801471716,0.0,1.0,1.0,0.004377890115115246,,0.9375,0.7723263799508385,"[""unseen_polygon"", ""interval_not_coverage_certified""]",empirical_oof_not_certified,0.95,source_mixture_affine
AOI-0046,2019-08-01,0.9065875359298167,0.0934124640701832,0.0,0.0,1.0,5.0,0.0033288684761069165,,0.9375,0.9065875359298167,"[""unseen_polygon"", ""interval_not_coverage_certified""]",empirical_oof_not_certified,0.95,source_mixture_affine
AOI-0046,2019-09-01,0.23757569029588008,0.7624243097041199,0.0,0.0,1.0,4.0,0.024170191698105692,,0.9375,0.7624243097041199,"[""unseen_polygon"", ""interval_not_coverage_certified""]",empirical_oof_not_certified,0.95,source_mixture_affine
AOI-0046,2019-10-20,0.930214129827037,0.06978587017296303,0.0,0.0,4.0,5.0,0.053718804477873916,,0.7894736842105263,0.930214129827037,"[""unseen_polygon"", ""interval_not_coverage_certified""]",empirical_oof_not_certified,0.95,source_mixture_affine
AOI-0046,2020-04-04,0.6512602786436388,0.3487397213563614,0.0,0.0,1.0,2.0,0.024532831383071996,,0.9375,0.6512602786436388,"[""unseen_polygon"", ""interval_not_coverage_certified""]",empirical_oof_not_certified,0.95,source_mixture_affine
AOI-0046,2020-04-07,0.9592955488584779,0.040704451141521734,0.0,0.0,1.0,5.0,0.02289414028813752,,0.9375,0.9592955488584779,"[""unseen_polygon"", ""interval_not_coverage_certified""]",empirical_oof_not_certified,0.95,source_mixture_affine
AOI-0046,2020-05-08,0.1979080739158474,0.2250021714788918,0.5770897546052608,0.0,6.0,4.0,0.015104053796824113,,0.7894736842105263,0.5770897546052608,"[""unseen_polygon"", ""interval_not_coverage_certified""]",empirical_oof_not_certified,0.95,source_mixture_affine
AOI-0046,2020-05-24,0.25149039263524825,0.08685410296918845,0.6616555043955631,0.0,7.0,3.0,0.025954452444338028,,0.8333333333333334,0.6616555043955631,"[""unseen_polygon"", ""interval_not_coverage_certified""]",empirical_oof_not_certified,0.95,source_mixture_affine
AOI-0046,2020-06-09,0.5831372862824629,0.10116304201397719,0.31569967170356006,0.0,2.0,2.0,0.0007589934068429338,,0.8823529411764706,0.5831372862824629,"[""unseen_polygon"", ""interval_not_coverage_certified""]",empirical_oof_not_certified,0.95,source_mixture_affine
AOI-0046,2020-09-10,0.2644906334529277,0.7266764498232261,0.008832916723845926,0.0,1.0,1.0,0.007606362131001659,,0.9375,0.7266764498232261,"[""unseen_polygon"", ""interval_not_coverage_certified""]",empirical_oof_not_certified,0.95,source_mixture_affine
AOI-0046,2020-09-13,0.2186488285754851,0.15538176699829934,0.6259694044262157,0.0,2.0,5.0,0.009857680798152413,,0.8823529411764706,0.6259694044262157,"[""unseen_polygon"", ""interval_not_coverage_certified""]",empirical_oof_not_certified,0.95,source_mixture_affine
AOI-0046,2020-09-26,0.34334950975535705,0.6510859146956157,0.005564575549027153,0.0,2.0,1.0,0.008333190706279428,,0.9375,0.6510859146956157,"[""unseen_polygon"", ""interval_not_coverage_certified""]",empirical_oof_not_certified,0.95,source_mixture_affine
AOI-0046,2020-10-21,0.449817135632702,0.5406644628644376,0.009518401502860558,0.0,1.0,3.0,0.002365102882963599,,0.9375,0.5406644628644376,"[""unseen_polygon"", ""interval_not_coverage_certified""]",empirical_oof_not_certified,0.95,source_mixture_affine
AOI-0046,2021-05-02,0.9156477755226119,0.08435222447738769,0.0,0.0,9.0,6.0,0.021847350882577,,0.7142857142857143,0.9156477755226119,"[""unseen_polygon"", ""interval_not_coverage_certified""]",empirical_oof_not_certified,0.95,source_mixture_affine
AOI-0046,2021-05-25,0.46639243076237136,0.09211190346539562,0.44149566577223287,0.0,8.0,2.0,0.009572906769923062,,0.8823529411764706,0.46639243076237136,"[""unseen_polygon"", ""interval_not_coverage_certified""]",empirical_oof_not_certified,0.95,source_mixture_affine
AOI-0046,2021-07-11,0.831517390024825,0.16848260997517503,0.0,0.0,7.0,1.0,0.008638812879110336,,0.9375,0.831517390024825,"[""unseen_polygon"", ""interval_not_coverage_certified""]",empirical_oof_not_certified,0.95,source_mixture_affine
AOI-0046,2021-07-28,0.2510329534840033,0.33963174308890287,0.4093353034270939,0.0,2.0,3.0,0.026694674240631266,,0.8823529411764706,0.4093353034270939,"[""unseen_polygon"", ""interval_not_coverage_certified""]",empirical_oof_not_certified,0.95,source_mixture_affine
AOI-0046,2021-08-13,0.2886482080867967,0.14147702423242714,0.5698747676807764,0.0,8.0,12.0,0.028513574563795246,,0.6521739130434783,0.5698747676807764,"[""unseen_polygon"", ""interval_not_coverage_certified""]",empirical_oof_not_certified,0.95,source_mixture_affine
AOI-0046,2021-08-20,0.6852526784224053,0.24426500038387047,0.0704823211937242,0.0,15.0,5.0,0.017089886643339797,,0.75,0.6852526784224053,"[""unseen_polygon"", ""interval_not_coverage_certified""]",empirical_oof_not_certified,0.95,source_mixture_affine
AOI-0046,2021-08-29,0.08545988464363205,0.44797019016186435,0.46656992519450385,0.0,1.0,1.0,0.011333585773411536,,0.9375,0.46656992519450385,"[""unseen_polygon"", ""interval_not_coverage_certified""]",empirical_oof_not_certified,0.95,source_mixture_affine
AOI-0046,2021-09-06,0.39051539516881767,0.6044846048311825,0.005,0.0,2.0,3.0,0.08463005386725517,,0.8823529411764706,0.6044846048311825,"[""unseen_polygon"", ""interval_not_coverage_certified""]",empirical_oof_not_certified,0.95,source_mixture_affine
AOI-0046,2022-06-05,0.08525269667827479,0.9136423075554255,0.0011049957662997462,0.0,1.0,1.0,0.015769735076882757,,0.9375,0.9136423075554255,"[""unseen_polygon"", ""interval_not_coverage_certified""]",empirical_oof_not_certified,0.95,source_mixture_affine
AOI-0046,2022-07-24,0.6264792259822872,0.3735207740177128,0.0,0.0,9.0,4.0,0.028989647090653603,,0.7894736842105263,0.6264792259822872,"[""unseen_polygon"", ""interval_not_coverage_certified""]",empirical_oof_not_certified,0.95,source_mixture_affine
AOI-0046,2022-07-29,0.5754179233534349,0.4234136063751558,0.0011684702714092382,0.0,1.0,2.0,0.0046362014984425715,,0.9375,0.5754179233534349,"[""unseen_polygon"", ""interval_not_coverage_certified""]",empirical_oof_not_certified,0.95,source_mixture_affine
AOI-0046,2022-07-30,0.0422878923240832,0.957712107675917,0.0,0.0,2.0,1.0,0.010420557877793502,,0.9375,0.957712107675917,"[""unseen_polygon"", ""interval_not_coverage_certified""]",empirical_oof_not_certified,0.95,source_mixture_affine
AOI-0046,2022-08-24,0.10646493924245018,0.8929714899730592,0.0005635707844905319,0.0,1.0,1.0,0.007825995976449313,,0.9375,0.8929714899730592,"[""unseen_polygon"", ""interval_not_coverage_certified""]",empirical_oof_not_certified,0.95,source_mixture_affine
AOI-0046,2022-08-30,0.7545733533162036,0.2450008654337964,0.0004257812499999999,0.0,1.0,1.0,0.02095133151393834,,0.9375,0.7545733533162036,"[""unseen_polygon"", ""interval_not_coverage_certified""]",empirical_oof_not_certified,0.95,source_mixture_affine
AOI-0046,2023-04-02,0.4832887088277589,0.5101218804246858,0.006589410747555436,0.0,165.0,2.0,0.045951783338414515,,0.8823529411764706,0.5101218804246858,"[""unseen_polygon"", ""interval_not_coverage_certified""]",empirical_oof_not_certified,0.95,source_mixture_affine
AOI-0046,2023-04-29,0.10459468569663732,0.8948417435188718,0.0005635707844905319,0.0,6.0,3.0,0.006056556604860375,,0.8333333333333334,0.8948417435188718,"[""unseen_polygon"", ""interval_not_coverage_certified""]",empirical_oof_not_certified,0.95,source_mixture_affine
AOI-0046,2023-05-06,0.051601183482681494,0.9483988165173184,0.0,0.0,4.0,3.0,0.0015937208447962536,,0.8333333333333334,0.9483988165173184,"[""unseen_polygon"", ""interval_not_coverage_certified""]",empirical_oof_not_certified,0.95,source_mixture_affine
AOI-0046,2023-06-21,0.43917280661614916,0.5524823006566103,0.008344892727240255,0.0,5.0,2.0,0.02223175243825537,,0.8823529411764706,0.5524823006566103,"[""unseen_polygon"", ""interval_not_coverage_certified""]",empirical_oof_not_certified,0.95,source_mixture_affine
AOI-0046,2023-06-24,0.5404502152708073,0.45397098979918254,0.005578794930010119,0.0,1.0,2.0,0.009028356663886128,,0.9375,0.5404502152708073,"[""unseen_polygon"", ""interval_not_coverage_certified""]",empirical_oof_not_certified,0.95,source_mixture_affine
AOI-0046,2023-07-22,0.15812442458749446,0.8401229002538244,0.0017526751586810962,0.0,1.0,4.0,0.01602390458168078,,0.9375,0.8401229002538244,"[""unseen_polygon"", ""interval_not_coverage_certified""]",empirical_oof_not_certified,0.95,source_mixture_affine
AOI-0046,2023-07-25,0.140951042845653,0.8548046983694324,0.0042442587849144285,0.0,4.0,1.0,0.014594273379139974,,0.9375,0.8548046983694324,"[""unseen_polygon"", ""interval_not_coverage_certified""]",empirical_oof_not_certified,0.95,source_mixture_affine
AOI-0046,2023-08-13,0.6119089357377818,0.14180776174584137,0.2462833025163771,0.0,2.0,2.0,0.006366316064475214,,0.8823529411764706,0.6119089357377818,"[""unseen_polygon"", ""interval_not_coverage_certified""]",empirical_oof_not_certified,0.95,source_mixture_affine
AOI-0046,2023-08-18,0.6383668683580033,0.3531427300489365,0.008490401593060262,0.0,3.0,1.0,0.004484568787591042,,0.9375,0.6383668683580033,"[""unseen_polygon"", ""interval_not_coverage_certified""]",empirical_oof_not_certified,0.95,source_mixture_affine
AOI-0046,2023-08-25,0.4986799858055367,0.494230984344047,0.007089029850416204,0.0,2.0,1.0,0.005487178893200592,,0.9375,0.4986799858055367,"[""unseen_polygon"", ""interval_not_coverage_certified""]",empirical_oof_not_certified,0.95,source_mixture_affine
AOI-0046,2023-08-27,0.383639045877892,0.6147715433745526,0.0015894107475554365,0.0,1.0,2.0,0.017849724582148757,,0.9375,0.6147715433745526,"[""unseen_polygon"", ""interval_not_coverage_certified""]",empirical_oof_not_certified,0.95,source_mixture_affine
AOI-0046,2023-08-28,0.6624466796491827,0.3350113555320305,0.0025419648187868125,0.0,2.0,1.0,0.027967468907007548,,0.9375,0.6624466796491827,"[""unseen_polygon"", ""interval_not_coverage_certified""]",empirical_oof_not_certified,0.95,source_mixture_affine
AOI-0046,2023-10-13,0.1462994371892081,0.8450865447754258,0.008614018035365862,0.0,2.0,1.0,0.015633228008911593,,0.9375,0.8450865447754258,"[""unseen_polygon"", ""interval_not_coverage_certified""]",empirical_oof_not_certified,0.95,source_mixture_affine
AOI-0046,2023-10-29,0.8115641349817722,0.181707355516116,0.0067285095021118145,0.0,13.0,155.0,0.11239576988243594,,0.5357142857142857,0.8115641349817722,"[""unseen_polygon"", ""interval_not_coverage_certified""]",empirical_oof_not_certified,0.95,source_mixture_affine
AOI-0046,2024-04-06,0.5789775504677649,0.16131178778842606,0.2597106617438093,0.0,5.0,1.0,0.019189621257274858,,0.9375,0.5789775504677649,"[""unseen_polygon"", ""interval_not_coverage_certified""]",empirical_oof_not_certified,0.95,source_mixture_affine
AOI-0046,2024-05-08,0.18112445586774076,0.16748217180262231,0.6513933723296368,0.0,2.0,16.0,0.009116865279199526,,0.8823529411764706,0.6513933723296368,"[""unseen_polygon"", ""interval_not_coverage_certified""]",empirical_oof_not_certified,0.95,source_mixture_affine
AOI-0046,2024-05-09,0.5270971239593932,0.46554577847742146,0.0073570975631850714,0.0,3.0,15.0,0.023472560230203054,,0.8333333333333334,0.5270971239593932,"[""unseen_polygon"", ""interval_not_coverage_certified""]",empirical_oof_not_certified,0.95,source_mixture_affine
AOI-0046,2024-06-01,0.3466199579551729,0.6429253082978135,0.010454733747013573,0.0,7.0,1.0,0.0035049839413431316,,0.9375,0.6429253082978135,"[""unseen_polygon"", ""interval_not_coverage_certified""]",empirical_oof_not_certified,0.95,source_mixture_affine
AOI-0046,2024-06-09,0.12842294254623055,0.3133097417095183,0.5582673157442513,0.0,7.0,1.0,0.008797158715759423,,0.9375,0.5582673157442513,"[""unseen_polygon"", ""interval_not_coverage_certified""]",empirical_oof_not_certified,0.95,source_mixture_affine
AOI-0046,2024-07-03,0.6830503673311513,0.31365791704017604,0.00329171562867215,0.0,3.0,7.0,0.012337325957228557,,0.8333333333333334,0.6830503673311513,"[""unseen_polygon"", ""interval_not_coverage_certified""]",empirical_oof_not_certified,0.95,source_mixture_affine
AOI-0046,2024-07-19,0.06700224674357953,0.9329977532564203,0.0,0.0,4.0,1.0,0.02906231199488824,,0.9375,0.9329977532564203,"[""unseen_polygon"", ""interval_not_coverage_certified""]",empirical_oof_not_certified,0.95,source_mixture_affine
AOI-0046,2024-08-09,0.916308431385251,0.07959907574176837,0.004092492872980678,0.0,4.0,3.0,0.044225019406697846,,0.8333333333333334,0.916308431385251,"[""unseen_polygon"", ""interval_not_coverage_certified""]",empirical_oof_not_certified,0.95,source_mixture_affine
AOI-0046,2024-08-20,0.24728656062132945,0.743384621583393,0.00932881779527759,0.0,1.0,1.0,0.0029048547537741942,,0.9375,0.743384621583393,"[""unseen_polygon"", ""interval_not_coverage_certified""]",empirical_oof_not_certified,0.95,source_mixture_affine
AOI-0046,2024-08-28,0.13424857165548432,0.6584045902988109,0.20734683804570483,0.0,4.0,8.0,0.01677264257737182,,0.7894736842105263,0.6584045902988109,"[""unseen_polygon"", ""interval_not_coverage_certified""]",empirical_oof_not_certified,0.95,source_mixture_affine
AOI-0046,2024-09-13,0.6153170354834586,0.17867949188246537,0.2060034726340762,0.0,5.0,1.0,0.007412475176063096,,0.9375,0.6153170354834586,"[""unseen_polygon"", ""interval_not_coverage_certified""]",empirical_oof_not_certified,0.95,source_mixture_affine
AOI-0046,2024-09-22,0.08682901714295702,0.8973728172199426,0.015798165637100424,0.0,1.0,1.0,0.0044575004294554466,,0.9375,0.8973728172199426,"[""unseen_polygon"", ""interval_not_coverage_certified""]",empirical_oof_not_certified,0.95,source_mixture_affine
AOI-0046,2024-10-13,0.8563324484739586,0.14230302752278692,0.0013645240032546789,0.0,5.0,2.0,0.039711065052216166,,0.8823529411764706,0.8563324484739586,"[""unseen_polygon"", ""interval_not_coverage_certified""]",empirical_oof_not_certified,0.95,source_mixture_affine
AOI-0046,2025-06-30,0.8062753140344441,0.18064550291769993,0.013079183047856087,0.0,1.0,5.0,0.011164707251194117,,0.9375,0.8062753140344441,"[""unseen_polygon"", ""interval_not_coverage_certified""]",empirical_oof_not_certified,0.95,source_mixture_affine
AOI-0046,2025-07-15,0.7733017024729013,0.21361911447924278,0.013079183047856087,0.0,1.0,10.0,0.01816841309225331,,0.9375,0.7733017024729013,"[""unseen_polygon"", ""interval_not_coverage_certified""]",empirical_oof_not_certified,0.95,source_mixture_affine
AOI-0046,2025-08-07,0.4726468774578645,0.5137618300101795,0.013591292531956154,0.0,1.0,6.0,0.015447168110384157,,0.9375,0.5137618300101795,"[""unseen_polygon"", ""interval_not_coverage_certified""]",empirical_oof_not_certified,0.95,source_mixture_affine
AOI-0046,2025-08-15,0.08825623512522625,0.9104790772144028,0.001264687660371037,0.0,1.0,1.0,0.00852578423214806,,0.9375,0.9104790772144028,"[""unseen_polygon"", ""interval_not_coverage_certified""]",empirical_oof_not_certified,0.95,source_mixture_affine
AOI-0046,2025-09-24,0.19259814567457134,0.8061371666650575,0.001264687660371037,0.0,1.0,1.0,0.0028469885604728296,,0.9375,0.8061371666650575,"[""unseen_polygon"", ""interval_not_coverage_certified""]",empirical_oof_not_certified,0.95,source_mixture_affine
AOI-0046,2025-10-02,0.14085415686008645,0.8578811554795425,0.001264687660371037,0.0,2.0,1.0,0.0019335391904367616,,0.9375,0.8578811554795425,"[""unseen_polygon"", ""interval_not_coverage_certified""]",empirical_oof_not_certified,0.95,source_mixture_affine
AOI-0047,2025-05-08,0.9731813436083617,0.02411768476694638,0.002700971624691836,0.0,2.0,1.0,0.020186562392439045,,0.9375,0.9731813436083617,"[""unseen_polygon"", ""interval_not_coverage_certified""]",empirical_oof_not_certified,0.95,source_mixture_affine
AOI-0047,2025-05-16,0.873309339390429,0.11361147756171515,0.013079183047856087,0.0,2.0,8.0,0.007068769866197144,,0.8823529411764706,0.873309339390429,"[""unseen_polygon"", ""interval_not_coverage_certified""]",empirical_oof_not_certified,0.95,source_mixture_affine
AOI-0047,2025-05-25,0.03675141742952068,0.09033676264182772,0.8729118199286517,0.0,1.0,2.0,0.01865656599607768,,0.9375,0.8729118199286517,"[""unseen_polygon"", ""interval_not_coverage_certified""]",empirical_oof_not_certified,0.95,source_mixture_affine
AOI-0047,2025-06-15,0.9804565748237389,0.019082931393681172,0.00046049378257992303,0.0,5.0,2.0,0.006031970976190154,,0.8823529411764706,0.9804565748237389,"[""unseen_polygon"", ""interval_not_coverage_certified""]",empirical_oof_not_certified,0.95,source_mixture_affine
AOI-0047,2025-07-17,0.8790537630811734,0.10786705387097052,0.013079183047856087,0.0,2.0,6.0,0.0017780808325089936,,0.8823529411764706,0.8790537630811734,"[""unseen_polygon"", ""interval_not_coverage_certified""]",empirical_oof_not_certified,0.95,source_mixture_affine
AOI-0047,2025-07-18,0.8833800491863723,0.10354076776577184,0.013079183047856087,0.0,3.0,5.0,0.0009450635556516318,,0.8333333333333334,0.8833800491863723,"[""unseen_polygon"", ""interval_not_coverage_certified""]",empirical_oof_not_certified,0.95,source_mixture_affine
AOI-0047,2025-09-03,0.977972469371264,0.021567036846156004,0.00046049378257992303,0.0,2.0,3.0,0.005732117362397815,,0.8823529411764706,0.977972469371264,"[""unseen_polygon"", ""interval_not_coverage_certified""]",empirical_oof_not_certified,0.95,source_mixture_affine
AOI-0047,2025-10-15,0.885284102242823,0.10187175575687123,0.012844142000305847,0.0,2.0,3.0,0.0003784695574051422,,0.8823529411764706,0.885284102242823,"[""unseen_polygon"", ""interval_not_coverage_certified""]",empirical_oof_not_certified,0.95,source_mixture_affine
AOI-0047,2025-10-16,0.41980471553777277,0.06179659404924119,0.5183986904129863,0.0,3.0,2.0,0.016715809450347424,,0.8823529411764706,0.5183986904129863,"[""unseen_polygon"", ""interval_not_coverage_certified""]",empirical_oof_not_certified,0.95,source_mixture_affine
AOI-0048,2025-04-07,0.11740316834996746,0.08732552672937402,0.7952713049206587,0.0,,9.0,0.06200086847478242,one_neighbor_plus_seasonal_prior,0.3125,0.7952713049206587,"[""one_sided_or_no_context"", ""interval_not_coverage_certified""]",empirical_oof_not_certified,0.95,source_mixture_affine
AOI-0048,2025-04-17,0.15575517332849118,0.8442448266715088,0.0,0.0,1.0,1.0,0.05678970330856303,,0.9375,0.8442448266715088,"[""interval_not_coverage_certified""]",empirical_oof_not_certified,0.95,source_mixture_affine
AOI-0048,2025-05-09,0.11035754317457316,0.02426748619689354,0.8653749706285333,0.0,1.0,2.0,0.08592342696747712,,0.9375,0.8653749706285333,"[""interval_not_coverage_certified""]",empirical_oof_not_certified,0.95,source_mixture_affine
AOI-0048,2025-09-17,0.17037508655326777,0.8291205836802097,0.0005043297665226176,0.0,1.0,6.0,0.0056268375367565515,,0.9375,0.8291205836802097,"[""interval_not_coverage_certified""]",empirical_oof_not_certified,0.95,source_mixture_affine
AOI-0048,2025-09-24,0.22546424573285936,0.7732710666067695,0.001264687660371037,0.0,1.0,1.0,0.005303812103936684,,0.9375,0.7732710666067695,"[""interval_not_coverage_certified""]",empirical_oof_not_certified,0.95,source_mixture_affine
AOI-0049,2025-05-04,0.645730742386427,0.3379894737439386,0.016279783869634367,0.0,5.0,5.0,0.04168047287038612,,0.75,0.645730742386427,"[""unseen_polygon"", ""interval_not_coverage_certified""]",empirical_oof_not_certified,0.95,source_mixture_affine
AOI-0049,2025-06-26,0.02882680245423161,0.013283319888137473,0.9578898776576307,0.0,7.0,8.0,0.009396125378539344,,0.6818181818181818,0.9578898776576307,"[""unseen_polygon"", ""interval_not_coverage_certified""]",empirical_oof_not_certified,0.95,source_mixture_affine
AOI-0049,2025-06-27,0.640426922869329,0.3437433683958695,0.015829708734801357,0.0,8.0,7.0,0.031178834267920175,,0.6818181818181818,0.640426922869329,"[""unseen_polygon"", ""interval_not_coverage_certified""]",empirical_oof_not_certified,0.95,source_mixture_affine
AOI-0049,2025-07-29,0.05679086968068163,0.9427048005527956,0.0005043297665226176,0.0,1.0,1.0,0.020237563522688518,,0.9375,0.9427048005527956,"[""unseen_polygon"", ""interval_not_coverage_certified""]",empirical_oof_not_certified,0.95,source_mixture_affine
AOI-0049,2025-08-06,0.5378731402769836,0.44390947623340493,0.018217383489611483,0.0,1.0,1.0,0.012130075911992444,,0.9375,0.5378731402769836,"[""unseen_polygon"", ""interval_not_coverage_certified""]",empirical_oof_not_certified,0.95,source_mixture_affine
AOI-0049,2025-08-12,0.9074132659462676,0.07988053597510873,0.012706198078623766,0.0,3.0,1.0,0.016921743158640895,,0.9375,0.9074132659462676,"[""unseen_polygon"", ""interval_not_coverage_certified""]",empirical_oof_not_certified,0.95,source_mixture_affine
AOI-0049,2025-08-17,0.7434911811659484,0.241533183247492,0.0149756355865596,0.0,4.0,2.0,0.023206624779622154,,0.8823529411764706,0.7434911811659484,"[""unseen_polygon"", ""interval_not_coverage_certified""]",empirical_oof_not_certified,0.95,source_mixture_affine
AOI-0049,2025-09-06,0.8065648308700004,0.19002875818278814,0.003406410947210985,0.0,5.0,1.0,0.002898892684272125,,0.9375,0.8065648308700004,"[""unseen_polygon"", ""interval_not_coverage_certified""]",empirical_oof_not_certified,0.95,source_mixture_affine
AOI-0049,2025-09-14,0.04887758813094803,0.3105950378672267,0.6405273740018255,0.0,3.0,1.0,0.011849432799282522,,0.9375,0.6405273740018255,"[""unseen_polygon"", ""interval_not_coverage_certified""]",empirical_oof_not_certified,0.95,source_mixture_affine
AOI-0049,2025-09-26,0.7690322811783719,0.1944866726413113,0.03648104618031698,0.0,3.0,21.0,0.025699654954453116,,0.8333333333333334,0.7690322811783719,"[""unseen_polygon"", ""interval_not_coverage_certified""]",empirical_oof_not_certified,0.95,source_mixture_affine
AOI-0049,2025-09-30,0.018775926145139087,0.25166759604705613,0.729556477807805,0.0,7.0,17.0,0.007110176640180349,,0.6818181818181818,0.729556477807805,"[""unseen_polygon"", ""interval_not_coverage_certified""]",empirical_oof_not_certified,0.95,source_mixture_affine
AOI-0049,2025-10-08,0.7494878178530677,0.15972142431829703,0.09079075782863504,0.0,15.0,9.0,0.025961097015896634,,0.625,0.7494878178530677,"[""unseen_polygon"", ""interval_not_coverage_certified""]",empirical_oof_not_certified,0.95,source_mixture_affine
AOI-0049,2025-10-16,0.4123106795936992,0.09030145281277063,0.49738786759352993,0.0,23.0,1.0,0.004975926244087908,,0.9375,0.49738786759352993,"[""unseen_polygon"", ""interval_not_coverage_certified""]",empirical_oof_not_certified,0.95,source_mixture_affine
AOI-0049,2025-10-28,0.7297950648340614,0.2049132820625805,0.06529165310335845,0.0,11.0,,0.022233863070797333,one_neighbor_plus_seasonal_prior,0.28846153846153844,0.7297950648340614,"[""one_sided_or_no_context"", ""unseen_polygon"", ""interval_not_coverage_certified""]",empirical_oof_not_certified,0.95,source_mixture_affine
AOI-0050,2025-04-14,0.8883422921755205,0.09895150974585572,0.012706198078623766,0.0,3.0,2.0,0.004038307583503209,,0.8823529411764706,0.8883422921755205,"[""interval_not_coverage_certified""]",empirical_oof_not_certified,0.95,source_mixture_affine
AOI-0050,2025-04-15,0.13765599225292827,0.8608085148222675,0.0015354929248041164,0.0,4.0,1.0,0.011040429048485012,,0.9375,0.8608085148222675,"[""interval_not_coverage_certified""]",empirical_oof_not_certified,0.95,source_mixture_affine
AOI-0050,2025-05-25,0.017995508828426997,0.10538059611456704,0.8766238950570062,0.0,1.0,9.0,0.0047181358734340595,,0.9375,0.8766238950570062,"[""interval_not_coverage_certified""]",empirical_oof_not_certified,0.95,source_mixture_affine
AOI-0050,2025-06-27,0.5879641160864654,0.396485844218145,0.01555003969538972,0.0,1.0,7.0,0.05543413157730798,,0.9375,0.5879641160864654,"[""interval_not_coverage_certified""]",empirical_oof_not_certified,0.95,source_mixture_affine
AOI-0050,2025-08-07,0.7637518382360343,0.2208515055778059,0.015396656186159772,0.0,1.0,5.0,0.0096037508860993,,0.9375,0.7637518382360343,"[""interval_not_coverage_certified""]",empirical_oof_not_certified,0.95,source_mixture_affine
AOI-0050,2025-08-09,0.8058688849095372,0.1760404256720104,0.018090689418452172,0.0,3.0,3.0,0.016919129804466387,,0.8333333333333334,0.8058688849095372,"[""interval_not_coverage_certified""]",empirical_oof_not_certified,0.95,source_mixture_affine
AOI-0050,2025-08-13,0.05150987247753853,0.3235040604801218,0.6249860670423399,0.0,1.0,6.0,0.02372833092636345,,0.9375,0.6249860670423399,"[""interval_not_coverage_certified""]",empirical_oof_not_certified,0.95,source_mixture_affine
AOI-0050,2025-08-17,0.6376352089229976,0.33321565324333535,0.029149137833667366,0.0,5.0,2.0,0.0025482713539833335,,0.8823529411764706,0.6376352089229976,"[""interval_not_coverage_certified""]",empirical_oof_not_certified,0.95,source_mixture_affine
AOI-0050,2025-09-07,0.0818032048902037,0.9078829532955345,0.010313841814261768,0.0,1.0,1.0,0.019275758600713677,,0.9375,0.9078829532955345,"[""interval_not_coverage_certified""]",empirical_oof_not_certified,0.95,source_mixture_affine
AOI-0050,2025-09-30,0.024261160503499992,0.22484043361331793,0.7508984058831821,0.0,4.0,8.0,0.03233371160299786,,0.7894736842105263,0.7508984058831821,"[""interval_not_coverage_certified""]",empirical_oof_not_certified,0.95,source_mixture_affine
AOI-0050,2025-10-17,0.09201303759439067,0.8892479065694675,0.018739055836142066,0.0,1.0,,0.018105744436683058,one_neighbor_plus_seasonal_prior,0.46875,0.8892479065694675,"[""one_sided_or_no_context"", ""interval_not_coverage_certified""]",empirical_oof_not_certified,0.95,source_mixture_affine
AOI-0050,2025-10-28,0.86989964763429,0.11062051515052249,0.019479837215187656,0.0,12.0,,0.011110706521914204,one_neighbor_plus_seasonal_prior,0.2777777777777778,0.86989964763429,"[""one_sided_or_no_context"", ""interval_not_coverage_certified""]",empirical_oof_not_certified,0.95,source_mixture_affine
AOI-0051,2010-06-09,0.013990809460708218,0.9750475514822909,0.010961639057000901,0.0,7.0,1.0,0.023746869436127804,,0.9375,0.9750475514822909,"[""unseen_polygon"", ""interval_not_coverage_certified""]",empirical_oof_not_certified,0.95,source_mixture_affine
AOI-0051,2011-06-04,0.0,1.0,0.0,0.0,7.0,6.0,0.02925044081316791,,0.7142857142857143,1.0,"[""unseen_polygon"", ""interval_not_coverage_certified""]",empirical_oof_not_certified,0.95,source_mixture_affine
AOI-0051,2011-06-05,0.0,1.0,0.0,0.0,8.0,5.0,0.019504930131712894,,0.75,1.0,"[""unseen_polygon"", ""interval_not_coverage_certified""]",empirical_oof_not_certified,0.95,source_mixture_affine
AOI-0051,2011-06-12,0.004381649952900541,0.9956183500470995,0.0,0.0,2.0,14.0,0.03785858985395263,,0.8823529411764706,0.9956183500470995,"[""unseen_polygon"", ""interval_not_coverage_certified""]",empirical_oof_not_certified,0.95,source_mixture_affine
AOI-0051,2011-06-13,0.0,1.0,0.0,0.0,3.0,13.0,0.028822633089644945,,0.8333333333333334,1.0,"[""unseen_polygon"", ""interval_not_coverage_certified""]",empirical_oof_not_certified,0.95,source_mixture_affine
AOI-0051,2011-09-01,0.07600039922911471,0.9196045352191149,0.004395065551770414,0.0,1.0,13.0,0.006437206460676692,,0.9375,0.9196045352191149,"[""unseen_polygon"", ""interval_not_coverage_certified""]",empirical_oof_not_certified,0.95,source_mixture_affine
AOI-0051,2011-10-11,0.006341381360115166,0.9936586186398848,0.0,0.0,11.0,5.0,0.035064589618366504,,0.75,0.9936586186398848,"[""unseen_polygon"", ""interval_not_coverage_certified""]",empirical_oof_not_certified,0.95,source_mixture_affine
AOI-0051,2012-04-27,0.0034108830905483652,0.9965891169094516,0.0,0.0,5.0,9.0,0.06506500264411885,,0.75,0.9965891169094516,"[""unseen_polygon"", ""interval_not_coverage_certified""]",empirical_oof_not_certified,0.95,source_mixture_affine
AOI-0051,2012-05-22,0.0,1.0,0.0,0.0,9.0,2.0,0.0026908551438541983,,0.8823529411764706,1.0,"[""unseen_polygon"", ""interval_not_coverage_certified""]",empirical_oof_not_certified,0.95,source_mixture_affine
AOI-0051,2012-08-12,0.014433845148144614,0.46299103600614877,0.5225751188457065,0.0,16.0,30.0,0.016957798635527738,,0.48387096774193555,0.5225751188457065,"[""unseen_polygon"", ""interval_not_coverage_certified""]",empirical_oof_not_certified,0.95,source_mixture_affine
AOI-0051,2012-08-26,0.01075993403387316,0.9402338015709808,0.04900626439514605,0.0,30.0,16.0,0.03914889724066187,,0.48387096774193555,0.9402338015709808,"[""unseen_polygon"", ""interval_not_coverage_certified""]",empirical_oof_not_certified,0.95,source_mixture_affine
AOI-0051,2012-08-28,0.014808474795764122,0.6062952830984963,0.37889624210573947,0.0,32.0,14.0,0.025468899496982417,,0.5172413793103449,0.6062952830984963,"[""unseen_polygon"", ""interval_not_coverage_certified""]",empirical_oof_not_certified,0.95,source_mixture_affine
AOI-0051,2012-09-18,0.0005676259309858534,0.9994323740690142,0.0,0.0,5.0,11.0,0.03420000252173433,,0.75,0.9994323740690142,"[""unseen_polygon"", ""interval_not_coverage_certified""]",empirical_oof_not_certified,0.95,source_mixture_affine
AOI-0051,2012-10-13,0.0007135531926377719,0.9992864468073622,0.0,0.0,14.0,2.0,0.013878744106429863,,0.8823529411764706,0.9992864468073622,"[""unseen_polygon"", ""interval_not_coverage_certified""]",empirical_oof_not_certified,0.95,source_mixture_affine
AOI-0051,2013-05-01,0.0010066341408691776,0.9976728601983703,0.001320505660760522,0.0,1.0,8.0,0.005263077325261101,,0.9375,0.9976728601983703,"[""unseen_polygon"", ""interval_not_coverage_certified""]",empirical_oof_not_certified,0.95,source_mixture_affine
AOI-0051,2013-07-19,0.007681208834323434,0.9831287022858433,0.009190088879833452,0.0,7.0,1.0,0.007329083582436058,,0.9375,0.9831287022858433,"[""unseen_polygon"", ""interval_not_coverage_certified""]",empirical_oof_not_certified,0.95,source_mixture_affine
AOI-0051,2013-07-28,0.01634356793897562,0.6184499706933757,0.36520646136764845,0.0,1.0,8.0,0.010529385643549438,,0.9375,0.6184499706933757,"[""unseen_polygon"", ""interval_not_coverage_certified""]",empirical_oof_not_certified,0.95,source_mixture_affine
AOI-0051,2013-08-29,0.0585295969571885,0.2590295530480013,0.6824408499948105,0.0,8.0,15.0,0.02659860146997403,,0.6521739130434783,0.6824408499948105,"[""unseen_polygon"", ""interval_not_coverage_certified""]",empirical_oof_not_certified,0.95,source_mixture_affine
AOI-0051,2013-10-07,0.0128646990300541,0.9721611660571944,0.01497413491275159,0.0,7.0,1.0,0.042487252635218686,,0.9375,0.9721611660571944,"[""unseen_polygon"", ""interval_not_coverage_certified""]",empirical_oof_not_certified,0.95,source_mixture_affine
AOI-0051,2013-10-16,0.011402947219929422,0.5924226132811667,0.39617443949890363,0.0,8.0,8.0,0.0013961696372659371,,0.6521739130434783,0.5924226132811667,"[""unseen_polygon"", ""interval_not_coverage_certified""]",empirical_oof_not_certified,0.95,source_mixture_affine
AOI-0051,2014-04-18,0.003270186480594711,0.9967298135194054,0.0,0.0,1.0,5.0,0.013579767417706279,,0.9375,0.9967298135194054,"[""unseen_polygon"", ""interval_not_coverage_certified""]",empirical_oof_not_certified,0.95,source_mixture_affine
AOI-0051,2014-06-05,0.0005167324797574887,0.9994832675202425,0.0,0.0,11.0,8.0,0.02677286640760379,,0.6521739130434783,0.9994832675202425,"[""unseen_polygon"", ""interval_not_coverage_certified""]",empirical_oof_not_certified,0.95,source_mixture_affine
AOI-0051,2014-06-10,0.06028261254990515,0.239292077564791,0.700425309885304,0.0,16.0,3.0,0.004255096558629323,,0.8333333333333334,0.700425309885304,"[""unseen_polygon"", ""interval_not_coverage_certified""]",empirical_oof_not_certified,0.95,source_mixture_affine
AOI-0051,2014-06-28,0.004381649952900541,0.9956183500470995,0.0,0.0,2.0,14.0,0.06524584252192889,,0.8823529411764706,0.9956183500470995,"[""unseen_polygon"", ""interval_not_coverage_certified""]",empirical_oof_not_certified,0.95,source_mixture_affine
AOI-0051,2014-09-08,0.17000987516261634,0.8148106469156169,0.015179477921766674,0.0,8.0,6.0,0.07338691480201054,,0.7142857142857143,0.8148106469156169,"[""unseen_polygon"", ""interval_not_coverage_certified""]",empirical_oof_not_certified,0.95,source_mixture_affine
AOI-0051,2014-09-16,0.006341381360115166,0.9936586186398848,0.0,0.0,2.0,14.0,0.01208159710539447,,0.8823529411764706,0.9936586186398848,"[""unseen_polygon"", ""interval_not_coverage_certified""]",empirical_oof_not_certified,0.95,source_mixture_affine
AOI-0051,2015-04-07,0.06118577856235165,0.2328187957556136,0.7059954256820349,0.0,162.0,5.0,0.009322289049904675,,0.75,0.7059954256820349,"[""unseen_polygon"", ""interval_not_coverage_certified""]",empirical_oof_not_certified,0.95,source_mixture_affine
AOI-0051,2015-05-23,0.0033779492093830997,0.9939906829606932,0.0026313678299237867,0.0,1.0,2.0,0.004830854233009774,,0.9375,0.9939906829606932,"[""unseen_polygon"", ""interval_not_coverage_certified""]",empirical_oof_not_certified,0.95,source_mixture_affine
AOI-0051,2015-06-10,0.022657935446636683,0.26102987971749314,0.7163121848358704,0.0,2.0,22.0,0.007264553386488404,,0.8823529411764706,0.7163121848358704,"[""unseen_polygon"", ""interval_not_coverage_certified""]",empirical_oof_not_certified,0.95,source_mixture_affine
AOI-0051,2015-06-15,0.12428084539977817,0.7549647943611864,0.12075436023903542,0.0,7.0,17.0,0.0071970144506851574,,0.6818181818181818,0.7549647943611864,"[""unseen_polygon"", ""interval_not_coverage_certified""]",empirical_oof_not_certified,0.95,source_mixture_affine
AOI-0051,2015-06-26,0.06297191887023182,0.2542817677940634,0.6827463133357048,0.0,18.0,6.0,0.03778115745992089,,0.7142857142857143,0.6827463133357048,"[""unseen_polygon"", ""interval_not_coverage_certified""]",empirical_oof_not_certified,0.95,source_mixture_affine
AOI-0051,2015-09-14,0.0477004050535936,0.12665896550035824,0.8256406294460485,0.0,11.0,5.0,0.023251024534452325,,0.75,0.8256406294460485,"[""unseen_polygon"", ""interval_not_coverage_certified""]",empirical_oof_not_certified,0.95,source_mixture_affine
AOI-0051,2015-09-20,0.001750811966173208,0.9956178202039031,0.0026313678299237867,0.0,1.0,7.0,0.012247796274610978,,0.9375,0.9956178202039031,"[""unseen_polygon"", ""interval_not_coverage_certified""]",empirical_oof_not_certified,0.95,source_mixture_affine
AOI-0051,2015-10-06,0.001212406086961542,0.9961562260831147,0.0026313678299237867,0.0,1.0,10.0,0.04157355407753072,,0.9375,0.9961562260831147,"[""unseen_polygon"", ""interval_not_coverage_certified""]",empirical_oof_not_certified,0.95,source_mixture_affine
AOI-0051,2016-04-06,0.05970142395554546,0.3062234765565608,0.6340750994878939,0.0,159.0,1.0,0.04872105815967204,,0.9375,0.6340750994878939,"[""unseen_polygon"", ""interval_not_coverage_certified""]",empirical_oof_not_certified,0.95,source_mixture_affine
AOI-0051,2016-06-25,0.02919078323611065,0.4066036596135919,0.5642055571502976,0.0,7.0,1.0,0.008586886040330421,,0.9375,0.5642055571502976,"[""unseen_polygon"", ""interval_not_coverage_certified""]",empirical_oof_not_certified,0.95,source_mixture_affine
AOI-0051,2016-07-12,0.0,1.0,0.0,0.0,1.0,8.0,0.04319088551500863,,0.9375,1.0,"[""unseen_polygon"", ""interval_not_coverage_certified""]",empirical_oof_not_certified,0.95,source_mixture_affine
AOI-0051,2016-08-28,0.03270418457951354,0.38926547489187613,0.5780303405286104,0.0,7.0,1.0,0.02599985321864412,,0.9375,0.5780303405286104,"[""unseen_polygon"", ""interval_not_coverage_certified""]",empirical_oof_not_certified,0.95,source_mixture_affine
AOI-0051,2016-09-14,0.004279825834954865,0.9870497446593716,0.00867042950567345,0.0,1.0,31.0,0.02332638265271547,,0.9375,0.9870497446593716,"[""unseen_polygon"", ""interval_not_coverage_certified""]",empirical_oof_not_certified,0.95,source_mixture_affine
AOI-0051,2016-09-29,0.0580784191909223,0.28702750022531365,0.6548940805837643,0.0,16.0,16.0,0.008484486585675688,,0.48387096774193555,0.6548940805837643,"[""unseen_polygon"", ""interval_not_coverage_certified""]",empirical_oof_not_certified,0.95,source_mixture_affine
AOI-0051,2016-10-24,0.021719514345506733,0.9726810894082779,0.005599396246215431,0.0,8.0,159.0,0.23069983814574566,,0.6521739130434783,0.9726810894082779,"[""unseen_polygon"", ""interval_not_coverage_certified""]",empirical_oof_not_certified,0.95,source_mixture_affine
AOI-0051,2017-05-28,0.060168340809295534,0.9398316591907045,0.0,0.0,1.0,7.0,0.016111361560277815,,0.9375,0.9398316591907045,"[""unseen_polygon"", ""interval_not_coverage_certified""]",empirical_oof_not_certified,0.95,source_mixture_affine
AOI-0051,2017-06-21,0.05446868540612581,0.9455313145938743,0.0,0.0,1.0,5.0,0.006503082952333705,,0.9375,0.9455313145938743,"[""unseen_polygon"", ""interval_not_coverage_certified""]",empirical_oof_not_certified,0.95,source_mixture_affine
AOI-0051,2017-06-28,0.054608397311396696,0.9453916026886036,0.0,0.0,2.0,14.0,0.0071728872781143815,,0.8823529411764706,0.9453916026886036,"[""unseen_polygon"", ""interval_not_coverage_certified""]",empirical_oof_not_certified,0.95,source_mixture_affine
AOI-0051,2017-07-06,0.07205538143991895,0.9279446185600813,0.0,0.0,10.0,6.0,0.007634488384513083,,0.7142857142857143,0.9279446185600813,"[""unseen_polygon"", ""interval_not_coverage_certified""]",empirical_oof_not_certified,0.95,source_mixture_affine
AOI-0051,2017-07-23,0.07686268134216587,0.9231373186578341,0.0,0.0,9.0,2.0,0.03748132183202657,,0.8823529411764706,0.9231373186578341,"[""unseen_polygon"", ""interval_not_coverage_certified""]",empirical_oof_not_certified,0.95,source_mixture_affine
AOI-0051,2017-09-25,0.49510585222985065,0.5020488741457698,0.0028452736243794892,0.0,1.0,13.0,0.0008018037683411583,,0.9375,0.5020488741457698,"[""unseen_polygon"", ""interval_not_coverage_certified""]",empirical_oof_not_certified,0.95,source_mixture_affine
AOI-0051,2017-09-30,0.34360069790453385,0.10312309017327918,0.5532762119221871,0.0,6.0,8.0,0.02384960945566783,,0.7142857142857143,0.5532762119221871,"[""unseen_polygon"", ""interval_not_coverage_certified""]",empirical_oof_not_certified,0.95,source_mixture_affine
AOI-0051,2017-10-16,0.3850723247777751,0.47160319102160336,0.14332448420062166,0.0,5.0,2.0,0.043983849351388465,,0.8823529411764706,0.47160319102160336,"[""unseen_polygon"", ""interval_not_coverage_certified""]",empirical_oof_not_certified,0.95,source_mixture_affine
AOI-0051,2018-04-11,0.9156989828152713,0.08336670948116937,0.0009343077035597701,0.0,4.0,1.0,0.02765189046848668,,0.9375,0.9156989828152713,"[""unseen_polygon"", ""interval_not_coverage_certified""]",empirical_oof_not_certified,0.95,source_mixture_affine
AOI-0051,2018-04-28,0.3060316733995713,0.6939683266004287,0.0,0.0,5.0,3.0,0.06011224389758246,,0.8333333333333334,0.6939683266004287,"[""unseen_polygon"", ""interval_not_coverage_certified""]",empirical_oof_not_certified,0.95,source_mixture_affine
AOI-0051,2018-04-29,0.037823371720345195,0.9621766282796549,0.0,0.0,6.0,2.0,0.03041585461522195,,0.8823529411764706,0.9621766282796549,"[""unseen_polygon"", ""interval_not_coverage_certified""]",empirical_oof_not_certified,0.95,source_mixture_affine
AOI-0051,2018-05-30,0.21562282564802376,0.7804020095505045,0.003975164801471716,0.0,5.0,1.0,0.00569027342032713,,0.9375,0.7804020095505045,"[""unseen_polygon"", ""interval_not_coverage_certified""]",empirical_oof_not_certified,0.95,source_mixture_affine
AOI-0051,2018-06-26,0.06496719790434338,0.17751257931899148,0.7575202227766654,0.0,3.0,5.0,0.02042348327173496,,0.8333333333333334,0.7575202227766654,"[""unseen_polygon"", ""interval_not_coverage_certified""]",empirical_oof_not_certified,0.95,source_mixture_affine
AOI-0051,2018-07-02,0.6968176703565304,0.3013217457021059,0.0018605839413632277,0.0,1.0,7.0,0.009570125266862961,,0.9375,0.6968176703565304,"[""unseen_polygon"", ""interval_not_coverage_certified""]",empirical_oof_not_certified,0.95,source_mixture_affine
AOI-0051,2018-08-02,0.2755288688071801,0.7075837593920368,0.016887371800783032,0.0,5.0,8.0,0.10062976107564861,,0.75,0.7075837593920368,"[""unseen_polygon"", ""interval_not_coverage_certified""]",empirical_oof_not_certified,0.95,source_mixture_affine
AOI-0051,2018-08-18,0.06427300487321592,0.9357269951267841,0.0,0.0,5.0,1.0,0.03445260865191388,,0.9375,0.9357269951267841,"[""unseen_polygon"", ""interval_not_coverage_certified""]",empirical_oof_not_certified,0.95,source_mixture_affine
AOI-0051,2018-09-14,0.14736389002103056,0.21074479957099548,0.6418913104079742,0.0,1.0,4.0,0.04427447449381892,,0.9375,0.6418913104079742,"[""unseen_polygon"", ""interval_not_coverage_certified""]",empirical_oof_not_certified,0.95,source_mixture_affine
AOI-0051,2018-09-19,0.08580198622307308,0.9015110786906491,0.012686935086277731,0.0,1.0,1.0,0.013880965896410524,,0.9375,0.9015110786906491,"[""unseen_polygon"", ""interval_not_coverage_certified""]",empirical_oof_not_certified,0.95,source_mixture_affine
AOI-0051,2018-10-14,0.04720347377035273,0.9501095911433695,0.002686935086277732,0.0,1.0,2.0,0.014387683907310184,,0.9375,0.9501095911433695,"[""unseen_polygon"", ""interval_not_coverage_certified""]",empirical_oof_not_certified,0.95,source_mixture_affine
AOI-0051,2019-05-17,0.09564305688150541,0.8993569431184945,0.005,0.0,1.0,1.0,0.006495524534871122,,0.9375,0.8993569431184945,"[""unseen_polygon"", ""interval_not_coverage_certified""]",empirical_oof_not_certified,0.95,source_mixture_affine
AOI-0051,2019-05-31,0.9585362557112436,0.04146374428875657,0.0,0.0,6.0,2.0,0.02151160100844074,,0.8823529411764706,0.9585362557112436,"[""unseen_polygon"", ""interval_not_coverage_certified""]",empirical_oof_not_certified,0.95,source_mixture_affine
AOI-0051,2019-06-25,0.9517035011350111,0.04829649886498875,0.0,0.0,5.0,1.0,0.0008113668158727938,,0.9375,0.9517035011350111,"[""unseen_polygon"", ""interval_not_coverage_certified""]",empirical_oof_not_certified,0.95,source_mixture_affine
AOI-0051,2019-06-30,0.8473769922744973,0.15262300772550286,0.0,0.0,3.0,5.0,0.008995789143126487,,0.8333333333333334,0.8473769922744973,"[""unseen_polygon"", ""interval_not_coverage_certified""]",empirical_oof_not_certified,0.95,source_mixture_affine
AOI-0051,2019-07-29,0.39703173593064384,0.5968272750678839,0.006140989001472244,0.0,1.0,8.0,0.03869936081226366,,0.9375,0.5968272750678839,"[""unseen_polygon"", ""interval_not_coverage_certified""]",empirical_oof_not_certified,0.95,source_mixture_affine
AOI-0051,2019-08-05,0.10989850280034671,0.881440147989094,0.008661349210559229,0.0,8.0,1.0,0.03003325655270639,,0.9375,0.881440147989094,"[""unseen_polygon"", ""interval_not_coverage_certified""]",empirical_oof_not_certified,0.95,source_mixture_affine
AOI-0051,2019-08-13,0.20335814044090936,0.3324577509983952,0.4641841085606956,0.0,4.0,1.0,0.044759589546256695,,0.9375,0.4641841085606956,"[""unseen_polygon"", ""interval_not_coverage_certified""]",empirical_oof_not_certified,0.95,source_mixture_affine
AOI-0051,2019-08-22,0.3000895095358586,0.6983210797165859,0.0015894107475554365,0.0,1.0,2.0,0.011104382589066791,,0.9375,0.6983210797165859,"[""unseen_polygon"", ""interval_not_coverage_certified""]",empirical_oof_not_certified,0.95,source_mixture_affine
AOI-0051,2019-09-13,0.9614053391729226,0.038594660827077354,0.0,0.0,6.0,1.0,0.03843327104185751,,0.9375,0.9614053391729226,"[""unseen_polygon"", ""interval_not_coverage_certified""]",empirical_oof_not_certified,0.95,source_mixture_affine
AOI-0051,2019-10-16,0.25060992393434206,0.18774099123427063,0.5616490848313872,0.0,3.0,1.0,0.018023545305586197,,0.9375,0.5616490848313872,"[""unseen_polygon"", ""interval_not_coverage_certified""]",empirical_oof_not_certified,0.95,source_mixture_affine
AOI-0051,2020-04-26,0.0464738913538398,0.9535261086461602,0.0,0.0,1.0,4.0,0.0153935966568583,,0.9375,0.9535261086461602,"[""unseen_polygon"", ""interval_not_coverage_certified""]",empirical_oof_not_certified,0.95,source_mixture_affine
AOI-0051,2020-06-09,0.5666174027550006,0.0661799128552597,0.36720268438973974,0.0,4.0,5.0,0.009383491754482887,,0.7894736842105263,0.5666174027550006,"[""unseen_polygon"", ""interval_not_coverage_certified""]",empirical_oof_not_certified,0.95,source_mixture_affine
AOI-0051,2020-07-04,0.9806286189873161,0.019371381012683687,0.0,0.0,5.0,2.0,0.01988511360919265,,0.8823529411764706,0.9806286189873161,"[""unseen_polygon"", ""interval_not_coverage_certified""]",empirical_oof_not_certified,0.95,source_mixture_affine
AOI-0051,2020-07-27,0.3386155368847558,0.08708249959978759,0.5743019635154565,0.0,3.0,2.0,0.03808751764168533,,0.8823529411764706,0.5743019635154565,"[""unseen_polygon"", ""interval_not_coverage_certified""]",empirical_oof_not_certified,0.95,source_mixture_affine
AOI-0051,2020-08-31,0.4700361158317253,0.5259887193668029,0.003975164801471716,0.0,3.0,1.0,0.021684103397662552,,0.9375,0.5259887193668029,"[""unseen_polygon"", ""interval_not_coverage_certified""]",empirical_oof_not_certified,0.95,source_mixture_affine
AOI-0051,2020-09-07,0.9542389020009652,0.04576109799903483,0.0,0.0,5.0,2.0,0.0006461264463468175,,0.8823529411764706,0.9542389020009652,"[""unseen_polygon"", ""interval_not_coverage_certified""]",empirical_oof_not_certified,0.95,source_mixture_affine
AOI-0051,2020-10-27,0.7991890556999711,0.19063804929365757,0.010172895006371046,0.0,1.0,162.0,0.05521110508499691,,0.9375,0.7991890556999711,"[""unseen_polygon"", ""interval_not_coverage_certified""]",empirical_oof_not_certified,0.95,source_mixture_affine
AOI-0051,2021-05-06,0.30467113671279694,0.6891518783274266,0.006176984959776145,0.0,1.0,1.0,0.0353902545567194,,0.9375,0.6891518783274266,"[""unseen_polygon"", ""interval_not_coverage_certified""]",empirical_oof_not_certified,0.95,source_mixture_affine
AOI-0051,2021-06-23,0.4880007562546861,0.5079067508723333,0.004092492872980678,0.0,4.0,1.0,0.01104988520283981,,0.9375,0.5079067508723333,"[""unseen_polygon"", ""interval_not_coverage_certified""]",empirical_oof_not_certified,0.95,source_mixture_affine
AOI-0051,2021-07-19,0.911320583986985,0.08790286088034126,0.0007765551326735506,0.0,1.0,5.0,0.013798602348154027,,0.9375,0.911320583986985,"[""unseen_polygon"", ""interval_not_coverage_certified""]",empirical_oof_not_certified,0.95,source_mixture_affine
AOI-0051,2021-07-28,0.1989346751657704,0.2323113223545384,0.5687540024796913,0.0,2.0,1.0,0.04116294619374172,,0.9375,0.5687540024796913,"[""unseen_polygon"", ""interval_not_coverage_certified""]",empirical_oof_not_certified,0.95,source_mixture_affine
AOI-0051,2021-08-23,0.9229763511033223,0.059600520650079696,0.017423128246597804,0.0,5.0,19.0,0.020050177289302973,,0.75,0.9229763511033223,"[""unseen_polygon"", ""interval_not_coverage_certified""]",empirical_oof_not_certified,0.95,source_mixture_affine
AOI-0051,2021-08-28,0.6964820261439929,0.29638723689476415,0.007130736961243009,0.0,10.0,14.0,0.02211582220488878,,0.6000000000000001,0.6964820261439929,"[""unseen_polygon"", ""interval_not_coverage_certified""]",empirical_oof_not_certified,0.95,source_mixture_affine
AOI-0051,2021-08-29,0.11661426850078599,0.33450879590480925,0.5488769355944049,0.0,11.0,13.0,0.004996107269139294,,0.5769230769230769,0.5488769355944049,"[""unseen_polygon"", ""interval_not_coverage_certified""]",empirical_oof_not_certified,0.95,source_mixture_affine
AOI-0051,2021-09-03,0.11648912932532492,0.8775113328886802,0.005999537785994915,0.0,16.0,8.0,0.0072705740959658205,,0.6521739130434783,0.8775113328886802,"[""unseen_polygon"", ""interval_not_coverage_certified""]",empirical_oof_not_certified,0.95,source_mixture_affine
AOI-0051,2021-09-07,0.795898509674634,0.20345793517595634,0.0006435551494095598,0.0,20.0,4.0,0.034789573159152376,,0.7894736842105263,0.795898509674634,"[""unseen_polygon"", ""interval_not_coverage_certified""]",empirical_oof_not_certified,0.95,source_mixture_affine
AOI-0051,2021-10-02,0.9508950966303584,0.047740379366386886,0.0013645240032546789,0.0,2.0,4.0,0.0602083569851844,,0.8823529411764706,0.9508950966303584,"[""unseen_polygon"", ""interval_not_coverage_certified""]",empirical_oof_not_certified,0.95,source_mixture_affine
AOI-0051,2021-10-21,0.309066752670251,0.687700862793729,0.0032323845360199073,0.0,5.0,1.0,0.0061831088621265295,,0.9375,0.687700862793729,"[""unseen_polygon"", ""interval_not_coverage_certified""]",empirical_oof_not_certified,0.95,source_mixture_affine
AOI-0051,2022-05-09,0.1099765774068647,0.24874462320957463,0.6412787993835607,0.0,14.0,1.0,0.09501539534037279,,0.9375,0.6412787993835607,"[""unseen_polygon"", ""interval_not_coverage_certified""]",empirical_oof_not_certified,0.95,source_mixture_affine
AOI-0051,2022-05-26,0.05946801627181198,0.9379684927064126,0.0025634910217753348,0.0,1.0,4.0,0.044275310200358076,,0.9375,0.9379684927064126,"[""unseen_polygon"", ""interval_not_coverage_certified""]",empirical_oof_not_certified,0.95,source_mixture_affine
AOI-0051,2022-05-27,0.45668646317913114,0.5350434811364585,0.00827005568441043,0.0,2.0,3.0,0.01712897711788791,,0.8823529411764706,0.5350434811364585,"[""unseen_polygon"", ""interval_not_coverage_certified""]",empirical_oof_not_certified,0.95,source_mixture_affine
AOI-0051,2022-06-11,0.6637001495330729,0.3362998504669271,0.0,0.0,1.0,7.0,0.02645110617938473,,0.9375,0.6637001495330729,"[""unseen_polygon"", ""interval_not_coverage_certified""]",empirical_oof_not_certified,0.95,source_mixture_affine
AOI-0051,2022-06-19,0.8388510395409038,0.1611489604590966,0.0,0.0,1.0,7.0,0.024219233207271373,,0.9375,0.8388510395409038,"[""unseen_polygon"", ""interval_not_coverage_certified""]",empirical_oof_not_certified,0.95,source_mixture_affine
AOI-0051,2022-06-30,0.04461325616837725,0.9548231730471322,0.0005635707844905319,0.0,1.0,4.0,0.013741041292690881,,0.9375,0.9548231730471322,"[""unseen_polygon"", ""interval_not_coverage_certified""]",empirical_oof_not_certified,0.95,source_mixture_affine
AOI-0051,2022-07-09,0.9553817238636765,0.03632656050765135,0.008291715628672149,0.0,4.0,4.0,0.011244795835356758,,0.7894736842105263,0.9553817238636765,"[""unseen_polygon"", ""interval_not_coverage_certified""]",empirical_oof_not_certified,0.95,source_mixture_affine
AOI-0051,2022-07-12,0.243306519620393,0.46402078262371643,0.29267269775589017,0.0,7.0,1.0,0.030720153551577756,,0.9375,0.46402078262371643,"[""unseen_polygon"", ""interval_not_coverage_certified""]",empirical_oof_not_certified,0.95,source_mixture_affine
AOI-0051,2022-07-22,0.18212657498440646,0.8145664408250798,0.003306984190514308,0.0,1.0,6.0,0.022150817395764577,,0.9375,0.8145664408250798,"[""unseen_polygon"", ""interval_not_coverage_certified""]",empirical_oof_not_certified,0.95,source_mixture_affine
AOI-0051,2022-07-24,0.7703864398515432,0.22961356014845655,0.0,0.0,3.0,4.0,0.006480268002302225,,0.8333333333333334,0.7703864398515432,"[""unseen_polygon"", ""interval_not_coverage_certified""]",empirical_oof_not_certified,0.95,source_mixture_affine
AOI-0051,2022-07-29,0.7733854540043731,0.22310611597171706,0.0035084300239092304,0.0,1.0,5.0,0.0016011468538209561,,0.9375,0.7733854540043731,"[""unseen_polygon"", ""interval_not_coverage_certified""]",empirical_oof_not_certified,0.95,source_mixture_affine
AOI-0051,2022-08-13,0.4840379098038992,0.1147970988343136,0.401164991361787,0.0,5.0,1.0,0.018779834880636836,,0.9375,0.4840379098038992,"[""unseen_polygon"", ""interval_not_coverage_certified""]",empirical_oof_not_certified,0.95,source_mixture_affine
AOI-0051,2022-08-28,0.9739893781944382,0.026010621805561893,0.0,0.0,3.0,1.0,0.027524027758824066,,0.9375,0.9739893781944382,"[""unseen_polygon"", ""interval_not_coverage_certified""]",empirical_oof_not_certified,0.95,source_mixture_affine
AOI-0051,2022-09-06,0.08055255211298289,0.904447447887017,0.015,0.0,4.0,1.0,0.03978368231366966,,0.9375,0.904447447887017,"[""unseen_polygon"", ""interval_not_coverage_certified""]",empirical_oof_not_certified,0.95,source_mixture_affine
AOI-0051,2022-09-14,0.29688901339527235,0.10964408448693913,0.5934669021177883,0.0,7.0,1.0,0.0017766093142935757,,0.9375,0.5934669021177883,"[""unseen_polygon"", ""interval_not_coverage_certified""]",empirical_oof_not_certified,0.95,source_mixture_affine
AOI-0051,2022-10-07,0.9764186040157347,0.02358139598426506,0.0,0.0,6.0,1.0,0.03994626169154675,,0.9375,0.9764186040157347,"[""unseen_polygon"", ""interval_not_coverage_certified""]",empirical_oof_not_certified,0.95,source_mixture_affine
AOI-0051,2022-10-15,0.4663186209466214,0.5205575773616673,0.01312380169171133,0.0,3.0,2.0,0.02422334505530091,,0.8823529411764706,0.5205575773616673,"[""unseen_polygon"", ""interval_not_coverage_certified""]",empirical_oof_not_certified,0.95,source_mixture_affine
AOI-0051,2023-04-23,0.09272336576746477,0.09722579343201027,0.8100508408005248,0.0,16.0,3.0,0.017111775814671493,,0.8333333333333334,0.8100508408005248,"[""unseen_polygon"", ""interval_not_coverage_certified""]",empirical_oof_not_certified,0.95,source_mixture_affine
AOI-0051,2023-07-31,0.523503099891939,0.47252173530658936,0.003975164801471716,0.0,2.0,1.0,0.0313584333980991,,0.9375,0.523503099891939,"[""unseen_polygon"", ""interval_not_coverage_certified""]",empirical_oof_not_certified,0.95,source_mixture_affine
AOI-0051,2023-08-28,0.7874711667137302,0.21175227815359626,0.0007765551326735506,0.0,3.0,1.0,0.04358697000882791,,0.9375,0.7874711667137302,"[""unseen_polygon"", ""interval_not_coverage_certified""]",empirical_oof_not_certified,0.95,source_mixture_affine
AOI-0051,2023-09-09,0.4787214828012585,0.5131027940122995,0.00817572318644199,0.0,2.0,3.0,0.006837762479444953,,0.8823529411764706,0.5131027940122995,"[""unseen_polygon"", ""interval_not_coverage_certified""]",empirical_oof_not_certified,0.95,source_mixture_affine
AOI-0051,2023-09-27,0.8310978655445025,0.16658641394193477,0.0023157205135627104,0.0,1.0,2.0,0.02742327548342649,,0.9375,0.8310978655445025,"[""unseen_polygon"", ""interval_not_coverage_certified""]",empirical_oof_not_certified,0.95,source_mixture_affine
AOI-0051,2023-10-04,0.6571791389655615,0.34240416804145224,0.0004166929929866684,0.0,2.0,3.0,0.017891871067432036,,0.8823529411764706,0.6571791389655615,"[""unseen_polygon"", ""interval_not_coverage_certified""]",empirical_oof_not_certified,0.95,source_mixture_affine
AOI-0051,2024-04-05,0.0729530437164033,0.9184665487872081,0.008580407496388564,0.0,1.0,1.0,0.011648938166159417,,0.9375,0.9184665487872081,"[""unseen_polygon"", ""interval_not_coverage_certified""]",empirical_oof_not_certified,0.95,source_mixture_affine
AOI-0051,2024-05-04,0.925303647508409,0.07469635249159072,0.0,0.0,6.0,2.0,0.01654968559376449,,0.8823529411764706,0.925303647508409,"[""unseen_polygon"", ""interval_not_coverage_certified""]",empirical_oof_not_certified,0.95,source_mixture_affine
AOI-0051,2024-05-22,0.32667070464530407,0.6687905597687336,0.004538735585962248,0.0,14.0,1.0,0.02803934532482738,,0.9375,0.6687905597687336,"[""unseen_polygon"", ""interval_not_coverage_certified""]",empirical_oof_not_certified,0.95,source_mixture_affine
AOI-0051,2024-06-03,0.8204122093032901,0.17549529782372936,0.004092492872980678,0.0,4.0,4.0,0.03586373855865976,,0.7894736842105263,0.8204122093032901,"[""unseen_polygon"", ""interval_not_coverage_certified""]",empirical_oof_not_certified,0.95,source_mixture_affine
AOI-0051,2024-06-23,0.842032330783523,0.15387517634349637,0.004092492872980678,0.0,5.0,1.0,0.006918668075765244,,0.9375,0.842032330783523,"[""unseen_polygon"", ""interval_not_coverage_certified""]",empirical_oof_not_certified,0.95,source_mixture_affine
AOI-0051,2024-07-28,0.704280746501088,0.2916267606259312,0.004092492872980678,0.0,1.0,6.0,0.04306086414176069,,0.9375,0.704280746501088,"[""unseen_polygon"", ""interval_not_coverage_certified""]",empirical_oof_not_certified,0.95,source_mixture_affine
AOI-0051,2024-08-27,0.9263080915363853,0.07369190846361486,0.0,0.0,1.0,1.0,0.04928399967528396,,0.9375,0.9263080915363853,"[""unseen_polygon"", ""interval_not_coverage_certified""]",empirical_oof_not_certified,0.95,source_mixture_affine
AOI-0051,2024-09-03,0.41967828074452207,0.580321719255478,0.0,0.0,2.0,3.0,0.030064001672176904,,0.8823529411764706,0.580321719255478,"[""unseen_polygon"", ""interval_not_coverage_certified""]",empirical_oof_not_certified,0.95,source_mixture_affine
AOI-0051,2024-10-01,0.83321646934672,0.16678353065327986,0.0,0.0,2.0,10.0,0.015265040566810162,,0.8823529411764706,0.83321646934672,"[""unseen_polygon"", ""interval_not_coverage_certified""]",empirical_oof_not_certified,0.95,source_mixture_affine
AOI-0051,2024-10-05,0.4803021022780978,0.5140385072175694,0.005659390504332803,0.0,6.0,6.0,0.005784823851633869,,0.7142857142857143,0.5140385072175694,"[""unseen_polygon"", ""interval_not_coverage_certified""]",empirical_oof_not_certified,0.95,source_mixture_affine
AOI-0051,2024-10-06,0.908030548513642,0.09150895770377794,0.00046049378257992303,0.0,7.0,5.0,0.015661614039963856,,0.75,0.908030548513642,"[""unseen_polygon"", ""interval_not_coverage_certified""]",empirical_oof_not_certified,0.95,source_mixture_affine
AOI-0051,2024-10-15,0.2044122194733884,0.1881998725210635,0.6073879080055482,0.0,4.0,11.0,0.0505992202129355,,0.7894736842105263,0.6073879080055482,"[""unseen_polygon"", ""interval_not_coverage_certified""]",empirical_oof_not_certified,0.95,source_mixture_affine
AOI-0051,2025-05-09,0.1134224600860202,0.01830272526246636,0.8682748146515132,0.0,5.0,5.0,0.022050698837810856,,0.75,0.8682748146515132,"[""unseen_polygon"", ""interval_not_coverage_certified""]",empirical_oof_not_certified,0.95,source_mixture_affine
AOI-0051,2025-06-10,0.35584331409665926,0.0459991816212474,0.5981575042820934,0.0,2.0,1.0,0.02339434504977156,,0.9375,0.5981575042820934,"[""unseen_polygon"", ""interval_not_coverage_certified""]",empirical_oof_not_certified,0.95,source_mixture_affine
AOI-0051,2025-06-27,0.5830909033713014,0.401933461042139,0.0149756355865596,0.0,1.0,7.0,0.03743211061821983,,0.9375,0.5830909033713014,"[""unseen_polygon"", ""interval_not_coverage_certified""]",empirical_oof_not_certified,0.95,source_mixture_affine
AOI-0051,2025-07-05,0.5547263422725457,0.43029802214089474,0.0149756355865596,0.0,1.0,3.0,0.0018649019586361448,,0.9375,0.5547263422725457,"[""unseen_polygon"", ""interval_not_coverage_certified""]",empirical_oof_not_certified,0.95,source_mixture_affine
AOI-0051,2025-07-10,0.8746007167696419,0.11177933413464712,0.013619949095710827,0.0,2.0,2.0,0.002932715534045699,,0.8823529411764706,0.8746007167696419,"[""unseen_polygon"", ""interval_not_coverage_certified""]",empirical_oof_not_certified,0.95,source_mixture_affine
AOI-0051,2025-08-05,0.3862996894718716,0.6031918526085097,0.010508457919618712,0.0,6.0,1.0,0.010167418175588125,,0.9375,0.6031918526085097,"[""unseen_polygon"", ""interval_not_coverage_certified""]",empirical_oof_not_certified,0.95,source_mixture_affine
AOI-0051,2025-08-12,0.9067043224644818,0.07967572843980736,0.013619949095710827,0.0,5.0,1.0,0.002162833132893352,,0.9375,0.9067043224644818,"[""unseen_polygon"", ""interval_not_coverage_certified""]",empirical_oof_not_certified,0.95,source_mixture_affine
AOI-0051,2025-09-15,0.6679199229362476,0.3171044414771931,0.0149756355865596,0.0,1.0,6.0,0.011578529804569804,,0.9375,0.6679199229362476,"[""unseen_polygon"", ""interval_not_coverage_certified""]",empirical_oof_not_certified,0.95,source_mixture_affine
AOI-0051,2025-09-16,0.7532222074361445,0.2296654048405437,0.017112387723311737,0.0,2.0,5.0,0.012858715568473122,,0.8823529411764706,0.7532222074361445,"[""unseen_polygon"", ""interval_not_coverage_certified""]",empirical_oof_not_certified,0.95,source_mixture_affine
AOI-0052,2025-04-19,0.7634698483794976,0.22097668763606854,0.015553463984433557,0.0,3.0,4.0,0.028439688518991896,,0.8333333333333334,0.7634698483794976,"[""interval_not_coverage_certified""]",empirical_oof_not_certified,0.95,source_mixture_affine
AOI-0052,2025-06-08,0.8790668517155147,0.10822695020586139,0.012706198078623766,0.0,5.0,2.0,0.04856680895343582,,0.8823529411764706,0.8790668517155147,"[""interval_not_coverage_certified""]",empirical_oof_not_certified,0.95,source_mixture_affine
AOI-0052,2025-06-11,0.07959071114961797,0.920409288850382,0.0,0.0,1.0,2.0,0.05476379684622626,,0.9375,0.920409288850382,"[""interval_not_coverage_certified""]",empirical_oof_not_certified,0.95,source_mixture_affine
AOI-0052,2025-07-05,0.4842489862416145,0.5007753781718259,0.0149756355865596,0.0,1.0,3.0,0.025666756935610824,,0.9375,0.5007753781718259,"[""interval_not_coverage_certified""]",empirical_oof_not_certified,0.95,source_mixture_affine
AOI-0052,2025-07-18,0.8930696012047429,0.09331044969954644,0.013619949095710827,0.0,5.0,3.0,0.030290509609868538,,0.8333333333333334,0.8930696012047429,"[""interval_not_coverage_certified""]",empirical_oof_not_certified,0.95,source_mixture_affine
AOI-0052,2025-08-22,0.8244003906764056,0.16062397373703505,0.0149756355865596,0.0,1.0,7.0,0.011669810188322804,,0.9375,0.8244003906764056,"[""interval_not_coverage_certified""]",empirical_oof_not_certified,0.95,source_mixture_affine
AOI-0052,2025-08-27,0.8840155821495876,0.10236446875470132,0.013619949095710827,0.0,6.0,2.0,0.011813721981407843,,0.8823529411764706,0.8840155821495876,"[""interval_not_coverage_certified""]",empirical_oof_not_certified,0.95,source_mixture_affine
AOI-0052,2025-09-06,0.7307101281268656,0.26381378810558676,0.005476083767547764,0.0,5.0,1.0,0.0027969038468520224,,0.9375,0.7307101281268656,"[""interval_not_coverage_certified""]",empirical_oof_not_certified,0.95,source_mixture_affine
AOI-0052,2025-09-14,0.057670279054524896,0.22727764917036972,0.7150520717751054,0.0,3.0,1.0,0.020748416350401006,,0.9375,0.7150520717751054,"[""interval_not_coverage_certified""]",empirical_oof_not_certified,0.95,source_mixture_affine
AOI-0052,2025-10-17,0.06108697660517727,0.9201739675586809,0.018739055836142066,0.0,1.0,11.0,0.025015585786085565,,0.9375,0.9201739675586809,"[""interval_not_coverage_certified""]",empirical_oof_not_certified,0.95,source_mixture_affine
AOI-0053,2025-04-11,0.9351820875099501,0.061220814114407086,0.003597098375642821,0.0,4.0,13.0,0.09560351493847247,,0.7894736842105263,0.9351820875099501,"[""interval_not_coverage_certified""]",empirical_oof_not_certified,0.95,source_mixture_affine
AOI-0053,2025-04-14,0.8898895612225044,0.09380714232322906,0.016303296454266585,0.0,7.0,10.0,0.07222706825282327,,0.6818181818181818,0.8898895612225044,"[""interval_not_coverage_certified""]",empirical_oof_not_certified,0.95,source_mixture_affine
AOI-0053,2025-04-16,0.6185910335129404,0.3599391004681396,0.02146986601891994,0.0,9.0,8.0,0.07636555505794146,,0.6521739130434783,0.6185910335129404,"[""interval_not_coverage_certified""]",empirical_oof_not_certified,0.95,source_mixture_affine
AOI-0053,2025-04-19,0.7094933912307853,0.27050240994244285,0.020004198826771718,0.0,12.0,5.0,0.07517713532799913,,0.75,0.7094933912307853,"[""interval_not_coverage_certified""]",empirical_oof_not_certified,0.95,source_mixture_affine
AOI-0053,2025-04-23,0.12071682050108702,0.1901799458327796,0.6891032336661332,0.0,16.0,1.0,0.05597878677583662,,0.9375,0.6891032336661332,"[""interval_not_coverage_certified""]",empirical_oof_not_certified,0.95,source_mixture_affine
AOI-0053,2025-06-26,0.03654073662039123,0.04286346916849173,0.9205957942111169,0.0,7.0,1.0,0.01957987700064462,,0.9375,0.9205957942111169,"[""interval_not_coverage_certified""]",empirical_oof_not_certified,0.95,source_mixture_affine
AOI-0053,2025-07-28,0.3857184984012795,0.06578320030148578,0.5484983012972343,0.0,5.0,1.0,0.01079873729732525,,0.9375,0.5484983012972343,"[""interval_not_coverage_certified""]",empirical_oof_not_certified,0.95,source_mixture_affine
AOI-0053,2025-08-02,0.9049353436260854,0.08068692133105788,0.014377735042856556,0.0,3.0,3.0,0.0139127775928833,,0.8333333333333334,0.9049353436260854,"[""interval_not_coverage_certified""]",empirical_oof_not_certified,0.95,source_mixture_affine
AOI-0053,2025-08-09,0.8319870674723262,0.1530372969411144,0.0149756355865596,0.0,2.0,4.0,0.010689354082805969,,0.8823529411764706,0.8319870674723262,"[""interval_not_coverage_certified""]",empirical_oof_not_certified,0.95,source_mixture_affine
AOI-0053,2025-08-12,0.9175147084758544,0.06886534242843491,0.013619949095710827,0.0,5.0,1.0,0.0058542975322267155,,0.9375,0.9175147084758544,"[""interval_not_coverage_certified""]",empirical_oof_not_certified,0.95,source_mixture_affine
AOI-0053,2025-08-29,0.5841390466771721,0.13058845257932464,0.2852725007435033,0.0,2.0,1.0,0.009628757869746346,,0.9375,0.5841390466771721,"[""interval_not_coverage_certified""]",empirical_oof_not_certified,0.95,source_mixture_affine
AOI-0053,2025-09-01,0.6498129335819327,0.3136043720436451,0.036582694374422124,0.0,2.0,5.0,0.012749164208669991,,0.8823529411764706,0.6498129335819327,"[""interval_not_coverage_certified""]",empirical_oof_not_certified,0.95,source_mixture_affine
AOI-0053,2025-09-07,0.09549312137427936,0.8723005417100622,0.03220633691565856,0.0,1.0,1.0,0.02315833296507956,,0.9375,0.8723005417100622,"[""interval_not_coverage_certified""]",empirical_oof_not_certified,0.95,source_mixture_affine
AOI-0053,2025-09-11,0.845310073385197,0.09606473415366011,0.058625192461143144,0.0,3.0,5.0,0.015622444469543167,,0.8333333333333334,0.845310073385197,"[""interval_not_coverage_certified""]",empirical_oof_not_certified,0.95,source_mixture_affine
AOI-0053,2025-09-14,0.040006752748389475,0.2247620912309309,0.7352311560206796,0.0,6.0,2.0,0.03745350692181823,,0.8823529411764706,0.7352311560206796,"[""interval_not_coverage_certified""]",empirical_oof_not_certified,0.95,source_mixture_affine
AOI-0053,2025-09-15,0.35155255122969137,0.6204989735980334,0.027948475172275517,0.0,7.0,1.0,0.019537565396963358,,0.9375,0.6204989735980334,"[""interval_not_coverage_certified""]",empirical_oof_not_certified,0.95,source_mixture_affine
AOI-0053,2025-09-21,0.9100714991825728,0.07556947484698079,0.014359025970446433,0.0,5.0,1.0,0.007985663259226838,,0.9375,0.9100714991825728,"[""interval_not_coverage_certified""]",empirical_oof_not_certified,0.95,source_mixture_affine
AOI-0053,2025-09-26,0.7140623443562398,0.26986536700240704,0.01607228864135286,0.0,3.0,4.0,0.027070895691021973,,0.8333333333333334,0.7140623443562398,"[""interval_not_coverage_certified""]",empirical_oof_not_certified,0.95,source_mixture_affine
AOI-0053,2025-10-28,0.9433946271154048,0.041148047912991405,0.015457324971603504,0.0,11.0,,0.015275482889782213,one_neighbor_plus_seasonal_prior,0.28846153846153844,0.9433946271154048,"[""one_sided_or_no_context"", ""interval_not_coverage_certified""]",empirical_oof_not_certified,0.95,source_mixture_affine
AOI-0054,2025-04-11,0.959146853743845,0.038589271642453966,0.002263874613700907,0.0,4.0,3.0,0.07601473026250094,,0.8333333333333334,0.959146853743845,"[""unseen_polygon"", ""interval_not_coverage_certified""]",empirical_oof_not_certified,0.95,source_mixture_affine
AOI-0054,2025-04-19,0.7633984084285348,0.22104812758703143,0.015553463984433557,0.0,3.0,4.0,0.014596238999538214,,0.8333333333333334,0.7633984084285348,"[""unseen_polygon"", ""interval_not_coverage_certified""]",empirical_oof_not_certified,0.95,source_mixture_affine
AOI-0054,2025-05-04,0.628838368123726,0.35618599628971453,0.0149756355865596,0.0,3.0,5.0,0.025280238362577756,,0.8333333333333334,0.628838368123726,"[""unseen_polygon"", ""interval_not_coverage_certified""]",empirical_oof_not_certified,0.95,source_mixture_affine
AOI-0054,2025-06-03,0.7844358620800562,0.20058850233338407,0.0149756355865596,0.0,1.0,5.0,0.017551556932571932,,0.9375,0.7844358620800562,"[""unseen_polygon"", ""interval_not_coverage_certified""]",empirical_oof_not_certified,0.95,source_mixture_affine
AOI-0054,2025-07-28,0.4663103596594143,0.05460355117154782,0.47908608916903783,0.0,5.0,1.0,0.07370855654823905,,0.9375,0.47908608916903783,"[""unseen_polygon"", ""interval_not_coverage_certified""]",empirical_oof_not_certified,0.95,source_mixture_affine
AOI-0054,2025-08-12,0.9177629564199488,0.0686170944843404,0.013619949095710827,0.0,3.0,1.0,7.242813733365772e-05,,0.9375,0.9177629564199488,"[""unseen_polygon"", ""interval_not_coverage_certified""]",empirical_oof_not_certified,0.95,source_mixture_affine
AOI-0054,2025-09-21,0.9060984546903444,0.08028159621394479,0.013619949095710827,0.0,5.0,1.0,0.008468628014376645,,0.9375,0.9060984546903444,"[""unseen_polygon"", ""interval_not_coverage_certified""]",empirical_oof_not_certified,0.95,source_mixture_affine
AOI-0054,2025-09-30,0.0192975620203912,0.2558243626345184,0.7248780753450906,0.0,4.0,8.0,0.05595686771453273,,0.7894736842105263,0.7248780753450906,"[""unseen_polygon"", ""interval_not_coverage_certified""]",empirical_oof_not_certified,0.95,source_mixture_affine
AOI-0054,2025-10-16,0.4296919488662482,0.07847174471033369,0.4918363064234179,0.0,8.0,1.0,0.03760211340999359,,0.9375,0.4918363064234179,"[""unseen_polygon"", ""interval_not_coverage_certified""]",empirical_oof_not_certified,0.95,source_mixture_affine
AOI-0055,2025-04-01,0.7358866178583915,0.24416261194688574,0.01995077019472271,0.0,,6.0,0.021040583121556822,one_neighbor_plus_seasonal_prior,0.35714285714285715,0.7358866178583915,"[""one_sided_or_no_context"", ""interval_not_coverage_certified""]",empirical_oof_not_certified,0.95,source_mixture_affine
AOI-0055,2025-04-11,0.8840016019105716,0.11599839808942795,0.0,0.0,4.0,3.0,0.04108993619768672,,0.8333333333333334,0.8840016019105716,"[""interval_not_coverage_certified""]",empirical_oof_not_certified,0.95,source_mixture_affine
AOI-0055,2025-05-09,0.11229771410608244,0.01102467941063933,0.8766776064832783,0.0,5.0,5.0,0.05482847807319147,,0.75,0.8766776064832783,"[""interval_not_coverage_certified""]",empirical_oof_not_certified,0.95,source_mixture_affine
AOI-0055,2025-07-04,0.08661482737406499,0.912932040886086,0.00045313173984915694,0.0,7.0,6.0,0.013679581454144218,,0.7142857142857143,0.912932040886086,"[""interval_not_coverage_certified""]",empirical_oof_not_certified,0.95,source_mixture_affine
AOI-0055,2025-07-05,0.6168686511146559,0.3681557132987844,0.0149756355865596,0.0,8.0,5.0,0.008609338667135924,,0.75,0.6168686511146559,"[""interval_not_coverage_certified""]",empirical_oof_not_certified,0.95,source_mixture_affine
AOI-0055,2025-07-08,0.44931923773018306,0.5338405719436629,0.016840190326154147,0.0,11.0,2.0,0.013506051374926054,,0.8823529411764706,0.5338405719436629,"[""interval_not_coverage_certified""]",empirical_oof_not_certified,0.95,source_mixture_affine
AOI-0055,2025-07-23,0.7568882507667654,0.2281361136466754,0.0149756355865596,0.0,2.0,5.0,0.01836731377909029,,0.8823529411764706,0.7568882507667654,"[""interval_not_coverage_certified""]",empirical_oof_not_certified,0.95,source_mixture_affine
AOI-0055,2025-08-17,0.6994690512341429,0.2855553131792976,0.0149756355865596,0.0,4.0,2.0,0.0013543998621856068,,0.8823529411764706,0.6994690512341429,"[""interval_not_coverage_certified""]",empirical_oof_not_certified,0.95,source_mixture_affine
AOI-0055,2025-09-14,0.058471249091256575,0.22985984720182132,0.711668903706922,0.0,3.0,1.0,0.010381492069234388,,0.9375,0.711668903706922,"[""interval_not_coverage_certified""]",empirical_oof_not_certified,0.95,source_mixture_affine
AOI-0055,2025-09-22,0.10934007943316751,0.8828148469427533,0.007845073624079175,0.0,1.0,1.0,0.006512732173664104,,0.9375,0.8828148469427533,"[""interval_not_coverage_certified""]",empirical_oof_not_certified,0.95,source_mixture_affine
AOI-0056,2025-04-23,0.14439986205652727,0.14821538908750365,0.7073847488559691,0.0,4.0,1.0,0.03512242914140373,,0.9375,0.7073847488559691,"[""interval_not_coverage_certified""]",empirical_oof_not_certified,0.95,source_mixture_affine
AOI-0056,2025-05-24,0.9012128058704412,0.08608099605093514,0.012706198078623766,0.0,5.0,1.0,0.000662915540906639,,0.9375,0.9012128058704412,"[""interval_not_coverage_certified""]",empirical_oof_not_certified,0.95,source_mixture_affine
AOI-0056,2025-06-10,0.2943768970367257,0.05163232020959778,0.6539907827536764,0.0,2.0,1.0,0.004541423954965651,,0.9375,0.6539907827536764,"[""interval_not_coverage_certified""]",empirical_oof_not_certified,0.95,source_mixture_affine
AOI-0056,2025-06-19,0.045980625198747245,0.9483869688330188,0.005632405968233952,0.0,6.0,7.0,0.010160462814834376,,0.7142857142857143,0.9483869688330188,"[""interval_not_coverage_certified""]",empirical_oof_not_certified,0.95,source_mixture_affine
AOI-0056,2025-07-18,0.8943580727669989,0.09202197813729042,0.013619949095710827,0.0,5.0,3.0,0.011761288077410975,,0.8333333333333334,0.8943580727669989,"[""interval_not_coverage_certified""]",empirical_oof_not_certified,0.95,source_mixture_affine
AOI-0056,2025-07-23,0.7566549227170926,0.22836944169634826,0.0149756355865596,0.0,2.0,5.0,0.015467113209962247,,0.8823529411764706,0.7566549227170926,"[""interval_not_coverage_certified""]",empirical_oof_not_certified,0.95,source_mixture_affine
AOI-0056,2025-08-09,0.8355905677795994,0.14943379663384124,0.0149756355865596,0.0,2.0,4.0,0.014518834687869658,,0.8823529411764706,0.8355905677795994,"[""interval_not_coverage_certified""]",empirical_oof_not_certified,0.95,source_mixture_affine
AOI-0056,2025-09-06,0.8235534068124071,0.17502341205583444,0.0014231811317586462,0.0,5.0,1.0,0.0007738429254274259,,0.9375,0.8235534068124071,"[""interval_not_coverage_certified""]",empirical_oof_not_certified,0.95,source_mixture_affine
AOI-0056,2025-09-08,0.622214150465184,0.36219909265601735,0.015586756878798928,0.0,1.0,3.0,0.016126076017577096,,0.9375,0.622214150465184,"[""interval_not_coverage_certified""]",empirical_oof_not_certified,0.95,source_mixture_affine
AOI-0056,2025-10-16,0.3695703102918539,0.11596901893600091,0.514460670772145,0.0,8.0,1.0,0.005124581867953157,,0.9375,0.514460670772145,"[""interval_not_coverage_certified""]",empirical_oof_not_certified,0.95,source_mixture_affine
AOI-0057,2025-05-04,0.6928575779756275,0.29443622394574887,0.012706198078623766,0.0,3.0,10.0,0.007983273158634563,,0.8333333333333334,0.6928575779756275,"[""unseen_polygon"", ""interval_not_coverage_certified""]",empirical_oof_not_certified,0.95,source_mixture_affine
AOI-0057,2025-05-09,0.11043035559743102,0.005684695434290965,0.8838849489682776,0.0,8.0,5.0,0.04249222068973235,,0.75,0.8838849489682776,"[""unseen_polygon"", ""interval_not_coverage_certified""]",empirical_oof_not_certified,0.95,source_mixture_affine
AOI-0057,2025-05-19,0.7925222196816497,0.2047234111569037,0.002754369161446337,0.0,2.0,6.0,0.0241336407387982,,0.8823529411764706,0.7925222196816497,"[""unseen_polygon"", ""interval_not_coverage_certified""]",empirical_oof_not_certified,0.95,source_mixture_affine
AOI-0057,2025-06-26,0.008630377567419745,0.016918305881880404,0.9744513165506997,0.0,7.0,8.0,0.018435818253222186,,0.6818181818181818,0.9744513165506997,"[""unseen_polygon"", ""interval_not_coverage_certified""]",empirical_oof_not_certified,0.95,source_mixture_affine
AOI-0057,2025-06-27,0.585788435322866,0.3992359290905743,0.0149756355865596,0.0,8.0,7.0,0.02180191735061285,,0.6818181818181818,0.585788435322866,"[""unseen_polygon"", ""interval_not_coverage_certified""]",empirical_oof_not_certified,0.95,source_mixture_affine
AOI-0057,2025-07-10,0.9002312588427189,0.08614879206157029,0.013619949095710827,0.0,2.0,2.0,0.010540892072897073,,0.8823529411764706,0.9002312588427189,"[""unseen_polygon"", ""interval_not_coverage_certified""]",empirical_oof_not_certified,0.95,source_mixture_affine
AOI-0057,2025-07-13,0.8111180212648728,0.17390634314856765,0.0149756355865596,0.0,1.0,8.0,0.029543886662536406,,0.9375,0.8111180212648728,"[""unseen_polygon"", ""interval_not_coverage_certified""]",empirical_oof_not_certified,0.95,source_mixture_affine
AOI-0057,2025-07-18,0.9024149964069506,0.08396505449733876,0.013619949095710827,0.0,6.0,3.0,0.030089402629228684,,0.8333333333333334,0.9024149964069506,"[""unseen_polygon"", ""interval_not_coverage_certified""]",empirical_oof_not_certified,0.95,source_mixture_affine
AOI-0057,2025-08-05,0.40302934623388764,0.5864621958464934,0.010508457919618712,0.0,3.0,1.0,0.002459482371885313,,0.9375,0.5864621958464934,"[""unseen_polygon"", ""interval_not_coverage_certified""]",empirical_oof_not_certified,0.95,source_mixture_affine
AOI-0057,2025-08-27,0.9031506665890865,0.08322938431520269,0.013619949095710827,0.0,5.0,2.0,0.005271361890955117,,0.8823529411764706,0.9031506665890865,"[""unseen_polygon"", ""interval_not_coverage_certified""]",empirical_oof_not_certified,0.95,source_mixture_affine
AOI-0057,2025-09-01,0.7109284928855852,0.274095871527855,0.0149756355865596,0.0,2.0,5.0,0.01273552624283604,,0.8823529411764706,0.7109284928855852,"[""unseen_polygon"", ""interval_not_coverage_certified""]",empirical_oof_not_certified,0.95,source_mixture_affine
AOI-0057,2025-09-21,0.9022092422445178,0.08417080865977157,0.013619949095710827,0.0,6.0,1.0,0.015903532498410117,,0.9375,0.9022092422445178,"[""unseen_polygon"", ""interval_not_coverage_certified""]",empirical_oof_not_certified,0.95,source_mixture_affine
AOI-0058,2010-04-23,0.015919681536734814,0.32686088251472056,0.6572194359485449,0.0,8.0,7.0,0.022927746434371787,,0.6818181818181818,0.6572194359485449,"[""unseen_polygon"", ""interval_not_coverage_certified""]",empirical_oof_not_certified,0.95,source_mixture_affine
AOI-0058,2010-08-13,0.037908850299743696,0.27259018925490913,0.6895009604453471,0.0,8.0,15.0,0.016472057979119797,,0.6521739130434783,0.6895009604453471,"[""unseen_polygon"", ""interval_not_coverage_certified""]",empirical_oof_not_certified,0.95,source_mixture_affine
AOI-0058,2010-08-29,0.01671878471538712,0.5342632172207771,0.44901799806383563,0.0,1.0,8.0,0.0318605596063202,,0.9375,0.5342632172207771,"[""unseen_polygon"", ""interval_not_coverage_certified""]",empirical_oof_not_certified,0.95,source_mixture_affine
AOI-0058,2010-09-05,0.02712627524444029,0.956436380719258,0.016437344036301708,0.0,8.0,1.0,0.01741591850652016,,0.9375,0.956436380719258,"[""unseen_polygon"", ""interval_not_coverage_certified""]",empirical_oof_not_certified,0.95,source_mixture_affine
AOI-0058,2011-04-02,0.015084448302827456,0.9849155516971725,0.0,0.0,160.0,5.0,0.012786993237346944,,0.75,0.9849155516971725,"[""unseen_polygon"", ""interval_not_coverage_certified""]",empirical_oof_not_certified,0.95,source_mixture_affine
AOI-0058,2011-04-26,0.0007808622207989752,0.9992191377792011,0.0,0.0,3.0,13.0,0.07163421848819507,,0.8333333333333334,0.9992191377792011,"[""unseen_polygon"", ""interval_not_coverage_certified""]",empirical_oof_not_certified,0.95,source_mixture_affine
AOI-0058,2011-06-12,0.012416829159940747,0.9825831708400592,0.005,0.0,2.0,1.0,0.020753593152336713,,0.9375,0.9825831708400592,"[""unseen_polygon"", ""interval_not_coverage_certified""]",empirical_oof_not_certified,0.95,source_mixture_affine
AOI-0058,2011-07-15,0.0,1.0,0.0,0.0,3.0,13.0,0.061798150606222846,,0.8333333333333334,1.0,"[""unseen_polygon"", ""interval_not_coverage_certified""]",empirical_oof_not_certified,0.95,source_mixture_affine
AOI-0058,2011-08-29,0.04614479917589916,0.13731239428774322,0.8165428065363578,0.0,16.0,2.0,0.027952742511551443,,0.8823529411764706,0.8165428065363578,"[""unseen_polygon"", ""interval_not_coverage_certified""]",empirical_oof_not_certified,0.95,source_mixture_affine
AOI-0058,2011-09-01,0.09849286042432526,0.8872989790235712,0.014208160552103282,0.0,1.0,13.0,0.03111700991819147,,0.9375,0.8872989790235712,"[""unseen_polygon"", ""interval_not_coverage_certified""]",empirical_oof_not_certified,0.95,source_mixture_affine
AOI-0058,2011-10-02,0.06430345419926417,0.9211500256823699,0.014546520118365935,0.0,2.0,14.0,0.09083414570745602,,0.8823529411764706,0.9211500256823699,"[""unseen_polygon"", ""interval_not_coverage_certified""]",empirical_oof_not_certified,0.95,source_mixture_affine
AOI-0058,2011-10-27,0.0015536575640825842,0.9944169084022243,0.004029434033692978,0.0,11.0,160.0,0.03239440820865419,,0.5769230769230769,0.9944169084022243,"[""unseen_polygon"", ""interval_not_coverage_certified""]",empirical_oof_not_certified,0.95,source_mixture_affine
AOI-0058,2012-04-22,0.03364178228076847,0.2936450795078016,0.6727131382114301,0.0,16.0,5.0,0.00622854914545895,,0.75,0.6727131382114301,"[""unseen_polygon"", ""interval_not_coverage_certified""]",empirical_oof_not_certified,0.95,source_mixture_affine
AOI-0058,2012-06-09,0.0282816169825314,0.3318750427523876,0.639843340265081,0.0,16.0,5.0,6.049866006352378e-05,,0.75,0.639843340265081,"[""unseen_polygon"", ""interval_not_coverage_certified""]",empirical_oof_not_certified,0.95,source_mixture_affine
AOI-0058,2012-06-23,0.0021049386161736583,0.9978950613838263,0.0,0.0,9.0,2.0,0.011511452531416722,,0.8823529411764706,0.9978950613838263,"[""unseen_polygon"", ""interval_not_coverage_certified""]",empirical_oof_not_certified,0.95,source_mixture_affine
AOI-0058,2012-07-11,0.04780021093341316,0.10511076252978395,0.8470890265368033,0.0,2.0,5.0,0.014118558782891144,,0.8823529411764706,0.8470890265368033,"[""unseen_polygon"", ""interval_not_coverage_certified""]",empirical_oof_not_certified,0.95,source_mixture_affine
AOI-0058,2012-08-12,0.017838708611418896,0.4080412589318113,0.5741200324567699,0.0,16.0,14.0,0.00264149353011206,,0.5172413793103449,0.5741200324567699,"[""unseen_polygon"", ""interval_not_coverage_certified""]",empirical_oof_not_certified,0.95,source_mixture_affine
AOI-0058,2012-09-11,0.0,1.0,0.0,0.0,14.0,2.0,0.021253018122008693,,0.8823529411764706,1.0,"[""unseen_polygon"", ""interval_not_coverage_certified""]",empirical_oof_not_certified,0.95,source_mixture_affine
AOI-0058,2013-04-07,0.05864376162547062,0.2890935026364519,0.6522627357380775,0.0,169.0,1.0,0.030100707434900453,,0.9375,0.6522627357380775,"[""unseen_polygon"", ""interval_not_coverage_certified""]",empirical_oof_not_certified,0.95,source_mixture_affine
AOI-0058,2013-04-23,0.038045033595259896,0.18102976939701032,0.78092519700773,0.0,8.0,7.0,0.032205860151399146,,0.6818181818181818,0.78092519700773,"[""unseen_polygon"", ""interval_not_coverage_certified""]",empirical_oof_not_certified,0.95,source_mixture_affine
AOI-0058,2013-05-09,0.013111653163105147,0.5556182384173316,0.431270108419563,0.0,8.0,16.0,0.016549562459043654,,0.6521739130434783,0.5556182384173316,"[""unseen_polygon"", ""interval_not_coverage_certified""]",empirical_oof_not_certified,0.95,source_mixture_affine
AOI-0058,2013-06-09,0.00028381629424131436,0.9944025278700036,0.0053136558357551236,0.0,15.0,8.0,0.004212988667397999,,0.6521739130434783,0.9944025278700036,"[""unseen_polygon"", ""interval_not_coverage_certified""]",empirical_oof_not_certified,0.95,source_mixture_affine
AOI-0058,2013-06-10,0.03073257542085051,0.3672569532654017,0.6020104713137477,0.0,16.0,7.0,0.016528819771771064,,0.6818181818181818,0.6020104713137477,"[""unseen_polygon"", ""interval_not_coverage_certified""]",empirical_oof_not_certified,0.95,source_mixture_affine
AOI-0058,2013-07-11,0.006666221317271781,0.9841436898028948,0.009190088879833452,0.0,7.0,1.0,0.01774125415000305,,0.9375,0.9841436898028948,"[""unseen_polygon"", ""interval_not_coverage_certified""]",empirical_oof_not_certified,0.95,source_mixture_affine
AOI-0058,2013-07-19,0.006083739822735299,0.9847261712974312,0.009190088879833452,0.0,7.0,1.0,0.004429818410898789,,0.9375,0.9847261712974312,"[""unseen_polygon"", ""interval_not_coverage_certified""]",empirical_oof_not_certified,0.95,source_mixture_affine
AOI-0058,2013-08-28,0.07019457901099742,0.919233370477456,0.01057205051154656,0.0,7.0,1.0,0.02393935683235146,,0.9375,0.919233370477456,"[""unseen_polygon"", ""interval_not_coverage_certified""]",empirical_oof_not_certified,0.95,source_mixture_affine
AOI-0058,2013-10-16,0.010766696091349632,0.5887192112523156,0.40051409265633436,0.0,8.0,173.0,0.04700546659790311,,0.6521739130434783,0.5887192112523156,"[""unseen_polygon"", ""interval_not_coverage_certified""]",empirical_oof_not_certified,0.95,source_mixture_affine
AOI-0058,2013-10-24,0.023570184645103732,0.9480552369876449,0.02837457836725128,0.0,16.0,165.0,0.05072182191516922,,0.48387096774193555,0.9480552369876449,"[""unseen_polygon"", ""interval_not_coverage_certified""]",empirical_oof_not_certified,0.95,source_mixture_affine
AOI-0058,2014-04-25,0.0020847368653139726,0.997915263134686,0.0,0.0,2.0,9.0,0.01219320732825474,,0.8823529411764706,0.997915263134686,"[""unseen_polygon"", ""interval_not_coverage_certified""]",empirical_oof_not_certified,0.95,source_mixture_affine
AOI-0058,2014-06-05,0.0005167324797574887,0.9994832675202425,0.0,0.0,11.0,21.0,0.050424733783993425,,0.5769230769230769,0.9994832675202425,"[""unseen_polygon"", ""interval_not_coverage_certified""]",empirical_oof_not_certified,0.95,source_mixture_affine
AOI-0058,2014-06-10,0.05546649698648545,0.24929165970761713,0.6952418433058978,0.0,16.0,16.0,0.023958422190536843,,0.48387096774193555,0.6952418433058978,"[""unseen_polygon"", ""interval_not_coverage_certified""]",empirical_oof_not_certified,0.95,source_mixture_affine
AOI-0058,2014-09-14,0.06178518123924832,0.24587647735807203,0.6923383414026797,0.0,14.0,2.0,0.0189194595311806,,0.8823529411764706,0.6923383414026797,"[""unseen_polygon"", ""interval_not_coverage_certified""]",empirical_oof_not_certified,0.95,source_mixture_affine
AOI-0058,2015-04-28,0.0036623691420820115,0.9963376308579178,0.0,0.0,5.0,24.0,0.10074628619736947,,0.75,0.9963376308579178,"[""unseen_polygon"", ""interval_not_coverage_certified""]",empirical_oof_not_certified,0.95,source_mixture_affine
AOI-0058,2015-05-09,0.049142575103414285,0.2371738981296901,0.7136835267668958,0.0,16.0,13.0,0.015600094167700918,,0.5357142857142857,0.7136835267668958,"[""unseen_polygon"", ""interval_not_coverage_certified""]",empirical_oof_not_certified,0.95,source_mixture_affine
AOI-0058,2015-09-03,0.0011643989943403653,0.9988356010056597,0.0,0.0,5.0,1.0,0.010118953715517826,,0.9375,0.9988356010056597,"[""unseen_polygon"", ""interval_not_coverage_certified""]",empirical_oof_not_certified,0.95,source_mixture_affine
AOI-0058,2015-09-27,0.011879263117050877,0.9837153021003405,0.004405434782608696,0.0,7.0,1.0,0.00039253194994426366,,0.9375,0.9837153021003405,"[""unseen_polygon"", ""interval_not_coverage_certified""]",empirical_oof_not_certified,0.95,source_mixture_affine
AOI-0058,2016-04-06,0.059004493728447,0.2791685073162554,0.6618269989552976,0.0,159.0,1.0,0.056634635997517946,,0.9375,0.6618269989552976,"[""unseen_polygon"", ""interval_not_coverage_certified""]",empirical_oof_not_certified,0.95,source_mixture_affine
AOI-0058,2016-04-30,0.08248859067827573,0.8960347737983997,0.021476635523324353,0.0,7.0,8.0,0.007799652822796765,,0.6818181818181818,0.8960347737983997,"[""unseen_polygon"", ""interval_not_coverage_certified""]",empirical_oof_not_certified,0.95,source_mixture_affine
AOI-0058,2016-06-09,0.059521234769392216,0.28341293556727537,0.6570658296633325,0.0,15.0,1.0,0.01130484204070914,,0.9375,0.6570658296633325,"[""unseen_polygon"", ""interval_not_coverage_certified""]",empirical_oof_not_certified,0.95,source_mixture_affine
AOI-0058,2016-07-27,0.010152271536678185,0.6213336323272399,0.3685140961360817,0.0,7.0,16.0,0.008954489916462194,,0.6818181818181818,0.6213336323272399,"[""unseen_polygon"", ""interval_not_coverage_certified""]",empirical_oof_not_certified,0.95,source_mixture_affine
AOI-0058,2016-07-28,0.00028381629424131436,0.9997161837057587,0.0,0.0,8.0,15.0,0.02041361113369078,,0.6521739130434783,0.9997161837057587,"[""unseen_polygon"", ""interval_not_coverage_certified""]",empirical_oof_not_certified,0.95,source_mixture_affine
AOI-0058,2016-08-13,0.0009789822508933714,0.9963896499191829,0.0026313678299237867,0.0,1.0,7.0,0.0072092203919317255,,0.9375,0.9963896499191829,"[""unseen_polygon"", ""interval_not_coverage_certified""]",empirical_oof_not_certified,0.95,source_mixture_affine
AOI-0058,2017-04-25,0.05173718661919498,0.9482628133808049,0.0,0.0,2.0,1.0,0.0174172085421489,,0.9375,0.9482628133808049,"[""unseen_polygon"", ""interval_not_coverage_certified""]",empirical_oof_not_certified,0.95,source_mixture_affine
AOI-0058,2017-07-15,0.2884720611188091,0.7103869498797184,0.001140989001472244,0.0,1.0,8.0,0.007423413277036717,,0.9375,0.7103869498797184,"[""unseen_polygon"", ""interval_not_coverage_certified""]",empirical_oof_not_certified,0.95,source_mixture_affine
AOI-0058,2017-09-13,0.9555483016997528,0.04445169830024688,0.0,0.0,5.0,1.0,0.050168750698852155,,0.9375,0.9555483016997528,"[""unseen_polygon"", ""interval_not_coverage_certified""]",empirical_oof_not_certified,0.95,source_mixture_affine
AOI-0058,2017-09-16,0.4013676453985953,0.5935162007984609,0.0051161538029439605,0.0,2.0,1.0,0.034497569154189306,,0.9375,0.5935162007984609,"[""unseen_polygon"", ""interval_not_coverage_certified""]",empirical_oof_not_certified,0.95,source_mixture_affine
AOI-0058,2018-05-15,0.027044643547552556,0.9729553564524476,0.0,0.0,4.0,10.0,0.011449656267183028,,0.7894736842105263,0.9729553564524476,"[""unseen_polygon"", ""interval_not_coverage_certified""]",empirical_oof_not_certified,0.95,source_mixture_affine
AOI-0058,2018-07-26,0.026857107961774093,0.973142892038226,0.0,0.0,8.0,2.0,0.00788502461969054,,0.8823529411764706,0.973142892038226,"[""unseen_polygon"", ""interval_not_coverage_certified""]",empirical_oof_not_certified,0.95,source_mixture_affine
AOI-0058,2018-08-02,0.2837814547853278,0.7007077779758238,0.01551076723884821,0.0,5.0,8.0,0.06762115698364729,,0.75,0.7007077779758238,"[""unseen_polygon"", ""interval_not_coverage_certified""]",empirical_oof_not_certified,0.95,source_mixture_affine
AOI-0058,2019-04-23,0.6174392336702843,0.13824393725308237,0.24431682907663338,0.0,2.0,1.0,0.012512854905863457,,0.9375,0.6174392336702843,"[""unseen_polygon"", ""interval_not_coverage_certified""]",empirical_oof_not_certified,0.95,source_mixture_affine
AOI-0058,2019-05-25,0.2944965176973395,0.0833238384805945,0.6221796438220659,0.0,4.0,6.0,0.01217195783648961,,0.7894736842105263,0.6221796438220659,"[""unseen_polygon"", ""interval_not_coverage_certified""]",empirical_oof_not_certified,0.95,source_mixture_affine
AOI-0058,2019-06-25,0.9541309068630979,0.0458690931369022,0.0,0.0,5.0,1.0,0.01861933272815977,,0.9375,0.9541309068630979,"[""unseen_polygon"", ""interval_not_coverage_certified""]",empirical_oof_not_certified,0.95,source_mixture_affine
AOI-0058,2019-06-27,0.7121036734369801,0.28789632656301967,0.0,0.0,1.0,3.0,0.0071663399256368665,,0.9375,0.7121036734369801,"[""unseen_polygon"", ""interval_not_coverage_certified""]",empirical_oof_not_certified,0.95,source_mixture_affine
AOI-0058,2019-07-04,0.2545654365203245,0.7364593986782038,0.008975164801471716,0.0,4.0,1.0,0.027693101084299995,,0.9375,0.7364593986782038,"[""unseen_polygon"", ""interval_not_coverage_certified""]",empirical_oof_not_certified,0.95,source_mixture_affine
AOI-0058,2019-08-30,0.027648932000583284,0.9723510679994167,0.0,0.0,1.0,4.0,0.02928728723628407,,0.9375,0.9723510679994167,"[""unseen_polygon"", ""interval_not_coverage_certified""]",empirical_oof_not_certified,0.95,source_mixture_affine
AOI-0058,2019-09-28,0.8350222992915761,0.15317638117208204,0.011801319536341608,0.0,5.0,11.0,0.019792612652527478,,0.75,0.8350222992915761,"[""unseen_polygon"", ""interval_not_coverage_certified""]",empirical_oof_not_certified,0.95,source_mixture_affine
AOI-0058,2019-09-30,0.22348546596862293,0.13743498512283808,0.6390795489085389,0.0,7.0,9.0,0.051870026660917265,,0.6818181818181818,0.6390795489085389,"[""unseen_polygon"", ""interval_not_coverage_certified""]",empirical_oof_not_certified,0.95,source_mixture_affine
AOI-0058,2020-04-17,0.7328126308317944,0.2671873691682058,0.0,0.0,7.0,5.0,0.025181169295395878,,0.75,0.7328126308317944,"[""unseen_polygon"", ""interval_not_coverage_certified""]",empirical_oof_not_certified,0.95,source_mixture_affine
AOI-0058,2020-05-04,0.261140683938251,0.7388593160617486,0.0,0.0,4.0,4.0,0.0010820128608505786,,0.7894736842105263,0.7388593160617486,"[""unseen_polygon"", ""interval_not_coverage_certified""]",empirical_oof_not_certified,0.95,source_mixture_affine
AOI-0058,2020-06-05,0.0634057742247362,0.936594225775264,0.0,0.0,1.0,4.0,0.0034350399473170867,,0.9375,0.936594225775264,"[""unseen_polygon"", ""interval_not_coverage_certified""]",empirical_oof_not_certified,0.95,source_mixture_affine
AOI-0058,2020-06-29,0.8652224406205633,0.1347775593794367,0.0,0.0,1.0,5.0,0.007886840714503629,,0.9375,0.8652224406205633,"[""unseen_polygon"", ""interval_not_coverage_certified""]",empirical_oof_not_certified,0.95,source_mixture_affine
AOI-0058,2020-07-06,0.8498087540099152,0.1497307522075048,0.00046049378257992303,0.0,2.0,1.0,0.02389276350323455,,0.9375,0.8498087540099152,"[""unseen_polygon"", ""interval_not_coverage_certified""]",empirical_oof_not_certified,0.95,source_mixture_affine
AOI-0058,2020-07-22,0.6305953292070852,0.3694046707929148,0.0,0.0,3.0,2.0,0.006555638021572829,,0.8823529411764706,0.6305953292070852,"[""unseen_polygon"", ""interval_not_coverage_certified""]",empirical_oof_not_certified,0.95,source_mixture_affine
AOI-0058,2020-07-30,0.10809693168195586,0.8910547652703358,0.0008483030477082194,0.0,1.0,1.0,0.022661214313223377,,0.9375,0.8910547652703358,"[""unseen_polygon"", ""interval_not_coverage_certified""]",empirical_oof_not_certified,0.95,source_mixture_affine
AOI-0058,2020-08-07,0.1084976770096705,0.8765023229903295,0.015,0.0,4.0,1.0,0.016017513808774086,,0.9375,0.8765023229903295,"[""unseen_polygon"", ""interval_not_coverage_certified""]",empirical_oof_not_certified,0.95,source_mixture_affine
AOI-0058,2020-08-12,0.3159340931415358,0.0913287843986394,0.5927371224598249,0.0,4.0,1.0,0.03876243958770281,,0.9375,0.5927371224598249,"[""unseen_polygon"", ""interval_not_coverage_certified""]",empirical_oof_not_certified,0.95,source_mixture_affine
AOI-0058,2020-08-23,0.7555787088299316,0.15400332239873424,0.09041796877133411,0.0,5.0,1.0,0.0018232265874160991,,0.9375,0.7555787088299316,"[""unseen_polygon"", ""interval_not_coverage_certified""]",empirical_oof_not_certified,0.95,source_mixture_affine
AOI-0058,2020-08-28,0.2481163384793895,0.0554346355848087,0.6964490259358014,0.0,4.0,3.0,0.008141267513281092,,0.8333333333333334,0.6964490259358014,"[""unseen_polygon"", ""interval_not_coverage_certified""]",empirical_oof_not_certified,0.95,source_mixture_affine
AOI-0058,2020-09-24,0.7337400040759091,0.2653828091485237,0.0008771867755665915,0.0,2.0,1.0,0.013943842650412652,,0.9375,0.7337400040759091,"[""unseen_polygon"", ""interval_not_coverage_certified""]",empirical_oof_not_certified,0.95,source_mixture_affine
AOI-0058,2020-10-27,0.803700292511716,0.1869603037332023,0.00933940375508143,0.0,1.0,162.0,0.15890611632364,,0.9375,0.803700292511716,"[""unseen_polygon"", ""interval_not_coverage_certified""]",empirical_oof_not_certified,0.95,source_mixture_affine
AOI-0058,2021-04-15,0.7801763734771987,0.21815773665561744,0.0016658898671842437,0.0,8.0,6.0,0.13013065834168813,,0.7142857142857143,0.7801763734771987,"[""unseen_polygon"", ""interval_not_coverage_certified""]",empirical_oof_not_certified,0.95,source_mixture_affine
AOI-0058,2021-05-09,0.15195362232468257,0.09218270302052668,0.7558636746547911,0.0,2.0,5.0,0.009322872886084799,,0.8823529411764706,0.7558636746547911,"[""unseen_polygon"", ""interval_not_coverage_certified""]",empirical_oof_not_certified,0.95,source_mixture_affine
AOI-0058,2021-05-31,0.06032479643345024,0.9396752035665495,0.0,0.0,6.0,9.0,0.012312872216342639,,0.7142857142857143,0.9396752035665495,"[""unseen_polygon"", ""interval_not_coverage_certified""]",empirical_oof_not_certified,0.95,source_mixture_affine
AOI-0058,2021-07-09,0.9046626655905112,0.09487684062690867,0.00046049378257992303,0.0,7.0,1.0,0.0021515512801210113,,0.9375,0.9046626655905112,"[""unseen_polygon"", ""interval_not_coverage_certified""]",empirical_oof_not_certified,0.95,source_mixture_affine
AOI-0058,2021-07-14,0.9460430574471854,0.053956942552814614,0.0,0.0,2.0,3.0,0.020539292628055983,,0.8823529411764706,0.9460430574471854,"[""unseen_polygon"", ""interval_not_coverage_certified""]",empirical_oof_not_certified,0.95,source_mixture_affine
AOI-0058,2021-07-25,0.09674487486946902,0.9032551251305311,0.0,0.0,1.0,1.0,0.001785377552544265,,0.9375,0.9032551251305311,"[""unseen_polygon"", ""interval_not_coverage_certified""]",empirical_oof_not_certified,0.95,source_mixture_affine
AOI-0058,2021-08-13,0.278838609268344,0.09520955815044126,0.625951832581215,0.0,5.0,5.0,0.08035944881597464,,0.75,0.625951832581215,"[""unseen_polygon"", ""interval_not_coverage_certified""]",empirical_oof_not_certified,0.95,source_mixture_affine
AOI-0058,2021-08-28,0.7825863582287588,0.21663708663856743,0.0007765551326735506,0.0,2.0,1.0,0.04934204251352964,,0.9375,0.7825863582287588,"[""unseen_polygon"", ""interval_not_coverage_certified""]",empirical_oof_not_certified,0.95,source_mixture_affine
AOI-0058,2021-09-27,0.8967060154885418,0.10329398451145799,0.0,0.0,7.0,1.0,0.0392018697255031,,0.9375,0.8967060154885418,"[""unseen_polygon"", ""interval_not_coverage_certified""]",empirical_oof_not_certified,0.95,source_mixture_affine
AOI-0058,2022-06-10,0.14686109483033902,0.3431283348658307,0.5100105703038303,0.0,1.0,1.0,0.006084630612940012,,0.9375,0.5100105703038303,"[""unseen_polygon"", ""interval_not_coverage_certified""]",empirical_oof_not_certified,0.95,source_mixture_affine
AOI-0058,2022-06-18,0.29028349075700033,0.7041519336939726,0.005564575549027153,0.0,7.0,1.0,0.01066103680806152,,0.9375,0.7041519336939726,"[""unseen_polygon"", ""interval_not_coverage_certified""]",empirical_oof_not_certified,0.95,source_mixture_affine
AOI-0058,2022-07-04,0.932761745911734,0.058927879349430834,0.00831037473883496,0.0,4.0,1.0,0.032235123552453254,,0.9375,0.932761745911734,"[""unseen_polygon"", ""interval_not_coverage_certified""]",empirical_oof_not_certified,0.95,source_mixture_affine
AOI-0058,2022-07-12,0.2696041191012887,0.49496525822485177,0.23543062267385953,0.0,3.0,2.0,0.043378875099758324,,0.8823529411764706,0.49496525822485177,"[""unseen_polygon"", ""interval_not_coverage_certified""]",empirical_oof_not_certified,0.95,source_mixture_affine
AOI-0058,2022-07-17,0.3950526406083158,0.5942204780986758,0.010726881293008245,0.0,3.0,2.0,0.02716538067908636,,0.8823529411764706,0.5942204780986758,"[""unseen_polygon"", ""interval_not_coverage_certified""]",empirical_oof_not_certified,0.95,source_mixture_affine
AOI-0058,2022-07-29,0.7950050158215504,0.2029950639411645,0.001999920237284803,0.0,1.0,5.0,0.012464250461542578,,0.9375,0.7950050158215504,"[""unseen_polygon"", ""interval_not_coverage_certified""]",empirical_oof_not_certified,0.95,source_mixture_affine
AOI-0058,2022-09-14,0.2878381099999695,0.08672299142530529,0.6254388985747252,0.0,7.0,3.0,0.02197424278278559,,0.8333333333333334,0.6254388985747252,"[""unseen_polygon"", ""interval_not_coverage_certified""]",empirical_oof_not_certified,0.95,source_mixture_affine
AOI-0058,2023-05-09,0.16257441806734835,0.16513457302029963,0.6722910089123522,0.0,4.0,3.0,0.06236641462392373,,0.8333333333333334,0.6722910089123522,"[""unseen_polygon"", ""interval_not_coverage_certified""]",empirical_oof_not_certified,0.95,source_mixture_affine
AOI-0058,2023-05-20,0.8096120728665309,0.1839870758298625,0.006400851303606461,0.0,5.0,5.0,0.029383516089383166,,0.75,0.8096120728665309,"[""unseen_polygon"", ""interval_not_coverage_certified""]",empirical_oof_not_certified,0.95,source_mixture_affine
AOI-0058,2023-06-28,0.48791505548135894,0.5095933608924077,0.002491583626233332,0.0,2.0,1.0,0.001987160168947344,,0.9375,0.5095933608924077,"[""unseen_polygon"", ""interval_not_coverage_certified""]",empirical_oof_not_certified,0.95,source_mixture_affine
AOI-0058,2023-08-17,0.25585031739079084,0.7430446868429093,0.0011049957662997462,0.0,1.0,1.0,0.025304316632337093,,0.9375,0.7430446868429093,"[""unseen_polygon"", ""interval_not_coverage_certified""]",empirical_oof_not_certified,0.95,source_mixture_affine
AOI-0058,2023-09-02,0.8073789832849421,0.18580057828920643,0.006820438425851205,0.0,1.0,5.0,0.021852834274460275,,0.9375,0.8073789832849421,"[""unseen_polygon"", ""interval_not_coverage_certified""]",empirical_oof_not_certified,0.95,source_mixture_affine
AOI-0058,2023-09-10,0.3039477465491782,0.6960522534508219,0.0,0.0,3.0,2.0,0.006571164878224511,,0.8823529411764706,0.6960522534508219,"[""unseen_polygon"", ""interval_not_coverage_certified""]",empirical_oof_not_certified,0.95,source_mixture_affine
AOI-0058,2023-09-27,0.8352613181238011,0.16242296136263623,0.0023157205135627104,0.0,1.0,2.0,0.01584316865231694,,0.9375,0.8352613181238011,"[""unseen_polygon"", ""interval_not_coverage_certified""]",empirical_oof_not_certified,0.95,source_mixture_affine
AOI-0058,2023-10-12,0.8600847352226656,0.13991526477733415,0.0,0.0,5.0,4.0,0.0284254706040592,,0.7894736842105263,0.8600847352226656,"[""unseen_polygon"", ""interval_not_coverage_certified""]",empirical_oof_not_certified,0.95,source_mixture_affine
AOI-0058,2024-04-09,0.9325749035973483,0.0664907886990918,0.0009343077035597701,0.0,3.0,4.0,0.029378090625536257,,0.8333333333333334,0.9325749035973483,"[""unseen_polygon"", ""interval_not_coverage_certified""]",empirical_oof_not_certified,0.95,source_mixture_affine
AOI-0058,2024-05-09,0.589174482592959,0.40886201890589463,0.0019634985011461824,0.0,1.0,13.0,0.01648113789845329,,0.9375,0.589174482592959,"[""unseen_polygon"", ""interval_not_coverage_certified""]",empirical_oof_not_certified,0.95,source_mixture_affine
AOI-0058,2024-06-03,0.8087532752421639,0.18715423188485528,0.004092492872980678,0.0,4.0,4.0,0.014166849853571306,,0.7894736842105263,0.8087532752421639,"[""unseen_polygon"", ""interval_not_coverage_certified""]",empirical_oof_not_certified,0.95,source_mixture_affine
AOI-0058,2024-06-23,0.8427932088916198,0.1531142982353997,0.004092492872980678,0.0,5.0,1.0,0.016671714993853448,,0.9375,0.8427932088916198,"[""unseen_polygon"", ""interval_not_coverage_certified""]",empirical_oof_not_certified,0.95,source_mixture_affine
AOI-0058,2024-06-28,0.918143617452843,0.0818563825471569,0.0,0.0,3.0,3.0,0.043703682366532826,,0.8333333333333334,0.918143617452843,"[""unseen_polygon"", ""interval_not_coverage_certified""]",empirical_oof_not_certified,0.95,source_mixture_affine
AOI-0058,2024-07-09,0.1413151816639423,0.8569442625917911,0.0017405557442666776,0.0,6.0,1.0,0.019211651484426356,,0.9375,0.8569442625917911,"[""unseen_polygon"", ""interval_not_coverage_certified""]",empirical_oof_not_certified,0.95,source_mixture_affine
AOI-0058,2024-07-26,0.31282253364744694,0.6803939510134662,0.006783515339086728,0.0,1.0,2.0,0.010727741557671144,,0.9375,0.6803939510134662,"[""unseen_polygon"", ""interval_not_coverage_certified""]",empirical_oof_not_certified,0.95,source_mixture_affine
AOI-0058,2024-07-27,0.22928051236463556,0.4800945246789174,0.29062496295644685,0.0,2.0,1.0,0.03133532047193349,,0.9375,0.4800945246789174,"[""unseen_polygon"", ""interval_not_coverage_certified""]",empirical_oof_not_certified,0.95,source_mixture_affine
AOI-0058,2024-08-18,0.06343873143486958,0.9365612685651307,0.0,0.0,1.0,1.0,0.011410539151104931,,0.9375,0.9365612685651307,"[""unseen_polygon"", ""interval_not_coverage_certified""]",empirical_oof_not_certified,0.95,source_mixture_affine
AOI-0058,2024-08-27,0.9020876378561613,0.08691910393554828,0.010993258208290467,0.0,1.0,5.0,0.018375470665955046,,0.9375,0.9020876378561613,"[""unseen_polygon"", ""interval_not_coverage_certified""]",empirical_oof_not_certified,0.95,source_mixture_affine
AOI-0058,2024-08-28,0.151953969215504,0.5438358364316881,0.30421019435280783,0.0,2.0,4.0,0.0201088632857703,,0.8823529411764706,0.5438358364316881,"[""unseen_polygon"", ""interval_not_coverage_certified""]",empirical_oof_not_certified,0.95,source_mixture_affine
AOI-0058,2024-09-21,0.8578202023219984,0.13657236153576688,0.0056074361422348605,0.0,1.0,5.0,0.01460454040594339,,0.9375,0.8578202023219984,"[""unseen_polygon"", ""interval_not_coverage_certified""]",empirical_oof_not_certified,0.95,source_mixture_affine
AOI-0058,2024-09-28,0.7709077599214865,0.2290922400785135,0.0,0.0,1.0,1.0,0.03971212678505304,,0.9375,0.7709077599214865,"[""unseen_polygon"", ""interval_not_coverage_certified""]",empirical_oof_not_certified,0.95,source_mixture_affine
AOI-0058,2024-10-01,0.8551532182090428,0.14484678179095745,0.0,0.0,2.0,4.0,0.03553082742187291,,0.8823529411764706,0.8551532182090428,"[""unseen_polygon"", ""interval_not_coverage_certified""]",empirical_oof_not_certified,0.95,source_mixture_affine
AOI-0058,2024-10-30,0.4043193872054966,0.5923094737988134,0.0033711389956900912,0.0,4.0,153.0,0.0002884171420381998,,0.7894736842105263,0.5923094737988134,"[""unseen_polygon"", ""interval_not_coverage_certified""]",empirical_oof_not_certified,0.95,source_mixture_affine
AOI-0058,2025-04-07,0.02943147527323084,0.03456872831890478,0.9359997964078641,0.0,6.0,4.0,0.09435677815490551,,0.7894736842105263,0.9359997964078641,"[""unseen_polygon"", ""interval_not_coverage_certified""]",empirical_oof_not_certified,0.95,source_mixture_affine
AOI-0058,2025-04-16,0.6402012645862064,0.34005307849524896,0.019745656918544362,0.0,2.0,3.0,0.027731902048074852,,0.8823529411764706,0.6402012645862064,"[""unseen_polygon"", ""interval_not_coverage_certified""]",empirical_oof_not_certified,0.95,source_mixture_affine
AOI-0058,2025-04-24,0.8321483887928178,0.15287597562062247,0.0149756355865596,0.0,1.0,5.0,0.015988815394705702,,0.9375,0.8321483887928178,"[""unseen_polygon"", ""interval_not_coverage_certified""]",empirical_oof_not_certified,0.95,source_mixture_affine
AOI-0058,2025-07-18,0.9046516123314459,0.08172843857284323,0.013619949095710827,0.0,5.0,3.0,0.017918894306048483,,0.8333333333333334,0.9046516123314459,"[""unseen_polygon"", ""interval_not_coverage_certified""]",empirical_oof_not_certified,0.95,source_mixture_affine
AOI-0058,2025-07-28,0.41075290479651955,0.0582440102621632,0.531003084941317,0.0,5.0,1.0,0.046838357988492174,,0.9375,0.531003084941317,"[""unseen_polygon"", ""interval_not_coverage_certified""]",empirical_oof_not_certified,0.95,source_mixture_affine
AOI-0058,2025-08-02,0.908979969545796,0.07664229541134737,0.014377735042856556,0.0,3.0,3.0,0.015351451126969035,,0.8333333333333334,0.908979969545796,"[""unseen_polygon"", ""interval_not_coverage_certified""]",empirical_oof_not_certified,0.95,source_mixture_affine
AOI-0058,2025-08-06,0.548621882194876,0.43426573008181213,0.017112387723311737,0.0,1.0,1.0,0.0066178174596561445,,0.9375,0.548621882194876,"[""unseen_polygon"", ""interval_not_coverage_certified""]",empirical_oof_not_certified,0.95,source_mixture_affine
AOI-0058,2025-08-09,0.8458613631430814,0.13916300127035897,0.0149756355865596,0.0,2.0,4.0,0.019580188031345952,,0.8823529411764706,0.8458613631430814,"[""unseen_polygon"", ""interval_not_coverage_certified""]",empirical_oof_not_certified,0.95,source_mixture_affine
AOI-0058,2025-08-12,0.9196535584018387,0.06672649250245027,0.013619949095710827,0.0,5.0,1.0,0.020849225033417323,,0.9375,0.9196535584018387,"[""unseen_polygon"", ""interval_not_coverage_certified""]",empirical_oof_not_certified,0.95,source_mixture_affine
AOI-0058,2025-08-14,0.6907202234082896,0.291313315720157,0.017966460871553493,0.0,1.0,3.0,0.0006259687075314685,,0.9375,0.6907202234082896,"[""unseen_polygon"", ""interval_not_coverage_certified""]",empirical_oof_not_certified,0.95,source_mixture_affine
AOI-0058,2025-09-14,0.06301212249053802,0.21009952860451048,0.7268883489049516,0.0,3.0,1.0,0.01350358070332569,,0.9375,0.7268883489049516,"[""unseen_polygon"", ""interval_not_coverage_certified""]",empirical_oof_not_certified,0.95,source_mixture_affine
AOI-0058,2025-09-22,0.08752917344575278,0.9046257529301678,0.007845073624079175,0.0,1.0,1.0,0.008621972451198834,,0.9375,0.9046257529301678,"[""unseen_polygon"", ""interval_not_coverage_certified""]",empirical_oof_not_certified,0.95,source_mixture_affine
AOI-0059,2010-06-26,0.05087941199041603,0.30154424653956297,0.6475763414700211,0.0,16.0,16.0,0.017437245629106868,,0.48387096774193555,0.6475763414700211,"[""unseen_polygon"", ""interval_not_coverage_certified""]",empirical_oof_not_certified,0.95,source_mixture_affine
AOI-0059,2010-07-19,0.0005676259309858534,0.9994323740690142,0.0,0.0,7.0,8.0,0.005226292764421658,,0.6818181818181818,0.9994323740690142,"[""unseen_polygon"", ""interval_not_coverage_certified""]",empirical_oof_not_certified,0.95,source_mixture_affine
AOI-0059,2010-08-28,0.011539566203285192,0.9822834488369387,0.006176984959776145,0.0,15.0,1.0,0.0016602001227636332,,0.9375,0.9822834488369387,"[""unseen_polygon"", ""interval_not_coverage_certified""]",empirical_oof_not_certified,0.95,source_mixture_affine
AOI-0059,2011-04-23,0.03890143967718793,0.12949611850339435,0.8316024418194181,0.0,16.0,3.0,0.023094130518164446,,0.8333333333333334,0.8316024418194181,"[""unseen_polygon"", ""interval_not_coverage_certified""]",empirical_oof_not_certified,0.95,source_mixture_affine
AOI-0059,2011-05-27,0.0005676259309858534,0.9994323740690142,0.0,0.0,2.0,8.0,0.030034701670790587,,0.8823529411764706,0.9994323740690142,"[""unseen_polygon"", ""interval_not_coverage_certified""]",empirical_oof_not_certified,0.95,source_mixture_affine
AOI-0059,2011-05-28,0.0,1.0,0.0,0.0,3.0,7.0,0.0373858350141677,,0.8333333333333334,1.0,"[""unseen_polygon"", ""interval_not_coverage_certified""]",empirical_oof_not_certified,0.95,source_mixture_affine
AOI-0059,2011-06-12,0.013777070904439968,0.9812229290955601,0.005,0.0,2.0,1.0,0.020793981307252962,,0.9375,0.9812229290955601,"[""unseen_polygon"", ""interval_not_coverage_certified""]",empirical_oof_not_certified,0.95,source_mixture_affine
AOI-0059,2011-06-26,0.04500013547984139,0.11405956618652063,0.8409402983336385,0.0,6.0,10.0,0.043257599807484004,,0.7142857142857143,0.8409402983336385,"[""unseen_polygon"", ""interval_not_coverage_certified""]",empirical_oof_not_certified,0.95,source_mixture_affine
AOI-0059,2011-07-07,0.0004836507233540006,0.999516349276646,0.0,0.0,1.0,5.0,0.05245622411610146,,0.9375,0.999516349276646,"[""unseen_polygon"", ""interval_not_coverage_certified""]",empirical_oof_not_certified,0.95,source_mixture_affine
AOI-0059,2011-07-28,0.05987239274107426,0.24321610215166067,0.6969115051072653,0.0,13.0,3.0,0.042924206460933256,,0.8333333333333334,0.6969115051072653,"[""unseen_polygon"", ""interval_not_coverage_certified""]",empirical_oof_not_certified,0.95,source_mixture_affine
AOI-0059,2011-08-08,0.0005864129718328426,0.9994135870281672,0.0,0.0,1.0,5.0,0.0008446594206847347,,0.9375,0.9994135870281672,"[""unseen_polygon"", ""interval_not_coverage_certified""]",empirical_oof_not_certified,0.95,source_mixture_affine
AOI-0059,2011-08-23,0.06373829303546803,0.9268666414127615,0.009395065551770413,0.0,7.0,6.0,0.016201180592965547,,0.7142857142857143,0.9268666414127615,"[""unseen_polygon"", ""interval_not_coverage_certified""]",empirical_oof_not_certified,0.95,source_mixture_affine
AOI-0059,2012-04-04,0.010959712175931223,0.9890402878240687,0.0,0.0,160.0,2.0,0.01262736655750829,,0.8823529411764706,0.9890402878240687,"[""unseen_polygon"", ""interval_not_coverage_certified""]",empirical_oof_not_certified,0.95,source_mixture_affine
AOI-0059,2012-08-12,0.017838708611418896,0.41149538836209504,0.570665903026486,0.0,16.0,16.0,0.057771413974528174,,0.48387096774193555,0.570665903026486,"[""unseen_polygon"", ""interval_not_coverage_certified""]",empirical_oof_not_certified,0.95,source_mixture_affine
AOI-0059,2012-08-26,0.0007135531926377719,0.9992864468073622,0.0,0.0,30.0,2.0,0.0856998238065429,,0.8823529411764706,0.9992864468073622,"[""unseen_polygon"", ""interval_not_coverage_certified""]",empirical_oof_not_certified,0.95,source_mixture_affine
AOI-0059,2012-09-11,0.0007135531926377719,0.9992864468073622,0.0,0.0,14.0,2.0,0.06210514414645496,,0.8823529411764706,0.9992864468073622,"[""unseen_polygon"", ""interval_not_coverage_certified""]",empirical_oof_not_certified,0.95,source_mixture_affine
AOI-0059,2012-10-13,0.0,1.0,0.0,0.0,14.0,2.0,0.06787617689318395,,0.8823529411764706,1.0,"[""unseen_polygon"", ""interval_not_coverage_certified""]",empirical_oof_not_certified,0.95,source_mixture_affine
AOI-0059,2013-05-09,0.009655063792821151,0.5425308828447705,0.4478140533624081,0.0,8.0,16.0,0.02215392901237223,,0.6521739130434783,0.5425308828447705,"[""unseen_polygon"", ""interval_not_coverage_certified""]",empirical_oof_not_certified,0.95,source_mixture_affine
AOI-0059,2013-06-18,0.16706705060203875,0.8137872260638508,0.019145723334110486,0.0,1.0,7.0,0.05113316233056156,,0.9375,0.8137872260638508,"[""unseen_polygon"", ""interval_not_coverage_certified""]",empirical_oof_not_certified,0.95,source_mixture_affine
AOI-0059,2013-07-20,0.0005864129718328426,0.9994135870281672,0.0,0.0,1.0,8.0,0.024627766181233468,,0.9375,0.9994135870281672,"[""unseen_polygon"", ""interval_not_coverage_certified""]",empirical_oof_not_certified,0.95,source_mixture_affine
AOI-0059,2013-08-13,0.05777694766968027,0.2604485035156238,0.6817745488146962,0.0,1.0,7.0,0.016271476057399537,,0.9375,0.6817745488146962,"[""unseen_polygon"", ""interval_not_coverage_certified""]",empirical_oof_not_certified,0.95,source_mixture_affine
AOI-0059,2013-08-21,0.0026338771604598726,0.9973661228395402,0.0,0.0,1.0,7.0,0.010818337342364232,,0.9375,0.9973661228395402,"[""unseen_polygon"", ""interval_not_coverage_certified""]",empirical_oof_not_certified,0.95,source_mixture_affine
AOI-0059,2013-10-16,0.012872179657809367,0.5561375168382942,0.4309903035038961,0.0,8.0,8.0,0.01362022959982745,,0.6521739130434783,0.5561375168382942,"[""unseen_polygon"", ""interval_not_coverage_certified""]",empirical_oof_not_certified,0.95,source_mixture_affine
AOI-0059,2014-05-09,0.03757815815028078,0.08336207188020704,0.8790597699695125,0.0,5.0,2.0,0.019367632814977886,,0.8823529411764706,0.8790597699695125,"[""unseen_polygon"", ""interval_not_coverage_certified""]",empirical_oof_not_certified,0.95,source_mixture_affine
AOI-0059,2014-10-27,0.002466529121213754,0.9935040368450931,0.004029434033692978,0.0,1.0,160.0,0.36390442081738517,,0.9375,0.9935040368450931,"[""unseen_polygon"", ""interval_not_coverage_certified""]",empirical_oof_not_certified,0.95,source_mixture_affine
AOI-0059,2015-04-13,0.009408209873243756,0.9879604222968323,0.0026313678299237867,0.0,1.0,10.0,0.03760918912402006,,0.9375,0.9879604222968323,"[""unseen_polygon"", ""interval_not_coverage_certified""]",empirical_oof_not_certified,0.95,source_mixture_affine
AOI-0059,2015-05-22,0.009878231916635779,0.9857163333007556,0.004405434782608696,0.0,13.0,1.0,0.041695224660164176,,0.9375,0.9857163333007556,"[""unseen_polygon"", ""interval_not_coverage_certified""]",empirical_oof_not_certified,0.95,source_mixture_affine
AOI-0059,2015-06-07,0.005073027472937547,0.9949269725270625,0.0,0.0,13.0,1.0,0.01986251879415346,,0.9375,0.9949269725270625,"[""unseen_polygon"", ""interval_not_coverage_certified""]",empirical_oof_not_certified,0.95,source_mixture_affine
AOI-0059,2015-08-02,0.0011643989943403653,0.9988356010056597,0.0,0.0,5.0,1.0,0.023369351192062182,,0.9375,0.9988356010056597,"[""unseen_polygon"", ""interval_not_coverage_certified""]",empirical_oof_not_certified,0.95,source_mixture_affine
AOI-0059,2015-08-10,0.0011643989943403653,0.9988356010056597,0.0,0.0,7.0,1.0,0.002211366088509359,,0.9375,0.9988356010056597,"[""unseen_polygon"", ""interval_not_coverage_certified""]",empirical_oof_not_certified,0.95,source_mixture_affine
AOI-0059,2015-08-29,0.036772905137359826,0.3432787120498337,0.6199483828128067,0.0,2.0,5.0,0.011115814451844508,,0.8823529411764706,0.6199483828128067,"[""unseen_polygon"", ""interval_not_coverage_certified""]",empirical_oof_not_certified,0.95,source_mixture_affine
AOI-0059,2015-09-27,0.0055662091214335714,0.977598352044912,0.01683543883365453,0.0,7.0,1.0,0.006618418578249963,,0.9375,0.977598352044912,"[""unseen_polygon"", ""interval_not_coverage_certified""]",empirical_oof_not_certified,0.95,source_mixture_affine
AOI-0059,2015-09-30,0.03703104275198899,0.21308313355058556,0.7498858236974257,0.0,2.0,5.0,0.010156175444921506,,0.8823529411764706,0.7498858236974257,"[""unseen_polygon"", ""interval_not_coverage_certified""]",empirical_oof_not_certified,0.95,source_mixture_affine
AOI-0059,2016-05-25,0.0005344813581350013,0.9994655186418651,0.0,0.0,1.0,15.0,0.026679880269244394,,0.9375,0.9994655186418651,"[""unseen_polygon"", ""interval_not_coverage_certified""]",empirical_oof_not_certified,0.95,source_mixture_affine
AOI-0059,2016-07-04,0.001120894329967844,0.9962477378401084,0.0026313678299237867,0.0,1.0,7.0,0.02203046721910673,,0.9375,0.9962477378401084,"[""unseen_polygon"", ""interval_not_coverage_certified""]",empirical_oof_not_certified,0.95,source_mixture_affine
AOI-0059,2016-09-14,0.002033765887099014,0.9953348662829772,0.0026313678299237867,0.0,1.0,15.0,0.059061618558701484,,0.9375,0.9953348662829772,"[""unseen_polygon"", ""interval_not_coverage_certified""]",empirical_oof_not_certified,0.95,source_mixture_affine
AOI-0059,2016-10-24,0.008814115882496306,0.9855864878712883,0.005599396246215431,0.0,9.0,165.0,0.08960457261867516,,0.625,0.9855864878712883,"[""unseen_polygon"", ""interval_not_coverage_certified""]",empirical_oof_not_certified,0.95,source_mixture_affine
AOI-0059,2017-04-02,0.08027220134783283,0.9197277986521674,0.0,0.0,169.0,5.0,0.051985977431023844,,0.75,0.9197277986521674,"[""unseen_polygon"", ""interval_not_coverage_certified""]",empirical_oof_not_certified,0.95,source_mixture_affine
AOI-0059,2017-05-06,0.7838896252993544,0.21414687619949924,0.0019634985011461824,0.0,2.0,3.0,0.030254391132118363,,0.8823529411764706,0.7838896252993544,"[""unseen_polygon"", ""interval_not_coverage_certified""]",empirical_oof_not_certified,0.95,source_mixture_affine
AOI-0059,2017-05-27,0.06352083721412621,0.9364791627858737,0.0,0.0,2.0,1.0,0.0277746747267133,,0.9375,0.9364791627858737,"[""unseen_polygon"", ""interval_not_coverage_certified""]",empirical_oof_not_certified,0.95,source_mixture_affine
AOI-0059,2017-06-04,0.0872152143627006,0.9077847856372991,0.005,0.0,7.0,1.0,0.012627205187934143,,0.9375,0.9077847856372991,"[""unseen_polygon"", ""interval_not_coverage_certified""]",empirical_oof_not_certified,0.95,source_mixture_affine
AOI-0059,2017-06-10,0.1738924110112469,0.1403017407745345,0.6858058482142186,0.0,5.0,2.0,0.02928138499165922,,0.8823529411764706,0.6858058482142186,"[""unseen_polygon"", ""interval_not_coverage_certified""]",empirical_oof_not_certified,0.95,source_mixture_affine
AOI-0059,2017-07-12,0.2652819271717043,0.09027839214968622,0.6444396806786095,0.0,6.0,2.0,0.02875479855621932,,0.8823529411764706,0.6444396806786095,"[""unseen_polygon"", ""interval_not_coverage_certified""]",empirical_oof_not_certified,0.95,source_mixture_affine
AOI-0059,2017-07-23,0.13834357044629,0.8232316496873595,0.03842477986635048,0.0,9.0,2.0,0.04847474093263959,,0.8823529411764706,0.8232316496873595,"[""unseen_polygon"", ""interval_not_coverage_certified""]",empirical_oof_not_certified,0.95,source_mixture_affine
AOI-0059,2017-07-28,0.16853756929405922,0.136930019304884,0.6945324114010566,0.0,3.0,2.0,0.051203031110795896,,0.8823529411764706,0.6945324114010566,"[""unseen_polygon"", ""interval_not_coverage_certified""]",empirical_oof_not_certified,0.95,source_mixture_affine
AOI-0059,2017-08-13,0.26992394748847404,0.11182796650303498,0.6182480860084909,0.0,4.0,1.0,0.04634185440226901,,0.9375,0.6182480860084909,"[""unseen_polygon"", ""interval_not_coverage_certified""]",empirical_oof_not_certified,0.95,source_mixture_affine
AOI-0059,2017-08-29,0.3738034071162714,0.10562338976051533,0.5205732031232132,0.0,5.0,3.0,0.00747344002948222,,0.8333333333333334,0.5205732031232132,"[""unseen_polygon"", ""interval_not_coverage_certified""]",empirical_oof_not_certified,0.95,source_mixture_affine
AOI-0059,2017-09-24,0.07691639161185015,0.9170896891113578,0.00599391927679204,0.0,6.0,1.0,0.0240782773937063,,0.9375,0.9170896891113578,"[""unseen_polygon"", ""interval_not_coverage_certified""]",empirical_oof_not_certified,0.95,source_mixture_affine
AOI-0059,2018-04-07,0.11514656692988134,0.4299764560153691,0.45487697705474955,0.0,2.0,4.0,0.02998557179054054,,0.8823529411764706,0.45487697705474955,"[""unseen_polygon"", ""interval_not_coverage_certified""]",empirical_oof_not_certified,0.95,source_mixture_affine
AOI-0059,2018-05-22,0.24837757695121332,0.7454454380890105,0.006176984959776145,0.0,7.0,3.0,0.05729547377875921,,0.8333333333333334,0.7454454380890105,"[""unseen_polygon"", ""interval_not_coverage_certified""]",empirical_oof_not_certified,0.95,source_mixture_affine
AOI-0059,2018-05-31,0.8023649266149397,0.1976350733850602,0.0,0.0,1.0,7.0,0.03326524237554457,,0.9375,0.8023649266149397,"[""unseen_polygon"", ""interval_not_coverage_certified""]",empirical_oof_not_certified,0.95,source_mixture_affine
AOI-0059,2018-07-09,0.047055146446250626,0.9529448535537496,0.0,0.0,7.0,1.0,0.014639665134880575,,0.9375,0.9529448535537496,"[""unseen_polygon"", ""interval_not_coverage_certified""]",empirical_oof_not_certified,0.95,source_mixture_affine
AOI-0059,2018-07-18,0.06890719166408264,0.9287799800086717,0.0023128283272459424,0.0,6.0,10.0,0.010930288599607929,,0.7142857142857143,0.9287799800086717,"[""unseen_polygon"", ""interval_not_coverage_certified""]",empirical_oof_not_certified,0.95,source_mixture_affine
AOI-0059,2018-07-26,0.031685388387631346,0.9683146116123686,0.0,0.0,14.0,2.0,0.04313528014094242,,0.8823529411764706,0.9683146116123686,"[""unseen_polygon"", ""interval_not_coverage_certified""]",empirical_oof_not_certified,0.95,source_mixture_affine
AOI-0059,2018-08-02,0.27890341591698287,0.7097410607077325,0.011355523375284298,0.0,5.0,16.0,0.06750152753256022,,0.75,0.7097410607077325,"[""unseen_polygon"", ""interval_not_coverage_certified""]",empirical_oof_not_certified,0.95,source_mixture_affine
AOI-0059,2018-08-10,0.03895773302062883,0.9602449073846019,0.0007973595947691629,0.0,13.0,8.0,0.009930966835831945,,0.6521739130434783,0.9602449073846019,"[""unseen_polygon"", ""interval_not_coverage_certified""]",empirical_oof_not_certified,0.95,source_mixture_affine
AOI-0059,2018-08-13,0.08198356949310556,0.10479738390595016,0.8132190466009441,0.0,16.0,5.0,0.012798960012326055,,0.75,0.8132190466009441,"[""unseen_polygon"", ""interval_not_coverage_certified""]",empirical_oof_not_certified,0.95,source_mixture_affine
AOI-0059,2018-10-06,0.08772397182322626,0.9095890930904956,0.002686935086277732,0.0,1.0,2.0,0.026634812640797492,,0.9375,0.9095890930904956,"[""unseen_polygon"", ""interval_not_coverage_certified""]",empirical_oof_not_certified,0.95,source_mixture_affine
AOI-0059,2019-04-11,0.846728088086982,0.1370369571221755,0.01623495479084242,0.0,3.0,13.0,0.038390826765706376,,0.8333333333333334,0.846728088086982,"[""unseen_polygon"", ""interval_not_coverage_certified""]",empirical_oof_not_certified,0.95,source_mixture_affine
AOI-0059,2019-04-21,0.9607536880325819,0.03383294223288167,0.005413369734536283,0.0,13.0,3.0,0.014436996636245536,,0.8333333333333334,0.9607536880325819,"[""unseen_polygon"", ""interval_not_coverage_certified""]",empirical_oof_not_certified,0.95,source_mixture_affine
AOI-0059,2019-04-23,0.6136450744329829,0.12716529864247195,0.2591896269245451,0.0,15.0,1.0,0.0029060629839000596,,0.9375,0.6136450744329829,"[""unseen_polygon"", ""interval_not_coverage_certified""]",empirical_oof_not_certified,0.95,source_mixture_affine
AOI-0059,2019-05-21,0.844696260058952,0.152335605792275,0.0029681341487732583,0.0,4.0,4.0,0.0004535445452897857,,0.7894736842105263,0.844696260058952,"[""unseen_polygon"", ""interval_not_coverage_certified""]",empirical_oof_not_certified,0.95,source_mixture_affine
AOI-0059,2019-06-02,0.6850762044594428,0.3066320799118851,0.008291715628672149,0.0,2.0,9.0,0.015797305207819745,,0.8823529411764706,0.6850762044594428,"[""unseen_polygon"", ""interval_not_coverage_certified""]",empirical_oof_not_certified,0.95,source_mixture_affine
AOI-0059,2019-06-05,0.6853694592436649,0.3055622699949896,0.0090682707613457,0.0,5.0,6.0,0.018620196876263817,,0.75,0.6853694592436649,"[""unseen_polygon"", ""interval_not_coverage_certified""]",empirical_oof_not_certified,0.95,source_mixture_affine
AOI-0059,2019-06-10,0.5577999482930422,0.11034126847156486,0.3318587832353929,0.0,10.0,1.0,0.024411703078477176,,0.9375,0.5577999482930422,"[""unseen_polygon"", ""interval_not_coverage_certified""]",empirical_oof_not_certified,0.95,source_mixture_affine
AOI-0059,2019-06-15,0.9585973665564376,0.033717026967939295,0.007685606475622914,0.0,4.0,3.0,0.011412807104375144,,0.8333333333333334,0.9585973665564376,"[""unseen_polygon"", ""interval_not_coverage_certified""]",empirical_oof_not_certified,0.95,source_mixture_affine
AOI-0059,2019-06-30,0.855101209604667,0.14489879039533324,0.0,0.0,3.0,4.0,0.020202119444322292,,0.8333333333333334,0.855101209604667,"[""unseen_polygon"", ""interval_not_coverage_certified""]",empirical_oof_not_certified,0.95,source_mixture_affine
AOI-0059,2019-07-29,0.29576042493502236,0.7042395750649777,0.0,0.0,1.0,7.0,0.008180558411142735,,0.9375,0.7042395750649777,"[""unseen_polygon"", ""interval_not_coverage_certified""]",empirical_oof_not_certified,0.95,source_mixture_affine
AOI-0059,2019-08-21,0.7131188438630989,0.28281288537555527,0.004068270761345701,0.0,7.0,1.0,0.025385028969951928,,0.9375,0.7131188438630989,"[""unseen_polygon"", ""interval_not_coverage_certified""]",empirical_oof_not_certified,0.95,source_mixture_affine
AOI-0059,2019-08-24,0.6386779159685565,0.3501113543434563,0.011210729687987126,0.0,2.0,5.0,0.014278590969630162,,0.8823529411764706,0.6386779159685565,"[""unseen_polygon"", ""interval_not_coverage_certified""]",empirical_oof_not_certified,0.95,source_mixture_affine
AOI-0059,2019-09-03,0.982369471889312,0.017630528110687924,0.0,0.0,4.0,4.0,0.029477614471288077,,0.7894736842105263,0.982369471889312,"[""unseen_polygon"", ""interval_not_coverage_certified""]",empirical_oof_not_certified,0.95,source_mixture_affine
AOI-0059,2019-10-13,0.9811603119830824,0.017475164013662933,0.0013645240032546789,0.0,4.0,3.0,0.028331582609738615,,0.8333333333333334,0.9811603119830824,"[""unseen_polygon"", ""interval_not_coverage_certified""]",empirical_oof_not_certified,0.95,source_mixture_affine
AOI-0059,2019-10-24,0.27233924141357435,0.7165931043618579,0.011067654224567696,0.0,1.0,1.0,0.004406183529345353,,0.9375,0.7165931043618579,"[""unseen_polygon"", ""interval_not_coverage_certified""]",empirical_oof_not_certified,0.95,source_mixture_affine
AOI-0059,2020-04-09,0.27207417869365713,0.7229258213063425,0.005,0.0,3.0,1.0,0.042665616721944355,,0.9375,0.7229258213063425,"[""unseen_polygon"", ""interval_not_coverage_certified""]",empirical_oof_not_certified,0.95,source_mixture_affine
AOI-0059,2020-04-18,0.36729025907771273,0.6307098206850023,0.001999920237284803,0.0,1.0,4.0,0.061229528825718915,,0.9375,0.6307098206850023,"[""unseen_polygon"", ""interval_not_coverage_certified""]",empirical_oof_not_certified,0.95,source_mixture_affine
AOI-0059,2020-04-25,0.7839550194074052,0.20583486100028053,0.010210119592314135,0.0,3.0,1.0,0.06177218169603374,,0.9375,0.7839550194074052,"[""unseen_polygon"", ""interval_not_coverage_certified""]",empirical_oof_not_certified,0.95,source_mixture_affine
AOI-0059,2020-05-08,0.13000970360375738,0.14808616743154157,0.7219041289647014,0.0,4.0,3.0,0.04968608903926949,,0.8333333333333334,0.7219041289647014,"[""unseen_polygon"", ""interval_not_coverage_certified""]",empirical_oof_not_certified,0.95,source_mixture_affine
AOI-0059,2020-05-12,0.6711476430495118,0.32165499993633984,0.007197357014148146,0.0,1.0,8.0,0.006164155472845961,,0.9375,0.6711476430495118,"[""unseen_polygon"", ""interval_not_coverage_certified""]",empirical_oof_not_certified,0.95,source_mixture_affine
AOI-0059,2020-06-05,0.08115996554745256,0.9188400344525474,0.0,0.0,1.0,4.0,0.010526973837478582,,0.9375,0.9188400344525474,"[""unseen_polygon"", ""interval_not_coverage_certified""]",empirical_oof_not_certified,0.95,source_mixture_affine
AOI-0059,2020-07-11,0.5577861394151388,0.11852475525294799,0.3236891053319133,0.0,4.0,1.0,0.008167146383717183,,0.9375,0.5577861394151388,"[""unseen_polygon"", ""interval_not_coverage_certified""]",empirical_oof_not_certified,0.95,source_mixture_affine
AOI-0059,2020-07-30,0.13837216249828083,0.8616278375017192,0.0,0.0,1.0,1.0,0.002338124827778898,,0.9375,0.8616278375017192,"[""unseen_polygon"", ""interval_not_coverage_certified""]",empirical_oof_not_certified,0.95,source_mixture_affine
AOI-0059,2020-10-26,0.28685447858871815,0.7034202551196397,0.009725266291642326,0.0,9.0,1.0,0.09005937825810445,,0.9375,0.7034202551196397,"[""unseen_polygon"", ""interval_not_coverage_certified""]",empirical_oof_not_certified,0.95,source_mixture_affine
AOI-0059,2021-06-19,0.9122456738919327,0.08729383232548724,0.00046049378257992303,0.0,5.0,5.0,0.0028518107708474516,,0.75,0.9122456738919327,"[""unseen_polygon"", ""interval_not_coverage_certified""]",empirical_oof_not_certified,0.95,source_mixture_affine
AOI-0059,2021-06-23,0.4580126520716372,0.5378948550553821,0.004092492872980678,0.0,9.0,1.0,0.05816235700569722,,0.9375,0.5378948550553821,"[""unseen_polygon"", ""interval_not_coverage_certified""]",empirical_oof_not_certified,0.95,source_mixture_affine
AOI-0059,2021-06-29,0.8335838885177559,0.15874629279371766,0.007669818688526389,0.0,3.0,2.0,0.03503410640228716,,0.8823529411764706,0.8335838885177559,"[""unseen_polygon"", ""interval_not_coverage_certified""]",empirical_oof_not_certified,0.95,source_mixture_affine
AOI-0059,2021-07-28,0.2220057539671041,0.21276946892984594,0.5652247771030502,0.0,2.0,5.0,0.017174961888530182,,0.8823529411764706,0.5652247771030502,"[""unseen_polygon"", ""interval_not_coverage_certified""]",empirical_oof_not_certified,0.95,source_mixture_affine
AOI-0059,2021-07-29,0.8951845741729185,0.09622290020907158,0.0085925256180097,0.0,3.0,4.0,0.021027419507698264,,0.8333333333333334,0.8951845741729185,"[""unseen_polygon"", ""interval_not_coverage_certified""]",empirical_oof_not_certified,0.95,source_mixture_affine
AOI-0059,2021-08-18,0.8947391664181119,0.10480033979930793,0.00046049378257992303,0.0,5.0,5.0,0.044755181812641764,,0.75,0.8947391664181119,"[""unseen_polygon"", ""interval_not_coverage_certified""]",empirical_oof_not_certified,0.95,source_mixture_affine
AOI-0059,2021-08-28,0.7221389938805287,0.27786100611947173,0.0,0.0,5.0,1.0,0.018154701501389814,,0.9375,0.7221389938805287,"[""unseen_polygon"", ""interval_not_coverage_certified""]",empirical_oof_not_certified,0.95,source_mixture_affine
AOI-0059,2021-09-07,0.8234831856081568,0.17542016133705002,0.0010966530547932615,0.0,4.0,4.0,0.010236676108073772,,0.7894736842105263,0.8234831856081568,"[""unseen_polygon"", ""interval_not_coverage_certified""]",empirical_oof_not_certified,0.95,source_mixture_affine
AOI-0059,2021-09-17,0.958697521384348,0.03870204128229346,0.002600437333358288,0.0,3.0,3.0,0.042211780828720125,,0.8333333333333334,0.958697521384348,"[""unseen_polygon"", ""interval_not_coverage_certified""]",empirical_oof_not_certified,0.95,source_mixture_affine
AOI-0059,2021-09-28,0.12283562630542484,0.8634528887014011,0.013711484993174048,0.0,1.0,4.0,0.06718889889190188,,0.9375,0.8634528887014011,"[""unseen_polygon"", ""interval_not_coverage_certified""]",empirical_oof_not_certified,0.95,source_mixture_affine
AOI-0059,2021-09-30,0.2829018053082157,0.22818173382696536,0.4889164608648192,0.0,3.0,2.0,0.058843010438588916,,0.8823529411764706,0.4889164608648192,"[""unseen_polygon"", ""interval_not_coverage_certified""]",empirical_oof_not_certified,0.95,source_mixture_affine
AOI-0059,2021-10-16,0.276399484410661,0.279157730267543,0.44444278532179604,0.0,4.0,5.0,0.04613950869473522,,0.7894736842105263,0.44444278532179604,"[""unseen_polygon"", ""interval_not_coverage_certified""]",empirical_oof_not_certified,0.95,source_mixture_affine
AOI-0059,2022-04-15,0.43013789309356454,0.5592985361219449,0.010563570784490533,0.0,8.0,1.0,0.0014950254586187095,,0.9375,0.5592985361219449,"[""unseen_polygon"", ""interval_not_coverage_certified""]",empirical_oof_not_certified,0.95,source_mixture_affine
AOI-0059,2022-06-10,0.1459622473155765,0.3361517235018443,0.5178860291825793,0.0,1.0,8.0,0.007951530579857091,,0.9375,0.5178860291825793,"[""unseen_polygon"", ""interval_not_coverage_certified""]",empirical_oof_not_certified,0.95,source_mixture_affine
AOI-0059,2022-06-11,0.6998653225734066,0.28736472076742176,0.012769956659171687,0.0,2.0,7.0,0.011999021095804863,,0.8823529411764706,0.6998653225734066,"[""unseen_polygon"", ""interval_not_coverage_certified""]",empirical_oof_not_certified,0.95,source_mixture_affine
AOI-0059,2022-07-20,0.18124143753692087,0.8075381336793952,0.011220428783684266,0.0,1.0,1.0,0.015373447463256251,,0.9375,0.8075381336793952,"[""unseen_polygon"", ""interval_not_coverage_certified""]",empirical_oof_not_certified,0.95,source_mixture_affine
AOI-0059,2022-08-18,0.877120077881202,0.11878742924581737,0.004092492872980678,0.0,5.0,4.0,3.4050779918193275e-05,,0.7894736842105263,0.877120077881202,"[""unseen_polygon"", ""interval_not_coverage_certified""]",empirical_oof_not_certified,0.95,source_mixture_affine
AOI-0059,2022-09-27,0.8404432361857834,0.1541514357935073,0.005405328020708966,0.0,10.0,3.0,0.02109683107489868,,0.8333333333333334,0.8404432361857834,"[""unseen_polygon"", ""interval_not_coverage_certified""]",empirical_oof_not_certified,0.95,source_mixture_affine
AOI-0059,2022-10-08,0.06403788082147799,0.9337074702280297,0.002254648950492097,0.0,1.0,4.0,0.0235552660037312,,0.9375,0.9337074702280297,"[""unseen_polygon"", ""interval_not_coverage_certified""]",empirical_oof_not_certified,0.95,source_mixture_affine
AOI-0059,2023-05-13,0.07463589716566105,0.9199799642940906,0.005384138540248432,0.0,1.0,2.0,0.014216738125155448,,0.9375,0.9199799642940906,"[""unseen_polygon"", ""interval_not_coverage_certified""]",empirical_oof_not_certified,0.95,source_mixture_affine
AOI-0059,2023-05-25,0.1721405993703911,0.06819778130634627,0.7596616193232628,0.0,5.0,3.0,0.016673097024504258,,0.8333333333333334,0.7596616193232628,"[""unseen_polygon"", ""interval_not_coverage_certified""]",empirical_oof_not_certified,0.95,source_mixture_affine
AOI-0059,2023-06-18,0.31033163848730827,0.6776380423004962,0.01203031921219558,0.0,8.0,1.0,0.015124285853874042,,0.9375,0.6776380423004962,"[""unseen_polygon"", ""interval_not_coverage_certified""]",empirical_oof_not_certified,0.95,source_mixture_affine
AOI-0059,2023-07-16,0.3577100491688032,0.6339450581039565,0.008344892727240255,0.0,1.0,4.0,0.006810943808010894,,0.9375,0.6339450581039565,"[""unseen_polygon"", ""interval_not_coverage_certified""]",empirical_oof_not_certified,0.95,source_mixture_affine
AOI-0059,2023-07-29,0.8046493193483658,0.19125818777865353,0.004092492872980678,0.0,1.0,2.0,0.03069277496846609,,0.9375,0.8046493193483658,"[""unseen_polygon"", ""interval_not_coverage_certified""]",empirical_oof_not_certified,0.95,source_mixture_affine
AOI-0059,2023-09-30,0.3259973639853564,0.10519303704140974,0.5688095989732341,0.0,1.0,2.0,0.037468728295679404,,0.9375,0.5688095989732341,"[""unseen_polygon"", ""interval_not_coverage_certified""]",empirical_oof_not_certified,0.95,source_mixture_affine
AOI-0059,2023-10-12,0.7443207243581541,0.1968579151662052,0.058821360475640586,0.0,1.0,5.0,0.001757337010874896,,0.9375,0.7443207243581541,"[""unseen_polygon"", ""interval_not_coverage_certified""]",empirical_oof_not_certified,0.95,source_mixture_affine
AOI-0059,2023-10-16,0.2264696957725192,0.291685629532819,0.4818446746946619,0.0,5.0,1.0,0.029796963467688134,,0.9375,0.4818446746946619,"[""unseen_polygon"", ""interval_not_coverage_certified""]",empirical_oof_not_certified,0.95,source_mixture_affine
AOI-0059,2024-04-04,0.861808820998162,0.13653836001074,0.0016528189910979226,0.0,165.0,1.0,0.011147236078351969,,0.9375,0.861808820998162,"[""unseen_polygon"", ""interval_not_coverage_certified""]",empirical_oof_not_certified,0.95,source_mixture_affine
AOI-0059,2024-04-13,0.260644793468033,0.7371027771037012,0.002252429428265368,0.0,4.0,16.0,0.009184822705779527,,0.7894736842105263,0.7371027771037012,"[""unseen_polygon"", ""interval_not_coverage_certified""]",empirical_oof_not_certified,0.95,source_mixture_affine
AOI-0059,2024-04-22,0.19534245793393393,0.44950086516507504,0.35515667690099095,0.0,13.0,7.0,0.03363019515718407,,0.6818181818181818,0.44950086516507504,"[""unseen_polygon"", ""interval_not_coverage_certified""]",empirical_oof_not_certified,0.95,source_mixture_affine
AOI-0059,2024-05-19,0.8507084610768924,0.14472470483353583,0.004566834089571983,0.0,10.0,3.0,0.013331688696242378,,0.8333333333333334,0.8507084610768924,"[""unseen_polygon"", ""interval_not_coverage_certified""]",empirical_oof_not_certified,0.95,source_mixture_affine
AOI-0059,2024-06-09,0.1254385354151364,0.26589021630499304,0.6086712482798706,0.0,1.0,9.0,0.009642496331398964,,0.9375,0.6086712482798706,"[""unseen_polygon"", ""interval_not_coverage_certified""]",empirical_oof_not_certified,0.95,source_mixture_affine
AOI-0059,2024-07-13,0.9568327803535329,0.04316721964646687,0.0,0.0,2.0,5.0,0.02602402002459242,,0.8823529411764706,0.9568327803535329,"[""unseen_polygon"", ""interval_not_coverage_certified""]",empirical_oof_not_certified,0.95,source_mixture_affine
AOI-0059,2024-07-17,0.2117336196463558,0.7842912155521721,0.003975164801471716,0.0,6.0,1.0,0.00796187462843817,,0.9375,0.7842912155521721,"[""unseen_polygon"", ""interval_not_coverage_certified""]",empirical_oof_not_certified,0.95,source_mixture_affine
AOI-0059,2024-07-27,0.2096619800286732,0.5006648729975475,0.2896731469737792,0.0,1.0,1.0,0.036372721093864774,,0.9375,0.5006648729975475,"[""unseen_polygon"", ""interval_not_coverage_certified""]",empirical_oof_not_certified,0.95,source_mixture_affine
AOI-0059,2024-09-11,0.8135098250198302,0.18251501017869823,0.003975164801471716,0.0,5.0,1.0,0.008134004282650681,,0.9375,0.8135098250198302,"[""unseen_polygon"", ""interval_not_coverage_certified""]",empirical_oof_not_certified,0.95,source_mixture_affine
AOI-0059,2025-04-01,0.8143006067144242,0.16994978060564198,0.015749612679934064,0.0,153.0,6.0,0.05579166495248078,,0.7142857142857143,0.8143006067144242,"[""unseen_polygon"", ""interval_not_coverage_certified""]",empirical_oof_not_certified,0.95,source_mixture_affine
AOI-0059,2025-04-23,0.17328973647517834,0.09939802081288285,0.7273122427119388,0.0,4.0,1.0,0.04480747654146611,,0.9375,0.7273122427119388,"[""unseen_polygon"", ""interval_not_coverage_certified""]",empirical_oof_not_certified,0.95,source_mixture_affine
AOI-0059,2025-05-01,0.6713856458174332,0.27402122094932385,0.054593133233242955,0.0,2.0,3.0,0.037969588994925085,,0.8823529411764706,0.6713856458174332,"[""unseen_polygon"", ""interval_not_coverage_certified""]",empirical_oof_not_certified,0.95,source_mixture_affine
AOI-0059,2025-05-09,0.13012878227810135,0.018463249301481206,0.8514079684204171,0.0,5.0,10.0,0.05285628216780336,,0.75,0.8514079684204171,"[""unseen_polygon"", ""interval_not_coverage_certified""]",empirical_oof_not_certified,0.95,source_mixture_affine
AOI-0059,2025-05-17,0.0903567250589987,0.8945236218514931,0.015119653089507962,0.0,13.0,2.0,0.03748502821540822,,0.8823529411764706,0.8945236218514931,"[""unseen_polygon"", ""interval_not_coverage_certified""]",empirical_oof_not_certified,0.95,source_mixture_affine
AOI-0059,2025-06-10,0.3782909346474468,0.04698501962708236,0.5747240457254709,0.0,2.0,1.0,0.003997074111827703,,0.9375,0.5747240457254709,"[""unseen_polygon"", ""interval_not_coverage_certified""]",empirical_oof_not_certified,0.95,source_mixture_affine
AOI-0059,2025-08-29,0.6200670543009725,0.10846619960591065,0.2714667460931169,0.0,2.0,1.0,0.016338490939500724,,0.9375,0.6200670543009725,"[""unseen_polygon"", ""interval_not_coverage_certified""]",empirical_oof_not_certified,0.95,source_mixture_affine
AOI-0059,2025-09-07,0.07051120435697887,0.9225650656921147,0.006923729950906498,0.0,1.0,1.0,0.024733483028440195,,0.9375,0.9225650656921147,"[""unseen_polygon"", ""interval_not_coverage_certified""]",empirical_oof_not_certified,0.95,source_mixture_affine
AOI-0059,2025-10-08,0.8324379367791631,0.15178992192373547,0.015772141297101288,0.0,8.0,8.0,0.02915887967967601,,0.6521739130434783,0.8324379367791631,"[""unseen_polygon"", ""interval_not_coverage_certified""]",empirical_oof_not_certified,0.95,source_mixture_affine
AOI-0059,2025-10-28,0.8911107168168875,0.0883923550649271,0.020496928118185466,0.0,12.0,,0.012565697999370268,one_neighbor_plus_seasonal_prior,0.2777777777777778,0.8911107168168875,"[""one_sided_or_no_context"", ""unseen_polygon"", ""interval_not_coverage_certified""]",empirical_oof_not_certified,0.95,source_mixture_affine
AOI-0060,2025-04-14,0.8837619256909223,0.10353187623045386,0.012706198078623766,0.0,3.0,5.0,0.054926883111115654,,0.8333333333333334,0.8837619256909223,"[""interval_not_coverage_certified""]",empirical_oof_not_certified,0.95,source_mixture_affine
AOI-0060,2025-04-29,0.9026651113030549,0.08462869061832144,0.012706198078623766,0.0,5.0,2.0,0.0006428153068439579,,0.8823529411764706,0.9026651113030549,"[""interval_not_coverage_certified""]",empirical_oof_not_certified,0.95,source_mixture_affine
AOI-0060,2025-06-03,0.8118293790065385,0.17546442291483788,0.012706198078623766,0.0,9.0,5.0,0.009760192554888802,,0.75,0.8118293790065385,"[""interval_not_coverage_certified""]",empirical_oof_not_certified,0.95,source_mixture_affine
AOI-0060,2025-07-04,0.12393878992262515,0.875608078337526,0.00045313173984915694,0.0,7.0,4.0,0.001041944225281255,,0.7894736842105263,0.875608078337526,"[""interval_not_coverage_certified""]",empirical_oof_not_certified,0.95,source_mixture_affine
AOI-0060,2025-07-05,0.5130540738869385,0.4719702905265021,0.0149756355865596,0.0,8.0,3.0,0.013531570172435337,,0.8333333333333334,0.5130540738869385,"[""interval_not_coverage_certified""]",empirical_oof_not_certified,0.95,source_mixture_affine
AOI-0060,2025-07-21,0.20709090933410224,0.7929090906658974,0.0,0.0,3.0,2.0,0.02468020700203638,,0.8823529411764706,0.7929090906658974,"[""interval_not_coverage_certified""]",empirical_oof_not_certified,0.95,source_mixture_affine
AOI-0060,2025-08-05,0.49058418679405735,0.5053886828485321,0.004027130357410708,0.0,3.0,1.0,0.021267372900741544,,0.9375,0.5053886828485321,"[""interval_not_coverage_certified""]",empirical_oof_not_certified,0.95,source_mixture_affine
AOI-0060,2025-08-29,0.5865602125137499,0.11972248145308505,0.29371730603316526,0.0,2.0,8.0,0.012734759387161676,,0.8823529411764706,0.5865602125137499,"[""interval_not_coverage_certified""]",empirical_oof_not_certified,0.95,source_mixture_affine
AOI-0060,2025-08-30,0.3024749975358871,0.6840049381781271,0.01352006428598636,0.0,3.0,7.0,0.0007780568382327879,,0.8333333333333334,0.6840049381781271,"[""interval_not_coverage_certified""]",empirical_oof_not_certified,0.95,source_mixture_affine
AOI-0060,2025-09-01,0.6660644473406633,0.3175367359410184,0.016398816718318245,0.0,5.0,5.0,0.009575493472488927,,0.75,0.6660644473406633,"[""interval_not_coverage_certified""]",empirical_oof_not_certified,0.95,source_mixture_affine
AOI-0060,2025-09-11,0.9109282350562627,0.07545181584802645,0.013619949095710827,0.0,3.0,3.0,0.0017395223992635322,,0.8333333333333334,0.9109282350562627,"[""interval_not_coverage_certified""]",empirical_oof_not_certified,0.95,source_mixture_affine
AOI-0061,2010-04-23,0.018938021583000703,0.28011730174714183,0.7009446766698582,0.0,16.0,1.0,0.002823910476444841,,0.9375,0.7009446766698582,"[""unseen_polygon"", ""interval_not_coverage_certified""]",empirical_oof_not_certified,0.95,source_mixture_affine
AOI-0061,2010-05-26,0.1654106013565053,0.8196913538213342,0.014898044822160488,0.0,1.0,15.0,0.10931085199466722,,0.9375,0.8196913538213342,"[""unseen_polygon"", ""interval_not_coverage_certified""]",empirical_oof_not_certified,0.95,source_mixture_affine
AOI-0061,2010-06-11,0.0,1.0,0.0,0.0,1.0,15.0,0.030307296541819406,,0.9375,1.0,"[""unseen_polygon"", ""interval_not_coverage_certified""]",empirical_oof_not_certified,0.95,source_mixture_affine
AOI-0061,2011-06-30,0.0016638377253646466,0.9983361622746354,0.0,0.0,4.0,12.0,0.011724573329881971,,0.7894736842105263,0.9983361622746354,"[""unseen_polygon"", ""interval_not_coverage_certified""]",empirical_oof_not_certified,0.95,source_mixture_affine
AOI-0061,2011-07-28,0.057947779721359755,0.24720738846566617,0.6948448318129742,0.0,16.0,4.0,0.0030900904834437193,,0.7894736842105263,0.6948448318129742,"[""unseen_polygon"", ""interval_not_coverage_certified""]",empirical_oof_not_certified,0.95,source_mixture_affine
AOI-0061,2011-09-18,0.0,1.0,0.0,0.0,4.0,12.0,0.065437817662512,,0.7894736842105263,1.0,"[""unseen_polygon"", ""interval_not_coverage_certified""]",empirical_oof_not_certified,0.95,source_mixture_affine
AOI-0061,2011-09-26,0.0,1.0,0.0,0.0,12.0,4.0,0.05242242331652747,,0.7894736842105263,1.0,"[""unseen_polygon"", ""interval_not_coverage_certified""]",empirical_oof_not_certified,0.95,source_mixture_affine
AOI-0061,2012-04-06,0.058332430389494816,0.2422421217288105,0.6994254478816948,0.0,161.0,7.0,0.01462016885105491,,0.6818181818181818,0.6994254478816948,"[""unseen_polygon"", ""interval_not_coverage_certified""]",empirical_oof_not_certified,0.95,source_mixture_affine
AOI-0061,2012-05-24,0.05004179855575254,0.23449254789059387,0.7154656535536535,0.0,16.0,7.0,0.01696310039944038,,0.6818181818181818,0.7154656535536535,"[""unseen_polygon"", ""interval_not_coverage_certified""]",empirical_oof_not_certified,0.95,source_mixture_affine
AOI-0061,2012-08-28,0.013559398648022353,0.5654695847762805,0.420971016575697,0.0,16.0,16.0,0.01859989605095891,,0.48387096774193555,0.5654695847762805,"[""unseen_polygon"", ""interval_not_coverage_certified""]",empirical_oof_not_certified,0.95,source_mixture_affine
AOI-0061,2012-09-04,0.0005865921787709497,0.9994134078212291,0.0,0.0,23.0,9.0,0.05084547357778135,,0.625,0.9994134078212291,"[""unseen_polygon"", ""interval_not_coverage_certified""]",empirical_oof_not_certified,0.95,source_mixture_affine
AOI-0061,2012-10-22,0.00497952937905216,0.9821203434314676,0.01290012718948031,0.0,7.0,167.0,0.16193586353207828,,0.6818181818181818,0.9821203434314676,"[""unseen_polygon"", ""interval_not_coverage_certified""]",empirical_oof_not_certified,0.95,source_mixture_affine
AOI-0061,2013-04-16,0.001494415413436747,0.9985055845865634,0.0,0.0,9.0,7.0,0.09630221915738557,,0.6818181818181818,0.9985055845865634,"[""unseen_polygon"", ""interval_not_coverage_certified""]",empirical_oof_not_certified,0.95,source_mixture_affine
AOI-0061,2013-06-10,0.029618357704474355,0.3296517593686636,0.6407298829268621,0.0,7.0,1.0,0.007642729329420617,,0.9375,0.6407298829268621,"[""unseen_polygon"", ""interval_not_coverage_certified""]",empirical_oof_not_certified,0.95,source_mixture_affine
AOI-0061,2013-06-26,0.019801285653726578,0.5683981786873096,0.41180053565896363,0.0,7.0,1.0,0.02407555079058099,,0.9375,0.5683981786873096,"[""unseen_polygon"", ""interval_not_coverage_certified""]",empirical_oof_not_certified,0.95,source_mixture_affine
AOI-0061,2013-08-29,0.05474602606447218,0.2748525146271805,0.6704014593083477,0.0,7.0,1.0,0.030646010956105668,,0.9375,0.6704014593083477,"[""unseen_polygon"", ""interval_not_coverage_certified""]",empirical_oof_not_certified,0.95,source_mixture_affine
AOI-0061,2013-09-14,0.060942086342460365,0.2540987470375574,0.6849591666199824,0.0,15.0,9.0,0.023200547052383058,,0.625,0.6849591666199824,"[""unseen_polygon"", ""interval_not_coverage_certified""]",empirical_oof_not_certified,0.95,source_mixture_affine
AOI-0061,2013-10-09,0.0,0.999218492343934,0.0007815076560659599,0.0,9.0,7.0,0.04191866641492961,,0.6818181818181818,0.999218492343934,"[""unseen_polygon"", ""interval_not_coverage_certified""]",empirical_oof_not_certified,0.95,source_mixture_affine
AOI-0061,2014-04-27,0.0007808622207989752,0.9992191377792011,0.0,0.0,4.0,12.0,0.016137028672383424,,0.7894736842105263,0.9992191377792011,"[""unseen_polygon"", ""interval_not_coverage_certified""]",empirical_oof_not_certified,0.95,source_mixture_affine
AOI-0061,2014-06-26,0.05739647044309565,0.24024403560271804,0.7023594939541866,0.0,12.0,4.0,0.032197785154977066,,0.7894736842105263,0.7023594939541866,"[""unseen_polygon"", ""interval_not_coverage_certified""]",empirical_oof_not_certified,0.95,source_mixture_affine
AOI-0061,2014-07-28,0.06461433834916325,0.22996543586280474,0.7054202257880323,0.0,4.0,4.0,0.030373979494219938,,0.7894736842105263,0.7054202257880323,"[""unseen_polygon"", ""interval_not_coverage_certified""]",empirical_oof_not_certified,0.95,source_mixture_affine
AOI-0061,2015-04-07,0.05884200053209392,0.24037657599615375,0.7007814234717524,0.0,161.0,7.0,0.03521598155528227,,0.6818181818181818,0.7007814234717524,"[""unseen_polygon"", ""interval_not_coverage_certified""]",empirical_oof_not_certified,0.95,source_mixture_affine
AOI-0061,2015-05-08,0.0,1.0,0.0,0.0,8.0,1.0,0.036478272972654574,,0.9375,1.0,"[""unseen_polygon"", ""interval_not_coverage_certified""]",empirical_oof_not_certified,0.95,source_mixture_affine
AOI-0061,2015-09-29,0.002099310746529463,0.9979006892534705,0.0,0.0,8.0,1.0,0.027300311991460824,,0.9375,0.9979006892534705,"[""unseen_polygon"", ""interval_not_coverage_certified""]",empirical_oof_not_certified,0.95,source_mixture_affine
AOI-0061,2016-04-22,0.04685942889616517,0.24812640650208506,0.7050141646017499,0.0,14.0,2.0,0.03978401101390677,,0.8823529411764706,0.7050141646017499,"[""unseen_polygon"", ""interval_not_coverage_certified""]",empirical_oof_not_certified,0.95,source_mixture_affine
AOI-0061,2016-06-19,0.002155769250954659,0.9978442307490454,0.0,0.0,10.0,6.0,0.010321920379025795,,0.7142857142857143,0.9978442307490454,"[""unseen_polygon"", ""interval_not_coverage_certified""]",empirical_oof_not_certified,0.95,source_mixture_affine
AOI-0061,2016-06-27,0.0005344813581350013,0.9994655186418651,0.0,0.0,2.0,8.0,0.020842213522016317,,0.8823529411764706,0.9994655186418651,"[""unseen_polygon"", ""interval_not_coverage_certified""]",empirical_oof_not_certified,0.95,source_mixture_affine
AOI-0061,2016-07-13,0.0005344813581350013,0.9994655186418651,0.0,0.0,2.0,14.0,0.028428037801218997,,0.8823529411764706,0.9994655186418651,"[""unseen_polygon"", ""interval_not_coverage_certified""]",empirical_oof_not_certified,0.95,source_mixture_affine
AOI-0061,2017-04-03,0.34760894100961154,0.6516170818970142,0.000773977093374461,0.0,160.0,4.0,0.04959664587048629,,0.7894736842105263,0.6516170818970142,"[""unseen_polygon"", ""interval_not_coverage_certified""]",empirical_oof_not_certified,0.95,source_mixture_affine
AOI-0061,2017-05-25,0.0938419052382045,0.08194356770237744,0.824214527059418,0.0,16.0,1.0,0.05525518304334043,,0.9375,0.824214527059418,"[""unseen_polygon"", ""interval_not_coverage_certified""]",empirical_oof_not_certified,0.95,source_mixture_affine
AOI-0061,2017-07-02,0.8976419049083713,0.10235809509162892,0.0,0.0,2.0,6.0,0.04315993827124409,,0.8823529411764706,0.8976419049083713,"[""unseen_polygon"", ""interval_not_coverage_certified""]",empirical_oof_not_certified,0.95,source_mixture_affine
AOI-0061,2017-07-27,0.933747237220784,0.06625276277921634,0.0,0.0,2.0,1.0,0.036696917853443534,,0.9375,0.933747237220784,"[""unseen_polygon"", ""interval_not_coverage_certified""]",empirical_oof_not_certified,0.95,source_mixture_affine
AOI-0061,2017-08-11,0.8989619291644253,0.10103807083557442,0.0,0.0,2.0,2.0,0.013128433573147302,,0.8823529411764706,0.8989619291644253,"[""unseen_polygon"", ""interval_not_coverage_certified""]",empirical_oof_not_certified,0.95,source_mixture_affine
AOI-0061,2017-09-02,0.09755336987082522,0.9024466301291745,0.0,0.0,4.0,1.0,0.03294623199322072,,0.9375,0.9024466301291745,"[""unseen_polygon"", ""interval_not_coverage_certified""]",empirical_oof_not_certified,0.95,source_mixture_affine
AOI-0061,2018-04-07,0.085616685779878,0.4684142063360681,0.4459691078840538,0.0,1.0,4.0,0.02454164368879963,,0.9375,0.4684142063360681,"[""unseen_polygon"", ""interval_not_coverage_certified""]",empirical_oof_not_certified,0.95,source_mixture_affine
AOI-0061,2018-06-10,0.16903552929780016,0.251763358520319,0.5792011121818809,0.0,1.0,10.0,0.029446849067593428,,0.9375,0.5792011121818809,"[""unseen_polygon"", ""interval_not_coverage_certified""]",empirical_oof_not_certified,0.95,source_mixture_affine
AOI-0061,2019-04-09,0.06720832738317291,0.9281075087357347,0.004684163881092229,0.0,1.0,2.0,0.017843769341463825,,0.9375,0.9281075087357347,"[""unseen_polygon"", ""interval_not_coverage_certified""]",empirical_oof_not_certified,0.95,source_mixture_affine
AOI-0061,2019-05-13,0.8957023831391294,0.0947792153580102,0.009518401502860558,0.0,2.0,3.0,0.01415182779291907,,0.8823529411764706,0.8957023831391294,"[""unseen_polygon"", ""interval_not_coverage_certified""]",empirical_oof_not_certified,0.95,source_mixture_affine
AOI-0061,2019-05-21,0.9054765931844442,0.09047060526235072,0.004052801553204988,0.0,5.0,2.0,0.04619040947673475,,0.8823529411764706,0.9054765931844442,"[""unseen_polygon"", ""interval_not_coverage_certified""]",empirical_oof_not_certified,0.95,source_mixture_affine
AOI-0061,2019-05-25,0.29532691871455685,0.11377283374028518,0.5909002475451576,0.0,2.0,1.0,0.053312581250051255,,0.9375,0.5909002475451576,"[""unseen_polygon"", ""interval_not_coverage_certified""]",empirical_oof_not_certified,0.95,source_mixture_affine
AOI-0061,2019-06-27,0.8100385749554124,0.18996142504458763,0.0,0.0,1.0,1.0,0.002803511190286212,,0.9375,0.8100385749554124,"[""unseen_polygon"", ""interval_not_coverage_certified""]",empirical_oof_not_certified,0.95,source_mixture_affine
AOI-0061,2019-07-12,0.22416668963617378,0.22197876183536505,0.5538545485284612,0.0,5.0,2.0,0.008995396953245027,,0.8823529411764706,0.5538545485284612,"[""unseen_polygon"", ""interval_not_coverage_certified""]",empirical_oof_not_certified,0.95,source_mixture_affine
AOI-0061,2019-08-21,0.8201105448440683,0.17515964648059965,0.004729808675332262,0.0,2.0,2.0,0.02094082773489514,,0.8823529411764706,0.8201105448440683,"[""unseen_polygon"", ""interval_not_coverage_certified""]",empirical_oof_not_certified,0.95,source_mixture_affine
AOI-0061,2019-09-14,0.12272475113997112,0.2577853691870525,0.6194898796729765,0.0,1.0,1.0,0.062202159118411676,,0.9375,0.6194898796729765,"[""unseen_polygon"", ""interval_not_coverage_certified""]",empirical_oof_not_certified,0.95,source_mixture_affine
AOI-0061,2019-09-23,0.9052051333492117,0.09415131150137863,0.0006435551494095598,0.0,5.0,7.0,0.028897893906616345,,0.75,0.9052051333492117,"[""unseen_polygon"", ""interval_not_coverage_certified""]",empirical_oof_not_certified,0.95,source_mixture_affine
AOI-0061,2019-10-18,0.8392846247746628,0.15619697372247648,0.004518401502860559,0.0,2.0,5.0,0.07177963923741726,,0.8823529411764706,0.8392846247746628,"[""unseen_polygon"", ""interval_not_coverage_certified""]",empirical_oof_not_certified,0.95,source_mixture_affine
AOI-0061,2019-10-20,0.9377414391562084,0.06225856084379194,0.0,0.0,4.0,3.0,0.06545852014674591,,0.8333333333333334,0.9377414391562084,"[""unseen_polygon"", ""interval_not_coverage_certified""]",empirical_oof_not_certified,0.95,source_mixture_affine
AOI-0061,2020-04-17,0.8224945624571371,0.17672888241018922,0.0007765551326735506,0.0,5.0,2.0,0.019700747608197344,,0.8823529411764706,0.8224945624571371,"[""unseen_polygon"", ""interval_not_coverage_certified""]",empirical_oof_not_certified,0.95,source_mixture_affine
AOI-0061,2020-05-24,0.2510613662564045,0.06417469606154963,0.6847639376820457,0.0,3.0,3.0,0.008914689437381162,,0.8333333333333334,0.6847639376820457,"[""unseen_polygon"", ""interval_not_coverage_certified""]",empirical_oof_not_certified,0.95,source_mixture_affine
AOI-0061,2020-07-16,0.8651995478999582,0.13374966123029786,0.0010507908697440132,0.0,2.0,10.0,0.03016081941059695,,0.8823529411764706,0.8651995478999582,"[""unseen_polygon"", ""interval_not_coverage_certified""]",empirical_oof_not_certified,0.95,source_mixture_affine
AOI-0061,2020-07-19,0.9636495884837825,0.03259820210496577,0.003752209411252073,0.0,5.0,7.0,0.0012793241748599304,,0.75,0.9636495884837825,"[""unseen_polygon"", ""interval_not_coverage_certified""]",empirical_oof_not_certified,0.95,source_mixture_affine
AOI-0061,2020-07-24,0.7307289621525173,0.26849448271480936,0.0007765551326735506,0.0,10.0,2.0,0.0036000991629346335,,0.8823529411764706,0.7307289621525173,"[""unseen_polygon"", ""interval_not_coverage_certified""]",empirical_oof_not_certified,0.95,source_mixture_affine
AOI-0061,2020-07-27,0.31320773271280705,0.13110883943295873,0.5556834278542339,0.0,1.0,2.0,0.017833624720404756,,0.9375,0.5556834278542339,"[""unseen_polygon"", ""interval_not_coverage_certified""]",empirical_oof_not_certified,0.95,source_mixture_affine
AOI-0061,2020-08-08,0.8972494104480125,0.10275058955198751,0.0,0.0,3.0,1.0,0.01828783997106262,,0.9375,0.8972494104480125,"[""unseen_polygon"", ""interval_not_coverage_certified""]",empirical_oof_not_certified,0.95,source_mixture_affine
AOI-0061,2020-08-17,0.3575818360287296,0.6424181639712704,0.0,0.0,2.0,3.0,0.0036341028850238877,,0.8823529411764706,0.6424181639712704,"[""unseen_polygon"", ""interval_not_coverage_certified""]",empirical_oof_not_certified,0.95,source_mixture_affine
AOI-0061,2020-08-18,0.7886165300091406,0.21138346999085939,0.0,0.0,3.0,2.0,0.019046158619752257,,0.8823529411764706,0.7886165300091406,"[""unseen_polygon"", ""interval_not_coverage_certified""]",empirical_oof_not_certified,0.95,source_mixture_affine
AOI-0061,2020-08-23,0.9082696124625987,0.09173038753740133,0.0,0.0,3.0,2.0,8.673771918515927e-05,,0.8823529411764706,0.9082696124625987,"[""unseen_polygon"", ""interval_not_coverage_certified""]",empirical_oof_not_certified,0.95,source_mixture_affine
AOI-0061,2020-09-18,0.0402458225761524,0.9597541774238476,0.0,0.0,1.0,1.0,0.03580532822158981,,0.9375,0.9597541774238476,"[""unseen_polygon"", ""interval_not_coverage_certified""]",empirical_oof_not_certified,0.95,source_mixture_affine
AOI-0061,2020-10-17,0.9790919548682101,0.02040921990135423,0.0004988252304355685,0.0,2.0,7.0,0.042438683136072394,,0.8823529411764706,0.9790919548682101,"[""unseen_polygon"", ""interval_not_coverage_certified""]",empirical_oof_not_certified,0.95,source_mixture_affine
AOI-0061,2020-10-29,0.82325274231932,0.16150363749176502,0.015243620188915142,0.0,1.0,155.0,0.10643178984906054,,0.9375,0.82325274231932,"[""unseen_polygon"", ""interval_not_coverage_certified""]",empirical_oof_not_certified,0.95,source_mixture_affine
AOI-0061,2021-05-05,0.9429436562702901,0.05705634372970987,0.0,0.0,5.0,2.0,0.018836254309938183,,0.8823529411764706,0.9429436562702901,"[""unseen_polygon"", ""interval_not_coverage_certified""]",empirical_oof_not_certified,0.95,source_mixture_affine
AOI-0061,2021-05-08,0.036435960755488474,0.9635640392445113,0.0,0.0,1.0,1.0,0.013974305479326654,,0.9375,0.9635640392445113,"[""unseen_polygon"", ""interval_not_coverage_certified""]",empirical_oof_not_certified,0.95,source_mixture_affine
AOI-0061,2021-05-15,0.8454301297777045,0.15456987022229537,0.0,0.0,3.0,1.0,0.036850661048852595,,0.9375,0.8454301297777045,"[""unseen_polygon"", ""interval_not_coverage_certified""]",empirical_oof_not_certified,0.95,source_mixture_affine
AOI-0061,2021-07-21,0.901244019140638,0.09875598085936237,0.0,0.0,2.0,5.0,0.00867392652917523,,0.8823529411764706,0.901244019140638,"[""unseen_polygon"", ""interval_not_coverage_certified""]",empirical_oof_not_certified,0.95,source_mixture_affine
AOI-0061,2021-07-24,0.9281652955648408,0.07183470443515932,0.0,0.0,5.0,2.0,0.021679056492837884,,0.8823529411764706,0.9281652955648408,"[""unseen_polygon"", ""interval_not_coverage_certified""]",empirical_oof_not_certified,0.95,source_mixture_affine
AOI-0061,2021-08-04,0.2643180400594563,0.7320585645024782,0.003623395438065181,0.0,1.0,1.0,0.03057715584819777,,0.9375,0.7320585645024782,"[""unseen_polygon"", ""interval_not_coverage_certified""]",empirical_oof_not_certified,0.95,source_mixture_affine
AOI-0061,2021-08-28,0.6988954316013997,0.2941608117661279,0.006943756632472586,0.0,3.0,2.0,0.011274963200076649,,0.8823529411764706,0.6988954316013997,"[""unseen_polygon"", ""interval_not_coverage_certified""]",empirical_oof_not_certified,0.95,source_mixture_affine
AOI-0061,2021-08-29,0.1329911359355429,0.38277674311354026,0.4842321209509166,0.0,4.0,1.0,0.029711378564734325,,0.9375,0.4842321209509166,"[""unseen_polygon"", ""interval_not_coverage_certified""]",empirical_oof_not_certified,0.95,source_mixture_affine
AOI-0061,2021-10-29,0.47194500269718276,0.5082564158997056,0.019798581403111772,0.0,2.0,160.0,0.05406435418373841,,0.8823529411764706,0.5082564158997056,"[""unseen_polygon"", ""interval_not_coverage_certified""]",empirical_oof_not_certified,0.95,source_mixture_affine
AOI-0061,2022-04-09,0.23000329171050032,0.7583382972696348,0.011658411019864933,0.0,2.0,1.0,0.020646584871340315,,0.9375,0.7583382972696348,"[""unseen_polygon"", ""interval_not_coverage_certified""]",empirical_oof_not_certified,0.95,source_mixture_affine
AOI-0061,2022-05-09,0.16246445539070184,0.2660718656964879,0.5714636789128101,0.0,12.0,1.0,0.07478599458348315,,0.9375,0.5714636789128101,"[""unseen_polygon"", ""interval_not_coverage_certified""]",empirical_oof_not_certified,0.95,source_mixture_affine
AOI-0061,2022-05-22,0.6772947833736263,0.2383025747331754,0.08440264189319822,0.0,7.0,8.0,0.027156123067385157,,0.6818181818181818,0.6772947833736263,"[""unseen_polygon"", ""interval_not_coverage_certified""]",empirical_oof_not_certified,0.95,source_mixture_affine
AOI-0061,2022-05-25,0.24190631439706922,0.10064309333131102,0.6574505922716195,0.0,10.0,5.0,0.06890174009723163,,0.75,0.6574505922716195,"[""unseen_polygon"", ""interval_not_coverage_certified""]",empirical_oof_not_certified,0.95,source_mixture_affine
AOI-0061,2022-05-27,0.5176297721612475,0.47798229612606297,0.004387931712689796,0.0,12.0,3.0,0.03637353050913797,,0.8333333333333334,0.5176297721612475,"[""unseen_polygon"", ""interval_not_coverage_certified""]",empirical_oof_not_certified,0.95,source_mixture_affine
AOI-0061,2022-06-12,0.24366953928212307,0.7563304607178768,0.0,0.0,1.0,4.0,0.006158741143634905,,0.9375,0.7563304607178768,"[""unseen_polygon"", ""interval_not_coverage_certified""]",empirical_oof_not_certified,0.95,source_mixture_affine
AOI-0061,2022-06-29,0.8777255506762944,0.12181395554112552,0.00046049378257992303,0.0,3.0,1.0,0.00064135584724756,,0.9375,0.8777255506762944,"[""unseen_polygon"", ""interval_not_coverage_certified""]",empirical_oof_not_certified,0.95,source_mixture_affine
AOI-0061,2022-07-06,0.905219708035957,0.09478029196404289,0.0,0.0,2.0,3.0,0.005300989084721763,,0.8823529411764706,0.905219708035957,"[""unseen_polygon"", ""interval_not_coverage_certified""]",empirical_oof_not_certified,0.95,source_mixture_affine
AOI-0061,2022-07-21,0.49753492701633945,0.4946839774166129,0.007781095567047631,0.0,4.0,3.0,0.0036704934021594138,,0.8333333333333334,0.49753492701633945,"[""unseen_polygon"", ""interval_not_coverage_certified""]",empirical_oof_not_certified,0.95,source_mixture_affine
AOI-0061,2022-07-22,0.20387827050461818,0.7835872294619837,0.012534500033397901,0.0,5.0,2.0,0.00034749191749994246,,0.8823529411764706,0.7835872294619837,"[""unseen_polygon"", ""interval_not_coverage_certified""]",empirical_oof_not_certified,0.95,source_mixture_affine
AOI-0061,2022-07-28,0.25294315977196385,0.3458525723786615,0.40120426784937474,0.0,2.0,1.0,0.007795983250988958,,0.9375,0.40120426784937474,"[""unseen_polygon"", ""interval_not_coverage_certified""]",empirical_oof_not_certified,0.95,source_mixture_affine
AOI-0061,2022-08-23,0.7897078954226758,0.20951554944465095,0.0007765551326735506,0.0,8.0,2.0,0.08783137691917603,,0.8823529411764706,0.7897078954226758,"[""unseen_polygon"", ""interval_not_coverage_certified""]",empirical_oof_not_certified,0.95,source_mixture_affine
AOI-0061,2023-04-07,0.26600663704005756,0.09276602843142044,0.641227334528522,0.0,3.0,10.0,0.005019661396609809,,0.8333333333333334,0.641227334528522,"[""unseen_polygon"", ""interval_not_coverage_certified""]",empirical_oof_not_certified,0.95,source_mixture_affine
AOI-0061,2023-04-25,0.78405110736112,0.21544698583236074,0.0005019068065194935,0.0,2.0,14.0,0.1847738370919833,,0.8823529411764706,0.78405110736112,"[""unseen_polygon"", ""interval_not_coverage_certified""]",empirical_oof_not_certified,0.95,source_mixture_affine
AOI-0061,2023-05-05,0.2934364010596353,0.7057896218469903,0.000773977093374461,0.0,12.0,4.0,0.047747347627863757,,0.7894736842105263,0.7057896218469903,"[""unseen_polygon"", ""interval_not_coverage_certified""]",empirical_oof_not_certified,0.95,source_mixture_affine
AOI-0061,2023-05-06,0.050872482508231315,0.9491275174917686,0.0,0.0,13.0,3.0,0.040388455757737585,,0.8333333333333334,0.9491275174917686,"[""unseen_polygon"", ""interval_not_coverage_certified""]",empirical_oof_not_certified,0.95,source_mixture_affine
AOI-0061,2023-05-17,0.8108204259305238,0.1808878584408039,0.008291715628672149,0.0,2.0,8.0,0.01883362358332319,,0.8823529411764706,0.8108204259305238,"[""unseen_polygon"", ""interval_not_coverage_certified""]",empirical_oof_not_certified,0.95,source_mixture_affine
AOI-0061,2023-06-06,0.5178365639964031,0.4781882712021252,0.003975164801471716,0.0,12.0,1.0,0.007714790295229368,,0.9375,0.5178365639964031,"[""unseen_polygon"", ""interval_not_coverage_certified""]",empirical_oof_not_certified,0.95,source_mixture_affine
AOI-0061,2023-06-21,0.4326025649120323,0.5584747139628535,0.008922721125114212,0.0,3.0,2.0,0.00592324527784327,,0.8823529411764706,0.5584747139628535,"[""unseen_polygon"", ""interval_not_coverage_certified""]",empirical_oof_not_certified,0.95,source_mixture_affine
AOI-0061,2023-07-17,0.4365898370418867,0.5634101629581133,0.0,0.0,3.0,8.0,0.0069355060228605825,,0.8333333333333334,0.5634101629581133,"[""unseen_polygon"", ""interval_not_coverage_certified""]",empirical_oof_not_certified,0.95,source_mixture_affine
AOI-0061,2023-07-21,0.9274892479130555,0.0725107520869444,0.0,0.0,7.0,4.0,0.007314888071694614,,0.7894736842105263,0.9274892479130555,"[""unseen_polygon"", ""interval_not_coverage_certified""]",empirical_oof_not_certified,0.95,source_mixture_affine
AOI-0061,2023-07-27,0.24735051986755593,0.7477614421053239,0.004888038027120272,0.0,1.0,1.0,0.009313595223303356,,0.9375,0.7477614421053239,"[""unseen_polygon"", ""interval_not_coverage_certified""]",empirical_oof_not_certified,0.95,source_mixture_affine
AOI-0061,2023-09-24,0.656582866582322,0.33659669499182693,0.006820438425851205,0.0,2.0,3.0,0.005669075262048878,,0.8823529411764706,0.656582866582322,"[""unseen_polygon"", ""interval_not_coverage_certified""]",empirical_oof_not_certified,0.95,source_mixture_affine
AOI-0061,2023-10-14,0.8823431514622871,0.11765684853771276,0.0,0.0,1.0,2.0,0.015441522129733404,,0.9375,0.8823431514622871,"[""unseen_polygon"", ""interval_not_coverage_certified""]",empirical_oof_not_certified,0.95,source_mixture_affine
AOI-0061,2023-10-29,0.8301919809737833,0.16215043429205916,0.0076575847341574296,0.0,7.0,155.0,0.024447613395849832,,0.6818181818181818,0.8301919809737833,"[""unseen_polygon"", ""interval_not_coverage_certified""]",empirical_oof_not_certified,0.95,source_mixture_affine
AOI-0061,2024-04-29,0.16043334017585828,0.8378501065361597,0.0017165532879818601,0.0,7.0,5.0,0.00398200161436757,,0.75,0.8378501065361597,"[""unseen_polygon"", ""interval_not_coverage_certified""]",empirical_oof_not_certified,0.95,source_mixture_affine
AOI-0061,2024-05-01,0.7550600810120551,0.23555924455580343,0.00938067443214166,0.0,9.0,3.0,0.011224012089161683,,0.8333333333333334,0.7550600810120551,"[""unseen_polygon"", ""interval_not_coverage_certified""]",empirical_oof_not_certified,0.95,source_mixture_affine
AOI-0061,2024-05-08,0.2714895443658121,0.12531627297738518,0.6031941826568026,0.0,2.0,11.0,0.028846791852965015,,0.8823529411764706,0.6031941826568026,"[""unseen_polygon"", ""interval_not_coverage_certified""]",empirical_oof_not_certified,0.95,source_mixture_affine
AOI-0061,2024-06-20,0.9369887011524923,0.06301129884750788,0.0,0.0,2.0,3.0,0.08044234579188625,,0.8823529411764706,0.9369887011524923,"[""unseen_polygon"", ""interval_not_coverage_certified""]",empirical_oof_not_certified,0.95,source_mixture_affine
AOI-0061,2024-07-15,0.9415578291228169,0.05844217087718334,0.0,0.0,2.0,3.0,0.059734400270694044,,0.8823529411764706,0.9415578291228169,"[""unseen_polygon"", ""interval_not_coverage_certified""]",empirical_oof_not_certified,0.95,source_mixture_affine
AOI-0061,2024-08-09,0.9029648357693655,0.08559433098168637,0.011440833248948257,0.0,5.0,5.0,0.0058601306862575975,,0.75,0.9029648357693655,"[""unseen_polygon"", ""interval_not_coverage_certified""]",empirical_oof_not_certified,0.95,source_mixture_affine
AOI-0061,2024-08-12,0.41835068363570543,0.3334016635282019,0.24824765283609262,0.0,8.0,2.0,0.02667599690008246,,0.8823529411764706,0.41835068363570543,"[""unseen_polygon"", ""interval_not_coverage_certified""]",empirical_oof_not_certified,0.95,source_mixture_affine
AOI-0061,2024-09-06,0.7640865965397694,0.23591340346023076,0.0,0.0,3.0,2.0,0.008092149337057875,,0.8823529411764706,0.7640865965397694,"[""unseen_polygon"", ""interval_not_coverage_certified""]",empirical_oof_not_certified,0.95,source_mixture_affine
AOI-0061,2024-09-26,0.9715622709813688,0.02596692937802022,0.0024707996406109615,0.0,5.0,2.0,0.009286438425797655,,0.8823529411764706,0.9715622709813688,"[""unseen_polygon"", ""interval_not_coverage_certified""]",empirical_oof_not_certified,0.95,source_mixture_affine
AOI-0061,2024-10-07,0.06535232320108558,0.9304983704687615,0.004149306330152851,0.0,1.0,1.0,0.014531451391707084,,0.9375,0.9304983704687615,"[""unseen_polygon"", ""interval_not_coverage_certified""]",empirical_oof_not_certified,0.95,source_mixture_affine
AOI-0061,2025-04-16,0.6534824712060534,0.33305803521873384,0.013459493575212483,0.0,2.0,1.0,0.010960902513631243,,0.9375,0.6534824712060534,"[""unseen_polygon"", ""interval_not_coverage_certified""]",empirical_oof_not_certified,0.95,source_mixture_affine
AOI-0061,2025-04-19,0.5391815832957829,0.4476001091414933,0.013218307562723831,0.0,1.0,4.0,0.016631553583971614,,0.9375,0.5391815832957829,"[""unseen_polygon"", ""interval_not_coverage_certified""]",empirical_oof_not_certified,0.95,source_mixture_affine
AOI-0061,2025-05-28,0.9084139213226752,0.09112558489474494,0.00046049378257992303,0.0,3.0,6.0,0.012018560296982339,,0.8333333333333334,0.9084139213226752,"[""unseen_polygon"", ""interval_not_coverage_certified""]",empirical_oof_not_certified,0.95,source_mixture_affine
AOI-0061,2025-06-28,0.5254778745911086,0.4735495221422113,0.0009726032666799909,0.0,1.0,2.0,0.028984443509535218,,0.9375,0.5254778745911086,"[""unseen_polygon"", ""interval_not_coverage_certified""]",empirical_oof_not_certified,0.95,source_mixture_affine
AOI-0061,2025-07-07,0.7120165686575051,0.27190279998963557,0.016080631352859347,0.0,1.0,1.0,0.0018942504897067058,,0.9375,0.7120165686575051,"[""unseen_polygon"", ""interval_not_coverage_certified""]",empirical_oof_not_certified,0.95,source_mixture_affine
AOI-0061,2025-07-10,0.910975101759205,0.07631870016217127,0.012706198078623766,0.0,2.0,2.0,0.003588622555909443,,0.8823529411764706,0.910975101759205,"[""unseen_polygon"", ""interval_not_coverage_certified""]",empirical_oof_not_certified,0.95,source_mixture_affine
AOI-0061,2025-07-28,0.4745454666372862,0.0650530788972207,0.4604014544654931,0.0,1.0,2.0,0.04595512605927389,,0.9375,0.4745454666372862,"[""unseen_polygon"", ""interval_not_coverage_certified""]",empirical_oof_not_certified,0.95,source_mixture_affine
AOI-0061,2025-08-16,0.7113595496660686,0.2707803649466487,0.017860085387282988,0.0,1.0,1.0,0.014841240567641356,,0.9375,0.7113595496660686,"[""unseen_polygon"", ""interval_not_coverage_certified""]",empirical_oof_not_certified,0.95,source_mixture_affine
AOI-0061,2025-08-29,0.6659600998493548,0.09105608867876662,0.24298381147187847,0.0,2.0,2.0,0.015776694617789383,,0.8823529411764706,0.6659600998493548,"[""unseen_polygon"", ""interval_not_coverage_certified""]",empirical_oof_not_certified,0.95,source_mixture_affine
AOI-0061,2025-09-24,0.06734663946086104,0.9313886728787679,0.001264687660371037,0.0,1.0,1.0,0.015255174939910021,,0.9375,0.9313886728787679,"[""unseen_polygon"", ""interval_not_coverage_certified""]",empirical_oof_not_certified,0.95,source_mixture_affine
AOI-0061,2025-09-26,0.5223275726603238,0.46120154921286927,0.016470878126806848,0.0,1.0,4.0,0.01504573391595776,,0.9375,0.5223275726603238,"[""unseen_polygon"", ""interval_not_coverage_certified""]",empirical_oof_not_certified,0.95,source_mixture_affine
AOI-0061,2025-10-16,0.42221509591810685,0.05505130392608634,0.5227336001558067,0.0,3.0,2.0,0.005384405703523387,,0.8823529411764706,0.5227336001558067,"[""unseen_polygon"", ""interval_not_coverage_certified""]",empirical_oof_not_certified,0.95,source_mixture_affine
AOI-0062,2010-04-24,0.0,0.9871379558224842,0.012862044177515677,0.0,1.0,24.0,0.04294614942170316,,0.9375,0.9871379558224842,"[""unseen_polygon"", ""interval_not_coverage_certified""]",empirical_oof_not_certified,0.95,source_mixture_affine
AOI-0062,2010-05-09,0.04802295822913469,0.2629486291856473,0.6890284125852182,0.0,16.0,9.0,0.025496389350757376,,0.625,0.6890284125852182,"[""unseen_polygon"", ""interval_not_coverage_certified""]",empirical_oof_not_certified,0.95,source_mixture_affine
AOI-0062,2010-05-26,0.16585182136794113,0.8067479697426674,0.02740020888939131,0.0,1.0,15.0,0.04115565616482353,,0.9375,0.8067479697426674,"[""unseen_polygon"", ""interval_not_coverage_certified""]",empirical_oof_not_certified,0.95,source_mixture_affine
AOI-0062,2010-08-13,0.04119005806376795,0.1722379646687565,0.786571977267476,0.0,7.0,9.0,0.03086211448315082,,0.6818181818181818,0.786571977267476,"[""unseen_polygon"", ""interval_not_coverage_certified""]",empirical_oof_not_certified,0.95,source_mixture_affine
AOI-0062,2010-10-16,0.016157771785385695,0.5046840706576138,0.47915815755700053,0.0,15.0,173.0,0.06369713051654596,,0.5,0.5046840706576138,"[""unseen_polygon"", ""interval_not_coverage_certified""]",empirical_oof_not_certified,0.95,source_mixture_affine
AOI-0062,2011-06-14,0.004381649952900541,0.9956183500470995,0.0,0.0,4.0,8.0,0.014359080863298568,,0.7894736842105263,0.9956183500470995,"[""unseen_polygon"", ""interval_not_coverage_certified""]",empirical_oof_not_certified,0.95,source_mixture_affine
AOI-0062,2011-07-28,0.057947779721359755,0.24716906668105312,0.6948831535975875,0.0,16.0,4.0,0.011896463845687988,,0.7894736842105263,0.6948831535975875,"[""unseen_polygon"", ""interval_not_coverage_certified""]",empirical_oof_not_certified,0.95,source_mixture_affine
AOI-0062,2011-10-16,0.036184267702875195,0.18466326029146005,0.7791524720056647,0.0,16.0,12.0,0.022366384982067916,,0.5555555555555556,0.7791524720056647,"[""unseen_polygon"", ""interval_not_coverage_certified""]",empirical_oof_not_certified,0.95,source_mixture_affine
AOI-0062,2012-06-09,0.022982595988742763,0.34910202470645474,0.6279153793048026,0.0,16.0,16.0,0.01010613711661873,,0.48387096774193555,0.6279153793048026,"[""unseen_polygon"", ""interval_not_coverage_certified""]",empirical_oof_not_certified,0.95,source_mixture_affine
AOI-0062,2012-08-28,0.01015453518474807,0.6122686667696715,0.37757679804558014,0.0,16.0,23.0,0.0038578918582747035,,0.48387096774193555,0.6122686667696715,"[""unseen_polygon"", ""interval_not_coverage_certified""]",empirical_oof_not_certified,0.95,source_mixture_affine
AOI-0062,2012-09-04,0.008395225000081363,0.9472634971823216,0.04434127781759715,0.0,23.0,16.0,0.008479659782238608,,0.48387096774193555,0.9472634971823216,"[""unseen_polygon"", ""interval_not_coverage_certified""]",empirical_oof_not_certified,0.95,source_mixture_affine
AOI-0062,2012-09-13,0.023992264664215553,0.25953339543276843,0.7164743399030162,0.0,32.0,7.0,0.012364265820452053,,0.6818181818181818,0.7164743399030162,"[""unseen_polygon"", ""interval_not_coverage_certified""]",empirical_oof_not_certified,0.95,source_mixture_affine
AOI-0062,2013-04-23,0.03894253833142534,0.13557826477455215,0.8254791968940229,0.0,7.0,1.0,0.027633113094467365,,0.9375,0.8254791968940229,"[""unseen_polygon"", ""interval_not_coverage_certified""]",empirical_oof_not_certified,0.95,source_mixture_affine
AOI-0062,2013-07-12,0.012128209015364901,0.6037671539339863,0.3841046370506486,0.0,15.0,1.0,0.0038842090517102745,,0.9375,0.6037671539339863,"[""unseen_polygon"", ""interval_not_coverage_certified""]",empirical_oof_not_certified,0.95,source_mixture_affine
AOI-0062,2013-07-28,0.019614636980283127,0.6325500783483429,0.3478352846713738,0.0,7.0,1.0,0.018262485815740304,,0.9375,0.6325500783483429,"[""unseen_polygon"", ""interval_not_coverage_certified""]",empirical_oof_not_certified,0.95,source_mixture_affine
AOI-0062,2013-09-14,0.055809991029953696,0.2538370918806999,0.6903529170893467,0.0,15.0,9.0,0.020933757450177448,,0.625,0.6903529170893467,"[""unseen_polygon"", ""interval_not_coverage_certified""]",empirical_oof_not_certified,0.95,source_mixture_affine
AOI-0062,2013-10-16,0.013233797141103208,0.5465578988139986,0.4402083040448979,0.0,7.0,9.0,0.047241142532798014,,0.6818181818181818,0.5465578988139986,"[""unseen_polygon"", ""interval_not_coverage_certified""]",empirical_oof_not_certified,0.95,source_mixture_affine
AOI-0062,2014-06-30,0.001133425271504913,0.998866574728495,0.0,0.0,4.0,8.0,0.003323774178913247,,0.7894736842105263,0.998866574728495,"[""unseen_polygon"", ""interval_not_coverage_certified""]",empirical_oof_not_certified,0.95,source_mixture_affine
AOI-0062,2014-10-04,0.0,1.0,0.0,0.0,4.0,8.0,0.044159848152830805,,0.7894736842105263,1.0,"[""unseen_polygon"", ""interval_not_coverage_certified""]",empirical_oof_not_certified,0.95,source_mixture_affine
AOI-0062,2015-04-22,0.08933576655647288,0.8908895841401281,0.019774649303398915,0.0,15.0,1.0,0.010532124479345817,,0.9375,0.8908895841401281,"[""unseen_polygon"", ""interval_not_coverage_certified""]",empirical_oof_not_certified,0.95,source_mixture_affine
AOI-0062,2015-05-09,0.055822886793198585,0.2345810732405902,0.7095960399662115,0.0,1.0,15.0,0.00337029557544849,,0.9375,0.7095960399662115,"[""unseen_polygon"", ""interval_not_coverage_certified""]",empirical_oof_not_certified,0.95,source_mixture_affine
AOI-0062,2015-09-05,0.0,1.0,0.0,0.0,7.0,9.0,0.04148295248359468,,0.6818181818181818,1.0,"[""unseen_polygon"", ""interval_not_coverage_certified""]",empirical_oof_not_certified,0.95,source_mixture_affine
AOI-0062,2015-09-21,0.0,1.0,0.0,0.0,7.0,8.0,0.014641180028346232,,0.6818181818181818,1.0,"[""unseen_polygon"", ""interval_not_coverage_certified""]",empirical_oof_not_certified,0.95,source_mixture_affine
AOI-0062,2016-05-08,0.025410723494771824,0.14791582912064316,0.8266734473845854,0.0,6.0,10.0,0.005001229852282907,,0.7142857142857143,0.8266734473845854,"[""unseen_polygon"", ""interval_not_coverage_certified""]",empirical_oof_not_certified,0.95,source_mixture_affine
AOI-0062,2016-07-11,0.03053387291777026,0.16631863440107977,0.8031474926811505,0.0,6.0,2.0,0.03131683196840229,,0.8823529411764706,0.8031474926811505,"[""unseen_polygon"", ""interval_not_coverage_certified""]",empirical_oof_not_certified,0.95,source_mixture_affine
AOI-0062,2016-07-27,0.013798364811959623,0.6158530134590535,0.3703486217289867,0.0,14.0,10.0,0.00681546549754658,,0.6000000000000001,0.6158530134590535,"[""unseen_polygon"", ""interval_not_coverage_certified""]",empirical_oof_not_certified,0.95,source_mixture_affine
AOI-0062,2016-09-13,0.033057913615788116,0.47611656865338037,0.4908255177308314,0.0,6.0,2.0,0.02541443600887329,,0.8823529411764706,0.4908255177308314,"[""unseen_polygon"", ""interval_not_coverage_certified""]",empirical_oof_not_certified,0.95,source_mixture_affine
AOI-0062,2016-10-25,0.0188280244401082,0.9771425415261987,0.004029434033692978,0.0,8.0,160.0,0.014577537589861828,,0.6521739130434783,0.9771425415261987,"[""unseen_polygon"", ""interval_not_coverage_certified""]",empirical_oof_not_certified,0.95,source_mixture_affine
AOI-0062,2017-04-07,0.11370633123400763,0.10082309528387706,0.7854705734821154,0.0,4.0,6.0,0.03912782420901288,,0.7894736842105263,0.7854705734821154,"[""unseen_polygon"", ""interval_not_coverage_certified""]",empirical_oof_not_certified,0.95,source_mixture_affine
AOI-0062,2017-07-28,0.177117009549274,0.12199019986269953,0.7008927905880262,0.0,1.0,4.0,0.03430198777378707,,0.9375,0.7008927905880262,"[""unseen_polygon"", ""interval_not_coverage_certified""]",empirical_oof_not_certified,0.95,source_mixture_affine
AOI-0062,2017-09-15,0.9400661157341246,0.057463084625264414,0.0024707996406109615,0.0,1.0,3.0,0.012923473680615388,,0.9375,0.9400661157341246,"[""unseen_polygon"", ""interval_not_coverage_certified""]",empirical_oof_not_certified,0.95,source_mixture_affine
AOI-0062,2018-04-06,0.11809880755148296,0.8367045682245039,0.045196624224012896,0.0,176.0,5.0,0.07674348043273438,,0.75,0.8367045682245039,"[""unseen_polygon"", ""interval_not_coverage_certified""]",empirical_oof_not_certified,0.95,source_mixture_affine
AOI-0062,2018-04-07,0.10133802844554524,0.468269127692904,0.43039284386155074,0.0,177.0,4.0,0.08357138526288066,,0.7894736842105263,0.468269127692904,"[""unseen_polygon"", ""interval_not_coverage_certified""]",empirical_oof_not_certified,0.95,source_mixture_affine
AOI-0062,2018-06-02,0.8336920998002553,0.16301618457107256,0.00329171562867215,0.0,1.0,7.0,0.008929398498919272,,0.9375,0.8336920998002553,"[""unseen_polygon"", ""interval_not_coverage_certified""]",empirical_oof_not_certified,0.95,source_mixture_affine
AOI-0062,2018-06-25,0.09004220066938784,0.909957799330612,0.0,0.0,5.0,1.0,0.025827107202210042,,0.9375,0.909957799330612,"[""unseen_polygon"", ""interval_not_coverage_certified""]",empirical_oof_not_certified,0.95,source_mixture_affine
AOI-0062,2018-07-28,0.06369674132539971,0.1394886156845418,0.7968146429900586,0.0,1.0,7.0,0.02755629693942596,,0.9375,0.7968146429900586,"[""unseen_polygon"", ""interval_not_coverage_certified""]",empirical_oof_not_certified,0.95,source_mixture_affine
AOI-0062,2018-08-28,0.02927934839334613,0.9707206516066539,0.0,0.0,8.0,1.0,0.003999549217065107,,0.9375,0.9707206516066539,"[""unseen_polygon"", ""interval_not_coverage_certified""]",empirical_oof_not_certified,0.95,source_mixture_affine
AOI-0062,2019-04-08,0.5099456563574384,0.48391335464108937,0.006140989001472244,0.0,1.0,1.0,0.03524451693882158,,0.9375,0.5099456563574384,"[""unseen_polygon"", ""interval_not_coverage_certified""]",empirical_oof_not_certified,0.95,source_mixture_affine
AOI-0062,2019-04-11,0.8975410160390003,0.1024589839609999,0.0,0.0,2.0,10.0,0.016064978324963647,,0.8823529411764706,0.8975410160390003,"[""unseen_polygon"", ""interval_not_coverage_certified""]",empirical_oof_not_certified,0.95,source_mixture_affine
AOI-0062,2019-06-17,0.9475684652950247,0.05243153470497516,0.0,0.0,2.0,3.0,0.015622751446227823,,0.8823529411764706,0.9475684652950247,"[""unseen_polygon"", ""interval_not_coverage_certified""]",empirical_oof_not_certified,0.95,source_mixture_affine
AOI-0062,2019-07-06,0.044628445543136414,0.9553715544568635,0.0,0.0,1.0,1.0,0.005497229355787003,,0.9375,0.9553715544568635,"[""unseen_polygon"", ""interval_not_coverage_certified""]",empirical_oof_not_certified,0.95,source_mixture_affine
AOI-0062,2019-08-09,0.8245532927768889,0.17544670722311126,0.0,0.0,2.0,2.0,0.0015713194869678704,,0.8823529411764706,0.8245532927768889,"[""unseen_polygon"", ""interval_not_coverage_certified""]",empirical_oof_not_certified,0.95,source_mixture_affine
AOI-0062,2019-08-23,0.21666459483070866,0.7833354051692916,0.0,0.0,2.0,1.0,0.030728219495262082,,0.9375,0.7833354051692916,"[""unseen_polygon"", ""interval_not_coverage_certified""]",empirical_oof_not_certified,0.95,source_mixture_affine
AOI-0062,2019-09-23,0.8900840658200488,0.1099159341799512,0.0,0.0,5.0,7.0,0.01970243368444606,,0.75,0.8900840658200488,"[""unseen_polygon"", ""interval_not_coverage_certified""]",empirical_oof_not_certified,0.95,source_mixture_affine
AOI-0062,2019-10-18,0.8360835358682782,0.15892372141226987,0.004992742719451865,0.0,2.0,2.0,0.028805888717559153,,0.8823529411764706,0.8360835358682782,"[""unseen_polygon"", ""interval_not_coverage_certified""]",empirical_oof_not_certified,0.95,source_mixture_affine
AOI-0062,2019-10-23,0.9501573271165243,0.04984267288347576,0.0,0.0,3.0,2.0,0.00020098258717814177,,0.8823529411764706,0.9501573271165243,"[""unseen_polygon"", ""interval_not_coverage_certified""]",empirical_oof_not_certified,0.95,source_mixture_affine
AOI-0062,2019-10-28,0.8737087827341715,0.12105574500468394,0.005235472261144736,0.0,2.0,158.0,0.11182760800763503,,0.8823529411764706,0.8737087827341715,"[""unseen_polygon"", ""interval_not_coverage_certified""]",empirical_oof_not_certified,0.95,source_mixture_affine
AOI-0062,2020-04-30,0.955279413900993,0.040968376687755034,0.003752209411252073,0.0,5.0,8.0,0.02060777491973259,,0.75,0.955279413900993,"[""unseen_polygon"", ""interval_not_coverage_certified""]",empirical_oof_not_certified,0.95,source_mixture_affine
AOI-0062,2020-05-30,0.755902624779321,0.24332082008800524,0.0007765551326735506,0.0,6.0,7.0,0.03632394779844783,,0.7142857142857143,0.755902624779321,"[""unseen_polygon"", ""interval_not_coverage_certified""]",empirical_oof_not_certified,0.95,source_mixture_affine
AOI-0062,2020-06-16,0.862099629111045,0.1379003708889554,0.0,0.0,5.0,9.0,0.006237356250958337,,0.75,0.862099629111045,"[""unseen_polygon"", ""interval_not_coverage_certified""]",empirical_oof_not_certified,0.95,source_mixture_affine
AOI-0062,2020-07-26,0.8351197806986653,0.16488021930133498,0.0,0.0,2.0,1.0,0.04195119329921243,,0.9375,0.8351197806986653,"[""unseen_polygon"", ""interval_not_coverage_certified""]",empirical_oof_not_certified,0.95,source_mixture_affine
AOI-0062,2020-08-18,0.7697704019188218,0.2302295980811782,0.0,0.0,1.0,10.0,0.04798258093684338,,0.9375,0.7697704019188218,"[""unseen_polygon"", ""interval_not_coverage_certified""]",empirical_oof_not_certified,0.95,source_mixture_affine
AOI-0062,2020-08-20,0.9321809733360186,0.06013937932261951,0.007679647341361946,0.0,3.0,8.0,0.0522340535075726,,0.8333333333333334,0.9321809733360186,"[""unseen_polygon"", ""interval_not_coverage_certified""]",empirical_oof_not_certified,0.95,source_mixture_affine
AOI-0062,2020-08-23,0.8923808986913205,0.10761910130867931,0.0,0.0,6.0,5.0,0.0358697968949967,,0.75,0.8923808986913205,"[""unseen_polygon"", ""interval_not_coverage_certified""]",empirical_oof_not_certified,0.95,source_mixture_affine
AOI-0062,2020-08-25,0.8485920130761272,0.15140798692387292,0.0,0.0,8.0,3.0,0.045937601121672444,,0.8333333333333334,0.8485920130761272,"[""unseen_polygon"", ""interval_not_coverage_certified""]",empirical_oof_not_certified,0.95,source_mixture_affine
AOI-0062,2020-09-07,0.9322340676234443,0.06776593237655586,0.0,0.0,3.0,3.0,0.0007665920025195783,,0.8333333333333334,0.9322340676234443,"[""unseen_polygon"", ""interval_not_coverage_certified""]",empirical_oof_not_certified,0.95,source_mixture_affine
AOI-0062,2020-09-09,0.507619202327405,0.48738079767259523,0.005,0.0,5.0,1.0,0.010470967789415558,,0.9375,0.507619202327405,"[""unseen_polygon"", ""interval_not_coverage_certified""]",empirical_oof_not_certified,0.95,source_mixture_affine
AOI-0062,2020-10-07,0.9646141587623589,0.02691848341135269,0.008467357826288536,0.0,8.0,2.0,0.0293814538188083,,0.8823529411764706,0.9646141587623589,"[""unseen_polygon"", ""interval_not_coverage_certified""]",empirical_oof_not_certified,0.95,source_mixture_affine
AOI-0062,2020-10-15,0.3724829993850949,0.09927293390930286,0.5282440667056023,0.0,3.0,2.0,0.03182041221080677,,0.8823529411764706,0.5282440667056023,"[""unseen_polygon"", ""interval_not_coverage_certified""]",empirical_oof_not_certified,0.95,source_mixture_affine
AOI-0062,2021-04-23,0.2430301393445215,0.1964130880828262,0.5605567725726522,0.0,1.0,7.0,0.018717467510755925,,0.9375,0.5605567725726522,"[""unseen_polygon"", ""interval_not_coverage_certified""]",empirical_oof_not_certified,0.95,source_mixture_affine
AOI-0062,2021-05-05,0.9452328825103129,0.05311429849858922,0.0016528189910979226,0.0,3.0,2.0,0.006924190833339533,,0.8823529411764706,0.9452328825103129,"[""unseen_polygon"", ""interval_not_coverage_certified""]",empirical_oof_not_certified,0.95,source_mixture_affine
AOI-0062,2021-05-08,0.04858183577350459,0.9514181642264953,0.0,0.0,1.0,1.0,0.02616664607830016,,0.9375,0.9514181642264953,"[""unseen_polygon"", ""interval_not_coverage_certified""]",empirical_oof_not_certified,0.95,source_mixture_affine
AOI-0062,2021-05-12,0.9642393084533337,0.03576069154666654,0.0,0.0,3.0,3.0,0.053893870066586,,0.8333333333333334,0.9642393084533337,"[""unseen_polygon"", ""interval_not_coverage_certified""]",empirical_oof_not_certified,0.95,source_mixture_affine
AOI-0062,2021-06-06,0.9361349722022321,0.054477096085078315,0.009387931712689796,0.0,7.0,3.0,0.007714385500610571,,0.8333333333333334,0.9361349722022321,"[""unseen_polygon"", ""interval_not_coverage_certified""]",empirical_oof_not_certified,0.95,source_mixture_affine
AOI-0062,2021-06-10,0.14959819298328958,0.27298227445218476,0.5774195325645256,0.0,1.0,1.0,0.04496782404945157,,0.9375,0.5774195325645256,"[""unseen_polygon"", ""interval_not_coverage_certified""]",empirical_oof_not_certified,0.95,source_mixture_affine
AOI-0062,2021-07-01,0.7911962580743331,0.20880374192566709,0.0,0.0,5.0,2.0,0.007584999769923995,,0.8823529411764706,0.7911962580743331,"[""unseen_polygon"", ""interval_not_coverage_certified""]",empirical_oof_not_certified,0.95,source_mixture_affine
AOI-0062,2021-07-26,0.8163750436759162,0.18316446254150393,0.00046049378257992303,0.0,2.0,2.0,0.019470969429690066,,0.8823529411764706,0.8163750436759162,"[""unseen_polygon"", ""interval_not_coverage_certified""]",empirical_oof_not_certified,0.95,source_mixture_affine
AOI-0062,2021-07-29,0.9088569562127878,0.09068255000463232,0.00046049378257992303,0.0,1.0,2.0,0.0035533319858980783,,0.9375,0.9088569562127878,"[""unseen_polygon"", ""interval_not_coverage_certified""]",empirical_oof_not_certified,0.95,source_mixture_affine
AOI-0062,2021-09-12,0.8237924475858265,0.17620755241417388,0.0,0.0,3.0,2.0,0.00604116083823944,,0.8823529411764706,0.8237924475858265,"[""unseen_polygon"", ""interval_not_coverage_certified""]",empirical_oof_not_certified,0.95,source_mixture_affine
AOI-0062,2021-09-13,0.05093712455778933,0.9490628754422105,0.0,0.0,4.0,1.0,0.041318336405441775,,0.9375,0.9490628754422105,"[""unseen_polygon"", ""interval_not_coverage_certified""]",empirical_oof_not_certified,0.95,source_mixture_affine
AOI-0062,2021-09-19,0.9206566753961836,0.07934332460381634,0.0,0.0,5.0,11.0,0.008198952631801731,,0.75,0.9206566753961836,"[""unseen_polygon"", ""interval_not_coverage_certified""]",empirical_oof_not_certified,0.95,source_mixture_affine
AOI-0062,2021-09-27,0.8554454432836686,0.14418022904278904,0.00037432767354235674,0.0,13.0,3.0,0.021809216415477423,,0.8333333333333334,0.8554454432836686,"[""unseen_polygon"", ""interval_not_coverage_certified""]",empirical_oof_not_certified,0.95,source_mixture_affine
AOI-0062,2021-09-29,0.6913194883785729,0.3082061704048357,0.0004743412165913056,0.0,15.0,1.0,0.022086639953258796,,0.9375,0.6913194883785729,"[""unseen_polygon"", ""interval_not_coverage_certified""]",empirical_oof_not_certified,0.95,source_mixture_affine
AOI-0062,2021-10-07,0.7540787301774492,0.2441615816337303,0.0017596881888207302,0.0,5.0,7.0,0.011288897429081192,,0.75,0.7540787301774492,"[""unseen_polygon"", ""interval_not_coverage_certified""]",empirical_oof_not_certified,0.95,source_mixture_affine
AOI-0062,2021-10-16,0.2541329322844284,0.25595525910597033,0.48991180860960143,0.0,1.0,3.0,0.03107801703646343,,0.9375,0.48991180860960143,"[""unseen_polygon"", ""interval_not_coverage_certified""]",empirical_oof_not_certified,0.95,source_mixture_affine
AOI-0062,2022-04-10,0.34528538139383713,0.6490325901239504,0.005682028482212402,0.0,1.0,7.0,0.027252163192765577,,0.9375,0.6490325901239504,"[""unseen_polygon"", ""interval_not_coverage_certified""]",empirical_oof_not_certified,0.95,source_mixture_affine
AOI-0062,2022-04-27,0.8987943344358483,0.10120566556415174,0.0,0.0,2.0,12.0,0.024044094091768276,,0.8823529411764706,0.8987943344358483,"[""unseen_polygon"", ""interval_not_coverage_certified""]",empirical_oof_not_certified,0.95,source_mixture_affine
AOI-0062,2022-05-11,0.08037426220817505,0.9146257377918248,0.005,0.0,1.0,1.0,0.02712435738082214,,0.9375,0.9146257377918248,"[""unseen_polygon"", ""interval_not_coverage_certified""]",empirical_oof_not_certified,0.95,source_mixture_affine
AOI-0062,2022-05-25,0.2539038799101845,0.07824421257505665,0.6678519075147588,0.0,3.0,2.0,0.005087352612138218,,0.8823529411764706,0.6678519075147588,"[""unseen_polygon"", ""interval_not_coverage_certified""]",empirical_oof_not_certified,0.95,source_mixture_affine
AOI-0062,2022-07-21,0.4245490410756102,0.5714757941229182,0.003975164801471716,0.0,7.0,1.0,0.0008994325148283661,,0.9375,0.5714757941229182,"[""unseen_polygon"", ""interval_not_coverage_certified""]",empirical_oof_not_certified,0.95,source_mixture_affine
AOI-0062,2022-07-24,0.784852932686052,0.21514706731394753,0.0,0.0,2.0,4.0,0.04785918600389391,,0.8823529411764706,0.784852932686052,"[""unseen_polygon"", ""interval_not_coverage_certified""]",empirical_oof_not_certified,0.95,source_mixture_affine
AOI-0062,2022-08-23,0.7282389813585642,0.27098446350876243,0.0007765551326735506,0.0,8.0,2.0,0.00560164116085049,,0.8823529411764706,0.7282389813585642,"[""unseen_polygon"", ""interval_not_coverage_certified""]",empirical_oof_not_certified,0.95,source_mixture_affine
AOI-0062,2022-09-14,0.3792617604306372,0.085533933968833,0.5352043056005299,0.0,5.0,2.0,0.007235940078723635,,0.8823529411764706,0.5352043056005299,"[""unseen_polygon"", ""interval_not_coverage_certified""]",empirical_oof_not_certified,0.95,source_mixture_affine
AOI-0062,2022-09-18,0.17304301509801928,0.780140111908629,0.04681687299335133,0.0,2.0,9.0,0.0028124654979821972,,0.8823529411764706,0.780140111908629,"[""unseen_polygon"", ""interval_not_coverage_certified""]",empirical_oof_not_certified,0.95,source_mixture_affine
AOI-0062,2022-09-30,0.1368946815756262,0.4669144523253535,0.3961908660990203,0.0,1.0,7.0,0.03864479008234681,,0.9375,0.4669144523253535,"[""unseen_polygon"", ""interval_not_coverage_certified""]",empirical_oof_not_certified,0.95,source_mixture_affine
AOI-0062,2022-10-19,0.7606693301765804,0.19438594672955944,0.04494472309386012,0.0,1.0,3.0,0.022071870757764497,,0.9375,0.7606693301765804,"[""unseen_polygon"", ""interval_not_coverage_certified""]",empirical_oof_not_certified,0.95,source_mixture_affine
AOI-0062,2023-05-17,0.8209424779136097,0.17076580645771816,0.008291715628672149,0.0,2.0,8.0,0.06881092975960457,,0.8823529411764706,0.8209424779136097,"[""unseen_polygon"", ""interval_not_coverage_certified""]",empirical_oof_not_certified,0.95,source_mixture_affine
AOI-0062,2023-06-18,0.5078586316194103,0.4797252713530263,0.012416097027563331,0.0,2.0,3.0,0.017355632299584922,,0.8823529411764706,0.5078586316194103,"[""unseen_polygon"", ""interval_not_coverage_certified""]",empirical_oof_not_certified,0.95,source_mixture_affine
AOI-0062,2023-06-24,0.5914431886355844,0.40458164656294376,0.003975164801471716,0.0,1.0,2.0,0.01394433729446376,,0.9375,0.5914431886355844,"[""unseen_polygon"", ""interval_not_coverage_certified""]",empirical_oof_not_certified,0.95,source_mixture_affine
AOI-0062,2023-07-14,0.8909598453688077,0.1049476617582115,0.004092492872980678,0.0,2.0,3.0,0.0014967060098699525,,0.8823529411764706,0.8909598453688077,"[""unseen_polygon"", ""interval_not_coverage_certified""]",empirical_oof_not_certified,0.95,source_mixture_affine
AOI-0062,2023-08-05,0.9028340349870089,0.09277803330030134,0.004387931712689796,0.0,4.0,3.0,0.01973130525703984,,0.8333333333333334,0.9028340349870089,"[""unseen_polygon"", ""interval_not_coverage_certified""]",empirical_oof_not_certified,0.95,source_mixture_affine
AOI-0062,2023-08-25,0.5905912244330689,0.40500782951545955,0.004400946051471716,0.0,2.0,1.0,0.0026182645854524456,,0.9375,0.5905912244330689,"[""unseen_polygon"", ""interval_not_coverage_certified""]",empirical_oof_not_certified,0.95,source_mixture_affine
AOI-0062,2023-09-17,0.9489814952730486,0.048547705086340195,0.0024707996406109615,0.0,3.0,2.0,0.006549064916782019,,0.8823529411764706,0.9489814952730486,"[""unseen_polygon"", ""interval_not_coverage_certified""]",empirical_oof_not_certified,0.95,source_mixture_affine
AOI-0062,2023-10-12,0.8615717141022854,0.13042142185400604,0.008006864043708612,0.0,1.0,1.0,0.007527495135694076,,0.9375,0.8615717141022854,"[""unseen_polygon"", ""interval_not_coverage_certified""]",empirical_oof_not_certified,0.95,source_mixture_affine
AOI-0062,2023-10-16,0.29781241190599983,0.2128651868881631,0.4893224012058372,0.0,2.0,3.0,0.01513520348188982,,0.8823529411764706,0.4893224012058372,"[""unseen_polygon"", ""interval_not_coverage_certified""]",empirical_oof_not_certified,0.95,source_mixture_affine
AOI-0062,2024-04-22,0.28895436022722604,0.4358756632396846,0.2751699765330893,0.0,8.0,9.0,0.002953515736260126,,0.6521739130434783,0.4358756632396846,"[""unseen_polygon"", ""interval_not_coverage_certified""]",empirical_oof_not_certified,0.95,source_mixture_affine
AOI-0062,2024-06-03,0.8096708065201347,0.19032919347986543,0.0,0.0,10.0,6.0,6.678595975151413e-05,,0.7142857142857143,0.8096708065201347,"[""unseen_polygon"", ""interval_not_coverage_certified""]",empirical_oof_not_certified,0.95,source_mixture_affine
AOI-0062,2024-06-08,0.8261424766592331,0.1738575233407672,0.0,0.0,15.0,1.0,0.02789723501738328,,0.9375,0.8261424766592331,"[""unseen_polygon"", ""interval_not_coverage_certified""]",empirical_oof_not_certified,0.95,source_mixture_affine
AOI-0062,2024-06-23,0.8726933360351475,0.12321417109187176,0.004092492872980678,0.0,3.0,2.0,0.0032205932569518564,,0.8823529411764706,0.8726933360351475,"[""unseen_polygon"", ""interval_not_coverage_certified""]",empirical_oof_not_certified,0.95,source_mixture_affine
AOI-0062,2024-07-30,0.9427752957096998,0.05722470429030057,0.0,0.0,3.0,3.0,0.03306626334240817,,0.8333333333333334,0.9427752957096998,"[""unseen_polygon"", ""interval_not_coverage_certified""]",empirical_oof_not_certified,0.95,source_mixture_affine
AOI-0062,2024-08-04,0.5261795115423378,0.4671779077944803,0.006642580663181893,0.0,2.0,5.0,0.005541535626620464,,0.8823529411764706,0.5261795115423378,"[""unseen_polygon"", ""interval_not_coverage_certified""]",empirical_oof_not_certified,0.95,source_mixture_affine
AOI-0062,2024-08-12,0.41116528531901886,0.35678901434880544,0.23204570033217567,0.0,3.0,5.0,0.026321182982129543,,0.8333333333333334,0.41116528531901886,"[""unseen_polygon"", ""interval_not_coverage_certified""]",empirical_oof_not_certified,0.95,source_mixture_affine
AOI-0062,2024-09-06,0.7781217637432434,0.22187823625675676,0.0,0.0,3.0,5.0,0.015188415006259295,,0.8333333333333334,0.7781217637432434,"[""unseen_polygon"", ""interval_not_coverage_certified""]",empirical_oof_not_certified,0.95,source_mixture_affine
AOI-0062,2024-10-26,0.877163762486534,0.11718932940993498,0.005646908103530751,0.0,3.0,170.0,0.03970084795786771,,0.8333333333333334,0.877163762486534,"[""unseen_polygon"", ""interval_not_coverage_certified""]",empirical_oof_not_certified,0.95,source_mixture_affine
AOI-0062,2025-04-01,0.7992786223910684,0.1493624166821298,0.05135896092680176,0.0,160.0,13.0,0.007108751794173751,,0.5357142857142857,0.7992786223910684,"[""unseen_polygon"", ""interval_not_coverage_certified""]",empirical_oof_not_certified,0.95,source_mixture_affine
AOI-0062,2025-04-07,0.0419267366692422,0.02996113778226185,0.9281121255484959,0.0,166.0,7.0,0.07165738787018189,,0.6818181818181818,0.9281121255484959,"[""unseen_polygon"", ""interval_not_coverage_certified""]",empirical_oof_not_certified,0.95,source_mixture_affine
AOI-0062,2025-04-11,0.9527961776111651,0.0421655680517453,0.005038254337089379,0.0,170.0,3.0,0.013665509300817613,,0.8333333333333334,0.9527961776111651,"[""unseen_polygon"", ""interval_not_coverage_certified""]",empirical_oof_not_certified,0.95,source_mixture_affine
AOI-0062,2025-04-24,0.8139254833757619,0.17060005580724286,0.01547446081699517,0.0,1.0,4.0,0.03272901876447515,,0.9375,0.8139254833757619,"[""unseen_polygon"", ""interval_not_coverage_certified""]",empirical_oof_not_certified,0.95,source_mixture_affine
AOI-0062,2025-04-29,0.7116942136003207,0.27025774613831005,0.018048040261369015,0.0,1.0,2.0,0.013493557832104375,,0.9375,0.7116942136003207,"[""unseen_polygon"", ""interval_not_coverage_certified""]",empirical_oof_not_certified,0.95,source_mixture_affine
AOI-0062,2025-05-28,0.9084139213226752,0.09112558489474494,0.00046049378257992303,0.0,3.0,6.0,0.05252796601403337,,0.8333333333333334,0.9084139213226752,"[""unseen_polygon"", ""interval_not_coverage_certified""]",empirical_oof_not_certified,0.95,source_mixture_affine
AOI-0062,2025-06-28,0.5198735120340306,0.4791538846992893,0.0009726032666799909,0.0,1.0,2.0,0.0682271714886345,,0.9375,0.5198735120340306,"[""unseen_polygon"", ""interval_not_coverage_certified""]",empirical_oof_not_certified,0.95,source_mixture_affine
AOI-0062,2025-07-06,0.09836336289012042,0.9016366371098796,0.0,0.0,1.0,2.0,0.046247934248247746,,0.9375,0.9016366371098796,"[""unseen_polygon"", ""interval_not_coverage_certified""]",empirical_oof_not_certified,0.95,source_mixture_affine
AOI-0062,2025-07-07,0.6987470822630061,0.2862772821504341,0.0149756355865596,0.0,2.0,1.0,0.041155322703678665,,0.9375,0.6987470822630061,"[""unseen_polygon"", ""interval_not_coverage_certified""]",empirical_oof_not_certified,0.95,source_mixture_affine
AOI-0062,2025-07-15,0.7961363743439992,0.19115742757737714,0.012706198078623766,0.0,1.0,2.0,0.017070881051744258,,0.9375,0.7961363743439992,"[""unseen_polygon"", ""interval_not_coverage_certified""]",empirical_oof_not_certified,0.95,source_mixture_affine
AOI-0062,2025-07-25,0.9016786649257169,0.0856151369956595,0.012706198078623766,0.0,2.0,2.0,0.00945444028111092,,0.8823529411764706,0.9016786649257169,"[""unseen_polygon"", ""interval_not_coverage_certified""]",empirical_oof_not_certified,0.95,source_mixture_affine
AOI-0062,2025-08-02,0.885105480246097,0.10218832167527948,0.012706198078623766,0.0,3.0,2.0,0.015252236762593657,,0.8823529411764706,0.885105480246097,"[""unseen_polygon"", ""interval_not_coverage_certified""]",empirical_oof_not_certified,0.95,source_mixture_affine
AOI-0062,2025-08-17,0.483976839549978,0.5005354153793624,0.015487745070659668,0.0,1.0,2.0,0.008970621166657422,,0.9375,0.5005354153793624,"[""unseen_polygon"", ""interval_not_coverage_certified""]",empirical_oof_not_certified,0.95,source_mixture_affine
AOI-0062,2025-09-24,0.07351823666271179,0.9258868868022296,0.0005948765350587612,0.0,1.0,1.0,0.02871413001689313,,0.9375,0.9258868868022296,"[""unseen_polygon"", ""interval_not_coverage_certified""]",empirical_oof_not_certified,0.95,source_mixture_affine
AOI-0062,2025-09-30,0.0571291157551596,0.10455955912713416,0.8383113251177066,0.0,4.0,2.0,0.01756574285210745,,0.8823529411764706,0.8383113251177066,"[""unseen_polygon"", ""interval_not_coverage_certified""]",empirical_oof_not_certified,0.95,source_mixture_affine
AOI-0062,2025-10-08,0.8519539231773011,0.12256125325173568,0.0254848235709632,0.0,2.0,3.0,0.007612508134558049,,0.8823529411764706,0.8519539231773011,"[""unseen_polygon"", ""interval_not_coverage_certified""]",empirical_oof_not_certified,0.95,source_mixture_affine
AOI-0062,2025-10-13,0.9578933051702399,0.026573181428144358,0.01553351340161551,0.0,2.0,3.0,0.009736390720501267,,0.8823529411764706,0.9578933051702399,"[""unseen_polygon"", ""interval_not_coverage_certified""]",empirical_oof_not_certified,0.95,source_mixture_affine
AOI-0063,2025-04-14,0.8839297843687735,0.09913802401084876,0.016932191620377825,0.0,3.0,2.0,0.00018384818733199748,,0.8823529411764706,0.8839297843687735,"[""interval_not_coverage_certified""]",empirical_oof_not_certified,0.95,source_mixture_affine
AOI-0063,2025-04-19,0.5459244473658166,0.4339305516513741,0.020145000982809438,0.0,1.0,9.0,0.004726573302055129,,0.9375,0.5459244473658166,"[""interval_not_coverage_certified""]",empirical_oof_not_certified,0.95,source_mixture_affine
AOI-0063,2025-04-23,0.17470130632810707,0.11007845671582726,0.7152202369560656,0.0,5.0,5.0,0.07888974728133329,,0.75,0.7152202369560656,"[""interval_not_coverage_certified""]",empirical_oof_not_certified,0.95,source_mixture_affine
AOI-0063,2025-04-24,0.7947569197452785,0.17753073145468096,0.027712348800040334,0.0,6.0,4.0,0.0007300532068554438,,0.7894736842105263,0.7947569197452785,"[""interval_not_coverage_certified""]",empirical_oof_not_certified,0.95,source_mixture_affine
AOI-0063,2025-05-06,0.8937582298128202,0.09017106793990648,0.016070702247273333,0.0,5.0,3.0,0.027336930833780804,,0.8333333333333334,0.8937582298128202,"[""interval_not_coverage_certified""]",empirical_oof_not_certified,0.95,source_mixture_affine
AOI-0063,2025-05-25,0.04063490543461156,0.12500107933255605,0.834364015232833,0.0,1.0,3.0,0.1204396998964272,,0.9375,0.834364015232833,"[""interval_not_coverage_certified""]",empirical_oof_not_certified,0.95,source_mixture_affine
AOI-0063,2025-06-05,0.777277112699664,0.20635751052809884,0.016365376772236883,0.0,1.0,2.0,0.014016128853070686,,0.9375,0.777277112699664,"[""interval_not_coverage_certified""]",empirical_oof_not_certified,0.95,source_mixture_affine
AOI-0063,2025-06-25,0.9254654503881501,0.07453454961184994,0.0,0.0,8.0,1.0,0.027798420981488495,,0.9375,0.9254654503881501,"[""interval_not_coverage_certified""]",empirical_oof_not_certified,0.95,source_mixture_affine
AOI-0063,2025-06-28,0.5215171165498657,0.47797077396603427,0.0005121094841000678,0.0,1.0,5.0,0.02169510001876851,,0.9375,0.5215171165498657,"[""interval_not_coverage_certified""]",empirical_oof_not_certified,0.95,source_mixture_affine
AOI-0063,2025-06-30,0.788849749052323,0.19617461536111758,0.0149756355865596,0.0,3.0,3.0,0.021671344404933346,,0.8333333333333334,0.788849749052323,"[""interval_not_coverage_certified""]",empirical_oof_not_certified,0.95,source_mixture_affine
AOI-0063,2025-07-06,0.15085812522084396,0.8491418747791559,0.0,0.0,1.0,2.0,0.014838960645449983,,0.9375,0.8491418747791559,"[""interval_not_coverage_certified""]",empirical_oof_not_certified,0.95,source_mixture_affine
AOI-0063,2025-07-07,0.6745713473268888,0.31045301708655154,0.0149756355865596,0.0,2.0,1.0,0.010193814506040066,,0.9375,0.6745713473268888,"[""interval_not_coverage_certified""]",empirical_oof_not_certified,0.95,source_mixture_affine
AOI-0063,2025-07-22,0.45709013029421736,0.5429098697057827,0.0,0.0,4.0,1.0,0.0069204561463653835,,0.9375,0.5429098697057827,"[""interval_not_coverage_certified""]",empirical_oof_not_certified,0.95,source_mixture_affine
AOI-0063,2025-08-23,0.4632170632075745,0.5351045577822467,0.0016783790101789664,0.0,1.0,4.0,0.008494152809399358,,0.9375,0.5351045577822467,"[""interval_not_coverage_certified""]",empirical_oof_not_certified,0.95,source_mixture_affine
AOI-0063,2025-09-13,0.886416000458475,0.09500675236923307,0.018577247172292137,0.0,7.0,2.0,0.025876659529293217,,0.8823529411764706,0.886416000458475,"[""interval_not_coverage_certified""]",empirical_oof_not_certified,0.95,source_mixture_affine
AOI-0063,2025-09-14,0.07722966384397748,0.1750071755498497,0.7477631606061728,0.0,8.0,1.0,0.011369192931161426,,0.9375,0.7477631606061728,"[""interval_not_coverage_certified""]",empirical_oof_not_certified,0.95,source_mixture_affine
AOI-0064,2025-04-14,0.8831732810999513,0.10000682334147463,0.016819895558574067,0.0,3.0,2.0,0.0005266131246652039,,0.8823529411764706,0.8831732810999513,"[""interval_not_coverage_certified""]",empirical_oof_not_certified,0.95,source_mixture_affine
AOI-0064,2025-04-23,0.1982262540187142,0.1051731776494804,0.6966005683318053,0.0,4.0,5.0,0.05234009074990528,,0.7894736842105263,0.6966005683318053,"[""interval_not_coverage_certified""]",empirical_oof_not_certified,0.95,source_mixture_affine
AOI-0064,2025-04-24,0.8232075795473607,0.14908007165259915,0.027712348800040334,0.0,5.0,4.0,0.01340787461907947,,0.7894736842105263,0.8232075795473607,"[""interval_not_coverage_certified""]",empirical_oof_not_certified,0.95,source_mixture_affine
AOI-0064,2025-06-03,0.7987898926160526,0.18850390930532357,0.012706198078623766,0.0,6.0,1.0,0.001885062662578929,,0.9375,0.7987898926160526,"[""interval_not_coverage_certified""]",empirical_oof_not_certified,0.95,source_mixture_affine
AOI-0064,2025-06-05,0.7604871770525005,0.22541688368319832,0.014095939264301045,0.0,1.0,2.0,0.004459175363251577,,0.9375,0.7604871770525005,"[""interval_not_coverage_certified""]",empirical_oof_not_certified,0.95,source_mixture_affine
AOI-0064,2025-06-26,0.046497047403383354,0.024891922454155658,0.9286110301424606,0.0,1.0,4.0,0.029569236071702032,,0.9375,0.9286110301424606,"[""interval_not_coverage_certified""]",empirical_oof_not_certified,0.95,source_mixture_affine
AOI-0064,2025-06-27,0.6219493312058645,0.35955814058918356,0.01849252820495211,0.0,2.0,3.0,0.015928340890471238,,0.8823529411764706,0.6219493312058645,"[""interval_not_coverage_certified""]",empirical_oof_not_certified,0.95,source_mixture_affine
AOI-0064,2025-06-28,0.7211623156890823,0.2745781126271487,0.004259571683769048,0.0,3.0,2.0,0.022266520002364065,,0.8823529411764706,0.7211623156890823,"[""interval_not_coverage_certified""]",empirical_oof_not_certified,0.95,source_mixture_affine
AOI-0064,2025-07-10,0.900647478212586,0.08664632370879026,0.012706198078623766,0.0,2.0,2.0,0.005627713398953071,,0.8823529411764706,0.900647478212586,"[""interval_not_coverage_certified""]",empirical_oof_not_certified,0.95,source_mixture_affine
AOI-0064,2025-08-12,0.9047131686413533,0.08258063328002291,0.012706198078623766,0.0,3.0,1.0,0.0053392320320446995,,0.9375,0.9047131686413533,"[""interval_not_coverage_certified""]",empirical_oof_not_certified,0.95,source_mixture_affine
AOI-0064,2025-08-19,0.899307628463509,0.08798617345786719,0.012706198078623766,0.0,2.0,3.0,0.0031694767907066573,,0.8823529411764706,0.899307628463509,"[""interval_not_coverage_certified""]",empirical_oof_not_certified,0.95,source_mixture_affine
AOI-0064,2025-08-27,0.8968408064334092,0.09045299548796698,0.012706198078623766,0.0,4.0,2.0,0.012118792335276227,,0.8823529411764706,0.8968408064334092,"[""interval_not_coverage_certified""]",empirical_oof_not_certified,0.95,source_mixture_affine
AOI-0064,2025-08-31,0.4977985890416555,0.5022014109583445,0.0,0.0,2.0,1.0,0.011270657874214302,,0.9375,0.5022014109583445,"[""interval_not_coverage_certified""]",empirical_oof_not_certified,0.95,source_mixture_affine
AOI-0064,2025-09-13,0.8945459299182691,0.09274787200310695,0.012706198078623766,0.0,7.0,1.0,0.03704539889406039,,0.9375,0.8945459299182691,"[""interval_not_coverage_certified""]",empirical_oof_not_certified,0.95,source_mixture_affine
AOI-0064,2025-10-06,0.718737788953037,0.27208504522035176,0.009177165826610892,0.0,1.0,2.0,0.01732216617564318,,0.9375,0.718737788953037,"[""interval_not_coverage_certified""]",empirical_oof_not_certified,0.95,source_mixture_affine
AOI-0064,2025-10-13,0.9545668219938512,0.036134447484650785,0.009298730521497562,0.0,5.0,3.0,0.017960407120344468,,0.8333333333333334,0.9545668219938512,"[""interval_not_coverage_certified""]",empirical_oof_not_certified,0.95,source_mixture_affine
AOI-0065,2025-04-19,0.5067825235969319,0.47999916884034444,0.013218307562723831,0.0,1.0,4.0,0.03285313965625636,,0.9375,0.5067825235969319,"[""interval_not_coverage_certified""]",empirical_oof_not_certified,0.95,source_mixture_affine
AOI-0065,2025-05-01,0.725073057552313,0.2591306849810569,0.015796257466630357,0.0,2.0,5.0,0.006558535951851796,,0.8823529411764706,0.725073057552313,"[""interval_not_coverage_certified""]",empirical_oof_not_certified,0.95,source_mixture_affine
AOI-0065,2025-06-04,0.4253325281467069,0.572062100699502,0.002605371153791039,0.0,1.0,3.0,0.03404856587312688,,0.9375,0.572062100699502,"[""interval_not_coverage_certified""]",empirical_oof_not_certified,0.95,source_mixture_affine
AOI-0065,2025-06-05,0.7657176726448813,0.2193066917685588,0.0149756355865596,0.0,2.0,2.0,0.02633551801978351,,0.8823529411764706,0.7657176726448813,"[""interval_not_coverage_certified""]",empirical_oof_not_certified,0.95,source_mixture_affine
AOI-0065,2025-06-08,0.705325762055844,0.27662619768278696,0.018048040261369015,0.0,1.0,2.0,0.0014953987535791247,,0.9375,0.705325762055844,"[""interval_not_coverage_certified""]",empirical_oof_not_certified,0.95,source_mixture_affine
AOI-0065,2025-06-26,0.036068955387686716,0.031646619589684975,0.9322844250226282,0.0,1.0,1.0,0.01839723234949331,,0.9375,0.9322844250226282,"[""interval_not_coverage_certified""]",empirical_oof_not_certified,0.95,source_mixture_affine
AOI-0065,2025-07-15,0.7754875610551774,0.20953680335826316,0.0149756355865596,0.0,1.0,2.0,0.022353962084456835,,0.9375,0.7754875610551774,"[""interval_not_coverage_certified""]",empirical_oof_not_certified,0.95,source_mixture_affine
AOI-0065,2025-07-18,0.6861848318647327,0.2957671278738983,0.018048040261369015,0.0,1.0,4.0,0.017852409874852926,,0.9375,0.6861848318647327,"[""interval_not_coverage_certified""]",empirical_oof_not_certified,0.95,source_mixture_affine
AOI-0065,2025-08-07,0.6804636838687369,0.3045606805447035,0.0149756355865596,0.0,3.0,2.0,0.035982012132549646,,0.8823529411764706,0.6804636838687369,"[""interval_not_coverage_certified""]",empirical_oof_not_certified,0.95,source_mixture_affine
AOI-0065,2025-08-17,0.4284808844616048,0.5548651009416568,0.016654014596738567,0.0,1.0,2.0,0.011821817263944823,,0.9375,0.5548651009416568,"[""interval_not_coverage_certified""]",empirical_oof_not_certified,0.95,source_mixture_affine
AOI-0065,2025-09-14,0.07542924525038974,0.24307722920163666,0.6814935255479737,0.0,1.0,1.0,0.043575750138171526,,0.9375,0.6814935255479737,"[""interval_not_coverage_certified""]",empirical_oof_not_certified,0.95,source_mixture_affine
AOI-0065,2025-09-25,0.694069761451526,0.25660487931472176,0.04932535923375262,0.0,1.0,1.0,0.0012599832193503913,,0.9375,0.694069761451526,"[""interval_not_coverage_certified""]",empirical_oof_not_certified,0.95,source_mixture_affine
AOI-0065,2025-09-30,0.06522146602591186,0.14591574995505555,0.7888627840190329,0.0,4.0,2.0,0.02900219240867248,,0.8823529411764706,0.7888627840190329,"[""interval_not_coverage_certified""]",empirical_oof_not_certified,0.95,source_mixture_affine
AOI-0065,2025-10-08,0.8418080634775719,0.1316878988290768,0.02650403769335135,0.0,2.0,5.0,0.0015621950105098037,,0.8823529411764706,0.8418080634775719,"[""interval_not_coverage_certified""]",empirical_oof_not_certified,0.95,source_mixture_affine
AOI-0066,2025-06-05,0.8028448055660771,0.18444899635529916,0.012706198078623766,0.0,1.0,2.0,0.0003267006415226259,,0.9375,0.8028448055660771,"[""unseen_polygon"", ""interval_not_coverage_certified""]",empirical_oof_not_certified,0.95,source_mixture_affine
AOI-0066,2025-07-05,0.6949600797729574,0.2923337221484184,0.012706198078623766,0.0,5.0,1.0,0.01137993783002439,,0.9375,0.6949600797729574,"[""unseen_polygon"", ""interval_not_coverage_certified""]",empirical_oof_not_certified,0.95,source_mixture_affine
AOI-0066,2025-07-15,0.7995985817348975,0.1876952201864789,0.012706198078623766,0.0,1.0,2.0,0.0015675616352829325,,0.9375,0.7995985817348975,"[""unseen_polygon"", ""interval_not_coverage_certified""]",empirical_oof_not_certified,0.95,source_mixture_affine
AOI-0066,2025-07-25,0.891868305287576,0.09542549663380036,0.012706198078623766,0.0,2.0,3.0,0.06313277331565237,,0.8823529411764706,0.891868305287576,"[""unseen_polygon"", ""interval_not_coverage_certified""]",empirical_oof_not_certified,0.95,source_mixture_affine
AOI-0066,2025-07-27,0.8201498456723642,0.17418565644803216,0.005664497879603868,0.0,4.0,1.0,0.07355889701339313,,0.9375,0.8201498456723642,"[""unseen_polygon"", ""interval_not_coverage_certified""]",empirical_oof_not_certified,0.95,source_mixture_affine
AOI-0066,2025-08-14,0.6974833062677018,0.28754105814573816,0.0149756355865596,0.0,1.0,1.0,0.027530444185203895,,0.9375,0.6974833062677018,"[""unseen_polygon"", ""interval_not_coverage_certified""]",empirical_oof_not_certified,0.95,source_mixture_affine
AOI-0066,2025-09-01,0.6696377992504087,0.31551925053421515,0.0148429502153759,0.0,1.0,4.0,0.005530740054554381,,0.9375,0.6696377992504087,"[""unseen_polygon"", ""interval_not_coverage_certified""]",empirical_oof_not_certified,0.95,source_mixture_affine
AOI-0067,2010-04-25,0.0033305241704451355,0.9952215952067176,0.0014478806228373704,0.0,1.0,7.0,0.020298854716865072,,0.9375,0.9952215952067176,"[""unseen_polygon"", ""interval_not_coverage_certified""]",empirical_oof_not_certified,0.95,source_mixture_affine
AOI-0067,2010-06-20,0.014892848685737082,0.9740178417109072,0.011089309603355697,0.0,1.0,8.0,0.005160591633781991,,0.9375,0.9740178417109072,"[""unseen_polygon"", ""interval_not_coverage_certified""]",empirical_oof_not_certified,0.95,source_mixture_affine
AOI-0067,2010-06-26,0.058369669650571374,0.23881398016682837,0.7028163501826004,0.0,7.0,2.0,0.02125798367619322,,0.8823529411764706,0.7028163501826004,"[""unseen_polygon"", ""interval_not_coverage_certified""]",empirical_oof_not_certified,0.95,source_mixture_affine
AOI-0067,2010-07-13,0.0,1.0,0.0,0.0,1.0,1.0,0.013173743115607872,,0.9375,1.0,"[""unseen_polygon"", ""interval_not_coverage_certified""]",empirical_oof_not_certified,0.95,source_mixture_affine
AOI-0067,2010-07-21,0.0,1.0,0.0,0.0,7.0,7.0,0.009898571360417191,,0.6818181818181818,1.0,"[""unseen_polygon"", ""interval_not_coverage_certified""]",empirical_oof_not_certified,0.95,source_mixture_affine
AOI-0067,2010-08-06,0.0,1.0,0.0,0.0,7.0,7.0,0.009380562165167333,,0.6818181818181818,1.0,"[""unseen_polygon"", ""interval_not_coverage_certified""]",empirical_oof_not_certified,0.95,source_mixture_affine
AOI-0067,2010-08-07,0.0,1.0,0.0,0.0,8.0,6.0,0.02011549824049061,,0.7142857142857143,1.0,"[""unseen_polygon"", ""interval_not_coverage_certified""]",empirical_oof_not_certified,0.95,source_mixture_affine
AOI-0067,2010-08-15,0.0011723551944536731,0.9988276448055463,0.0,0.0,2.0,7.0,0.030002915737577684,,0.8823529411764706,0.9988276448055463,"[""unseen_polygon"", ""interval_not_coverage_certified""]",empirical_oof_not_certified,0.95,source_mixture_affine
AOI-0067,2010-09-23,0.0011033246585284385,0.9988966753414715,0.0,0.0,9.0,23.0,0.03476250446718107,,0.625,0.9988966753414715,"[""unseen_polygon"", ""interval_not_coverage_certified""]",empirical_oof_not_certified,0.95,source_mixture_affine
AOI-0067,2010-10-09,0.08715713072486611,0.8817578254598292,0.031085043815304806,0.0,25.0,7.0,0.027915699247841513,,0.6818181818181818,0.8817578254598292,"[""unseen_polygon"", ""interval_not_coverage_certified""]",empirical_oof_not_certified,0.95,source_mixture_affine
AOI-0067,2011-05-09,0.03824311348073027,0.11536452337687014,0.8463923631424,0.0,4.0,16.0,0.025225339721585444,,0.7894736842105263,0.8463923631424,"[""unseen_polygon"", ""interval_not_coverage_certified""]",empirical_oof_not_certified,0.95,source_mixture_affine
AOI-0067,2011-05-14,0.0009824676269460206,0.999017532373054,0.0,0.0,9.0,11.0,0.017165288025965536,,0.625,0.999017532373054,"[""unseen_polygon"", ""interval_not_coverage_certified""]",empirical_oof_not_certified,0.95,source_mixture_affine
AOI-0067,2011-09-03,0.010648743637490212,0.9893512563625098,0.0,0.0,1.0,7.0,0.006991030550349719,,0.9375,0.9893512563625098,"[""unseen_polygon"", ""interval_not_coverage_certified""]",empirical_oof_not_certified,0.95,source_mixture_affine
AOI-0067,2011-09-19,0.0026636835233043777,0.9973363164766957,0.0,0.0,1.0,7.0,0.007171917990406063,,0.9375,0.9973363164766957,"[""unseen_polygon"", ""interval_not_coverage_certified""]",empirical_oof_not_certified,0.95,source_mixture_affine
AOI-0067,2012-05-08,0.039384106411836324,0.2706958043898609,0.6899200891983029,0.0,9.0,16.0,0.0012627446643810047,,0.625,0.6899200891983029,"[""unseen_polygon"", ""interval_not_coverage_certified""]",empirical_oof_not_certified,0.95,source_mixture_affine
AOI-0067,2012-06-09,0.020725222080514652,0.37338497375865926,0.6058898041608259,0.0,16.0,16.0,0.005142513532971571,,0.48387096774193555,0.6058898041608259,"[""unseen_polygon"", ""interval_not_coverage_certified""]",empirical_oof_not_certified,0.95,source_mixture_affine
AOI-0067,2012-07-27,0.017952138061526342,0.41203974788374487,0.5700081140547286,0.0,9.0,7.0,0.022540280691197456,,0.6818181818181818,0.5700081140547286,"[""unseen_polygon"", ""interval_not_coverage_certified""]",empirical_oof_not_certified,0.95,source_mixture_affine
AOI-0067,2012-09-29,0.014490214251413508,0.5321299920881564,0.45337979366043024,0.0,9.0,16.0,0.03709516589922515,,0.625,0.5321299920881564,"[""unseen_polygon"", ""interval_not_coverage_certified""]",empirical_oof_not_certified,0.95,source_mixture_affine
AOI-0067,2013-07-30,0.003110091516265484,0.9968899084837345,0.0,0.0,1.0,7.0,0.004212908761073025,,0.9375,0.9968899084837345,"[""unseen_polygon"", ""interval_not_coverage_certified""]",empirical_oof_not_certified,0.95,source_mixture_affine
AOI-0067,2013-08-29,0.05967955711778386,0.2641242289452903,0.676196213936926,0.0,14.0,1.0,0.03162360027670638,,0.9375,0.676196213936926,"[""unseen_polygon"", ""interval_not_coverage_certified""]",empirical_oof_not_certified,0.95,source_mixture_affine
AOI-0067,2014-05-21,0.0005167324797574887,0.9994832675202425,0.0,0.0,12.0,9.0,0.004418191387378728,,0.625,0.9994832675202425,"[""unseen_polygon"", ""interval_not_coverage_certified""]",empirical_oof_not_certified,0.95,source_mixture_affine
AOI-0067,2014-05-25,0.050825544178646744,0.23777505912425195,0.7113993966971013,0.0,16.0,5.0,0.02091297240080206,,0.75,0.7113993966971013,"[""unseen_polygon"", ""interval_not_coverage_certified""]",empirical_oof_not_certified,0.95,source_mixture_affine
AOI-0067,2014-06-06,0.0,1.0,0.0,0.0,7.0,4.0,0.004514301191597625,,0.7894736842105263,1.0,"[""unseen_polygon"", ""interval_not_coverage_certified""]",empirical_oof_not_certified,0.95,source_mixture_affine
AOI-0067,2014-06-07,0.0,1.0,0.0,0.0,8.0,3.0,0.010038609361635864,,0.8333333333333334,1.0,"[""unseen_polygon"", ""interval_not_coverage_certified""]",empirical_oof_not_certified,0.95,source_mixture_affine
AOI-0067,2014-07-01,0.005546358391056518,0.9944536416089436,0.0,0.0,1.0,11.0,0.01632340730285864,,0.9375,0.9944536416089436,"[""unseen_polygon"", ""interval_not_coverage_certified""]",empirical_oof_not_certified,0.95,source_mixture_affine
AOI-0067,2014-07-16,0.0006047292634678199,0.9993952707365321,0.0,0.0,4.0,8.0,0.011400074544537467,,0.7894736842105263,0.9993952707365321,"[""unseen_polygon"", ""interval_not_coverage_certified""]",empirical_oof_not_certified,0.95,source_mixture_affine
AOI-0067,2014-07-17,0.0011351417173275536,0.9988648582826724,0.0,0.0,5.0,7.0,0.02620522789281461,,0.75,0.9988648582826724,"[""unseen_polygon"", ""interval_not_coverage_certified""]",empirical_oof_not_certified,0.95,source_mixture_affine
AOI-0067,2014-09-14,0.07146462727798805,0.21298809650075143,0.7155472762212608,0.0,3.0,4.0,0.011034657416605947,,0.8333333333333334,0.7155472762212608,"[""unseen_polygon"", ""interval_not_coverage_certified""]",empirical_oof_not_certified,0.95,source_mixture_affine
AOI-0067,2014-10-12,0.0,1.0,0.0,0.0,7.0,4.0,0.009593229098809053,,0.7894736842105263,1.0,"[""unseen_polygon"", ""interval_not_coverage_certified""]",empirical_oof_not_certified,0.95,source_mixture_affine
AOI-0067,2015-04-15,0.09820767556506305,0.8717614152442931,0.030030909190643548,0.0,1.0,8.0,0.0030343496571130224,,0.9375,0.8717614152442931,"[""unseen_polygon"", ""interval_not_coverage_certified""]",empirical_oof_not_certified,0.95,source_mixture_affine
AOI-0067,2015-05-09,0.04952536349318997,0.2697387440654207,0.6807358924413894,0.0,9.0,7.0,0.003333036668495909,,0.6818181818181818,0.6807358924413894,"[""unseen_polygon"", ""interval_not_coverage_certified""]",empirical_oof_not_certified,0.95,source_mixture_affine
AOI-0067,2015-06-02,0.0,1.0,0.0,0.0,8.0,7.0,0.003329797297887238,,0.6818181818181818,1.0,"[""unseen_polygon"", ""interval_not_coverage_certified""]",empirical_oof_not_certified,0.95,source_mixture_affine
AOI-0067,2015-06-18,0.009057118457373557,0.9843154311758547,0.006627450366771582,0.0,8.0,8.0,0.04515707885829376,,0.6521739130434783,0.9843154311758547,"[""unseen_polygon"", ""interval_not_coverage_certified""]",empirical_oof_not_certified,0.95,source_mixture_affine
AOI-0067,2015-07-12,0.02645561270274329,0.32745627766799,0.6460881096292665,0.0,1.0,15.0,0.011189137521193937,,0.9375,0.6460881096292665,"[""unseen_polygon"", ""interval_not_coverage_certified""]",empirical_oof_not_certified,0.95,source_mixture_affine
AOI-0067,2015-07-20,0.0004836507233540006,0.999516349276646,0.0,0.0,9.0,7.0,0.00034218360156618166,,0.6818181818181818,0.999516349276646,"[""unseen_polygon"", ""interval_not_coverage_certified""]",empirical_oof_not_certified,0.95,source_mixture_affine
AOI-0067,2015-08-29,0.01928149565611074,0.483979433978145,0.49673907036574433,0.0,1.0,7.0,0.014653836231856565,,0.9375,0.49673907036574433,"[""unseen_polygon"", ""interval_not_coverage_certified""]",empirical_oof_not_certified,0.95,source_mixture_affine
AOI-0067,2015-09-14,0.04443866511893477,0.2211526256341955,0.7344087092468699,0.0,8.0,8.0,0.018221594449826295,,0.6521739130434783,0.7344087092468699,"[""unseen_polygon"", ""interval_not_coverage_certified""]",empirical_oof_not_certified,0.95,source_mixture_affine
AOI-0067,2015-09-29,0.004950628577386505,0.9942682330563357,0.0007811383662776853,0.0,7.0,1.0,0.016080230803038914,,0.9375,0.9942682330563357,"[""unseen_polygon"", ""interval_not_coverage_certified""]",empirical_oof_not_certified,0.95,source_mixture_affine
AOI-0067,2016-05-03,0.006909639714346045,0.9904589924557302,0.0026313678299237867,0.0,1.0,5.0,0.02321281524825719,,0.9375,0.9904589924557302,"[""unseen_polygon"", ""interval_not_coverage_certified""]",empirical_oof_not_certified,0.95,source_mixture_affine
AOI-0067,2016-05-10,0.0005344813581350013,0.9994655186418651,0.0,0.0,2.0,14.0,0.060379248700227095,,0.8823529411764706,0.9994655186418651,"[""unseen_polygon"", ""interval_not_coverage_certified""]",empirical_oof_not_certified,0.95,source_mixture_affine
AOI-0067,2016-05-11,0.005812627909447044,0.994187372090553,0.0,0.0,3.0,13.0,0.05824385296088269,,0.8333333333333334,0.994187372090553,"[""unseen_polygon"", ""interval_not_coverage_certified""]",empirical_oof_not_certified,0.95,source_mixture_affine
AOI-0067,2016-06-25,0.028478966458610273,0.3680675359051555,0.6034534976362343,0.0,5.0,2.0,0.02689614740519161,,0.8823529411764706,0.6034534976362343,"[""unseen_polygon"", ""interval_not_coverage_certified""]",empirical_oof_not_certified,0.95,source_mixture_affine
AOI-0067,2016-07-14,0.0005304124538597336,0.9912707994487228,0.008198788097417482,0.0,1.0,8.0,0.015762916895959767,,0.9375,0.9912707994487228,"[""unseen_polygon"", ""interval_not_coverage_certified""]",empirical_oof_not_certified,0.95,source_mixture_affine
AOI-0067,2016-07-27,0.018470842788040336,0.5667266985658356,0.4148024586461241,0.0,5.0,3.0,0.010131818204142107,,0.8333333333333334,0.5667266985658356,"[""unseen_polygon"", ""interval_not_coverage_certified""]",empirical_oof_not_certified,0.95,source_mixture_affine
AOI-0067,2016-09-29,0.06984244831001496,0.23144914839908418,0.6987084032909009,0.0,13.0,2.0,0.024832921620794812,,0.8823529411764706,0.6987084032909009,"[""unseen_polygon"", ""interval_not_coverage_certified""]",empirical_oof_not_certified,0.95,source_mixture_affine
AOI-0067,2016-10-25,0.022594478119104918,0.9697886868901545,0.007616834990740427,0.0,7.0,1.0,0.0001859755288865228,,0.9375,0.9697886868901545,"[""unseen_polygon"", ""interval_not_coverage_certified""]",empirical_oof_not_certified,0.95,source_mixture_affine
AOI-0067,2017-04-04,0.09780448299229301,0.8988885328171929,0.003306984190514308,0.0,1.0,3.0,0.011071336641739968,,0.9375,0.8988885328171929,"[""unseen_polygon"", ""interval_not_coverage_certified""]",empirical_oof_not_certified,0.95,source_mixture_affine
AOI-0067,2017-04-28,0.7799933857109407,0.2200066142890589,0.0,0.0,1.0,8.0,0.0016770562534829947,,0.9375,0.7799933857109407,"[""unseen_polygon"", ""interval_not_coverage_certified""]",empirical_oof_not_certified,0.95,source_mixture_affine
AOI-0067,2017-05-05,0.2671759487212042,0.7288488864773242,0.003975164801471716,0.0,8.0,1.0,0.01233130838039495,,0.9375,0.7288488864773242,"[""unseen_polygon"", ""interval_not_coverage_certified""]",empirical_oof_not_certified,0.95,source_mixture_affine
AOI-0067,2017-06-07,0.08419226774180796,0.9158077322581923,0.0,0.0,1.0,3.0,0.020547791549389405,,0.9375,0.9158077322581923,"[""unseen_polygon"", ""interval_not_coverage_certified""]",empirical_oof_not_certified,0.95,source_mixture_affine
AOI-0067,2017-07-09,0.08120105878263585,0.9187989412173643,0.0,0.0,1.0,3.0,0.008347778729460353,,0.9375,0.9187989412173643,"[""unseen_polygon"", ""interval_not_coverage_certified""]",empirical_oof_not_certified,0.95,source_mixture_affine
AOI-0067,2017-07-25,0.42973978454762124,0.5674149418279991,0.0028452736243794892,0.0,1.0,2.0,0.0016640672938307288,,0.9375,0.5674149418279991,"[""unseen_polygon"", ""interval_not_coverage_certified""]",empirical_oof_not_certified,0.95,source_mixture_affine
AOI-0067,2017-08-02,0.06543726259181985,0.9297421696524224,0.0048205677557579,0.0,1.0,4.0,0.021211966182133724,,0.9375,0.9297421696524224,"[""unseen_polygon"", ""interval_not_coverage_certified""]",empirical_oof_not_certified,0.95,source_mixture_affine
AOI-0067,2017-08-11,0.8688726027989311,0.11408334812303439,0.01704404907803448,0.0,1.0,6.0,0.003355837725012023,,0.9375,0.8688726027989311,"[""unseen_polygon"", ""interval_not_coverage_certified""]",empirical_oof_not_certified,0.95,source_mixture_affine
AOI-0067,2017-08-13,0.3250805237803959,0.09082738166744025,0.5840920945521639,0.0,3.0,4.0,0.019373891304068636,,0.8333333333333334,0.5840920945521639,"[""unseen_polygon"", ""interval_not_coverage_certified""]",empirical_oof_not_certified,0.95,source_mixture_affine
AOI-0067,2017-08-29,0.46211278807290734,0.09463119201274967,0.4432560199143431,0.0,3.0,5.0,0.009215759895048747,,0.8333333333333334,0.46211278807290734,"[""unseen_polygon"", ""interval_not_coverage_certified""]",empirical_oof_not_certified,0.95,source_mixture_affine
AOI-0067,2017-09-14,0.18685274724599238,0.17760276899103278,0.6355444837629749,0.0,3.0,1.0,0.0016698302833291212,,0.9375,0.6355444837629749,"[""unseen_polygon"", ""interval_not_coverage_certified""]",empirical_oof_not_certified,0.95,source_mixture_affine
AOI-0067,2017-09-20,0.9115434533509802,0.08096566014307773,0.00749088650594178,0.0,1.0,5.0,0.018729595137401245,,0.9375,0.9115434533509802,"[""unseen_polygon"", ""interval_not_coverage_certified""]",empirical_oof_not_certified,0.95,source_mixture_affine
AOI-0067,2018-04-06,0.08281627600072125,0.9163307073534468,0.0008530166458319625,0.0,176.0,1.0,0.016586389367566845,,0.9375,0.9163307073534468,"[""unseen_polygon"", ""interval_not_coverage_certified""]",empirical_oof_not_certified,0.95,source_mixture_affine
AOI-0067,2018-04-23,0.13405228210494424,0.20186418858488892,0.6640835293101669,0.0,8.0,5.0,0.037309893827471186,,0.75,0.6640835293101669,"[""unseen_polygon"", ""interval_not_coverage_certified""]",empirical_oof_not_certified,0.95,source_mixture_affine
AOI-0067,2018-05-25,0.058222406438069724,0.28831422922007816,0.653463364341852,0.0,1.0,7.0,0.023239637357836268,,0.9375,0.653463364341852,"[""unseen_polygon"", ""interval_not_coverage_certified""]",empirical_oof_not_certified,0.95,source_mixture_affine
AOI-0067,2018-07-11,0.03676607359891006,0.9632339264010901,0.0,0.0,9.0,1.0,0.03226383216528326,,0.9375,0.9632339264010901,"[""unseen_polygon"", ""interval_not_coverage_certified""]",empirical_oof_not_certified,0.95,source_mixture_affine
AOI-0067,2018-08-29,0.036288430584634976,0.37022063098424673,0.5934909384311182,0.0,1.0,8.0,0.01153483892015647,,0.9375,0.5934909384311182,"[""unseen_polygon"", ""interval_not_coverage_certified""]",empirical_oof_not_certified,0.95,source_mixture_affine
AOI-0067,2019-05-08,0.9543013958515911,0.04569860414840881,0.0,0.0,4.0,1.0,0.013919016052376387,,0.9375,0.9543013958515911,"[""unseen_polygon"", ""interval_not_coverage_certified""]",empirical_oof_not_certified,0.95,source_mixture_affine
AOI-0067,2019-05-28,0.8162820256158838,0.18371797438411616,0.0,0.0,1.0,5.0,0.010492844459538131,,0.9375,0.8162820256158838,"[""unseen_polygon"", ""interval_not_coverage_certified""]",empirical_oof_not_certified,0.95,source_mixture_affine
AOI-0067,2019-06-12,0.650065748172497,0.3459590870260314,0.003975164801471716,0.0,2.0,1.0,0.01719391576845175,,0.9375,0.650065748172497,"[""unseen_polygon"", ""interval_not_coverage_certified""]",empirical_oof_not_certified,0.95,source_mixture_affine
AOI-0067,2019-07-12,0.1713511062160178,0.24781217572414904,0.5808367180598333,0.0,5.0,3.0,0.05823469357758487,,0.8333333333333334,0.5808367180598333,"[""unseen_polygon"", ""interval_not_coverage_certified""]",empirical_oof_not_certified,0.95,source_mixture_affine
AOI-0067,2019-07-14,0.3568946478821915,0.6021613640827931,0.04094398803501529,0.0,7.0,1.0,0.03421473931271596,,0.9375,0.6021613640827931,"[""unseen_polygon"", ""interval_not_coverage_certified""]",empirical_oof_not_certified,0.95,source_mixture_affine
AOI-0067,2019-07-28,0.1838326260787871,0.17309198880671478,0.6430753851144984,0.0,6.0,3.0,0.012528127367191999,,0.8333333333333334,0.6430753851144984,"[""unseen_polygon"", ""interval_not_coverage_certified""]",empirical_oof_not_certified,0.95,source_mixture_affine
AOI-0067,2019-08-08,0.32705338727953304,0.6688160765899308,0.00413053613053613,0.0,2.0,5.0,0.023454422612544046,,0.8823529411764706,0.6688160765899308,"[""unseen_polygon"", ""interval_not_coverage_certified""]",empirical_oof_not_certified,0.95,source_mixture_affine
AOI-0067,2019-08-11,0.9500678352069123,0.049932164793087604,0.0,0.0,5.0,2.0,0.026867146557917887,,0.8823529411764706,0.9500678352069123,"[""unseen_polygon"", ""interval_not_coverage_certified""]",empirical_oof_not_certified,0.95,source_mixture_affine
AOI-0067,2019-08-29,0.5697550602672777,0.11648113673263243,0.3137638030000898,0.0,3.0,2.0,0.006596270844425656,,0.8823529411764706,0.5697550602672777,"[""unseen_polygon"", ""interval_not_coverage_certified""]",empirical_oof_not_certified,0.95,source_mixture_affine
AOI-0067,2019-09-05,0.8564239539764844,0.1309062273349892,0.012669818688526388,0.0,4.0,3.0,0.021023990437037676,,0.8333333333333334,0.8564239539764844,"[""unseen_polygon"", ""interval_not_coverage_certified""]",empirical_oof_not_certified,0.95,source_mixture_affine
AOI-0067,2019-09-16,0.2040898298857789,0.7919350053127494,0.003975164801471716,0.0,1.0,1.0,0.010155055132523183,,0.9375,0.7919350053127494,"[""unseen_polygon"", ""interval_not_coverage_certified""]",empirical_oof_not_certified,0.95,source_mixture_affine
AOI-0067,2019-09-24,0.43026955492804253,0.5538677867992376,0.015862658272719724,0.0,7.0,1.0,0.03569636556586933,,0.9375,0.5538677867992376,"[""unseen_polygon"", ""interval_not_coverage_certified""]",empirical_oof_not_certified,0.95,source_mixture_affine
AOI-0067,2019-10-02,0.3177721958816006,0.681086815116927,0.001140989001472244,0.0,2.0,8.0,0.029144116689705818,,0.8823529411764706,0.681086815116927,"[""unseen_polygon"", ""interval_not_coverage_certified""]",empirical_oof_not_certified,0.95,source_mixture_affine
AOI-0067,2019-10-03,0.06341939144728671,0.9338936734664354,0.002686935086277732,0.0,3.0,7.0,0.03487633784435426,,0.8333333333333334,0.9338936734664354,"[""unseen_polygon"", ""interval_not_coverage_certified""]",empirical_oof_not_certified,0.95,source_mixture_affine
AOI-0067,2019-10-15,0.9595671250503163,0.03627541476331515,0.004157460186368215,0.0,4.0,1.0,0.02755685954425252,,0.9375,0.9595671250503163,"[""unseen_polygon"", ""interval_not_coverage_certified""]",empirical_oof_not_certified,0.95,source_mixture_affine
AOI-0067,2020-04-22,0.5957249119468574,0.09096090712092635,0.3133141809322163,0.0,3.0,13.0,0.008357770941625625,,0.8333333333333334,0.5957249119468574,"[""unseen_polygon"", ""interval_not_coverage_certified""]",empirical_oof_not_certified,0.95,source_mixture_affine
AOI-0067,2020-04-27,0.6740397188842709,0.22558061138754304,0.10037966972818584,0.0,8.0,8.0,0.00855355044173553,,0.6521739130434783,0.6740397188842709,"[""unseen_polygon"", ""interval_not_coverage_certified""]",empirical_oof_not_certified,0.95,source_mixture_affine
AOI-0067,2020-05-02,0.7119929160268954,0.18740876202759604,0.10059832194550823,0.0,13.0,3.0,0.011128133645261079,,0.8333333333333334,0.7119929160268954,"[""unseen_polygon"", ""interval_not_coverage_certified""]",empirical_oof_not_certified,0.95,source_mixture_affine
AOI-0067,2020-05-08,0.18776270750832388,0.1793465651612493,0.632890727330427,0.0,3.0,4.0,0.04178548967492077,,0.8333333333333334,0.632890727330427,"[""unseen_polygon"", ""interval_not_coverage_certified""]",empirical_oof_not_certified,0.95,source_mixture_affine
AOI-0067,2020-07-06,0.9184927915185439,0.08092938008358208,0.000577828397873956,0.0,5.0,2.0,0.0314327883177109,,0.8823529411764706,0.9184927915185439,"[""unseen_polygon"", ""interval_not_coverage_certified""]",empirical_oof_not_certified,0.95,source_mixture_affine
AOI-0067,2020-07-25,0.1069485649905613,0.8913552843116078,0.0016961506978309085,0.0,9.0,6.0,0.03466861842470162,,0.7142857142857143,0.8913552843116078,"[""unseen_polygon"", ""interval_not_coverage_certified""]",empirical_oof_not_certified,0.95,source_mixture_affine
AOI-0067,2020-07-26,0.7836329557323214,0.2068486427648178,0.009518401502860558,0.0,10.0,5.0,0.004993845713270745,,0.75,0.7836329557323214,"[""unseen_polygon"", ""interval_not_coverage_certified""]",empirical_oof_not_certified,0.95,source_mixture_affine
AOI-0067,2020-07-27,0.3184757205888852,0.12127610934080697,0.5602481700703079,0.0,11.0,4.0,0.029952993310358195,,0.7894736842105263,0.5602481700703079,"[""unseen_polygon"", ""interval_not_coverage_certified""]",empirical_oof_not_certified,0.95,source_mixture_affine
AOI-0067,2020-08-25,0.8426270308360156,0.15662592581087126,0.0007470433531130866,0.0,5.0,1.0,0.023524507101210707,,0.9375,0.8426270308360156,"[""unseen_polygon"", ""interval_not_coverage_certified""]",empirical_oof_not_certified,0.95,source_mixture_affine
AOI-0067,2020-10-15,0.3115368749624816,0.12203899523157416,0.5664241298059444,0.0,1.0,5.0,0.006759081203175241,,0.9375,0.5664241298059444,"[""unseen_polygon"", ""interval_not_coverage_certified""]",empirical_oof_not_certified,0.95,source_mixture_affine
AOI-0067,2021-05-16,0.06593563274892542,0.9340643672510744,0.0,0.0,4.0,1.0,0.02083268929653087,,0.9375,0.9340643672510744,"[""unseen_polygon"", ""interval_not_coverage_certified""]",empirical_oof_not_certified,0.95,source_mixture_affine
AOI-0067,2021-06-06,0.9537524041387816,0.046247595861218446,0.0,0.0,10.0,4.0,0.007963534033406106,,0.7894736842105263,0.9537524041387816,"[""unseen_polygon"", ""interval_not_coverage_certified""]",empirical_oof_not_certified,0.95,source_mixture_affine
AOI-0067,2021-06-16,0.8196131866698255,0.17961025819750098,0.0007765551326735506,0.0,5.0,5.0,0.002265369936089945,,0.75,0.8196131866698255,"[""unseen_polygon"", ""interval_not_coverage_certified""]",empirical_oof_not_certified,0.95,source_mixture_affine
AOI-0067,2021-06-18,0.33300661133571724,0.6619933886642829,0.005,0.0,7.0,3.0,0.008179723405696615,,0.8333333333333334,0.6619933886642829,"[""unseen_polygon"", ""interval_not_coverage_certified""]",empirical_oof_not_certified,0.95,source_mixture_affine
AOI-0067,2021-07-04,0.11111134340485018,0.8872955193402481,0.0015931372549019603,0.0,1.0,7.0,0.008350683644672563,,0.9375,0.8872955193402481,"[""unseen_polygon"", ""interval_not_coverage_certified""]",empirical_oof_not_certified,0.95,source_mixture_affine
AOI-0067,2021-08-30,0.9148154115987118,0.08518458840128801,0.0,0.0,1.0,5.0,0.013280433878226361,,0.9375,0.9148154115987118,"[""unseen_polygon"", ""interval_not_coverage_certified""]",empirical_oof_not_certified,0.95,source_mixture_affine
AOI-0067,2021-09-09,0.9796372927083078,0.02036270729169219,0.0,0.0,3.0,5.0,0.014182098777755114,,0.8333333333333334,0.9796372927083078,"[""unseen_polygon"", ""interval_not_coverage_certified""]",empirical_oof_not_certified,0.95,source_mixture_affine
AOI-0067,2021-10-09,0.503544497889816,0.4912174515221499,0.005238050588034107,0.0,1.0,5.0,0.021998189014454286,,0.9375,0.503544497889816,"[""unseen_polygon"", ""interval_not_coverage_certified""]",empirical_oof_not_certified,0.95,source_mixture_affine
AOI-0067,2022-04-02,0.7089811081846575,0.2867536727381804,0.004265219077161691,0.0,168.0,5.0,0.01849572148554826,,0.75,0.7089811081846575,"[""unseen_polygon"", ""interval_not_coverage_certified""]",empirical_oof_not_certified,0.95,source_mixture_affine
AOI-0067,2022-04-23,0.2337653255863504,0.09589903886561361,0.6703356355480362,0.0,6.0,2.0,0.033039956633114514,,0.8823529411764706,0.6703356355480362,"[""unseen_polygon"", ""interval_not_coverage_certified""]",empirical_oof_not_certified,0.95,source_mixture_affine
AOI-0067,2022-04-26,0.1396769692756875,0.8521667848989256,0.008156245825387409,0.0,1.0,7.0,0.007854989463532608,,0.9375,0.8521667848989256,"[""unseen_polygon"", ""interval_not_coverage_certified""]",empirical_oof_not_certified,0.95,source_mixture_affine
AOI-0067,2022-06-01,0.9253946976812483,0.07376958863808379,0.0008357136806673211,0.0,4.0,2.0,0.0058963722612285635,,0.8823529411764706,0.9253946976812483,"[""unseen_polygon"", ""interval_not_coverage_certified""]",empirical_oof_not_certified,0.95,source_mixture_affine
AOI-0067,2022-07-01,0.9408237387393421,0.05834054757999032,0.0008357136806673211,0.0,2.0,5.0,0.010674515969832044,,0.8823529411764706,0.9408237387393421,"[""unseen_polygon"", ""interval_not_coverage_certified""]",empirical_oof_not_certified,0.95,source_mixture_affine
AOI-0067,2022-08-23,0.6411264587264793,0.3456138123420061,0.013259728931514631,0.0,7.0,2.0,0.023181301695646528,,0.8823529411764706,0.6411264587264793,"[""unseen_polygon"", ""interval_not_coverage_certified""]",empirical_oof_not_certified,0.95,source_mixture_affine
AOI-0067,2022-08-24,0.10574043478812792,0.8848557813504725,0.009403783861399397,0.0,8.0,1.0,0.035133504651713554,,0.9375,0.8848557813504725,"[""unseen_polygon"", ""interval_not_coverage_certified""]",empirical_oof_not_certified,0.95,source_mixture_affine
AOI-0067,2022-08-29,0.17255809106697392,0.18694343950031073,0.6404984694327155,0.0,2.0,1.0,0.022046204344560172,,0.9375,0.6404984694327155,"[""unseen_polygon"", ""interval_not_coverage_certified""]",empirical_oof_not_certified,0.95,source_mixture_affine
AOI-0067,2022-09-01,0.33309475206015543,0.6594943211146581,0.007410926825186517,0.0,1.0,7.0,0.014378101620696637,,0.9375,0.6594943211146581,"[""unseen_polygon"", ""interval_not_coverage_certified""]",empirical_oof_not_certified,0.95,source_mixture_affine
AOI-0067,2022-09-25,0.08273663459963863,0.9133928104253564,0.0038705549750048403,0.0,11.0,4.0,0.004647697330365852,,0.7894736842105263,0.9133928104253564,"[""unseen_polygon"", ""interval_not_coverage_certified""]",empirical_oof_not_certified,0.95,source_mixture_affine
AOI-0067,2022-10-09,0.8055620891666712,0.1844438797378916,0.009994031095437417,0.0,9.0,8.0,0.035976031143030746,,0.6521739130434783,0.8055620891666712,"[""unseen_polygon"", ""interval_not_coverage_certified""]",empirical_oof_not_certified,0.95,source_mixture_affine
AOI-0067,2022-10-14,0.9411929991068884,0.05578396213856048,0.003023038754551276,0.0,14.0,3.0,0.030036377350048632,,0.8333333333333334,0.9411929991068884,"[""unseen_polygon"", ""interval_not_coverage_certified""]",empirical_oof_not_certified,0.95,source_mixture_affine
AOI-0067,2023-04-23,0.11596777496501554,0.11662947461439717,0.767402750420587,0.0,6.0,4.0,0.060416045983345754,,0.7894736842105263,0.767402750420587,"[""unseen_polygon"", ""interval_not_coverage_certified""]",empirical_oof_not_certified,0.95,source_mixture_affine
AOI-0067,2023-05-31,0.08986144366684816,0.9095749855486615,0.0005635707844905319,0.0,6.0,3.0,0.019138730738017307,,0.8333333333333334,0.9095749855486615,"[""unseen_polygon"", ""interval_not_coverage_certified""]",empirical_oof_not_certified,0.95,source_mixture_affine
AOI-0067,2023-06-30,0.15077212312794464,0.8384179570818074,0.010809919790248432,0.0,4.0,1.0,0.002102224112270068,,0.9375,0.8384179570818074,"[""unseen_polygon"", ""interval_not_coverage_certified""]",empirical_oof_not_certified,0.95,source_mixture_affine
AOI-0067,2023-07-12,0.1498760028137869,0.10630343887057299,0.74382055831564,0.0,3.0,4.0,0.029353386354502797,,0.8333333333333334,0.74382055831564,"[""unseen_polygon"", ""interval_not_coverage_certified""]",empirical_oof_not_certified,0.95,source_mixture_affine
AOI-0067,2023-07-21,0.9203269665103946,0.07967303348960504,0.0,0.0,3.0,1.0,0.012940387434997369,,0.9375,0.9203269665103946,"[""unseen_polygon"", ""interval_not_coverage_certified""]",empirical_oof_not_certified,0.95,source_mixture_affine
AOI-0067,2023-07-27,0.425736883438676,0.5643823606491648,0.009880755912159391,0.0,5.0,1.0,0.0013653280797849,,0.9375,0.5643823606491648,"[""unseen_polygon"", ""interval_not_coverage_certified""]",empirical_oof_not_certified,0.95,source_mixture_affine
AOI-0067,2023-08-26,0.26069423647272827,0.7329930633024346,0.006312700224836871,0.0,1.0,1.0,0.03050706367319178,,0.9375,0.7329930633024346,"[""unseen_polygon"", ""interval_not_coverage_certified""]",empirical_oof_not_certified,0.95,source_mixture_affine
AOI-0067,2023-09-24,0.5989447658981832,0.39708006930034484,0.003975164801471716,0.0,5.0,4.0,0.010129054070973989,,0.7894736842105263,0.5989447658981832,"[""unseen_polygon"", ""interval_not_coverage_certified""]",empirical_oof_not_certified,0.95,source_mixture_affine
AOI-0067,2023-09-27,0.6930623490494824,0.30349837929228385,0.0034392716582339177,0.0,8.0,1.0,0.012398966958448124,,0.9375,0.6930623490494824,"[""unseen_polygon"", ""interval_not_coverage_certified""]",empirical_oof_not_certified,0.95,source_mixture_affine
AOI-0067,2023-10-05,0.09267101407920439,0.902463594425837,0.0048653914949588276,0.0,1.0,1.0,0.003314001204413733,,0.9375,0.902463594425837,"[""unseen_polygon"", ""interval_not_coverage_certified""]",empirical_oof_not_certified,0.95,source_mixture_affine
AOI-0067,2023-10-13,0.10401181966254164,0.8921962494848807,0.003791930852577478,0.0,2.0,1.0,0.030505897559577194,,0.9375,0.8921962494848807,"[""unseen_polygon"", ""interval_not_coverage_certified""]",empirical_oof_not_certified,0.95,source_mixture_affine
AOI-0067,2024-04-01,0.9342264733196801,0.06123325931807644,0.004540267362243233,0.0,154.0,5.0,0.015616126108789874,,0.75,0.9342264733196801,"[""unseen_polygon"", ""interval_not_coverage_certified""]",empirical_oof_not_certified,0.95,source_mixture_affine
AOI-0067,2024-04-11,0.9603552246174358,0.036907086847883325,0.002737688534680754,0.0,4.0,3.0,0.007233742066741586,,0.8333333333333334,0.9603552246174358,"[""unseen_polygon"", ""interval_not_coverage_certified""]",empirical_oof_not_certified,0.95,source_mixture_affine
AOI-0067,2024-05-09,0.5434616241885647,0.4520199743085749,0.004518401502860559,0.0,1.0,2.0,0.02941236889315557,,0.9375,0.5434616241885647,"[""unseen_polygon"", ""interval_not_coverage_certified""]",empirical_oof_not_certified,0.95,source_mixture_affine
AOI-0067,2024-05-24,0.5017704505289861,0.26641093437397245,0.2318186150970413,0.0,3.0,1.0,0.006148286688865523,,0.9375,0.5017704505289861,"[""unseen_polygon"", ""interval_not_coverage_certified""]",empirical_oof_not_certified,0.95,source_mixture_affine
AOI-0067,2024-07-05,0.8788331321191686,0.1211668678808313,0.0,0.0,2.0,6.0,0.01885463433470591,,0.8823529411764706,0.8788331321191686,"[""unseen_polygon"", ""interval_not_coverage_certified""]",empirical_oof_not_certified,0.95,source_mixture_affine
AOI-0067,2024-07-10,0.47006072460300286,0.521807009247077,0.008132266149919895,0.0,7.0,1.0,0.02048943069376208,,0.9375,0.521807009247077,"[""unseen_polygon"", ""interval_not_coverage_certified""]",empirical_oof_not_certified,0.95,source_mixture_affine
AOI-0067,2024-08-29,0.8353466326785075,0.16465336732149233,0.0,0.0,1.0,7.0,0.024660966907860057,,0.9375,0.8353466326785075,"[""unseen_polygon"", ""interval_not_coverage_certified""]",empirical_oof_not_certified,0.95,source_mixture_affine
AOI-0067,2024-09-06,0.5982197998972435,0.3994644795891936,0.0023157205135627104,0.0,1.0,2.0,0.0011036457324369309,,0.9375,0.5982197998972435,"[""unseen_polygon"", ""interval_not_coverage_certified""]",empirical_oof_not_certified,0.95,source_mixture_affine
AOI-0067,2024-09-23,0.846967660927194,0.1452085261013772,0.007823812971428857,0.0,1.0,5.0,0.009320356700487989,,0.9375,0.846967660927194,"[""unseen_polygon"", ""interval_not_coverage_certified""]",empirical_oof_not_certified,0.95,source_mixture_affine
AOI-0067,2025-04-17,0.14522453057506535,0.8416459091886584,0.013129560236276618,0.0,1.0,1.0,0.028561023344002776,,0.9375,0.8416459091886584,"[""unseen_polygon"", ""interval_not_coverage_certified""]",empirical_oof_not_certified,0.95,source_mixture_affine
AOI-0067,2025-04-23,0.16061517664501349,0.08224987180749398,0.7571349515474926,0.0,2.0,8.0,0.05234560701397603,,0.8823529411764706,0.7571349515474926,"[""unseen_polygon"", ""interval_not_coverage_certified""]",empirical_oof_not_certified,0.95,source_mixture_affine
AOI-0067,2025-04-28,0.8822024114489598,0.10267326176055029,0.01512432679049014,0.0,7.0,3.0,0.011036475512913507,,0.8333333333333334,0.8822024114489598,"[""unseen_polygon"", ""interval_not_coverage_certified""]",empirical_oof_not_certified,0.95,source_mixture_affine
AOI-0067,2025-06-05,0.7565098692146256,0.22814151022958248,0.015348620555791923,0.0,1.0,2.0,0.008403545463210302,,0.9375,0.7565098692146256,"[""unseen_polygon"", ""interval_not_coverage_certified""]",empirical_oof_not_certified,0.95,source_mixture_affine
AOI-0067,2025-06-21,0.3055294713253653,0.694470528674635,0.0,0.0,4.0,4.0,0.015078866471570349,,0.7894736842105263,0.694470528674635,"[""unseen_polygon"", ""interval_not_coverage_certified""]",empirical_oof_not_certified,0.95,source_mixture_affine
AOI-0067,2025-06-26,0.026967002869994136,0.018381574891039486,0.9546514222389662,0.0,1.0,2.0,0.037157957877898384,,0.9375,0.9546514222389662,"[""unseen_polygon"", ""interval_not_coverage_certified""]",empirical_oof_not_certified,0.95,source_mixture_affine
AOI-0067,2025-07-05,0.6612696340249457,0.32280391702138844,0.015926448953665878,0.0,5.0,1.0,0.00484037339545168,,0.9375,0.6612696340249457,"[""unseen_polygon"", ""interval_not_coverage_certified""]",empirical_oof_not_certified,0.95,source_mixture_affine
AOI-0067,2025-07-14,0.604484649651443,0.39551535034855695,0.0,0.0,2.0,3.0,0.047767659041499044,,0.8823529411764706,0.604484649651443,"[""unseen_polygon"", ""interval_not_coverage_certified""]",empirical_oof_not_certified,0.95,source_mixture_affine
AOI-0067,2025-07-15,0.7735691679648032,0.21335164898734088,0.013079183047856087,0.0,3.0,2.0,0.04158871232634631,,0.8823529411764706,0.7735691679648032,"[""unseen_polygon"", ""interval_not_coverage_certified""]",empirical_oof_not_certified,0.95,source_mixture_affine
AOI-0067,2025-08-06,0.631776837329625,0.3551439796225189,0.013079183047856087,0.0,7.0,1.0,0.009911538399203224,,0.9375,0.631776837329625,"[""unseen_polygon"", ""interval_not_coverage_certified""]",empirical_oof_not_certified,0.95,source_mixture_affine
AOI-0067,2025-09-01,0.6399215969581586,0.3469992199939854,0.013079183047856087,0.0,1.0,7.0,0.014609521365652911,,0.9375,0.6399215969581586,"[""unseen_polygon"", ""interval_not_coverage_certified""]",empirical_oof_not_certified,0.95,source_mixture_affine
AOI-0067,2025-09-23,0.592555962081841,0.39222810273355097,0.015215935184608223,0.0,6.0,1.0,0.007213138079845638,,0.9375,0.592555962081841,"[""unseen_polygon"", ""interval_not_coverage_certified""]",empirical_oof_not_certified,0.95,source_mixture_affine
AOI-0067,2025-10-03,0.8802246261744677,0.11763862168878018,0.0021367521367521365,0.0,1.0,5.0,0.005841071424048272,,0.9375,0.8802246261744677,"[""unseen_polygon"", ""interval_not_coverage_certified""]",empirical_oof_not_certified,0.95,source_mixture_affine
AOI-0068,2010-04-16,0.00209693092562025,0.9870681411797925,0.010834927894587128,0.0,9.0,7.0,0.01400827876657662,,0.6818181818181818,0.9870681411797925,"[""unseen_polygon"", ""interval_not_coverage_certified""]",empirical_oof_not_certified,0.95,source_mixture_affine
AOI-0068,2010-05-02,0.0005167324797574887,0.9949651713468384,0.004518096173404055,0.0,7.0,23.0,0.022316554158520074,,0.6818181818181818,0.9949651713468384,"[""unseen_polygon"", ""interval_not_coverage_certified""]",empirical_oof_not_certified,0.95,source_mixture_affine
AOI-0068,2010-05-09,0.04656112193676949,0.24464272770658835,0.708796150356642,0.0,14.0,16.0,0.004588843802055709,,0.5172413793103449,0.708796150356642,"[""unseen_polygon"", ""interval_not_coverage_certified""]",empirical_oof_not_certified,0.95,source_mixture_affine
AOI-0068,2010-06-20,0.009341303320346897,0.9906586966796531,0.0,0.0,1.0,6.0,0.01319081480478504,,0.9375,0.9906586966796531,"[""unseen_polygon"", ""interval_not_coverage_certified""]",empirical_oof_not_certified,0.95,source_mixture_affine
AOI-0068,2010-07-13,0.0,0.9954678518203108,0.0045321481796891635,0.0,1.0,8.0,0.000426578795731658,,0.9375,0.9954678518203108,"[""unseen_polygon"", ""interval_not_coverage_certified""]",empirical_oof_not_certified,0.95,source_mixture_affine
AOI-0068,2010-07-14,0.06022166688889074,0.9317598721212736,0.008018460989835597,0.0,2.0,7.0,0.013418246062479156,,0.8823529411764706,0.9317598721212736,"[""unseen_polygon"", ""interval_not_coverage_certified""]",empirical_oof_not_certified,0.95,source_mixture_affine
AOI-0068,2010-07-28,0.021327632314448106,0.34889683680034844,0.6297755308852035,0.0,7.0,1.0,0.02532041267840643,,0.9375,0.6297755308852035,"[""unseen_polygon"", ""interval_not_coverage_certified""]",empirical_oof_not_certified,0.95,source_mixture_affine
AOI-0068,2010-08-07,0.0018714322124176788,0.9981285677875823,0.0,0.0,1.0,6.0,0.009922809001149446,,0.9375,0.9981285677875823,"[""unseen_polygon"", ""interval_not_coverage_certified""]",empirical_oof_not_certified,0.95,source_mixture_affine
AOI-0068,2010-08-29,0.03091588164190064,0.5017171980370478,0.46736692032105137,0.0,6.0,1.0,0.022427729511705713,,0.9375,0.5017171980370478,"[""unseen_polygon"", ""interval_not_coverage_certified""]",empirical_oof_not_certified,0.95,source_mixture_affine
AOI-0068,2011-04-07,0.03579102164773723,0.1697395979517263,0.7944693804005364,0.0,163.0,12.0,0.01651222854422535,,0.5555555555555556,0.7944693804005364,"[""unseen_polygon"", ""interval_not_coverage_certified""]",empirical_oof_not_certified,0.95,source_mixture_affine
AOI-0068,2011-05-30,0.0005676259309858534,0.9994323740690142,0.0,0.0,5.0,7.0,0.014973124832872053,,0.75,0.9994323740690142,"[""unseen_polygon"", ""interval_not_coverage_certified""]",empirical_oof_not_certified,0.95,source_mixture_affine
AOI-0068,2011-06-15,0.004381649952900541,0.9956183500470995,0.0,0.0,5.0,7.0,0.01685533783258089,,0.75,0.9956183500470995,"[""unseen_polygon"", ""interval_not_coverage_certified""]",empirical_oof_not_certified,0.95,source_mixture_affine
AOI-0068,2011-06-23,0.0027381133185122343,0.9972618866814877,0.0,0.0,1.0,3.0,0.012672205977103002,,0.9375,0.9972618866814877,"[""unseen_polygon"", ""interval_not_coverage_certified""]",empirical_oof_not_certified,0.95,source_mixture_affine
AOI-0068,2011-07-16,0.0011643989943403653,0.9988356010056597,0.0,0.0,4.0,1.0,0.012151005387000091,,0.9375,0.9988356010056597,"[""unseen_polygon"", ""interval_not_coverage_certified""]",empirical_oof_not_certified,0.95,source_mixture_affine
AOI-0068,2011-08-09,0.0009789822508933714,0.9990210177491066,0.0,0.0,7.0,1.0,0.012303111727154217,,0.9375,0.9990210177491066,"[""unseen_polygon"", ""interval_not_coverage_certified""]",empirical_oof_not_certified,0.95,source_mixture_affine
AOI-0068,2011-09-03,0.010648743637490212,0.9893512563625098,0.0,0.0,1.0,7.0,0.009688680693569249,,0.9375,0.9893512563625098,"[""unseen_polygon"", ""interval_not_coverage_certified""]",empirical_oof_not_certified,0.95,source_mixture_affine
AOI-0068,2012-07-27,0.014140241141292443,0.4122078870669795,0.5736518717917278,0.0,9.0,16.0,0.0231155322794806,,0.625,0.5736518717917278,"[""unseen_polygon"", ""interval_not_coverage_certified""]",empirical_oof_not_certified,0.95,source_mixture_affine
AOI-0068,2012-08-03,0.0,1.0,0.0,0.0,16.0,9.0,0.011428742006008075,,0.625,1.0,"[""unseen_polygon"", ""interval_not_coverage_certified""]",empirical_oof_not_certified,0.95,source_mixture_affine
AOI-0068,2012-10-22,0.007040325978644441,0.9800595468318752,0.01290012718948031,0.0,7.0,167.0,0.014766688791581994,,0.6818181818181818,0.9800595468318752,"[""unseen_polygon"", ""interval_not_coverage_certified""]",empirical_oof_not_certified,0.95,source_mixture_affine
AOI-0068,2013-06-19,0.0016212878928196577,0.9983787121071803,0.0,0.0,7.0,7.0,0.006772616428217693,,0.6818181818181818,0.9983787121071803,"[""unseen_polygon"", ""interval_not_coverage_certified""]",empirical_oof_not_certified,0.95,source_mixture_affine
AOI-0068,2013-06-27,0.002516842188502436,0.9974831578114975,0.0,0.0,1.0,1.0,0.006337585039214139,,0.9375,0.9974831578114975,"[""unseen_polygon"", ""interval_not_coverage_certified""]",empirical_oof_not_certified,0.95,source_mixture_affine
AOI-0068,2013-07-28,0.02410610973791085,0.5797765729662215,0.39611731729586763,0.0,6.0,1.0,0.0006776066277938697,,0.9375,0.5797765729662215,"[""unseen_polygon"", ""interval_not_coverage_certified""]",empirical_oof_not_certified,0.95,source_mixture_affine
AOI-0068,2014-04-27,0.0012406143815820638,0.998759385618418,0.0,0.0,4.0,12.0,0.08662410407733767,,0.7894736842105263,0.998759385618418,"[""unseen_polygon"", ""interval_not_coverage_certified""]",empirical_oof_not_certified,0.95,source_mixture_affine
AOI-0068,2014-07-28,0.06894239447624473,0.21952502347654293,0.7115325820472126,0.0,4.0,4.0,0.022175008394419077,,0.7894736842105263,0.7115325820472126,"[""unseen_polygon"", ""interval_not_coverage_certified""]",empirical_oof_not_certified,0.95,source_mixture_affine
AOI-0068,2014-08-17,0.0009789822508933714,0.9990210177491066,0.0,0.0,4.0,1.0,0.008905734078873823,,0.9375,0.9990210177491066,"[""unseen_polygon"", ""interval_not_coverage_certified""]",empirical_oof_not_certified,0.95,source_mixture_affine
AOI-0068,2014-08-25,0.009214202801621477,0.9907857971983784,0.0,0.0,7.0,1.0,0.0018121154143753981,,0.9375,0.9907857971983784,"[""unseen_polygon"", ""interval_not_coverage_certified""]",empirical_oof_not_certified,0.95,source_mixture_affine
AOI-0068,2014-10-05,0.00378047407074337,0.9921900918955636,0.004029434033692978,0.0,1.0,7.0,0.0010790268485390275,,0.9375,0.9921900918955636,"[""unseen_polygon"", ""interval_not_coverage_certified""]",empirical_oof_not_certified,0.95,source_mixture_affine
AOI-0068,2014-10-16,0.05774182763775344,0.2418783319917803,0.7003798403704664,0.0,4.0,12.0,0.028329557121425805,,0.7894736842105263,0.7003798403704664,"[""unseen_polygon"", ""interval_not_coverage_certified""]",empirical_oof_not_certified,0.95,source_mixture_affine
AOI-0068,2014-10-29,0.03117508282533688,0.9421626170615659,0.026662300113097254,0.0,1.0,160.0,0.0001153353580049532,,0.9375,0.9421626170615659,"[""unseen_polygon"", ""interval_not_coverage_certified""]",empirical_oof_not_certified,0.95,source_mixture_affine
AOI-0068,2015-06-09,0.0023455995557378814,0.9976544004442621,0.0,0.0,7.0,1.0,0.0027366739033924947,,0.9375,0.9976544004442621,"[""unseen_polygon"", ""interval_not_coverage_certified""]",empirical_oof_not_certified,0.95,source_mixture_affine
AOI-0068,2015-07-27,0.008333535263670337,0.9916664647363295,0.0,0.0,7.0,1.0,0.003841616714848173,,0.9375,0.9916664647363295,"[""unseen_polygon"", ""interval_not_coverage_certified""]",empirical_oof_not_certified,0.95,source_mixture_affine
AOI-0068,2015-08-04,0.008843367739606523,0.9911566322603934,0.0,0.0,7.0,1.0,0.0006971133281148678,,0.9375,0.9911566322603934,"[""unseen_polygon"", ""interval_not_coverage_certified""]",empirical_oof_not_certified,0.95,source_mixture_affine
AOI-0068,2016-05-02,0.0030048484667381846,0.9969951515332618,0.0,0.0,7.0,1.0,0.010306206453739253,,0.9375,0.9969951515332618,"[""unseen_polygon"", ""interval_not_coverage_certified""]",empirical_oof_not_certified,0.95,source_mixture_affine
AOI-0068,2016-05-11,0.010315392378414107,0.987053239791662,0.0026313678299237867,0.0,1.0,7.0,0.009509345443010797,,0.9375,0.987053239791662,"[""unseen_polygon"", ""interval_not_coverage_certified""]",empirical_oof_not_certified,0.95,source_mixture_affine
AOI-0068,2016-07-14,0.0016513067838275777,0.9957173253862487,0.0026313678299237867,0.0,1.0,8.0,0.004667402418051192,,0.9375,0.9957173253862487,"[""unseen_polygon"", ""interval_not_coverage_certified""]",empirical_oof_not_certified,0.95,source_mixture_affine
AOI-0068,2016-08-28,0.04108890424597849,0.24496378307648417,0.7139473126775379,0.0,5.0,2.0,0.028684521312988515,,0.8823529411764706,0.7139473126775379,"[""unseen_polygon"", ""interval_not_coverage_certified""]",empirical_oof_not_certified,0.95,source_mixture_affine
AOI-0068,2016-09-13,0.0425467398897141,0.5230127160638247,0.4344405440464611,0.0,5.0,2.0,0.03547151942412306,,0.8823529411764706,0.5230127160638247,"[""unseen_polygon"", ""interval_not_coverage_certified""]",empirical_oof_not_certified,0.95,source_mixture_affine
AOI-0068,2016-09-29,0.07448849747516365,0.24582887690702798,0.6796826256178083,0.0,13.0,2.0,0.01760529707336106,,0.8823529411764706,0.6796826256178083,"[""unseen_polygon"", ""interval_not_coverage_certified""]",empirical_oof_not_certified,0.95,source_mixture_affine
AOI-0068,2017-05-14,0.19862654077153696,0.7913734592284629,0.01,0.0,5.0,7.0,0.02802414012429666,,0.75,0.7913734592284629,"[""unseen_polygon"", ""interval_not_coverage_certified""]",empirical_oof_not_certified,0.95,source_mixture_affine
AOI-0068,2017-06-10,0.11457631775044629,0.17214739689220326,0.7132762853573504,0.0,3.0,5.0,0.015434352543549967,,0.8333333333333334,0.7132762853573504,"[""unseen_polygon"", ""interval_not_coverage_certified""]",empirical_oof_not_certified,0.95,source_mixture_affine
AOI-0068,2017-06-22,0.053303574477316686,0.9461257816375241,0.0005706438851589169,0.0,7.0,4.0,0.016220449195218534,,0.7894736842105263,0.9461257816375241,"[""unseen_polygon"", ""interval_not_coverage_certified""]",empirical_oof_not_certified,0.95,source_mixture_affine
AOI-0068,2017-06-27,0.7765077418891373,0.21280536767209463,0.01068689043876824,0.0,1.0,3.0,0.015421053484765412,,0.9375,0.7765077418891373,"[""unseen_polygon"", ""interval_not_coverage_certified""]",empirical_oof_not_certified,0.95,source_mixture_affine
AOI-0068,2017-07-12,0.23093712492287838,0.08941372045684778,0.6796491546202738,0.0,3.0,4.0,0.01870415242336998,,0.8333333333333334,0.6796491546202738,"[""unseen_polygon"", ""interval_not_coverage_certified""]",empirical_oof_not_certified,0.95,source_mixture_affine
AOI-0068,2017-08-02,0.0759877834472841,0.9191916487969581,0.0048205677557579,0.0,1.0,4.0,0.02037528210409327,,0.9375,0.9191916487969581,"[""unseen_polygon"", ""interval_not_coverage_certified""]",empirical_oof_not_certified,0.95,source_mixture_affine
AOI-0068,2017-08-11,0.8526367398895545,0.13031921103241104,0.01704404907803448,0.0,1.0,6.0,0.008922150457620681,,0.9375,0.8526367398895545,"[""unseen_polygon"", ""interval_not_coverage_certified""]",empirical_oof_not_certified,0.95,source_mixture_affine
AOI-0068,2017-08-13,0.27329825980686123,0.08034579284697163,0.6463559473461671,0.0,3.0,4.0,0.02018814273344649,,0.8333333333333334,0.6463559473461671,"[""unseen_polygon"", ""interval_not_coverage_certified""]",empirical_oof_not_certified,0.95,source_mixture_affine
AOI-0068,2017-09-02,0.06195524367956085,0.938044756320439,0.0,0.0,4.0,8.0,0.027945615291882525,,0.7894736842105263,0.938044756320439,"[""unseen_polygon"", ""interval_not_coverage_certified""]",empirical_oof_not_certified,0.95,source_mixture_affine
AOI-0068,2017-09-03,0.24396227517008903,0.7560377248299109,0.0,0.0,5.0,7.0,0.01227596592494104,,0.75,0.7560377248299109,"[""unseen_polygon"", ""interval_not_coverage_certified""]",empirical_oof_not_certified,0.95,source_mixture_affine
AOI-0068,2018-04-28,0.4207873329537785,0.5752375022447498,0.003975164801471716,0.0,5.0,2.0,0.04337060673440574,,0.8823529411764706,0.5752375022447498,"[""unseen_polygon"", ""interval_not_coverage_certified""]",empirical_oof_not_certified,0.95,source_mixture_affine
AOI-0068,2018-05-09,0.13378437871583992,0.16814581312441124,0.698069808159749,0.0,6.0,7.0,0.027478825222527314,,0.7142857142857143,0.698069808159749,"[""unseen_polygon"", ""interval_not_coverage_certified""]",empirical_oof_not_certified,0.95,source_mixture_affine
AOI-0068,2018-06-07,0.477324883394174,0.5127852062408292,0.009889910364996691,0.0,5.0,2.0,0.012528841799750792,,0.8823529411764706,0.5127852062408292,"[""unseen_polygon"", ""interval_not_coverage_certified""]",empirical_oof_not_certified,0.95,source_mixture_affine
AOI-0068,2018-07-11,0.037149260883116694,0.9628507391168835,0.0,0.0,9.0,1.0,0.019342563700155732,,0.9375,0.9628507391168835,"[""unseen_polygon"", ""interval_not_coverage_certified""]",empirical_oof_not_certified,0.95,source_mixture_affine
AOI-0068,2018-08-28,0.015218043577464358,0.9847819564225356,0.0,0.0,7.0,1.0,0.011153968816641657,,0.9375,0.9847819564225356,"[""unseen_polygon"", ""interval_not_coverage_certified""]",empirical_oof_not_certified,0.95,source_mixture_affine
AOI-0068,2018-09-06,0.023816600830896994,0.9761833991691029,0.0,0.0,8.0,7.0,0.010342456877691975,,0.6818181818181818,0.9761833991691029,"[""unseen_polygon"", ""interval_not_coverage_certified""]",empirical_oof_not_certified,0.95,source_mixture_affine
AOI-0068,2018-09-21,0.01826473975483798,0.9817352602451621,0.0,0.0,7.0,1.0,0.004688111289876201,,0.9375,0.9817352602451621,"[""unseen_polygon"", ""interval_not_coverage_certified""]",empirical_oof_not_certified,0.95,source_mixture_affine
AOI-0068,2019-05-25,0.2817181556515919,0.06946765024922547,0.6488141940991826,0.0,5.0,2.0,0.009395254087735894,,0.8823529411764706,0.6488141940991826,"[""unseen_polygon"", ""interval_not_coverage_certified""]",empirical_oof_not_certified,0.95,source_mixture_affine
AOI-0068,2019-05-28,0.7607848641756613,0.22638315283342306,0.012831982990915383,0.0,1.0,5.0,0.014350189080959419,,0.9375,0.7607848641756613,"[""unseen_polygon"", ""interval_not_coverage_certified""]",empirical_oof_not_certified,0.95,source_mixture_affine
AOI-0068,2019-06-28,0.16771379573724635,0.832286204262754,0.0,0.0,1.0,8.0,0.010340015294794586,,0.9375,0.832286204262754,"[""unseen_polygon"", ""interval_not_coverage_certified""]",empirical_oof_not_certified,0.95,source_mixture_affine
AOI-0068,2019-08-07,0.18934530396811022,0.8066795312304182,0.003975164801471716,0.0,1.0,1.0,0.004324027411927445,,0.9375,0.8066795312304182,"[""unseen_polygon"", ""interval_not_coverage_certified""]",empirical_oof_not_certified,0.95,source_mixture_affine
AOI-0068,2019-09-01,0.21037700137401477,0.7896229986259854,0.0,0.0,1.0,7.0,0.0177170737604653,,0.9375,0.7896229986259854,"[""unseen_polygon"", ""interval_not_coverage_certified""]",empirical_oof_not_certified,0.95,source_mixture_affine
AOI-0068,2019-09-05,0.8437119161680261,0.14861826514344753,0.007669818688526389,0.0,5.0,3.0,0.004928338882887767,,0.8333333333333334,0.8437119161680261,"[""unseen_polygon"", ""interval_not_coverage_certified""]",empirical_oof_not_certified,0.95,source_mixture_affine
AOI-0068,2019-09-15,0.8134517555764768,0.18612246317352288,0.0004257812499999999,0.0,1.0,1.0,0.022222742275892382,,0.9375,0.8134517555764768,"[""unseen_polygon"", ""interval_not_coverage_certified""]",empirical_oof_not_certified,0.95,source_mixture_affine
AOI-0068,2019-09-24,0.4817191094423397,0.5046562191660992,0.013624671391561047,0.0,7.0,9.0,0.039501949442467696,,0.6818181818181818,0.5046562191660992,"[""unseen_polygon"", ""interval_not_coverage_certified""]",empirical_oof_not_certified,0.95,source_mixture_affine
AOI-0068,2019-09-25,0.8125839531201028,0.17652389391786671,0.010892152962030437,0.0,8.0,8.0,0.00616995409017955,,0.6521739130434783,0.8125839531201028,"[""unseen_polygon"", ""interval_not_coverage_certified""]",empirical_oof_not_certified,0.95,source_mixture_affine
AOI-0068,2019-09-30,0.22154283835681127,0.11194808502823353,0.6665090766149554,0.0,13.0,3.0,0.034992883347001305,,0.8333333333333334,0.6665090766149554,"[""unseen_polygon"", ""interval_not_coverage_certified""]",empirical_oof_not_certified,0.95,source_mixture_affine
AOI-0068,2019-10-02,0.37713749426977067,0.609904554688507,0.012957951041722203,0.0,15.0,1.0,0.0159396125718448,,0.9375,0.609904554688507,"[""unseen_polygon"", ""interval_not_coverage_certified""]",empirical_oof_not_certified,0.95,source_mixture_affine
AOI-0068,2019-10-25,0.5492782575189594,0.43671280573562754,0.014008936745413066,0.0,5.0,1.0,0.0021799625932641398,,0.9375,0.5492782575189594,"[""unseen_polygon"", ""interval_not_coverage_certified""]",empirical_oof_not_certified,0.95,source_mixture_affine
AOI-0068,2020-04-02,0.6017032993022424,0.3387973796386487,0.059499321059109024,0.0,158.0,1.0,0.02003332024042409,,0.9375,0.6017032993022424,"[""unseen_polygon"", ""interval_not_coverage_certified""]",empirical_oof_not_certified,0.95,source_mixture_affine
AOI-0068,2020-04-06,0.1153411159742202,0.13672671255292734,0.7479321714728525,0.0,3.0,1.0,0.019280017683521944,,0.9375,0.7479321714728525,"[""unseen_polygon"", ""interval_not_coverage_certified""]",empirical_oof_not_certified,0.95,source_mixture_affine
AOI-0068,2020-04-12,0.8603959705916198,0.12452653198469882,0.015077497423681158,0.0,5.0,5.0,0.00831637139188307,,0.75,0.8603959705916198,"[""unseen_polygon"", ""interval_not_coverage_certified""]",empirical_oof_not_certified,0.95,source_mixture_affine
AOI-0068,2020-04-19,0.08823550402366478,0.9117644959763349,0.0,0.0,2.0,3.0,0.019727129856838582,,0.8823529411764706,0.9117644959763349,"[""unseen_polygon"", ""interval_not_coverage_certified""]",empirical_oof_not_certified,0.95,source_mixture_affine
AOI-0068,2020-06-26,0.9477171573856772,0.0522828426143225,0.0,0.0,1.0,4.0,0.04189393528812209,,0.9375,0.9477171573856772,"[""unseen_polygon"", ""interval_not_coverage_certified""]",empirical_oof_not_certified,0.95,source_mixture_affine
AOI-0068,2020-07-27,0.2870049833901344,0.13834000178409378,0.5746550148257717,0.0,1.0,9.0,0.02179536797570364,,0.9375,0.5746550148257717,"[""unseen_polygon"", ""interval_not_coverage_certified""]",empirical_oof_not_certified,0.95,source_mixture_affine
AOI-0068,2020-07-31,0.5852008722701448,0.40518150294273847,0.009617624787116346,0.0,5.0,5.0,0.0002526086601845612,,0.75,0.5852008722701448,"[""unseen_polygon"", ""interval_not_coverage_certified""]",empirical_oof_not_certified,0.95,source_mixture_affine
AOI-0068,2020-09-03,0.07553678210682352,0.9233582221268766,0.0011049957662997462,0.0,1.0,1.0,0.011933243996523984,,0.9375,0.9233582221268766,"[""unseen_polygon"", ""interval_not_coverage_certified""]",empirical_oof_not_certified,0.95,source_mixture_affine
AOI-0068,2020-10-05,0.38381202183891544,0.6161879781610845,0.0,0.0,6.0,4.0,0.005589215503386563,,0.7894736842105263,0.6161879781610845,"[""unseen_polygon"", ""interval_not_coverage_certified""]",empirical_oof_not_certified,0.95,source_mixture_affine
AOI-0068,2020-10-20,0.4011439430682,0.5679347886312397,0.030921268300560426,0.0,6.0,1.0,0.001145092691072075,,0.9375,0.5679347886312397,"[""unseen_polygon"", ""interval_not_coverage_certified""]",empirical_oof_not_certified,0.95,source_mixture_affine
AOI-0068,2021-05-01,0.2341815093984734,0.7571950951634611,0.00862339543806518,0.0,8.0,1.0,0.04256105318878378,,0.9375,0.7571950951634611,"[""unseen_polygon"", ""interval_not_coverage_certified""]",empirical_oof_not_certified,0.95,source_mixture_affine
AOI-0068,2021-05-16,0.06259620994493101,0.9374037900550689,0.0,0.0,4.0,1.0,0.03195985137540047,,0.9375,0.9374037900550689,"[""unseen_polygon"", ""interval_not_coverage_certified""]",empirical_oof_not_certified,0.95,source_mixture_affine
AOI-0068,2021-06-11,0.9169020847408249,0.0830979152591751,0.0,0.0,1.0,7.0,0.022044377256791925,,0.9375,0.9169020847408249,"[""unseen_polygon"", ""interval_not_coverage_certified""]",empirical_oof_not_certified,0.95,source_mixture_affine
AOI-0068,2021-06-16,0.841094339478832,0.15738126773047728,0.0015243927906908494,0.0,6.0,2.0,0.03997330916556202,,0.8823529411764706,0.841094339478832,"[""unseen_polygon"", ""interval_not_coverage_certified""]",empirical_oof_not_certified,0.95,source_mixture_affine
AOI-0068,2021-07-19,0.7716687575308643,0.2278707486865553,0.00046049378257992303,0.0,3.0,1.0,0.003018923680212393,,0.9375,0.7716687575308643,"[""unseen_polygon"", ""interval_not_coverage_certified""]",empirical_oof_not_certified,0.95,source_mixture_affine
AOI-0068,2021-07-31,0.9612019664915895,0.03879803350841048,0.0,0.0,3.0,5.0,0.004441994808723065,,0.8333333333333334,0.9612019664915895,"[""unseen_polygon"", ""interval_not_coverage_certified""]",empirical_oof_not_certified,0.95,source_mixture_affine
AOI-0068,2021-09-30,0.21763360965099707,0.34491580588556303,0.4374505844634398,0.0,11.0,7.0,0.013376144390075784,,0.6818181818181818,0.4374505844634398,"[""unseen_polygon"", ""interval_not_coverage_certified""]",empirical_oof_not_certified,0.95,source_mixture_affine
AOI-0068,2022-04-02,0.6916095191928356,0.30355461784484367,0.0048358629623206075,0.0,168.0,5.0,0.02676995856053302,,0.75,0.6916095191928356,"[""unseen_polygon"", ""interval_not_coverage_certified""]",empirical_oof_not_certified,0.95,source_mixture_affine
AOI-0068,2022-04-12,0.8524363161698045,0.13043285533525178,0.01713082849494408,0.0,2.0,5.0,0.0298159068703151,,0.8823529411764706,0.8524363161698045,"[""unseen_polygon"", ""interval_not_coverage_certified""]",empirical_oof_not_certified,0.95,source_mixture_affine
AOI-0068,2022-04-23,0.22576856318721159,0.09161561725853536,0.6826158195542531,0.0,6.0,2.0,0.02681407080305137,,0.8823529411764706,0.6826158195542531,"[""unseen_polygon"", ""interval_not_coverage_certified""]",empirical_oof_not_certified,0.95,source_mixture_affine
AOI-0068,2022-05-12,0.8234438445050658,0.17459265699378768,0.0019634985011461824,0.0,1.0,5.0,0.006161274846214149,,0.9375,0.8234438445050658,"[""unseen_polygon"", ""interval_not_coverage_certified""]",empirical_oof_not_certified,0.95,source_mixture_affine
AOI-0068,2022-05-27,0.42754268805165446,0.5684821471468737,0.003975164801471716,0.0,2.0,1.0,0.04150182749426495,,0.9375,0.5684821471468737,"[""unseen_polygon"", ""interval_not_coverage_certified""]",empirical_oof_not_certified,0.95,source_mixture_affine
AOI-0068,2022-06-08,0.3418728603005978,0.6518144394745653,0.006312700224836871,0.0,2.0,2.0,0.0036896173906916796,,0.8823529411764706,0.6518144394745653,"[""unseen_polygon"", ""interval_not_coverage_certified""]",empirical_oof_not_certified,0.95,source_mixture_affine
AOI-0068,2022-06-20,0.06633117280649296,0.933668827193507,0.0,0.0,4.0,1.0,0.029268489660568567,,0.9375,0.933668827193507,"[""unseen_polygon"", ""interval_not_coverage_certified""]",empirical_oof_not_certified,0.95,source_mixture_affine
AOI-0068,2022-07-01,0.9314296875262146,0.06773459879311781,0.0008357136806673211,0.0,2.0,5.0,0.009181162016293903,,0.8823529411764706,0.9314296875262146,"[""unseen_polygon"", ""interval_not_coverage_certified""]",empirical_oof_not_certified,0.95,source_mixture_affine
AOI-0068,2022-07-14,0.7609822502059199,0.2381820361134129,0.0008357136806673211,0.0,2.0,1.0,0.022370889169759767,,0.9375,0.7609822502059199,"[""unseen_polygon"", ""interval_not_coverage_certified""]",empirical_oof_not_certified,0.95,source_mixture_affine
AOI-0068,2022-07-30,0.08854601399865357,0.9083988315906228,0.003055154410723864,0.0,1.0,1.0,0.02582036649651645,,0.9375,0.9083988315906228,"[""unseen_polygon"", ""interval_not_coverage_certified""]",empirical_oof_not_certified,0.95,source_mixture_affine
AOI-0068,2022-08-15,0.8029641348904178,0.1950273268258012,0.002008538283780408,0.0,2.0,1.0,0.018767555858960894,,0.9375,0.8029641348904178,"[""unseen_polygon"", ""interval_not_coverage_certified""]",empirical_oof_not_certified,0.95,source_mixture_affine
AOI-0068,2023-04-03,0.4829410752011126,0.510469514051332,0.006589410747555436,0.0,166.0,1.0,0.05572860346674646,,0.9375,0.510469514051332,"[""unseen_polygon"", ""interval_not_coverage_certified""]",empirical_oof_not_certified,0.95,source_mixture_affine
AOI-0068,2023-04-17,0.9612235868963755,0.03877641310362426,0.0,0.0,10.0,5.0,0.03090916278791861,,0.75,0.9612235868963755,"[""unseen_polygon"", ""interval_not_coverage_certified""]",empirical_oof_not_certified,0.95,source_mixture_affine
AOI-0068,2023-05-09,0.16749341603253057,0.15161011893642906,0.6808964650310404,0.0,3.0,3.0,0.025281285034722045,,0.8333333333333334,0.6808964650310404,"[""unseen_polygon"", ""interval_not_coverage_certified""]",empirical_oof_not_certified,0.95,source_mixture_affine
AOI-0068,2023-06-06,0.5474027233354141,0.4457768382387347,0.006820438425851205,0.0,3.0,1.0,0.023268501692779497,,0.9375,0.5474027233354141,"[""unseen_polygon"", ""interval_not_coverage_certified""]",empirical_oof_not_certified,0.95,source_mixture_affine
AOI-0068,2023-06-30,0.13778888969151018,0.8564360745072755,0.005775035801214174,0.0,4.0,1.0,0.02942537203520823,,0.9375,0.8564360745072755,"[""unseen_polygon"", ""interval_not_coverage_certified""]",empirical_oof_not_certified,0.95,source_mixture_affine
AOI-0068,2023-07-05,0.11627719615701367,0.8783735492917722,0.0053492545512141745,0.0,3.0,1.0,0.011675062125802549,,0.9375,0.8783735492917722,"[""unseen_polygon"", ""interval_not_coverage_certified""]",empirical_oof_not_certified,0.95,source_mixture_affine
AOI-0068,2023-08-03,0.6762248734901339,0.3192567250070055,0.004518401502860559,0.0,1.0,2.0,0.00508473657432662,,0.9375,0.6762248734901339,"[""unseen_polygon"", ""interval_not_coverage_certified""]",empirical_oof_not_certified,0.95,source_mixture_affine
AOI-0068,2023-08-13,0.6392114841667038,0.11991074099042529,0.24087777484287107,0.0,2.0,2.0,0.0049035065825642765,,0.8823529411764706,0.6392114841667038,"[""unseen_polygon"", ""interval_not_coverage_certified""]",empirical_oof_not_certified,0.95,source_mixture_affine
AOI-0068,2023-09-03,0.06747162764637427,0.932528372353626,0.0,0.0,4.0,8.0,0.010215480792331533,,0.7894736842105263,0.932528372353626,"[""unseen_polygon"", ""interval_not_coverage_certified""]",empirical_oof_not_certified,0.95,source_mixture_affine
AOI-0068,2023-09-24,0.633621644006059,0.3595579175680897,0.006820438425851205,0.0,4.0,3.0,0.01031760003836199,,0.8333333333333334,0.633621644006059,"[""unseen_polygon"", ""interval_not_coverage_certified""]",empirical_oof_not_certified,0.95,source_mixture_affine
AOI-0068,2023-10-06,0.39723399912148344,0.6010133257198355,0.0017526751586810962,0.0,1.0,3.0,0.0035254812703294502,,0.9375,0.6010133257198355,"[""unseen_polygon"", ""interval_not_coverage_certified""]",empirical_oof_not_certified,0.95,source_mixture_affine
AOI-0068,2023-10-11,0.39938284797305246,0.596641987225476,0.003975164801471716,0.0,2.0,2.0,0.005149690865863615,,0.8823529411764706,0.596641987225476,"[""unseen_polygon"", ""interval_not_coverage_certified""]",empirical_oof_not_certified,0.95,source_mixture_affine
AOI-0068,2024-05-01,0.7180422956866928,0.2814833630967163,0.0004743412165913056,0.0,8.0,5.0,0.002276536032163684,,0.75,0.7180422956866928,"[""unseen_polygon"", ""interval_not_coverage_certified""]",empirical_oof_not_certified,0.95,source_mixture_affine
AOI-0068,2024-05-09,0.5487991441405117,0.45120085585948844,0.0,0.0,1.0,2.0,0.02287649641024808,,0.9375,0.5487991441405117,"[""unseen_polygon"", ""interval_not_coverage_certified""]",empirical_oof_not_certified,0.95,source_mixture_affine
AOI-0068,2024-06-15,0.6474185245595069,0.3478584729810041,0.004723002459489015,0.0,5.0,2.0,0.011021492925982673,,0.8823529411764706,0.6474185245595069,"[""unseen_polygon"", ""interval_not_coverage_certified""]",empirical_oof_not_certified,0.95,source_mixture_affine
AOI-0068,2024-08-05,0.07486453463931415,0.9251354653606859,0.0,0.0,1.0,7.0,0.008934565931375704,,0.9375,0.9251354653606859,"[""unseen_polygon"", ""interval_not_coverage_certified""]",empirical_oof_not_certified,0.95,source_mixture_affine
AOI-0068,2024-08-09,0.8959734133817823,0.0962027736467887,0.007823812971428857,0.0,5.0,3.0,0.014157968916052976,,0.8333333333333334,0.8959734133817823,"[""unseen_polygon"", ""interval_not_coverage_certified""]",empirical_oof_not_certified,0.95,source_mixture_affine
AOI-0068,2024-08-19,0.8947187058677032,0.10485551288229665,0.0004257812499999999,0.0,5.0,1.0,0.0058069844846734275,,0.9375,0.8947187058677032,"[""unseen_polygon"", ""interval_not_coverage_certified""]",empirical_oof_not_certified,0.95,source_mixture_affine
AOI-0068,2024-08-28,0.11276677390499765,0.6039139403103301,0.28331928578467236,0.0,4.0,1.0,0.03937740129211956,,0.9375,0.6039139403103301,"[""unseen_polygon"", ""interval_not_coverage_certified""]",empirical_oof_not_certified,0.95,source_mixture_affine
AOI-0068,2024-09-08,0.9346433264502737,0.0647131184003163,0.0006435551494095598,0.0,2.0,5.0,0.020282939460754712,,0.8823529411764706,0.9346433264502737,"[""unseen_polygon"", ""interval_not_coverage_certified""]",empirical_oof_not_certified,0.95,source_mixture_affine
AOI-0068,2024-09-14,0.25356570185790944,0.7416137303863326,0.0048205677557579,0.0,1.0,4.0,0.003726079224671913,,0.9375,0.7416137303863326,"[""unseen_polygon"", ""interval_not_coverage_certified""]",empirical_oof_not_certified,0.95,source_mixture_affine
AOI-0068,2024-09-29,0.2514822432468023,0.5451511594635372,0.20336659728966044,0.0,1.0,1.0,0.025608298815107344,,0.9375,0.5451511594635372,"[""unseen_polygon"", ""interval_not_coverage_certified""]",empirical_oof_not_certified,0.95,source_mixture_affine
AOI-0068,2024-10-13,0.7317340393999267,0.18606365458743462,0.08220230601263852,0.0,6.0,10.0,0.05064016570030086,,0.7142857142857143,0.7317340393999267,"[""unseen_polygon"", ""interval_not_coverage_certified""]",empirical_oof_not_certified,0.95,source_mixture_affine
AOI-0068,2025-05-08,0.9568143496462482,0.04318565035375162,0.0,0.0,2.0,1.0,0.0508554039326623,,0.9375,0.9568143496462482,"[""unseen_polygon"", ""interval_not_coverage_certified""]",empirical_oof_not_certified,0.95,source_mixture_affine
AOI-0068,2025-05-11,0.8756343475570805,0.12436565244291936,0.0,0.0,2.0,5.0,0.022757295608085704,,0.8823529411764706,0.8756343475570805,"[""unseen_polygon"", ""interval_not_coverage_certified""]",empirical_oof_not_certified,0.95,source_mixture_affine
AOI-0068,2025-05-20,0.04484322125145718,0.9551567787485429,0.0,0.0,4.0,5.0,0.00451842617689141,,0.7894736842105263,0.9551567787485429,"[""unseen_polygon"", ""interval_not_coverage_certified""]",empirical_oof_not_certified,0.95,source_mixture_affine
AOI-0068,2025-06-10,0.44928216641538454,0.033620999558449445,0.5170968340261658,0.0,3.0,3.0,0.013368211950454623,,0.8333333333333334,0.5170968340261658,"[""unseen_polygon"", ""interval_not_coverage_certified""]",empirical_oof_not_certified,0.95,source_mixture_affine
AOI-0068,2025-06-15,0.9778203269226867,0.022179673077313136,0.0,0.0,2.0,6.0,0.028983082438510638,,0.8823529411764706,0.9778203269226867,"[""unseen_polygon"", ""interval_not_coverage_certified""]",empirical_oof_not_certified,0.95,source_mixture_affine
AOI-0068,2025-06-17,0.9688649109805451,0.03113508901945474,0.0,0.0,4.0,4.0,0.033532094413796204,,0.7894736842105263,0.9688649109805451,"[""unseen_polygon"", ""interval_not_coverage_certified""]",empirical_oof_not_certified,0.95,source_mixture_affine
AOI-0068,2025-06-30,0.8081515440966288,0.1764998353475793,0.015348620555791923,0.0,2.0,5.0,0.015434202300990407,,0.8823529411764706,0.8081515440966288,"[""unseen_polygon"", ""interval_not_coverage_certified""]",empirical_oof_not_certified,0.95,source_mixture_affine
AOI-0068,2025-07-22,0.6134868446718018,0.38309303376204973,0.0034201215661483907,0.0,5.0,3.0,0.004058048635050604,,0.8333333333333334,0.6134868446718018,"[""unseen_polygon"", ""interval_not_coverage_certified""]",empirical_oof_not_certified,0.95,source_mixture_affine
AOI-0068,2025-07-28,0.45605637157526147,0.05195296527120665,0.4919906631535318,0.0,3.0,2.0,0.014839336156394378,,0.8823529411764706,0.4919906631535318,"[""unseen_polygon"", ""interval_not_coverage_certified""]",empirical_oof_not_certified,0.95,source_mixture_affine
AOI-0068,2025-08-13,0.04323422916614872,0.19781526992797618,0.7589505009058751,0.0,6.0,2.0,0.00046974227976762095,,0.8823529411764706,0.7589505009058751,"[""unseen_polygon"", ""interval_not_coverage_certified""]",empirical_oof_not_certified,0.95,source_mixture_affine
AOI-0068,2025-08-14,0.6379770064190986,0.34567221249295116,0.0163507810879504,0.0,7.0,1.0,0.02332005628163855,,0.9375,0.6379770064190986,"[""unseen_polygon"", ""interval_not_coverage_certified""]",empirical_oof_not_certified,0.95,source_mixture_affine
AOI-0068,2025-08-23,0.6648999878661147,0.33463951835130523,0.00046049378257992303,0.0,4.0,3.0,0.002428017637972457,,0.8333333333333334,0.6648999878661147,"[""unseen_polygon"", ""interval_not_coverage_certified""]",empirical_oof_not_certified,0.95,source_mixture_affine
AOI-0068,2025-08-24,0.7814531858066154,0.20217069525243064,0.01637611894095387,0.0,5.0,2.0,0.012868671095096429,,0.8823529411764706,0.7814531858066154,"[""unseen_polygon"", ""interval_not_coverage_certified""]",empirical_oof_not_certified,0.95,source_mixture_affine
AOI-0068,2025-09-08,0.7728070930330305,0.21063704607010955,0.016555860896860015,0.0,5.0,5.0,0.00792566065764233,,0.75,0.7728070930330305,"[""unseen_polygon"", ""interval_not_coverage_certified""]",empirical_oof_not_certified,0.95,source_mixture_affine
AOI-0068,2025-09-14,0.043970693543162576,0.19736250849109369,0.7586667979657439,0.0,1.0,1.0,0.015648904453318457,,0.9375,0.7586667979657439,"[""unseen_polygon"", ""interval_not_coverage_certified""]",empirical_oof_not_certified,0.95,source_mixture_affine
AOI-0068,2025-09-24,0.12209658955071763,0.8761516376925337,0.0017517727567487092,0.0,1.0,1.0,0.013001930702243952,,0.9375,0.8761516376925337,"[""unseen_polygon"", ""interval_not_coverage_certified""]",empirical_oof_not_certified,0.95,source_mixture_affine
AOI-0069,2025-04-16,0.46321832010015646,0.5064767744627586,0.030304905437085004,0.0,9.0,1.0,0.017922607755296416,,0.9375,0.5064767744627586,"[""interval_not_coverage_certified""]",empirical_oof_not_certified,0.95,source_mixture_affine
AOI-0069,2025-04-21,0.924809074260709,0.07097712174429488,0.004213803994996037,0.0,3.0,7.0,0.019607223702747853,,0.8333333333333334,0.924809074260709,"[""interval_not_coverage_certified""]",empirical_oof_not_certified,0.95,source_mixture_affine
AOI-0069,2025-04-23,0.1504483740209571,0.10160149629765211,0.7479501296813909,0.0,5.0,5.0,0.08141956669230259,,0.75,0.7479501296813909,"[""interval_not_coverage_certified""]",empirical_oof_not_certified,0.95,source_mixture_affine
AOI-0069,2025-05-01,0.6662060747806207,0.31643702205754115,0.017356903161837876,0.0,3.0,2.0,0.01558645755077566,,0.8823529411764706,0.6662060747806207,"[""interval_not_coverage_certified""]",empirical_oof_not_certified,0.95,source_mixture_affine
AOI-0069,2025-05-11,0.8363709117294171,0.16213390230433591,0.0014951859662467642,0.0,2.0,5.0,0.046481210403714474,,0.8823529411764706,0.8363709117294171,"[""interval_not_coverage_certified""]",empirical_oof_not_certified,0.95,source_mixture_affine
AOI-0069,2025-05-25,0.032120533599300775,0.1134408920257553,0.8544385743749442,0.0,5.0,2.0,0.05010592425140664,,0.8823529411764706,0.8544385743749442,"[""interval_not_coverage_certified""]",empirical_oof_not_certified,0.95,source_mixture_affine
AOI-0069,2025-05-28,0.6649270522755915,0.28450101377704695,0.05057193394736217,0.0,1.0,3.0,0.012019594992402544,,0.9375,0.6649270522755915,"[""interval_not_coverage_certified""]",empirical_oof_not_certified,0.95,source_mixture_affine
AOI-0069,2025-06-10,0.36884831285312186,0.042887558741578014,0.5882641284053001,0.0,3.0,5.0,0.0022011438726687316,,0.8333333333333334,0.5882641284053001,"[""interval_not_coverage_certified""]",empirical_oof_not_certified,0.95,source_mixture_affine
AOI-0069,2025-06-25,0.8213410870974264,0.058699307993767234,0.11995960490880657,0.0,4.0,2.0,0.002010975911763413,,0.8823529411764706,0.8213410870974264,"[""interval_not_coverage_certified""]",empirical_oof_not_certified,0.95,source_mixture_affine
AOI-0069,2025-06-26,0.04416570827360409,0.030755277464046594,0.9250790142623494,0.0,5.0,1.0,0.029936025549408274,,0.9375,0.9250790142623494,"[""interval_not_coverage_certified""]",empirical_oof_not_certified,0.95,source_mixture_affine
AOI-0069,2025-07-05,0.5593099826240606,0.4242824553631723,0.016407562012767347,0.0,7.0,2.0,0.03590639980726462,,0.8823529411764706,0.5593099826240606,"[""interval_not_coverage_certified""]",empirical_oof_not_certified,0.95,source_mixture_affine
AOI-0069,2025-07-06,0.27066262895474863,0.7207580079935109,0.008579363051740754,0.0,8.0,1.0,0.02503782390738718,,0.9375,0.7207580079935109,"[""interval_not_coverage_certified""]",empirical_oof_not_certified,0.95,source_mixture_affine
AOI-0069,2025-07-22,0.5585253949224601,0.44147460507754005,0.0,0.0,5.0,3.0,0.00949635612711569,,0.8333333333333334,0.5585253949224601,"[""interval_not_coverage_certified""]",empirical_oof_not_certified,0.95,source_mixture_affine
AOI-0069,2025-08-07,0.4462171550276492,0.5401915524403945,0.013591292531956154,0.0,1.0,6.0,0.010149768364634743,,0.9375,0.5401915524403945,"[""interval_not_coverage_certified""]",empirical_oof_not_certified,0.95,source_mixture_affine
AOI-0069,2025-08-14,0.5457192362016723,0.4389321432425357,0.015348620555791923,0.0,1.0,1.0,0.01861906454767484,,0.9375,0.5457192362016723,"[""interval_not_coverage_certified""]",empirical_oof_not_certified,0.95,source_mixture_affine
AOI-0069,2025-09-01,0.49662901242022817,0.485818893029359,0.017552094550412813,0.0,1.0,2.0,0.008548525843938719,,0.9375,0.49662901242022817,"[""interval_not_coverage_certified""]",empirical_oof_not_certified,0.95,source_mixture_affine
AOI-0069,2025-09-14,0.05964399939846229,0.14732669422899217,0.7930293063725454,0.0,1.0,1.0,0.03272304121422903,,0.9375,0.7930293063725454,"[""interval_not_coverage_certified""]",empirical_oof_not_certified,0.95,source_mixture_affine
AOI-0069,2025-09-24,0.2268779314422339,0.771370295801017,0.0017517727567487092,0.0,1.0,6.0,0.000894623588893223,,0.9375,0.771370295801017,"[""interval_not_coverage_certified""]",empirical_oof_not_certified,0.95,source_mixture_affine
AOI-0069,2025-09-25,0.8138589035212057,0.18478497845341496,0.0013561180253795007,0.0,2.0,5.0,0.011574527438421273,,0.8823529411764706,0.8138589035212057,"[""interval_not_coverage_certified""]",empirical_oof_not_certified,0.95,source_mixture_affine
AOI-0069,2025-09-28,0.9866118299782933,0.013388170021706738,0.0,0.0,5.0,2.0,0.012336670503051567,,0.8823529411764706,0.9866118299782933,"[""interval_not_coverage_certified""]",empirical_oof_not_certified,0.95,source_mixture_affine
AOI-0070,2025-05-11,0.8374376119273431,0.15541080441822794,0.007151583654428505,0.0,2.0,5.0,0.024494150222489464,,0.8823529411764706,0.8374376119273431,"[""interval_not_coverage_certified""]",empirical_oof_not_certified,0.95,source_mixture_affine
AOI-0070,2025-05-25,0.02941854668893164,0.1041306356026581,0.8664508177084105,0.0,5.0,2.0,0.05771370644487245,,0.8823529411764706,0.8664508177084105,"[""interval_not_coverage_certified""]",empirical_oof_not_certified,0.95,source_mixture_affine
AOI-0070,2025-06-07,0.7981425642889843,0.12533780800934266,0.076519627701673,0.0,2.0,8.0,0.025012938998850265,,0.8823529411764706,0.7981425642889843,"[""interval_not_coverage_certified""]",empirical_oof_not_certified,0.95,source_mixture_affine
AOI-0070,2025-06-10,0.3648358529741008,0.037373848688729956,0.5977902983371689,0.0,5.0,5.0,0.044750595061122445,,0.75,0.5977902983371689,"[""interval_not_coverage_certified""]",empirical_oof_not_certified,0.95,source_mixture_affine
AOI-0070,2025-06-25,0.9272395168422662,0.07112186348033252,0.0016386196774012722,0.0,4.0,1.0,0.03407236425891835,,0.9375,0.9272395168422662,"[""interval_not_coverage_certified""]",empirical_oof_not_certified,0.95,source_mixture_affine
AOI-0070,2025-07-12,0.27825697520312725,0.11330631460804982,0.6084367101888227,0.0,2.0,2.0,0.00252337867035049,,0.8823529411764706,0.6084367101888227,"[""interval_not_coverage_certified""]",empirical_oof_not_certified,0.95,source_mixture_affine
AOI-0070,2025-08-24,0.759887698449303,0.22703311850284089,0.013079183047856087,0.0,1.0,2.0,0.020200313598384395,,0.9375,0.759887698449303,"[""interval_not_coverage_certified""]",empirical_oof_not_certified,0.95,source_mixture_affine
AOI-0070,2025-08-31,0.6152928478292462,0.3847071521707541,0.0,0.0,2.0,1.0,0.010372385869468342,,0.9375,0.6152928478292462,"[""interval_not_coverage_certified""]",empirical_oof_not_certified,0.95,source_mixture_affine
AOI-0070,2025-09-25,0.6817036806697051,0.31792333436106274,0.00037298496923232117,0.0,1.0,3.0,0.008523376152042517,,0.9375,0.6817036806697051,"[""interval_not_coverage_certified""]",empirical_oof_not_certified,0.95,source_mixture_affine
AOI-0070,2025-10-02,0.16661578840229527,0.8321195239373336,0.001264687660371037,0.0,2.0,1.0,0.0028583999354682144,,0.9375,0.8321195239373336,"[""interval_not_coverage_certified""]",empirical_oof_not_certified,0.95,source_mixture_affine
AOI-0070,2025-10-13,0.9128565557269935,0.07427796700527353,0.012865477267732685,0.0,5.0,2.0,0.003475684959434261,,0.8823529411764706,0.9128565557269935,"[""interval_not_coverage_certified""]",empirical_oof_not_certified,0.95,source_mixture_affine
AOI-0070,2025-10-23,0.9451677473147326,0.037978323132560596,0.016853929552706867,0.0,7.0,4.0,0.06663472584961169,,0.7894736842105263,0.9451677473147326,"[""interval_not_coverage_certified""]",empirical_oof_not_certified,0.95,source_mixture_affine
AOI-0071,2025-04-16,0.5537212892763693,0.4325898503549246,0.013688860368706014,0.0,9.0,1.0,0.0566360611094166,,0.9375,0.5537212892763693,"[""interval_not_coverage_certified""]",empirical_oof_not_certified,0.95,source_mixture_affine
AOI-0071,2025-04-18,0.6423558886108296,0.34493791331054646,0.012706198078623766,0.0,1.0,5.0,0.06797518090236132,,0.9375,0.6423558886108296,"[""interval_not_coverage_certified""]",empirical_oof_not_certified,0.95,source_mixture_affine
AOI-0071,2025-04-21,0.8563682423235014,0.14363175767649888,0.0,0.0,4.0,2.0,0.06260054761273104,,0.8823529411764706,0.8563682423235014,"[""interval_not_coverage_certified""]",empirical_oof_not_certified,0.95,source_mixture_affine
AOI-0071,2025-05-25,0.03291719249331945,0.09681379905777965,0.8702690084489013,0.0,5.0,2.0,0.06909772957677418,,0.8823529411764706,0.8702690084489013,"[""interval_not_coverage_certified""]",empirical_oof_not_certified,0.95,source_mixture_affine
AOI-0071,2025-06-26,0.04882725512194103,0.027539818330010787,0.9236329265480481,0.0,5.0,2.0,0.036516382752669885,,0.8823529411764706,0.9236329265480481,"[""interval_not_coverage_certified""]",empirical_oof_not_certified,0.95,source_mixture_affine
AOI-0071,2025-07-06,0.3176156510736479,0.6469398655561336,0.03544448337021823,0.0,6.0,4.0,0.0019919557949660827,,0.7894736842105263,0.6469398655561336,"[""interval_not_coverage_certified""]",empirical_oof_not_certified,0.95,source_mixture_affine
AOI-0071,2025-07-07,0.7016519287388259,0.21644076731475628,0.0819073039464179,0.0,7.0,3.0,0.0054219940316277415,,0.8333333333333334,0.7016519287388259,"[""interval_not_coverage_certified""]",empirical_oof_not_certified,0.95,source_mixture_affine
AOI-0071,2025-07-12,0.2824609507297634,0.156293168305009,0.5612458809652274,0.0,2.0,2.0,0.011904078040059551,,0.8823529411764706,0.5612458809652274,"[""interval_not_coverage_certified""]",empirical_oof_not_certified,0.95,source_mixture_affine
AOI-0071,2025-08-13,0.05323764131101604,0.15485389519471993,0.7919084634942637,0.0,6.0,2.0,0.0008043946030517335,,0.8823529411764706,0.7919084634942637,"[""interval_not_coverage_certified""]",empirical_oof_not_certified,0.95,source_mixture_affine
AOI-0071,2025-08-23,0.5361610832034769,0.421926242599708,0.041912674196815276,0.0,4.0,16.0,0.03213206788627118,,0.7894736842105263,0.5361610832034769,"[""interval_not_coverage_certified""]",empirical_oof_not_certified,0.95,source_mixture_affine
AOI-0071,2025-08-24,0.7331487988980401,0.19527407527128748,0.0715771258306726,0.0,5.0,15.0,0.04595891931233495,,0.75,0.7331487988980401,"[""interval_not_coverage_certified""]",empirical_oof_not_certified,0.95,source_mixture_affine
AOI-0071,2025-08-26,0.7150910770234883,0.18865509274631811,0.09625383023019378,0.0,7.0,13.0,0.04334819271247667,,0.6818181818181818,0.7150910770234883,"[""interval_not_coverage_certified""]",empirical_oof_not_certified,0.95,source_mixture_affine
AOI-0071,2025-08-29,0.575679028329657,0.13310555514953804,0.29121541652080496,0.0,10.0,10.0,0.028927478012752056,,0.6000000000000001,0.575679028329657,"[""interval_not_coverage_certified""]",empirical_oof_not_certified,0.95,source_mixture_affine
AOI-0071,2025-09-01,0.5800685959103766,0.4043813643942332,0.01555003969538972,0.0,13.0,7.0,0.04281638662997053,,0.6818181818181818,0.5800685959103766,"[""interval_not_coverage_certified""]",empirical_oof_not_certified,0.95,source_mixture_affine
AOI-0071,2025-09-15,0.6358166463006273,0.34862988971493897,0.015553463984433557,0.0,1.0,1.0,0.003918893160699155,,0.9375,0.6358166463006273,"[""interval_not_coverage_certified""]",empirical_oof_not_certified,0.95,source_mixture_affine
AOI-0071,2025-09-28,0.9696340151526703,0.030365984847329476,0.0,0.0,3.0,2.0,0.0054279467607259435,,0.8823529411764706,0.9696340151526703,"[""interval_not_coverage_certified""]",empirical_oof_not_certified,0.95,source_mixture_affine
AOI-0072,2025-05-08,0.9561598050744735,0.04384019492552648,0.0,0.0,2.0,1.0,0.03148884483944536,,0.9375,0.9561598050744735,"[""unseen_polygon"", ""interval_not_coverage_certified""]",empirical_oof_not_certified,0.95,source_mixture_affine
AOI-0072,2025-06-04,0.5648902029805258,0.43464930323689416,0.00046049378257992303,0.0,4.0,1.0,0.026682406659451097,,0.9375,0.5648902029805258,"[""unseen_polygon"", ""interval_not_coverage_certified""]",empirical_oof_not_certified,0.95,source_mixture_affine
AOI-0072,2025-07-05,0.5567533643773556,0.4305404375440206,0.012706198078623766,0.0,7.0,2.0,0.012997894021239936,,0.8823529411764706,0.5567533643773556,"[""unseen_polygon"", ""interval_not_coverage_certified""]",empirical_oof_not_certified,0.95,source_mixture_affine
AOI-0072,2025-07-06,0.15710580047483025,0.84289419952517,0.0,0.0,8.0,1.0,0.001475226585516104,,0.9375,0.84289419952517,"[""unseen_polygon"", ""interval_not_coverage_certified""]",empirical_oof_not_certified,0.95,source_mixture_affine
AOI-0072,2025-07-14,0.44099412970062024,0.5590058702993798,0.0,0.0,2.0,1.0,0.015005713295048156,,0.9375,0.5590058702993798,"[""unseen_polygon"", ""interval_not_coverage_certified""]",empirical_oof_not_certified,0.95,source_mixture_affine
AOI-0072,2025-07-17,0.8743500704176206,0.11294373150375529,0.012706198078623766,0.0,2.0,5.0,0.008212429387344594,,0.8823529411764706,0.8743500704176206,"[""unseen_polygon"", ""interval_not_coverage_certified""]",empirical_oof_not_certified,0.95,source_mixture_affine
AOI-0072,2025-08-07,0.4421160543705559,0.5446656380667204,0.013218307562723831,0.0,1.0,6.0,0.013056381137835527,,0.9375,0.5446656380667204,"[""unseen_polygon"", ""interval_not_coverage_certified""]",empirical_oof_not_certified,0.95,source_mixture_affine
AOI-0072,2025-08-19,0.8853804396053049,0.10013908270027652,0.014480477694418854,0.0,3.0,4.0,0.00923459061685894,,0.8333333333333334,0.8853804396053049,"[""unseen_polygon"", ""interval_not_coverage_certified""]",empirical_oof_not_certified,0.95,source_mixture_affine
AOI-0072,2025-08-29,0.6646021855997071,0.1020423953487183,0.23335541905157442,0.0,3.0,2.0,0.0018648602278809462,,0.8823529411764706,0.6646021855997071,"[""unseen_polygon"", ""interval_not_coverage_certified""]",empirical_oof_not_certified,0.95,source_mixture_affine
AOI-0072,2025-09-03,0.9918831088387592,0.006173134528768196,0.0019437566324725858,0.0,2.0,5.0,0.013037300430934762,,0.8823529411764706,0.9918831088387592,"[""unseen_polygon"", ""interval_not_coverage_certified""]",empirical_oof_not_certified,0.95,source_mixture_affine
AOI-0072,2025-09-15,0.6305554338037598,0.3526946509938854,0.01674991520235469,0.0,1.0,2.0,0.022464786145418886,,0.9375,0.6305554338037598,"[""unseen_polygon"", ""interval_not_coverage_certified""]",empirical_oof_not_certified,0.95,source_mixture_affine
AOI-0072,2025-09-16,0.6593157391415917,0.32486032222414024,0.01582393863426782,0.0,2.0,1.0,0.022249251255515107,,0.9375,0.6593157391415917,"[""unseen_polygon"", ""interval_not_coverage_certified""]",empirical_oof_not_certified,0.95,source_mixture_affine
AOI-0072,2025-09-30,0.03328451880566138,0.07738397322498367,0.8893315079693545,0.0,2.0,2.0,0.029004977844701074,,0.8823529411764706,0.8893315079693545,"[""unseen_polygon"", ""interval_not_coverage_certified""]",empirical_oof_not_certified,0.95,source_mixture_affine
AOI-0072,2025-10-03,0.9091302836487034,0.08638494519010902,0.004484771161187491,0.0,1.0,5.0,0.007556351305262443,,0.9375,0.9091302836487034,"[""unseen_polygon"", ""interval_not_coverage_certified""]",empirical_oof_not_certified,0.95,source_mixture_affine
AOI-0072,2025-10-13,0.9286511229704836,0.054111966115356014,0.017236910914160387,0.0,5.0,2.0,0.006144477688689642,,0.8823529411764706,0.9286511229704836,"[""unseen_polygon"", ""interval_not_coverage_certified""]",empirical_oof_not_certified,0.95,source_mixture_affine
AOI-0073,2010-06-26,0.052163113958450955,0.256772281624226,0.6910646044173232,0.0,1.0,7.0,0.0014344084059838003,,0.9375,0.6910646044173232,"[""unseen_polygon"", ""interval_not_coverage_certified""]",empirical_oof_not_certified,0.95,source_mixture_affine
AOI-0073,2010-07-12,0.012231968790671637,0.6537631147754672,0.3340049164338612,0.0,9.0,7.0,0.0007027720563492212,,0.6818181818181818,0.6537631147754672,"[""unseen_polygon"", ""interval_not_coverage_certified""]",empirical_oof_not_certified,0.95,source_mixture_affine
AOI-0073,2011-04-07,0.041689385494464416,0.13165759841665012,0.8266530160888856,0.0,6.0,16.0,0.016503422549145566,,0.7142857142857143,0.8266530160888856,"[""unseen_polygon"", ""interval_not_coverage_certified""]",empirical_oof_not_certified,0.95,source_mixture_affine
AOI-0073,2011-07-14,0.004381649952900541,0.9956183500470995,0.0,0.0,2.0,14.0,0.05893585238643362,,0.8823529411764706,0.9956183500470995,"[""unseen_polygon"", ""interval_not_coverage_certified""]",empirical_oof_not_certified,0.95,source_mixture_affine
AOI-0073,2011-09-14,0.04039322388980416,0.13919581140210044,0.8204109647080956,0.0,14.0,10.0,0.02293653873260615,,0.6000000000000001,0.8204109647080956,"[""unseen_polygon"", ""interval_not_coverage_certified""]",empirical_oof_not_certified,0.95,source_mixture_affine
AOI-0073,2012-04-22,0.02773344602772033,0.29719340322592247,0.6750731507463573,0.0,11.0,14.0,0.024142657219637043,,0.5769230769230769,0.6750731507463573,"[""unseen_polygon"", ""interval_not_coverage_certified""]",empirical_oof_not_certified,0.95,source_mixture_affine
AOI-0073,2012-04-27,0.007425925236006472,0.9714290107802487,0.021145063983744928,0.0,16.0,9.0,0.008252600022155887,,0.625,0.9714290107802487,"[""unseen_polygon"", ""interval_not_coverage_certified""]",empirical_oof_not_certified,0.95,source_mixture_affine
AOI-0073,2012-05-24,0.05007128318730408,0.23836969031158683,0.7115590265011094,0.0,11.0,16.0,0.0008866703458824121,,0.5769230769230769,0.7115590265011094,"[""unseen_polygon"", ""interval_not_coverage_certified""]",empirical_oof_not_certified,0.95,source_mixture_affine
AOI-0073,2012-09-29,0.02720781865113885,0.3983894707840701,0.5744027105647911,0.0,11.0,5.0,0.026683773656015264,,0.75,0.5744027105647911,"[""unseen_polygon"", ""interval_not_coverage_certified""]",empirical_oof_not_certified,0.95,source_mixture_affine
AOI-0073,2013-04-03,0.09501625068417102,0.8876419338448632,0.017341815470965506,0.0,165.0,4.0,0.014730330876235709,,0.7894736842105263,0.8876419338448632,"[""unseen_polygon"", ""interval_not_coverage_certified""]",empirical_oof_not_certified,0.95,source_mixture_affine
AOI-0073,2013-06-10,0.03601376493349367,0.299001317295689,0.6649849177708176,0.0,1.0,16.0,0.015417404513812571,,0.9375,0.6649849177708176,"[""unseen_polygon"", ""interval_not_coverage_certified""]",empirical_oof_not_certified,0.95,source_mixture_affine
AOI-0073,2013-06-25,0.005972957881962681,0.981940321011766,0.012086721106271374,0.0,16.0,1.0,0.028200630944609784,,0.9375,0.981940321011766,"[""unseen_polygon"", ""interval_not_coverage_certified""]",empirical_oof_not_certified,0.95,source_mixture_affine
AOI-0073,2013-07-12,0.015967471499761184,0.5939045938597818,0.3901279346404568,0.0,1.0,7.0,0.0003208408612717095,,0.9375,0.5939045938597818,"[""unseen_polygon"", ""interval_not_coverage_certified""]",empirical_oof_not_certified,0.95,source_mixture_affine
AOI-0073,2013-07-28,0.01692079717296828,0.6187121076500696,0.36436709517696186,0.0,1.0,15.0,0.0029756636358871935,,0.9375,0.6187121076500696,"[""unseen_polygon"", ""interval_not_coverage_certified""]",empirical_oof_not_certified,0.95,source_mixture_affine
AOI-0073,2013-09-30,0.02798823798735717,0.32705754282223454,0.6449542191904085,0.0,16.0,16.0,0.032271143103199396,,0.48387096774193555,0.6449542191904085,"[""unseen_polygon"", ""interval_not_coverage_certified""]",empirical_oof_not_certified,0.95,source_mixture_affine
AOI-0073,2014-05-27,0.16339812549136343,0.8214223965868698,0.015179477921766674,0.0,2.0,8.0,0.08564678004864712,,0.8823529411764706,0.8214223965868698,"[""unseen_polygon"", ""interval_not_coverage_certified""]",empirical_oof_not_certified,0.95,source_mixture_affine
AOI-0073,2014-07-12,0.057546144751093535,0.24436487474636498,0.6980889805025418,0.0,14.0,2.0,0.022190865591563913,,0.8823529411764706,0.6980889805025418,"[""unseen_polygon"", ""interval_not_coverage_certified""]",empirical_oof_not_certified,0.95,source_mixture_affine
AOI-0073,2014-07-30,0.0,0.994686344164245,0.0053136558357551236,0.0,2.0,8.0,0.006005805247643714,,0.8823529411764706,0.994686344164245,"[""unseen_polygon"", ""interval_not_coverage_certified""]",empirical_oof_not_certified,0.95,source_mixture_affine
AOI-0073,2014-08-13,0.06469637080783318,0.22017035081157343,0.7151332783805937,0.0,6.0,2.0,0.006427073431469227,,0.8823529411764706,0.7151332783805937,"[""unseen_polygon"", ""interval_not_coverage_certified""]",empirical_oof_not_certified,0.95,source_mixture_affine
AOI-0073,2014-09-14,0.05579478580445398,0.24648058563807917,0.6977246285574671,0.0,14.0,16.0,0.001674426268771928,,0.5172413793103449,0.6977246285574671,"[""unseen_polygon"", ""interval_not_coverage_certified""]",empirical_oof_not_certified,0.95,source_mixture_affine
AOI-0073,2014-10-10,0.08241860828773301,0.8950421416985078,0.022539250013759126,0.0,10.0,6.0,0.030144812876281596,,0.7142857142857143,0.8950421416985078,"[""unseen_polygon"", ""interval_not_coverage_certified""]",empirical_oof_not_certified,0.95,source_mixture_affine
AOI-0073,2015-05-22,0.0023505193049933957,0.9976494806950066,0.0,0.0,8.0,3.0,0.03633310832985545,,0.8333333333333334,0.9976494806950066,"[""unseen_polygon"", ""interval_not_coverage_certified""]",empirical_oof_not_certified,0.95,source_mixture_affine
AOI-0073,2015-05-30,0.05698724786173875,0.9343893567001961,0.00862339543806518,0.0,5.0,8.0,0.03212889273238112,,0.75,0.9343893567001961,"[""unseen_polygon"", ""interval_not_coverage_certified""]",empirical_oof_not_certified,0.95,source_mixture_affine
AOI-0073,2015-06-10,0.019283512681146805,0.21296536957497128,0.7677511177438824,0.0,3.0,13.0,0.011828837031210848,,0.8333333333333334,0.7677511177438824,"[""unseen_polygon"", ""interval_not_coverage_certified""]",empirical_oof_not_certified,0.95,source_mixture_affine
AOI-0073,2015-06-15,0.08429435674737949,0.8964352904490337,0.01927035280358651,0.0,8.0,8.0,0.005394851563912728,,0.6521739130434783,0.8964352904490337,"[""unseen_polygon"", ""interval_not_coverage_certified""]",empirical_oof_not_certified,0.95,source_mixture_affine
AOI-0073,2015-07-01,0.06395947248331436,0.9266454619649152,0.009395065551770413,0.0,5.0,11.0,0.047945486832141115,,0.75,0.9266454619649152,"[""unseen_polygon"", ""interval_not_coverage_certified""]",empirical_oof_not_certified,0.95,source_mixture_affine
AOI-0073,2015-07-09,0.06826898321269478,0.9225355708376936,0.009195445949611742,0.0,13.0,3.0,0.014826588377921668,,0.8333333333333334,0.9225355708376936,"[""unseen_polygon"", ""interval_not_coverage_certified""]",empirical_oof_not_certified,0.95,source_mixture_affine
AOI-0073,2015-08-26,0.0,1.0,0.0,0.0,13.0,3.0,0.027383448732996973,,0.8333333333333334,1.0,"[""unseen_polygon"", ""interval_not_coverage_certified""]",empirical_oof_not_certified,0.95,source_mixture_affine
AOI-0073,2015-10-05,0.0,1.0,0.0,0.0,5.0,8.0,0.016381933060205717,,0.75,1.0,"[""unseen_polygon"", ""interval_not_coverage_certified""]",empirical_oof_not_certified,0.95,source_mixture_affine
AOI-0073,2016-04-06,0.05212338947035214,0.2824261379937298,0.6654504725359182,0.0,160.0,16.0,0.025409808226179664,,0.48387096774193555,0.6654504725359182,"[""unseen_polygon"", ""interval_not_coverage_certified""]",empirical_oof_not_certified,0.95,source_mixture_affine
AOI-0073,2017-04-23,0.1068637036186274,0.09949737792104198,0.7936389184603307,0.0,16.0,2.0,0.026008604235964225,,0.8823529411764706,0.7936389184603307,"[""unseen_polygon"", ""interval_not_coverage_certified""]",empirical_oof_not_certified,0.95,source_mixture_affine
AOI-0073,2017-06-04,0.08303247891232558,0.9169675210876744,0.0,0.0,8.0,1.0,0.04268843887396201,,0.9375,0.9169675210876744,"[""unseen_polygon"", ""interval_not_coverage_certified""]",empirical_oof_not_certified,0.95,source_mixture_affine
AOI-0073,2017-06-12,0.07919860831243304,0.9208013916875672,0.0,0.0,2.0,8.0,0.04967381184691988,,0.8823529411764706,0.9208013916875672,"[""unseen_polygon"", ""interval_not_coverage_certified""]",empirical_oof_not_certified,0.95,source_mixture_affine
AOI-0073,2017-07-06,0.08650530945698531,0.9111818622157686,0.0023128283272459424,0.0,6.0,6.0,0.002710973311722653,,0.7142857142857143,0.9111818622157686,"[""unseen_polygon"", ""interval_not_coverage_certified""]",empirical_oof_not_certified,0.95,source_mixture_affine
AOI-0073,2017-07-18,0.24947440830392725,0.7505255916960728,0.0,0.0,4.0,4.0,0.05142590086139043,,0.7894736842105263,0.7505255916960728,"[""unseen_polygon"", ""interval_not_coverage_certified""]",empirical_oof_not_certified,0.95,source_mixture_affine
AOI-0073,2017-08-07,0.2359003772742923,0.7604762272876425,0.003623395438065181,0.0,10.0,6.0,0.014444826023960466,,0.7142857142857143,0.7604762272876425,"[""unseen_polygon"", ""interval_not_coverage_certified""]",empirical_oof_not_certified,0.95,source_mixture_affine
AOI-0073,2017-08-12,0.8240957289341808,0.17181177819283838,0.004092492872980678,0.0,15.0,1.0,0.003094882508334784,,0.9375,0.8240957289341808,"[""unseen_polygon"", ""interval_not_coverage_certified""]",empirical_oof_not_certified,0.95,source_mixture_affine
AOI-0073,2017-10-11,0.08212091487735068,0.909552084378515,0.008327000744134299,0.0,1.0,7.0,0.01180089236054499,,0.9375,0.909552084378515,"[""unseen_polygon"", ""interval_not_coverage_certified""]",empirical_oof_not_certified,0.95,source_mixture_affine
AOI-0073,2017-10-16,0.44767617849753977,0.39539201179346406,0.15693180970899634,0.0,6.0,2.0,0.0045149347269367035,,0.8823529411764706,0.44767617849753977,"[""unseen_polygon"", ""interval_not_coverage_certified""]",empirical_oof_not_certified,0.95,source_mixture_affine
AOI-0073,2018-04-16,0.8258627708345974,0.1741372291654027,0.0,0.0,4.0,7.0,0.07715473576198839,,0.7894736842105263,0.8258627708345974,"[""unseen_polygon"", ""interval_not_coverage_certified""]",empirical_oof_not_certified,0.95,source_mixture_affine
AOI-0073,2019-05-17,0.1506224307414843,0.8404407458621671,0.00893682339634836,0.0,1.0,4.0,0.03865128376591087,,0.9375,0.8404407458621671,"[""unseen_polygon"", ""interval_not_coverage_certified""]",empirical_oof_not_certified,0.95,source_mixture_affine
AOI-0073,2019-05-19,0.4493413236223949,0.550658676377605,0.0,0.0,3.0,2.0,0.02127014099397584,,0.8823529411764706,0.550658676377605,"[""unseen_polygon"", ""interval_not_coverage_certified""]",empirical_oof_not_certified,0.95,source_mixture_affine
AOI-0073,2019-06-03,0.8480326346887028,0.15196736531129704,0.0,0.0,1.0,2.0,0.028640243977045454,,0.9375,0.8480326346887028,"[""unseen_polygon"", ""interval_not_coverage_certified""]",empirical_oof_not_certified,0.95,source_mixture_affine
AOI-0073,2019-07-13,0.5062724348027747,0.481928446572718,0.01179911862450717,0.0,1.0,2.0,0.06486297499306104,,0.9375,0.5062724348027747,"[""unseen_polygon"", ""interval_not_coverage_certified""]",empirical_oof_not_certified,0.95,source_mixture_affine
AOI-0073,2019-08-07,0.4966492917458452,0.4969777767835476,0.006372931470607067,0.0,2.0,2.0,0.015883859922169785,,0.8823529411764706,0.4969777767835476,"[""unseen_polygon"", ""interval_not_coverage_certified""]",empirical_oof_not_certified,0.95,source_mixture_affine
AOI-0073,2019-08-12,0.8417821771632933,0.15204735861859597,0.006170464218110386,0.0,3.0,1.0,0.012569543081747903,,0.9375,0.8417821771632933,"[""unseen_polygon"", ""interval_not_coverage_certified""]",empirical_oof_not_certified,0.95,source_mixture_affine
AOI-0073,2019-09-06,0.7742076037031765,0.22056597065299674,0.005226425643826779,0.0,3.0,7.0,0.000992616602763785,,0.8333333333333334,0.7742076037031765,"[""unseen_polygon"", ""interval_not_coverage_certified""]",empirical_oof_not_certified,0.95,source_mixture_affine
AOI-0073,2019-09-11,0.8485089519750407,0.1465600612208414,0.0049309868041176605,0.0,8.0,2.0,0.0037268166426313587,,0.8823529411764706,0.8485089519750407,"[""unseen_polygon"", ""interval_not_coverage_certified""]",empirical_oof_not_certified,0.95,source_mixture_affine
AOI-0073,2019-09-15,0.7047964971636156,0.2952035028363845,0.0,0.0,1.0,6.0,0.020079156641370388,,0.9375,0.7047964971636156,"[""unseen_polygon"", ""interval_not_coverage_certified""]",empirical_oof_not_certified,0.95,source_mixture_affine
AOI-0073,2019-09-16,0.4351733075503737,0.5648266924496262,0.0,0.0,2.0,5.0,0.021026212441822678,,0.8823529411764706,0.5648266924496262,"[""unseen_polygon"", ""interval_not_coverage_certified""]",empirical_oof_not_certified,0.95,source_mixture_affine
AOI-0073,2019-09-28,0.8189372650814275,0.1805883937019814,0.0004743412165913056,0.0,2.0,2.0,0.06040550626717228,,0.8823529411764706,0.8189372650814275,"[""unseen_polygon"", ""interval_not_coverage_certified""]",empirical_oof_not_certified,0.95,source_mixture_affine
AOI-0073,2019-10-16,0.24023736577863403,0.17648324116491992,0.5832793930564462,0.0,3.0,1.0,0.01707307377667186,,0.9375,0.5832793930564462,"[""unseen_polygon"", ""interval_not_coverage_certified""]",empirical_oof_not_certified,0.95,source_mixture_affine
AOI-0073,2019-10-26,0.3327052239390384,0.6477646290733838,0.019530146987577667,0.0,5.0,160.0,0.006117581827504548,,0.75,0.6477646290733838,"[""unseen_polygon"", ""interval_not_coverage_certified""]",empirical_oof_not_certified,0.95,source_mixture_affine
AOI-0073,2020-04-05,0.48244304602773114,0.4910839407543386,0.026473013217930264,0.0,2.0,1.0,0.0693356311648278,,0.9375,0.4910839407543386,"[""unseen_polygon"", ""interval_not_coverage_certified""]",empirical_oof_not_certified,0.95,source_mixture_affine
AOI-0073,2020-04-15,0.4748962685794818,0.5057377636173547,0.019365967803163447,0.0,2.0,2.0,0.0504515068696824,,0.8823529411764706,0.5057377636173547,"[""unseen_polygon"", ""interval_not_coverage_certified""]",empirical_oof_not_certified,0.95,source_mixture_affine
AOI-0073,2020-04-22,0.4995287005604387,0.13741711844923124,0.3630541809903303,0.0,4.0,1.0,0.03804241703100043,,0.9375,0.4995287005604387,"[""unseen_polygon"", ""interval_not_coverage_certified""]",empirical_oof_not_certified,0.95,source_mixture_affine
AOI-0073,2020-05-18,0.8933436920093802,0.10256381511763872,0.004092492872980678,0.0,6.0,1.0,0.043762917625152886,,0.9375,0.8933436920093802,"[""unseen_polygon"", ""interval_not_coverage_certified""]",empirical_oof_not_certified,0.95,source_mixture_affine
AOI-0073,2020-07-04,0.9553165461293466,0.04468345387065373,0.0,0.0,2.0,3.0,0.0221883462178169,,0.8823529411764706,0.9553165461293466,"[""unseen_polygon"", ""interval_not_coverage_certified""]",empirical_oof_not_certified,0.95,source_mixture_affine
AOI-0073,2020-07-06,0.7056881371101449,0.2938513691072749,0.00046049378257992303,0.0,4.0,1.0,0.0015366081820183397,,0.9375,0.7056881371101449,"[""unseen_polygon"", ""interval_not_coverage_certified""]",empirical_oof_not_certified,0.95,source_mixture_affine
AOI-0073,2020-07-24,0.8155189227317925,0.1839032488703337,0.000577828397873956,0.0,2.0,3.0,0.0026998073141396572,,0.8823529411764706,0.8155189227317925,"[""unseen_polygon"", ""interval_not_coverage_certified""]",empirical_oof_not_certified,0.95,source_mixture_affine
AOI-0073,2020-07-29,0.9495394311091175,0.05046056889088274,0.0,0.0,2.0,1.0,0.009354629202989781,,0.9375,0.9495394311091175,"[""unseen_polygon"", ""interval_not_coverage_certified""]",empirical_oof_not_certified,0.95,source_mixture_affine
AOI-0073,2020-08-12,0.25819021143691306,0.147152452608302,0.5946573359547849,0.0,1.0,1.0,0.04398350244001083,,0.9375,0.5946573359547849,"[""unseen_polygon"", ""interval_not_coverage_certified""]",empirical_oof_not_certified,0.95,source_mixture_affine
AOI-0073,2020-09-01,0.1660214890920294,0.8339785109079706,0.0,0.0,1.0,1.0,0.02318842199739707,,0.9375,0.8339785109079706,"[""unseen_polygon"", ""interval_not_coverage_certified""]",empirical_oof_not_certified,0.95,source_mixture_affine
AOI-0073,2020-09-20,0.6171529602377014,0.37726824483228844,0.005578794930010119,0.0,3.0,2.0,0.0058269588221109975,,0.8823529411764706,0.6171529602377014,"[""unseen_polygon"", ""interval_not_coverage_certified""]",empirical_oof_not_certified,0.95,source_mixture_affine
AOI-0073,2020-10-20,0.44576413363087247,0.5492358663691275,0.005,0.0,1.0,2.0,0.002864425805679416,,0.9375,0.5492358663691275,"[""unseen_polygon"", ""interval_not_coverage_certified""]",empirical_oof_not_certified,0.95,source_mixture_affine
AOI-0073,2020-10-26,0.5180238411551382,0.4763167683405291,0.005659390504332803,0.0,4.0,163.0,0.016125822678631274,,0.7894736842105263,0.5180238411551382,"[""unseen_polygon"", ""interval_not_coverage_certified""]",empirical_oof_not_certified,0.95,source_mixture_affine
AOI-0073,2021-05-06,0.2889550295469636,0.7043936442766687,0.006651326176367451,0.0,1.0,3.0,0.03998846306706527,,0.9375,0.7043936442766687,"[""unseen_polygon"", ""interval_not_coverage_certified""]",empirical_oof_not_certified,0.95,source_mixture_affine
AOI-0073,2021-05-13,0.8494308411888016,0.15009481759460708,0.0004743412165913056,0.0,4.0,12.0,0.057459716367637415,,0.7894736842105263,0.8494308411888016,"[""unseen_polygon"", ""interval_not_coverage_certified""]",empirical_oof_not_certified,0.95,source_mixture_affine
AOI-0073,2021-05-15,0.8322712053274097,0.1677287946725904,0.0,0.0,6.0,10.0,0.048999896071455995,,0.7142857142857143,0.8322712053274097,"[""unseen_polygon"", ""interval_not_coverage_certified""]",empirical_oof_not_certified,0.95,source_mixture_affine
AOI-0073,2021-06-29,0.861096077123425,0.13332757197271405,0.005576350903860967,0.0,2.0,2.0,0.018369083104157524,,0.8823529411764706,0.861096077123425,"[""unseen_polygon"", ""interval_not_coverage_certified""]",empirical_oof_not_certified,0.95,source_mixture_affine
AOI-0073,2021-07-25,0.10859636308234995,0.89140363691765,0.0,0.0,1.0,2.0,0.004867737584584031,,0.9375,0.89140363691765,"[""unseen_polygon"", ""interval_not_coverage_certified""]",empirical_oof_not_certified,0.95,source_mixture_affine
AOI-0073,2021-08-02,0.19498100464711215,0.8000189953528877,0.005,0.0,1.0,1.0,0.01500597558537864,,0.9375,0.8000189953528877,"[""unseen_polygon"", ""interval_not_coverage_certified""]",empirical_oof_not_certified,0.95,source_mixture_affine
AOI-0073,2021-09-07,0.8089172902688873,0.18669477801842319,0.004387931712689796,0.0,2.0,3.0,0.02748153177624807,,0.8823529411764706,0.8089172902688873,"[""unseen_polygon"", ""interval_not_coverage_certified""]",empirical_oof_not_certified,0.95,source_mixture_affine
AOI-0073,2021-09-14,0.5448085316300149,0.11251419166031255,0.3426772767096729,0.0,4.0,3.0,0.01462490165234459,,0.8333333333333334,0.5448085316300149,"[""unseen_polygon"", ""interval_not_coverage_certified""]",empirical_oof_not_certified,0.95,source_mixture_affine
AOI-0073,2021-09-15,0.712726552506218,0.2828855157810924,0.004387931712689796,0.0,5.0,2.0,0.004189767000208178,,0.8823529411764706,0.712726552506218,"[""unseen_polygon"", ""interval_not_coverage_certified""]",empirical_oof_not_certified,0.95,source_mixture_affine
AOI-0073,2022-04-23,0.27336446591345487,0.10329884685245355,0.6233366872340914,0.0,8.0,5.0,0.04486002045713233,,0.75,0.6233366872340914,"[""unseen_polygon"", ""interval_not_coverage_certified""]",empirical_oof_not_certified,0.95,source_mixture_affine
AOI-0073,2022-04-25,0.7732162856202577,0.2181954480282306,0.008588266351511435,0.0,10.0,3.0,0.003918939529639953,,0.8333333333333334,0.7732162856202577,"[""unseen_polygon"", ""interval_not_coverage_certified""]",empirical_oof_not_certified,0.95,source_mixture_affine
AOI-0073,2022-06-04,0.6846913358214836,0.3113334993770447,0.003975164801471716,0.0,2.0,2.0,0.012890076222485003,,0.8823529411764706,0.6846913358214836,"[""unseen_polygon"", ""interval_not_coverage_certified""]",empirical_oof_not_certified,0.95,source_mixture_affine
AOI-0073,2022-06-07,0.879442758324526,0.11646474880249323,0.004092492872980678,0.0,1.0,3.0,0.029378047793118478,,0.9375,0.879442758324526,"[""unseen_polygon"", ""interval_not_coverage_certified""]",empirical_oof_not_certified,0.95,source_mixture_affine
AOI-0073,2022-06-09,0.9605182012577608,0.03948179874223915,0.0,0.0,3.0,1.0,0.02983806325999283,,0.9375,0.9605182012577608,"[""unseen_polygon"", ""interval_not_coverage_certified""]",empirical_oof_not_certified,0.95,source_mixture_affine
AOI-0073,2022-06-14,0.6311025502958078,0.36492228490272055,0.003975164801471716,0.0,2.0,3.0,0.015355734239070884,,0.8823529411764706,0.6311025502958078,"[""unseen_polygon"", ""interval_not_coverage_certified""]",empirical_oof_not_certified,0.95,source_mixture_affine
AOI-0073,2022-07-05,0.08719905279476795,0.9128009472052319,0.0,0.0,1.0,4.0,0.013012296022883507,,0.9375,0.9128009472052319,"[""unseen_polygon"", ""interval_not_coverage_certified""]",empirical_oof_not_certified,0.95,source_mixture_affine
AOI-0073,2022-07-07,0.5462294138904334,0.4497954213080948,0.003975164801471716,0.0,3.0,2.0,0.0022144596646629933,,0.8823529411764706,0.5462294138904334,"[""unseen_polygon"", ""interval_not_coverage_certified""]",empirical_oof_not_certified,0.95,source_mixture_affine
AOI-0073,2022-09-10,0.741458938925116,0.25444856820190326,0.004092492872980678,0.0,5.0,1.0,0.004540443722529264,,0.9375,0.741458938925116,"[""unseen_polygon"", ""interval_not_coverage_certified""]",empirical_oof_not_certified,0.95,source_mixture_affine
AOI-0073,2022-09-30,0.17403168175767164,0.3562806245828075,0.46968769365952084,0.0,10.0,5.0,0.029602188786520656,,0.75,0.46968769365952084,"[""unseen_polygon"", ""interval_not_coverage_certified""]",empirical_oof_not_certified,0.95,source_mixture_affine
AOI-0073,2023-04-02,0.23462865351064482,0.7633261764497138,0.002045170039641143,0.0,167.0,1.0,0.010493950453215509,,0.9375,0.7633261764497138,"[""unseen_polygon"", ""interval_not_coverage_certified""]",empirical_oof_not_certified,0.95,source_mixture_affine
AOI-0073,2023-04-28,0.43998372789586043,0.554836794182373,0.0051794779217666734,0.0,2.0,6.0,0.05760725267256114,,0.8823529411764706,0.554836794182373,"[""unseen_polygon"", ""interval_not_coverage_certified""]",empirical_oof_not_certified,0.95,source_mixture_affine
AOI-0073,2023-05-03,0.8213198895645035,0.17458761756251584,0.004092492872980678,0.0,7.0,1.0,0.015034463717373908,,0.9375,0.8213198895645035,"[""unseen_polygon"", ""interval_not_coverage_certified""]",empirical_oof_not_certified,0.95,source_mixture_affine
AOI-0073,2023-05-05,0.3100851312010804,0.6887070502586282,0.0012078185402915837,0.0,1.0,4.0,0.032981395174268846,,0.9375,0.6887070502586282,"[""unseen_polygon"", ""interval_not_coverage_certified""]",empirical_oof_not_certified,0.95,source_mixture_affine
AOI-0073,2023-05-13,0.14310326249893163,0.8539674413166387,0.002929296184429658,0.0,1.0,2.0,0.015388356829076522,,0.9375,0.8539674413166387,"[""unseen_polygon"", ""interval_not_coverage_certified""]",empirical_oof_not_certified,0.95,source_mixture_affine
AOI-0073,2023-06-04,0.8574372876751924,0.138470219451827,0.004092492872980678,0.0,2.0,1.0,0.033288117753842994,,0.9375,0.8574372876751924,"[""unseen_polygon"", ""interval_not_coverage_certified""]",empirical_oof_not_certified,0.95,source_mixture_affine
AOI-0073,2023-06-07,0.15880696690700202,0.8411930330929976,0.0,0.0,1.0,2.0,0.003626724022440686,,0.9375,0.8411930330929976,"[""unseen_polygon"", ""interval_not_coverage_certified""]",empirical_oof_not_certified,0.95,source_mixture_affine
AOI-0073,2023-07-25,0.10786725910843487,0.892132740891565,0.0,0.0,6.0,2.0,0.016383473727749592,,0.8823529411764706,0.892132740891565,"[""unseen_polygon"", ""interval_not_coverage_certified""]",empirical_oof_not_certified,0.95,source_mixture_affine
AOI-0073,2023-07-31,0.46057169805054665,0.5394283019494533,0.0,0.0,3.0,1.0,0.014737991745212786,,0.9375,0.5394283019494533,"[""unseen_polygon"", ""interval_not_coverage_certified""]",empirical_oof_not_certified,0.95,source_mixture_affine
AOI-0073,2023-08-06,0.3936711238177454,0.6013288761822545,0.005,0.0,3.0,2.0,0.015455420181544471,,0.8823529411764706,0.6013288761822545,"[""unseen_polygon"", ""interval_not_coverage_certified""]",empirical_oof_not_certified,0.95,source_mixture_affine
AOI-0073,2023-08-16,0.11870371229695177,0.881296287703048,0.0,0.0,3.0,2.0,0.010643273673123732,,0.8823529411764706,0.881296287703048,"[""unseen_polygon"", ""interval_not_coverage_certified""]",empirical_oof_not_certified,0.95,source_mixture_affine
AOI-0073,2023-08-28,0.7942044228185351,0.2057955771814649,0.0,0.0,2.0,1.0,0.04132504655579275,,0.9375,0.7942044228185351,"[""unseen_polygon"", ""interval_not_coverage_certified""]",empirical_oof_not_certified,0.95,source_mixture_affine
AOI-0073,2023-09-07,0.9375359679551322,0.06246403204486781,0.0,0.0,2.0,7.0,0.0353072276019748,,0.8823529411764706,0.9375359679551322,"[""unseen_polygon"", ""interval_not_coverage_certified""]",empirical_oof_not_certified,0.95,source_mixture_affine
AOI-0073,2023-09-12,0.895856560233016,0.10290639085173073,0.0012370489152534736,0.0,7.0,2.0,0.029967540389786107,,0.8823529411764706,0.895856560233016,"[""unseen_polygon"", ""interval_not_coverage_certified""]",empirical_oof_not_certified,0.95,source_mixture_affine
AOI-0073,2023-09-29,0.6316303557544051,0.3672646484792953,0.0011049957662997462,0.0,2.0,1.0,0.0045055189104949295,,0.9375,0.6316303557544051,"[""unseen_polygon"", ""interval_not_coverage_certified""]",empirical_oof_not_certified,0.95,source_mixture_affine
AOI-0073,2023-10-11,0.21676021752083735,0.7832397824791626,0.0,0.0,11.0,1.0,0.009584459072205787,,0.9375,0.7832397824791626,"[""unseen_polygon"", ""interval_not_coverage_certified""]",empirical_oof_not_certified,0.95,source_mixture_affine
AOI-0073,2023-10-15,0.7365541727356562,0.25887899317477225,0.004566834089571983,0.0,3.0,1.0,0.04499900778240651,,0.9375,0.7365541727356562,"[""unseen_polygon"", ""interval_not_coverage_certified""]",empirical_oof_not_certified,0.95,source_mixture_affine
AOI-0073,2024-04-14,0.6264934083596859,0.36443929022279514,0.009067301417518736,0.0,2.0,3.0,0.06261561491817408,,0.8823529411764706,0.6264934083596859,"[""unseen_polygon"", ""interval_not_coverage_certified""]",empirical_oof_not_certified,0.95,source_mixture_affine
AOI-0073,2024-04-20,0.2930674337260815,0.7007555813141422,0.006176984959776145,0.0,1.0,2.0,0.03256142280088847,,0.9375,0.7007555813141422,"[""unseen_polygon"", ""interval_not_coverage_certified""]",empirical_oof_not_certified,0.95,source_mixture_affine
AOI-0073,2024-05-06,0.8005761005341563,0.19896340568326365,0.00046049378257992303,0.0,2.0,2.0,0.022837255665000944,,0.8823529411764706,0.8005761005341563,"[""unseen_polygon"", ""interval_not_coverage_certified""]",empirical_oof_not_certified,0.95,source_mixture_affine
AOI-0073,2024-05-07,0.4167338145220639,0.5832661854779362,0.0,0.0,3.0,1.0,0.015199099869027455,,0.9375,0.5832661854779362,"[""unseen_polygon"", ""interval_not_coverage_certified""]",empirical_oof_not_certified,0.95,source_mixture_affine
AOI-0073,2024-06-23,0.8494814474458195,0.15051855255418078,0.0,0.0,7.0,2.0,0.03961241183331665,,0.8823529411764706,0.8494814474458195,"[""unseen_polygon"", ""interval_not_coverage_certified""]",empirical_oof_not_certified,0.95,source_mixture_affine
AOI-0073,2024-07-03,0.7579474331175697,0.23927147131538276,0.002781095567047632,0.0,2.0,3.0,0.004720826405702261,,0.8823529411764706,0.7579474331175697,"[""unseen_polygon"", ""interval_not_coverage_certified""]",empirical_oof_not_certified,0.95,source_mixture_affine
AOI-0073,2024-07-11,0.24776828092004646,0.10907620282534619,0.6431555162546073,0.0,3.0,5.0,0.03888926050119362,,0.8333333333333334,0.6431555162546073,"[""unseen_polygon"", ""interval_not_coverage_certified""]",empirical_oof_not_certified,0.95,source_mixture_affine
AOI-0073,2024-07-13,0.9570896047169342,0.037472835239550986,0.0054375600435150285,0.0,5.0,3.0,0.011915785078802477,,0.8333333333333334,0.9570896047169342,"[""unseen_polygon"", ""interval_not_coverage_certified""]",empirical_oof_not_certified,0.95,source_mixture_affine
AOI-0073,2024-07-21,0.5788598933169192,0.4211401066830808,0.0,0.0,3.0,2.0,0.021202263490229675,,0.8823529411764706,0.5788598933169192,"[""unseen_polygon"", ""interval_not_coverage_certified""]",empirical_oof_not_certified,0.95,source_mixture_affine
AOI-0073,2024-07-25,0.5827193011929869,0.4143200358096255,0.002960662997387622,0.0,2.0,1.0,0.03600809844424488,,0.9375,0.5827193011929869,"[""unseen_polygon"", ""interval_not_coverage_certified""]",empirical_oof_not_certified,0.95,source_mixture_affine
AOI-0073,2024-08-12,0.4993110546213754,0.2792081581767427,0.22148078720188186,0.0,2.0,3.0,0.021606564417605223,,0.8823529411764706,0.4993110546213754,"[""unseen_polygon"", ""interval_not_coverage_certified""]",empirical_oof_not_certified,0.95,source_mixture_affine
AOI-0073,2024-08-28,0.14062789971652695,0.6585872021799465,0.2007848981035262,0.0,1.0,2.0,0.03801635498426509,,0.9375,0.6585872021799465,"[""unseen_polygon"", ""interval_not_coverage_certified""]",empirical_oof_not_certified,0.95,source_mixture_affine
AOI-0073,2024-09-01,0.7559118042811541,0.1560156778625451,0.08807251785630105,0.0,2.0,3.0,0.006479386358011485,,0.8823529411764706,0.7559118042811541,"[""unseen_polygon"", ""interval_not_coverage_certified""]",empirical_oof_not_certified,0.95,source_mixture_affine
AOI-0073,2024-09-13,0.5862819810868003,0.23330823071332052,0.18040978819987927,0.0,4.0,1.0,0.020965359184871968,,0.9375,0.5862819810868003,"[""unseen_polygon"", ""interval_not_coverage_certified""]",empirical_oof_not_certified,0.95,source_mixture_affine
AOI-0073,2024-09-29,0.3939683851291801,0.3878743761491269,0.21815723872169313,0.0,2.0,2.0,0.009006111558691188,,0.8823529411764706,0.3939683851291801,"[""unseen_polygon"", ""interval_not_coverage_certified""]",empirical_oof_not_certified,0.95,source_mixture_affine
AOI-0073,2025-04-07,0.05356269977676793,0.0448600544189587,0.9015772458042731,0.0,3.0,2.0,0.0614668640042679,,0.8823529411764706,0.9015772458042731,"[""unseen_polygon"", ""interval_not_coverage_certified""]",empirical_oof_not_certified,0.95,source_mixture_affine
AOI-0073,2025-04-15,0.18510598370093365,0.7803747870227751,0.03451922927629068,0.0,3.0,2.0,0.021099225548101133,,0.8823529411764706,0.7803747870227751,"[""unseen_polygon"", ""interval_not_coverage_certified""]",empirical_oof_not_certified,0.95,source_mixture_affine
AOI-0073,2025-04-19,0.7101170549594152,0.24149151995534798,0.04839142508523688,0.0,2.0,2.0,0.0043733989129112055,,0.8823529411764706,0.7101170549594152,"[""unseen_polygon"", ""interval_not_coverage_certified""]",empirical_oof_not_certified,0.95,source_mixture_affine
AOI-0073,2025-04-22,0.6165292443605694,0.28260078917176334,0.10086996646766706,0.0,1.0,2.0,0.0014029758118566105,,0.9375,0.6165292443605694,"[""unseen_polygon"", ""interval_not_coverage_certified""]",empirical_oof_not_certified,0.95,source_mixture_affine
AOI-0073,2025-04-23,0.19688803422137208,0.10866074891110591,0.694451216867522,0.0,2.0,1.0,0.05416167658117371,,0.9375,0.694451216867522,"[""unseen_polygon"", ""interval_not_coverage_certified""]",empirical_oof_not_certified,0.95,source_mixture_affine
AOI-0073,2025-04-29,0.899014371760746,0.08544737862481488,0.015538249614439259,0.0,5.0,2.0,0.011475938950264775,,0.8823529411764706,0.899014371760746,"[""unseen_polygon"", ""interval_not_coverage_certified""]",empirical_oof_not_certified,0.95,source_mixture_affine
AOI-0073,2025-05-11,0.7715899343817263,0.22841006561827362,0.0,0.0,2.0,1.0,0.06251344040221052,,0.9375,0.7715899343817263,"[""unseen_polygon"", ""interval_not_coverage_certified""]",empirical_oof_not_certified,0.95,source_mixture_affine
AOI-0073,2025-05-22,0.89727011224442,0.09863739488259947,0.004092492872980678,0.0,8.0,2.0,0.0011660721946513825,,0.8823529411764706,0.89727011224442,"[""unseen_polygon"", ""interval_not_coverage_certified""]",empirical_oof_not_certified,0.95,source_mixture_affine
AOI-0073,2025-05-29,0.5314137157831057,0.4604105610304523,0.00817572318644199,0.0,4.0,2.0,0.030906356341347835,,0.8823529411764706,0.5314137157831057,"[""unseen_polygon"", ""interval_not_coverage_certified""]",empirical_oof_not_certified,0.95,source_mixture_affine
AOI-0073,2025-06-03,0.7959186203302927,0.19137518159108344,0.012706198078623766,0.0,1.0,3.0,0.02027035564823304,,0.9375,0.7959186203302927,"[""unseen_polygon"", ""interval_not_coverage_certified""]",empirical_oof_not_certified,0.95,source_mixture_affine
AOI-0073,2025-06-30,0.8393195973229575,0.14570476709048275,0.0149756355865596,0.0,4.0,4.0,0.034814634576054826,,0.7894736842105263,0.8393195973229575,"[""unseen_polygon"", ""interval_not_coverage_certified""]",empirical_oof_not_certified,0.95,source_mixture_affine
AOI-0073,2025-07-06,0.40935120632965344,0.590144463903824,0.0005043297665226176,0.0,2.0,4.0,0.030911255353116784,,0.8823529411764706,0.590144463903824,"[""unseen_polygon"", ""interval_not_coverage_certified""]",empirical_oof_not_certified,0.95,source_mixture_affine
AOI-0073,2025-07-08,0.7245637261302902,0.2604606382831502,0.0149756355865596,0.0,4.0,2.0,0.013768669175560744,,0.8823529411764706,0.7245637261302902,"[""unseen_polygon"", ""interval_not_coverage_certified""]",empirical_oof_not_certified,0.95,source_mixture_affine
AOI-0073,2025-07-28,0.4718484093393323,0.05779114180438814,0.47036044885627937,0.0,7.0,2.0,0.01861121355814571,,0.8823529411764706,0.4718484093393323,"[""unseen_polygon"", ""interval_not_coverage_certified""]",empirical_oof_not_certified,0.95,source_mixture_affine
AOI-0073,2025-08-05,0.4148775815552819,0.5839907250555673,0.0011316933891509454,0.0,3.0,5.0,0.0015607153229859616,,0.8333333333333334,0.5839907250555673,"[""unseen_polygon"", ""interval_not_coverage_certified""]",empirical_oof_not_certified,0.95,source_mixture_affine
AOI-0073,2025-08-07,0.7756667097811747,0.20848574751852564,0.015847542700299706,0.0,5.0,3.0,0.002513836588055929,,0.8333333333333334,0.7756667097811747,"[""unseen_polygon"", ""interval_not_coverage_certified""]",empirical_oof_not_certified,0.95,source_mixture_affine
AOI-0073,2025-08-22,0.8300016012076133,0.1550227632058271,0.0149756355865596,0.0,1.0,7.0,0.009806875995457431,,0.9375,0.8300016012076133,"[""unseen_polygon"", ""interval_not_coverage_certified""]",empirical_oof_not_certified,0.95,source_mixture_affine
AOI-0073,2025-08-27,0.9124459190738767,0.07484788284749962,0.012706198078623766,0.0,6.0,2.0,0.010945122648356176,,0.8823529411764706,0.9124459190738767,"[""unseen_polygon"", ""interval_not_coverage_certified""]",empirical_oof_not_certified,0.95,source_mixture_affine
AOI-0073,2025-09-22,0.06187352057089264,0.9381264794291074,0.0,0.0,1.0,2.0,0.0176706811865385,,0.9375,0.9381264794291074,"[""unseen_polygon"", ""interval_not_coverage_certified""]",empirical_oof_not_certified,0.95,source_mixture_affine
AOI-0074,2010-07-12,0.013017214457871757,0.6223247073494711,0.364658078192657,0.0,9.0,7.0,0.015908971241882564,,0.6818181818181818,0.6223247073494711,"[""unseen_polygon"", ""interval_not_coverage_certified""]",empirical_oof_not_certified,0.95,source_mixture_affine
AOI-0074,2010-08-29,0.013559398648022353,0.5233966755461735,0.4630439258058041,0.0,16.0,16.0,0.03738899461437148,,0.48387096774193555,0.5233966755461735,"[""unseen_polygon"", ""interval_not_coverage_certified""]",empirical_oof_not_certified,0.95,source_mixture_affine
AOI-0074,2011-05-27,0.0005676259309858534,0.9994323740690142,0.0,0.0,2.0,8.0,0.048339686830408346,,0.8823529411764706,0.9994323740690142,"[""unseen_polygon"", ""interval_not_coverage_certified""]",empirical_oof_not_certified,0.95,source_mixture_affine
AOI-0074,2011-06-20,0.0045165948548921905,0.9884970733248848,0.006986331820222906,0.0,8.0,22.0,0.0075134109226120405,,0.6521739130434783,0.9884970733248848,"[""unseen_polygon"", ""interval_not_coverage_certified""]",empirical_oof_not_certified,0.95,source_mixture_affine
AOI-0074,2011-06-26,0.03907368706834177,0.14640918016404167,0.8145171327676166,0.0,14.0,16.0,0.027171993124128546,,0.5172413793103449,0.8145171327676166,"[""unseen_polygon"", ""interval_not_coverage_certified""]",empirical_oof_not_certified,0.95,source_mixture_affine
AOI-0074,2011-07-06,0.0019181939429234118,0.9980818060570766,0.0,0.0,24.0,6.0,0.04850823310513941,,0.7142857142857143,0.9980818060570766,"[""unseen_polygon"", ""interval_not_coverage_certified""]",empirical_oof_not_certified,0.95,source_mixture_affine
AOI-0074,2011-09-24,0.0,1.0,0.0,0.0,10.0,6.0,0.03737839642368729,,0.7142857142857143,1.0,"[""unseen_polygon"", ""interval_not_coverage_certified""]",empirical_oof_not_certified,0.95,source_mixture_affine
AOI-0074,2013-06-25,0.0027713953183419932,0.9972286046816581,0.0,0.0,15.0,1.0,0.05504614782049233,,0.9375,0.9972286046816581,"[""unseen_polygon"", ""interval_not_coverage_certified""]",empirical_oof_not_certified,0.95,source_mixture_affine
AOI-0074,2013-07-03,0.06425711040369202,0.9277244286064723,0.008018460989835597,0.0,7.0,9.0,0.0370666759543212,,0.6818181818181818,0.9277244286064723,"[""unseen_polygon"", ""interval_not_coverage_certified""]",empirical_oof_not_certified,0.95,source_mixture_affine
AOI-0074,2013-07-11,0.0018636606181601076,0.99813633938184,0.0,0.0,15.0,1.0,0.057068175587176,,0.9375,0.99813633938184,"[""unseen_polygon"", ""interval_not_coverage_certified""]",empirical_oof_not_certified,0.95,source_mixture_affine
AOI-0074,2013-08-13,0.05388977241715847,0.2682184095273722,0.6778918180554697,0.0,1.0,16.0,0.010614352460493248,,0.9375,0.6778918180554697,"[""unseen_polygon"", ""interval_not_coverage_certified""]",empirical_oof_not_certified,0.95,source_mixture_affine
AOI-0074,2014-07-14,0.05675668178466332,0.935224857225501,0.008018460989835597,0.0,2.0,16.0,0.01893152477789295,,0.8823529411764706,0.935224857225501,"[""unseen_polygon"", ""interval_not_coverage_certified""]",empirical_oof_not_certified,0.95,source_mixture_affine
AOI-0074,2014-07-28,0.05933501809849834,0.2549451487376395,0.6857198331638622,0.0,16.0,2.0,0.04824608294543031,,0.8823529411764706,0.6857198331638622,"[""unseen_polygon"", ""interval_not_coverage_certified""]",empirical_oof_not_certified,0.95,source_mixture_affine
AOI-0074,2014-09-14,0.055683310043973006,0.24871706666719856,0.6955996232888287,0.0,14.0,16.0,0.005179011903309327,,0.5172413793103449,0.6955996232888287,"[""unseen_polygon"", ""interval_not_coverage_certified""]",empirical_oof_not_certified,0.95,source_mixture_affine
AOI-0074,2014-10-16,0.05409644093414784,0.24415070523844362,0.7017528538274087,0.0,6.0,10.0,0.012593529099394679,,0.7142857142857143,0.7017528538274087,"[""unseen_polygon"", ""interval_not_coverage_certified""]",empirical_oof_not_certified,0.95,source_mixture_affine
AOI-0074,2015-04-23,0.01762484001257304,0.39357756684134027,0.5887975931460866,0.0,11.0,16.0,0.025900323647683965,,0.5769230769230769,0.5887975931460866,"[""unseen_polygon"", ""interval_not_coverage_certified""]",empirical_oof_not_certified,0.95,source_mixture_affine
AOI-0074,2015-04-28,0.012649307013444154,0.9726262218265355,0.014724471160020465,0.0,16.0,11.0,0.050857509956196256,,0.5769230769230769,0.9726262218265355,"[""unseen_polygon"", ""interval_not_coverage_certified""]",empirical_oof_not_certified,0.95,source_mixture_affine
AOI-0074,2015-07-25,0.0005304124538597336,0.9994695875461403,0.0,0.0,8.0,3.0,0.00880166344599237,,0.8333333333333334,0.9994695875461403,"[""unseen_polygon"", ""interval_not_coverage_certified""]",empirical_oof_not_certified,0.95,source_mixture_affine
AOI-0074,2015-10-16,0.035379501487575904,0.3709551725971831,0.593665325915241,0.0,3.0,5.0,0.016448961758759553,,0.8333333333333334,0.593665325915241,"[""unseen_polygon"", ""interval_not_coverage_certified""]",empirical_oof_not_certified,0.95,source_mixture_affine
AOI-0074,2015-10-29,0.030633908486310292,0.9395176113045164,0.02984848020917309,0.0,8.0,160.0,0.019561634285486018,,0.6521739130434783,0.9395176113045164,"[""unseen_polygon"", ""interval_not_coverage_certified""]",empirical_oof_not_certified,0.95,source_mixture_affine
AOI-0074,2016-08-12,0.02108483345080439,0.42677533759408254,0.5521398289551129,0.0,16.0,16.0,0.002715072949506264,,0.48387096774193555,0.5521398289551129,"[""unseen_polygon"", ""interval_not_coverage_certified""]",empirical_oof_not_certified,0.95,source_mixture_affine
AOI-0074,2016-08-20,0.00240591357055268,0.9975940864294474,0.0,0.0,24.0,8.0,0.008297974801543234,,0.6521739130434783,0.9975940864294474,"[""unseen_polygon"", ""interval_not_coverage_certified""]",empirical_oof_not_certified,0.95,source_mixture_affine
AOI-0074,2017-04-23,0.10707121836622757,0.09663781513740313,0.7962909664963693,0.0,16.0,2.0,0.025636306020130853,,0.8823529411764706,0.7962909664963693,"[""unseen_polygon"", ""interval_not_coverage_certified""]",empirical_oof_not_certified,0.95,source_mixture_affine
AOI-0074,2017-05-04,0.37059551816129316,0.6294044818387069,0.0,0.0,1.0,5.0,0.06313418625688783,,0.9375,0.6294044818387069,"[""unseen_polygon"", ""interval_not_coverage_certified""]",empirical_oof_not_certified,0.95,source_mixture_affine
AOI-0074,2017-05-06,0.7266928860329276,0.26998922275198756,0.003317891215084725,0.0,3.0,3.0,0.07135955413605088,,0.8333333333333334,0.7266928860329276,"[""unseen_polygon"", ""interval_not_coverage_certified""]",empirical_oof_not_certified,0.95,source_mixture_affine
AOI-0074,2017-06-04,0.10597886820784418,0.8841106836842789,0.00991044810787685,0.0,8.0,8.0,0.006306871113593071,,0.6521739130434783,0.8841106836842789,"[""unseen_polygon"", ""interval_not_coverage_certified""]",empirical_oof_not_certified,0.95,source_mixture_affine
AOI-0074,2017-06-05,0.5974340307227985,0.3934047246405033,0.009161244636697674,0.0,9.0,7.0,0.013716257779646246,,0.6818181818181818,0.5974340307227985,"[""unseen_polygon"", ""interval_not_coverage_certified""]",empirical_oof_not_certified,0.95,source_mixture_affine
AOI-0074,2017-06-10,0.11875455961464552,0.20076181207328264,0.6804836283120719,0.0,14.0,2.0,0.07229785530546351,,0.8823529411764706,0.6804836283120719,"[""unseen_polygon"", ""interval_not_coverage_certified""]",empirical_oof_not_certified,0.95,source_mixture_affine
AOI-0074,2017-06-20,0.12011115285303246,0.8456529474275994,0.034235899719367684,0.0,8.0,8.0,0.006508611731770697,,0.6521739130434783,0.8456529474275994,"[""unseen_polygon"", ""interval_not_coverage_certified""]",empirical_oof_not_certified,0.95,source_mixture_affine
AOI-0074,2017-06-26,0.10821777135447011,0.0907170553646633,0.8010651732808666,0.0,14.0,2.0,0.04298464469215041,,0.8823529411764706,0.8010651732808666,"[""unseen_polygon"", ""interval_not_coverage_certified""]",empirical_oof_not_certified,0.95,source_mixture_affine
AOI-0074,2017-07-18,0.24988947835162847,0.7501105216483717,0.0,0.0,4.0,4.0,0.057660926514826294,,0.7894736842105263,0.7501105216483717,"[""unseen_polygon"", ""interval_not_coverage_certified""]",empirical_oof_not_certified,0.95,source_mixture_affine
AOI-0074,2017-08-07,0.24294373888676776,0.7534328656751671,0.003623395438065181,0.0,10.0,5.0,0.014081110390494755,,0.75,0.7534328656751671,"[""unseen_polygon"", ""interval_not_coverage_certified""]",empirical_oof_not_certified,0.95,source_mixture_affine
AOI-0074,2017-08-17,0.32209570573021845,0.6779042942697819,0.0,0.0,2.0,2.0,0.010129836881275223,,0.8823529411764706,0.6779042942697819,"[""unseen_polygon"", ""interval_not_coverage_certified""]",empirical_oof_not_certified,0.95,source_mixture_affine
AOI-0074,2017-09-16,0.4757307688753529,0.524269231124647,0.0,0.0,2.0,5.0,0.01619165296767766,,0.8823529411764706,0.524269231124647,"[""unseen_polygon"", ""interval_not_coverage_certified""]",empirical_oof_not_certified,0.95,source_mixture_affine
AOI-0074,2017-10-11,0.0743924594469721,0.9172805398088936,0.008327000744134299,0.0,1.0,7.0,0.003955101072504408,,0.9375,0.9172805398088936,"[""unseen_polygon"", ""interval_not_coverage_certified""]",empirical_oof_not_certified,0.95,source_mixture_affine
AOI-0074,2017-10-16,0.44332305205603156,0.3879056876100489,0.16877126033391965,0.0,6.0,2.0,0.0016394233964281968,,0.8823529411764706,0.44332305205603156,"[""unseen_polygon"", ""interval_not_coverage_certified""]",empirical_oof_not_certified,0.95,source_mixture_affine
AOI-0074,2018-04-04,0.09214629765743135,0.9028701495662003,0.0049835527763680935,0.0,168.0,3.0,0.012634772918288323,,0.8333333333333334,0.9028701495662003,"[""unseen_polygon"", ""interval_not_coverage_certified""]",empirical_oof_not_certified,0.95,source_mixture_affine
AOI-0074,2018-04-23,0.14657171485832843,0.18679741245827552,0.6666308726833963,0.0,7.0,5.0,0.035372333923315166,,0.75,0.6666308726833963,"[""unseen_polygon"", ""interval_not_coverage_certified""]",empirical_oof_not_certified,0.95,source_mixture_affine
AOI-0074,2018-05-06,0.11931797138380441,0.8756820286161955,0.005,0.0,2.0,3.0,0.0684847467165989,,0.8823529411764706,0.8756820286161955,"[""unseen_polygon"", ""interval_not_coverage_certified""]",empirical_oof_not_certified,0.95,source_mixture_affine
AOI-0074,2018-05-11,0.8023762618054288,0.19262373819457124,0.005,0.0,2.0,14.0,0.1352434576685272,,0.8823529411764706,0.8023762618054288,"[""unseen_polygon"", ""interval_not_coverage_certified""]",empirical_oof_not_certified,0.95,source_mixture_affine
AOI-0074,2018-05-22,0.22035267983642692,0.7709101163693837,0.008737203794189687,0.0,13.0,3.0,0.11114689121044308,,0.8333333333333334,0.7709101163693837,"[""unseen_polygon"", ""interval_not_coverage_certified""]",empirical_oof_not_certified,0.95,source_mixture_affine
AOI-0074,2018-05-26,0.525070222444906,0.47301481146024743,0.001914966094846705,0.0,1.0,15.0,0.0749631671427903,,0.9375,0.525070222444906,"[""unseen_polygon"", ""interval_not_coverage_certified""]",empirical_oof_not_certified,0.95,source_mixture_affine
AOI-0074,2018-05-30,0.3699143863666226,0.6293116365400031,0.000773977093374461,0.0,5.0,11.0,0.06811658841306892,,0.75,0.6293116365400031,"[""unseen_polygon"", ""interval_not_coverage_certified""]",empirical_oof_not_certified,0.95,source_mixture_affine
AOI-0074,2018-07-13,0.6108721650775568,0.3856740175937247,0.003453817328718186,0.0,1.0,12.0,0.03686146888320729,,0.9375,0.6108721650775568,"[""unseen_polygon"", ""interval_not_coverage_certified""]",empirical_oof_not_certified,0.95,source_mixture_affine
AOI-0074,2018-08-18,0.049843169976295176,0.9501568300237048,0.0,0.0,5.0,8.0,0.014100553849392572,,0.75,0.9501568300237048,"[""unseen_polygon"", ""interval_not_coverage_certified""]",empirical_oof_not_certified,0.95,source_mixture_affine
AOI-0074,2018-09-14,0.11459891858075455,0.26067099443745917,0.6247300869817866,0.0,1.0,17.0,0.040163388397381206,,0.9375,0.6247300869817866,"[""unseen_polygon"", ""interval_not_coverage_certified""]",empirical_oof_not_certified,0.95,source_mixture_affine
AOI-0074,2018-09-19,0.1646148817574018,0.7685250217943681,0.06686009644823003,0.0,6.0,12.0,0.024784413050859322,,0.7142857142857143,0.7685250217943681,"[""unseen_polygon"", ""interval_not_coverage_certified""]",empirical_oof_not_certified,0.95,source_mixture_affine
AOI-0074,2018-09-30,0.14324253578259552,0.2306505857049212,0.6261068785124835,0.0,17.0,1.0,0.014702030233287311,,0.9375,0.6261068785124835,"[""unseen_polygon"", ""interval_not_coverage_certified""]",empirical_oof_not_certified,0.95,source_mixture_affine
AOI-0074,2019-04-23,0.5600432681360524,0.16678874796811147,0.2731679838958362,0.0,2.0,1.0,0.02115029539989033,,0.9375,0.5600432681360524,"[""unseen_polygon"", ""interval_not_coverage_certified""]",empirical_oof_not_certified,0.95,source_mixture_affine
AOI-0074,2019-05-04,0.428600692449599,0.571399307550401,0.0,0.0,10.0,2.0,0.011930845437641169,,0.8823529411764706,0.571399307550401,"[""unseen_polygon"", ""interval_not_coverage_certified""]",empirical_oof_not_certified,0.95,source_mixture_affine
AOI-0074,2019-05-14,0.8775994146994077,0.11830809242761171,0.004092492872980678,0.0,3.0,3.0,0.04024944788977031,,0.8333333333333334,0.8775994146994077,"[""unseen_polygon"", ""interval_not_coverage_certified""]",empirical_oof_not_certified,0.95,source_mixture_affine
AOI-0074,2019-05-16,0.9735404413406734,0.025999064876746747,0.00046049378257992303,0.0,5.0,1.0,0.029548644829680837,,0.9375,0.9735404413406734,"[""unseen_polygon"", ""interval_not_coverage_certified""]",empirical_oof_not_certified,0.95,source_mixture_affine
AOI-0074,2019-05-31,0.9527946904832622,0.04720530951673812,0.0,0.0,2.0,3.0,0.016628296300217837,,0.8823529411764706,0.9527946904832622,"[""unseen_polygon"", ""interval_not_coverage_certified""]",empirical_oof_not_certified,0.95,source_mixture_affine
AOI-0074,2019-06-13,0.5526753946593234,0.44334944053920483,0.003975164801471716,0.0,3.0,2.0,0.003459450482079185,,0.8823529411764706,0.5526753946593234,"[""unseen_polygon"", ""interval_not_coverage_certified""]",empirical_oof_not_certified,0.95,source_mixture_affine
AOI-0074,2019-07-13,0.5078646158226444,0.48395966099091353,0.00817572318644199,0.0,1.0,2.0,0.057292372966547433,,0.9375,0.5078646158226444,"[""unseen_polygon"", ""interval_not_coverage_certified""]",empirical_oof_not_certified,0.95,source_mixture_affine
AOI-0074,2019-08-05,0.14754079090994193,0.8474592090900582,0.005,0.0,6.0,2.0,0.1475599570874102,,0.8823529411764706,0.8474592090900582,"[""unseen_polygon"", ""interval_not_coverage_certified""]",empirical_oof_not_certified,0.95,source_mixture_affine
AOI-0074,2019-08-09,0.8434996619591059,0.15650033804089392,0.0,0.0,2.0,3.0,0.04028371172445122,,0.8823529411764706,0.8434996619591059,"[""unseen_polygon"", ""interval_not_coverage_certified""]",empirical_oof_not_certified,0.95,source_mixture_affine
AOI-0074,2019-09-14,0.13242698551232543,0.284975999239159,0.5825970152485155,0.0,1.0,2.0,0.022170685266057033,,0.9375,0.5825970152485155,"[""unseen_polygon"", ""interval_not_coverage_certified""]",empirical_oof_not_certified,0.95,source_mixture_affine
AOI-0074,2020-04-09,0.35613703851194134,0.6388629614880587,0.005,0.0,1.0,1.0,0.013520760066865742,,0.9375,0.6388629614880587,"[""unseen_polygon"", ""interval_not_coverage_certified""]",empirical_oof_not_certified,0.95,source_mixture_affine
AOI-0074,2020-07-06,0.6954745493185791,0.3040649568988405,0.00046049378257992303,0.0,2.0,1.0,0.025801388727846514,,0.9375,0.6954745493185791,"[""unseen_polygon"", ""interval_not_coverage_certified""]",empirical_oof_not_certified,0.95,source_mixture_affine
AOI-0074,2020-07-22,0.6857452452422066,0.31425475475779324,0.0,0.0,3.0,2.0,0.02475277865612191,,0.8823529411764706,0.6857452452422066,"[""unseen_polygon"", ""interval_not_coverage_certified""]",empirical_oof_not_certified,0.95,source_mixture_affine
AOI-0074,2020-08-07,0.08716904625524867,0.9128309537447511,0.0,0.0,1.0,1.0,0.03591597493358943,,0.9375,0.9128309537447511,"[""unseen_polygon"", ""interval_not_coverage_certified""]",empirical_oof_not_certified,0.95,source_mixture_affine
AOI-0074,2020-08-26,0.5637178406187008,0.4264886059275327,0.0097935534537664,0.0,3.0,2.0,0.05521675553770393,,0.8823529411764706,0.5637178406187008,"[""unseen_polygon"", ""interval_not_coverage_certified""]",empirical_oof_not_certified,0.95,source_mixture_affine
AOI-0074,2020-09-07,0.9413003990743324,0.058699600925667755,0.0,0.0,5.0,3.0,0.010809778928703953,,0.8333333333333334,0.9413003990743324,"[""unseen_polygon"", ""interval_not_coverage_certified""]",empirical_oof_not_certified,0.95,source_mixture_affine
AOI-0074,2020-09-08,0.31168877349224056,0.6833112265077594,0.005,0.0,6.0,2.0,0.023904155021058263,,0.8823529411764706,0.6833112265077594,"[""unseen_polygon"", ""interval_not_coverage_certified""]",empirical_oof_not_certified,0.95,source_mixture_affine
AOI-0074,2020-09-12,0.9158082043417538,0.0837313018756663,0.00046049378257992303,0.0,2.0,1.0,0.027484979588665193,,0.9375,0.9158082043417538,"[""unseen_polygon"", ""interval_not_coverage_certified""]",empirical_oof_not_certified,0.95,source_mixture_affine
AOI-0074,2020-10-07,0.9541560914740093,0.04168743672277603,0.004156471803214842,0.0,2.0,8.0,0.007057268709718373,,0.8823529411764706,0.9541560914740093,"[""unseen_polygon"", ""interval_not_coverage_certified""]",empirical_oof_not_certified,0.95,source_mixture_affine
AOI-0074,2020-10-12,0.7203647811805848,0.2788586636867418,0.0007765551326735506,0.0,7.0,3.0,0.028820622191116668,,0.8333333333333334,0.7203647811805848,"[""unseen_polygon"", ""interval_not_coverage_certified""]",empirical_oof_not_certified,0.95,source_mixture_affine
AOI-0074,2020-10-18,0.2633555443140853,0.7286092304838285,0.008035225202086079,0.0,1.0,1.0,0.020880226998096857,,0.9375,0.7286092304838285,"[""unseen_polygon"", ""interval_not_coverage_certified""]",empirical_oof_not_certified,0.95,source_mixture_affine
AOI-0074,2020-10-22,0.883518805226867,0.09981056821310215,0.016670626560030738,0.0,2.0,4.0,0.017049077270082882,,0.8823529411764706,0.883518805226867,"[""unseen_polygon"", ""interval_not_coverage_certified""]",empirical_oof_not_certified,0.95,source_mixture_affine
AOI-0074,2021-04-25,0.8758163473484689,0.11680392091654937,0.00737973173498195,0.0,2.0,3.0,0.041695973176512156,,0.8823529411764706,0.8758163473484689,"[""unseen_polygon"", ""interval_not_coverage_certified""]",empirical_oof_not_certified,0.95,source_mixture_affine
AOI-0074,2021-06-23,0.502585200835796,0.49258506646555866,0.004829732698645184,0.0,1.0,1.0,0.036608554598061394,,0.9375,0.502585200835796,"[""unseen_polygon"", ""interval_not_coverage_certified""]",empirical_oof_not_certified,0.95,source_mixture_affine
AOI-0074,2021-06-27,0.5547117083237554,0.4413131268747729,0.003975164801471716,0.0,1.0,2.0,0.024596713417767424,,0.9375,0.5547117083237554,"[""unseen_polygon"", ""interval_not_coverage_certified""]",empirical_oof_not_certified,0.95,source_mixture_affine
AOI-0074,2021-07-17,0.480680580139671,0.5153442550588572,0.003975164801471716,0.0,3.0,1.0,0.01070895684932599,,0.9375,0.5153442550588572,"[""unseen_polygon"", ""interval_not_coverage_certified""]",empirical_oof_not_certified,0.95,source_mixture_affine
AOI-0074,2021-08-03,0.9036081826659736,0.09639181733402655,0.0,0.0,1.0,8.0,0.00015576554190954717,,0.9375,0.9036081826659736,"[""unseen_polygon"", ""interval_not_coverage_certified""]",empirical_oof_not_certified,0.95,source_mixture_affine
AOI-0074,2021-08-06,0.7476254495459392,0.2523745504540606,0.0,0.0,4.0,5.0,0.0007535175313602149,,0.7894736842105263,0.7476254495459392,"[""unseen_polygon"", ""interval_not_coverage_certified""]",empirical_oof_not_certified,0.95,source_mixture_affine
AOI-0074,2021-08-19,0.0861153055947462,0.9138846944052537,0.0,0.0,1.0,2.0,0.04646381471816169,,0.9375,0.9138846944052537,"[""unseen_polygon"", ""interval_not_coverage_certified""]",empirical_oof_not_certified,0.95,source_mixture_affine
AOI-0074,2021-09-03,0.12643012879191182,0.8735698712080878,0.0,0.0,3.0,2.0,0.1181034311373996,,0.8823529411764706,0.8735698712080878,"[""unseen_polygon"", ""interval_not_coverage_certified""]",empirical_oof_not_certified,0.95,source_mixture_affine
AOI-0074,2021-10-06,0.35040045987264584,0.6495995401273541,0.0,0.0,6.0,9.0,0.035140489419670115,,0.7142857142857143,0.6495995401273541,"[""unseen_polygon"", ""interval_not_coverage_certified""]",empirical_oof_not_certified,0.95,source_mixture_affine
AOI-0074,2021-10-17,0.8418843225540081,0.1431956622262844,0.014920015219707712,0.0,1.0,4.0,0.04291738349548402,,0.9375,0.8418843225540081,"[""unseen_polygon"", ""interval_not_coverage_certified""]",empirical_oof_not_certified,0.95,source_mixture_affine
AOI-0074,2021-10-20,0.8528201282081951,0.13503490401518328,0.012144967776622044,0.0,4.0,1.0,0.04237682628286754,,0.9375,0.8528201282081951,"[""unseen_polygon"", ""interval_not_coverage_certified""]",empirical_oof_not_certified,0.95,source_mixture_affine
AOI-0074,2021-10-27,0.9087373174101481,0.08848543470608979,0.002777247883762203,0.0,2.0,3.0,0.02541685482047476,,0.8823529411764706,0.9087373174101481,"[""unseen_polygon"", ""interval_not_coverage_certified""]",empirical_oof_not_certified,0.95,source_mixture_affine
AOI-0074,2022-05-30,0.9724317927985358,0.027107713418884245,0.00046049378257992303,0.0,5.0,3.0,0.06882070986800776,,0.8333333333333334,0.9724317927985358,"[""unseen_polygon"", ""interval_not_coverage_certified""]",empirical_oof_not_certified,0.95,source_mixture_affine
AOI-0074,2022-07-12,0.3386185415535587,0.4490525330184494,0.21232892542799195,0.0,5.0,5.0,0.008333698367265219,,0.75,0.4490525330184494,"[""unseen_polygon"", ""interval_not_coverage_certified""]",empirical_oof_not_certified,0.95,source_mixture_affine
AOI-0074,2022-08-29,0.2084988975393651,0.19523622140298205,0.5962648810576527,0.0,1.0,1.0,0.02220560752414011,,0.9375,0.5962648810576527,"[""unseen_polygon"", ""interval_not_coverage_certified""]",empirical_oof_not_certified,0.95,source_mixture_affine
AOI-0074,2022-10-16,0.45887482530289037,0.40704162371424496,0.13408355098286479,0.0,1.0,1.0,0.004832501359665592,,0.9375,0.45887482530289037,"[""unseen_polygon"", ""interval_not_coverage_certified""]",empirical_oof_not_certified,0.95,source_mixture_affine
AOI-0074,2023-04-28,0.4915423203573202,0.5002819564562377,0.00817572318644199,0.0,2.0,5.0,0.03650689341914587,,0.8823529411764706,0.5002819564562377,"[""unseen_polygon"", ""interval_not_coverage_certified""]",empirical_oof_not_certified,0.95,source_mixture_affine
AOI-0074,2023-05-30,0.8621332988943929,0.13377420823262656,0.004092492872980678,0.0,5.0,3.0,0.03708530568041207,,0.8333333333333334,0.8621332988943929,"[""unseen_polygon"", ""interval_not_coverage_certified""]",empirical_oof_not_certified,0.95,source_mixture_affine
AOI-0074,2023-06-09,0.540127527393505,0.45987247260649494,0.0,0.0,3.0,1.0,0.05186373387946275,,0.9375,0.540127527393505,"[""unseen_polygon"", ""interval_not_coverage_certified""]",empirical_oof_not_certified,0.95,source_mixture_affine
AOI-0074,2023-06-19,0.9330948126161754,0.06690518738382444,0.0,0.0,2.0,2.0,0.042422581842728624,,0.8823529411764706,0.9330948126161754,"[""unseen_polygon"", ""interval_not_coverage_certified""]",empirical_oof_not_certified,0.95,source_mixture_affine
AOI-0074,2023-07-14,0.8798659655757582,0.11604154155126092,0.004092492872980678,0.0,2.0,1.0,0.07554036277521758,,0.9375,0.8798659655757582,"[""unseen_polygon"", ""interval_not_coverage_certified""]",empirical_oof_not_certified,0.95,source_mixture_affine
AOI-0074,2023-08-16,0.13632593130910087,0.8636740686908989,0.0,0.0,3.0,2.0,0.027605031977976785,,0.8823529411764706,0.8636740686908989,"[""unseen_polygon"", ""interval_not_coverage_certified""]",empirical_oof_not_certified,0.95,source_mixture_affine
AOI-0074,2023-09-14,0.5009166623516574,0.10016232629274603,0.39892101135559666,0.0,2.0,3.0,0.03031367331923504,,0.8823529411764706,0.5009166623516574,"[""unseen_polygon"", ""interval_not_coverage_certified""]",empirical_oof_not_certified,0.95,source_mixture_affine
AOI-0074,2023-10-11,0.24778335620062295,0.7513781498682399,0.0008384939311369831,0.0,8.0,1.0,0.01339794605714656,,0.9375,0.7513781498682399,"[""unseen_polygon"", ""interval_not_coverage_certified""]",empirical_oof_not_certified,0.95,source_mixture_affine
AOI-0074,2024-04-17,0.8784531435706906,0.11565098272520795,0.005895873704101662,0.0,3.0,2.0,0.012990605328019378,,0.8823529411764706,0.8784531435706906,"[""unseen_polygon"", ""interval_not_coverage_certified""]",empirical_oof_not_certified,0.95,source_mixture_affine
AOI-0074,2024-05-08,0.23782510166993961,0.13991936960757015,0.6222555287224899,0.0,1.0,4.0,0.003929779326747096,,0.9375,0.6222555287224899,"[""unseen_polygon"", ""interval_not_coverage_certified""]",empirical_oof_not_certified,0.95,source_mixture_affine
AOI-0074,2024-05-09,0.6670975582671629,0.31874210167364403,0.01416034005919294,0.0,2.0,3.0,0.014834089582538623,,0.8823529411764706,0.6670975582671629,"[""unseen_polygon"", ""interval_not_coverage_certified""]",empirical_oof_not_certified,0.95,source_mixture_affine
AOI-0074,2024-06-06,0.86587995525942,0.13412004474058,0.0,0.0,5.0,2.0,0.005853490915887827,,0.8823529411764706,0.86587995525942,"[""unseen_polygon"", ""interval_not_coverage_certified""]",empirical_oof_not_certified,0.95,source_mixture_affine
AOI-0074,2024-07-08,0.7800495034758629,0.21995049652413698,0.0,0.0,2.0,3.0,0.0037243318800703196,,0.8823529411764706,0.7800495034758629,"[""unseen_polygon"", ""interval_not_coverage_certified""]",empirical_oof_not_certified,0.95,source_mixture_affine
AOI-0074,2024-07-18,0.8991729778736741,0.10082702212632562,0.0,0.0,1.0,3.0,0.0217987350629249,,0.9375,0.8991729778736741,"[""unseen_polygon"", ""interval_not_coverage_certified""]",empirical_oof_not_certified,0.95,source_mixture_affine
AOI-0074,2024-07-27,0.23271452000901616,0.5571785101424825,0.2101069698485014,0.0,1.0,1.0,0.04525322730005932,,0.9375,0.5571785101424825,"[""unseen_polygon"", ""interval_not_coverage_certified""]",empirical_oof_not_certified,0.95,source_mixture_affine
AOI-0074,2024-08-12,0.5180526018671405,0.31019754794653975,0.17174985018631964,0.0,2.0,3.0,0.014229437196682404,,0.8823529411764706,0.5180526018671405,"[""unseen_polygon"", ""interval_not_coverage_certified""]",empirical_oof_not_certified,0.95,source_mixture_affine
AOI-0074,2024-08-28,0.14632109157773823,0.602614705776952,0.2510642026453098,0.0,1.0,2.0,0.04031538529424383,,0.9375,0.602614705776952,"[""unseen_polygon"", ""interval_not_coverage_certified""]",empirical_oof_not_certified,0.95,source_mixture_affine
AOI-0074,2024-09-04,0.7320135389064655,0.2635985293808451,0.004387931712689796,0.0,3.0,2.0,0.006105147697544,,0.8823529411764706,0.7320135389064655,"[""unseen_polygon"", ""interval_not_coverage_certified""]",empirical_oof_not_certified,0.95,source_mixture_affine
AOI-0074,2024-09-09,0.8207427526820342,0.17925724731796572,0.0,0.0,3.0,4.0,0.026817974581348783,,0.8333333333333334,0.8207427526820342,"[""unseen_polygon"", ""interval_not_coverage_certified""]",empirical_oof_not_certified,0.95,source_mixture_affine
AOI-0074,2025-04-07,0.05930777708794152,0.04472656004317246,0.8959656628688859,0.0,3.0,2.0,0.06220089850986921,,0.8823529411764706,0.8959656628688859,"[""unseen_polygon"", ""interval_not_coverage_certified""]",empirical_oof_not_certified,0.95,source_mixture_affine
AOI-0074,2025-04-15,0.18051045590459744,0.8093534437822621,0.010136100313139869,0.0,3.0,2.0,0.021402930522616742,,0.8823529411764706,0.8093534437822621,"[""unseen_polygon"", ""interval_not_coverage_certified""]",empirical_oof_not_certified,0.95,source_mixture_affine
AOI-0074,2025-05-12,0.7319001839846666,0.26327008331668816,0.004829732698645184,0.0,1.0,10.0,0.0009412426615207081,,0.9375,0.7319001839846666,"[""unseen_polygon"", ""interval_not_coverage_certified""]",empirical_oof_not_certified,0.95,source_mixture_affine
AOI-0074,2025-05-14,0.8971983447195179,0.09009545720185858,0.012706198078623766,0.0,3.0,8.0,0.0005123954708303458,,0.8333333333333334,0.8971983447195179,"[""unseen_polygon"", ""interval_not_coverage_certified""]",empirical_oof_not_certified,0.95,source_mixture_affine
AOI-0074,2025-06-01,0.687516603594845,0.29904276933066876,0.01344062707448642,0.0,1.0,1.0,0.015366845053413625,,0.9375,0.687516603594845,"[""unseen_polygon"", ""interval_not_coverage_certified""]",empirical_oof_not_certified,0.95,source_mixture_affine
AOI-0074,2025-06-10,0.42765993891241794,0.03559973364088761,0.5367403274466944,0.0,2.0,1.0,0.029806743240989336,,0.9375,0.5367403274466944,"[""unseen_polygon"", ""interval_not_coverage_certified""]",empirical_oof_not_certified,0.95,source_mixture_affine
AOI-0074,2025-07-06,0.3693636821133559,0.6301319881201215,0.0005043297665226176,0.0,2.0,2.0,0.021261618601563448,,0.8823529411764706,0.6301319881201215,"[""unseen_polygon"", ""interval_not_coverage_certified""]",empirical_oof_not_certified,0.95,source_mixture_affine
AOI-0074,2025-07-16,0.4612894710431144,0.5387105289568858,0.0,0.0,3.0,2.0,0.00028049805016583385,,0.8823529411764706,0.5387105289568858,"[""unseen_polygon"", ""interval_not_coverage_certified""]",empirical_oof_not_certified,0.95,source_mixture_affine
AOI-0074,2025-08-05,0.3693959737629381,0.6294723328479109,0.0011316933891509454,0.0,3.0,2.0,0.005622511649014061,,0.8823529411764706,0.6294723328479109,"[""unseen_polygon"", ""interval_not_coverage_certified""]",empirical_oof_not_certified,0.95,source_mixture_affine
AOI-0074,2025-08-19,0.7525408099473964,0.22908849409437615,0.018370695958227632,0.0,2.0,1.0,0.002542858830793693,,0.9375,0.7525408099473964,"[""unseen_polygon"", ""interval_not_coverage_certified""]",empirical_oof_not_certified,0.95,source_mixture_affine
AOI-0074,2025-09-08,0.7785334823333989,0.20435412994328941,0.017112387723311737,0.0,2.0,3.0,0.00262368059248147,,0.8823529411764706,0.7785334823333989,"[""unseen_polygon"", ""interval_not_coverage_certified""]",empirical_oof_not_certified,0.95,source_mixture_affine
AOI-0074,2025-09-22,0.05037827952674515,0.9496217204732548,0.0,0.0,1.0,2.0,0.018266416920980744,,0.9375,0.9496217204732548,"[""unseen_polygon"", ""interval_not_coverage_certified""]",empirical_oof_not_certified,0.95,source_mixture_affine
AOI-0074,2025-10-01,0.8477513015264654,0.14978752141548657,0.0024611770580479403,0.0,1.0,3.0,0.001663482470303318,,0.9375,0.8477513015264654,"[""unseen_polygon"", ""interval_not_coverage_certified""]",empirical_oof_not_certified,0.95,source_mixture_affine
AOI-0074,2025-10-26,0.789936588013087,0.19153253681473004,0.018530875172183155,0.0,10.0,3.0,0.016612936009577958,,0.8333333333333334,0.789936588013087,"[""unseen_polygon"", ""interval_not_coverage_certified""]",empirical_oof_not_certified,0.95,source_mixture_affine
AOI-0075,2025-04-07,0.19861716682880443,0.08478807066780053,0.7165947625033954,0.0,3.0,10.0,0.026969094482044764,,0.8333333333333334,0.7165947625033954,"[""interval_not_coverage_certified""]",empirical_oof_not_certified,0.95,source_mixture_affine
AOI-0075,2025-04-12,0.9150263259343667,0.0842798041897398,0.0006938698758931931,0.0,8.0,5.0,0.0342309041309895,,0.75,0.9150263259343667,"[""interval_not_coverage_certified""]",empirical_oof_not_certified,0.95,source_mixture_affine
AOI-0075,2025-07-12,0.23853566121160394,0.2423913308303112,0.5190730079580848,0.0,1.0,1.0,0.023278810033489528,,0.9375,0.5190730079580848,"[""interval_not_coverage_certified""]",empirical_oof_not_certified,0.95,source_mixture_affine
AOI-0075,2025-07-18,0.892602126334062,0.0918637348702415,0.015534138795696612,0.0,2.0,3.0,0.035101223876192966,,0.8823529411764706,0.892602126334062,"[""interval_not_coverage_certified""]",empirical_oof_not_certified,0.95,source_mixture_affine
AOI-0075,2025-08-21,0.13680245991666842,0.8631975400833316,0.0,0.0,1.0,1.0,0.008079964489283498,,0.9375,0.8631975400833316,"[""interval_not_coverage_certified""]",empirical_oof_not_certified,0.95,source_mixture_affine
AOI-0075,2025-08-30,0.3701254514958169,0.6259020570826688,0.003972491421514545,0.0,1.0,2.0,0.0031770237028371506,,0.9375,0.6259020570826688,"[""interval_not_coverage_certified""]",empirical_oof_not_certified,0.95,source_mixture_affine
AOI-0075,2025-09-08,0.707660221923992,0.2765561384819839,0.015783639594024096,0.0,2.0,3.0,0.058844187334951115,,0.8823529411764706,0.707660221923992,"[""interval_not_coverage_certified""]",empirical_oof_not_certified,0.95,source_mixture_affine
AOI-0075,2025-09-16,0.7566074735261814,0.22841689088725908,0.0149756355865596,0.0,2.0,6.0,0.012670000792806252,,0.8823529411764706,0.7566074735261814,"[""interval_not_coverage_certified""]",empirical_oof_not_certified,0.95,source_mixture_affine
AOI-0075,2025-09-21,0.8840047014976264,0.10081830078313868,0.015176997719234727,0.0,7.0,1.0,0.026574905557648992,,0.9375,0.8840047014976264,"[""interval_not_coverage_certified""]",empirical_oof_not_certified,0.95,source_mixture_affine
AOI-0075,2025-10-29,0.8146268456040857,0.15716838483989357,0.028204769556021116,0.0,3.0,,0.04578809741238621,one_neighbor_plus_seasonal_prior,0.4166666666666667,0.8146268456040857,"[""one_sided_or_no_context"", ""interval_not_coverage_certified""]",empirical_oof_not_certified,0.95,source_mixture_affine
AOI-0076,2025-04-19,0.7091948230658771,0.27427258682304495,0.01653259011107806,0.0,2.0,2.0,0.004626106874894009,,0.8823529411764706,0.7091948230658771,"[""interval_not_coverage_certified""]",empirical_oof_not_certified,0.95,source_mixture_affine
AOI-0076,2025-05-01,0.5650858912242582,0.4152914592766572,0.01962264949908465,0.0,2.0,1.0,0.015640087311359144,,0.9375,0.5650858912242582,"[""interval_not_coverage_certified""]",empirical_oof_not_certified,0.95,source_mixture_affine
AOI-0076,2025-05-11,0.7413719450663571,0.2557713089249589,0.0028567460086840126,0.0,2.0,1.0,0.07810191637462477,,0.9375,0.7413719450663571,"[""interval_not_coverage_certified""]",empirical_oof_not_certified,0.95,source_mixture_affine
AOI-0076,2025-05-25,0.07922282273885242,0.1236851991093931,0.7970919781517548,0.0,1.0,7.0,0.06865190736718887,,0.9375,0.7970919781517548,"[""interval_not_coverage_certified""]",empirical_oof_not_certified,0.95,source_mixture_affine
AOI-0076,2025-07-10,0.749491291919009,0.23324300788906321,0.017265700191927885,0.0,2.0,1.0,0.005586156924662522,,0.9375,0.749491291919009,"[""interval_not_coverage_certified""]",empirical_oof_not_certified,0.95,source_mixture_affine
AOI-0076,2025-07-31,0.429764684098211,0.570235315901789,0.0,0.0,1.0,2.0,0.01280999375030567,,0.9375,0.570235315901789,"[""interval_not_coverage_certified""]",empirical_oof_not_certified,0.95,source_mixture_affine
AOI-0076,2025-08-21,0.1649481998971966,0.8350518001028034,0.0,0.0,2.0,1.0,0.028956150862632757,,0.9375,0.8350518001028034,"[""interval_not_coverage_certified""]",empirical_oof_not_certified,0.95,source_mixture_affine
AOI-0076,2025-08-27,0.9083083729580754,0.07898542896330073,0.012706198078623766,0.0,5.0,2.0,0.000687112615937735,,0.8823529411764706,0.9083083729580754,"[""interval_not_coverage_certified""]",empirical_oof_not_certified,0.95,source_mixture_affine
AOI-0076,2025-09-01,0.6822436461866804,0.3027807182267602,0.0149756355865596,0.0,2.0,10.0,0.0034074636246763934,,0.8823529411764706,0.6822436461866804,"[""interval_not_coverage_certified""]",empirical_oof_not_certified,0.95,source_mixture_affine
AOI-0076,2025-09-21,0.8830783319711425,0.10174467030962264,0.015176997719234727,0.0,5.0,3.0,0.015215216848239385,,0.8333333333333334,0.8830783319711425,"[""interval_not_coverage_certified""]",empirical_oof_not_certified,0.95,source_mixture_affine
AOI-0076,2025-09-22,0.13119900239634488,0.8683478658638059,0.00045313173984915694,0.0,6.0,2.0,0.025710207091466805,,0.8823529411764706,0.8683478658638059,"[""interval_not_coverage_certified""]",empirical_oof_not_certified,0.95,source_mixture_affine
AOI-0076,2025-10-01,0.8570361131887657,0.13842856323825062,0.004535323572983929,0.0,1.0,13.0,0.0022679293878001966,,0.9375,0.8570361131887657,"[""interval_not_coverage_certified""]",empirical_oof_not_certified,0.95,source_mixture_affine
AOI-0076,2025-10-04,0.42717208877573426,0.5682958025613055,0.004532108662960282,0.0,4.0,10.0,0.005085408142336947,,0.7894736842105263,0.5682958025613055,"[""interval_not_coverage_certified""]",empirical_oof_not_certified,0.95,source_mixture_affine
AOI-0077,2025-05-09,0.1403073993413266,0.037276464882956245,0.8224161357757168,0.0,5.0,3.0,0.010069770555876933,,0.8333333333333334,0.8224161357757168,"[""interval_not_coverage_certified""]",empirical_oof_not_certified,0.95,source_mixture_affine
AOI-0077,2025-06-06,0.6914248130582472,0.3085751869417521,0.0,0.0,3.0,2.0,0.02996231427321805,,0.8823529411764706,0.6914248130582472,"[""interval_not_coverage_certified""]",empirical_oof_not_certified,0.95,source_mixture_affine
AOI-0077,2025-06-21,0.43252424871642575,0.5666943546263332,0.000781396657241262,0.0,8.0,5.0,0.04496874529671088,,0.75,0.5666943546263332,"[""interval_not_coverage_certified""]",empirical_oof_not_certified,0.95,source_mixture_affine
AOI-0077,2025-07-12,0.2405511371471911,0.2417541738909585,0.5176946889618502,0.0,1.0,1.0,0.07135727562450087,,0.9375,0.5176946889618502,"[""interval_not_coverage_certified""]",empirical_oof_not_certified,0.95,source_mixture_affine
AOI-0077,2025-08-22,0.8206315826074326,0.16439278180600747,0.0149756355865596,0.0,3.0,7.0,0.009604443454720113,,0.8333333333333334,0.8206315826074326,"[""interval_not_coverage_certified""]",empirical_oof_not_certified,0.95,source_mixture_affine
AOI-0077,2025-08-27,0.9059779392435313,0.0813158626778448,0.012706198078623766,0.0,8.0,2.0,0.00986021447391805,,0.8823529411764706,0.9059779392435313,"[""interval_not_coverage_certified""]",empirical_oof_not_certified,0.95,source_mixture_affine
AOI-0077,2025-08-30,0.3377453416026275,0.6582821669758583,0.003972491421514545,0.0,1.0,2.0,0.012831543787282434,,0.9375,0.6582821669758583,"[""interval_not_coverage_certified""]",empirical_oof_not_certified,0.95,source_mixture_affine
AOI-0077,2025-09-11,0.9032610758838334,0.08293607298274949,0.013802851133417025,0.0,5.0,3.0,0.025421332139362943,,0.8333333333333334,0.9032610758838334,"[""interval_not_coverage_certified""]",empirical_oof_not_certified,0.95,source_mixture_affine
AOI-0077,2025-09-22,0.14059990822101764,0.8594000917789821,0.0,0.0,1.0,2.0,0.020741495839930707,,0.9375,0.8594000917789821,"[""interval_not_coverage_certified""]",empirical_oof_not_certified,0.95,source_mixture_affine
AOI-0078,2025-05-02,0.7064742200389467,0.2886960472624082,0.004829732698645184,0.0,1.0,2.0,0.022969880470968373,,0.9375,0.7064742200389467,"[""unseen_polygon"", ""interval_not_coverage_certified""]",empirical_oof_not_certified,0.95,source_mixture_affine
AOI-0078,2025-05-25,0.049968003533722376,0.11363569573385063,0.8363963007324273,0.0,1.0,6.0,0.03429711234849142,,0.9375,0.8363963007324273,"[""unseen_polygon"", ""interval_not_coverage_certified""]",empirical_oof_not_certified,0.95,source_mixture_affine
AOI-0078,2025-06-01,0.6074265435019379,0.29567783743595144,0.09689561906211049,0.0,1.0,7.0,0.017335371867092775,,0.9375,0.6074265435019379,"[""unseen_polygon"", ""interval_not_coverage_certified""]",empirical_oof_not_certified,0.95,source_mixture_affine
AOI-0078,2025-06-03,0.8267508859710274,0.12832586701988924,0.0449232470090831,0.0,3.0,5.0,0.008710005819255073,,0.8333333333333334,0.8267508859710274,"[""unseen_polygon"", ""interval_not_coverage_certified""]",empirical_oof_not_certified,0.95,source_mixture_affine
AOI-0078,2025-06-06,0.3656173467908635,0.608246476301673,0.026136176907463712,0.0,6.0,2.0,0.00206784607858701,,0.8823529411764706,0.608246476301673,"[""unseen_polygon"", ""interval_not_coverage_certified""]",empirical_oof_not_certified,0.95,source_mixture_affine
AOI-0078,2025-06-10,0.43259532136316886,0.04653363313827324,0.5208710454985578,0.0,2.0,1.0,0.057359232333152266,,0.9375,0.5208710454985578,"[""unseen_polygon"", ""interval_not_coverage_certified""]",empirical_oof_not_certified,0.95,source_mixture_affine
AOI-0078,2025-07-04,0.10351101945109697,0.8960358488090538,0.00045313173984915694,0.0,4.0,2.0,0.018594179217495357,,0.8823529411764706,0.8960358488090538,"[""unseen_polygon"", ""interval_not_coverage_certified""]",empirical_oof_not_certified,0.95,source_mixture_affine
AOI-0078,2025-07-10,0.900052314806707,0.08724148711466917,0.012706198078623766,0.0,2.0,2.0,0.011299857875478547,,0.8823529411764706,0.900052314806707,"[""unseen_polygon"", ""interval_not_coverage_certified""]",empirical_oof_not_certified,0.95,source_mixture_affine
AOI-0078,2025-07-11,0.8688004860544997,0.1271070210725194,0.004092492872980678,0.0,3.0,1.0,0.007673584595288385,,0.9375,0.8688004860544997,"[""unseen_polygon"", ""interval_not_coverage_certified""]",empirical_oof_not_certified,0.95,source_mixture_affine
AOI-0078,2025-07-13,0.8137721069368503,0.17125225747659045,0.0149756355865596,0.0,1.0,3.0,0.00604977238881059,,0.9375,0.8137721069368503,"[""unseen_polygon"", ""interval_not_coverage_certified""]",empirical_oof_not_certified,0.95,source_mixture_affine
AOI-0078,2025-08-10,0.891332794686255,0.10457471244076418,0.004092492872980678,0.0,5.0,3.0,0.006582556360175379,,0.8333333333333334,0.891332794686255,"[""unseen_polygon"", ""interval_not_coverage_certified""]",empirical_oof_not_certified,0.95,source_mixture_affine
AOI-0078,2025-08-15,0.27790628890950464,0.7181879415268497,0.0039057695636457914,0.0,2.0,2.0,0.0017841701177612745,,0.8823529411764706,0.7181879415268497,"[""unseen_polygon"", ""interval_not_coverage_certified""]",empirical_oof_not_certified,0.95,source_mixture_affine
AOI-0078,2025-09-08,0.7660544114767056,0.21607736387258566,0.01786822465070881,0.0,2.0,3.0,0.0038230085728821195,,0.8823529411764706,0.7660544114767056,"[""unseen_polygon"", ""interval_not_coverage_certified""]",empirical_oof_not_certified,0.95,source_mixture_affine
AOI-0078,2025-10-04,0.2995632605047933,0.6962159760973221,0.0042207633978845705,0.0,3.0,2.0,0.013521028575464583,,0.8823529411764706,0.6962159760973221,"[""unseen_polygon"", ""interval_not_coverage_certified""]",empirical_oof_not_certified,0.95,source_mixture_affine
