anon_polygon_id,date,primary_ndvi_pred,lower_empirical90,upper_empirical90
AOI-0005,2010-05-02,0.2402489879,0.16220262069135327,0.3182953551086467
AOI-0005,2010-07-28,0.2732020709,0.19515570369135327,0.3512484381086467
AOI-0005,2010-08-05,0.2189581509,0.1409117836913533,0.2970045181086467
AOI-0005,2010-08-29,0.2622960777,0.1842497104913533,0.34034244490864674
AOI-0005,2010-08-30,0.2290893254,0.15104295819135327,0.3071356926086467
AOI-0005,2010-09-06,0.2287353883,0.1506890210913533,0.3067817555086467
AOI-0005,2011-04-02,0.2748329741,0.1967866068913533,0.35287934130864673
AOI-0005,2011-06-06,0.7752592391,0.6972128718913533,0.8533056063086468
AOI-0005,2011-06-26,0.5630370184,0.48499065119135326,0.6410833856086466
AOI-0005,2011-09-02,0.4088417805,0.33079541329135326,0.4868881477086467
AOI-0005,2012-04-04,0.1656838671,0.08763749989135328,0.2437302343086467
AOI-0005,2012-04-29,0.5262821679,0.4482358006913533,0.6043285351086467
AOI-0005,2012-05-06,0.5566081404,0.47856177319135323,0.6346545076086467
AOI-0005,2012-05-31,0.7908340391,0.7127876718913533,0.8688804063086468
AOI-0005,2012-08-10,0.1796402644,0.10159389719135328,0.2576866316086467
AOI-0005,2012-08-12,0.2768598959,0.19881352869135327,0.3549062631086467
AOI-0005,2013-06-26,0.3506059752,0.27255960799135326,0.4286523424086467
AOI-0005,2013-07-12,0.3090292133,0.23098284609135328,0.3870755805086467
AOI-0005,2013-08-21,0.4354313972,0.3573850299913533,0.5134777644086468
AOI-0005,2013-08-29,0.4420394539,0.3639930866913533,0.5200858211086468
AOI-0005,2014-04-18,0.3903239595,0.31227759229135327,0.4683703267086467
AOI-0005,2014-04-27,0.5676829304,0.48963656319135324,0.6457292976086466
AOI-0005,2014-05-04,0.6676207161,0.5895743488913532,0.7456670833086467
AOI-0005,2014-05-09,0.7583096119,0.6802632446913532,0.8363559791086468
AOI-0005,2014-06-10,0.6662262812,0.5881799139913533,0.7442726484086468
AOI-0005,2014-07-28,0.4472043856,0.36915801839135326,0.5252507528086467
AOI-0005,2014-10-03,0.2314936167,0.15344724949135327,0.3095399839086467
AOI-0005,2015-05-23,0.7359241907,0.6578778234913534,0.8139705579086467
AOI-0005,2015-06-10,0.7715934894,0.6935471221913534,0.8496398566086467
AOI-0005,2015-10-06,0.192422192,0.11437582479135328,0.2704685592086467
AOI-0005,2016-04-22,0.6400894549,0.5620430876913534,0.7181358221086467
AOI-0005,2016-05-08,0.7553879045,0.6773415372913534,0.8334342717086467
AOI-0005,2016-09-13,0.3676012381,0.2895548708913533,0.4456476053086467
AOI-0005,2017-04-11,0.1773885558,0.09934218859135327,0.2554349230086467
AOI-0005,2017-04-23,0.5619246509,0.4838782836913533,0.6399710181086466
AOI-0005,2017-04-26,0.3808148249,0.3027684576913533,0.45886119210864673
AOI-0005,2017-07-23,0.5148057527,0.43675938549135324,0.5928521199086467
AOI-0005,2017-09-25,0.4945972393,0.4165508720913533,0.5726436065086467
AOI-0005,2017-10-04,0.445003006,0.36695663879135326,0.5230493732086468
AOI-0005,2018-05-01,0.5876505233,0.5096041560913533,0.6656968905086467
AOI-0005,2018-05-16,0.6799974356,0.6019510683913534,0.7580438028086467
AOI-0005,2018-06-01,0.6415541255,0.5635077582913532,0.7196004927086468
AOI-0005,2018-07-10,0.3822820538,0.3042356865913533,0.46032842100864674
AOI-0005,2018-08-27,0.3925938156,0.3145474483913533,0.4706401828086467
AOI-0005,2018-09-30,0.3808887843,0.3028424170913533,0.4589351515086467
AOI-0005,2019-04-26,0.6218003384,0.5437539711913533,0.6998467056086468
AOI-0005,2019-05-11,0.7179481499,0.6399017826913533,0.7959945171086467
AOI-0005,2019-05-18,0.7995895993,0.7215432320913533,0.8776359665086466
AOI-0005,2019-05-21,0.7921085315,0.7140621642913534,0.8701548987086467
AOI-0005,2019-06-11,0.6812069314,0.6031605641913533,0.7592532986086467
AOI-0005,2019-06-25,0.5156370695,0.4375907022913533,0.5936834367086468
AOI-0005,2019-07-12,0.4805090379,0.4024626706913533,0.5585554051086468
AOI-0005,2019-08-23,0.3297249901,0.2516786228913533,0.4077713573086467
AOI-0005,2019-08-24,0.3332832334,0.2552368661913533,0.4113296006086467
AOI-0005,2019-09-03,0.341986736,0.2639403687913533,0.42003310320864673
AOI-0005,2019-09-07,0.4070043765,0.32895800929135327,0.4850507437086467
AOI-0005,2019-09-08,0.3531109568,0.27506458959135327,0.4311573240086467
AOI-0005,2019-09-15,0.3022575736,0.22421120639135328,0.3803039408086467
AOI-0005,2020-04-22,0.4211885861,0.34314221889135327,0.4992349533086467
AOI-0005,2020-05-08,0.7112318296,0.6331854623913533,0.7892781968086466
AOI-0005,2020-08-16,0.4816371683,0.40359080109135326,0.5596835355086467
AOI-0005,2020-08-23,0.4061180267,0.3280716594913533,0.48416439390864674
AOI-0005,2020-08-24,0.4656529089,0.3876065416913533,0.5436992761086468
AOI-0005,2020-09-02,0.3630823823,0.2850360150913533,0.4411287495086467
AOI-0005,2020-09-17,0.3090459226,0.2309995553913533,0.38709228980864674
AOI-0005,2020-09-29,0.3300465298,0.25200016259135327,0.4080928970086467
AOI-0005,2021-04-21,0.500027468,0.42198110079135326,0.5780738352086467
AOI-0005,2021-07-12,0.5099931813,0.4319468140913533,0.5880395485086467
AOI-0005,2021-08-29,0.4105562717,0.33250990449135326,0.4886026389086467
AOI-0005,2021-09-04,0.3377613742,0.2597150069913533,0.41580774140864674
AOI-0005,2021-09-30,0.3867937833,0.3087474160913533,0.46484015050864674
AOI-0005,2021-10-14,0.3099892991,0.2319429318913533,0.3880356663086467
AOI-0005,2022-05-09,0.7846218377,0.7065754704913534,0.8626682049086467
AOI-0005,2022-05-30,0.8155188374,0.7374724701913533,0.8935652046086466
AOI-0005,2022-07-19,0.459625954,0.3815795867913533,0.5376723212086467
AOI-0005,2022-07-21,0.4611469933,0.38310062609135326,0.5391933605086467
AOI-0005,2022-07-28,0.499572258,0.4215258907913533,0.5776186252086467
AOI-0005,2022-08-03,0.3993491646,0.32130279739135326,0.4773955318086467
AOI-0005,2022-08-14,0.5002237304,0.4221773631913533,0.5782700976086468
AOI-0005,2022-08-28,0.4026875684,0.32464120119135326,0.4807339356086467
AOI-0005,2022-10-01,0.4165873206,0.33854095339135326,0.4946336878086467
AOI-0005,2023-07-14,0.5661478895,0.48810152229135323,0.6441942567086467
AOI-0005,2023-07-29,0.5248376439,0.44679127669135327,0.6028840111086466
AOI-0005,2023-08-08,0.5053644308,0.4273180635913533,0.5834107980086467
AOI-0005,2023-08-29,0.4327001801,0.3546538128913533,0.5107465473086468
AOI-0005,2023-09-12,0.3728085598,0.2947621925913533,0.4508549270086467
AOI-0005,2023-09-14,0.4035121263,0.3254657590913533,0.4815584935086467
AOI-0005,2023-09-26,0.3509113116,0.2728649443913533,0.4289576788086467
AOI-0005,2023-10-17,0.2171567893,0.1391104220913533,0.2952031565086467
AOI-0005,2024-05-31,0.7008113934,0.6227650261913533,0.7788577606086466
AOI-0005,2024-06-03,0.6799206843,0.6018743170913532,0.7579670515086467
AOI-0005,2024-07-28,0.3951605001,0.31711413289135326,0.4732068673086467
AOI-0005,2024-08-22,0.3186337924,0.2405874251913533,0.3966801596086467
AOI-0005,2024-08-28,0.3710826589,0.29303629169135326,0.4491290261086467
AOI-0005,2024-09-16,0.3001135998,0.2220672325913533,0.37815996700864674
AOI-0006,2010-04-15,0.4108202158,0.3327738485913533,0.4888665830086467
AOI-0006,2010-05-09,0.7895971441,0.7115507768913534,0.8676435113086467
AOI-0006,2010-07-13,0.2714548426,0.1934084753913533,0.34950120980864674
AOI-0006,2010-07-28,0.2498697522,0.17182338499135327,0.32791611940864673
AOI-0006,2010-07-29,0.227415135,0.14936876779135327,0.3054615022086467
AOI-0006,2010-08-05,0.1938909712,0.1158446039913533,0.27193733840864676
AOI-0006,2011-04-02,0.1430683619,0.06502199469135328,0.2211147291086467
AOI-0006,2011-04-19,0.1814808615,0.10343449429135329,0.25952722870864675
AOI-0006,2011-05-21,0.2508758656,0.1728294983913533,0.32892223280864674
AOI-0006,2011-07-16,0.7325672317,0.6545208644913534,0.8106135989086467
AOI-0006,2011-08-08,0.4376277774,0.35958141019135326,0.5156741446086467
AOI-0006,2011-08-09,0.4288322322,0.3507858649913533,0.5068785994086467
AOI-0006,2011-10-16,0.3443550634,0.2663086961913533,0.4224014306086467
AOI-0006,2012-04-22,0.7656828059,0.6876364386913534,0.8437291731086467
AOI-0006,2012-06-09,0.5421541817,0.46410781449135324,0.6202005489086466
AOI-0006,2012-10-15,0.3106029251,0.23255655789135327,0.3886492923086467
AOI-0006,2013-07-21,0.7463680855,0.6683217182913532,0.8244144527086468
AOI-0006,2013-08-21,0.3665082842,0.28846191699135326,0.4445546514086467
AOI-0006,2013-10-24,0.2165331302,0.1384867629913533,0.29457949740864675
AOI-0006,2014-04-07,0.7059170973,0.6278707300913533,0.7839634645086466
AOI-0006,2014-06-13,0.4340897118,0.3560433445913533,0.5121360790086467
AOI-0006,2014-06-26,0.3252196272,0.2471732599913533,0.40326599440864674
AOI-0006,2014-07-31,0.1582988661,0.08025249889135327,0.2363452333086467
AOI-0006,2014-08-29,0.2254063491,0.14735998189135327,0.3034527163086467
AOI-0006,2015-06-09,0.8336177807,0.7555714134913534,0.9116641479086467
AOI-0006,2015-07-26,0.3200927436,0.2420463763913533,0.3981391108086467
AOI-0006,2015-08-03,0.2530919097,0.1750455424913533,0.3311382769086467
AOI-0006,2015-08-11,0.2843179408,0.20627157359135329,0.3623643080086467
AOI-0006,2015-08-12,0.2454270771,0.16738070989135329,0.3234734443086467
AOI-0006,2015-10-16,0.25151253,0.1734661627913533,0.32955889720864673
AOI-0006,2016-04-22,0.5156029792,0.43755661199135326,0.5936493464086467
AOI-0006,2016-04-23,0.4384796774,0.3604333101913533,0.5165260446086467
AOI-0006,2016-05-08,0.5303217345,0.45227536729135326,0.6083681017086466
AOI-0006,2017-04-23,0.3234493984,0.24540303119135326,0.4014957656086467
AOI-0006,2017-05-09,0.4616750063,0.3836286390913533,0.5397213735086468
AOI-0006,2017-07-25,0.7617186645,0.6836722972913534,0.8397650317086467
AOI-0006,2017-09-01,0.2657941192,0.1877477519913533,0.34384048640864673
AOI-0006,2017-09-14,0.3287780366,0.2507316693913533,0.4068244038086467
AOI-0006,2017-10-04,0.1770548067,0.0990084394913533,0.25510117390864673
AOI-0006,2018-06-08,0.4070670285,0.32902066129135327,0.4851133957086467
AOI-0006,2018-08-13,0.4665154521,0.3884690848913533,0.5445618193086468
AOI-0006,2018-09-20,0.2805613066,0.2025149393913533,0.3586076738086467
AOI-0006,2018-10-16,0.2923270571,0.2142806898913533,0.3703734243086467
AOI-0006,2019-04-21,0.8024003925,0.7243540252913532,0.8804467597086467
AOI-0006,2019-04-23,0.8298721374,0.7518257701913533,0.9079185046086466
AOI-0006,2019-05-21,0.887930779,0.8098844117913533,0.9659771462086466
AOI-0006,2019-06-27,0.2486192758,0.1705729085913533,0.32666564300864676
AOI-0006,2019-08-22,0.2130908882,0.13504452099135328,0.2911372554086467
AOI-0006,2019-09-03,0.1526253971,0.07457902989135329,0.23067176430864672
AOI-0006,2020-04-06,0.2675998685,0.1895535012913533,0.3456462357086467
AOI-0006,2020-04-30,0.1835962735,0.10554990629135327,0.26164264070864673
AOI-0006,2020-05-20,0.2738734696,0.19582710239135326,0.3519198368086467
AOI-0006,2020-06-05,0.6060739229,0.5280275556913532,0.6841202901086467
AOI-0006,2020-08-03,0.5046971127,0.42665074549135323,0.5827434799086466
AOI-0006,2020-09-01,0.3400548658,0.2620084985913533,0.4181012330086467
AOI-0006,2021-04-06,0.2791185732,0.20107220599135328,0.3571649404086467
AOI-0006,2021-05-20,0.8857725443,0.8077261770913533,0.9638189115086466
AOI-0006,2021-06-16,0.7990040597,0.7209576924913532,0.8770504269086468
AOI-0006,2021-08-29,0.2497785181,0.1717321508913533,0.32782488530864673
AOI-0006,2021-10-02,0.2036894504,0.12564308319135328,0.28173581760864674
AOI-0006,2022-04-24,0.7974699944,0.7194236271913532,0.8755163616086468
AOI-0006,2022-06-10,0.7626205673,0.6845742000913533,0.8406669345086468
AOI-0006,2022-08-23,0.1506577654,0.07261139819135329,0.22870413260864672
AOI-0006,2022-09-17,0.1502018544,0.07215548719135328,0.22824822160864672
AOI-0006,2022-09-30,0.2477415966,0.16969522939135329,0.3257879638086467
AOI-0006,2022-10-02,0.1689308685,0.09088450129135328,0.24697723570864671
AOI-0006,2022-10-12,0.1657503905,0.0877040232913533,0.24379675770864673
AOI-0006,2023-04-10,0.2578473061,0.1798009388913533,0.3358936733086467
AOI-0006,2023-04-23,0.490802794,0.41275642679135327,0.5688491612086467
AOI-0006,2023-05-06,0.3163301882,0.23828382099135326,0.3943765554086467
AOI-0006,2023-05-13,0.3195837075,0.24153734029135326,0.3976300747086467
AOI-0006,2023-06-10,0.7039336509,0.6258872836913534,0.7819800181086467
AOI-0006,2023-06-15,0.5506835919,0.47263722469135333,0.6287299591086468
AOI-0006,2023-07-16,0.8034040042,0.7253576369913532,0.8814503714086468
AOI-0006,2023-08-28,0.5392599254,0.4612135581913533,0.6173062926086468
AOI-0006,2023-09-02,0.4343292219,0.3562828546913533,0.5123755891086468
AOI-0006,2023-09-14,0.3710605611,0.2930141938913533,0.44910692830864674
AOI-0006,2023-09-18,0.3882973714,0.31025100419135326,0.4663437386086467
AOI-0006,2023-09-26,0.2862065398,0.20816017259135328,0.3642529070086467
AOI-0006,2023-10-02,0.2061154021,0.1280690348913533,0.28416176930864673
AOI-0006,2023-10-16,0.2553182255,0.17727185829135328,0.3333645927086467
AOI-0006,2023-10-17,0.1546458243,0.0765994570913533,0.23269219150864673
AOI-0006,2024-06-03,0.7358906046,0.6578442373913533,0.8139369718086467
AOI-0006,2024-06-24,0.3272295731,0.2491832058913533,0.4052759403086467
AOI-0006,2024-07-03,0.2066610018,0.12861463459135328,0.2847073690086467
AOI-0006,2024-07-13,0.1953998625,0.11735349529135328,0.27344622970864674
AOI-0006,2024-09-28,0.1799261997,0.1018798324913533,0.2579725669086467
AOI-0006,2024-10-06,0.1502124938,0.0721661265913533,0.22825886100864673
AOI-0006,2024-10-26,0.1668225237,0.08877615649135329,0.24486889090864672
AOI-0009,2010-04-07,0.5207725127,0.4427261454913533,0.5988188799086467
AOI-0009,2010-05-18,0.6990080007,0.6209616334913532,0.7770543679086468
AOI-0009,2010-06-10,0.4920701202,0.4140237529913533,0.5701164874086467
AOI-0009,2010-09-14,0.277209762,0.1991633947913533,0.35525612920864674
AOI-0009,2010-09-30,0.2657868192,0.1877404519913533,0.34383318640864674
AOI-0009,2011-05-25,0.5940227212,0.5159763539913533,0.6720690884086467
AOI-0009,2011-07-12,0.6835400742,0.6054937069913533,0.7615864414086466
AOI-0009,2011-07-28,0.5769239078,0.4988775405913533,0.6549702750086468
AOI-0009,2011-08-17,0.355416652,0.2773702847913533,0.4334630192086467
AOI-0009,2011-09-10,0.2799674677,0.20192110049135326,0.3580138349086467
AOI-0009,2012-04-29,0.5658821447,0.48783577749135326,0.6439285119086466
AOI-0009,2012-05-08,0.729812532,0.6517661647913533,0.8078588992086466
AOI-0009,2012-08-12,0.3479939808,0.2699476135913533,0.4260403480086467
AOI-0009,2012-08-28,0.4402557896,0.3622094223913533,0.5183021568086468
AOI-0009,2012-09-29,0.3342932585,0.2562468912913533,0.41233962570864674
AOI-0009,2012-10-06,0.2117214458,0.13367507859135327,0.28976781300864674
AOI-0009,2013-04-07,0.3099339347,0.2318875674913533,0.38798030190864674
AOI-0009,2013-07-21,0.563831623,0.4857852557913533,0.6418779902086467
AOI-0009,2013-08-13,0.3347198676,0.2566735003913533,0.4127662348086467
AOI-0009,2013-09-14,0.3026318159,0.22458544869135327,0.3806781831086467
AOI-0009,2014-04-07,0.5873336139,0.5092872466913534,0.6653799811086467
AOI-0009,2014-04-27,0.7842176944,0.7061713271913532,0.8622640616086468
AOI-0009,2014-05-29,0.8676628116,0.7896164443913534,0.9457091788086467
AOI-0009,2014-06-10,0.5047114145,0.4266650472913533,0.5827577817086467
AOI-0009,2014-06-22,0.3976429012,0.3195965339913533,0.4756892684086467
AOI-0009,2014-08-01,0.2173299326,0.13928356539135328,0.2953762998086467
AOI-0009,2014-08-09,0.1477811639,0.0697347966913533,0.22582753110864673
AOI-0009,2014-08-17,0.1872673878,0.10922102059135327,0.26531375500864673
AOI-0009,2014-08-29,0.2556997831,0.1776534158913533,0.33374615030864674
AOI-0009,2015-04-14,0.4301241866,0.3520778193913533,0.5081705538086467
AOI-0009,2015-05-24,0.8063601263,0.7283137590913533,0.8844064935086466
AOI-0009,2015-06-26,0.4045966495,0.3265502822913533,0.48264301670864673
AOI-0009,2015-10-07,0.2021892013,0.1241428340913533,0.2802355685086467
AOI-0009,2016-05-02,0.6554066644,0.5773602971913532,0.7334530316086467
AOI-0009,2016-06-25,0.5091359493,0.43108958209135323,0.5871823165086467
AOI-0009,2016-07-05,0.4144929146,0.33644654739135327,0.4925392818086467
AOI-0009,2016-07-13,0.3503569842,0.2723106169913533,0.4284033514086467
AOI-0009,2016-10-25,0.2653344421,0.1872880748913533,0.34338080930864673
AOI-0009,2017-04-01,0.199510881,0.12146451379135328,0.2775572482086467
AOI-0009,2017-04-23,0.6710535306,0.5930071633913532,0.7490998978086467
AOI-0009,2017-05-21,0.835826519,0.7577801517913534,0.9138728862086467
AOI-0009,2017-07-12,0.332899395,0.25485302779135327,0.4109457622086467
AOI-0009,2017-07-24,0.240883568,0.16283720079135328,0.3189299352086467
AOI-0009,2017-08-09,0.1404509387,0.06240457149135328,0.21849730590864672
AOI-0009,2017-08-11,0.1364837492,0.05843738199135329,0.21453011640864672
AOI-0009,2017-08-14,0.1480130671,0.06996669989135329,0.22605943430864672
AOI-0009,2017-08-29,0.1693033325,0.09125696529135327,0.2473496997086467
AOI-0009,2017-09-05,0.1472022839,0.06915591669135329,0.22524865110864672
AOI-0009,2017-09-13,0.1546377582,0.07659139099135329,0.23268412540864672
AOI-0009,2017-09-15,0.1570923566,0.0790459893913533,0.23513872380864673
AOI-0009,2018-04-14,0.4335685899,0.3555222226913533,0.5116149571086468
AOI-0009,2018-04-23,0.6954570602,0.6174106929913532,0.7735034274086467
AOI-0009,2018-07-12,0.2674406338,0.18939426659135328,0.3454870010086467
AOI-0009,2018-09-29,0.2100888522,0.1320424849913533,0.2881352194086467
AOI-0009,2018-09-30,0.2474905743,0.16944420709135327,0.3255369415086467
AOI-0009,2018-10-13,0.1743981809,0.09635181369135329,0.2524445481086467
AOI-0009,2019-04-01,0.2361406041,0.1580942368913533,0.3141869713086467
AOI-0009,2019-04-25,0.3024586497,0.2244122824913533,0.38050501690864674
AOI-0009,2019-05-09,0.5973807261,0.5193343588913533,0.6754270933086468
AOI-0009,2019-05-18,0.4855635916,0.4075172243913533,0.5636099588086467
AOI-0009,2019-05-28,0.6788475511,0.6008011838913532,0.7568939183086467
AOI-0009,2019-06-28,0.2588189702,0.18077260299135328,0.3368653374086467
AOI-0009,2019-08-07,0.2860303637,0.2079839964913533,0.36407673090864673
AOI-0009,2019-08-21,0.1848889844,0.1068426171913533,0.26293535160864673
AOI-0009,2019-08-26,0.169795904,0.09174953679135328,0.24784227120864671
AOI-0009,2019-08-31,0.1718556744,0.09380930719135328,0.2499020416086467
AOI-0009,2019-10-15,0.2244465436,0.14640017639135328,0.3024929108086467
AOI-0009,2020-05-13,0.7570507578,0.6790043905913532,0.8350971250086467
AOI-0009,2020-05-15,0.696001767,0.6179553997913534,0.7740481342086467
AOI-0009,2020-05-24,0.7941267654,0.7160803981913533,0.8721731326086468
AOI-0009,2020-05-27,0.7437840857,0.6657377184913533,0.8218304529086466
AOI-0009,2020-05-29,0.72115839,0.6431120227913534,0.7992047572086467
AOI-0009,2020-06-06,0.6618223948,0.5837760275913533,0.7398687620086468
AOI-0009,2020-06-11,0.5630857111,0.48503934389135334,0.6411320783086467
AOI-0009,2020-06-29,0.2174361169,0.1393897496913533,0.29548248410864675
AOI-0009,2020-07-06,0.1712864736,0.09324010639135327,0.2493328408086467
AOI-0009,2020-07-24,0.1519083117,0.07386194449135328,0.2299546789086467
AOI-0009,2020-07-27,0.2418784792,0.16383211199135328,0.3199248464086467
AOI-0009,2020-08-03,0.1246845717,0.04663820449135328,0.2027309389086467
AOI-0009,2020-08-12,0.2517004657,0.17365409849135327,0.3297468329086467
AOI-0009,2020-08-15,0.1449998625,0.06695349529135328,0.2230462297086467
AOI-0009,2020-08-17,0.1866015476,0.10855518039135328,0.2646479148086467
AOI-0009,2020-08-28,0.2291917711,0.15114540389135328,0.3072381383086467
AOI-0009,2020-09-02,0.1466570339,0.0686106666913533,0.22470340110864673
AOI-0009,2020-09-29,0.2240235771,0.1459772098913533,0.30206994430864675
AOI-0009,2020-10-07,0.1450906535,0.06704428629135328,0.22313702070864672
AOI-0009,2020-10-15,0.2400403828,0.1619940155913533,0.3180867500086467
AOI-0009,2021-04-06,0.3995993607,0.3215529934913533,0.47764572790864673
AOI-0009,2021-04-30,0.5690997705,0.49105340329135333,0.6471461377086467
AOI-0009,2021-05-15,0.8187695324,0.7407231651913533,0.8968158996086468
AOI-0009,2021-05-16,0.8655335592,0.7874871919913533,0.9435799264086466
AOI-0009,2021-07-14,0.1829961014,0.10494973419135328,0.2610424686086467
AOI-0009,2021-07-21,0.1542267413,0.07618037409135328,0.23227310850864671
AOI-0009,2021-07-26,0.1698652206,0.09181885339135329,0.24791158780864672
AOI-0009,2021-07-29,0.1604931914,0.0824468241913533,0.23853955860864673
AOI-0009,2021-08-20,0.1938037833,0.11575741609135329,0.2718501505086467
AOI-0009,2021-09-27,0.3204531898,0.24240682259135327,0.3984995570086467
AOI-0009,2021-10-02,0.3480073804,0.2699610131913533,0.4260537476086467
AOI-0009,2021-10-12,0.1773446701,0.09929830289135327,0.2553910373086467
AOI-0009,2021-10-15,0.3134934375,0.2354470702913533,0.39153980470864674
AOI-0009,2022-04-02,0.406986381,0.3289400137913533,0.4850327482086467
AOI-0009,2022-06-06,0.7969689767,0.7189226094913532,0.8750153439086468
AOI-0009,2022-06-08,0.8262889177,0.7482425504913532,0.9043352849086468
AOI-0009,2022-06-11,0.7962018626,0.7181554953913534,0.8742482298086467
AOI-0009,2022-07-12,0.2522787637,0.1742323964913533,0.33032513090864674
AOI-0009,2022-07-14,0.176305387,0.09825901979135329,0.25435175420864675
AOI-0009,2022-08-23,0.1687849792,0.09073861199135327,0.2468313464086467
AOI-0009,2022-09-30,0.271553873,0.19350750579135328,0.3496002402086467
AOI-0009,2022-10-02,0.1556104902,0.07756412299135329,0.23365685740864672
AOI-0009,2022-10-19,0.1936952959,0.11564892869135329,0.2717416631086467
AOI-0009,2022-10-22,0.1723295672,0.09428319999135329,0.2503759344086467
AOI-0009,2023-05-17,0.8508813592,0.7728349919913533,0.9289277264086466
AOI-0009,2023-05-25,0.7951696582,0.7171232909913532,0.8732160254086467
AOI-0009,2023-06-19,0.6919409323,0.6138945650913532,0.7699872995086467
AOI-0009,2023-06-26,0.4098293489,0.3317829816913533,0.4878757161086467
AOI-0009,2023-07-25,0.3288923014,0.25084593419135326,0.4069386686086467
AOI-0009,2023-08-13,0.2480969392,0.1700505719913533,0.32614330640864675
AOI-0009,2023-08-26,0.2855789808,0.20753261359135328,0.3636253480086467
AOI-0009,2023-08-28,0.2541822813,0.17613591409135326,0.3322286485086467
AOI-0009,2023-08-29,0.331085437,0.25303906979135327,0.4091318042086467
AOI-0009,2023-09-14,0.2520554864,0.17400911919135326,0.3301018536086467
AOI-0009,2023-10-02,0.2463896518,0.16834328459135328,0.3244360190086467
AOI-0009,2023-10-12,0.2242785731,0.14623220589135327,0.3023249403086467
AOI-0009,2024-05-08,0.455662059,0.3776156917913533,0.5337084262086467
AOI-0009,2024-06-18,0.6165880567,0.5385416894913533,0.6946344239086468
AOI-0009,2024-06-23,0.7046529551,0.6266065878913534,0.7826993223086467
AOI-0009,2024-06-28,0.7309984542,0.6529520869913532,0.8090448214086468
AOI-0009,2024-07-08,0.6331846548,0.5551382875913533,0.7112310220086466
AOI-0009,2024-08-04,0.3954718816,0.3174255143913533,0.47351824880864674
AOI-0009,2024-08-09,0.5509174774,0.47287111019135325,0.6289638446086467
AOI-0009,2024-08-20,0.4503711953,0.3723248280913533,0.5284175625086467
AOI-0009,2024-08-27,0.3329224442,0.2548760769913533,0.4109688114086467
AOI-0009,2024-09-03,0.2549668056,0.1769204383913533,0.33301317280864673
AOI-0009,2024-09-06,0.2856836065,0.2076372392913533,0.36372997370864674
AOI-0009,2024-09-08,0.2610229313,0.18297656409135327,0.3390692985086467
AOI-0009,2024-09-13,0.2530194794,0.1749731121913533,0.33106584660864674
AOI-0009,2024-10-08,0.1668288117,0.08878244449135328,0.2448751789086467
AOI-0012,2010-07-13,0.2582886148,0.18024224759135327,0.3363349820086467
AOI-0012,2010-08-22,0.2188697404,0.1408233731913533,0.29691610760864673
AOI-0012,2010-10-25,0.2565689667,0.1785225994913533,0.33461533390864673
AOI-0012,2011-05-21,0.7036587682,0.6256124009913533,0.7817051354086466
AOI-0012,2011-07-12,0.4094243319,0.3313779646913533,0.4874706991086467
AOI-0012,2011-08-13,0.3556976358,0.2776512685913533,0.43374400300864674
AOI-0012,2011-09-02,0.2832344516,0.20518808439135328,0.3612808188086467
AOI-0012,2012-04-22,0.4229588208,0.3449124535913533,0.5010051880086468
AOI-0012,2012-06-09,0.394633217,0.31658684979135326,0.4726795842086467
AOI-0012,2012-06-25,0.3917128186,0.3136664513913533,0.46975918580864673
AOI-0012,2012-08-03,0.2476041582,0.1695577909913533,0.3256505254086467
AOI-0012,2012-08-28,0.3480864791,0.2700401118913533,0.42613284630864673
AOI-0012,2012-09-13,0.3245547977,0.2465084304913533,0.4026011649086467
AOI-0012,2012-10-06,0.2293205235,0.1512741562913533,0.30736689070864676
AOI-0012,2013-05-09,0.7617877907,0.6837414234913533,0.8398341579086468
AOI-0012,2013-06-10,0.4315449847,0.3534986174913533,0.5095913519086468
AOI-0012,2013-07-13,0.2804076987,0.20236133149135327,0.3584540659086467
AOI-0012,2013-07-29,0.2715345695,0.19348820229135327,0.3495809367086467
AOI-0012,2013-10-09,0.2417646825,0.16371831529135328,0.3198110497086467
AOI-0012,2013-10-25,0.2898386631,0.2117922958913533,0.3678850303086467
AOI-0012,2014-06-06,0.6191504716,0.5411041043913534,0.6971968388086467
AOI-0012,2014-06-22,0.2473200482,0.1692736809913533,0.32536641540864675
AOI-0012,2014-06-26,0.3157113922,0.23766502499135328,0.3937577594086467
AOI-0012,2014-06-30,0.2745405253,0.1964941580913533,0.3525868925086467
AOI-0012,2014-08-13,0.2715611456,0.19351477839135328,0.3496075128086467
AOI-0012,2014-09-14,0.2624485458,0.18440217859135327,0.3404949130086467
AOI-0012,2014-10-16,0.2686963876,0.19065002039135326,0.3467427548086467
AOI-0012,2014-10-28,0.1640761674,0.08602980019135328,0.24212253460864672
AOI-0012,2015-05-25,0.4579366577,0.3798902904913533,0.5359830249086468
AOI-0012,2015-06-09,0.3146639662,0.23661759899135326,0.3927103334086467
AOI-0012,2015-08-12,0.2181275653,0.14008119809135328,0.2961739325086467
AOI-0012,2015-08-13,0.2957194918,0.2176731245913533,0.37376585900864673
AOI-0012,2015-08-20,0.2463556135,0.16830924629135327,0.3244019807086467
AOI-0012,2015-09-14,0.3153164849,0.2372701176913533,0.39336285210864674
AOI-0012,2016-08-06,0.3092394856,0.23119311839135326,0.3872858528086467
AOI-0012,2017-04-03,0.3723769358,0.29433056859135326,0.4504233030086467
AOI-0012,2017-04-07,0.4677079486,0.38966158139135326,0.5457543158086466
AOI-0012,2017-05-06,0.6568500933,0.5788037260913532,0.7348964605086468
AOI-0012,2017-07-24,0.2450912761,0.1670449088913533,0.3231376433086467
AOI-0012,2017-08-01,0.1688304475,0.09078408029135329,0.24687681470864672
AOI-0012,2017-08-04,0.1639755377,0.08592917049135329,0.24202190490864672
AOI-0012,2017-08-13,0.29974878,0.22170241279135328,0.3777951472086467
AOI-0012,2017-08-14,0.1700713477,0.09202498049135327,0.2481177149086467
AOI-0012,2017-08-17,0.1967789539,0.11873258669135328,0.2748253211086467
AOI-0012,2017-09-05,0.1940704642,0.11602409699135327,0.27211683140864673
AOI-0012,2017-09-08,0.2261246382,0.1480782709913533,0.3041710054086467
AOI-0012,2017-09-30,0.2789463616,0.2008999943913533,0.35699272880864674
AOI-0012,2017-10-04,0.1964531786,0.11840681139135328,0.2744995458086467
AOI-0012,2018-04-11,0.6426627337,0.5646163664913533,0.7207091009086468
AOI-0012,2018-05-24,0.8212743868,0.7432280195913532,0.8993207540086467
AOI-0012,2018-05-25,0.652373803,0.5743274357913533,0.7304201702086468
AOI-0012,2018-06-09,0.5140836389,0.43603727169135326,0.5921300061086467
AOI-0012,2018-09-13,0.1762892688,0.0982429015913533,0.2543356360086467
AOI-0012,2018-09-30,0.279091385,0.2010450177913533,0.35713775220864674
AOI-0012,2019-04-01,0.4583696844,0.38032331719135326,0.5364160516086467
AOI-0012,2019-06-07,0.5643122582,0.48626589099135326,0.6423586254086466
AOI-0012,2019-06-17,0.2586920092,0.1806456419913533,0.33673837640864673
AOI-0012,2019-06-28,0.2306300574,0.1525836901913533,0.30867642460864675
AOI-0012,2019-07-22,0.2015141508,0.1234677835913533,0.27956051800864673
AOI-0012,2019-08-13,0.3498809758,0.2718346085913533,0.4279273430086467
AOI-0012,2019-09-13,0.178572865,0.10052649779135328,0.2566192322086467
AOI-0012,2020-04-02,0.6458370239,0.5677906566913533,0.7238833911086466
AOI-0012,2020-04-25,0.7071774836,0.6291311163913533,0.7852238508086467
AOI-0012,2020-05-15,0.6321381933,0.5540918260913532,0.7101845605086468
AOI-0012,2020-06-09,0.5186045098,0.44055814259135323,0.5966508770086467
AOI-0012,2020-06-26,0.2232289408,0.14518257359135328,0.3012753080086467
AOI-0012,2020-07-24,0.1729367733,0.0948904060913533,0.25098314050864673
AOI-0012,2020-08-03,0.1664334573,0.08838709009135329,0.24447982450864672
AOI-0012,2020-08-05,0.1728021829,0.09475581569135327,0.2508485501086467
AOI-0012,2020-08-12,0.2705356149,0.19248924769135328,0.3485819821086467
AOI-0012,2020-09-09,0.1738802613,0.09583389409135329,0.2519266285086467
AOI-0012,2020-09-12,0.1619865238,0.08394015659135329,0.24003289100864672
AOI-0012,2020-09-22,0.1626067214,0.08456035419135327,0.2406530886086467
AOI-0012,2020-09-26,0.148777725,0.07073135779135328,0.22682409220864672
AOI-0012,2020-10-17,0.1412537714,0.06320740419135329,0.21930013860864672
AOI-0012,2021-05-08,0.3311338377,0.2530874704913533,0.4091802049086467
AOI-0012,2021-05-25,0.3988057195,0.3207593522913533,0.4768520867086467
AOI-0012,2021-06-06,0.2735955529,0.19554918569135327,0.3516419201086467
AOI-0012,2021-06-26,0.2642910109,0.1862446436913533,0.34233737810864673
AOI-0012,2021-07-16,0.1626718341,0.08462546689135328,0.2407182013086467
AOI-0012,2021-07-21,0.1681947666,0.09014839939135327,0.2462411338086467
AOI-0012,2021-07-24,0.1770527961,0.09900642889135328,0.2550991633086467
AOI-0012,2021-08-18,0.1754857455,0.0974393782913533,0.25353211270864673
AOI-0012,2021-08-25,0.1893670867,0.11132071949135328,0.2674134539086467
AOI-0012,2021-08-30,0.2137159457,0.13566957849135328,0.29176231290864674
AOI-0012,2021-09-07,0.1976659966,0.11961962939135329,0.2757123638086467
AOI-0012,2022-06-06,0.8115013889,0.7334550216913533,0.8895477561086467
AOI-0012,2022-06-19,0.5988577193,0.5208113520913533,0.6769040865086466
AOI-0012,2022-07-01,0.2255183993,0.1474720320913533,0.3035647665086467
AOI-0012,2022-07-28,0.3116194225,0.2335730552913533,0.38966578970864674
AOI-0012,2022-08-28,0.3406434724,0.26259710519135326,0.4186898396086467
AOI-0012,2022-09-08,0.2705258475,0.1924794802913533,0.34857221470864674
AOI-0012,2022-09-14,0.2422170093,0.1641706420913533,0.3202633765086467
AOI-0012,2023-04-10,0.7009307407,0.6228843734913534,0.7789771079086467
AOI-0012,2023-06-06,0.7864541654,0.7084077981913532,0.8645005326086468
AOI-0012,2023-06-23,0.4257613922,0.34771502499135326,0.5038077594086467
AOI-0012,2023-07-26,0.1671169965,0.08907062929135329,0.24516336370864672
AOI-0012,2023-08-05,0.1609121189,0.0828657516913533,0.23895848610864673
AOI-0012,2023-08-15,0.1581099399,0.08006357269135328,0.2361563071086467
AOI-0012,2023-10-07,0.2007324446,0.12268607739135329,0.2787788118086467
AOI-0012,2023-10-11,0.2603815641,0.1823351968913533,0.33842793130864673
AOI-0012,2024-04-01,0.6131795813,0.5351332140913534,0.6912259485086467
AOI-0012,2024-04-06,0.6640132262,0.5859668589913534,0.7420595934086467
AOI-0012,2024-05-08,0.7854677093,0.7074213420913533,0.8635140765086466
AOI-0012,2024-05-09,0.8053306649,0.7272842976913534,0.8833770321086467
AOI-0012,2024-06-17,0.3306991255,0.2526527582913533,0.40874549270864674
AOI-0012,2024-07-08,0.1501645498,0.07211818259135327,0.2282109170086467
AOI-0012,2024-07-10,0.1546567083,0.07661034109135328,0.23270307550864672
AOI-0012,2024-07-20,0.1415635535,0.06351718629135328,0.2196099207086467
AOI-0012,2024-08-22,0.1622562028,0.08420983559135328,0.24030257000864672
AOI-0012,2024-10-07,0.2143620429,0.13631567569135328,0.2924084101086467
AOI-0012,2024-10-15,0.2509140628,0.1728676955913533,0.3289604300086467
AOI-0016,2010-04-24,0.4723623622,0.3943159949913533,0.5504087294086467
AOI-0016,2010-08-29,0.5390531517,0.4610067844913533,0.6170995189086468
AOI-0016,2011-05-09,0.6802556888,0.6022093215913533,0.7583020560086466
AOI-0016,2011-06-06,0.797474812,0.7194284447913533,0.8755211792086468
AOI-0016,2011-06-10,0.7534346101,0.6753882428913534,0.8314809773086467
AOI-0016,2011-06-30,0.6596792876,0.5816329203913533,0.7377256548086468
AOI-0016,2011-07-28,0.6078098226,0.5297634553913533,0.6858561898086468
AOI-0016,2012-04-29,0.6000070979,0.5219607306913532,0.6780534651086467
AOI-0016,2012-07-11,0.6769057619,0.5988593946913532,0.7549521291086467
AOI-0016,2012-07-27,0.6105615686,0.5325152013913532,0.6886079358086468
AOI-0016,2012-09-11,0.5122974903,0.43425112309135333,0.5903438575086468
AOI-0016,2012-10-15,0.5140733406,0.43602697339135327,0.5921197078086466
AOI-0016,2013-06-03,0.7258090557,0.6477626884913532,0.8038554229086468
AOI-0016,2013-07-28,0.7015847417,0.6235383744913532,0.7796311089086467
AOI-0016,2013-08-13,0.6224544288,0.5444080615913534,0.7005007960086467
AOI-0016,2013-10-24,0.6062793025,0.5282329352913533,0.6843256697086466
AOI-0016,2014-04-07,0.4795788885,0.4015325212913533,0.5576252557086467
AOI-0016,2014-05-09,0.7676391347,0.6895927674913533,0.8456855019086467
AOI-0016,2014-05-21,0.7692644417,0.6912180744913532,0.8473108089086467
AOI-0016,2014-06-29,0.6073279731,0.5292816058913532,0.6853743403086467
AOI-0016,2014-07-08,0.5981161189,0.5200697516913533,0.6761624861086468
AOI-0016,2014-07-28,0.5606543191,0.48260795189135325,0.6387006863086466
AOI-0016,2015-04-06,0.2652364656,0.1871900983913533,0.34328283280864674
AOI-0016,2015-06-24,0.6965594685,0.6185131012913532,0.7746058357086467
AOI-0016,2015-07-12,0.6306416927,0.5525953254913534,0.7086880599086467
AOI-0016,2015-10-07,0.3959952515,0.31794888429135326,0.4740416187086467
AOI-0016,2016-05-25,0.5334742087,0.45542784149135324,0.6115205759086466
AOI-0016,2016-06-03,0.5026159122,0.4245695449913533,0.5806622794086467
AOI-0016,2016-06-19,0.4861180225,0.4080716552913533,0.5641643897086468
AOI-0016,2016-07-04,0.5643359015,0.4862895342913533,0.6423822687086467
AOI-0016,2016-07-05,0.6024902287,0.5244438614913534,0.6805365959086467
AOI-0016,2016-07-27,0.7611216731,0.6830753058913532,0.8391680403086468
AOI-0016,2017-04-03,0.2338941417,0.15584777449135329,0.3119405089086467
AOI-0016,2017-04-13,0.200227308,0.12218094079135328,0.2782736752086467
AOI-0016,2017-08-09,0.5672748818,0.48922851459135325,0.6453212490086466
AOI-0016,2017-08-11,0.550278399,0.47223203179135326,0.6283247662086466
AOI-0016,2017-08-17,0.4882238577,0.41017749049135327,0.5662702249086466
AOI-0016,2017-09-15,0.4658887328,0.38784236559135327,0.5439351000086468
AOI-0016,2018-04-06,0.2349912924,0.15694492519135328,0.3130376596086467
AOI-0016,2018-04-07,0.3027567631,0.22471039589135328,0.3808031303086467
AOI-0016,2018-04-11,0.1830246449,0.10497827769135329,0.2610710121086467
AOI-0016,2018-05-16,0.2833195486,0.2052731813913533,0.36136591580864674
AOI-0016,2018-06-02,0.2571741839,0.1791278166913533,0.33522055110864674
AOI-0016,2019-04-06,0.1914888607,0.1134424934913533,0.2695352279086467
AOI-0016,2019-04-21,0.242782752,0.16473638479135327,0.3208291192086467
AOI-0016,2019-05-11,0.2304393268,0.1523929595913533,0.3084856940086467
AOI-0016,2019-06-26,0.6898392997,0.6117929324913534,0.7678856669086467
AOI-0016,2019-07-06,0.6679284525,0.5898820852913533,0.7459748197086467
AOI-0016,2019-07-17,0.6723443223,0.5942979550913532,0.7503906895086467
AOI-0016,2019-07-28,0.7276173259,0.6495709586913532,0.8056636931086467
AOI-0016,2019-08-24,0.3539509608,0.2759045935913533,0.4319973280086467
AOI-0016,2019-09-13,0.3008331377,0.22278677049135326,0.3788795049086467
AOI-0016,2019-09-23,0.1655694346,0.08752306739135329,0.24361580180864673
AOI-0016,2020-05-04,0.2854388583,0.20739249109135327,0.3634852255086467
AOI-0016,2020-06-26,0.7151875467,0.6371411794913533,0.7932339139086466
AOI-0016,2020-07-07,0.7551296312,0.6770832639913533,0.8331759984086466
AOI-0016,2020-08-08,0.4834747324,0.4054283651913533,0.5615210996086467
AOI-0016,2020-08-24,0.3484411265,0.27039475929135326,0.4264874937086467
AOI-0016,2020-08-30,0.2621446624,0.1840982951913533,0.3401910296086467
AOI-0016,2020-09-17,0.1776279968,0.09958162959135328,0.25567436400864674
AOI-0016,2020-09-19,0.1447400939,0.06669372669135329,0.22278646110864672
AOI-0016,2020-10-03,0.1588200502,0.08077368299135329,0.23686641740864672
AOI-0016,2020-10-17,0.1520438663,0.07399749909135328,0.2300902335086467
AOI-0016,2021-04-02,0.2632125141,0.1851661468913533,0.34125888130864673
AOI-0016,2021-04-15,0.4500208086,0.37197444139135327,0.5280671758086467
AOI-0016,2021-05-12,0.8468546004,0.7688082331913533,0.9249009676086468
AOI-0016,2021-06-14,0.8401634824,0.7621171151913533,0.9182098496086468
AOI-0016,2021-07-14,0.1834998137,0.10545344649135327,0.2615461809086467
AOI-0016,2021-07-24,0.1492397947,0.0711934274913533,0.22728616190864673
AOI-0016,2021-08-03,0.1683948671,0.0903484998913533,0.24644123430864673
AOI-0016,2021-08-29,0.3282399488,0.2501935815913533,0.40628631600864673
AOI-0016,2021-09-17,0.1929985514,0.11495218419135328,0.2710449186086467
AOI-0016,2021-09-29,0.2067994663,0.1287530990913533,0.28484583350864673
AOI-0016,2021-10-14,0.2170297045,0.1389833372913533,0.2950760717086467
AOI-0016,2022-06-04,0.270204656,0.19215828879135327,0.3482510232086467
AOI-0016,2022-06-06,0.3277436304,0.24969726319135327,0.4057899976086467
AOI-0016,2022-07-06,0.7885620249,0.7105156576913534,0.8666083921086467
AOI-0016,2022-07-19,0.7778091169,0.6997627496913532,0.8558554841086468
AOI-0016,2022-07-21,0.7770624524,0.6990160851913534,0.8551088196086467
AOI-0016,2022-07-29,0.8310308906,0.7529845233913532,0.9090772578086468
AOI-0016,2022-08-03,0.6927119333,0.6146655660913534,0.7707583005086467
AOI-0016,2022-08-05,0.7230892863,0.6450429190913534,0.8011356535086467
AOI-0016,2022-08-08,0.6517758067,0.5737294394913532,0.7298221739086468
AOI-0016,2022-08-13,0.5045286828,0.42648231559135324,0.5825750500086466
AOI-0016,2022-08-23,0.3764401341,0.2983937668913533,0.4544865013086467
AOI-0016,2022-09-27,0.2029559281,0.12490956089135327,0.28100229530864673
AOI-0016,2022-10-19,0.1939136173,0.11586725009135329,0.2719599845086467
AOI-0016,2023-04-11,0.7230242149,0.6449778476913532,0.8010705821086468
AOI-0016,2023-05-05,0.8513404563,0.7732940890913533,0.9293868235086467
AOI-0016,2023-05-25,0.7717997957,0.6937534284913534,0.8498461629086467
AOI-0016,2023-06-07,0.7601503486,0.6821039813913532,0.8381967158086467
AOI-0016,2023-06-11,0.6584695439,0.5804231766913532,0.7365159111086468
AOI-0016,2023-07-16,0.2713474441,0.19330107689135329,0.3493938113086467
AOI-0016,2023-07-17,0.2670752813,0.1890289140913533,0.34512164850864674
AOI-0016,2023-07-24,0.3612818461,0.2832354788913533,0.43932821330864674
AOI-0016,2023-07-28,0.4428458761,0.36479950889135326,0.5208922433086467
AOI-0016,2023-08-17,0.2418935747,0.16384720749135329,0.3199399419086467
AOI-0016,2023-08-25,0.1678784283,0.08983206109135328,0.2459247955086467
AOI-0016,2023-09-07,0.1655307787,0.08748441149135328,0.2435771459086467
AOI-0016,2023-09-26,0.2070472261,0.1290008588913533,0.2850935933086467
AOI-0016,2023-10-16,0.25412358,0.1760772127913533,0.33216994720864673
AOI-0016,2023-10-19,0.1807372488,0.10269088159135328,0.25878361600864674
AOI-0016,2024-04-26,0.3667522798,0.2887059125913533,0.44479864700864674
AOI-0016,2024-05-04,0.4084713324,0.3304249651913533,0.4865176996086467
AOI-0016,2024-05-06,0.4479367738,0.3698904065913533,0.5259831410086467
AOI-0016,2024-05-09,0.4148662937,0.3368199264913533,0.4929126609086467
AOI-0016,2024-06-05,0.3700864627,0.2920400954913533,0.4481328299086467
AOI-0016,2024-06-13,0.296131191,0.2180848237913533,0.37417755820864673
AOI-0016,2024-06-24,0.3301706135,0.25212424629135327,0.4082169807086467
AOI-0016,2024-07-10,0.2487252995,0.17067893229135328,0.3267716667086467
AOI-0016,2024-07-18,0.1894048602,0.11135849299135328,0.2674512274086467
AOI-0016,2024-09-11,0.180646365,0.10259999779135329,0.25869273220864675
AOI-0016,2024-09-16,0.1827045271,0.1046581598913533,0.26075089430864673
AOI-0016,2024-10-07,0.2241015371,0.14605516989135328,0.3021479043086467
AOI-0016,2024-10-30,0.2686176516,0.1905712843913533,0.3466640188086467
AOI-0018,2010-07-12,0.727934813,0.6498884457913532,0.8059811802086467
AOI-0018,2010-08-29,0.5680983867,0.4900520194913533,0.6461447539086467
AOI-0018,2010-09-30,0.4549458624,0.3768994951913533,0.5329922296086467
AOI-0018,2011-04-26,0.2388177925,0.16077142529135327,0.3168641597086467
AOI-0018,2011-05-21,0.6232701534,0.5452237861913534,0.7013165206086467
AOI-0018,2011-05-25,0.7566502792,0.6786039119913534,0.8346966464086467
AOI-0018,2011-06-22,0.7750528778,0.6970065105913532,0.8530992450086468
AOI-0018,2011-06-26,0.7384129685,0.6603666012913534,0.8164593357086467
AOI-0018,2011-07-15,0.6554011307,0.5773547634913532,0.7334474979086467
AOI-0018,2011-07-28,0.6642398321,0.5861934648913534,0.7422861993086467
AOI-0018,2011-08-17,0.6172378083,0.5391914410913532,0.6952841755086467
AOI-0018,2011-10-27,0.4557562729,0.37770990569135326,0.5338026401086466
AOI-0018,2012-04-06,0.3702168163,0.29217044909135326,0.4482631835086467
AOI-0018,2012-07-25,0.7113936008,0.6333472335913533,0.7894399680086468
AOI-0018,2012-07-27,0.6154080922,0.5373617249913534,0.6934544594086467
AOI-0018,2012-09-04,0.5486647853,0.47061841809135324,0.6267111525086466
AOI-0018,2012-10-06,0.5908018349,0.5127554676913533,0.6688482021086468
AOI-0018,2012-10-15,0.5828811844,0.5048348171913533,0.6609275516086468
AOI-0018,2013-06-11,0.623525196,0.5454788287913532,0.7015715632086468
AOI-0018,2013-08-13,0.6780928954,0.6000465281913532,0.7561392626086467
AOI-0018,2013-08-21,0.724144972,0.6460986047913533,0.8021913392086468
AOI-0018,2013-09-22,0.6331370041,0.5550906368913533,0.7111833713086466
AOI-0018,2013-10-16,0.6136671952,0.5356208279913532,0.6917135624086468
AOI-0018,2014-05-09,0.7351027098,0.6570563425913534,0.8131490770086467
AOI-0018,2014-06-06,0.6415199384,0.5634735711913532,0.7195663056086468
AOI-0018,2014-06-10,0.6565444042,0.5784980369913533,0.7345907714086468
AOI-0018,2014-09-14,0.4591621469,0.3811157796913533,0.5372085141086467
AOI-0018,2015-04-07,0.4727705056,0.3947241383913533,0.5508168728086467
AOI-0018,2015-05-23,0.6847264407,0.6066800734913533,0.7627728079086467
AOI-0018,2015-05-25,0.6805729281,0.6025265608913533,0.7586192953086468
AOI-0018,2015-08-04,0.4837657155,0.4057193482913533,0.5618120827086468
AOI-0018,2015-08-11,0.4792693132,0.4012229459913533,0.5573156804086468
AOI-0018,2015-09-28,0.4133254155,0.3352790482913533,0.49137178270864673
AOI-0018,2016-05-18,0.7930173012,0.7149709339913533,0.8710636684086468
AOI-0018,2016-06-03,0.80343974,0.7253933727913533,0.8814861072086466
AOI-0018,2016-06-18,0.7107555349,0.6327091676913532,0.7888019021086468
AOI-0018,2016-07-13,0.5318807537,0.45383438649135327,0.6099271209086468
AOI-0018,2016-08-22,0.5734683198,0.4954219525913533,0.6515146870086468
AOI-0018,2016-10-16,0.6303286526,0.5522822853913534,0.7083750198086467
AOI-0018,2017-07-12,0.6949823541,0.6169359868913533,0.7730287213086466
AOI-0018,2017-08-08,0.5821561787,0.5041098114913534,0.6602025459086467
AOI-0018,2017-08-13,0.5417642106,0.4637178433913533,0.6198105778086467
AOI-0018,2017-09-02,0.5558995804,0.47785321319135327,0.6339459476086466
AOI-0018,2017-09-26,0.5091067689,0.43106040169135323,0.5871531361086466
AOI-0018,2017-10-04,0.4073814912,0.3293351239913533,0.4854278584086467
AOI-0018,2017-10-05,0.3799319009,0.3018855336913533,0.4579782681086467
AOI-0018,2017-10-08,0.406073314,0.3280269467913533,0.48411968120864673
AOI-0018,2018-06-15,0.6428297854,0.5647834181913534,0.7208761526086467
AOI-0018,2018-07-18,0.5673450857,0.48929871849135326,0.6453914529086466
AOI-0018,2018-07-28,0.5293442322,0.4512978649913533,0.6073905994086468
AOI-0018,2018-08-13,0.4160237132,0.33797734599135326,0.4940700804086467
AOI-0018,2018-08-20,0.3231437265,0.2450973592913533,0.4011900937086467
AOI-0018,2018-09-05,0.2371782233,0.15913185609135327,0.3152245905086467
AOI-0018,2018-10-07,0.2382461207,0.1601997534913533,0.3162924879086467
AOI-0018,2019-04-28,0.4911949579,0.4131485906913533,0.5692413251086468
AOI-0018,2019-05-02,0.4660349471,0.38798857989135327,0.5440813143086467
AOI-0018,2019-05-06,0.3309523046,0.2529059373913533,0.40899867180864674
AOI-0018,2019-05-13,0.2248670715,0.14682070429135327,0.30291343870864673
AOI-0018,2019-05-18,0.2556606759,0.1776143086913533,0.33370704310864674
AOI-0018,2019-05-21,0.2495551827,0.17150881549135327,0.3276015499086467
AOI-0018,2019-05-25,0.5943717084,0.5163253411913533,0.6724180756086466
AOI-0018,2019-06-25,0.3219824746,0.2439361073913533,0.40002884180864673
AOI-0018,2019-06-26,0.4922861524,0.4142397851913533,0.5703325196086467
AOI-0018,2019-07-12,0.664449488,0.5864031207913534,0.7424958552086467
AOI-0018,2019-08-29,0.5306246782,0.4525783109913533,0.6086710454086468
AOI-0018,2019-09-03,0.4349054671,0.3568590998913533,0.5129518343086468
AOI-0018,2019-09-10,0.3572506261,0.2792042588913533,0.43529699330864674
AOI-0018,2019-10-10,0.2274958615,0.1494494942913533,0.3055422287086467
AOI-0018,2019-10-13,0.2224187486,0.14437238139135328,0.3004651158086467
AOI-0018,2020-06-11,0.6005126454,0.5224662781913534,0.6785590126086467
AOI-0018,2020-06-25,0.4484446428,0.3703982755913533,0.5264910100086467
AOI-0018,2020-07-14,0.1591554403,0.08110907309135329,0.23720180750864672
AOI-0018,2020-08-20,0.1844959293,0.10644956209135328,0.2625422965086467
AOI-0018,2020-09-02,0.1708438433,0.09279747609135328,0.2488902105086467
AOI-0018,2020-09-04,0.174723961,0.0966775937913533,0.25277032820864676
AOI-0018,2020-09-12,0.1730393611,0.0949929938913533,0.2510857283086467
AOI-0018,2020-09-26,0.1777290592,0.0996826919913533,0.2557754264086467
AOI-0018,2020-10-07,0.1604992606,0.08245289339135328,0.23854562780864672
AOI-0018,2020-10-09,0.161252412,0.0832060447913533,0.23929877920864673
AOI-0018,2020-10-27,0.1916487073,0.11360234009135328,0.2696950745086467
AOI-0018,2021-04-02,0.2860919951,0.20804562789135328,0.3641383623086467
AOI-0018,2021-04-07,0.4833444355,0.4052980682913533,0.5613908027086467
AOI-0018,2021-05-09,0.8055961405,0.7275497732913532,0.8836425077086467
AOI-0018,2021-05-12,0.8226359264,0.7445895591913534,0.9006822936086467
AOI-0018,2021-05-20,0.831844955,0.7537985877913533,0.9098913222086467
AOI-0018,2021-05-23,0.8568762634,0.7788298961913533,0.9349226306086467
AOI-0018,2021-06-14,0.8240285338,0.7459821665913533,0.9020749010086466
AOI-0018,2021-07-19,0.1995445394,0.12149817219135328,0.2775909066086467
AOI-0018,2021-07-28,0.3748854364,0.2968390691913533,0.4529318036086467
AOI-0018,2021-08-12,-0.0131712064,-0.09121757360864671,0.06487516080864672
AOI-0018,2021-08-23,0.234835106,0.15678873879135327,0.3128814732086467
AOI-0018,2021-08-25,0.2419100378,0.1638636705913533,0.31995640500864675
AOI-0018,2021-08-29,0.3546231967,0.27657682949135326,0.4326695639086467
AOI-0018,2021-09-13,0.2360487844,0.15800241719135327,0.3140951516086467
AOI-0018,2021-10-27,0.2590099442,0.1809635769913533,0.3370563114086467
AOI-0018,2022-04-05,0.2022817814,0.12423541419135328,0.28032814860864674
AOI-0018,2022-04-08,0.2533885283,0.1753421610913533,0.33143489550864674
AOI-0018,2022-05-20,0.2349907847,0.1569444174913533,0.3130371519086467
AOI-0018,2022-06-04,0.3759306137,0.2978842464913533,0.45397698090864674
AOI-0018,2022-06-08,0.537903828,0.4598574607913533,0.6159501952086468
AOI-0018,2022-06-19,0.6997632627,0.6217168954913532,0.7778096299086468
AOI-0018,2022-06-24,0.6959847619,0.6179383946913533,0.7740311291086468
AOI-0018,2022-07-22,0.7883020569,0.7102556896913532,0.8663484241086468
AOI-0018,2022-07-30,0.763579338,0.6855329707913533,0.8416257052086467
AOI-0018,2022-08-10,0.6453749576,0.5673285903913532,0.7234213248086467
AOI-0018,2022-08-28,0.3224524637,0.2444060964913533,0.40049883090864674
AOI-0018,2022-08-31,0.3376608876,0.2596145203913533,0.41570725480864673
AOI-0018,2022-10-19,0.1848904272,0.1068440599913533,0.2629367944086467
AOI-0018,2023-04-04,0.6758342851,0.5977879178913532,0.7538806523086468
AOI-0018,2023-04-10,0.6954101963,0.6173638290913532,0.7734565635086468
AOI-0018,2023-05-09,0.850309695,0.7722633277913533,0.9283560622086466
AOI-0018,2023-05-15,0.8803252212,0.8022788539913532,0.9583715884086468
AOI-0018,2023-05-25,0.7922389437,0.7141925764913533,0.8702853109086468
AOI-0018,2023-06-24,0.3595351775,0.2814888102913533,0.43758154470864674
AOI-0018,2023-07-06,0.2749454005,0.19689903329135328,0.3529917677086467
AOI-0018,2023-07-16,0.2860436938,0.20799732659135328,0.3640900610086467
AOI-0018,2023-07-24,0.2951750982,0.21712873099135327,0.3732214654086467
AOI-0018,2023-08-02,0.2813107157,0.20326434849135327,0.3593570829086467
AOI-0018,2023-08-30,0.1711191578,0.09307279059135329,0.24916552500864672
AOI-0018,2023-09-12,0.1712631468,0.09321677959135327,0.2493095140086467
AOI-0018,2023-09-18,0.2380960267,0.16004965949135327,0.31614239390864673
AOI-0018,2023-10-12,0.186006004,0.10795963679135329,0.2640523712086467
AOI-0018,2023-10-19,0.1853214435,0.10727507629135327,0.2633678107086467
AOI-0018,2024-04-05,0.2609208367,0.18287446949135328,0.3389672039086467
AOI-0018,2024-04-29,0.2776241234,0.19957775619135326,0.3556704906086467
AOI-0018,2024-05-07,0.3277782043,0.24973183709135327,0.4058245715086467
AOI-0018,2024-06-17,0.7570497343,0.6790033670913533,0.8350961015086467
AOI-0018,2024-06-25,0.6529269262,0.5748805589913533,0.7309732934086468
AOI-0018,2024-06-28,0.7376933687,0.6596470014913534,0.8157397359086467
AOI-0018,2024-07-05,0.657443593,0.5793972257913533,0.7354899602086467
AOI-0018,2024-08-03,0.5563619219,0.4783155546913533,0.6344082891086467
AOI-0018,2024-08-20,0.3268623496,0.24881598239135327,0.4049087168086467
AOI-0018,2024-09-20,0.2508174924,0.1727711251913533,0.3288638596086467
AOI-0018,2024-09-23,0.1890625609,0.1110161936913533,0.2671089281086467
AOI-0018,2024-10-01,0.1845988724,0.10655250519135329,0.2626452396086467
AOI-0018,2024-10-30,0.238971156,0.16092478879135327,0.31701752320864673
AOI-0024,2010-04-23,0.2522463127,0.17419994549135326,0.3302926799086467
AOI-0024,2010-06-19,0.3079082967,0.22986192949135326,0.3859546639086467
AOI-0024,2010-07-28,0.7590869257,0.6810405584913533,0.8371332929086468
AOI-0024,2010-10-16,0.2818694426,0.2038230753913533,0.35991580980864674
AOI-0024,2011-06-14,0.3434257943,0.26537942709135326,0.4214721615086467
AOI-0024,2011-06-26,0.523766359,0.4457199917913533,0.6018127262086468
AOI-0024,2011-07-16,0.4798208277,0.4017744604913533,0.5578671949086467
AOI-0024,2011-09-14,0.4329683929,0.3549220256913533,0.5110147601086468
AOI-0024,2011-10-16,0.3776258697,0.2995795024913533,0.4556722369086467
AOI-0024,2012-04-04,0.1917032209,0.11365685369135328,0.2697495881086467
AOI-0024,2012-04-06,0.3308541627,0.2528077954913533,0.4089005299086467
AOI-0024,2012-06-23,0.4728390033,0.3947926360913533,0.5508853705086467
AOI-0024,2012-07-18,0.3175674141,0.23952104689135328,0.3956137813086467
AOI-0024,2012-08-28,0.3336050627,0.2555586954913533,0.4116514299086467
AOI-0024,2012-09-04,0.2178187337,0.13977236649135327,0.2958651009086467
AOI-0024,2012-09-13,0.3242907781,0.2462444108913533,0.4023371453086467
AOI-0024,2012-09-27,0.2378740026,0.15982763539135328,0.3159203698086467
AOI-0024,2013-04-16,0.2086909898,0.1306446225913533,0.2867373570086467
AOI-0024,2013-06-11,0.4721273894,0.39408102219135327,0.5501737566086466
AOI-0024,2013-07-20,0.5962162482,0.5181698809913533,0.6742626154086466
AOI-0024,2013-07-29,0.5472847462,0.4692383789913533,0.6253311134086468
AOI-0024,2013-08-22,0.3788086856,0.30076231839135326,0.4568550528086467
AOI-0024,2013-09-14,0.4417059052,0.3636595379913533,0.5197522724086467
AOI-0024,2014-05-09,0.7876056756,0.7095593083913534,0.8656520428086467
AOI-0024,2014-07-12,0.308181321,0.2301349537913533,0.3862276882086467
AOI-0024,2014-08-09,0.1598758728,0.0818295055913533,0.23792224000864673
AOI-0024,2014-08-16,0.1553434136,0.07729704639135329,0.23338978080864672
AOI-0024,2014-09-30,0.2398099338,0.1617635665913533,0.3178563010086467
AOI-0024,2014-10-04,0.2056724493,0.1276260820913533,0.2837188165086467
AOI-0024,2015-04-14,0.3485131352,0.2704667679913533,0.4265595024086467
AOI-0024,2015-07-11,0.3170542697,0.23900790249135329,0.3951006369086467
AOI-0024,2015-07-12,0.3958900205,0.3178436532913533,0.4739363877086467
AOI-0024,2015-07-28,0.4054697499,0.3274233826913533,0.4835161171086467
AOI-0024,2015-09-29,0.2379313726,0.15988500539135328,0.31597773980864674
AOI-0024,2016-04-08,0.2692983233,0.19125195609135326,0.3473446905086467
AOI-0024,2016-04-23,0.3140341727,0.2359878054913533,0.3920805399086467
AOI-0024,2016-06-19,0.6893725074,0.6113261401913532,0.7674188746086468
AOI-0024,2016-08-12,0.6867754428,0.6087290755913533,0.7648218100086468
AOI-0024,2016-08-22,0.6385735914,0.5605272241913533,0.7166199586086468
AOI-0024,2016-08-30,0.5166149862,0.4385686189913533,0.5946613534086467
AOI-0024,2016-09-14,0.3780328617,0.2999864944913533,0.4560792289086467
AOI-0024,2016-10-16,0.3430379831,0.2649916158913533,0.4210843503086467
AOI-0024,2017-04-26,0.5616109118,0.4835645445913533,0.6396572790086468
AOI-0024,2017-05-01,0.63916954,0.5611231727913533,0.7172159072086468
AOI-0024,2017-05-12,0.7614951978,0.6834488305913533,0.8395415650086466
AOI-0024,2017-05-29,0.8016839929,0.7236376256913533,0.8797303601086468
AOI-0024,2017-06-13,0.7526881519,0.6746417846913533,0.8307345191086468
AOI-0024,2017-06-14,0.7255780251,0.6475316578913533,0.8036243923086468
AOI-0024,2017-06-29,0.4164029196,0.33835655239135326,0.4944492868086467
AOI-0024,2017-07-07,0.3247527351,0.2467063678913533,0.40279910230864674
AOI-0024,2017-07-15,0.2934374814,0.21539111419135326,0.3714838486086467
AOI-0024,2017-08-01,0.1845445557,0.10649818849135329,0.2625909229086467
AOI-0024,2017-08-04,0.1773732903,0.0993269230913533,0.2554196575086467
AOI-0024,2017-08-08,0.19803994,0.11999357279135328,0.2760863072086467
AOI-0024,2017-08-16,0.2274927651,0.14944639789135328,0.3055391323086467
AOI-0024,2017-08-24,0.1918442236,0.11379785639135329,0.26989059080864675
AOI-0024,2017-09-02,0.192285471,0.1142391037913533,0.2703318382086467
AOI-0024,2017-09-05,0.155689353,0.07764298579135329,0.23373572020864672
AOI-0024,2017-09-18,0.1802076882,0.10216132099135328,0.2582540554086467
AOI-0024,2017-09-30,0.2503611985,0.17231483129135328,0.3284075657086467
AOI-0024,2018-04-14,0.2278226072,0.14977623999135328,0.3058689744086467
AOI-0024,2018-06-24,0.3800404986,0.3019941313913533,0.4580868658086467
AOI-0024,2018-06-25,0.4160979672,0.33805159999135326,0.4941443344086467
AOI-0024,2018-08-19,0.2269228179,0.14887645069135327,0.3049691851086467
AOI-0024,2018-09-04,0.2124382647,0.13439189749135327,0.2904846319086467
AOI-0024,2018-09-29,0.221912833,0.1438664657913533,0.29995920020864675
AOI-0024,2019-04-01,0.2998690432,0.2218226759913533,0.37791541040864673
AOI-0024,2019-04-21,0.4921767584,0.4141303911913533,0.5702231256086467
AOI-0024,2019-05-11,0.8025060558,0.7244596885913532,0.8805524230086468
AOI-0024,2019-05-28,0.8627370045,0.7846906372913534,0.9407833717086467
AOI-0024,2019-08-23,0.2041029942,0.12605662699135328,0.2821493614086467
AOI-0024,2019-08-24,0.1943131481,0.11626678089135328,0.2723595153086467
AOI-0024,2019-09-14,0.2951569094,0.21711054219135328,0.3732032766086467
AOI-0024,2019-09-15,0.1913109422,0.11326457499135328,0.2693573094086467
AOI-0024,2019-09-16,0.260910281,0.1828639137913533,0.33895664820864674
AOI-0024,2019-10-09,0.3559118463,0.2778654790913533,0.4339582135086467
AOI-0024,2019-10-26,0.4113989805,0.3333526132913533,0.4894453477086467
AOI-0024,2020-04-30,0.1986836812,0.12063731399135327,0.2767300484086467
AOI-0024,2020-05-27,0.2338845511,0.1558381838913533,0.3119309183086467
AOI-0024,2020-07-07,0.7076119286,0.6295655613913533,0.7856582958086467
AOI-0024,2020-08-09,0.3532985155,0.2752521482913533,0.43134488270864674
AOI-0024,2020-08-12,0.3541389606,0.2760925933913533,0.4321853278086467
AOI-0024,2020-09-22,0.1681488737,0.09010250649135329,0.24619524090864672
AOI-0024,2020-10-15,0.2358571849,0.15781081769135327,0.31390355210864673
AOI-0024,2021-06-10,0.7685785922,0.6905322249913532,0.8466249594086468
AOI-0024,2021-07-12,0.3126488364,0.2346024691913533,0.39069520360864674
AOI-0024,2021-08-03,0.1838028284,0.10575646119135329,0.2618491956086467
AOI-0024,2021-08-12,0.1709965299,0.09295016269135328,0.24904289710864672
AOI-0024,2021-08-23,0.196178049,0.11813168179135328,0.2742244162086467
AOI-0024,2021-08-25,0.2027948844,0.12474851719135327,0.2808412516086467
AOI-0024,2022-04-05,0.4685910192,0.3905446519913533,0.5466373864086467
AOI-0024,2022-05-25,0.8436034091,0.7655570418913533,0.9216497763086466
AOI-0024,2022-06-04,0.8621260149,0.7840796476913532,0.9401723821086467
AOI-0024,2022-06-30,0.3453447879,0.2672984206913533,0.4233911551086467
AOI-0024,2022-07-01,0.288141455,0.21009508779135327,0.3661878222086467
AOI-0024,2022-07-17,0.2954802961,0.21743392889135327,0.3735266633086467
AOI-0024,2022-08-22,0.2882502956,0.21020392839135327,0.3662966628086467
AOI-0024,2022-09-01,0.3199502798,0.2419039125913533,0.39799664700864673
AOI-0024,2022-09-30,0.3921509207,0.3141045534913533,0.47019728790864673
AOI-0024,2022-10-01,0.3723222041,0.2942758368913533,0.4503685713086467
AOI-0024,2023-04-23,0.4561709223,0.3781245550913533,0.5342172895086468
AOI-0024,2023-04-27,0.2915597518,0.21351338459135327,0.3696061190086467
AOI-0024,2023-05-12,0.255383035,0.17733666779135326,0.3334294022086467
AOI-0024,2023-05-17,0.2749356796,0.19688931239135327,0.3529820468086467
AOI-0024,2023-06-19,0.6004879949,0.5224416276913533,0.6785343621086468
AOI-0024,2023-07-05,0.7915815772,0.7135352099913532,0.8696279444086468
AOI-0024,2023-07-21,0.7855161614,0.7074697941913533,0.8635625286086468
AOI-0024,2023-08-01,0.7877552133,0.7097088460913532,0.8658015805086468
AOI-0024,2023-08-06,0.7804081082,0.7023617409913532,0.8584544754086467
AOI-0024,2023-08-13,0.708043545,0.6299971777913533,0.7860899122086467
AOI-0024,2023-08-18,0.6100377396,0.5319913723913532,0.6880841068086467
AOI-0024,2023-09-22,0.2597309053,0.18168453809135326,0.3377772725086467
AOI-0024,2023-09-29,0.2299859323,0.15193956509135328,0.30803229950864675
AOI-0024,2023-10-11,0.2038413364,0.12579496919135327,0.2818877036086467
AOI-0024,2023-10-12,0.1968694074,0.11882304019135329,0.2749157746086467
AOI-0024,2024-04-05,0.6820299291,0.6039835618913534,0.7600762963086467
AOI-0024,2024-04-11,0.7390538826,0.6610075153913533,0.8171002498086468
AOI-0024,2024-05-23,0.8820638472,0.8040174799913533,0.9601102144086466
AOI-0024,2024-06-24,0.2959505819,0.2179042146913533,0.3739969491086467
AOI-0024,2024-06-28,0.2112216123,0.13317524509135328,0.2892679795086467
AOI-0024,2024-07-11,0.2758094691,0.19776310189135327,0.3538558363086467
AOI-0024,2024-07-15,0.1624176866,0.08437131939135328,0.24046405380864672
AOI-0024,2024-07-27,0.2133577675,0.13531140029135327,0.2914041347086467
AOI-0024,2024-07-30,0.130881745,0.05283537779135328,0.2089281122086467
AOI-0024,2024-08-09,0.1474317099,0.0693853426913533,0.22547807710864673
AOI-0024,2024-09-21,0.1544251444,0.07637877719135328,0.2324715116086467
AOI-0024,2024-10-03,0.1252239117,0.04717754449135328,0.2032702789086467
AOI-0024,2024-10-08,0.1403186918,0.06227232459135329,0.21836505900864672
AOI-0025,2010-06-02,0.5285576901,0.45051132289135326,0.6066040573086466
AOI-0025,2011-04-02,0.1691309581,0.09108459089135329,0.24717732530864672
AOI-0025,2011-04-07,0.2642849146,0.18623854739135326,0.3423312818086467
AOI-0025,2011-06-26,0.4595960648,0.38154969759135327,0.5376424320086467
AOI-0025,2011-08-08,0.2263004713,0.14825410409135328,0.30434683850864674
AOI-0025,2012-04-04,0.4379259483,0.35987958109135326,0.5159723155086466
AOI-0025,2012-05-24,0.7365936402,0.6585472729913533,0.8146400074086466
AOI-0025,2012-08-26,0.1853722808,0.1073259135913533,0.2634186480086467
AOI-0025,2013-04-07,0.4334822359,0.3554358686913533,0.5115286031086468
AOI-0025,2013-04-23,0.5853875496,0.5073411823913532,0.6634339168086467
AOI-0025,2013-08-13,0.2324825382,0.1544361709913533,0.31052890540864675
AOI-0025,2013-10-16,0.545205662,0.46715929479135326,0.6232520292086468
AOI-0025,2014-04-18,0.8336882061,0.7556418388913533,0.9117345733086468
AOI-0025,2014-05-09,0.8673892315,0.7893428642913534,0.9454355987086467
AOI-0025,2014-07-28,0.3121588104,0.23411244319135327,0.3902051776086467
AOI-0025,2014-08-24,0.2271916562,0.1491452889913533,0.3052380234086467
AOI-0025,2015-04-13,0.216834071,0.13878770379135327,0.29488043820864673
AOI-0025,2015-05-25,0.520770506,0.44272413879135325,0.5988168732086467
AOI-0025,2015-08-13,0.29787091,0.21982454279135327,0.3759172772086467
AOI-0025,2015-09-14,0.2619599429,0.1839135756913533,0.34000631010864674
AOI-0025,2016-04-06,0.7031873439,0.6251409766913534,0.7812337111086467
AOI-0025,2016-05-09,0.8326401277,0.7545937604913533,0.9106864949086466
AOI-0025,2016-05-25,0.7753465037,0.6973001364913534,0.8533928709086467
AOI-0025,2016-06-10,0.5085355798,0.43048921259135325,0.5865819470086466
AOI-0025,2016-06-18,0.3681429562,0.29009658899135327,0.4461893234086467
AOI-0025,2016-07-11,0.3225646339,0.2445182666913533,0.4006110011086467
AOI-0025,2016-07-27,0.285916696,0.2078703287913533,0.36396306320864674
AOI-0025,2016-08-12,0.2710760334,0.1930296661913533,0.34912240060864674
AOI-0025,2016-09-13,0.2408970298,0.16285066259135328,0.3189433970086467
AOI-0025,2016-10-15,0.2961033453,0.21805697809135327,0.3741497125086467
AOI-0025,2016-10-24,0.1992690258,0.12122265859135328,0.2773153930086467
AOI-0025,2017-04-02,0.1480422122,0.06999584499135328,0.2260885794086467
AOI-0025,2017-04-23,0.4706601615,0.3926137942913533,0.5487065287086468
AOI-0025,2017-05-25,0.6600222651,0.5819758978913532,0.7380686323086467
AOI-0025,2017-07-28,0.5297976995,0.4517513322913533,0.6078440667086467
AOI-0025,2017-07-31,0.6492294923,0.5711831250913533,0.7272758595086468
AOI-0025,2017-08-09,0.3339112088,0.2558648415913533,0.41195757600864674
AOI-0025,2017-08-29,0.224053685,0.14600731779135329,0.3021000522086467
AOI-0025,2018-07-26,0.2120858034,0.13403943619135328,0.2901321706086467
AOI-0025,2018-09-12,0.1798265252,0.10178015799135329,0.25787289240864675
AOI-0025,2019-04-07,0.3732198567,0.2951734894913533,0.45126622390864674
AOI-0025,2019-05-02,0.2670789767,0.1890326094913533,0.34512534390864674
AOI-0025,2019-06-27,0.1927294267,0.1146830594913533,0.2707757939086467
AOI-0025,2019-08-06,0.1966869487,0.11864058149135329,0.2747333159086467
AOI-0025,2019-08-19,0.1489571798,0.07091081259135329,0.22700354700864672
AOI-0025,2019-08-22,0.2108328523,0.1327864850913533,0.2888792195086467
AOI-0025,2019-08-29,0.1734407101,0.09539434289135329,0.2514870773086467
AOI-0025,2019-09-14,0.2357333168,0.1576869495913533,0.31377968400864675
AOI-0025,2019-09-23,0.1192118434,0.04116547619135329,0.19725821060864673
AOI-0025,2019-10-23,0.6085948564,0.5305484891913532,0.6866412236086468
AOI-0025,2020-05-30,0.8080501135,0.7300037462913533,0.8860964807086467
AOI-0025,2020-08-13,0.1479652207,0.0699188534913533,0.22601158790864673
AOI-0025,2020-09-22,0.1409777286,0.06293136139135327,0.2190240958086467
AOI-0025,2020-10-12,0.1195366119,0.04149024469135329,0.19758297910864672
AOI-0025,2021-05-31,0.7989159719,0.7208696046913532,0.8769623391086467
AOI-0025,2021-06-24,0.6332873802,0.5552410129913532,0.7113337474086467
AOI-0025,2021-07-14,0.1558679751,0.07782160789135328,0.23391434230864672
AOI-0025,2021-07-28,0.2930256398,0.2149792725913533,0.37107200700864673
AOI-0025,2021-09-14,0.2506668749,0.1726205076913533,0.3287132421086467
AOI-0025,2021-10-16,0.2884835618,0.2104371945913533,0.3665299290086467
AOI-0025,2022-06-09,0.8330303565,0.7549839892913532,0.9110767237086468
AOI-0025,2022-06-11,0.8335224248,0.7554760575913533,0.9115687920086468
AOI-0025,2022-06-13,0.8111259576,0.7330795903913532,0.8891723248086467
AOI-0025,2022-06-29,0.3124014949,0.2343551276913533,0.39044786210864674
AOI-0025,2022-07-21,0.1787353082,0.10068894099135328,0.2567816754086467
AOI-0025,2022-08-13,0.1497039944,0.0716576271913533,0.22775036160864673
AOI-0025,2022-08-14,0.1875328765,0.10948650929135328,0.2655792437086467
AOI-0025,2022-08-29,0.2235582669,0.14551189969135328,0.3016046341086467
AOI-0025,2022-09-30,0.2367292169,0.1586828496913533,0.3147755841086467
AOI-0025,2023-05-09,0.521979197,0.44393282979135323,0.6000255642086467
AOI-0025,2023-05-15,0.2229278656,0.14488149839135328,0.3009742328086467
AOI-0025,2023-06-26,0.7492490061,0.6712026388913532,0.8272953733086468
AOI-0025,2023-07-16,0.7570448346,0.6789984673913534,0.8350912018086467
AOI-0025,2023-08-01,0.8081410408,0.7300946735913534,0.8861874080086467
AOI-0025,2023-08-13,0.7529505157,0.6749041484913534,0.8309968829086467
AOI-0025,2023-09-30,0.2862933014,0.20824693419135326,0.3643396686086467
AOI-0025,2024-05-07,0.8309882008,0.7529418335913534,0.9090345680086467
AOI-0025,2024-05-23,0.8155732087,0.7375268414913534,0.8936195759086467
AOI-0025,2024-07-18,0.1459761392,0.06792977199135328,0.2240225064086467
AOI-0025,2024-07-28,0.132822206,0.05477583879135328,0.21086857320864671
AOI-0025,2024-08-12,0.1420721872,0.06402581999135329,0.22011855440864672
AOI-0025,2024-08-17,0.1275611802,0.049514812991353296,0.20560754740864673
AOI-0025,2024-09-16,0.136834601,0.058788233791353284,0.21488096820864672
AOI-0025,2024-09-26,0.1287462513,0.05069988409135329,0.20679261850864672
AOI-0025,2024-10-11,0.1289959327,0.050949565491353294,0.20704229990864673
AOI-0025,2024-10-30,0.1825985257,0.10455215849135327,0.2606448929086467
AOI-0029,2010-08-13,0.2037713083,0.1257249410913533,0.2818176755086467
AOI-0029,2010-08-29,0.165918143,0.08787177579135327,0.2439645102086467
AOI-0029,2011-04-26,0.3941871563,0.3161407890913533,0.4722335235086467
AOI-0029,2012-05-24,0.6264391895,0.5483928222913532,0.7044855567086468
AOI-0029,2012-06-09,0.6741294184,0.5960830511913533,0.7521757856086466
AOI-0029,2012-07-27,0.3688752724,0.2908289051913533,0.4469216396086467
AOI-0029,2012-09-27,0.1585383637,0.08049199649135327,0.2365847309086467
AOI-0029,2013-04-15,0.7853833924,0.7073370251913533,0.8634297596086467
AOI-0029,2013-05-09,0.8585353886,0.7804890213913533,0.9365817558086467
AOI-0029,2014-05-20,0.339022372,0.2609760047913533,0.41706873920864673
AOI-0029,2014-06-10,0.343627193,0.2655808257913533,0.4216735602086467
AOI-0029,2014-07-28,0.2310735227,0.1530271554913533,0.3091198899086467
AOI-0029,2014-08-13,0.2251073419,0.1470609746913533,0.3031537091086467
AOI-0029,2015-04-23,0.8016169098,0.7235705425913532,0.8796632770086468
AOI-0029,2016-04-07,0.2247013576,0.1466549903913533,0.30274772480864676
AOI-0029,2016-06-18,0.7891449261,0.7110985588913532,0.8671912933086467
AOI-0029,2016-07-04,0.802046176,0.7239998087913533,0.8800925432086468
AOI-0029,2016-08-13,0.3910835155,0.31303714829135326,0.4691298827086467
AOI-0029,2016-09-29,0.3822567543,0.3042103870913533,0.4603031215086467
AOI-0029,2017-04-01,0.336962811,0.25891644379135326,0.4150091782086467
AOI-0029,2017-04-07,0.645607847,0.5675614797913533,0.7236542142086466
AOI-0029,2017-05-01,0.7648284153,0.6867820480913533,0.8428747825086467
AOI-0029,2017-06-10,0.563660905,0.4856145377913533,0.6417072722086468
AOI-0029,2017-06-26,0.3976644863,0.3196181190913533,0.4757108535086467
AOI-0029,2017-08-04,0.142135369,0.0640890017913533,0.22018173620864673
AOI-0029,2017-08-09,0.1319431368,0.05389676959135328,0.20998950400864672
AOI-0029,2017-08-13,0.2522040389,0.17415767169135327,0.3302504061086467
AOI-0029,2017-09-01,0.2235842668,0.14553789959135327,0.3016306340086467
AOI-0029,2017-09-30,0.2599663411,0.18191997389135328,0.3380127083086467
AOI-0029,2018-04-23,0.4254355239,0.3473891566913533,0.5034818911086467
AOI-0029,2018-06-16,0.2210175187,0.14297115149135328,0.29906388590864674
AOI-0029,2018-09-12,0.1698143133,0.09176794609135328,0.2478606805086467
AOI-0029,2018-09-18,0.1748540211,0.09680765389135329,0.2529003883086467
AOI-0029,2018-09-30,0.2553639264,0.17731755919135328,0.3334102936086467
AOI-0029,2019-04-11,0.5029420972,0.42489572999135333,0.5809884644086467
AOI-0029,2019-04-23,0.7618297436,0.6837833763913532,0.8398761108086468
AOI-0029,2019-06-05,0.8377608236,0.7597144563913534,0.9158071908086467
AOI-0029,2019-06-15,0.6301773324,0.5521309651913533,0.7082236996086466
AOI-0029,2019-06-25,0.2208182447,0.14277187749135328,0.2988646119086467
AOI-0029,2019-07-25,0.1263935193,0.04834715209135329,0.20443988650864672
AOI-0029,2019-07-28,0.2540299552,0.17598358799135327,0.3320763224086467
AOI-0029,2019-09-13,0.1575012996,0.07945493239135329,0.23554766680864672
AOI-0029,2019-09-23,0.0921541793,0.014107812091353283,0.17020054650864672
AOI-0029,2020-04-02,0.2246917002,0.1466453329913533,0.3027380674086467
AOI-0029,2020-04-06,0.3538775096,0.27583114239135326,0.4319238768086467
AOI-0029,2020-05-20,0.5205893987,0.44254303149135327,0.5986357659086468
AOI-0029,2020-07-14,0.1388439418,0.06079757459135329,0.21689030900864673
AOI-0029,2020-07-23,0.2157756226,0.13772925539135328,0.2938219898086467
AOI-0029,2020-08-03,0.131180397,0.05313402979135329,0.20922676420864672
AOI-0029,2020-09-02,0.1461379963,0.06809162909135327,0.2241843635086467
AOI-0029,2020-09-17,0.1554893588,0.07744299159135329,0.23353572600864672
AOI-0029,2020-09-25,0.19654374,0.11849737279135328,0.27459010720864674
AOI-0029,2021-04-21,0.6134633141,0.5354169468913532,0.6915096813086468
AOI-0029,2021-05-07,0.8122084375,0.7341620702913534,0.8902548047086467
AOI-0029,2021-05-23,0.8879707476,0.8099243803913534,0.9660171148086467
AOI-0029,2021-06-16,0.823924665,0.7458782977913532,0.9019710322086467
AOI-0029,2021-06-19,0.8027924739,0.7247461066913532,0.8808388411086467
AOI-0029,2021-06-26,0.5184505999,0.44040423269135326,0.5964969671086466
AOI-0029,2021-07-10,0.3141858369,0.2361394696913533,0.39223220410864673
AOI-0029,2021-09-17,0.1846725917,0.10662622449135328,0.2627189589086467
AOI-0029,2021-10-07,0.1841492778,0.1061029105913533,0.2621956450086467
AOI-0029,2021-10-22,0.2154901687,0.1374438014913533,0.2935365359086467
AOI-0029,2021-10-27,0.2499429697,0.17189660249135327,0.32798933690864673
AOI-0029,2022-04-10,0.1794769756,0.10143060839135329,0.25752334280864675
AOI-0029,2022-04-15,0.2384828792,0.16043651199135328,0.3165292464086467
AOI-0029,2022-06-09,0.3981597456,0.3201133783913533,0.4762061128086467
AOI-0029,2022-06-19,0.7050207471,0.6269743798913532,0.7830671143086467
AOI-0029,2022-07-05,0.7678401989,0.6897938316913532,0.8458865661086468
AOI-0029,2022-07-12,0.6770150195,0.5989686522913533,0.7550613867086466
AOI-0029,2022-08-03,0.6147342722,0.5366879049913533,0.6927806394086466
AOI-0029,2022-08-29,0.3368505158,0.2588041485913533,0.41489688300864674
AOI-0029,2022-09-17,0.2039988049,0.12595243769135328,0.2820451721086467
AOI-0029,2023-06-30,0.3979357018,0.31988933459135327,0.4759820690086467
AOI-0029,2023-07-12,0.3538387963,0.27579242909135326,0.4318851635086467
AOI-0029,2023-07-28,0.3519079693,0.2738616020913533,0.42995433650864673
AOI-0029,2023-08-01,0.242832407,0.16478603979135328,0.32087877420864674
AOI-0029,2023-08-09,0.2747483525,0.1967019852913533,0.35279471970864673
AOI-0029,2023-08-25,0.2049483452,0.12690197799135328,0.2829947124086467
AOI-0029,2023-09-22,0.1564718194,0.07842545219135327,0.2345181866086467
AOI-0029,2023-09-24,0.1726649045,0.09461853729135328,0.2507112717086467
AOI-0029,2024-05-24,0.1813285492,0.10328218199135328,0.25937491640864674
AOI-0029,2024-06-24,0.1972449929,0.11919862569135328,0.27529136010864674
AOI-0029,2024-06-28,0.1388808627,0.06083449549135328,0.2169272299086467
AOI-0029,2024-07-03,0.1393101613,0.061263794091353296,0.21735652850864673
AOI-0029,2024-07-11,0.2096310656,0.13158469839135328,0.2876774328086467
AOI-0029,2024-09-28,0.1823649983,0.10431863109135328,0.26041136550864674
AOI-0034,2010-04-26,0.3123274337,0.23428106649135327,0.3903738009086467
AOI-0034,2010-05-28,0.5818566335,0.5038102662913533,0.6599030007086468
AOI-0034,2010-06-12,0.6087593869,0.5307130196913532,0.6868057541086467
AOI-0034,2010-07-31,0.2360486439,0.15800227669135328,0.3140950111086467
AOI-0034,2011-04-07,0.3341914387,0.2561450714913533,0.4122378059086467
AOI-0034,2011-04-28,0.2991326314,0.2210862641913533,0.37717899860864673
AOI-0034,2011-06-16,0.2778362244,0.19978985719135328,0.3558825916086467
AOI-0034,2011-06-26,0.2825313427,0.2044849754913533,0.36057770990864674
AOI-0034,2011-07-26,0.1801867712,0.1021404039913533,0.2582331384086467
AOI-0034,2011-08-18,0.1730495761,0.09500320889135327,0.2510959433086467
AOI-0034,2011-09-27,0.2307968039,0.1527504366913533,0.30884317110864673
AOI-0034,2011-09-30,0.3621273748,0.2840810075913533,0.44017374200864673
AOI-0034,2012-05-01,0.6172909208,0.5392445535913533,0.6953372880086468
AOI-0034,2012-05-17,0.5918931178,0.5138467505913533,0.6699394850086466
AOI-0034,2012-05-24,0.5779964227,0.49995005549135324,0.6560427899086467
AOI-0034,2012-06-09,0.4127967845,0.3347504172913533,0.49084315170864673
AOI-0034,2012-06-25,0.2611415075,0.18309514029135326,0.3391878747086467
AOI-0034,2012-07-27,0.184508328,0.10646196079135328,0.2625546952086467
AOI-0034,2012-08-12,0.2237061493,0.14565978209135327,0.3017525165086467
AOI-0034,2013-04-02,0.1791717,0.10112533279135327,0.2572180672086467
AOI-0034,2013-04-18,0.2605977394,0.18255137219135326,0.3386441066086467
AOI-0034,2013-05-11,0.3517859422,0.27373957499135326,0.4298323094086467
AOI-0034,2013-06-13,0.2135374827,0.1354911154913533,0.2915838499086467
AOI-0034,2013-06-21,0.1771866976,0.09914033039135328,0.2552330648086467
AOI-0034,2013-07-14,0.1765899595,0.09854359229135329,0.2546363267086467
AOI-0034,2013-08-23,0.2373145129,0.15926814569135328,0.3153608801086467
AOI-0034,2013-10-10,0.3796985401,0.30165217289135327,0.4577449073086467
AOI-0034,2014-07-10,0.1333863516,0.05533998439135329,0.21143271880864672
AOI-0034,2014-10-29,0.1856437484,0.10759738119135329,0.26369011560864675
AOI-0034,2015-04-24,0.1794122704,0.10136590319135327,0.25745863760864673
AOI-0034,2015-05-26,0.2076122187,0.12956585149135327,0.2856585859086467
AOI-0034,2015-07-04,0.1489844939,0.07093812669135327,0.2270308611086467
AOI-0034,2015-08-13,0.1819842916,0.10393792439135327,0.26003065880864673
AOI-0034,2015-08-29,0.1801018072,0.10205543999135328,0.2581481744086467
AOI-0034,2015-09-07,0.168988408,0.09094204079135329,0.24703477520864672
AOI-0034,2015-09-15,0.1194762875,0.041429920291353284,0.19752265470864672
AOI-0034,2015-09-22,0.1551550118,0.07710864459135328,0.2332013790086467
AOI-0034,2015-10-08,0.1667228333,0.0886764660913533,0.24476920050864673
AOI-0034,2016-06-12,0.540701467,0.4626550997913533,0.6187478342086468
AOI-0034,2016-06-21,0.2979673431,0.2199209758913533,0.3760137103086467
AOI-0034,2016-07-27,0.2210030493,0.1429566820913533,0.2990494165086467
AOI-0034,2016-08-31,0.1851038557,0.10705748849135327,0.2631502229086467
AOI-0034,2016-10-15,0.2518260969,0.1737797296913533,0.32987246410864673
AOI-0034,2016-10-26,0.1721424133,0.09409604609135327,0.2501887805086467
AOI-0034,2017-04-03,0.1386368178,0.06059045059135329,0.21668318500864672
AOI-0034,2017-04-04,0.1323539551,0.05430758789135329,0.21040032230864672
AOI-0034,2017-05-07,0.2280306548,0.1499842875913533,0.3060770220086467
AOI-0034,2017-06-10,0.2814260859,0.2033797186913533,0.35947245310864673
AOI-0034,2017-07-17,0.1870862402,0.10903987299135329,0.26513260740864675
AOI-0034,2017-07-25,0.145927464,0.06788109679135329,0.22397383120864672
AOI-0034,2017-08-02,0.1875835215,0.10953715429135327,0.2656298887086467
AOI-0034,2017-08-06,0.1293287432,0.051282375991353296,0.20737511040864673
AOI-0034,2017-08-19,0.1283681709,0.05032180369135328,0.2064145381086467
AOI-0034,2017-09-11,0.1501093483,0.07206298109135328,0.22815571550864672
AOI-0034,2017-09-28,0.3151247764,0.23707840919135326,0.3931711436086467
AOI-0034,2018-04-28,0.7799361837,0.7018898164913532,0.8579825509086467
AOI-0034,2018-05-17,0.829136971,0.7510906037913532,0.9071833382086467
AOI-0034,2018-05-30,0.7197912763,0.6417449090913532,0.7978376435086467
AOI-0034,2018-06-11,0.3996973661,0.3216509988913533,0.4777437333086467
AOI-0034,2018-06-27,0.2008229376,0.12277657039135328,0.2788693048086467
AOI-0034,2018-09-05,0.1176897783,0.03964341109135329,0.1957361455086467
AOI-0034,2019-04-23,0.1983271679,0.12028080069135327,0.2763735351086467
AOI-0034,2019-05-18,0.1595677432,0.08152137599135328,0.23761411040864672
AOI-0034,2019-05-29,0.2099620956,0.1319157283913533,0.2880084628086467
AOI-0034,2019-06-04,0.1368446552,0.05879828799135328,0.21489102240864671
AOI-0034,2019-06-17,0.1411755093,0.06312914209135329,0.21922187650864672
AOI-0034,2019-06-22,0.135920414,0.05787404679135327,0.2139667812086467
AOI-0034,2019-06-24,0.1290072565,0.050960889291353284,0.20705362370864672
AOI-0034,2019-06-27,0.1347084752,0.056662107991353294,0.21275484240864673
AOI-0034,2019-07-19,0.0767398189,-0.00130654830864671,0.15478618610864672
AOI-0034,2019-07-29,0.1240861858,0.04603981859135328,0.20213255300864671
AOI-0034,2019-08-11,0.1426747795,0.06462841229135327,0.2207211467086467
AOI-0034,2019-08-13,0.1550492299,0.07700286269135329,0.23309559710864672
AOI-0034,2019-09-02,0.1460658694,0.06801950219135328,0.2241122366086467
AOI-0034,2019-09-14,0.2299132883,0.15186692109135327,0.3079596555086467
AOI-0034,2019-09-17,0.1529635387,0.0749171714913533,0.23100990590864673
AOI-0034,2019-10-22,0.6626096589,0.5845632916913532,0.7406560261086468
AOI-0034,2020-04-14,0.7325798021,0.6545334348913532,0.8106261693086467
AOI-0034,2020-04-17,0.723914329,0.6458679617913532,0.8019606962086467
AOI-0034,2020-04-29,0.7063706082,0.6283242409913532,0.7844169754086467
AOI-0034,2020-05-04,0.6173143908,0.5392680235913532,0.6953607580086467
AOI-0034,2020-05-24,0.6821317145,0.6040853472913532,0.7601780817086468
AOI-0034,2020-05-31,0.6475814394,0.5695350721913532,0.7256278066086468
AOI-0034,2020-06-03,0.604333824,0.5262874567913534,0.6823801912086467
AOI-0034,2020-07-10,0.1459212715,0.06787490429135329,0.22396763870864672
AOI-0034,2020-07-16,0.0921048636,0.014058496391353287,0.17015123080864672
AOI-0034,2020-07-23,0.0760029544,-0.0020434128086467135,0.1540493216086467
AOI-0034,2020-07-25,0.1728805304,0.0948341631913533,0.2509268976086467
AOI-0034,2020-07-28,0.1038646007,0.025818233491353287,0.18191096790864672
AOI-0034,2020-07-31,0.1108007503,0.032754383091353284,0.18884711750864672
AOI-0034,2020-08-07,0.11167189,0.03362552279135328,0.1897182572086467
AOI-0034,2020-08-11,0.126172386,0.04812601879135328,0.20421875320864671
AOI-0034,2020-09-03,0.1201469874,0.042100620191353286,0.19819335460864673
AOI-0034,2020-09-04,0.1285195345,0.05047316729135329,0.20656590170864672
AOI-0034,2020-09-29,0.1240759183,0.04602955109135329,0.20212228550864672
AOI-0034,2020-10-15,0.1962824739,0.11823610669135329,0.27432884110864675
AOI-0034,2021-04-12,0.1171185488,0.03907218159135328,0.19516491600864672
AOI-0034,2021-04-22,0.1625261291,0.08447976189135328,0.24057249630864672
AOI-0034,2021-05-01,0.2069126196,0.12886625239135327,0.28495898680864673
AOI-0034,2021-05-07,0.1706317478,0.0925853805913533,0.24867811500864673
AOI-0034,2021-05-10,0.2156662782,0.1376199109913533,0.2937126454086467
AOI-0034,2021-05-29,0.1464985022,0.06845213499135328,0.2245448694086467
AOI-0034,2021-07-26,0.1269241057,0.048877738491353295,0.20497047290864673
AOI-0034,2021-07-28,0.1414907692,0.06344440199135329,0.21953713640864672
AOI-0034,2021-07-31,0.1368876591,0.05884129189135329,0.21493402630864672
AOI-0034,2021-08-02,0.1223995417,0.04435317449135329,0.20044590890864672
AOI-0034,2021-08-06,0.1864441657,0.10839779849135328,0.2644905329086467
AOI-0034,2021-08-17,0.1184385873,0.04039222009135328,0.19648495450864673
AOI-0034,2021-08-29,0.1956283396,0.11758197239135329,0.2736747068086467
AOI-0034,2021-09-11,0.1474361162,0.06938974899135328,0.2254824834086467
AOI-0034,2021-09-14,0.163768533,0.08572216579135328,0.2418149002086467
AOI-0034,2021-09-15,0.1469757591,0.06892939189135328,0.2250221263086467
AOI-0034,2021-10-06,0.2702038988,0.1921575315913533,0.3482502660086467
AOI-0034,2021-10-09,0.3281139327,0.2500675654913533,0.4061602999086467
AOI-0034,2022-04-12,0.6529074188,0.5748610515913533,0.7309537860086468
AOI-0034,2022-05-29,0.8172138787,0.7391675114913532,0.8952602459086467
AOI-0034,2022-06-11,0.510131931,0.43208556379135327,0.5881782982086468
AOI-0034,2022-06-20,0.3268119015,0.24876553429135329,0.4048582687086467
AOI-0034,2022-06-30,0.247110635,0.16906426779135328,0.32515700220864674
AOI-0034,2022-08-25,0.1412785692,0.06323220199135329,0.21932493640864673
AOI-0034,2022-09-06,0.1131320263,0.03508565909135328,0.1911783935086467
AOI-0034,2022-09-09,0.1241622396,0.046115872391353285,0.20220860680864672
AOI-0034,2022-10-01,0.1376251088,0.05957874159135329,0.21567147600864672
AOI-0034,2022-10-06,0.1406422151,0.06259584789135328,0.2186885823086467
AOI-0034,2023-04-04,0.1731127223,0.09506635509135328,0.25115908950864674
AOI-0034,2023-04-17,0.180123994,0.1020776267913533,0.2581703612086467
AOI-0034,2023-04-23,0.3470106971,0.26896432989135327,0.4250570643086467
AOI-0034,2023-05-31,0.2219240985,0.14387773129135328,0.2999704657086467
AOI-0034,2023-07-21,0.1443020649,0.06625569769135328,0.22234843210864672
AOI-0034,2023-07-23,0.1269711112,0.04892474399135327,0.2050174784086467
AOI-0034,2023-07-28,0.2170009231,0.13895455589135328,0.29504729030864674
AOI-0034,2023-08-08,0.1739904607,0.09594409349135327,0.2520368279086467
AOI-0034,2023-08-17,0.135637481,0.05759111379135329,0.21368384820864672
AOI-0034,2023-09-26,0.2317759088,0.1537295415913533,0.30982227600864676
AOI-0034,2023-09-28,0.2687912584,0.1907448911913533,0.3468376256086467
AOI-0034,2023-09-30,0.4076533003,0.3296069330913533,0.48569966750864674
AOI-0034,2023-10-01,0.2686648068,0.19061843959135327,0.3467111740086467
AOI-0034,2024-04-28,0.7641856142,0.6861392469913532,0.8422319814086467
AOI-0034,2024-05-09,0.7984215899,0.7203752226913533,0.8764679571086467
AOI-0034,2024-05-10,0.8014767111,0.7234303438913532,0.8795230783086467
AOI-0034,2024-05-21,0.7287897598,0.6507433925913533,0.8068361270086468
AOI-0034,2024-06-26,0.2566646684,0.1786183011913533,0.33471103560864673
AOI-0034,2024-08-16,0.1269271648,0.048880797591353276,0.2049735320086467
AOI-0034,2024-09-06,0.1612418034,0.08319543619135328,0.2392881706086467
AOI-0034,2024-09-07,0.1541845156,0.07613814839135327,0.2322308828086467
AOI-0034,2024-09-13,0.1303657021,0.05231933489135329,0.20841206930864672
AOI-0034,2024-09-14,0.1530224228,0.07497605559135329,0.23106879000864672
AOI-0034,2024-10-05,0.1259156269,0.04786925969135328,0.2039619941086467
AOI-0034,2024-10-09,0.1678416407,0.08979527349135327,0.2458880079086467
AOI-0034,2024-10-15,0.195042167,0.11699579979135327,0.2730885342086467
AOI-0034,2024-10-25,0.1351303174,0.05708395019135329,0.21317668460864672
AOI-0034,2024-10-30,0.1028340302,0.02478766299135328,0.1808803974086467
AOI-0036,2010-05-28,0.3381298778,0.26008351059135326,0.4161762450086467
AOI-0036,2010-06-10,0.443787228,0.36574086079135326,0.5218335952086467
AOI-0036,2010-07-06,0.2892112194,0.21116485219135328,0.3672575866086467
AOI-0036,2010-07-07,0.2930565855,0.2150102182913533,0.37110295270864674
AOI-0036,2010-07-28,0.2530563734,0.17501000619135326,0.3311027406086467
AOI-0036,2010-07-30,0.2135179747,0.13547160749135329,0.2915643419086467
AOI-0036,2010-09-01,0.1388192473,0.06077288009135329,0.21686561450864672
AOI-0036,2010-09-14,0.2089097898,0.13086342259135328,0.28695615700864674
AOI-0036,2010-09-30,0.2172366244,0.13919025719135328,0.2952829916086467
AOI-0036,2011-07-01,0.3835308511,0.3054844838913533,0.46157721830864673
AOI-0036,2011-07-12,0.3331064761,0.2550601088913533,0.4111528433086467
AOI-0036,2012-04-22,0.5037877242,0.42574135699135324,0.5818340914086466
AOI-0036,2012-07-20,0.2136050866,0.13555871939135328,0.2916514538086467
AOI-0036,2012-07-27,0.1996218381,0.12157547089135329,0.2776682053086467
AOI-0036,2012-09-06,0.159288712,0.08124234479135328,0.23733507920864672
AOI-0036,2012-09-13,0.1626824966,0.08463612939135329,0.24072886380864672
AOI-0036,2012-09-29,0.1635241567,0.08547778949135329,0.24157052390864672
AOI-0036,2012-10-15,0.1642248188,0.08617845159135329,0.24227118600864672
AOI-0036,2013-04-02,0.2146783032,0.1366319359913533,0.2927246704086467
AOI-0036,2013-06-10,0.3188046202,0.24075825299135328,0.3968509874086467
AOI-0036,2013-06-26,0.376386726,0.2983403587913533,0.4544330932086467
AOI-0036,2013-06-28,0.2736743003,0.1956279330913533,0.3517206675086467
AOI-0036,2013-09-14,0.3742810625,0.29623469529135327,0.4523274297086467
AOI-0036,2013-10-10,0.3093837413,0.2313373740913533,0.38743010850864673
AOI-0036,2014-04-23,0.4955961317,0.4175497644913533,0.5736424989086467
AOI-0036,2014-05-25,0.3982385506,0.3201921833913533,0.47628491780864673
AOI-0036,2014-06-24,0.221362334,0.14331596679135328,0.2994087012086467
AOI-0036,2014-08-02,0.1428539012,0.06480753399135328,0.2209002684086467
AOI-0036,2014-10-05,0.1585519863,0.08050561909135329,0.23659835350864672
AOI-0036,2014-10-14,0.164791196,0.08674482879135328,0.24283756320864672
AOI-0036,2015-05-25,0.4663173384,0.3882709711913533,0.5443637056086468
AOI-0036,2015-07-28,0.1880266833,0.10998031609135328,0.2660730505086467
AOI-0036,2015-08-06,0.1793635142,0.10131714699135327,0.25740988140864673
AOI-0036,2015-09-06,0.1234641929,0.04541782569135329,0.2015105601086467
AOI-0036,2015-09-30,0.1857456171,0.1076992498913533,0.2637919843086467
AOI-0036,2016-06-09,0.3735591682,0.2955128009913533,0.45160553540864673
AOI-0036,2016-07-15,0.2628316502,0.18478528299135327,0.3408780174086467
AOI-0036,2016-07-27,0.3298849713,0.2518386040913533,0.4079313385086467
AOI-0036,2016-08-23,0.2071765948,0.12913022759135329,0.2852229620086467
AOI-0036,2016-09-25,0.1985198374,0.1204734701913533,0.2765662046086467
AOI-0036,2016-10-26,0.2236630114,0.14561664419135328,0.3017093786086467
AOI-0036,2017-04-12,0.3697507043,0.2917043370913533,0.4477970715086467
AOI-0036,2017-07-04,0.187695692,0.10964932479135328,0.2657420592086467
AOI-0036,2017-07-25,0.2062246337,0.12817826649135328,0.2842710009086467
AOI-0036,2017-07-28,0.2424860018,0.16443963459135327,0.3205323690086467
AOI-0036,2017-08-18,0.1867914243,0.10874505709135329,0.2648377915086467
AOI-0036,2017-08-21,0.1512822082,0.07323584099135327,0.2293285754086467
AOI-0036,2017-08-26,0.1443899014,0.06634353419135328,0.2224362686086467
AOI-0036,2017-08-27,0.1988560752,0.1208097079913533,0.2769024424086467
AOI-0036,2017-09-04,0.1432761363,0.06522976909135328,0.2213225035086467
AOI-0036,2018-06-03,0.3565615102,0.27851514299135327,0.4346078774086467
AOI-0036,2018-06-26,0.2031904918,0.1251441245913533,0.2812368590086467
AOI-0036,2018-07-12,0.1720405249,0.09399415769135328,0.2500868921086467
AOI-0036,2018-08-22,0.1478154109,0.06976904369135328,0.22586177810864672
AOI-0036,2018-08-29,0.1437063922,0.06566002499135329,0.22175275940864672
AOI-0036,2018-09-05,0.1311084924,0.05306212519135328,0.20915485960864671
AOI-0036,2018-09-06,0.1768100542,0.0987636869913533,0.2548564214086467
AOI-0036,2018-10-01,0.1816278195,0.1035814522913533,0.2596741867086467
AOI-0036,2018-10-09,0.1623156659,0.08426929869135327,0.2403620331086467
AOI-0036,2018-10-12,0.1758598482,0.09781348099135329,0.2539062154086467
AOI-0036,2019-05-21,0.5424047461,0.4643583788913533,0.6204511133086468
AOI-0036,2019-05-25,0.5137106521,0.4356642848913533,0.5917570193086468
AOI-0036,2019-05-29,0.4968748923,0.41882852509135327,0.5749212595086467
AOI-0036,2019-06-04,0.3591365272,0.2810901599913533,0.4371828944086467
AOI-0036,2019-06-17,0.1978194863,0.1197731190913533,0.27586585350864673
AOI-0036,2019-07-12,0.2045664573,0.1265200900913533,0.2826128245086467
AOI-0036,2019-07-28,0.3230517552,0.2450053879913533,0.40109812240864673
AOI-0036,2019-07-29,0.1856284256,0.10758205839135329,0.2636747928086467
AOI-0036,2019-08-01,0.2242752378,0.14622887059135328,0.3023216050086467
AOI-0036,2019-08-26,0.1670894989,0.08904313169135328,0.2451358661086467
AOI-0036,2019-08-29,0.225761502,0.1477151347913533,0.3038078692086467
AOI-0036,2019-09-15,0.1375012139,0.059454846691353286,0.21554758110864672
AOI-0036,2019-10-15,0.3391311013,0.2610847340913533,0.41717746850864673
AOI-0036,2019-10-19,0.4019870921,0.3239407248913533,0.4800334593086467
AOI-0036,2019-10-22,0.3869370308,0.3088906635913533,0.46498339800864674
AOI-0036,2020-04-04,0.4238559946,0.3458096273913533,0.5019023618086467
AOI-0036,2020-04-06,0.4819009723,0.4038546050913533,0.5599473395086467
AOI-0036,2020-05-24,0.4721235068,0.39407713959135326,0.5501698740086467
AOI-0036,2020-05-29,0.4013834456,0.3233370783913533,0.4794298128086467
AOI-0036,2020-06-11,0.3673429704,0.2892966031913533,0.44538933760864674
AOI-0036,2020-08-10,0.1202540042,0.042207636991353284,0.1983003714086467
AOI-0036,2020-08-19,0.1594223606,0.08137599339135329,0.23746872780864672
AOI-0036,2020-08-26,0.1611441443,0.08309777709135327,0.2391905115086467
AOI-0036,2020-08-28,0.1944911968,0.11644482959135327,0.2725375640086467
AOI-0036,2020-09-20,0.1609491983,0.0829028310913533,0.23899556550864673
AOI-0036,2020-10-19,0.0918213075,0.013774940291353288,0.16986767470864672
AOI-0036,2020-10-26,0.1277622649,0.04971589769135329,0.20580863210864672
AOI-0036,2021-06-26,0.2672720567,0.18922568949135327,0.3453184239086467
AOI-0036,2021-07-21,0.1645306794,0.08648431219135327,0.2425770466086467
AOI-0036,2021-07-26,0.174489852,0.09644348479135328,0.2525362192086467
AOI-0036,2021-08-06,0.2329138579,0.15486749069135328,0.31096022510864674
AOI-0036,2021-08-17,0.2037444972,0.1256981299913533,0.28179086440864676
AOI-0036,2021-10-14,0.3130913073,0.2350449400913533,0.3911376745086467
AOI-0036,2022-04-07,0.3726016348,0.2945552675913533,0.45064800200864674
AOI-0036,2022-06-14,0.2965241979,0.2184778306913533,0.3745705651086467
AOI-0036,2022-06-26,0.2551874735,0.17714110629135327,0.3332338407086467
AOI-0036,2022-07-07,0.2197213194,0.1416749521913533,0.2977676866086467
AOI-0036,2022-07-21,0.1316976816,0.05365131439135329,0.20974404880864672
AOI-0036,2022-08-13,0.1866865168,0.10864014959135329,0.2647328840086467
AOI-0036,2022-08-22,0.1324250499,0.05437868269135329,0.21047141710864672
AOI-0036,2022-08-24,0.1673880982,0.08934173099135329,0.24543446540864672
AOI-0036,2022-09-14,0.2054793646,0.12743299739135328,0.2835257318086467
AOI-0036,2022-09-18,0.1547897883,0.07674342109135329,0.23283615550864672
AOI-0036,2023-04-17,0.4116534437,0.3336070764913533,0.4896998109086467
AOI-0036,2023-05-09,0.6299250415,0.5518786742913533,0.7079714087086466
AOI-0036,2023-06-18,0.3677339344,0.2896875671913533,0.44578030160864673
AOI-0036,2023-06-25,0.3877625264,0.30971615919135326,0.4658088936086467
AOI-0036,2023-07-02,0.4024069583,0.3243605910913533,0.4804533255086467
AOI-0036,2023-08-17,0.1780810898,0.10003472259135329,0.2561274570086467
AOI-0036,2023-09-29,0.1617287171,0.08368234989135329,0.23977508430864672
AOI-0036,2023-10-16,0.2223081981,0.14426183089135328,0.3003545653086467
AOI-0036,2023-10-23,0.187223729,0.10917736179135329,0.2652700962086467
AOI-0036,2024-04-13,0.3725480463,0.2945016790913533,0.4505944135086467
AOI-0036,2024-05-06,0.5147331115,0.4366867442913533,0.5927794787086467
AOI-0036,2024-05-10,0.4841455511,0.4060991838913533,0.5621919183086468
AOI-0036,2024-05-16,0.4281171789,0.3500708116913533,0.5061635461086467
AOI-0036,2024-05-18,0.4169492596,0.3389028923913533,0.4949956268086467
AOI-0036,2024-05-23,0.3730009336,0.29495456639135326,0.4510473008086467
AOI-0036,2024-06-07,0.1967479873,0.1187016200913533,0.27479435450864675
AOI-0036,2024-07-22,0.1167314302,0.03868506299135328,0.1947777974086467
AOI-0036,2024-07-25,0.1283117833,0.05026541609135329,0.20635815050864673
AOI-0036,2024-08-21,0.1250112414,0.046964874191353284,0.20305760860864672
AOI-0036,2024-08-28,0.1800605179,0.10201415069135328,0.2581068851086467
AOI-0036,2024-09-15,0.1278258022,0.04977943499135329,0.20587216940864672
AOI-0036,2024-09-22,0.1577267288,0.07968036159135328,0.2357730960086467
AOI-0036,2024-09-25,0.1203646952,0.04231832799135328,0.1984110624086467
AOI-0036,2024-09-28,0.131710474,0.05366410679135328,0.2097568412086467
AOI-0039,2010-04-07,0.4054883989,0.3274420316913533,0.4835347661086467
AOI-0039,2010-05-04,0.4769801119,0.3989337446913533,0.5550264791086468
AOI-0039,2010-05-28,0.5542729429,0.47622657569135324,0.6323193101086466
AOI-0039,2010-07-15,0.4565811592,0.37853479199135326,0.5346275264086466
AOI-0039,2010-09-30,0.3613828499,0.2833364826913533,0.43942921710864674
AOI-0039,2012-04-06,0.4310847321,0.35303836489135326,0.5091310993086466
AOI-0039,2012-09-06,0.3423946849,0.2643483176913533,0.42044105210864674
AOI-0039,2013-04-05,0.3050361454,0.2269897781913533,0.38308251260864673
AOI-0039,2013-06-13,0.4457939631,0.3677475958913533,0.5238403303086467
AOI-0039,2013-06-26,0.4366459278,0.3585995605913533,0.5146922950086468
AOI-0039,2013-07-12,0.3725895541,0.2945431868913533,0.4506359213086467
AOI-0039,2013-09-14,0.5569382362,0.47889186899135333,0.6349846034086468
AOI-0039,2014-04-07,0.5110746996,0.43302833239135324,0.5891210668086466
AOI-0039,2014-06-08,0.4740671877,0.3960208204913533,0.5521135549086467
AOI-0039,2014-06-23,0.4543258181,0.3762794508913533,0.5323721853086467
AOI-0039,2014-08-02,0.3065632316,0.22851686439135327,0.3846095988086467
AOI-0039,2014-09-04,0.3252072149,0.24716084769135327,0.4032535821086467
AOI-0039,2015-04-24,0.4175606539,0.3395142866913533,0.49560702110864674
AOI-0039,2015-05-10,0.5154615579,0.4374151906913533,0.5935079251086468
AOI-0039,2015-06-10,0.4709019601,0.3928555928913533,0.5489483273086467
AOI-0039,2015-07-28,0.3950985188,0.3170521515913533,0.47314488600864674
AOI-0039,2015-08-14,0.3095131622,0.2314667949913533,0.38755952940864674
AOI-0039,2015-08-21,0.3195032931,0.24145692589135326,0.3975496603086467
AOI-0039,2015-09-22,0.396506702,0.3184603347913533,0.4745530692086467
AOI-0039,2015-09-23,0.4380167117,0.3599703444913533,0.5160630789086467
AOI-0039,2016-04-25,0.6379111482,0.5598647809913533,0.7159575154086468
AOI-0039,2016-05-08,0.67781714,0.5997707727913533,0.7558635072086468
AOI-0039,2016-07-06,0.3913732123,0.3133268450913533,0.4694195795086467
AOI-0039,2016-09-08,0.2853540774,0.2073077101913533,0.36340044460864673
AOI-0039,2016-10-03,0.3410808167,0.2630344494913533,0.4191271839086467
AOI-0039,2016-10-15,0.39573094,0.31768457279135326,0.4737773072086467
AOI-0039,2016-10-18,0.3949728494,0.3169264821913533,0.4730192166086467
AOI-0039,2017-04-13,0.4102510202,0.33220465299135327,0.4882973874086467
AOI-0039,2017-05-09,0.5661234563,0.48807708909135333,0.6441698235086468
AOI-0039,2017-08-13,0.3844348445,0.30638847729135327,0.4624812117086467
AOI-0039,2017-08-19,0.339785977,0.2617396097913533,0.41783234420864673
AOI-0039,2017-09-10,0.4729305072,0.3948841399913533,0.5509768744086467
AOI-0039,2017-09-11,0.4461219005,0.3680755332913533,0.5241682677086468
AOI-0039,2017-09-17,0.5323055241,0.45425915689135327,0.6103518913086468
AOI-0039,2017-09-22,0.519413874,0.44136750679135334,0.5974602412086467
AOI-0039,2018-05-01,0.592451454,0.5144050867913532,0.6704978212086468
AOI-0039,2018-08-14,0.4242751955,0.34622882829135326,0.5023215627086467
AOI-0039,2018-08-21,0.4471933507,0.3691469834913533,0.5252397179086468
AOI-0039,2018-08-29,0.3507180714,0.2726717041913533,0.4287644386086467
AOI-0039,2019-04-25,0.4773653237,0.3993189564913533,0.5554116909086467
AOI-0039,2019-06-02,0.6447540005,0.5667076332913532,0.7228003677086468
AOI-0039,2019-06-10,0.4714411647,0.3933947974913533,0.5494875319086467
AOI-0039,2019-06-14,0.4783986124,0.40035224519135326,0.5564449796086467
AOI-0039,2019-07-04,0.344163829,0.26611746179135326,0.4222101962086467
AOI-0039,2019-07-17,0.3415271095,0.26348074229135326,0.4195734767086467
AOI-0039,2019-08-01,0.502329096,0.42428272879135326,0.5803754632086466
AOI-0039,2019-08-09,0.4907436291,0.4126972618913533,0.5687899963086467
AOI-0039,2019-08-11,0.5126274742,0.43458110699135327,0.5906738414086468
AOI-0039,2019-08-31,0.400958593,0.32291222579135326,0.4790049602086467
AOI-0039,2019-09-12,0.343532131,0.2654857637913533,0.42157849820864673
AOI-0039,2019-10-02,0.3984898571,0.3204434898913533,0.4765362243086467
AOI-0039,2019-10-11,0.5061903015,0.4281439342913533,0.5842366687086467
AOI-0039,2019-10-12,0.3738694261,0.2958230588913533,0.45191579330864673
AOI-0039,2019-10-16,0.5453858692,0.46733950199135327,0.6234322364086466
AOI-0039,2019-10-17,0.4907773779,0.41273101069135326,0.5688237451086466
AOI-0039,2019-10-25,0.5060625249,0.4280161576913533,0.5841088921086468
AOI-0039,2020-04-12,0.3721287123,0.2940823450913533,0.4501750795086467
AOI-0039,2020-04-21,0.4247730583,0.3467266910913533,0.5028194255086467
AOI-0039,2020-04-24,0.3899052656,0.3118588983913533,0.4679516328086467
AOI-0039,2020-05-14,0.5519406093,0.4738942420913533,0.6299869765086468
AOI-0039,2020-05-29,0.568095321,0.4900489537913533,0.6461416882086468
AOI-0039,2020-06-28,0.4804510163,0.40240464909135326,0.5584973835086466
AOI-0039,2020-07-23,0.309987012,0.2319406447913533,0.3880333792086467
AOI-0039,2020-07-25,0.3556716283,0.27762526109135327,0.4337179955086467
AOI-0039,2020-07-26,0.3387791011,0.26073273389135326,0.4168254683086467
AOI-0039,2020-08-03,0.3370646603,0.25901829309135327,0.4151110275086467
AOI-0039,2020-08-07,0.2827280794,0.20468171219135328,0.3607744466086467
AOI-0039,2020-08-18,0.2967846946,0.2187383273913533,0.3748310618086467
AOI-0039,2020-08-19,0.3461178453,0.2680714780913533,0.4241642125086467
AOI-0039,2020-08-27,0.3036145491,0.2255681818913533,0.38166091630864674
AOI-0039,2020-09-09,0.31858383,0.2405374627913533,0.39663019720864673
AOI-0039,2020-10-11,0.2315537828,0.15350741559135328,0.3096001500086467
AOI-0039,2020-10-26,0.2586704582,0.1806240909913533,0.3367168254086467
AOI-0039,2021-04-23,0.5025315386,0.4244851713913533,0.5805779058086467
AOI-0039,2021-05-12,0.576047943,0.49800157579135323,0.6540943102086467
AOI-0039,2021-05-17,0.5994195933,0.5213732260913533,0.6774659605086468
AOI-0039,2021-05-22,0.5888819893,0.5108356220913532,0.6669283565086468
AOI-0039,2021-06-26,0.5026771823,0.4246308150913533,0.5807235495086467
AOI-0039,2021-07-26,0.4865743704,0.4085280031913533,0.5646207376086467
AOI-0039,2021-08-07,0.4218288463,0.3437824790913533,0.4998752135086467
AOI-0039,2021-08-25,0.4560213603,0.3779749930913533,0.5340677275086467
AOI-0039,2021-08-29,0.4627031817,0.3846568144913533,0.5407495489086467
AOI-0039,2021-09-06,0.5011450896,0.4230987223913533,0.5791914568086467
AOI-0039,2021-09-19,0.4326885819,0.35464221469135326,0.5107349491086467
AOI-0039,2021-10-09,0.4437459876,0.3656996203913533,0.5217923548086467
AOI-0039,2022-04-12,0.4097922279,0.33174586069135326,0.4878385951086467
AOI-0039,2022-05-28,0.7402302449,0.6621838776913533,0.8182766121086467
AOI-0039,2022-06-05,0.7152269189,0.6371805516913533,0.7932732861086467
AOI-0039,2022-06-16,0.581470731,0.5034243637913534,0.6595170982086467
AOI-0039,2022-07-06,0.5324951402,0.4544487729913533,0.6105415074086467
AOI-0039,2022-07-08,0.5038285395,0.42578217229135323,0.5818749067086466
AOI-0039,2022-08-13,0.352952144,0.2749057767913533,0.43099851120864674
AOI-0039,2022-08-30,0.3071831292,0.2291367619913533,0.38522949640864673
AOI-0039,2022-10-01,0.4181173759,0.34007100869135326,0.4961637431086467
AOI-0039,2023-05-09,0.6457076652,0.5676612979913533,0.7237540324086467
AOI-0039,2023-06-13,0.7298618927,0.6518155254913534,0.8079082599086467
AOI-0039,2023-06-21,0.6332175999,0.5551712326913534,0.7112639671086467
AOI-0039,2023-06-23,0.613602426,0.5355560587913533,0.6916487932086468
AOI-0039,2023-07-28,0.3871918102,0.30914544299135327,0.4652381774086467
AOI-0039,2023-07-31,0.4067806558,0.3287342885913533,0.4848270230086467
AOI-0039,2023-08-18,0.3777254717,0.29967910449135327,0.4557718389086467
AOI-0039,2023-09-30,0.4096809293,0.3316345620913533,0.4877272965086467
AOI-0039,2023-10-06,0.4005076492,0.32246128199135327,0.4785540164086467
AOI-0039,2023-10-11,0.4220623075,0.3440159402913533,0.5001086747086467
AOI-0039,2023-10-15,0.4516097663,0.3735633990913533,0.5296561335086467
AOI-0039,2023-10-29,0.423072281,0.3450259137913533,0.5011186482086467
AOI-0039,2024-04-08,0.4472533126,0.3692069453913533,0.5252996798086467
AOI-0039,2024-05-23,0.5924179002,0.5143715329913532,0.6704642674086467
AOI-0039,2024-06-09,0.4768366062,0.3987902389913533,0.5548829734086467
AOI-0039,2024-06-19,0.4903608549,0.41231448769135326,0.5684072221086467
AOI-0039,2024-07-15,0.3437520906,0.2657057233913533,0.4217984578086467
AOI-0039,2024-07-21,0.338021254,0.2599748867913533,0.4160676212086467
AOI-0039,2024-08-21,0.3194826652,0.2414362979913533,0.39752903240864673
AOI-0039,2024-08-31,0.29706916,0.21902279279135328,0.3751155272086467
AOI-0039,2024-09-13,0.2871215775,0.2090752102913533,0.3651679447086467
AOI-0039,2024-09-18,0.2849339949,0.20688762769135327,0.3629803621086467
AOI-0039,2024-10-30,0.2257297274,0.14768336019135328,0.30377609460864674
AOI-0042,2010-06-04,0.1791990199,0.10115265269135329,0.25724538710864675
AOI-0042,2010-06-05,0.1875809294,0.1095345621913533,0.2656272966086467
AOI-0042,2010-07-15,0.1491376766,0.07109130939135327,0.2271840438086467
AOI-0042,2010-08-15,0.1306090426,0.052562675391353286,0.20865540980864672
AOI-0042,2010-08-31,0.1525596586,0.07451329139135329,0.23060602580864673
AOI-0042,2010-10-16,0.2218422543,0.1437958870913533,0.2998886215086467
AOI-0042,2011-05-14,0.5920834044,0.5140370371913532,0.6701297716086467
AOI-0042,2011-05-30,0.7213233614,0.6432769941913532,0.7993697286086467
AOI-0042,2011-07-02,0.2238278598,0.14578149259135328,0.30187422700864674
AOI-0042,2011-07-28,0.2371062109,0.1590598436913533,0.3151525781086467
AOI-0042,2011-08-13,0.2418066633,0.16376029609135329,0.3198530305086467
AOI-0042,2011-08-29,0.2562064107,0.17816004349135328,0.3342527779086467
AOI-0042,2011-09-27,0.2512344172,0.1731880499913533,0.3292807844086467
AOI-0042,2011-10-16,0.3770575866,0.2990112193913533,0.4551039538086467
AOI-0042,2012-06-25,0.1958064074,0.11776004019135328,0.2738527746086467
AOI-0042,2012-07-20,0.2362742083,0.1582278410913533,0.3143205755086467
AOI-0042,2012-08-28,0.2340244103,0.1559780430913533,0.31207077750864676
AOI-0042,2013-04-26,0.217078652,0.1390322847913533,0.29512501920864675
AOI-0042,2013-05-11,0.2102861039,0.13223973669135328,0.2883324711086467
AOI-0042,2013-06-13,0.4013442257,0.3232978584913533,0.4793905929086467
AOI-0042,2013-09-08,0.2692340565,0.19118768929135327,0.3472804237086467
AOI-0042,2014-04-05,0.2131223185,0.13507595129135327,0.29116868570864674
AOI-0042,2014-06-16,0.2702366777,0.19219031049135327,0.3482830449086467
AOI-0042,2014-10-16,0.1715879307,0.09354156349135329,0.24963429790864672
AOI-0042,2015-07-13,0.1902563813,0.11221001409135328,0.2683027485086467
AOI-0042,2015-08-29,0.2032979331,0.12525156589135328,0.2813443003086467
AOI-0042,2015-09-06,0.1559344314,0.07788806419135327,0.2339807986086467
AOI-0042,2015-09-23,0.2100979689,0.13205160169135327,0.2881443361086467
AOI-0042,2015-10-16,0.2300758523,0.15202948509135328,0.3081222195086467
AOI-0042,2016-06-21,0.2604550511,0.18240868389135328,0.3385014183086467
AOI-0042,2016-07-15,0.1522865209,0.07424015369135328,0.23033288810864672
AOI-0042,2016-08-16,0.1797918719,0.1017455046913533,0.2578382391086467
AOI-0042,2017-04-13,0.1920082839,0.11396191669135328,0.2700546511086467
AOI-0042,2017-04-28,0.1904537134,0.11240734619135329,0.2685000806086467
AOI-0042,2017-05-07,0.215761441,0.13771507379135328,0.2938078082086467
AOI-0042,2017-05-23,0.2284505066,0.15040413939135328,0.3064968738086467
AOI-0042,2017-06-07,0.1818156863,0.10376931909135328,0.2598620535086467
AOI-0042,2017-06-08,0.2033340872,0.1252877199913533,0.28138045440864673
AOI-0042,2017-07-25,0.1551710175,0.07712465029135329,0.23321738470864672
AOI-0042,2017-07-26,0.1959333098,0.1178869425913533,0.2739796770086467
AOI-0042,2017-08-03,0.1436877111,0.06564134389135329,0.22173407830864672
AOI-0042,2017-08-06,0.1345767391,0.05653037189135329,0.21262310630864673
AOI-0042,2017-08-13,0.1754211064,0.09737473919135328,0.25346747360864674
AOI-0042,2017-08-19,0.1424211095,0.06437474229135329,0.22046747670864672
AOI-0042,2017-08-26,0.1494598027,0.07141343549135329,0.22750616990864672
AOI-0042,2017-10-05,0.2358388625,0.15779249529135328,0.31388522970864674
AOI-0042,2018-05-05,0.6185406175,0.5404942502913532,0.6965869847086468
AOI-0042,2018-05-25,0.5868814901,0.5088351228913532,0.6649278573086468
AOI-0042,2018-06-12,0.2895024182,0.21145605099135328,0.3675487854086467
AOI-0042,2018-08-21,0.2084819316,0.1304355643913533,0.2865282988086467
AOI-0042,2018-10-01,0.2314279464,0.15338157919135328,0.30947431360864674
AOI-0042,2019-04-10,0.1682855894,0.09023922219135327,0.2463319566086467
AOI-0042,2019-04-27,0.2290923586,0.15104599139135327,0.3071387258086467
AOI-0042,2019-06-21,0.1848870451,0.10684067789135329,0.26293341230864675
AOI-0042,2019-06-22,0.1379622266,0.05991585939135327,0.2160085938086467
AOI-0042,2019-08-03,0.1382641179,0.060217750691353295,0.21631048510864673
AOI-0042,2019-08-16,0.1424896203,0.06444325309135329,0.22053598750864672
AOI-0042,2019-08-26,0.1336579699,0.05561160269135329,0.21170433710864672
AOI-0042,2019-09-02,0.1466190101,0.06857264289135329,0.22466537730864672
AOI-0042,2019-09-10,0.1428767177,0.06483035049135327,0.2209230849086467
AOI-0042,2019-09-22,0.1135029844,0.03545661719135329,0.19154935160864672
AOI-0042,2019-10-19,0.5579391829,0.4798928156913533,0.6359855501086467
AOI-0042,2019-10-20,0.4566524685,0.3786061012913533,0.5346988357086467
AOI-0042,2019-10-28,0.5207529135,0.44270654629135325,0.5987992807086466
AOI-0042,2020-04-06,0.727090958,0.6490445907913533,0.8051373252086467
AOI-0042,2020-05-04,0.6824055562,0.6043591889913533,0.7604519234086466
AOI-0042,2020-07-03,0.148206578,0.07016021079135329,0.22625294520864672
AOI-0042,2020-07-25,0.1732575994,0.09521123219135327,0.25130396660864673
AOI-0042,2020-08-27,0.120014976,0.04196860879135328,0.1980613432086467
AOI-0042,2020-09-29,0.1272067818,0.049160414591353285,0.20525314900864672
AOI-0042,2021-04-07,0.1880266224,0.1099802551913533,0.2660729896086467
AOI-0042,2021-04-12,0.1189128881,0.040866520891353286,0.19695925530864672
AOI-0042,2021-05-17,0.166018465,0.08797209779135329,0.24406483220864672
AOI-0042,2021-06-23,0.1501658403,0.07211947309135328,0.2282122075086467
AOI-0042,2021-07-01,0.1249881768,0.04694180959135329,0.20303454400864673
AOI-0042,2021-07-11,0.1363526809,0.05830631369135328,0.2143990481086467
AOI-0042,2021-07-13,0.1340061666,0.05595979939135329,0.21205253380864672
AOI-0042,2021-07-21,0.1239368405,0.04589047329135329,0.20198320770864672
AOI-0042,2021-07-28,0.1529989977,0.07495263049135328,0.23104536490864672
AOI-0042,2021-07-31,0.1345482859,0.05650191869135329,0.21259465310864673
AOI-0042,2021-08-17,0.1361923923,0.058146025091353276,0.2142387595086467
AOI-0042,2021-09-14,0.1427792839,0.06473291669135328,0.22082565110864671
AOI-0042,2022-04-12,0.5772669833,0.4992206160913533,0.6553133505086468
AOI-0042,2022-04-27,0.7267109417,0.6486645744913533,0.8047573089086466
AOI-0042,2022-05-09,0.7899838866,0.7119375193913533,0.8680302538086466
AOI-0042,2022-05-14,0.7709011534,0.6928547861913532,0.8489475206086468
AOI-0042,2022-05-25,0.7611708323,0.6831244650913533,0.8392171995086468
AOI-0042,2022-06-05,0.7751700089,0.6971236416913533,0.8532163761086466
AOI-0042,2022-06-21,0.2658262321,0.1877798648913533,0.3438725993086467
AOI-0042,2022-07-24,0.157101287,0.07905491979135329,0.23514765420864672
AOI-0042,2022-08-10,0.1377521808,0.059705813591353296,0.21579854800864673
AOI-0042,2022-08-17,0.1167606471,0.03871427989135329,0.19480701430864672
AOI-0042,2022-09-14,0.2058357386,0.1277893713913533,0.2838821058086467
AOI-0042,2022-10-19,0.1561907821,0.07814441489135329,0.23423714930864672
AOI-0042,2023-04-23,0.3431504089,0.26510404169135326,0.4211967761086467
AOI-0042,2023-05-02,0.167873515,0.08982714779135328,0.24591988220864672
AOI-0042,2023-05-19,0.173563152,0.09551678479135328,0.2516095192086467
AOI-0042,2023-06-08,0.1600825013,0.0820361340913533,0.23812886850864673
AOI-0042,2023-06-10,0.3347630483,0.25671668109135326,0.4128094155086467
AOI-0042,2023-06-21,0.1387892756,0.060742908391353295,0.21683564280864673
AOI-0042,2023-06-23,0.1549964028,0.07695003559135327,0.2330427700086467
AOI-0042,2023-06-26,0.1496512388,0.07160487159135329,0.22769760600864672
AOI-0042,2023-07-03,0.1398191851,0.06177281789135328,0.2178655523086467
AOI-0042,2023-07-06,0.1381947485,0.060148381291353276,0.2162411157086467
AOI-0042,2023-07-28,0.2143354161,0.1362890488913533,0.2923817833086467
AOI-0042,2023-08-07,0.127335701,0.04928933379135328,0.2053820682086467
AOI-0042,2023-08-08,0.161913869,0.08386750179135327,0.2399602362086467
AOI-0042,2023-08-15,0.1350612591,0.05701489189135328,0.2131076263086467
AOI-0042,2023-08-20,0.1367262955,0.058679928291353295,0.21477266270864673
AOI-0042,2023-09-01,0.1380141103,0.059967743091353276,0.2160604775086467
AOI-0042,2023-10-01,0.1377879059,0.05974153869135329,0.21583427310864672
AOI-0042,2023-10-09,0.1683795042,0.09033313699135329,0.24642587140864672
AOI-0042,2023-10-30,0.4039766126,0.3259302453913533,0.4820229798086467
AOI-0042,2024-05-17,0.78957928,0.7115329127913532,0.8676256472086468
AOI-0042,2024-05-23,0.7390260113,0.6609796440913533,0.8170723785086467
AOI-0042,2024-06-11,0.3616824386,0.2836360713913533,0.4397288058086467
AOI-0042,2024-06-18,0.2875429964,0.20949662919135326,0.3655893636086467
AOI-0042,2024-06-19,0.2803494676,0.2023031003913533,0.35839583480864673
AOI-0042,2024-07-02,0.1653609826,0.0873146153913533,0.24340734980864673
AOI-0042,2024-07-20,0.1257506293,0.04770426209135328,0.20379699650864672
AOI-0042,2024-07-29,0.1860183705,0.10797200329135329,0.2640647377086467
AOI-0042,2024-07-30,0.1192563936,0.04121002639135328,0.19730276080864673
AOI-0042,2024-08-12,0.1669437263,0.0888973590913533,0.24499009350864673
AOI-0042,2024-08-13,0.1572119381,0.07916557089135329,0.23525830530864672
AOI-0042,2024-08-16,0.1271558159,0.04910944869135328,0.2052021831086467
AOI-0042,2024-08-19,0.1183423083,0.04029594109135329,0.19638867550864672
AOI-0042,2024-08-21,0.1294973677,0.05145100049135329,0.20754373490864672
AOI-0042,2024-08-31,0.1268673898,0.04882102259135329,0.20491375700864672
AOI-0042,2024-09-15,0.1345727237,0.05652635649135329,0.21261909090864672
AOI-0042,2024-09-23,0.1395113726,0.06146500539135327,0.2175577398086467
AOI-0042,2024-09-25,0.1347218727,0.05667550549135328,0.2127682399086467
AOI-0042,2024-09-30,0.134700273,0.05665390579135329,0.21274664020864673
AOI-0042,2024-10-01,0.1542852661,0.0762388988913533,0.23233163330864673
AOI-0042,2024-10-13,0.1050565294,0.027010162191353285,0.1831028966086467
AOI-0042,2024-10-30,0.1261293223,0.0480829550913533,0.20417568950864673
AOI-0047,2010-04-24,0.1570707811,0.07902441389135328,0.23511714830864672
AOI-0047,2010-05-09,0.3495682258,0.2715218585913533,0.42761459300864674
AOI-0047,2010-06-26,0.7959975822,0.7179512149913534,0.8740439494086467
AOI-0047,2010-07-21,0.7227998945,0.6447535272913534,0.8008462617086467
AOI-0047,2010-07-28,0.6302485342,0.5522021669913533,0.7082949014086468
AOI-0047,2011-05-25,0.6697732008,0.5917268335913533,0.7478195680086468
AOI-0047,2011-07-16,0.3143768414,0.23633047419135328,0.3924232086086467
AOI-0047,2011-08-13,0.2728984457,0.19485207849135328,0.3509448129086467
AOI-0047,2011-08-29,0.2785427075,0.20049634029135327,0.3565890747086467
AOI-0047,2012-07-02,0.4151028715,0.3370565042913533,0.49314923870864674
AOI-0047,2012-07-18,0.3472114252,0.26916505799135326,0.4252577924086467
AOI-0047,2012-09-29,0.225677385,0.1476310177913533,0.3037237522086467
AOI-0047,2013-06-11,0.2231835777,0.14513721049135328,0.30122994490864674
AOI-0047,2013-07-21,0.2965712732,0.21852490599135327,0.3746176404086467
AOI-0047,2014-06-30,0.277980616,0.1999342487913533,0.35602698320864673
AOI-0047,2014-07-12,0.2840671729,0.20602080569135328,0.3621135401086467
AOI-0047,2014-07-16,0.2384087968,0.16036242959135327,0.3164551640086467
AOI-0047,2015-06-01,0.8103820052,0.7323356379913533,0.8884283724086468
AOI-0047,2015-07-11,0.3422443438,0.2641979765913533,0.42029071100864673
AOI-0047,2015-09-14,0.2582751763,0.1802288090913533,0.33632154350864674
AOI-0047,2016-06-25,0.7507740534,0.6727276861913534,0.8288204206086467
AOI-0047,2016-08-28,0.4192106745,0.3411643072913533,0.4972570417086467
AOI-0047,2016-09-13,0.3393633055,0.2613169382913533,0.4174096727086467
AOI-0047,2016-10-09,0.2580302795,0.1799839122913533,0.33607664670864673
AOI-0047,2017-04-03,0.2060953993,0.1280490320913533,0.28414176650864675
AOI-0047,2017-04-07,0.3690525217,0.2910061544913533,0.44709888890864674
AOI-0047,2017-04-28,0.3335092348,0.2554628675913533,0.4115556020086467
AOI-0047,2017-07-28,0.2471854895,0.16913912229135328,0.32523185670864674
AOI-0047,2018-05-09,0.3345175082,0.25647114099135326,0.4125638754086467
AOI-0047,2018-06-09,0.2451343771,0.16708800989135328,0.32318074430864674
AOI-0047,2018-06-10,0.261306236,0.1832598687913533,0.33935260320864674
AOI-0047,2018-06-15,0.1788641024,0.10081773519135329,0.2569104696086467
AOI-0047,2018-07-02,0.1402569406,0.062210573391353274,0.2183033078086467
AOI-0047,2018-07-28,0.309109643,0.23106327579135327,0.3871560102086467
AOI-0047,2018-09-29,0.2141824643,0.13613609709135327,0.2922288315086467
AOI-0047,2018-10-07,0.1868924488,0.10884608159135328,0.2649388160086467
AOI-0047,2019-05-27,0.917529363,0.8394829957913532,0.9955757302086468
AOI-0047,2019-05-28,0.8868884029,0.8088420356913533,0.9649347701086468
AOI-0047,2019-06-15,0.537427142,0.45938077479135325,0.6154735092086467
AOI-0047,2019-06-30,0.261603912,0.18355754479135328,0.3396502792086467
AOI-0047,2019-08-19,0.3367241182,0.25867775099135326,0.4147704854086467
AOI-0047,2019-08-29,0.3031345173,0.2250881500913533,0.38118088450864673
AOI-0047,2019-08-31,0.2606754871,0.18262911989135328,0.3387218543086467
AOI-0047,2019-09-14,0.3319948707,0.2539485034913533,0.4100412379086467
AOI-0047,2019-09-30,0.3271568077,0.24911044049135328,0.4052031749086467
AOI-0047,2019-10-13,0.3820556429,0.3040092756913533,0.4601020101086467
AOI-0047,2019-10-16,0.4754779322,0.3974315649913533,0.5535242994086467
AOI-0047,2020-04-06,0.2873037213,0.20925735409135326,0.3653500885086467
AOI-0047,2020-04-30,0.1899517755,0.11190540829135329,0.26799814270864675
AOI-0047,2020-06-04,0.2681063508,0.1900599835913533,0.3461527180086467
AOI-0047,2020-06-16,0.1875402064,0.10949383919135328,0.2655865736086467
AOI-0047,2020-07-16,0.114041173,0.03599480579135328,0.1920875402086467
AOI-0047,2020-08-03,0.147148077,0.06910170979135327,0.2251944442086467
AOI-0047,2020-08-08,0.1464687279,0.0684223606913533,0.22451509510864673
AOI-0047,2020-10-05,0.1411321141,0.0630857468913533,0.21917848130864673
AOI-0047,2020-10-20,0.2186204204,0.14057405319135327,0.29666678760864673
AOI-0047,2020-10-22,0.1322853423,0.05423897509135328,0.2103317095086467
AOI-0047,2021-05-16,0.8605135079,0.7824671406913533,0.9385598751086468
AOI-0047,2021-05-17,0.7734499234,0.6954035561913532,0.8514962906086467
AOI-0047,2021-05-20,0.8371602763,0.7591139090913532,0.9152066435086468
AOI-0047,2021-06-09,0.8205106408,0.7424642735913534,0.8985570080086467
AOI-0047,2021-07-11,0.2661126557,0.18806628849135326,0.3441590229086467
AOI-0047,2021-07-19,0.2041475026,0.1261011353913533,0.2821938698086467
AOI-0047,2021-08-30,0.2229338576,0.1448874903913533,0.3009802248086467
AOI-0047,2021-09-02,0.2295106316,0.15146426439135327,0.30755699880864673
AOI-0047,2021-09-07,0.3614223505,0.2833759832913533,0.4394687177086467
AOI-0047,2021-10-16,0.6627703396,0.5847239723913533,0.7408167068086466
AOI-0047,2022-04-05,0.2173390344,0.13929266719135328,0.2953854016086467
AOI-0047,2022-04-10,0.2983811167,0.2203347494913533,0.3764274839086467
AOI-0047,2022-05-30,0.2127691066,0.1347227393913533,0.2908154738086467
AOI-0047,2022-06-04,0.2228091292,0.1447627619913533,0.3008554964086467
AOI-0047,2022-06-08,0.201799075,0.12375270779135328,0.2798454422086467
AOI-0047,2022-06-11,0.1556532536,0.0776068863913533,0.23369962080864673
AOI-0047,2022-06-19,0.1741699369,0.09612356969135327,0.2522163041086467
AOI-0047,2022-06-21,0.1745431162,0.09649674899135327,0.25258948340864673
AOI-0047,2022-07-14,0.1585065034,0.08046013619135328,0.23655287060864671
AOI-0047,2022-07-30,0.1901223036,0.11207593639135327,0.2681686708086467
AOI-0047,2022-08-07,0.1751714995,0.09712513229135328,0.2532178667086467
AOI-0047,2022-08-08,0.1663031799,0.08825681269135327,0.2443495471086467
AOI-0047,2022-08-10,0.1576738864,0.07962751919135327,0.2357202536086467
AOI-0047,2022-08-13,0.2370445981,0.1589982308913533,0.3150909653086467
AOI-0047,2022-08-30,0.1564809869,0.07843461969135329,0.23452735410864672
AOI-0047,2022-09-01,0.1609684385,0.08292207129135329,0.23901480570864672
AOI-0047,2022-10-18,0.2994835396,0.2214371723913533,0.37752990680864673
AOI-0047,2023-06-16,0.7416067146,0.6635603473913534,0.8196530818086467
AOI-0047,2023-07-17,0.2510185393,0.1729721720913533,0.3290649065086467
AOI-0047,2023-07-25,0.2458846235,0.1678382562913533,0.3239309907086467
AOI-0047,2023-07-26,0.1795426807,0.1014963134913533,0.25758904790864673
AOI-0047,2023-08-05,0.1718646604,0.09381829319135329,0.24991102760864672
AOI-0047,2023-08-15,0.1647301085,0.08668374129135328,0.24277647570864672
AOI-0047,2023-09-17,0.1676740031,0.08962763589135328,0.2457203703086467
AOI-0047,2023-09-22,0.1669907359,0.08894436869135328,0.2450371031086467
AOI-0047,2023-09-27,0.1838424146,0.10579604739135329,0.2618887818086467
AOI-0047,2023-10-04,0.1569902733,0.0789439060913533,0.23503664050864673
AOI-0047,2023-10-22,0.1903612177,0.11231485049135329,0.2684075849086467
AOI-0047,2024-04-29,0.2671566409,0.1891102736913533,0.34520300810864674
AOI-0047,2024-05-04,0.2536193214,0.17557295419135327,0.3316656886086467
AOI-0047,2024-05-24,0.2557954536,0.17774908639135328,0.3338418208086467
AOI-0047,2024-06-10,0.254285682,0.1762393147913533,0.33233204920864673
AOI-0047,2024-06-25,0.2656931333,0.18764676609135328,0.3437395005086467
AOI-0047,2024-07-30,0.2448294274,0.16678306019135328,0.3228757946086467
AOI-0047,2024-09-11,0.1784821161,0.10043574889135329,0.25652848330864675
AOI-0047,2024-10-08,0.1374610922,0.05941472499135328,0.2155074594086467
AOI-0047,2024-10-13,0.1354191388,0.05737277159135329,0.21346550600864672
AOI-0047,2024-10-15,0.2358583499,0.1578119826913533,0.31390471710864676
AOI-0049,2010-08-04,0.4966213607,0.4185749934913533,0.5746677279086467
AOI-0049,2010-08-28,0.211554671,0.13350830379135328,0.2896010382086467
AOI-0049,2010-09-05,0.1703781019,0.09233173469135328,0.2484244691086467
AOI-0049,2010-09-30,0.2869654843,0.2089191170913533,0.36501185150864673
AOI-0049,2011-04-26,0.5579756159,0.4799292486913533,0.6360219831086467
AOI-0049,2011-05-25,0.8323211978,0.7542748305913534,0.9103675650086467
AOI-0049,2011-05-27,0.8540389661,0.7759925988913532,0.9320853333086467
AOI-0049,2011-06-12,0.7406688735,0.6626225062913533,0.8187152407086467
AOI-0049,2011-07-12,0.39211334,0.31406697279135326,0.4701597072086467
AOI-0049,2011-09-08,0.1924663109,0.11441994369135328,0.2705126781086467
AOI-0049,2011-09-24,0.1857847246,0.10773835739135329,0.2638310918086467
AOI-0049,2011-10-11,0.2372858257,0.1592394584913533,0.3153321929086467
AOI-0049,2011-10-27,0.3114358415,0.23338947429135326,0.3894822087086467
AOI-0049,2012-05-06,0.2138451368,0.13579876959135329,0.2918915040086467
AOI-0049,2012-05-08,0.3846835074,0.3066371401913533,0.46272987460864673
AOI-0049,2012-09-18,0.2329340382,0.15488767099135328,0.3109804054086467
AOI-0049,2012-10-15,0.3255767964,0.24753042919135326,0.4036231636086467
AOI-0049,2013-05-25,0.4265673702,0.3485210029913533,0.5046137374086468
AOI-0049,2013-06-17,0.537415739,0.45936937179135323,0.6154621062086467
AOI-0049,2013-07-11,0.7558286799,0.6777823126913534,0.8338750471086467
AOI-0049,2013-08-05,0.734129479,0.6560831117913533,0.8121758462086468
AOI-0049,2013-08-20,0.3942903255,0.31624395829135327,0.4723366927086467
AOI-0049,2013-09-30,0.262627252,0.18458088479135326,0.3406736192086467
AOI-0049,2013-10-24,0.2330334594,0.1549870921913533,0.31107982660864675
AOI-0049,2014-04-18,0.7520263225,0.6739799552913532,0.8300726897086468
AOI-0049,2014-05-09,0.8386636455,0.7606172782913534,0.9167100127086467
AOI-0049,2014-07-12,0.3257646713,0.24771830409135326,0.4038110385086467
AOI-0049,2014-09-16,0.2389193471,0.1608729798913533,0.31696571430864673
AOI-0049,2015-04-13,0.2143806681,0.1363343008913533,0.2924270353086467
AOI-0049,2015-05-22,0.2884232858,0.21037691859135327,0.3664696530086467
AOI-0049,2015-07-12,0.7597465867,0.6817002194913533,0.8377929539086466
AOI-0049,2015-07-25,0.7773762845,0.6993299172913532,0.8554226517086467
AOI-0049,2015-07-28,0.6484438393,0.5703974720913534,0.7264902065086467
AOI-0049,2015-09-30,0.2074482089,0.12940184169135327,0.2854945761086467
AOI-0049,2015-10-30,0.1876750023,0.10962863509135329,0.2657213695086467
AOI-0049,2016-04-22,0.8686858175,0.7906394502913532,0.9467321847086467
AOI-0049,2016-08-28,0.2279772075,0.14993084029135328,0.3060235747086467
AOI-0049,2016-09-14,0.2761101285,0.19806376129135328,0.3541564957086467
AOI-0049,2016-09-29,0.5877768484,0.5097304811913532,0.6658232156086468
AOI-0049,2017-06-21,0.8187858512,0.7407394839913533,0.8968322184086468
AOI-0049,2017-07-14,0.7787950099,0.7007486426913532,0.8568413771086467
AOI-0049,2017-08-13,0.4136332591,0.33558689189135327,0.4916796263086467
AOI-0049,2017-09-13,0.2551790319,0.1771326646913533,0.33322539910864674
AOI-0049,2017-09-17,0.2810019013,0.2029555340913533,0.35904826850864674
AOI-0049,2018-05-09,0.820978056,0.7429316887913533,0.8990244232086466
AOI-0049,2018-06-16,0.3217604749,0.24371410769135327,0.3998068421086467
AOI-0049,2018-06-24,0.2257049344,0.14765856719135328,0.3037513016086467
AOI-0049,2018-07-10,0.1622468081,0.08420044089135328,0.24029317530864672
AOI-0049,2018-08-02,0.1508612924,0.0728149251913533,0.22890765960864673
AOI-0049,2018-08-10,0.1571746636,0.07912829639135327,0.2352210308086467
AOI-0049,2018-08-27,0.1470896609,0.06904329369135329,0.22513602810864672
AOI-0049,2018-09-18,0.1428675423,0.0648211750913533,0.22091390950864673
AOI-0049,2018-10-06,0.2072087777,0.1291624104913533,0.28525514490864673
AOI-0049,2019-04-21,0.2152784806,0.13723211339135327,0.2933248478086467
AOI-0049,2019-07-12,0.6891183566,0.6110719893913532,0.7671647238086468
AOI-0049,2019-09-03,0.2592862118,0.18123984459135328,0.3373325790086467
AOI-0049,2019-09-23,0.1582280057,0.08018163849135329,0.23627437290864672
AOI-0049,2020-04-02,0.5578920718,0.4798457045913533,0.6359384390086467
AOI-0049,2020-04-18,0.6417631107,0.5637167434913533,0.7198094779086468
AOI-0049,2020-04-25,0.7217731603,0.6437267930913533,0.7998195275086468
AOI-0049,2020-04-26,0.716236514,0.6381901467913533,0.7942828812086467
AOI-0049,2020-05-11,0.8289393209,0.7508929536913533,0.9069856881086467
AOI-0049,2020-05-28,0.8195542478,0.7415078805913533,0.8976006150086466
AOI-0049,2020-06-05,0.8389856169,0.7609392496913532,0.9170319841086467
AOI-0049,2020-07-15,0.2053757575,0.1273293902913533,0.2834221247086467
AOI-0049,2020-07-31,0.1546394669,0.07659309969135328,0.2326858341086467
AOI-0049,2020-08-13,0.1241251385,0.04607877129135328,0.20217150570864673
AOI-0049,2020-08-15,0.1777928597,0.09974649249135328,0.2558392269086467
AOI-0049,2020-08-31,0.1838489046,0.10580253739135329,0.2618952718086467
AOI-0049,2020-09-02,0.154779901,0.07673353379135328,0.23282626820864671
AOI-0049,2020-09-13,0.2314847817,0.1534384144913533,0.30953114890864675
AOI-0049,2020-09-27,0.1448550456,0.0668086783913533,0.22290141280864673
AOI-0049,2020-10-07,0.1506126358,0.07256626859135329,0.22865900300864672
AOI-0049,2021-04-23,0.4252093642,0.3471629969913533,0.5032557314086468
AOI-0049,2021-06-09,0.5621321716,0.48408580439135324,0.6401785388086467
AOI-0049,2021-07-18,0.7617328182,0.6836864509913534,0.8397791854086467
AOI-0049,2021-07-19,0.8203501263,0.7423037590913533,0.8983964935086468
AOI-0049,2021-07-24,0.8208730543,0.7428266870913534,0.8989194215086467
AOI-0049,2021-08-08,0.6876551887,0.6096088214913533,0.7657015559086466
AOI-0049,2021-09-27,0.1864749978,0.10842863059135327,0.2645213650086467
AOI-0049,2021-09-28,0.2608520813,0.18280571409135327,0.3388984485086467
AOI-0049,2022-06-24,0.3446913834,0.2666450161913533,0.4227377506086467
AOI-0049,2022-07-13,0.2336969086,0.1556505413913533,0.3117432758086467
AOI-0049,2022-08-28,0.1348322762,0.05678590899135327,0.2128786434086467
AOI-0049,2022-08-30,0.2099463611,0.1318999938913533,0.28799272830864675
AOI-0049,2022-09-06,0.1928970312,0.1148506639913533,0.27094339840864673
AOI-0049,2022-09-14,0.2394795005,0.16143313329135328,0.3175258677086467
AOI-0049,2022-10-08,0.2181099272,0.14006355999135328,0.2961562944086467
AOI-0049,2023-06-22,0.4936134165,0.4155670492913533,0.5716597837086468
AOI-0049,2023-06-23,0.4951291445,0.4170827772913533,0.5731755117086468
AOI-0049,2023-07-15,0.2392569003,0.16121053309135328,0.3173032675086467
AOI-0049,2023-07-23,0.2759283105,0.19788194329135328,0.3539746777086467
AOI-0049,2023-08-08,0.2771436354,0.19909726819135326,0.3551900026086467
AOI-0049,2023-08-24,0.3813203854,0.3032740181913533,0.45936675260864673
AOI-0049,2023-09-12,0.235476664,0.15743029679135329,0.3135230312086467
AOI-0049,2023-09-14,0.295598868,0.2175525007913533,0.37364523520864673
AOI-0049,2023-09-22,0.2118741031,0.13382773589135327,0.2899204703086467
AOI-0049,2023-10-02,0.1932101358,0.11516376859135327,0.2712565030086467
AOI-0049,2024-06-23,0.6213134722,0.5432671049913533,0.6993598394086467
AOI-0049,2024-08-17,0.3322039853,0.2541576180913533,0.4102503525086467
AOI-0049,2024-08-28,0.2684279125,0.19038154529135326,0.3464742797086467
AOI-0049,2024-09-16,0.1603568939,0.08231052669135328,0.2384032611086467
AOI-0049,2024-09-29,0.2110540392,0.13300767199135327,0.2891004064086467
AOI-0049,2024-10-01,0.1588167959,0.08077042869135329,0.23686316310864672
AOI-0054,2010-07-19,0.7529472991,0.6749009318913533,0.8309936663086468
AOI-0054,2010-09-06,0.5934512268,0.5154048595913532,0.6714975940086467
AOI-0054,2010-09-30,0.5878764928,0.5098301255913533,0.6659228600086466
AOI-0054,2011-04-07,0.4539971764,0.37595080919135326,0.5320435436086467
AOI-0054,2011-05-09,0.7571435515,0.6790971842913534,0.8351899187086467
AOI-0054,2011-05-25,0.847795683,0.7697493157913533,0.9258420502086466
AOI-0054,2011-05-27,0.7912352329,0.7131888656913532,0.8692816001086467
AOI-0054,2011-06-10,0.7935547805,0.7155084132913532,0.8716011477086467
AOI-0054,2011-06-20,0.7408038331,0.6627574658913533,0.8188502003086466
AOI-0054,2011-08-23,0.7037750679,0.6257287006913532,0.7818214351086468
AOI-0054,2011-10-16,0.6172319761,0.5391856088913534,0.6952783433086467
AOI-0054,2012-07-09,0.7733965907,0.6953502234913533,0.8514429579086467
AOI-0054,2012-07-16,0.7225820214,0.6445356541913534,0.8006283886086467
AOI-0054,2012-08-26,0.6506107387,0.5725643714913533,0.7286571059086466
AOI-0054,2012-09-29,0.6465189223,0.5684725550913532,0.7245652895086467
AOI-0054,2012-10-20,0.6163395101,0.5382931428913533,0.6943858773086466
AOI-0054,2013-08-21,0.7236918585,0.6456454912913532,0.8017382257086467
AOI-0054,2014-04-07,0.5793334009,0.5012870336913533,0.6573797681086466
AOI-0054,2014-05-09,0.8277537179,0.7497073506913532,0.9058000851086467
AOI-0054,2014-06-28,0.7733618109,0.6953154436913533,0.8514081781086467
AOI-0054,2014-07-28,0.7003316379,0.6222852706913533,0.7783780051086466
AOI-0054,2014-08-07,0.6858317026,0.6077853353913534,0.7638780698086467
AOI-0054,2014-08-08,0.7282178115,0.6501714442913533,0.8062641787086466
AOI-0054,2014-08-13,0.6536476766,0.5756013093913532,0.7316940438086468
AOI-0054,2014-08-15,0.6909790381,0.6129326708913534,0.7690254053086467
AOI-0054,2014-10-11,0.5899011412,0.5118547739913533,0.6679475084086468
AOI-0054,2015-07-25,0.7461447648,0.6680983975913533,0.8241911320086468
AOI-0054,2015-08-26,0.7000428215,0.6219964542913532,0.7780891887086467
AOI-0054,2015-08-27,0.7551627134,0.6771163461913532,0.8332090806086467
AOI-0054,2015-08-29,0.6445776047,0.5665312374913534,0.7226239719086467
AOI-0054,2015-09-20,0.6151128084,0.5370664411913533,0.6931591756086468
AOI-0054,2015-10-06,0.5100035029,0.43195713569135324,0.5880498701086467
AOI-0054,2016-04-30,0.7418561132,0.6638097459913532,0.8199024804086468
AOI-0054,2016-07-03,0.8074790598,0.7294326925913532,0.8855254270086468
AOI-0054,2016-08-29,0.761222555,0.6831761877913534,0.8392689222086467
AOI-0054,2016-09-29,0.6898858351,0.6118394678913532,0.7679322023086468
AOI-0054,2017-05-03,0.7429819362,0.6649355689913532,0.8210283034086467
AOI-0054,2017-05-11,0.7909627071,0.7129163398913534,0.8690090743086467
AOI-0054,2017-05-19,0.8337775056,0.7557311383913532,0.9118238728086467
AOI-0054,2017-05-27,0.8080472461,0.7300008788913532,0.8860936133086468
AOI-0054,2017-06-10,0.7923590342,0.7143126669913533,0.8704054014086466
AOI-0054,2017-07-06,0.7974004791,0.7193541118913533,0.8754468463086467
AOI-0054,2017-09-01,0.5279417665,0.4498953992913533,0.6059881337086468
AOI-0054,2017-09-18,0.6956743232,0.6176279559913533,0.7737206904086467
AOI-0054,2017-09-24,0.6449320601,0.5668856928913533,0.7229784273086468
AOI-0054,2017-10-11,0.5825263828,0.5044800155913534,0.6605727500086467
AOI-0054,2018-04-04,0.3485253679,0.2704790006913533,0.4265717351086467
AOI-0054,2018-04-21,0.5339640652,0.45591769799135323,0.6120104324086466
AOI-0054,2018-04-28,0.661982418,0.5839360507913534,0.7400287852086467
AOI-0054,2018-04-29,0.7213382939,0.6432919266913533,0.7993846611086468
AOI-0054,2018-05-01,0.7262889196,0.6482425523913533,0.8043352868086466
AOI-0054,2018-05-11,0.7950305041,0.7169841368913532,0.8730768713086468
AOI-0054,2018-06-15,0.8100343121,0.7319879448913533,0.8880806793086466
AOI-0054,2018-06-16,0.7737774578,0.6957310905913532,0.8518238250086467
AOI-0054,2018-07-09,0.7267648917,0.6487185244913534,0.8048112589086467
AOI-0054,2018-09-12,0.6444247298,0.5663783625913532,0.7224710970086468
AOI-0054,2018-10-13,0.6997428982,0.6216965309913534,0.7777892654086467
AOI-0054,2018-10-29,0.6281914905,0.5501451232913532,0.7062378577086468
AOI-0054,2019-04-07,0.5604899414,0.48244357419135325,0.6385363086086466
AOI-0054,2019-05-25,0.8633062093,0.7852598420913532,0.9413525765086468
AOI-0054,2019-05-31,0.8476358214,0.7695894541913533,0.9256821886086468
AOI-0054,2019-06-15,0.8730726516,0.7950262843913534,0.9511190188086467
AOI-0054,2019-06-18,0.7973992679,0.7193529006913533,0.8754456351086468
AOI-0054,2019-06-27,0.7502106248,0.6721642575913533,0.8282569920086467
AOI-0054,2019-07-04,0.7320122551,0.6539658878913532,0.8100586223086468
AOI-0054,2019-07-05,0.7966559341,0.7186095668913532,0.8747023013086468
AOI-0054,2019-07-12,0.7570607484,0.6790143811913534,0.8351071156086467
AOI-0054,2019-07-28,0.7683920038,0.6903456365913532,0.8464383710086467
AOI-0054,2019-07-29,0.7877313267,0.7096849594913532,0.8657776939086468
AOI-0054,2019-08-14,0.8128649683,0.7348186010913533,0.8909113355086467
AOI-0054,2019-08-29,0.7420915513,0.6640451840913533,0.8201379185086468
AOI-0054,2019-08-30,0.7006880059,0.6226416386913534,0.7787343731086467
AOI-0054,2019-09-15,0.6010811199,0.5230347526913532,0.6791274871086468
AOI-0054,2019-10-09,0.6872871172,0.6092407499913532,0.7653334844086468
AOI-0054,2020-04-02,0.4814193677,0.4033730004913533,0.5594657349086467
AOI-0054,2020-04-09,0.4806140544,0.4025676871913533,0.5586604216086467
AOI-0054,2020-04-10,0.476642691,0.3985963237913533,0.5546890582086468
AOI-0054,2020-04-22,0.6546075092,0.5765611419913532,0.7326538764086468
AOI-0054,2020-04-30,0.6744241453,0.5963777780913533,0.7524705125086468
AOI-0054,2020-05-11,0.7808922915,0.7028459242913532,0.8589386587086467
AOI-0054,2020-05-30,0.799963928,0.7219175607913533,0.8780102952086468
AOI-0054,2020-06-28,0.7804971002,0.7024507329913532,0.8585434674086467
AOI-0054,2020-08-03,0.7190526566,0.6410062893913533,0.7970990238086466
AOI-0054,2020-09-07,0.7278504724,0.6498041051913532,0.8058968396086468
AOI-0054,2020-09-09,0.7540877975,0.6760414302913533,0.8321341647086467
AOI-0054,2020-10-17,0.4307338223,0.3526874550913533,0.5087801895086468
AOI-0054,2020-10-27,0.4782919786,0.4002456113913533,0.5563383458086467
AOI-0054,2021-04-29,0.6784206048,0.6003742375913532,0.7564669720086468
AOI-0054,2021-05-09,0.8150302394,0.7369838721913533,0.8930766066086466
AOI-0054,2021-05-20,0.7123909072,0.6343445399913532,0.7904372744086468
AOI-0054,2021-06-16,0.8215187162,0.7434723489913533,0.8995650834086468
AOI-0054,2021-07-02,0.8002932725,0.7222469052913534,0.8783396397086467
AOI-0054,2021-07-18,0.7486820762,0.6706357089913533,0.8267284434086468
AOI-0054,2021-07-24,0.8095770968,0.7315307295913533,0.8876234640086467
AOI-0054,2021-09-07,0.7957325541,0.7176861868913533,0.8737789213086466
AOI-0054,2021-10-16,0.5760714117,0.49802504449135326,0.6541177789086468
AOI-0054,2021-10-22,0.5918024466,0.5137560793913534,0.6698488138086467
AOI-0054,2021-10-30,0.6084352058,0.5303888385913533,0.6864815730086467
AOI-0054,2022-06-03,0.8699974414,0.7919510741913534,0.9480438086086467
AOI-0054,2022-06-10,0.8189581926,0.7409118253913534,0.8970045598086467
AOI-0054,2022-06-26,0.7680757226,0.6900293553913532,0.8461220898086468
AOI-0054,2022-07-12,0.7321260724,0.6540797051913534,0.8101724396086467
AOI-0054,2022-07-29,0.7839627121,0.7059163448913532,0.8620090793086468
AOI-0054,2022-08-06,0.7762789186,0.6982325513913532,0.8543252858086468
AOI-0054,2022-08-18,0.7043586305,0.6263122632913534,0.7824049977086467
AOI-0054,2022-08-29,0.6251986989,0.5471523316913534,0.7032450661086467
AOI-0054,2023-04-07,0.7074683619,0.6294219946913533,0.7855147291086466
AOI-0054,2023-04-23,0.7811185524,0.7030721851913533,0.8591649196086468
AOI-0054,2023-05-28,0.773040348,0.6949939807913532,0.8510867152086468
AOI-0054,2023-06-10,0.771164147,0.6931177797913533,0.8492105142086468
AOI-0054,2023-06-22,0.8169440521,0.7388976848913533,0.8949904193086466
AOI-0054,2023-07-07,0.7366016583,0.6585552910913532,0.8146480255086468
AOI-0054,2023-09-07,0.68202278,0.6039764127913534,0.7600691472086467
AOI-0054,2023-10-11,0.6938378168,0.6157914495913532,0.7718841840086468
AOI-0054,2024-04-04,0.5427652293,0.4647188620913533,0.6208115965086467
AOI-0054,2024-05-07,0.8302491001,0.7522027328913532,0.9082954673086467
AOI-0054,2024-05-08,0.8212397675,0.7431934002913534,0.8992861347086467
AOI-0054,2024-05-22,0.8145649796,0.7365186123913532,0.8926113468086467
AOI-0054,2024-05-23,0.8468506404,0.7688042731913534,0.9248970076086467
AOI-0054,2024-06-24,0.7713061971,0.6932598298913533,0.8493525643086468
AOI-0054,2024-07-13,0.7939616628,0.7159152955913533,0.8720080300086468
AOI-0054,2024-07-18,0.7859935141,0.7079471468913532,0.8640398813086467
AOI-0054,2024-08-18,0.744585499,0.6665391317913534,0.8226318662086467
AOI-0054,2024-09-16,0.7091376702,0.6310913029913532,0.7871840374086467
AOI-0054,2024-09-21,0.7359821244,0.6579357571913533,0.8140284916086467
AOI-0054,2024-09-29,0.5805384354,0.5024920681913534,0.6585848026086467
AOI-0054,2024-10-05,0.6438348298,0.5657884625913532,0.7218811970086467
AOI-0054,2024-10-30,0.6252364672,0.5471900999913533,0.7032828344086468
AOI-0057,2010-04-15,0.2169645567,0.1389181894913533,0.2950109239086467
AOI-0057,2010-04-30,0.2628066904,0.18476032319135327,0.3408530576086467
AOI-0057,2010-05-01,0.2812746072,0.2032282399913533,0.35932097440864674
AOI-0057,2010-05-08,0.3363651557,0.25831878849135326,0.4144115229086467
AOI-0057,2010-06-10,0.6119574724,0.5339111051913532,0.6900038396086468
AOI-0057,2010-07-27,0.6138030462,0.5357566789913533,0.6918494134086468
AOI-0057,2010-08-05,0.5568582862,0.4788119189913533,0.6349046534086467
AOI-0057,2010-09-14,0.3734387665,0.2953923992913533,0.45148513370864674
AOI-0057,2011-05-25,0.8878943505,0.8098479832913532,0.9659407177086468
AOI-0057,2011-06-10,0.7463260798,0.6682797125913533,0.8243724470086466
AOI-0057,2011-06-13,0.7917128029,0.7136664356913534,0.8697591701086467
AOI-0057,2011-07-07,0.2799744918,0.2019281245913533,0.3580208590086467
AOI-0057,2011-08-08,0.3827903803,0.3047440130913533,0.4608367475086467
AOI-0057,2011-09-16,0.2116401833,0.1335938160913533,0.2896865505086467
AOI-0057,2011-10-11,0.2457123148,0.16766594759135328,0.3237586820086467
AOI-0057,2012-07-16,0.8214760795,0.7434297122913534,0.8995224467086467
AOI-0057,2012-09-18,0.2043383556,0.12629198839135328,0.2823847228086467
AOI-0057,2013-04-07,0.7301773399,0.6521309726913533,0.8082237071086467
AOI-0057,2013-09-14,0.3258975201,0.2478511528913533,0.4039438873086467
AOI-0057,2013-09-22,0.2355077585,0.15746139129135328,0.3135541257086467
AOI-0057,2014-04-17,0.3706940982,0.29264773099135327,0.4487404654086467
AOI-0057,2014-04-18,0.405376886,0.3273305187913533,0.4834232532086467
AOI-0057,2014-04-25,0.5052899315,0.4272435642913533,0.5833362987086468
AOI-0057,2014-05-09,0.8342313135,0.7561849462913532,0.9122776807086468
AOI-0057,2014-06-05,0.7935109171,0.7154645498913532,0.8715572843086468
AOI-0057,2014-07-15,0.2796726729,0.20162630569135326,0.3577190401086467
AOI-0057,2014-07-23,0.3032979266,0.22525155939135327,0.3813442938086467
AOI-0057,2014-08-16,0.2168004538,0.13875408659135327,0.2948468210086467
AOI-0057,2014-08-23,0.2125011352,0.13445476799135328,0.2905475024086467
AOI-0057,2014-10-02,0.2071604433,0.12911407609135328,0.2852068105086467
AOI-0057,2014-10-11,0.2291829499,0.15113658269135327,0.3072293171086467
AOI-0057,2014-10-16,0.2554378737,0.17739150649135327,0.3334842409086467
AOI-0057,2015-05-25,0.8859182724,0.8078719051913532,0.9639646396086468
AOI-0057,2015-10-30,0.2129971932,0.13495082599135327,0.2910435604086467
AOI-0057,2016-05-08,0.8787838238,0.8007374565913532,0.9568301910086467
AOI-0057,2016-06-26,0.4056671508,0.32762078359135327,0.4837135180086467
AOI-0057,2016-07-28,0.3146715835,0.2366252162913533,0.39271795070864673
AOI-0057,2016-08-12,0.4231037096,0.34505734239135327,0.5011500768086468
AOI-0057,2017-05-04,0.3148221146,0.23677574739135326,0.3928684818086467
AOI-0057,2017-05-06,0.2614173081,0.1833709408913533,0.33946367530864674
AOI-0057,2017-06-10,0.7714661239,0.6934197566913534,0.8495124911086467
AOI-0057,2017-07-30,0.780865683,0.7028193157913534,0.8589120502086467
AOI-0057,2017-08-08,0.762777135,0.6847307677913532,0.8408235022086468
AOI-0057,2017-09-01,0.4862978674,0.40825150019135326,0.5643442346086467
AOI-0057,2017-09-14,0.4028590969,0.3248127296913533,0.4809054641086467
AOI-0057,2017-09-17,0.4031955746,0.3251492073913533,0.4812419418086467
AOI-0057,2017-09-25,0.313852736,0.2358063687913533,0.39189910320864674
AOI-0057,2018-04-11,0.6900197697,0.6119734024913532,0.7680661369086468
AOI-0057,2018-05-06,0.857631636,0.7795852687913534,0.9356780032086467
AOI-0057,2018-07-18,0.1998521425,0.12180577529135328,0.2778985097086467
AOI-0057,2018-08-02,0.2122157754,0.13416940819135328,0.2902621426086467
AOI-0057,2018-08-19,0.221803606,0.14375723879135327,0.2998499732086467
AOI-0057,2018-08-26,0.2094093259,0.13136295869135328,0.2874556931086467
AOI-0057,2018-10-29,0.2283167013,0.1502703340913533,0.3063630685086467
AOI-0057,2019-04-11,0.1855473851,0.10750101789135327,0.2635937523086467
AOI-0057,2019-04-21,0.2575436151,0.1794972478913533,0.33558998230864673
AOI-0057,2019-05-01,0.3312456198,0.2531992525913533,0.4092919870086467
AOI-0057,2019-05-02,0.3935164683,0.31547010109135326,0.4715628355086467
AOI-0057,2019-05-06,0.3710371859,0.2929908186913533,0.4490835531086467
AOI-0057,2019-07-05,0.7348907145,0.6568443472913532,0.8129370817086468
AOI-0057,2019-07-20,0.5916733867,0.5136270194913533,0.6697197539086468
AOI-0057,2019-08-05,0.3296530955,0.2516067282913533,0.4076994627086467
AOI-0057,2019-08-21,0.2503624412,0.1723160739913533,0.3284088084086467
AOI-0057,2019-08-24,0.2018511884,0.12380482119135328,0.2798975556086467
AOI-0057,2019-09-23,0.0978393794,0.01979301219135328,0.1758857466086467
AOI-0057,2019-10-13,0.1663236432,0.0882772759913533,0.24437001040864673
AOI-0057,2019-10-25,0.2118516524,0.1338052851913533,0.2898980196086467
AOI-0057,2020-04-17,0.2052593823,0.12721301509135327,0.28330574950864673
AOI-0057,2020-08-15,0.1889943062,0.11094793899135327,0.2670406734086467
AOI-0057,2020-08-23,0.1450680197,0.06702165249135328,0.2231143869086467
AOI-0057,2020-09-09,0.1917740502,0.11372768299135327,0.2698204174086467
AOI-0057,2020-09-13,0.2257122824,0.14766591519135328,0.30375864960864674
AOI-0057,2020-09-25,0.1946609782,0.11661461099135328,0.2727073454086467
AOI-0057,2020-09-27,0.1341176687,0.05607130149135328,0.21216403590864671
AOI-0057,2020-09-29,0.2131593096,0.1351129423913533,0.29120567680864673
AOI-0057,2020-10-03,0.1477075734,0.06966120619135327,0.2257539406086467
AOI-0057,2021-04-15,0.5251240446,0.44707767739135323,0.6031704118086467
AOI-0057,2021-06-19,0.817333806,0.7392874387913533,0.8953801732086468
AOI-0057,2021-08-13,0.3934105849,0.3153642176913533,0.47145695210864674
AOI-0057,2021-09-04,0.3938702127,0.3158238454913533,0.4719165799086467
AOI-0057,2022-05-27,0.6128901361,0.5348437688913532,0.6909365033086468
AOI-0057,2022-06-26,0.3426460406,0.26459967339135326,0.4206924078086467
AOI-0057,2022-06-29,0.1670741082,0.08902774099135327,0.2451204754086467
AOI-0057,2022-07-09,0.1727406958,0.0946943285913533,0.2507870630086467
AOI-0057,2022-07-12,0.3086297014,0.2305833341913533,0.38667606860864673
AOI-0057,2022-07-28,0.2639199369,0.18587356969135327,0.3419663041086467
AOI-0057,2022-08-03,0.1600576102,0.08201124299135329,0.23810397740864672
AOI-0057,2022-08-13,0.1692470606,0.09120069339135328,0.24729342780864672
AOI-0057,2022-08-18,0.1617711573,0.08372479009135328,0.2398175245086467
AOI-0057,2022-09-14,0.2290612534,0.15101488619135328,0.3071076206086467
AOI-0057,2022-10-17,0.2619103776,0.1838640103913533,0.33995674480864674
AOI-0057,2023-04-26,0.8606515705,0.7826052032913533,0.9386979377086466
AOI-0057,2023-05-04,0.8961583825,0.8181120152913532,0.9742047497086468
AOI-0057,2023-06-26,0.489240925,0.4111945577913533,0.5672872922086467
AOI-0057,2023-07-12,0.4570310888,0.37898472159135327,0.5350774560086466
AOI-0057,2023-07-15,0.3710158788,0.29296951159135326,0.4490622460086467
AOI-0057,2023-08-23,0.4454743845,0.36742801729135327,0.5235207517086466
AOI-0057,2023-09-10,0.2824627237,0.20441635649135326,0.3605090909086467
AOI-0057,2024-05-04,0.366301852,0.28825548479135327,0.4443482192086467
AOI-0057,2024-05-06,0.4661587746,0.3881124073913533,0.5442051418086467
AOI-0057,2024-05-07,0.5011252605,0.42307889329135323,0.5791716277086467
AOI-0057,2024-05-22,0.6697943455,0.5917479782913533,0.7478407127086468
AOI-0057,2024-06-08,0.7603387842,0.6822924169913533,0.8383851514086467
AOI-0057,2024-06-16,0.7762325336,0.6981861663913533,0.8542789008086467
AOI-0057,2024-06-24,0.7118955493,0.6338491820913532,0.7899419165086468
AOI-0057,2024-07-18,0.4149377527,0.3368913854913533,0.4929841199086467
AOI-0057,2024-07-28,0.4031004416,0.3250540743913533,0.48114680880864674
AOI-0057,2024-09-13,0.2244898106,0.1464434433913533,0.3025361778086467
AOI-0066,2010-07-13,0.6258401063,0.5477937390913532,0.7038864735086467
AOI-0066,2011-05-25,0.8565008683,0.7784545010913533,0.9345472355086468
AOI-0066,2012-04-13,0.4493176902,0.3712713229913533,0.5273640574086467
AOI-0066,2012-07-11,0.3501478376,0.2721014703913533,0.42819420480864673
AOI-0066,2012-07-27,0.2781328365,0.20008646929135326,0.3561792037086467
AOI-0066,2012-09-20,0.2272838915,0.14923752429135329,0.3053302587086467
AOI-0066,2012-10-06,0.4053406051,0.32729423789135326,0.4833869723086467
AOI-0066,2012-10-22,0.4463886606,0.36834229339135327,0.5244350278086467
AOI-0066,2013-05-09,0.502606359,0.42455999179135323,0.5806527262086467
AOI-0066,2013-05-25,0.5870573923,0.5090110250913533,0.6651037595086466
AOI-0066,2013-06-19,0.5773804551,0.4993340878913533,0.6554268223086468
AOI-0066,2013-09-23,0.1955877118,0.11754134459135329,0.2736340790086467
AOI-0066,2013-10-09,0.2027698066,0.12472343939135327,0.2808161738086467
AOI-0066,2014-04-03,0.53984964,0.4618032727913533,0.6178960072086468
AOI-0066,2014-10-04,0.3623363989,0.2842900316913533,0.44038276610864674
AOI-0066,2015-04-06,0.7041362683,0.6260899010913532,0.7821826355086468
AOI-0066,2015-06-01,0.8503105853,0.7722642180913533,0.9283569525086468
AOI-0066,2015-07-27,0.3141448367,0.23609846949135327,0.3921912039086467
AOI-0066,2015-07-28,0.3342636875,0.2562173202913533,0.41231005470864673
AOI-0066,2015-09-29,0.2124354582,0.1343890909913533,0.29048182540864675
AOI-0066,2016-05-08,0.8510072117,0.7729608444913534,0.9290535789086467
AOI-0066,2016-06-03,0.7907308579,0.7126844906913532,0.8687772251086467
AOI-0066,2016-06-19,0.4577875467,0.3797411794913533,0.5358339139086468
AOI-0066,2016-06-27,0.2960256547,0.21797928749135326,0.3740720219086467
AOI-0066,2016-07-11,0.3648071948,0.2867608275913533,0.44285356200864673
AOI-0066,2016-08-12,0.3520915458,0.2740451785913533,0.43013791300864673
AOI-0066,2016-08-22,0.261050824,0.1830044567913533,0.33909719120864673
AOI-0066,2017-05-09,0.8787676088,0.8007212415913534,0.9568139760086467
AOI-0066,2017-06-10,0.8026290909,0.7245827236913533,0.8806754581086467
AOI-0066,2017-08-13,0.2788866756,0.2008403083913533,0.35693304280864674
AOI-0066,2017-08-21,0.1298542007,0.05180783349135329,0.20790056790864672
AOI-0066,2018-05-09,0.6136276759,0.5355813086913532,0.6916740431086468
AOI-0066,2018-06-01,0.744949038,0.6669026707913532,0.8229954052086468
AOI-0066,2018-07-02,0.809413948,0.7313675807913533,0.8874603152086467
AOI-0066,2018-09-05,0.1991643665,0.12111799929135328,0.2772107337086467
AOI-0066,2018-10-08,0.1779980725,0.09995170529135328,0.2560444397086467
AOI-0066,2018-10-13,0.2040530068,0.12600663959135328,0.2820993740086467
AOI-0066,2019-04-07,0.7055260252,0.6274796579913533,0.7835723924086466
AOI-0066,2019-04-28,0.7839390664,0.7058926991913532,0.8619854336086468
AOI-0066,2019-05-11,0.7388973529,0.6608509856913534,0.8169437201086467
AOI-0066,2019-06-20,0.3232546586,0.2452082913913533,0.40130102580864674
AOI-0066,2019-07-02,0.2045116319,0.12646526469135327,0.2825579991086467
AOI-0066,2019-07-14,0.2708199812,0.1927736139913533,0.3488663484086467
AOI-0066,2019-08-11,0.1643341273,0.08628776009135328,0.2423804945086467
AOI-0066,2019-08-29,0.1713878763,0.09334150909135328,0.2494342435086467
AOI-0066,2019-10-15,0.5460775335,0.4680311662913533,0.6241239007086468
AOI-0066,2019-10-18,0.5328368458,0.4547904785913533,0.6108832130086468
AOI-0066,2020-05-08,0.7650748888,0.6870285215913532,0.8431212560086467
AOI-0066,2020-05-24,0.7171639876,0.6391176203913533,0.7952103548086467
AOI-0066,2020-05-30,0.5969645249,0.5189181576913533,0.6750108921086466
AOI-0066,2020-06-11,0.4804018283,0.4023554610913533,0.5584481955086467
AOI-0066,2020-07-11,0.2318915644,0.15384519719135328,0.3099379316086467
AOI-0066,2020-07-27,0.3317695886,0.2537232213913533,0.4098159558086467
AOI-0066,2020-08-09,0.1801524362,0.10210606899135327,0.2581988034086467
AOI-0066,2020-08-15,0.1631844674,0.08513810019135329,0.24123083460864672
AOI-0066,2020-09-07,0.1312732273,0.05322686009135327,0.2093195945086467
AOI-0066,2021-05-12,0.240031556,0.1619851887913533,0.3180779232086467
AOI-0066,2021-08-05,0.6556972799,0.5776509126913534,0.7337436471086467
AOI-0066,2021-08-20,0.3700862145,0.2920398472913533,0.4481325817086467
AOI-0066,2021-08-23,0.3544937237,0.27644735649135327,0.4325400909086467
AOI-0066,2021-09-27,0.1847647208,0.10671835359135329,0.2628110880086467
AOI-0066,2021-10-16,0.2855789071,0.20753253989135328,0.3636252743086467
AOI-0066,2021-10-27,0.2038518294,0.12580546219135327,0.2818981966086467
AOI-0066,2022-04-23,0.7885030999,0.7104567326913533,0.8665494671086467
AOI-0066,2022-04-25,0.7741169984,0.6960706311913534,0.8521633656086467
AOI-0066,2022-05-30,0.8807037584,0.8026573911913533,0.9587501256086468
AOI-0066,2022-06-04,0.8296877537,0.7516413864913534,0.9077341209086467
AOI-0066,2022-07-12,0.258783055,0.18073668779135327,0.3368294222086467
AOI-0066,2022-07-21,0.1691300522,0.09108368499135328,0.2471764194086467
AOI-0066,2022-07-22,0.261884021,0.1838376537913533,0.33993038820864674
AOI-0066,2022-08-23,0.1734195554,0.09537318819135329,0.25146592260864675
AOI-0066,2022-09-08,0.2090168024,0.1309704351913533,0.28706316960864675
AOI-0066,2022-09-09,0.1583475617,0.08030119449135328,0.23639392890864672
AOI-0066,2022-09-18,0.1720072933,0.09396092609135329,0.25005366050864675
AOI-0066,2022-09-27,0.1543955429,0.07634917569135327,0.2324419101086467
AOI-0066,2022-09-29,0.1566489577,0.07860259049135329,0.23469532490864672
AOI-0066,2022-10-02,0.1616346815,0.08358831429135327,0.2396810487086467
AOI-0066,2022-10-07,0.184577216,0.10653084879135327,0.2626235832086467
AOI-0066,2022-10-18,0.2243661823,0.14631981509135328,0.3024125495086467
AOI-0066,2022-10-22,0.1701793537,0.09213298649135329,0.24822572090864672
AOI-0066,2023-04-04,0.3130268712,0.23498050399135328,0.3910732384086467
AOI-0066,2023-04-07,0.5360654606,0.4580190933913533,0.6141118278086468
AOI-0066,2023-05-15,0.7949915199,0.7169451526913533,0.8730378871086468
AOI-0066,2023-06-07,0.8482472258,0.7702008585913533,0.9262935930086467
AOI-0066,2023-06-10,0.7585703605,0.6805239932913534,0.8366167277086467
AOI-0066,2023-06-11,0.7973500867,0.7193037194913532,0.8753964539086467
AOI-0066,2023-06-26,0.3858368761,0.3077905088913533,0.4638832433086467
AOI-0066,2023-07-04,0.2208108059,0.14276443869135327,0.2988571731086467
AOI-0066,2023-07-26,0.3568792296,0.2788328623913533,0.43492559680864673
AOI-0066,2023-08-08,0.2393225241,0.16127615689135327,0.3173688913086467
AOI-0066,2023-08-10,0.2998111844,0.22176481719135327,0.3778575516086467
AOI-0066,2023-08-13,0.2159875127,0.13794114549135328,0.2940338799086467
AOI-0066,2023-08-23,0.1605596264,0.08251325919135327,0.2386059936086467
AOI-0066,2023-09-07,0.1535496553,0.07550328809135329,0.23159602250864672
AOI-0066,2023-09-30,0.2469726024,0.16892623519135327,0.32501896960864674
AOI-0066,2023-10-13,0.2370666334,0.1590202661913533,0.3151130006086467
AOI-0066,2023-10-16,0.2349993076,0.1569529403913533,0.31304567480864676
AOI-0066,2024-04-06,0.7886999461,0.7106535788913533,0.8667463133086468
AOI-0066,2024-05-21,0.8785788455,0.8005324782913532,0.9566252127086468
AOI-0066,2024-06-17,0.4818202872,0.40377391999135326,0.5598666544086467
AOI-0066,2024-06-23,0.3050625526,0.22701618539135326,0.3831089198086467
AOI-0066,2024-06-28,0.220285555,0.14223918779135328,0.2983319222086467
AOI-0066,2024-07-05,0.1469987302,0.0689523629913533,0.22504509740864673
AOI-0066,2024-07-19,0.1937278931,0.11568152589135328,0.2717742603086467
AOI-0066,2024-08-09,0.1550473789,0.07700101169135329,0.23309374610864672
AOI-0066,2024-09-26,0.1502781025,0.0722317352913533,0.22832446970864673
AOI-0072,2010-04-07,0.3674524349,0.2894060676913533,0.44549880210864673
AOI-0072,2010-08-13,0.2774416918,0.19939532459135328,0.3554880590086467
AOI-0072,2010-08-15,0.1779852919,0.09993892469135329,0.2560316591086467
AOI-0072,2010-08-23,0.1873549992,0.1093086319913533,0.26540136640864675
AOI-0072,2010-08-30,0.1903372878,0.11229092059135329,0.2683836550086467
AOI-0072,2011-04-07,0.3175446938,0.23949832659135328,0.3955910610086467
AOI-0072,2011-05-05,0.2483058766,0.1702595093913533,0.3263522438086467
AOI-0072,2011-07-12,0.2561922725,0.17814590529135327,0.3342386397086467
AOI-0072,2011-07-24,0.1668477963,0.08880142909135327,0.2448941635086467
AOI-0072,2011-08-01,0.1609311236,0.08288475639135329,0.23897749080864672
AOI-0072,2011-09-03,0.1826528504,0.1046064831913533,0.2606992176086467
AOI-0072,2012-04-06,0.5145241262,0.43647775899135327,0.5925704934086466
AOI-0072,2012-10-15,0.1417400039,0.06369363669135328,0.2197863711086467
AOI-0072,2013-04-16,0.1713221118,0.0932757445913533,0.24936847900864673
AOI-0072,2013-05-02,0.1921420986,0.11409573139135329,0.27018846580864675
AOI-0072,2013-05-19,0.2453631161,0.16731674889135328,0.3234094833086467
AOI-0072,2013-07-29,0.2228902866,0.14484391939135327,0.3009366538086467
AOI-0072,2013-10-16,0.3069555342,0.22890916699135327,0.3850019014086467
AOI-0072,2014-04-23,0.6693213274,0.5912749601913534,0.7473676946086467
AOI-0072,2014-06-30,0.2631920416,0.18514567439135327,0.3412384088086467
AOI-0072,2014-07-17,0.2041164364,0.12607006919135327,0.2821628036086467
AOI-0072,2014-07-24,0.2164009568,0.13835458959135327,0.2944473240086467
AOI-0072,2014-08-17,0.23923468,0.1611883127913533,0.3172810472086467
AOI-0072,2014-08-29,0.2986397994,0.2205934321913533,0.37668616660864673
AOI-0072,2014-09-03,0.2400147589,0.1619683916913533,0.31806112610864673
AOI-0072,2014-09-26,0.2479930262,0.16994665899135328,0.32603939340864674
AOI-0072,2014-10-28,0.1831344098,0.10508804259135329,0.2611807770086467
AOI-0072,2014-10-29,0.2359270846,0.1578807173913533,0.3139734518086467
AOI-0072,2015-04-07,0.2633877676,0.18534140039135327,0.3414341348086467
AOI-0072,2015-04-23,0.2514476589,0.17340129169135327,0.3294940261086467
AOI-0072,2015-08-04,0.1866411211,0.10859475389135329,0.26468748830864675
AOI-0072,2016-04-06,0.7776856024,0.6996392351913532,0.8557319696086467
AOI-0072,2016-04-09,0.7488683676,0.6708220003913532,0.8269147348086467
AOI-0072,2016-04-17,0.7791807673,0.7011344000913533,0.8572271345086466
AOI-0072,2016-05-26,0.7876630783,0.7096167110913534,0.8657094455086467
AOI-0072,2016-06-27,0.2596893925,0.1816430252913533,0.3377357597086467
AOI-0072,2016-07-13,0.1889521348,0.11090576759135329,0.2669985020086467
AOI-0072,2016-08-22,0.2883835469,0.2103371796913533,0.3664299141086467
AOI-0072,2016-09-29,0.2846014904,0.20655512319135327,0.3626478576086467
AOI-0072,2017-04-03,0.1494672504,0.07142088319135328,0.22751361760864672
AOI-0072,2017-04-23,0.3194404076,0.24139404039135326,0.3974867748086467
AOI-0072,2017-05-29,0.2127520056,0.13470563839135327,0.29079837280864673
AOI-0072,2017-05-30,0.2350914548,0.15704508759135327,0.3131378220086467
AOI-0072,2017-07-12,0.2190779321,0.1410315648913533,0.2971242993086467
AOI-0072,2017-07-24,0.1943035191,0.11625715189135327,0.2723498863086467
AOI-0072,2017-07-25,0.1607477721,0.08270140489135328,0.2387941393086467
AOI-0072,2017-08-06,0.1302281313,0.05218176409135328,0.2082744985086467
AOI-0072,2017-08-29,0.2567503682,0.1787040009913533,0.33479673540864674
AOI-0072,2017-09-03,0.1890908237,0.11104445649135328,0.26713719090864674
AOI-0072,2017-09-20,0.3312819211,0.25323555389135327,0.4093282883086467
AOI-0072,2017-09-26,0.430854335,0.35280796779135326,0.5089007022086467
AOI-0072,2017-10-12,0.5404827691,0.4624364018913533,0.6185291363086467
AOI-0072,2018-04-07,0.518866757,0.44082038979135324,0.5969131242086467
AOI-0072,2018-04-15,0.650892247,0.5728458797913534,0.7289386142086467
AOI-0072,2018-05-01,0.7765502485,0.6985038812913533,0.8545966157086466
AOI-0072,2018-05-03,0.7759316557,0.6978852884913533,0.8539780229086467
AOI-0072,2018-06-07,0.3724602423,0.2944138750913533,0.45050660950864674
AOI-0072,2018-08-05,0.2110316364,0.13298526919135328,0.2890780036086467
AOI-0072,2018-08-28,0.1943458464,0.11629947919135328,0.27239221360864674
AOI-0072,2018-09-06,0.188003575,0.10995720779135329,0.26604994220864675
AOI-0072,2018-09-22,0.1756627779,0.0976164106913533,0.2537091451086467
AOI-0072,2019-04-25,0.2070868902,0.1290405229913533,0.2851332574086467
AOI-0072,2019-04-26,0.1760187192,0.09797235199135329,0.2540650864086467
AOI-0072,2019-05-04,0.2387928725,0.1607465052913533,0.3168392397086467
AOI-0072,2019-05-28,0.1721415418,0.09409517459135328,0.25018790900864674
AOI-0072,2019-06-12,0.1435749021,0.0655285348913533,0.22162126930864673
AOI-0072,2019-07-14,0.1823653747,0.10431900749135328,0.2604117419086467
AOI-0072,2019-07-17,0.1126255487,0.03457918149135328,0.1906719159086467
AOI-0072,2019-08-06,0.1190918388,0.041045471591353286,0.19713820600864673
AOI-0072,2019-08-16,0.1428078086,0.06476144139135329,0.22085417580864672
AOI-0072,2019-09-09,0.2113899975,0.1333436302913533,0.28943636470864675
AOI-0072,2019-09-14,0.2779245705,0.1998782032913533,0.35597093770864674
AOI-0072,2019-09-17,0.1908612686,0.11281490139135328,0.26890763580864674
AOI-0072,2019-09-30,0.4834599504,0.4054135831913533,0.5615063176086468
AOI-0072,2019-10-15,0.6611676654,0.5831212981913534,0.7392140326086467
AOI-0072,2019-10-20,0.7286173531,0.6505709858913533,0.8066637203086466
AOI-0072,2019-10-27,0.7599561832,0.6819098159913533,0.8380025504086468
AOI-0072,2020-04-06,0.6419100693,0.5638637020913533,0.7199564365086468
AOI-0072,2020-04-27,0.7126699282,0.6346235609913533,0.7907162954086466
AOI-0072,2020-05-08,0.7571322821,0.6790859148913533,0.8351786493086468
AOI-0072,2020-05-24,0.7102051156,0.6321587483913533,0.7882514828086467
AOI-0072,2020-06-30,0.2523210907,0.17427472349135326,0.3303674579086467
AOI-0072,2020-09-19,0.1009024403,0.022856073091353277,0.17894880750864672
AOI-0072,2020-09-24,0.1215944173,0.04354805009135328,0.1996407845086467
AOI-0072,2020-09-26,0.1269624846,0.04891611739135329,0.20500885180864672
AOI-0072,2020-10-05,0.1188856368,0.04083926959135328,0.19693200400864672
AOI-0072,2020-10-14,0.1289583407,0.05091197349135329,0.20700470790864672
AOI-0072,2020-10-21,0.1329905897,0.05494422249135328,0.2110369569086467
AOI-0072,2021-04-22,0.1418837565,0.0638373892913533,0.21993012370864673
AOI-0072,2021-07-11,0.1962004557,0.11815408849135328,0.2742468229086467
AOI-0072,2021-08-29,0.3001799144,0.2221335471913533,0.37822628160864674
AOI-0072,2022-04-10,0.2175794225,0.1395330552913533,0.2956257897086467
AOI-0072,2022-04-26,0.2292941874,0.15124782019135327,0.30734055460864673
AOI-0072,2022-06-29,0.1873798201,0.1093334528913533,0.26542618730864675
AOI-0072,2022-07-15,0.1857671113,0.1077207440913533,0.2638134785086467
AOI-0072,2022-08-23,0.1829558629,0.10490949569135327,0.2610022301086467
AOI-0072,2022-08-27,0.1613697642,0.08332339699135327,0.2394161314086467
AOI-0072,2023-04-29,0.8130164004,0.7349700331913533,0.8910627676086467
AOI-0072,2023-06-25,0.2860937718,0.2080474045913533,0.3641401390086467
AOI-0072,2023-07-21,0.1833547602,0.10530839299135328,0.26140112740864674
AOI-0072,2023-07-22,0.1999894331,0.12194306589135329,0.2780358003086467
AOI-0072,2023-07-26,0.1890666984,0.1110203311913533,0.2671130656086467
AOI-0072,2023-08-02,0.221811093,0.14376472579135327,0.2998574602086467
AOI-0072,2023-08-03,0.2359752083,0.15792884109135327,0.31402157550864673
AOI-0072,2023-08-05,0.1940363832,0.11599001599135328,0.2720827504086467
AOI-0072,2023-08-13,0.2744956354,0.19644926819135328,0.3525420026086467
AOI-0072,2023-08-23,0.2449259386,0.1668795713913533,0.3229723058086467
AOI-0072,2023-09-19,0.2291298765,0.15108350929135328,0.3071762437086467
AOI-0072,2023-10-29,0.2531490816,0.17510271439135328,0.3311954488086467
AOI-0072,2024-04-01,0.1485010634,0.07045469619135328,0.2265474306086467
AOI-0072,2024-05-09,0.2208558076,0.1428094403913533,0.2989021748086467
AOI-0072,2024-05-21,0.1716850562,0.09363868899135327,0.2497314234086467
AOI-0072,2024-06-09,0.2408480823,0.16280171509135327,0.3188944495086467
AOI-0072,2024-06-30,0.1397218391,0.06167547189135328,0.2177682063086467
AOI-0072,2024-07-11,0.1935228499,0.11547648269135327,0.2715692171086467
AOI-0072,2024-07-25,0.1201867592,0.04214039199135329,0.1982331264086467
AOI-0072,2024-08-20,0.1671236977,0.08907733049135327,0.2451700649086467
AOI-0072,2024-09-08,0.140423428,0.06237706079135327,0.2184697952086467
AOI-0072,2024-09-22,0.1785388877,0.1004925204913533,0.2565852549086467
AOI-0072,2024-09-30,0.1573206039,0.07927423669135328,0.2353669711086467
AOI-0078,2010-04-15,0.1966924681,0.11864610089135327,0.27473883530864673
AOI-0078,2010-05-01,0.3098897795,0.2318434122913533,0.38793614670864673
AOI-0078,2010-06-09,0.6374689802,0.5594226129913533,0.7155153474086466
AOI-0078,2010-07-04,0.4343756414,0.3563292741913533,0.5124220086086467
AOI-0078,2011-04-01,0.1510571394,0.0730107721913533,0.22910350660864673
AOI-0078,2011-07-06,0.7483750226,0.6703286553913532,0.8264213898086468
AOI-0078,2011-08-08,0.6572031008,0.5791567335913532,0.7352494680086468
AOI-0078,2011-08-13,0.5717017184,0.49365535119135323,0.6497480856086466
AOI-0078,2011-09-14,0.4962583519,0.4182119846913533,0.5743047191086468
AOI-0078,2011-09-17,0.4003388697,0.32229250249135327,0.4783852369086467
AOI-0078,2011-09-24,0.3894050738,0.3113587065913533,0.4674514410086467
AOI-0078,2012-06-07,0.6342953152,0.5562489479913533,0.7123416824086468
AOI-0078,2012-09-27,0.3205043636,0.2424579963913533,0.3985507308086467
AOI-0078,2012-10-04,0.2593132606,0.18126689339135327,0.3373596278086467
AOI-0078,2013-04-03,0.2318432811,0.15379691389135328,0.30988964830864674
AOI-0078,2013-07-11,0.4112233201,0.3331769528913533,0.48926968730864673
AOI-0078,2013-07-28,0.4923352894,0.41428892219135327,0.5703816566086467
AOI-0078,2013-08-29,0.4634269374,0.3853805701913533,0.5414733046086467
AOI-0078,2013-10-16,0.3637222611,0.2856758938913533,0.4417686283086467
AOI-0078,2014-06-26,0.8292903039,0.7512439366913533,0.9073366711086468
AOI-0078,2014-07-31,0.6755337905,0.5974874232913532,0.7535801577086467
AOI-0078,2015-07-01,0.4742824763,0.39623610909135326,0.5523288435086466
AOI-0078,2015-09-11,0.2157229664,0.13767659919135328,0.2937693336086467
AOI-0078,2016-04-22,0.3992444838,0.3211981165913533,0.4772908510086467
AOI-0078,2016-07-04,0.8273823324,0.7493359651913534,0.9054286996086467
AOI-0078,2016-09-22,0.7211634889,0.6431171216913534,0.7992098561086467
AOI-0078,2016-10-24,0.4313142529,0.35326788569135326,0.5093606201086467
AOI-0078,2017-04-29,0.2123597434,0.13431337619135328,0.29040611060864674
AOI-0078,2017-05-03,0.2576484721,0.1796021048913533,0.33569483930864674
AOI-0078,2017-05-06,0.22248834,0.1444419727913533,0.3005347072086467
AOI-0078,2017-05-09,0.5034880013,0.4254416340913533,0.5815343685086467
AOI-0078,2017-09-30,0.320337632,0.24229126479135327,0.3983839992086467
AOI-0078,2018-06-07,0.7418726075,0.6638262402913533,0.8199189747086466
AOI-0078,2018-06-18,0.5585695176,0.48052315039135324,0.6366158848086467
AOI-0078,2018-07-10,0.3048472056,0.2268008383913533,0.3828935728086467
AOI-0078,2018-08-10,0.395431869,0.3173855017913533,0.4734782362086467
AOI-0078,2018-09-12,0.2192021754,0.1411558081913533,0.29724854260864675
AOI-0078,2018-09-28,0.2116543079,0.1336079406913533,0.2897006751086467
AOI-0078,2018-10-01,0.1909354911,0.11288912389135328,0.26898185830864674
AOI-0078,2018-10-14,0.2174480562,0.13940168899135327,0.29549442340864673
AOI-0078,2019-04-07,0.2576087712,0.17956240399135326,0.3356551384086467
AOI-0078,2019-04-23,0.272608627,0.19456225979135328,0.3506549942086467
AOI-0078,2019-05-06,0.2252811047,0.1472347374913533,0.30332747190864673
AOI-0078,2019-05-16,0.2666603178,0.18861395059135327,0.3447066850086467
AOI-0078,2019-05-24,0.2978951182,0.21984875099135326,0.3759414854086467
AOI-0078,2019-06-02,0.5013452676,0.42329890039135326,0.5793916348086467
AOI-0078,2019-06-10,0.6161937743,0.5381474070913532,0.6942401415086468
AOI-0078,2019-06-13,0.5975179064,0.5194715391913534,0.6755642736086467
AOI-0078,2019-06-25,0.6528769085,0.5748305412913532,0.7309232757086468
AOI-0078,2019-07-04,0.6684367356,0.5903903683913534,0.7464831028086467
AOI-0078,2019-07-23,0.6654689132,0.5874225459913534,0.7435152804086467
AOI-0078,2019-07-28,0.7537091947,0.6756628274913532,0.8317555619086467
AOI-0078,2019-08-07,0.7840145208,0.7059681535913533,0.8620608880086467
AOI-0078,2019-08-09,0.7904301891,0.7123838218913532,0.8684765563086467
AOI-0078,2019-08-21,0.8358877274,0.7578413601913532,0.9139340946086467
AOI-0078,2019-08-29,0.8418891806,0.7638428133913533,0.9199355478086466
AOI-0078,2019-09-13,0.7873489866,0.7093026193913532,0.8653953538086467
AOI-0078,2019-09-28,0.5247943251,0.4467479578913533,0.6028406923086467
AOI-0078,2019-10-16,0.3758744843,0.29782811709135326,0.4539208515086467
AOI-0078,2020-04-05,0.172960576,0.09491420879135329,0.2510069432086467
AOI-0078,2020-04-06,0.3644963889,0.2864500216913533,0.44254275610864674
AOI-0078,2020-04-23,0.3818656056,0.3038192383913533,0.4599119728086467
AOI-0078,2020-05-19,0.8297837669,0.7517373996913532,0.9078301341086468
AOI-0078,2020-06-12,0.8246238741,0.7465775068913534,0.9026702413086467
AOI-0078,2020-06-28,0.40708615,0.32903978279135326,0.4851325172086467
AOI-0078,2020-07-24,0.1636721823,0.08562581509135328,0.2417185495086467
AOI-0078,2020-08-06,0.1977977668,0.11975139959135328,0.2758441340086467
AOI-0078,2020-08-08,0.1863887362,0.10834236899135327,0.26443510340864673
AOI-0078,2020-08-12,0.3855206693,0.3074743020913533,0.4635670365086467
AOI-0078,2020-09-08,0.1785455509,0.10049918369135327,0.2565919181086467
AOI-0078,2020-09-15,0.1432130742,0.0651667069913533,0.22125944140864673
AOI-0078,2020-09-24,0.1558801053,0.07783373809135327,0.2339264725086467
AOI-0078,2020-09-25,0.1722627737,0.0942164064913533,0.25030914090864675
AOI-0078,2020-10-15,0.207130772,0.12908440479135327,0.28517713920864673
AOI-0078,2020-10-22,0.0710549462,-0.00699142100864672,0.1491013134086467
AOI-0078,2020-10-26,0.1457654925,0.0677191252913533,0.22381185970864673
AOI-0078,2021-04-10,0.0917455451,0.01369917789135329,0.1697919123086467
AOI-0078,2021-05-14,0.314645026,0.23659865879135328,0.3926913932086467
AOI-0078,2021-05-15,0.2540614463,0.17601507909135328,0.3321078135086467
AOI-0078,2021-05-25,0.5047248993,0.42667853209135326,0.5827712665086466
AOI-0078,2021-06-17,0.7593192518,0.6812728845913534,0.8373656190086467
AOI-0078,2021-06-22,0.7751538453,0.6971074780913533,0.8532002125086466
AOI-0078,2021-06-23,0.7814944883,0.7034481210913532,0.8595408555086468
AOI-0078,2021-06-26,0.7714963282,0.6934499609913534,0.8495426954086467
AOI-0078,2021-07-09,0.7501683542,0.6721219869913533,0.8282147214086468
AOI-0078,2021-08-01,0.5241545113,0.4461081440913533,0.6022008785086468
AOI-0078,2021-08-21,0.4599962786,0.38194991139135326,0.5380426458086467
AOI-0078,2021-08-29,0.5573431962,0.47929682899135323,0.6353895634086466
AOI-0078,2021-09-03,0.5626912217,0.48464485449135325,0.6407375889086466
AOI-0078,2021-09-15,0.4859883502,0.40794198299135326,0.5640347174086466
AOI-0078,2021-10-27,0.2869316955,0.20888532829135326,0.3649780627086467
AOI-0078,2021-10-30,0.3086678965,0.23062152929135327,0.3867142637086467
AOI-0078,2022-04-07,0.3623824751,0.2843361078913533,0.4404288423086467
AOI-0078,2022-05-03,0.6466760261,0.5686296588913533,0.7247223933086466
AOI-0078,2022-06-19,0.7294536836,0.6514073163913532,0.8075000508086467
AOI-0078,2022-06-27,0.5165176895,0.43847132229135327,0.5945640567086468
AOI-0078,2022-07-17,0.2512888547,0.1732424874913533,0.3293352219086467
AOI-0078,2022-07-24,0.1604758127,0.08242944549135328,0.23852217990864671
AOI-0078,2022-08-01,0.1692168697,0.09117050249135328,0.2472632369086467
AOI-0078,2022-09-17,0.1752023751,0.09715600789135329,0.2532487423086467
AOI-0078,2022-09-20,0.211881827,0.13383545979135328,0.2899281942086467
AOI-0078,2022-10-01,0.4270386644,0.3489922971913533,0.5050850316086467
AOI-0078,2022-10-08,0.4156587854,0.3376124181913533,0.4937051526086467
AOI-0078,2022-10-15,0.4924842026,0.41443783539135326,0.5705305698086467
AOI-0078,2023-05-12,0.8221960317,0.7441496644913532,0.9002423989086468
AOI-0078,2023-06-02,0.8186532796,0.7406069123913532,0.8966996468086468
AOI-0078,2023-07-02,0.5502180669,0.47217169969135325,0.6282644341086467
AOI-0078,2023-07-31,0.2049402401,0.1268938728913533,0.2829866073086467
AOI-0078,2023-08-03,0.1526224874,0.07457612019135329,0.23066885460864672
AOI-0078,2023-08-29,0.3722568043,0.2942104370913533,0.45030317150864674
AOI-0078,2023-09-29,0.1699396548,0.09189328759135329,0.24798602200864672
AOI-0078,2023-10-03,0.1908177161,0.11277134889135329,0.26886408330864675
AOI-0078,2024-04-04,0.1805337163,0.10248734909135329,0.2585800835086467
AOI-0078,2024-04-13,0.2785733508,0.2005269835913533,0.3566197180086467
AOI-0078,2024-04-14,0.2222742829,0.1442279156913533,0.3003206501086467
AOI-0078,2024-04-22,0.4093145989,0.3312682316913533,0.4873609661086467
AOI-0078,2024-05-04,0.4331047162,0.3550583489913533,0.5111510834086468
AOI-0078,2024-05-06,0.4705048667,0.3924584994913533,0.5485512339086467
AOI-0078,2024-05-17,0.5483481504,0.47030178319135324,0.6263945176086467
AOI-0078,2024-05-19,0.5574630926,0.4794167253913533,0.6355094598086468
AOI-0078,2024-05-29,0.605233178,0.5271868107913533,0.6832795452086466
AOI-0078,2024-06-09,0.6119815392,0.5339351719913532,0.6900279064086468
AOI-0078,2024-06-25,0.4565169548,0.37847058759135327,0.5345633220086468
AOI-0078,2024-07-08,0.2342406128,0.15619424559135328,0.31228698000864674
AOI-0078,2024-07-13,0.2288910019,0.15084463469135329,0.3069373691086467
AOI-0078,2024-07-17,0.3300710173,0.2520246500913533,0.4081173845086467
AOI-0078,2024-07-25,0.3397008083,0.2616544410913533,0.4177471755086467
AOI-0078,2024-08-18,0.2860669351,0.20802056789135326,0.3641133023086467
AOI-0078,2024-08-26,0.247081576,0.16903520879135328,0.3251279432086467
AOI-0078,2024-09-21,0.186185223,0.1081388557913533,0.2642315902086467
AOI-0078,2024-10-22,0.245721531,0.16767516379135328,0.3237678982086467
AOI-0078,2024-10-30,0.2502130144,0.17216664719135327,0.3282593816086467
