row_id,anon_polygon_id,date,primary_ndvi,crop_type,year,source,fold,role,linear,midpoint,lgb,lgb_nodonor,source_experts,ensemble
16711,AOI-0015,2010-05-02,0.2502299568583143,озимая пшеница,2010,1,0,development,0.2940612733364105,0.38453713059425354,0.2878025669839845,0.2818173736281363,0.27521581924157057,0.2782960155399896
16759,AOI-0015,2010-06-19,0.5249980033537038,озимая пшеница,2010,1,0,development,0.5499124526977539,0.5921895503997803,0.5500883446801293,0.5545113223176591,0.5512733329183779,0.5523748149174923
16766,AOI-0015,2010-06-26,0.5149418119387217,озимая пшеница,2010,2,0,development,0.5893710255622864,0.5921895503997803,0.629595005297516,0.6567852545787862,0.6558716824419591,0.6547394300597376
16783,AOI-0015,2010-07-13,0.7159132192442574,озимая пшеница,2010,1,0,development,0.6702371835708618,0.6003003716468811,0.656674001162883,0.6642782801265608,0.6695399845099109,0.6669273136447813
16798,AOI-0015,2010-07-28,0.5190625598669862,озимая пшеница,2010,1,0,development,0.5303635001182556,0.6003003716468811,0.5651617914399126,0.5712493897599379,0.5546970056841425,0.5612467538150532
17022,AOI-0015,2011-08-08,0.2098847020909979,озимая пшеница,2011,1,0,development,0.20751681923866272,0.20655271410942078,0.23163490229156875,0.2238228408248664,0.2154101515930162,0.21934568014978112
17023,AOI-0015,2011-08-09,0.1770279668466498,озимая пшеница,2011,1,0,development,0.20558859407901764,0.20655271410942078,0.2308841186514772,0.22084290830337178,0.21198932080674618,0.2162323266408207
17027,AOI-0015,2011-08-13,0.426792736397253,озимая пшеница,2011,2,0,development,0.19787567853927612,0.20655271410942078,0.3612885244099665,0.362557335307816,0.3780209354042751,0.371515095161435
17031,AOI-0015,2011-08-17,0.2026193023289728,озимая пшеница,2011,1,0,development,0.19578230381011963,0.22346721589565277,0.21701635096638952,0.21427827433570082,0.22283700222620895,0.21942754366624057
17043,AOI-0015,2011-08-29,0.3938240887480189,озимая пшеница,2011,2,0,development,0.2400781661272049,0.22346721589565277,0.3608081516348501,0.3621091343352979,0.37040984295813906,0.36688309041952527
17071,AOI-0015,2011-09-26,0.1747078242664646,озимая пшеница,2011,1,0,development,0.22077614068984985,0.25507253408432007,0.21190459710072887,0.2027743732033939,0.20178952156308871,0.20270723603104285
17141,AOI-0015,2012-05-06,0.2626140811736557,озимая пшеница,2012,1,0,development,0.4742763042449951,0.3894824683666229,0.28281664223236663,0.2689693392233356,0.2960377540564718,0.28554332976378394
17159,AOI-0015,2012-05-24,0.6271990491283677,озимая пшеница,2012,2,0,development,0.385888010263443,0.4223826825618744,0.6560978846909833,0.6510930881120267,0.6491075329869975,0.6502122214908466
17255,AOI-0015,2012-08-28,0.313000264131009,озимая пшеница,2012,2,0,development,0.22227740287780762,0.2192719727754593,0.3148525373419379,0.31488314897610326,0.31385786862381526,0.3142828420084083
17303,AOI-0015,2012-10-15,0.3059956946645536,озимая пшеница,2012,2,0,development,0.18807639181613922,0.18807639181613922,0.3183540318933243,0.3094402268743098,0.3314135971702593,0.32276508135710075
17350,AOI-0015,2013-05-02,0.7262668074228917,озимая пшеница,2013,1,0,development,0.7443249821662903,0.7631921768188477,0.7429630823063647,0.740852034138582,0.7395288594624514,0.7401969317116319
17406,AOI-0015,2013-06-27,0.2944908110873588,озимая пшеница,2013,1,0,development,0.2672193646430969,0.29406899213790894,0.27548174623611693,0.27959328692619495,0.28803688302609165,0.2842943315456127
17422,AOI-0015,2013-07-13,0.3490137288581469,озимая пшеница,2013,1,0,development,0.2779283821582794,0.2673295736312866,0.2929696479007325,0.2964341266414297,0.3051367123064128,0.30132237328795974
17446,AOI-0015,2013-08-06,0.2728074612974828,озимая пшеница,2013,1,0,development,0.3680131137371063,0.36146560311317444,0.26700274982308525,0.25031514110044084,0.28004439605202264,0.26860063852191135
17469,AOI-0015,2013-08-29,0.3400651611199154,озимая пшеница,2013,2,0,development,0.23818989098072052,0.262402206659317,0.3046633624294941,0.3197116307049204,0.2932801644256281,0.30344271608686846
17586,AOI-0015,2014-05-25,0.7096282620179608,озимая пшеница,2014,2,0,development,0.8670320510864258,0.8670320510864258,0.773056848408926,0.7679229068950478,0.8094135086882777,0.7924325355914694
17622,AOI-0015,2014-06-30,0.2679832033719349,озимая пшеница,2014,1,0,development,0.2582334280014038,0.32472407817840576,0.29619322886374105,0.2941422670162159,0.2881280153667704,0.2907449632008867
17645,AOI-0015,2014-07-23,0.2857320382271725,озимая пшеница,2014,1,0,development,0.3070174753665924,0.3034535050392151,0.27046533657301114,0.2737453222500103,0.2769489342971096,0.27543328613305756
17646,AOI-0015,2014-07-24,0.2293111977288392,озимая пшеница,2014,1,0,development,0.31058141589164734,0.3034535050392151,0.23592872615056693,0.23301789946561655,0.23115334986549133,0.23209120548624468
17677,AOI-0015,2014-08-24,0.2360041630433101,озимая пшеница,2014,1,0,development,0.27344244718551636,0.2738308012485504,0.25168940844191556,0.25531656004394443,0.26707453178741647,0.2619796282341674
17698,AOI-0015,2014-09-14,0.3324291600633914,озимая пшеница,2014,2,0,development,0.23357711732387543,0.23521913588047028,0.29590761042302105,0.2908440512981364,0.2951967523741304,0.2936670088355442
17701,AOI-0015,2014-09-17,0.1871417028751898,озимая пшеница,2014,1,0,development,0.2323455959558487,0.23521913588047028,0.21349529326252975,0.20828379770747776,0.18879266000411268,0.1971938918426385
17789,AOI-0015,2015-05-15,0.3174593962323985,озимая пшеница,2015,1,0,development,0.43015921115875244,0.40946677327156067,0.3030867573309328,0.29731085237551924,0.29886664727936274,0.2985404756341314
17806,AOI-0015,2015-06-01,0.3681055607010181,озимая пшеница,2015,1,0,development,0.30646276473999023,0.30103328824043274,0.36152832789974815,0.3647343685090621,0.3652744750142348,0.3648713726860827
17813,AOI-0015,2015-06-08,0.3023828762270225,озимая пшеница,2015,1,0,development,0.29560381174087524,0.30103328824043274,0.3287941409393475,0.3263224449210418,0.33516036235760094,0.33161990025665655
17831,AOI-0015,2015-06-26,0.7211821711568939,озимая пшеница,2015,2,0,development,0.6797395944595337,0.7178640961647034,0.7120914752661661,0.7109111389829831,0.7195458208341433,0.7160181052822512
17845,AOI-0015,2015-07-10,0.752757315140063,озимая пшеница,2015,1,0,development,0.6905591487884521,0.729391872882843,0.7994967129145554,0.8161589437242593,0.72216059870989,0.7603517081855832
17869,AOI-0015,2015-08-03,0.6918211088463246,озимая пшеница,2015,1,0,development,0.7176626324653625,0.6764103174209595,0.7168751290821928,0.7131894605213318,0.713230992338579,0.7134187216378256
17886,AOI-0015,2015-08-20,0.5769300517920979,озимая пшеница,2015,1,0,development,0.4598996043205261,0.4598996043205261,0.5150929645009052,0.4941122793940979,0.5170236733883267,0.5086560063998222
17963,AOI-0015,2016-04-06,0.6986851822503961,озимая пшеница,2016,2,0,development,0.4799625873565674,0.4799625873565674,0.6329031222145843,0.6003740639031825,0.6210623255753019,0.6142621985024845
17996,AOI-0015,2016-05-09,0.813176598252589,озимая пшеница,2016,1,0,development,0.810641348361969,0.810641348361969,0.8478702071143407,0.8589900266212507,0.8244724028925152,0.8382185715730633
18036,AOI-0015,2016-06-18,0.5596209707214979,озимая пшеница,2016,1,0,development,0.4882459044456482,0.4960879683494568,0.4682224833763373,0.4640754681540379,0.47574153526583,0.4711173114799585
18037,AOI-0015,2016-06-19,0.5537035235323704,озимая пшеница,2016,1,0,development,0.4804038405418396,0.4960879683494568,0.48545835886664235,0.4931003379621092,0.49649880457332646,0.4946594334538632
18059,AOI-0015,2016-07-11,0.4156919968304279,озимая пшеница,2016,2,0,development,0.3357870280742645,0.344386488199234,0.374813407112479,0.3661422776333109,0.38707636226058006,0.3788468523011145
18156,AOI-0015,2016-10-16,0.3383442217795175,озимая пшеница,2016,1,0,development,0.30913200974464417,0.24087992310523987,0.2947315835351382,0.30207340213374706,0.2598818546601774,0.2770317184368253
18157,AOI-0015,2016-10-17,0.1917179440539615,озимая пшеница,2016,1,0,development,0.2896313965320587,0.24087992310523987,0.21576837179248556,0.21302436048093157,0.22203453743825668,0.2184375359438943
18177,AOI-0015,2017-04-07,0.3887670100369784,озимая пшеница,2017,2,0,development,0.22250525653362274,0.22250525653362274,0.41272975072801443,0.4044203244247187,0.4164973121314707,0.4119336129475651
18229,AOI-0015,2017-05-29,0.822033907746894,озимая пшеница,2017,1,0,development,0.8540419936180115,0.8414455652236938,0.8528128522190881,0.8612077825461838,0.8238411699496458,0.8389245314864477
18257,AOI-0015,2017-06-26,0.5392591125198098,озимая пшеница,2017,2,0,development,0.5676441788673401,0.5891626477241516,0.5197264540534687,0.521798037535925,0.5341926844412376,0.5289193524668114
18293,AOI-0015,2017-08-01,0.1529946251220893,озимая пшеница,2017,0,0,development,0.22135604918003082,0.19470803439617157,0.1787595148476053,0.17097570496888295,0.17900044653483901,0.17609387510220148
18298,AOI-0015,2017-08-06,0.1257937228146693,озимая пшеница,2017,0,0,development,0.1594381481409073,0.1594381481409073,0.14812122684404574,0.14224400781548752,0.13958835549629936,0.14102043663552102
18306,AOI-0015,2017-08-14,0.1397533641139823,озимая пшеница,2017,0,0,development,0.27495574951171875,0.24065524339675903,0.14758671293381104,0.1469770818791643,0.14206141749749407,0.1441410089930917
18313,AOI-0015,2017-08-21,0.1620527419285993,озимая пшеница,2017,0,0,development,0.19813525676727295,0.19813525676727295,0.13724754422560442,0.13164414990423604,0.1389322408110177,0.13621094641451642
18316,AOI-0015,2017-08-24,0.180223539823126,озимая пшеница,2017,1,0,development,0.21769601106643677,0.19813525676727295,0.18155040623458096,0.17372122684306845,0.19296731810373727,0.18539344305489006
18338,AOI-0015,2017-09-15,0.1847029190348027,озимая пшеница,2017,0,0,development,0.29513823986053467,0.2843332290649414,0.18292643422680732,0.18192250895240228,0.18952847808254436,0.18641905431608358
18364,AOI-0015,2017-10-11,0.169331256078278,озимая пшеница,2017,1,0,development,0.30460435152053833,0.2615234851837158,0.21284327792121754,0.21266741093091268,0.24019353519116984,0.22874816753352295
18406,AOI-0015,2018-04-23,0.7241928948758587,озимая пшеница,2018,2,0,development,0.5871362090110779,0.5775929689407349,0.6174418420487783,0.6426211710477497,0.6471280125268467,0.6438518809604337
18412,AOI-0015,2018-04-29,0.6006474664148227,озимая пшеница,2018,1,0,development,0.5642325282096863,0.5775929689407349,0.5763207200516108,0.5875184826724231,0.5881523279314171,0.5872656811852105
18414,AOI-0015,2018-05-01,0.592364937194645,озимая пшеница,2018,0,0,development,0.568536102771759,0.572596549987793,0.5869244522156726,0.5992123828380385,0.5754470290536176,0.5846536051754809
18436,AOI-0015,2018-05-23,0.5008928301849124,озимая пшеница,2018,1,0,development,0.7750568389892578,0.7319507002830505,0.6951521872592434,0.6962540828921474,0.6922381637028456,0.6938481186219441
18446,AOI-0015,2018-06-02,0.5690580565405835,озимая пшеница,2018,0,0,development,0.5850756764411926,0.567669689655304,0.573388084266266,0.5702261841181251,0.5890377997051629,0.5813851196575861
18554,AOI-0015,2018-09-18,0.2173127966529074,озимая пшеница,2018,0,0,development,0.26352205872535706,0.26821526885032654,0.19576968223434152,0.198196045108824,0.2031835581681853,0.20097301187923708
18566,AOI-0015,2018-09-30,0.2770381669307976,озимая пшеница,2018,2,0,development,0.22113139927387238,0.22804701328277588,0.27241296103916907,0.2772348450596989,0.27915081693398847,0.278085260284134
18573,AOI-0015,2018-10-07,0.1754300449100997,озимая пшеница,2018,1,0,development,0.2308180183172226,0.21354086697101593,0.18553026280573492,0.18918133926853345,0.17501723204126488,0.18070861543668756
18580,AOI-0015,2018-10-14,0.1765498381565764,озимая пшеница,2018,1,0,development,0.2055799514055252,0.2055799514055252,0.19042001524760943,0.19123065315231189,0.17359909857421482,0.18089147713481718
18635,AOI-0015,2019-05-09,0.5841347860538826,озимая пшеница,2019,2,0,development,0.46699532866477966,0.4690941274166107,0.6402297273713726,0.62853346934754,0.6192295398091778,0.6237520189823712
18647,AOI-0015,2019-05-21,0.5298158368682184,озимая пшеница,2019,0,0,development,0.6227898597717285,0.6525977849960327,0.5897649684836775,0.5965833392269795,0.5622054056593035,0.5761327068834644
18659,AOI-0015,2019-06-02,0.6817227187777792,озимая пшеница,2019,0,0,development,0.6981390118598938,0.6981390118598938,0.7108233501878239,0.7162392737902307,0.7095201632809398,0.7120151012522051
18667,AOI-0015,2019-06-10,0.7391339588927462,озимая пшеница,2019,0,0,development,0.6656888723373413,0.6948693990707397,0.7193693031627513,0.7261751759777396,0.7224442362629678,0.7236183152392854
18669,AOI-0015,2019-06-12,0.6416173951117269,озимая пшеница,2019,0,0,development,0.6355847716331482,0.6346611380577087,0.6689886792121804,0.6743435626460205,0.6549204618465556,0.662705631559458
18679,AOI-0015,2019-06-22,0.6254282286190904,озимая пшеница,2019,0,0,development,0.5578775405883789,0.5575305819511414,0.5462940790944942,0.5342939820405698,0.5149119407262541,0.5236453831845809
18687,AOI-0015,2019-06-30,0.5562996776240199,озимая пшеница,2019,0,0,development,0.6042832136154175,0.6042832136154175,0.4439226034114726,0.46635376222054475,0.4787206985669942,0.47232640991797825
18725,AOI-0015,2019-08-07,0.4529915680146087,озимая пшеница,2019,1,0,development,0.4216568171977997,0.41834378242492676,0.44997236190704487,0.44786036437390864,0.5031748018455009,0.4802728686892529
18729,AOI-0015,2019-08-11,0.3846964532008435,озимая пшеница,2019,0,0,development,0.419310986995697,0.419310986995697,0.37842548153256467,0.3647700459628826,0.37929380462356077,0.3740092364639787
18749,AOI-0015,2019-08-31,0.1826436231319262,озимая пшеница,2019,0,0,development,0.21130311489105225,0.20776280760765076,0.19628975658710243,0.1935617382725878,0.2029887041508411,0.1992173640218283
18764,AOI-0015,2019-09-15,0.1644830888058948,озимая пшеница,2019,0,0,development,0.28513339161872864,0.22703664004802704,0.16451355238090623,0.15867858799740261,0.17027325923624703,0.16577263835208098
18765,AOI-0015,2019-09-16,0.2358098480494446,озимая пшеница,2019,1,0,development,0.2685343027114868,0.22703664004802704,0.21044387669163173,0.19229943888325837,0.22600347796570597,0.2129866270506907
18792,AOI-0015,2019-10-13,0.2271962348417911,озимая пшеница,2019,0,0,development,0.26780766248703003,0.25918257236480713,0.26278802368921794,0.25627423689331724,0.2556256721055746,0.25625790125515635
18799,AOI-0015,2019-10-20,0.0445778700619971,озимая пшеница,2019,0,0,development,0.29476243257522583,0.29476243257522583,0.2302614312397586,0.23570580263309446,0.24183362283879112,0.2389806565438447
18812,AOI-0015,2020-04-03,0.4240502236209971,озимая пшеница,2020,1,0,development,0.47532957792282104,0.4914588928222656,0.4519161805182869,0.46184780006979503,0.45562849888068135,0.45766425566715996
18828,AOI-0015,2020-04-19,0.6052456146892268,озимая пшеница,2020,1,0,development,0.42435428500175476,0.35161077976226807,0.4502893901104077,0.4596945763376149,0.4319775784238427,0.4429890041366517
18839,AOI-0015,2020-04-30,0.5465111692607963,озимая пшеница,2020,0,0,development,0.5758247971534729,0.5758247971534729,0.5625454713213597,0.5645189409674162,0.552840476087544,0.5575907613800057
18854,AOI-0015,2020-05-15,-0.0093856177627014,озимая пшеница,2020,0,0,development,0.602943480014801,0.6069450974464417,0.6039955543628571,0.5866987495310405,0.601298185471306,0.596184672665716
18879,AOI-0015,2020-06-09,0.6898498929162195,озимая пшеница,2020,0,0,development,0.6199262738227844,0.6074571013450623,0.643973215374097,0.6411756321073953,0.6470137867189468,0.6447398199232757
18894,AOI-0015,2020-06-24,0.4019589303734246,озимая пшеница,2020,0,0,development,0.4640201926231384,0.5061221718788147,0.404028892410727,0.4111168707323057,0.37915926530261,0.3920643367197926
18899,AOI-0015,2020-06-29,0.3378185062515388,озимая пшеница,2020,0,0,development,0.27366670966148376,0.2905558943748474,0.2769590684825199,0.27518618008474893,0.27676915851495293,0.2762090090141305
18919,AOI-0015,2020-07-19,0.2525989147734127,озимая пшеница,2020,0,0,development,0.24355152249336243,0.25016680359840393,0.2321459914691767,0.22619704772071297,0.22638858072823637,0.2266397794549329
18941,AOI-0015,2020-08-10,0.1841331401933637,озимая пшеница,2020,0,0,development,0.23422987759113312,0.2445448487997055,0.17981642852003077,0.17945988245547834,0.18586242150092214,0.18321780181523684
18959,AOI-0015,2020-08-28,0.278152588483888,озимая пшеница,2020,2,0,development,0.18399253487586975,0.18480049073696136,0.25108987804215294,0.24052468142835426,0.24898879982033106,0.24605409215933535
18975,AOI-0015,2020-09-13,0.2415956154252508,озимая пшеница,2020,2,0,development,0.1575719118118286,0.1575719118118286,0.2439549459752842,0.23812171812760177,0.2317575502320882,0.2347305038322851
18984,AOI-0015,2020-09-22,0.1584618298337507,озимая пшеница,2020,0,0,development,0.10630448162555695,0.09921020269393921,0.15542896393957778,0.15132782969784542,0.16231599418315434,0.15797133125585533
19004,AOI-0015,2020-10-12,0.1219402372743051,озимая пшеница,2020,0,0,development,0.19889265298843384,0.2162504494190216,0.12157879443036142,0.12561572799351314,0.11510360021734711,0.11925372893524443
19019,AOI-0015,2020-10-27,0.1417481194750952,озимая пшеница,2020,0,0,development,0.06032005324959755,0.12145566195249557,0.15154944405679346,0.15341270793244172,0.14166438512278218,0.14644987230908096
19060,AOI-0015,2021-05-08,0.6189266259402525,озимая пшеница,2021,1,0,development,0.7168393731117249,0.6512362360954285,0.5813148368243294,0.5849871827001426,0.5760359274402174,0.5795567703150213
19067,AOI-0015,2021-05-15,0.5542194229657937,озимая пшеница,2021,0,0,development,0.6882199645042419,0.7231168746948242,0.6776487489276688,0.6969071169065947,0.6428809197662877,0.6642929884462621
19068,AOI-0015,2021-05-16,0.6966311718064288,озимая пшеница,2021,1,0,development,0.7021787166595459,0.7231168746948242,0.7480147575901814,0.7456629186682129,0.7447511110092757,0.7452613844140192
19072,AOI-0015,2021-05-20,0.7194490706413011,озимая пшеница,2021,0,0,development,0.7580138444900513,0.7231168746948242,0.7227577151403017,0.7263546438591145,0.723691783130437,0.724599870577076
19077,AOI-0015,2021-05-25,0.855844347596408,озимая пшеница,2021,2,0,development,0.8132457733154297,0.8266013264656067,0.7938719022779408,0.7976529525669062,0.6982839851408871,0.7394266166584365
19093,AOI-0015,2021-06-10,0.7704802958267299,озимая пшеница,2021,2,0,development,0.842695951461792,0.842695951461792,0.7773423255182796,0.74967214778349,0.7583996803389507,0.7563068052261104
19116,AOI-0015,2021-07-03,0.4010443339837189,озимая пшеница,2021,1,0,development,0.3679139018058777,0.3231496214866638,0.40624250068348744,0.38637752259453656,0.3977580895602954,0.39412698005583463
19124,AOI-0015,2021-07-11,0.2390749812906782,озимая пшеница,2021,0,0,development,0.33457884192466736,0.33457884192466736,0.24282320291124093,0.24000525051454447,0.25764758245066255,0.2504623744390973
19132,AOI-0015,2021-07-19,0.1670850030520021,озимая пшеница,2021,0,0,development,0.2108372151851654,0.2009301632642746,0.18854091859382235,0.18069230202274675,0.1812968799724274,0.18148185584903198
19182,AOI-0015,2021-09-07,0.151178028817904,озимая пшеница,2021,0,0,development,0.20378626883029938,0.20378626883029938,0.16140841176870374,0.16294876836575287,0.17343475641563016,0.16898527263170823
19207,AOI-0015,2021-10-02,0.1727606336259554,озимая пшеница,2021,0,0,development,0.24399138987064362,0.2301514595746994,0.18221826921166537,0.17468746838865845,0.1814482845842087,0.1790536292748274
19217,AOI-0015,2021-10-12,0.0909585466492221,озимая пшеница,2021,0,0,development,0.19744321703910828,0.1892618089914322,0.040432301800749866,0.04890681160782419,0.07667236288239483,0.06464618456606483
19262,AOI-0015,2022-04-27,0.7615294148354713,озимая пшеница,2022,0,0,development,0.7929698824882507,0.768738865852356,0.7456049538602071,0.7513025405749064,0.7457098433797167,0.7477203508337665
19276,AOI-0015,2022-05-11,0.8465744645200135,озимая пшеница,2022,1,0,development,0.852302610874176,0.8090527057647705,0.8362483497727525,0.8383659108968246,0.8918940667244233,0.8695002380966548
19280,AOI-0015,2022-05-15,0.8324590175106514,озимая пшеница,2022,1,0,development,0.8256872892379761,0.8090527057647705,0.7908930677818404,0.7612927131872681,0.7855875052270911,0.7771235931218672
19285,AOI-0015,2022-05-20,0.8536840603265767,озимая пшеница,2022,0,0,development,0.7924180626869202,0.8090527057647705,0.8610840796781403,0.8668773045804967,0.8628800628475117,0.864221292797636
19297,AOI-0015,2022-06-01,0.8179241532963101,озимая пшеница,2022,0,0,development,0.8793686032295227,0.8793686032295227,0.8857804587622338,0.8800980200028384,0.8598359803288509,0.8685842232421296
19306,AOI-0015,2022-06-10,0.7841319070258849,озимая пшеница,2022,2,0,development,0.8769029974937439,0.8769029974937439,0.790101434464425,0.8094277170597318,0.7912363654599468,0.797731785577797
19317,AOI-0015,2022-06-21,0.6613180537646411,озимая пшеница,2022,0,0,development,0.6663786768913269,0.5915687680244446,0.5530962827586738,0.5496981343965865,0.5756848029809789,0.5650593257653233
19364,AOI-0015,2022-08-07,0.2406185530089457,озимая пшеница,2022,1,0,development,0.22105199098587036,0.19540023803710938,0.23946016539959805,0.24201815711409305,0.2629507687643412,0.2540972589854169
19365,AOI-0015,2022-08-08,0.1567801345235334,озимая пшеница,2022,0,0,development,0.19540023803710938,0.19540023803710938,0.16561605164560644,0.1675252975641552,0.1726529714893419,0.17041286077986084
19389,AOI-0015,2022-09-01,0.162268273548398,озимая пшеница,2022,1,0,development,0.20034697651863098,0.17262837290763855,0.18356114661086897,0.18411946179739597,0.2006499125164863,0.19373961731354952
19390,AOI-0015,2022-09-02,0.1323427631671374,озимая пшеница,2022,0,0,development,0.18925952911376953,0.17262837290763855,0.1421980304201794,0.14445938113954893,0.14165419344808225,0.14269580174075944
19396,AOI-0015,2022-09-08,0.1946214122897957,озимая пшеница,2022,1,0,development,0.14441004395484924,0.1708793193101883,0.2075170059255879,0.205763593310451,0.20661878769544606,0.20636042625636664
19397,AOI-0015,2022-09-09,0.135735302649878,озимая пшеница,2022,0,0,development,0.15499775111675262,0.1708793193101883,0.16322714483150463,0.163772865930331,0.1699282868530273,0.16733631870877874
19452,AOI-0015,2023-04-04,0.2335997600670391,озимая пшеница,2023,1,0,development,0.2850862443447113,0.3136735260486603,0.29967331885948345,0.2959372738031726,0.28074652956886087,0.28727605767171516
19487,AOI-0015,2023-05-09,0.579565055467512,озимая пшеница,2023,2,0,development,0.24831801652908325,0.24831801652908325,0.514601897316839,0.5408169040621558,0.5343920645892185,0.5356076041030898
19519,AOI-0015,2023-06-10,0.608551030110935,озимая пшеница,2023,2,0,development,0.38282716274261475,0.41219067573547363,0.6222366652747667,0.6229535003946473,0.6506808858322324,0.6391021062193589
19525,AOI-0015,2023-06-16,0.3428532184648144,озимая пшеница,2023,0,0,development,0.5280084013938904,0.5263720154762268,0.44834240980776374,0.45753645542600685,0.45109659396898916,0.45326516522756777
19543,AOI-0015,2023-07-04,0.627340879008333,озимая пшеница,2023,0,0,development,0.7939494848251343,0.7656300067901611,0.7843425952037387,0.7787839343509991,0.7840871047249,0.7821893578087424
19560,AOI-0015,2023-07-21,0.7262515469215733,озимая пшеница,2023,0,0,development,0.7960402965545654,0.7974240183830261,0.7908011509779624,0.8070668624101531,0.8024047953877312,0.8034401706108178
19568,AOI-0015,2023-07-29,0.839578161627254,озимая пшеница,2023,0,0,development,0.7281851768493652,0.7414568066596985,0.8089472483774283,0.8041889867014872,0.8086795646219904,0.8070754608868325
19578,AOI-0015,2023-08-08,0.8593843707129399,озимая пшеница,2023,0,0,development,0.8230029344558716,0.8315450549125671,0.7997472423279984,0.8075314743624821,0.8003610151938423,0.8029120487596001
19580,AOI-0015,2023-08-10,0.7514333775450933,озимая пшеница,2023,1,0,development,0.8343924283981323,0.8315450549125671,0.7591959308621069,0.7800511282346713,0.7904612531740376,0.7849689643711022
19587,AOI-0015,2023-08-17,0.748543794062899,озимая пшеница,2023,1,0,development,0.7416670918464661,0.7655644416809082,0.770558547823549,0.7773720453417639,0.7542293303253063,0.7634813037507189
19613,AOI-0015,2023-09-12,0.2590667652594047,озимая пшеница,2023,0,0,development,0.2999303638935089,0.2947597801685333,0.2574965533591316,0.2608419375076198,0.2576572522603405,0.2587964918996595
19615,AOI-0015,2023-09-14,0.1434344413407837,озимая пшеница,2023,0,0,development,0.2947597801685333,0.2947597801685333,0.2743541231222967,0.2957660058989566,0.27090118900421734,0.2800577987294273
19627,AOI-0015,2023-09-26,0.2854284906831442,озимая пшеница,2023,1,0,development,0.2285742163658142,0.22840583324432373,0.26950116068557667,0.27197666945629334,0.2646094525734053,0.2675376623535871
19723,AOI-0015,2024-06-01,0.7406012281589883,озимая пшеница,2024,1,0,development,0.7159135341644287,0.7306703329086304,0.7245454074442351,0.7249187294209146,0.7421596230499595,0.7349639631982767
19727,AOI-0015,2024-06-05,0.6753118410300081,озимая пшеница,2024,0,0,development,0.6315039396286011,0.6128609776496887,0.6369686081453835,0.6476101969421373,0.6480648788157103,0.6472837287310163
19740,AOI-0015,2024-06-18,0.233884376803856,озимая пшеница,2024,0,0,development,0.3023633360862732,0.28228747844696045,0.2585897672474368,0.26078467425230084,0.25029851069690257,0.2545402958287924
19750,AOI-0015,2024-06-28,0.2019656910762937,озимая пшеница,2024,0,0,development,0.3009657561779022,0.2917727530002594,0.1942014336107376,0.1902501300227457,0.19689707310456636,0.19435069944323513
19771,AOI-0015,2024-07-19,0.2091568897942638,озимая пшеница,2024,1,0,development,0.11274496465921402,0.11274496465921402,0.1839703547352827,0.18080347719621984,0.18507207367744996,0.18347182901426295
19794,AOI-0015,2024-08-11,0.1903238722000264,озимая пшеница,2024,1,0,development,0.104410320520401,0.10360078513622284,0.18034151604479812,0.1845673790488667,0.18843447279649886,0.18659009919026645
19797,AOI-0015,2024-08-14,0.1143088811034817,озимая пшеница,2024,0,0,development,0.10801967233419418,0.10851724445819855,0.1349597247281397,0.1395256758700427,0.12865743837506657,0.13292633786854108
19820,AOI-0015,2024-09-06,0.1302426590650112,озимая пшеница,2024,0,0,development,0.15556363761425018,0.15556363761425018,0.13400830681921744,0.13282187902546722,0.12219825582667275,0.1266853301783479
19825,AOI-0015,2024-09-11,0.113704307058401,озимая пшеница,2024,0,0,development,0.17139455676078796,0.1551131159067154,0.13007772522363423,0.1317119192960924,0.12848793670849365,0.1297387140273995
19834,AOI-0015,2024-09-20,0.1755311213483539,озимая пшеница,2024,1,0,development,0.12943890690803528,0.13105559349060059,0.18810510412568113,0.17992589239210174,0.19677091829145163,0.1902157303145553
19837,AOI-0015,2024-09-23,0.1273821836896867,озимая пшеница,2024,0,0,development,0.12486068159341812,0.12385203689336777,0.1529546456454657,0.1536661733806664,0.13579249017546927,0.1431911448556762
19840,AOI-0015,2024-09-26,0.1159314658195482,озимая пшеница,2024,0,0,development,0.12284339219331741,0.12385203689336777,0.13107399561677527,0.13065858254798357,0.1301517586859897,0.13038578335395953
23092,AOI-0020,2010-04-23,0.2398880288273833,подсолнечник,2010,1,0,development,0.20741969347000122,0.20783673226833344,0.29486014794534415,0.2924483441921958,0.2428117526478625,0.2636024521537204
23093,AOI-0020,2010-04-24,0.2451407432664811,подсолнечник,2010,1,0,development,0.20825377106666565,0.20783673226833344,0.2053060703390246,0.20548638231372804,0.2218344543046506,0.2150210832177491
23189,AOI-0020,2010-07-29,0.4860109784620698,подсолнечник,2010,1,0,development,0.4792781472206116,0.45104509592056274,0.49972141494361744,0.4798641883282183,0.4744337026763875,0.47779817531798713
23220,AOI-0020,2010-08-29,0.2359077180465777,подсолнечник,2010,1,0,development,0.24440938234329224,0.26755034923553467,0.2689072549523314,0.26719494083485157,0.2539789276553654,0.2595740916537069
23276,AOI-0020,2010-10-24,0.1367055101843184,подсолнечник,2010,1,0,development,0.17420034110546112,0.2144259661436081,0.17273825566136083,0.1660175517665118,0.17328076431822123,0.17063197283056528
23284,AOI-0020,2011-04-02,0.3252409309522048,подсолнечник,2011,1,0,development,0.47320690751075745,0.47320690751075745,0.3317930444578902,0.3340505750673994,0.32853429191425204,0.3307043501966918
23337,AOI-0020,2011-05-25,0.8259353499824129,подсолнечник,2011,2,0,development,0.8350527286529541,0.8308404088020325,0.8277892481286016,0.8419410905661157,0.8222260427601463,0.8296433825339972
23420,AOI-0020,2011-08-16,0.382969912105219,подсолнечник,2011,1,0,development,0.4491186738014221,0.47108882665634155,0.4047424627980761,0.40770972732684574,0.4130138678787712,0.41064146797820633
23433,AOI-0020,2011-08-29,0.5215991909954274,подсолнечник,2011,2,0,development,0.43859758973121643,0.4405057728290558,0.47674728442483494,0.4859555031803409,0.4776691239677227,0.48060534551810535
23437,AOI-0020,2011-09-02,0.499930637595484,подсолнечник,2011,1,0,development,0.44241395592689514,0.4405057728290558,0.39562772249950046,0.39643833659617944,0.4012977958294517,0.3992304148645033
23492,AOI-0020,2011-10-27,0.2784049570007438,подсолнечник,2011,1,0,development,0.3976474106311798,0.3976474106311798,0.2863458290789594,0.27957713273693435,0.2917286813416462,0.28704825108866716
23547,AOI-0020,2012-05-22,0.2936462614555911,подсолнечник,2012,1,0,development,0.5666717886924744,0.5117236971855164,0.36700917006186623,0.35733742002941676,0.367947331648902,0.3640699427628834
23652,AOI-0020,2012-09-04,0.3134377239923178,подсолнечник,2012,1,0,development,0.3124060332775116,0.2896331250667572,0.2669434947161467,0.27027967311904405,0.28011156858563446,0.2758343976197164
23659,AOI-0020,2012-09-11,0.3132151608595044,подсолнечник,2012,1,0,development,0.27698153257369995,0.2896331250667572,0.275480737187671,0.27531280844517303,0.2649989992115821,0.26930048938409856
23661,AOI-0020,2012-09-13,0.3056480126626803,подсолнечник,2012,2,0,development,0.2668602466583252,0.2896331250667572,0.2954332840125795,0.3081988244248114,0.2866997972526216,0.29493666216919345
23763,AOI-0020,2013-05-25,0.6091237776996131,подсолнечник,2013,2,0,development,0.4425148665904999,0.43868470191955566,0.5652753118275837,0.5499293121990256,0.531898551627409,0.540255764794643
23779,AOI-0020,2013-06-10,0.4949496306718255,подсолнечник,2013,2,0,development,0.5133746266365051,0.487227201461792,0.4736218361717774,0.46294085315834677,0.5058475250724983,0.48858579719238604
23819,AOI-0020,2013-07-20,0.3322606456068075,подсолнечник,2013,1,0,development,0.29087069630622864,0.3115957975387573,0.31305523744396635,0.30798870574917353,0.3213553527844741,0.316074570703514
23844,AOI-0020,2013-08-14,0.3713061106809937,подсолнечник,2013,1,0,development,0.29758280515670776,0.3197857737541199,0.31776564934471313,0.3177081652658541,0.3275747300028004,0.3234719015687195
23875,AOI-0020,2013-09-14,0.4208870911009498,подсолнечник,2013,2,0,development,0.3125235140323639,0.3124021589756012,0.4040128645517152,0.4051342523420626,0.3921853277915019,0.39751171847994804
23876,AOI-0020,2013-09-15,0.3827523093248376,подсолнечник,2013,1,0,development,0.312563955783844,0.3124021589756012,0.3174880556939368,0.3131490869972394,0.3201390734834249,0.31747150402387203
23944,AOI-0020,2014-04-23,0.7170246218782976,подсолнечник,2014,2,0,development,0.48301559686660767,0.47827577590942383,0.6875690835524731,0.6733106648558137,0.651965994502504,0.6616418137043777
23980,AOI-0020,2014-05-29,0.629760030994075,подсолнечник,2014,1,0,development,0.6558395624160767,0.6235210299491882,0.6682576627430962,0.6696735587026632,0.6809367102405824,0.6761707285809004
24036,AOI-0020,2014-07-24,0.328293645385562,подсолнечник,2014,1,0,development,0.45652279257774353,0.4030674993991852,0.38836955040973575,0.38271111082391024,0.3875830019360248,0.3858702844195858
24051,AOI-0020,2014-08-08,0.2773838412603666,подсолнечник,2014,1,0,development,0.2180142104625702,0.2406512051820755,0.2583040960756692,0.2566549966103762,0.25749858115513286,0.25723924886244476
24068,AOI-0020,2014-08-25,0.1805248527092134,подсолнечник,2014,1,0,development,0.24273517727851868,0.24304260313510895,0.20233580147434407,0.19570344802241718,0.1970329673276056,0.1968486009440944
24100,AOI-0020,2014-09-26,0.187207307197785,подсолнечник,2014,1,0,development,0.24287638068199158,0.23890534043312073,0.1765512486860879,0.17582364155890004,0.18641833890799553,0.18204976919921145
24107,AOI-0020,2014-10-03,0.1790168544154742,подсолнечник,2014,1,0,development,0.22216494381427765,0.2317161113023758,0.1832076230368585,0.1869196808503933,0.18434707900893574,0.1852112007326881
24116,AOI-0020,2014-10-12,0.1669585705918788,подсолнечник,2014,1,0,development,0.21852262318134308,0.22296230494976044,0.16541927235296647,0.16360737851038154,0.16556500164843838,0.16485111131606492
24157,AOI-0020,2015-04-23,0.620972845585649,подсолнечник,2015,2,0,development,0.4867640435695648,0.47489842772483826,0.5575432183004643,0.5925369582262299,0.5856982009886282,0.5865976831747538
24179,AOI-0020,2015-05-15,0.7588241745476407,подсолнечник,2015,1,0,development,0.8044703602790833,0.8051718473434448,0.782969978128823,0.7808118107298074,0.7667039913671582,0.7726950857915078
24204,AOI-0020,2015-06-09,0.6601379914821036,подсолнечник,2015,1,0,development,0.6327465176582336,0.6327465176582336,0.6607302751704096,0.6525007440934277,0.6432793658554935,0.6475746563375374
24237,AOI-0020,2015-07-12,0.4080606753429477,подсолнечник,2015,2,0,development,0.4357292354106903,0.43475455045700073,0.43128606497405686,0.4366538930421743,0.41938945570124037,0.4262755655379579
24268,AOI-0020,2015-08-12,0.2222378182302643,подсолнечник,2015,1,0,development,0.282653272151947,0.282653272151947,0.257200062898185,0.258524663209705,0.26176352815962417,0.260341976385103
24283,AOI-0020,2015-08-27,0.2605492087784076,подсолнечник,2015,1,0,development,0.21593545377254486,0.25840821862220764,0.2491737385626067,0.24630472046921664,0.25029171253724214,0.24879209087695459
24315,AOI-0020,2015-09-28,0.2076937710617959,подсолнечник,2015,1,0,development,0.1596386730670929,0.18290072679519653,0.20543556478771985,0.2001600321837222,0.1992785126850063,0.1999388101259741
24353,AOI-0020,2016-04-06,0.4349472036581076,подсолнечник,2016,2,0,development,0.28112491965293884,0.28112491965293884,0.4168693133565299,0.41877446332552004,0.41158672847615557,0.4144719716567391
24417,AOI-0020,2016-06-09,0.6736114315863526,подсолнечник,2016,2,0,development,0.6009432077407837,0.5922437906265259,0.6603682027627104,0.6608451260505475,0.6569732689743781,0.6585580353353321
24442,AOI-0020,2016-07-04,0.5343884886836163,подсолнечник,2016,1,0,development,0.5095120072364807,0.5086050629615784,0.5053243140692746,0.5029573449451127,0.48840224308241426,0.49459109107874444
24449,AOI-0020,2016-07-11,0.4991008441786845,подсолнечник,2016,2,0,development,0.5214137434959412,0.5165806412696838,0.5451088961449299,0.5230645247233684,0.5261941356165415,0.5261179348885814
24506,AOI-0020,2016-09-06,0.3483306444275315,подсолнечник,2016,1,0,development,0.5439323782920837,0.5112267732620239,0.5114805942490538,0.5078258567895825,0.5040836424875011,0.505844278316532
24530,AOI-0020,2016-09-30,0.4365154402950172,подсолнечник,2016,1,0,development,0.4242214262485504,0.4156327545642853,0.38157332539315686,0.3987749048979939,0.37668100884692834,0.3849186798798021
24554,AOI-0020,2016-10-24,0.2317690212852221,подсолнечник,2016,1,0,development,0.28039711713790894,0.27771812677383423,0.24847577451534925,0.2501793788268039,0.23609032567229749,0.24185880181081176
24567,AOI-0020,2017-04-07,0.3434527611677805,подсолнечник,2017,2,0,development,0.19192689657211304,0.19192689657211304,0.412383367114351,0.43195721845246937,0.4483261763732394,0.4404253600550474
24583,AOI-0020,2017-04-23,0.5540666549419628,подсолнечник,2017,2,0,development,0.4112415909767151,0.41861510276794434,0.5541570798956663,0.5689875453503751,0.6046028741253928,0.5889564210799628
24658,AOI-0020,2017-07-07,0.5227463059945238,подсолнечник,2017,1,0,development,0.598064124584198,0.598064124584198,0.5897278195580195,0.5889510677910178,0.5684814762698011,0.5770432172870772
24667,AOI-0020,2017-07-16,0.4816444397915712,подсолнечник,2017,1,0,development,0.49852001667022705,0.5081871747970581,0.5094251029814038,0.5155434226751604,0.5025349038764643,0.5076081438479418
24678,AOI-0020,2017-07-27,0.4692015108811702,подсолнечник,2017,0,0,development,0.5404453873634338,0.5372926592826843,0.47413736466972756,0.46392108685772965,0.45284013904297393,0.45801981131501535
24679,AOI-0020,2017-07-28,0.5031213506858954,подсолнечник,2017,2,0,development,0.5341399908065796,0.5372926592826843,0.4789315199352917,0.4903055002517987,0.48784283331406864,0.48823501539197167
24683,AOI-0020,2017-08-01,0.4376975323968874,подсолнечник,2017,0,0,development,0.48875436186790466,0.46228474378585815,0.4395558186022832,0.4507673824002295,0.42967860501876526,0.43783118116884284
24696,AOI-0020,2017-08-14,0.3496907706418051,подсолнечник,2017,0,0,development,0.3523028492927551,0.33635884523391724,0.2993965213683002,0.3085623169592877,0.31502017912962577,0.31182286214868626
24706,AOI-0020,2017-08-24,0.3143024847494919,подсолнечник,2017,1,0,development,0.37366965413093567,0.34968996047973633,0.31790993521593996,0.30405401740026256,0.2990678534740021,0.30191360012194834
24739,AOI-0020,2017-09-26,0.2485699683066095,подсолнечник,2017,1,0,development,0.20954328775405884,0.22362755239009857,0.23076878882358567,0.2288857895232383,0.235061647176932,0.23259627021844204
24751,AOI-0020,2017-10-08,0.1738301524965923,подсолнечник,2017,0,0,development,0.16989976167678833,0.16989976167678833,0.16249230533503384,0.16506593040085124,0.1672977867388858,0.1662258309984353
24796,AOI-0020,2018-04-23,0.6416681322546606,подсолнечник,2018,2,0,development,0.49703124165534973,0.5555374026298523,0.5633913741661432,0.6007271007401436,0.6029963136056039,0.5999751916951566
24806,AOI-0020,2018-05-03,0.5271805724184341,подсолнечник,2018,0,0,development,0.5683484673500061,0.6079800724983215,0.5483026812241916,0.5361606704434233,0.5360963749552542,0.5367985235977333
24891,AOI-0020,2018-07-27,0.3063659182011195,подсолнечник,2018,1,0,development,0.2952846884727478,0.2952846884727478,0.2940981889761971,0.28721116225191184,0.28575313257475304,0.2867429862895404
24908,AOI-0020,2018-08-13,0.2659642982764686,подсолнечник,2018,2,0,development,0.272189736366272,0.27465006709098816,0.28625016003677933,0.2911682244430936,0.2710095956412343,0.2791251572188168
24915,AOI-0020,2018-08-20,0.2142974303605968,подсолнечник,2018,1,0,development,0.25360921025276184,0.22739176452159882,0.2204342141380912,0.2203797861609075,0.21800953892774871,0.21899895805680475
24938,AOI-0020,2018-09-12,0.13830090189649,подсолнечник,2018,1,0,development,0.14755676686763763,0.15122291445732117,0.16452898349227588,0.16453748166428073,0.16933724455127153,0.1673393237478566
24946,AOI-0020,2018-09-20,0.2029616461422501,подсолнечник,2018,1,0,development,0.1552952378988266,0.1582595705986023,0.2021432879427279,0.20051485937556263,0.20916945606246348,0.2056583776921927
24969,AOI-0020,2018-10-13,0.1670281954586592,подсолнечник,2018,0,0,development,0.18506605923175812,0.17501872777938843,0.1744422468414796,0.16934564580744585,0.17920995584833715,0.17538836343132014
24970,AOI-0020,2018-10-14,0.1473583104531159,подсолнечник,2018,1,0,development,0.19008971750736237,0.17501872777938843,0.15969163087069163,0.16325502642262005,0.15729174972037152,0.1595751889450749
24993,AOI-0020,2019-04-07,0.5633303200844179,подсолнечник,2019,2,0,development,0.33631742000579834,0.4368429481983185,0.6049940636068156,0.6009024390772101,0.556990979074033,0.5754925721295707
25018,AOI-0020,2019-05-02,0.7402343484367471,подсолнечник,2019,1,0,development,0.66402667760849,0.66402667760849,0.7588307897902297,0.7544131973304449,0.7653542561364927,0.7610467992898017
25025,AOI-0020,2019-05-09,0.8336689060851213,подсолнечник,2019,2,0,development,0.7788856625556946,0.7845844030380249,0.8282188846443735,0.824922758971198,0.8448662336418807,0.8367499903337144
25034,AOI-0020,2019-05-18,0.8466857189022692,подсолнечник,2019,0,0,development,0.8186525702476501,0.8244401812553406,0.8246674864424569,0.8275176585307252,0.8411691771423858,0.8353294824949506
25041,AOI-0020,2019-05-25,0.8487884628913123,подсолнечник,2019,2,0,development,0.8433545231819153,0.8418861031532288,0.8261171855804385,0.8440433313531541,0.8468084456948003,0.8446605973489396
25043,AOI-0020,2019-05-27,0.8723975465545577,подсолнечник,2019,1,0,development,0.8492282032966614,0.8418861031532288,0.8324042458342974,0.8491020448176249,0.8695712573651754,0.8601240758174727
25054,AOI-0020,2019-06-07,0.8233723029494731,подсолнечник,2019,0,0,development,0.7438266277313232,0.7534178495407104,0.7997927244886116,0.8084934526818998,0.7766435218552202,0.7894140756880239
25091,AOI-0020,2019-07-14,0.3277152931879813,подсолнечник,2019,1,0,development,0.24026329815387726,0.22943231463432312,0.2782845326167275,0.2634399092832094,0.26393053063413846,0.2645520786629789
25115,AOI-0020,2019-08-07,0.3609408606199601,подсолнечник,2019,1,0,development,0.19382800161838531,0.23017174005508423,0.3445152203931232,0.35166988321840265,0.31304055120359814,0.32871838956969146
25119,AOI-0020,2019-08-11,0.3468032560036771,подсолнечник,2019,0,0,development,0.36400726437568665,0.36400726437568665,0.3476655900922409,0.3440053521684507,0.31583259039532435,0.32776044078504896
25123,AOI-0020,2019-08-15,0.3843338614038917,подсолнечник,2019,1,0,development,0.3429412543773651,0.34146589040756226,0.36087008773764656,0.3702750518182243,0.37238067730558555,0.37098126429965916
25137,AOI-0020,2019-08-29,0.3267689186985479,подсолнечник,2019,0,0,development,0.2887309193611145,0.2954895496368408,0.2951141712178614,0.28885735932696993,0.2851268908647621,0.2870273773514319
25153,AOI-0020,2019-09-14,0.2494790362293352,подсолнечник,2019,2,0,development,0.14456254243850708,0.14456254243850708,0.2682610636436692,0.270660619414748,0.24667784560700934,0.2565249369189653
25184,AOI-0020,2019-10-15,0.333081815160675,подсолнечник,2019,0,0,development,0.44197311997413635,0.4052865207195282,0.35569511956706257,0.34643569030506066,0.32765341606025056,0.335984814184203
25206,AOI-0020,2020-04-07,0.5416583293985084,подсолнечник,2020,0,0,development,0.5309877991676331,0.528355598449707,0.5356894978894767,0.5389623341929551,0.5470333088740333,0.5434924782796766
25246,AOI-0020,2020-05-17,0.6082960432818136,подсолнечник,2020,0,0,development,0.6265801191329956,0.6345822811126709,0.5895133476824121,0.5932148498152203,0.5813276581745316,0.5860686855520355
25256,AOI-0020,2020-05-27,0.6535393894812168,подсолнечник,2020,0,0,development,0.7012796401977539,0.7043582797050476,0.6729142937039186,0.6667665280200801,0.6562614372145534,0.6609751549507359
25271,AOI-0020,2020-06-11,0.5690729306792163,подсолнечник,2020,0,0,development,0.5642051100730896,0.5168160200119019,0.5378056851957826,0.5364388592088934,0.5431063960478122,0.5404076922377996
25301,AOI-0020,2020-07-11,0.1616582633962313,подсолнечник,2020,0,0,development,0.1931615024805069,0.2032652199268341,0.20653971222687884,0.202906148482675,0.17214614825765356,0.18514920862597872
25334,AOI-0020,2020-08-13,0.2838170304258999,подсолнечник,2020,0,0,development,0.3262979984283447,0.31519851088523865,0.21619576752767558,0.22416678546534427,0.220536301040515,0.22160376452262995
25336,AOI-0020,2020-08-15,0.2562140393572753,подсолнечник,2020,0,0,development,0.3040989935398102,0.31519851088523865,0.22914995684482867,0.2335903717992927,0.23351051077856255,0.23329675009747836
25338,AOI-0020,2020-08-17,0.3156281451757222,подсолнечник,2020,1,0,development,0.2673291862010956,0.2673291862010956,0.2976584721165313,0.30540260482702913,0.2996813901568665,0.30163154304055373
25359,AOI-0020,2020-09-07,0.1981813904815127,подсолнечник,2020,0,0,development,0.23075613379478455,0.22971458733081818,0.21669109906709463,0.21769783262314507,0.20626250380974892,0.21096538075921717
25362,AOI-0020,2020-09-10,0.2226382516784603,подсолнечник,2020,1,0,development,0.24119333922863007,0.24746441841125488,0.235515424696122,0.23299731849238262,0.22008815848272698,0.2256004455010786
25364,AOI-0020,2020-09-12,0.2144820843541867,подсолнечник,2020,0,0,development,0.2537355124950409,0.24746441841125488,0.21638197056789724,0.21664964201691483,0.2184774090704431,0.21770188455996914
25379,AOI-0020,2020-09-27,0.1661253061359134,подсолнечник,2020,0,0,development,0.20914128422737122,0.21650727093219757,0.15637953194845391,0.1617686232145239,0.16252598150400577,0.1619110378136298
25389,AOI-0020,2020-10-07,0.1916991566250955,подсолнечник,2020,0,0,development,0.19764935970306396,0.21300780773162842,0.18197407090686754,0.1829198956748398,0.18645769216857885,0.1849328075161793
25401,AOI-0020,2020-10-19,0.1687133639251154,подсолнечник,2020,0,0,development,0.21287167072296143,0.2010214477777481,0.16866169785727578,0.16457080383815792,0.1624447736002663,0.16355708635053282
25454,AOI-0020,2021-05-12,0.4587836316759776,подсолнечник,2021,0,0,development,0.41134434938430786,0.41134434938430786,0.38381675815493294,0.4104551973741436,0.40284638029289443,0.40453108552739003
25482,AOI-0020,2021-06-09,0.6573827929105995,подсолнечник,2021,0,0,development,0.7158159017562866,0.6564070582389832,0.6129942326462484,0.5985808268100251,0.6130351294271945,0.6078216274071047
25484,AOI-0020,2021-06-11,0.6349596811809453,подсолнечник,2021,0,0,development,0.7401202321052551,0.7050157189369202,0.6643953394703197,0.6529347805428022,0.6255127754818578,0.6375620822302319
25489,AOI-0020,2021-06-16,0.7691645325441391,подсолнечник,2021,0,0,development,0.7101635932922363,0.729002833366394,0.7106127761858301,0.7185401459743211,0.7169671205381545,0.7171807888867289
25513,AOI-0020,2021-07-10,0.6853125968616036,подсолнечник,2021,1,0,development,0.596325159072876,0.5488989949226379,0.6530319360815128,0.6313931016223443,0.6103278759087912,0.6202979336521142
25514,AOI-0020,2021-07-11,0.3945546905984715,подсолнечник,2021,0,0,development,0.5014727711677551,0.5488989949226379,0.6297909424288158,0.6372003023152205,0.6230813137964203,0.6285448686369035
25522,AOI-0020,2021-07-19,0.3823454052161514,подсолнечник,2021,0,0,development,0.3680996894836426,0.35040947794914246,0.35813768706346066,0.367754105132843,0.3649738133636122,0.36559594008190016
25534,AOI-0020,2021-07-31,0.3125724272924918,подсолнечник,2021,0,0,development,0.23967701196670532,0.2498503178358078,0.2962057656275404,0.2944945297151721,0.2996113688399678,0.29757715411888574
25569,AOI-0020,2021-09-04,0.1344518573219309,подсолнечник,2021,0,0,development,0.22017218172550201,0.2183467149734497,0.16731814535196254,0.15997436972897053,0.15290342220138267,0.15625452935817755
25584,AOI-0020,2021-09-19,0.1789419564071697,подсолнечник,2021,0,0,development,0.25131160020828247,0.267122358083725,0.2191900749077822,0.22290727141571887,0.210799406810473,0.2156313954833155
25585,AOI-0020,2021-09-20,0.2111864124869969,подсолнечник,2021,1,0,development,0.2565818727016449,0.267122358083725,0.26170083087759666,0.267386337336959,0.2373692917598375,0.24954479998580784
25622,AOI-0020,2021-10-27,0.3182320967281996,подсолнечник,2021,0,0,development,0.3194868862628937,0.31436780095100403,0.30435339197948447,0.31787890844774197,0.2897502033774087,0.3007037725405168
25680,AOI-0020,2022-05-25,0.8591950041518771,подсолнечник,2022,0,0,development,0.863804042339325,0.7125837802886963,0.8319617735748946,0.8220934260284082,0.8519690412517329,0.8400850579622501
25682,AOI-0020,2022-05-27,0.8309971308256779,подсолнечник,2022,0,0,development,0.8830947279930115,0.8791207671165466,0.8060037170202359,0.8143892269256667,0.798634057013428,0.8047242201360811
25694,AOI-0020,2022-06-08,0.8557058845952608,подсолнечник,2022,1,0,development,0.854180097579956,0.8568722009658813,0.8429642473475806,0.8456125410333672,0.8484210988040413,0.84710499215058
25717,AOI-0020,2022-07-01,0.2836678876315762,подсолнечник,2022,0,0,development,0.349560022354126,0.34634774923324585,0.2834905845487113,0.28428237279486784,0.3050746897869885,0.2963778083701704
25720,AOI-0020,2022-07-04,0.2533151051208594,подсолнечник,2022,0,0,development,0.3431354761123657,0.34634774923324585,0.27469675644609964,0.27738768149893067,0.2840980798514246,0.2811558291328356
25728,AOI-0020,2022-07-12,0.262832753992351,подсолнечник,2022,1,0,development,0.23057125508785248,0.23162661492824554,0.2816600381790036,0.270829408629758,0.2603174107490254,0.2652944842616507
25729,AOI-0020,2022-07-13,0.3051733977068653,подсолнечник,2022,1,0,development,0.23162661492824554,0.23162661492824554,0.2702096216906996,0.2695495146762549,0.2816025670022439,0.27662334008395484
25730,AOI-0020,2022-07-14,0.1888196758510134,подсолнечник,2022,0,0,development,0.2326819896697998,0.23162661492824554,0.1938823525074089,0.19092284277814997,0.1811005994654408,0.18535280167550916
25776,AOI-0020,2022-08-29,0.2603937038339782,подсолнечник,2022,2,0,development,0.17126336693763733,0.17126336693763733,0.2637222234268138,0.2585896398705805,0.2418434918944011,0.24909799151640036
25779,AOI-0020,2022-09-01,0.144734943219178,подсолнечник,2022,1,0,development,0.21624156832695007,0.21624156832695007,0.23353177106981357,0.21909138992272717,0.23909516995979882,0.23157372244178628
25807,AOI-0020,2022-09-29,0.2192996499897061,подсолнечник,2022,0,0,development,0.25827693939208984,0.23938386142253876,0.21077973972848255,0.2160768374410768,0.20255891546759924,0.20788982636808384
25810,AOI-0020,2022-10-02,0.3132833685306422,подсолнечник,2022,1,0,development,0.3210124969482422,0.3261761963367462,0.22842758063942253,0.22497423098528166,0.21494195417136483,0.21930903252986572
25845,AOI-0020,2023-04-07,0.3628646500175871,подсолнечник,2023,2,0,development,0.2329900711774826,0.22782491147518158,0.388289330146596,0.39140147141467685,0.3651497122994759,0.3759014173829736
25848,AOI-0020,2023-04-10,0.1930996551411145,подсолнечник,2023,0,0,development,0.2639809846878052,0.22782491147518158,0.18956883198618338,0.20225584851191922,0.1829180403923663,0.1902598697869764
25934,AOI-0020,2023-07-05,0.7684199050507442,подсолнечник,2023,1,0,development,0.7269408106803894,0.7496575117111206,0.7716247320184805,0.7774787799336148,0.7821206172631539,0.7798632630317834
25935,AOI-0020,2023-07-06,0.7684489514141601,подсолнечник,2023,0,0,development,0.7420852780342102,0.7496575117111206,0.776177218010589,0.7785026273391555,0.7970543221042792,0.7892045814165778
25943,AOI-0020,2023-07-14,0.8294415134968348,подсолнечник,2023,0,0,development,0.7736530303955078,0.7736530303955078,0.7763687700838553,0.7810943412383704,0.7829009220820363,0.7818862464623699
25954,AOI-0020,2023-07-25,0.8231587477762455,подсолнечник,2023,1,0,development,0.8007469773292542,0.8007469773292542,0.8132969202127996,0.812392103411588,0.8200128700677081,0.8168917753817571
25965,AOI-0020,2023-08-05,0.7741945835994014,подсолнечник,2023,0,0,development,0.7579630613327026,0.7554979920387268,0.7844690139287207,0.7765008684093843,0.7561750997481538,0.7650770048365284
25983,AOI-0020,2023-08-23,0.4096197219263314,подсолнечник,2023,0,0,development,0.23934264481067657,0.2903450131416321,0.42419189095382315,0.429234598681629,0.4196432985321695,0.423354274141328
25994,AOI-0020,2023-09-03,0.3044897987520619,подсолнечник,2023,1,0,development,0.27620449662208557,0.27620449662208557,0.31014762954683733,0.3154522835853227,0.31319134635588514,0.3138371799491102
26002,AOI-0020,2023-09-11,0.3026842839681133,подсолнечник,2023,1,0,development,0.2423645406961441,0.24009643495082855,0.30171272098718127,0.29685402285766466,0.30258421177345424,0.3004698237227915
26035,AOI-0020,2023-10-14,0.1874177284062196,подсолнечник,2023,0,0,development,0.2237962782382965,0.2237962782382965,0.18822196591187662,0.19260173282640763,0.19735410551401075,0.19513275733066088
26042,AOI-0020,2023-10-21,0.1555014520673907,подсолнечник,2023,1,0,development,0.18997356295585632,0.18692666292190552,0.16174902756223605,0.15121806733270907,0.1934967667085395,0.1764880281799664
26062,AOI-0020,2024-04-11,0.5882958360893601,подсолнечник,2024,0,0,development,0.6154923439025879,0.6154923439025879,0.566105107227819,0.5622830759344671,0.5880200740957715,0.5775220768408884
26065,AOI-0020,2024-04-14,0.64477716528873,подсолнечник,2024,0,0,development,0.6755115389823914,0.7241181135177612,0.6106669591651752,0.5984342317666029,0.594918497940444,0.5970620279538338
26104,AOI-0020,2024-05-23,0.8245121412965571,подсолнечник,2024,1,0,development,0.7870498895645142,0.7777535915374756,0.8322278394690549,0.8262190575359187,0.8074587046339115,0.815600164854676
26105,AOI-0020,2024-05-24,0.7912511175015758,подсолнечник,2024,0,0,development,0.7843937873840332,0.7777535915374756,0.813423104243073,0.8008648830377249,0.8022135501710088,0.8023508379804403
26132,AOI-0020,2024-06-20,0.2742392351227048,подсолнечник,2024,0,0,development,0.29853346943855286,0.29293888807296753,0.28861070312386206,0.2849949848033817,0.29623752900730477,0.2917600035857475
26161,AOI-0020,2024-07-19,0.2526483352629439,подсолнечник,2024,1,0,development,0.1704346090555191,0.1704346090555191,0.21995720553786227,0.2134770733749823,0.21491171932057035,0.21467513668576538
26184,AOI-0020,2024-08-11,0.206191396413706,подсолнечник,2024,1,0,development,0.14876340329647064,0.1488388627767563,0.21408388868359213,0.20776433079385925,0.21350122135950192,0.21146530378564507
26192,AOI-0020,2024-08-19,0.1969560585993467,подсолнечник,2024,0,0,development,0.21801258623600006,0.21018701791763306,0.17943815943881963,0.17440044611742406,0.1810914760196429,0.17858718624052655
26212,AOI-0020,2024-09-08,0.1962026584184661,подсолнечник,2024,0,0,development,0.1756664216518402,0.17145396769046783,0.1817055563987316,0.18279585756389624,0.17149382123785253,0.17613657937949798
26225,AOI-0020,2024-09-21,0.151800137728979,подсолнечник,2024,0,0,development,0.1898730993270874,0.17064984142780304,0.16175425034382265,0.15871073468120298,0.1567508091193182,0.15773573671951996
26227,AOI-0020,2024-09-23,0.1589210912148327,подсолнечник,2024,0,0,development,0.17064984142780304,0.17064984142780304,0.16054660609223942,0.15606135470767207,0.16309476456372696,0.16041726110914264
26240,AOI-0020,2024-10-06,0.1429394041484477,подсолнечник,2024,0,0,development,0.1649780124425888,0.14230668544769287,0.1337697916800491,0.12163367089253341,0.14212142901938885,0.13427039828584197
26351,AOI-0021,2010-06-26,0.8272645433255268,подсолнечник,2010,2,0,development,0.6035236716270447,0.6246533393859863,0.6980060777596758,0.7148354828876475,0.7474191153430899,0.7329231298688348
26368,AOI-0021,2010-07-13,0.8371207066022536,подсолнечник,2010,1,0,development,0.7964242696762085,0.7654476165771484,0.8321579399362236,0.8483564024387171,0.8175206982369314,0.8294521192451478
26383,AOI-0021,2010-07-28,0.7229836535010792,подсолнечник,2010,1,0,development,0.7344710230827332,0.7654476165771484,0.7108233338995298,0.7084146293385901,0.7450726682017574,0.729951203531517
26391,AOI-0021,2010-08-05,0.6787825448351275,подсолнечник,2010,1,0,development,0.611032247543335,0.6621645092964172,0.6620003755042289,0.672883938543858,0.6292176433349891,0.6467842242996855
26408,AOI-0021,2010-08-22,0.3838680428188726,подсолнечник,2010,1,0,development,0.4022265374660492,0.41090866923332214,0.36562220012370666,0.38418026846634207,0.38666578506384597,0.38459914258308836
26484,AOI-0021,2011-04-07,0.5274496487119438,подсолнечник,2011,2,0,development,0.5007184147834778,0.525026261806488,0.5300728532361103,0.5256611036376081,0.5423800029604664,0.5356677405490975
26503,AOI-0021,2011-04-26,0.6024824251826373,подсолнечник,2011,1,0,development,0.6758667230606079,0.7402255535125732,0.6053350030214343,0.6192670837508234,0.6102261727972036,0.6132136350877152
26544,AOI-0021,2011-06-06,0.8473036516406967,подсолнечник,2011,1,0,development,0.8577158451080322,0.810766339302063,0.8757033387356811,0.8752885369948896,0.8629081655873221,0.8680833992909122
26560,AOI-0021,2011-06-22,0.6317724257233457,подсолнечник,2011,1,0,development,0.5942307710647583,0.6428903937339783,0.5996952004100776,0.6000600161664854,0.5922898211330306,0.5955031384903419
26600,AOI-0021,2011-08-01,0.2501036796554136,подсолнечник,2011,1,0,development,0.3062090277671814,0.29670602083206177,0.24413385881405594,0.2390687211676368,0.24017855300649427,0.23999843539355734
26647,AOI-0021,2011-09-17,0.5407630472843642,подсолнечник,2011,1,0,development,0.6091078519821167,0.6029734015464783,0.5688574066896487,0.5834762105244321,0.5910301918777457,0.5870733986293303
26790,AOI-0021,2012-07-09,0.3228850793591381,подсолнечник,2012,1,0,development,0.34705549478530884,0.3698987364768982,0.34119229478316,0.3403149433428534,0.35632742220933966,0.3497125419356175
26792,AOI-0021,2012-07-11,0.3441710538641686,подсолнечник,2012,2,0,development,0.3287808895111084,0.3698987364768982,0.40380902638015115,0.3840526612672938,0.35717527916168945,0.36945938703314674
26856,AOI-0021,2012-09-13,0.3082799531615925,подсолнечник,2012,2,0,development,0.25520336627960205,0.22520190477371216,0.2852058620620986,0.276373095602235,0.30170144492851697,0.2916522281592964
26879,AOI-0021,2012-10-06,0.1976496199624507,подсолнечник,2012,1,0,development,0.28340041637420654,0.28340041637420654,0.19249438276586028,0.19226883303782835,0.21513676408220644,0.20563269308525922
26926,AOI-0021,2013-04-23,0.824092131147541,подсолнечник,2013,2,0,development,0.8154312372207642,0.8012122511863708,0.8225889838752571,0.8280796607500266,0.8333921533534676,0.830875914474708
27038,AOI-0021,2013-08-13,0.1929899356191318,подсолнечник,2013,1,0,development,0.22951383888721466,0.2311118096113205,0.23163968476136446,0.22661931658338233,0.20989136369323652,0.2171320494188233
27039,AOI-0021,2013-08-14,0.2571204639153063,подсолнечник,2013,1,0,development,0.23270979523658752,0.2311118096113205,0.24413910868431568,0.2491241494574976,0.24786507507864344,0.24811175614527736
27047,AOI-0021,2013-08-22,0.1357335606858578,подсолнечник,2013,1,0,development,0.2560153901576996,0.25881701707839966,0.22390841726195324,0.2288637926942457,0.21863388016587096,0.22261547568265583
27071,AOI-0021,2013-09-15,0.4204681221715318,подсолнечник,2013,1,0,development,0.3441978693008423,0.3629753291606903,0.2684978714426783,0.2645167045468805,0.27014967645195204,0.2680269336793608
27175,AOI-0021,2014-05-29,0.8512129164317838,подсолнечник,2014,1,0,development,0.8420093655586243,0.8317015767097473,0.9103122938421583,0.9056162224668635,0.8939458477613635,0.8990637553090518
27183,AOI-0021,2014-06-06,0.7213914429696111,подсолнечник,2014,1,0,development,0.7391788363456726,0.6570873260498047,0.7808808155025485,0.7837161389992423,0.7639641676516793,0.7720263476151235
27254,AOI-0021,2014-08-16,0.2335526684701607,подсолнечник,2014,1,0,development,0.29245710372924805,0.2866462767124176,0.21217685293435493,0.22294555391306606,0.23279490213227025,0.22809703871027642
27287,AOI-0021,2014-09-18,0.2608765984043342,подсолнечник,2014,1,0,development,0.2121628224849701,0.21947650611400604,0.242402390676869,0.24105378436954025,0.24562401364209127,0.24379710261613852
27299,AOI-0021,2014-09-30,0.2677934426229508,подсолнечник,2014,2,0,development,0.22700382769107819,0.22723832726478577,0.28229331578937045,0.26922410580190786,0.29638758773074664,0.2858103198007427
27303,AOI-0021,2014-10-04,0.258788143624315,подсолнечник,2014,1,0,development,0.22865337133407593,0.23782294988632202,0.23498207714504452,0.22951920305831755,0.2531111320908608,0.24359708816770145
27315,AOI-0021,2014-10-16,0.2305537236533957,подсолнечник,2014,2,0,development,0.18404172360897064,0.19461306929588318,0.2468148577724618,0.23916378081840672,0.2526009571302754,0.24743458760270537
27352,AOI-0021,2015-04-23,0.4065285457809695,подсолнечник,2015,2,0,development,0.27556535601615906,0.27037927508354187,0.3633008871510451,0.37460648707927025,0.37130119336162754,0.37204784289017523
27359,AOI-0021,2015-04-30,0.3351193576490769,подсолнечник,2015,1,0,development,0.3220662772655487,0.42509281635284424,0.3289871679577282,0.32681530526225316,0.33955070574207696,0.3343716062928832
27400,AOI-0021,2015-06-10,0.4364146604215456,подсолнечник,2015,2,0,development,0.35952502489089966,0.3815320134162903,0.5849704975837966,0.5908144162177343,0.5726450721836611,0.5798812817497696
27406,AOI-0021,2015-06-16,0.329194820552397,подсолнечник,2015,1,0,development,0.3798391819000244,0.3815320134162903,0.4246433316774091,0.4108034456608871,0.39082879335192144,0.3999111912856237
27448,AOI-0021,2015-07-28,0.7266385011709603,подсолнечник,2015,2,0,development,0.7928618788719177,0.771756649017334,0.7295178142995905,0.7200968027464713,0.7220816064433402,0.7217796571588833
27503,AOI-0021,2015-09-21,0.3174737921774952,подсолнечник,2015,1,0,development,0.2675759494304657,0.28105175495147705,0.2889595824886802,0.2883186950032478,0.2980166051871734,0.2940164147337939
27518,AOI-0021,2015-10-06,0.1611968064544642,подсолнечник,2015,1,0,development,0.28718701004981995,0.2831330895423889,0.08550783551509289,0.07881415232225471,0.16865504506965162,0.13163958835031458
27548,AOI-0021,2016-04-06,0.7075830913348948,подсолнечник,2016,2,0,development,0.5297202467918396,0.5297202467918396,0.6582113205328041,0.6290174968298744,0.6860430921358625,0.6639354606575385
27565,AOI-0021,2016-04-23,0.7954082408986946,подсолнечник,2016,1,0,development,0.7750755548477173,0.7750755548477173,0.7867993289807177,0.7850527817041986,0.7689724023140462,0.7757614924860079
27628,AOI-0021,2016-06-25,0.4098446370023419,подсолнечник,2016,2,0,development,0.4657849669456482,0.5704891681671143,0.4287452515480709,0.4236124612745725,0.43042481323469123,0.42787532320014887
27702,AOI-0021,2016-09-07,0.4722993482871495,подсолнечник,2016,1,0,development,0.44041749835014343,0.44276055693626404,0.44575029316638015,0.4414996288022043,0.45170873503924036,0.4476965990665131
27708,AOI-0021,2016-09-13,0.3760984074941452,подсолнечник,2016,2,0,development,0.44510364532470703,0.44276055693626404,0.40530096696758994,0.4179460602313743,0.41004890180770975,0.4126319729718547
27733,AOI-0021,2016-10-08,0.2050357147904786,подсолнечник,2016,1,0,development,0.2848750054836273,0.30902430415153503,0.22792848063995566,0.2290894949069276,0.2122335063115946,0.21918363929757043
27742,AOI-0021,2016-10-17,0.2048830768666725,подсолнечник,2016,1,0,development,0.2848087251186371,0.26874426007270813,0.24313655129079167,0.24253032664398957,0.23374815775642802,0.23743662718976927
27773,AOI-0021,2017-04-18,0.2052198038909943,подсолнечник,2017,1,0,development,0.2695927321910858,0.2695927321910858,0.20965933310330687,0.2101082072045101,0.21400302833013624,0.21235720845415945
27814,AOI-0021,2017-05-29,0.2738941356576921,подсолнечник,2017,1,0,development,0.46762633323669434,0.42789575457572937,0.353501288369722,0.35597404284692685,0.3329005926650634,0.34236519224599915
27826,AOI-0021,2017-06-10,0.6345139578454332,подсолнечник,2017,2,0,development,0.395561158657074,0.40850505232810974,0.6296610142264085,0.6082393505131023,0.6162046651904124,0.6140814216348929
27842,AOI-0021,2017-06-26,0.565630725995316,подсолнечник,2017,2,0,development,0.6422885656356812,0.6462025046348572,0.6447988832835929,0.6066300073289701,0.6448677298039074,0.6310780080400071
27874,AOI-0021,2017-07-28,0.5161390632318501,подсолнечник,2017,2,0,development,0.7206088304519653,0.7237563133239746,0.6032133617314329,0.608171725236848,0.6302740483807346,0.6208002374673738
27890,AOI-0021,2017-08-13,0.3946647775175643,подсолнечник,2017,2,0,development,0.5061571002006531,0.4795532822608948,0.4415543473809269,0.43815383792478135,0.4177916425156136,0.4264546349138163
27891,AOI-0021,2017-08-14,0.483683441613138,подсолнечник,2017,0,0,development,0.4795532822608948,0.4795532822608948,0.43111016857710316,0.4140073818839314,0.47878955153212127,0.452781422043544
27906,AOI-0021,2017-08-29,0.3097398873024795,подсолнечник,2017,0,0,development,0.35918688774108887,0.35918688774108887,0.30426810767172957,0.287866775694734,0.31421935008538526,0.3041648930414311
27942,AOI-0021,2017-10-04,0.2151808486929799,подсолнечник,2017,1,0,development,0.24698713421821594,0.24698713421821594,0.21101438828215321,0.21549086423917965,0.204392886001314,0.2087623703873181
27943,AOI-0021,2017-10-05,0.2112630224036273,подсолнечник,2017,0,0,development,0.23700477182865143,0.24698713421821594,0.21616618366100693,0.2168463230067096,0.2043434436294436,0.20950875429837185
27949,AOI-0021,2017-10-11,0.2049210587753945,подсолнечник,2017,1,0,development,0.2412666231393814,0.22986362874507904,0.2137290185696012,0.2139300251548905,0.19805424236708413,0.204649857062556
27981,AOI-0021,2018-04-13,0.5316982538717584,подсолнечник,2018,1,0,development,0.5235390663146973,0.5146195888519287,0.5494862001450748,0.5445721823184716,0.5452599061877647,0.5452470452158573
27989,AOI-0021,2018-04-21,0.677941742550934,подсолнечник,2018,1,0,development,0.7487412095069885,0.6746829152107239,0.6297264355998486,0.6464139351961243,0.6369251668160042,0.6399457390304104
27999,AOI-0021,2018-05-01,0.8161291960406337,подсолнечник,2018,0,0,development,0.7982192635536194,0.8047540187835693,0.8028028503311306,0.8161529577276159,0.7997451792068564,0.8058307764277401
28071,AOI-0021,2018-07-12,0.2719141920374707,подсолнечник,2018,2,0,development,0.2926047444343567,0.26278942823410034,0.2993281286182538,0.30011468388576484,0.3120296587036543,0.3070274238305707
28093,AOI-0021,2018-08-03,0.3391448020109723,подсолнечник,2018,1,0,development,0.2127520889043808,0.2473260760307312,0.2503493892027715,0.2551719688769689,0.2451906242520825,0.24907616352990808
28103,AOI-0021,2018-08-13,0.2966374238875878,подсолнечник,2018,2,0,development,0.2403695285320282,0.23346169292926788,0.2783606631500402,0.2751036979499635,0.2779321791403437,0.27693625755774837
28150,AOI-0021,2018-09-29,0.2311860745334736,подсолнечник,2018,1,0,development,0.21214421093463898,0.21214421093463898,0.22185509360318614,0.21939396377922485,0.21534793414944212,0.21716861074739435
28167,AOI-0021,2018-10-16,0.2230528805620608,подсолнечник,2018,2,0,development,0.1985166221857071,0.1985166221857071,0.23223079000232766,0.2257619501469832,0.2541475239536418,0.24269453423280773
28181,AOI-0021,2018-10-30,0.1278706480349914,подсолнечник,2018,1,0,development,0.1985166221857071,0.1985166221857071,0.18669807098794763,0.17817985953033286,0.18759246387455153,0.1841491762315377
28207,AOI-0021,2019-04-26,0.1833349843748014,подсолнечник,2019,0,0,development,0.2185327559709549,0.21234168112277985,0.18678681580515483,0.18292386688305876,0.18803592282095896,0.18612338633324682
28242,AOI-0021,2019-05-31,0.2505585987253161,подсолнечник,2019,0,0,development,0.2539118528366089,0.2479943037033081,0.29618421137867235,0.31465420746494216,0.2691331664514209,0.28704961965937154
28249,AOI-0021,2019-06-07,0.3886792501251834,подсолнечник,2019,0,0,development,0.42082327604293823,0.43996334075927734,0.44103229809745126,0.4334984946227224,0.41876339601298745,0.42531455257214934
28252,AOI-0021,2019-06-10,0.4418066033560508,подсолнечник,2019,0,0,development,0.4782434403896332,0.43996334075927734,0.5551775558342377,0.5815165489527625,0.4868470438361213,0.5247791965120241
28254,AOI-0021,2019-06-12,0.4912681501251453,подсолнечник,2019,0,0,development,0.515367329120636,0.5333511829376221,0.5435331596653455,0.5520137050940471,0.4958665994424171,0.5187608056332949
28259,AOI-0021,2019-06-17,0.5918459654402133,подсолнечник,2019,0,0,development,0.6129616498947144,0.6129616498947144,0.5769970070032111,0.5805155211707602,0.5697888708767277,0.5740571110899859
28262,AOI-0021,2019-06-20,0.615304293242593,подсолнечник,2019,0,0,development,0.6410653591156006,0.6332957744598389,0.5798824453842448,0.5977994947797624,0.6107335699756568,0.6043543578292843
28289,AOI-0021,2019-07-17,0.5583857201426391,подсолнечник,2019,0,0,development,0.7281689047813416,0.7281689047813416,0.6526079240300351,0.663965940935382,0.6653426483545243,0.664137941332942
28316,AOI-0021,2019-08-13,0.5451708665105386,подсолнечник,2019,2,0,development,0.7287659049034119,0.7330907583236694,0.6219242545075776,0.6323531434983971,0.5339366756734895,0.5743131373205654
28327,AOI-0021,2019-08-24,0.3554922486401701,подсолнечник,2019,0,0,development,0.22526511549949646,0.2466086894273758,0.30550085975915564,0.31114138813600395,0.267663327369298,0.28544321402795275
28366,AOI-0021,2019-10-02,0.2955048824072572,подсолнечник,2019,1,0,development,0.09554047137498856,0.14504949748516083,0.2553867613551062,0.26163626962568587,0.24055698269374812,0.24898162055956663
28373,AOI-0021,2019-10-09,0.2984699050573971,подсолнечник,2019,1,0,development,0.2110615372657776,0.14504949748516083,0.290674772767065,0.27736522176854084,0.27865536140668995,0.27885879800709334
28380,AOI-0021,2019-10-16,0.3966317564402809,подсолнечник,2019,2,0,development,0.23964346945285797,0.23170210421085358,0.3672495588872244,0.3665077028326848,0.35901168812999784,0.3621724617370742
28396,AOI-0021,2020-04-02,0.5553300199846536,подсолнечник,2020,0,0,development,0.48138079047203064,0.48138079047203064,0.46992994096246127,0.464830880163048,0.4674162263259226,0.46662395215085795
28397,AOI-0021,2020-04-03,0.5364429064056793,подсолнечник,2020,1,0,development,0.48138079047203064,0.48138079047203064,0.45245924920621744,0.4428556911675907,0.455352840528399,0.45068627399274985
28437,AOI-0021,2020-05-13,0.7702701575449643,подсолнечник,2020,1,0,development,0.6763864159584045,0.6800309419631958,0.6766815007572498,0.6925475564702849,0.7234798475967736,0.7097246627331357
28441,AOI-0021,2020-05-17,0.4906985994021658,подсолнечник,2020,0,0,development,0.6812458038330078,0.6800309419631958,0.67810484686865,0.6620550775766461,0.6644962245308603,0.6643730859363988
28453,AOI-0021,2020-05-29,0.7622116376052932,подсолнечник,2020,1,0,development,0.6735038161277771,0.6735038161277771,0.7474948517493404,0.7480205718115657,0.7630041275582652,0.7567393944097868
28460,AOI-0021,2020-06-05,0.7924481445067098,подсолнечник,2020,1,0,development,0.6901142597198486,0.642553985118866,0.8051272682712759,0.8055884192847869,0.8006757842578113,0.8026945534911754
28480,AOI-0021,2020-06-25,0.4233605152224824,подсолнечник,2020,2,0,development,0.3113366663455963,0.29656359553337097,0.39162711518604554,0.36677752031924266,0.3783647358217537,0.3749248945506848
28481,AOI-0021,2020-06-26,0.2989574811467863,подсолнечник,2020,0,0,development,0.3014879524707794,0.29656359553337097,0.2963000114840516,0.29199551694219983,0.2962816714772676,0.2947373991626414
28514,AOI-0021,2020-07-29,0.0530783169418111,подсолнечник,2020,0,0,development,0.21138650178909302,0.21138650178909302,0.14912761347039621,0.1508354824748515,0.1449491378436496,0.1473037738555707
28528,AOI-0021,2020-08-12,0.2682641686182669,подсолнечник,2020,2,0,development,0.14366012811660767,0.1467653214931488,0.27667806664067934,0.26342010528650656,0.2603184133783569,0.2623466655323429
28554,AOI-0021,2020-09-07,0.1508729714940056,подсолнечник,2020,0,0,development,0.16845852136611938,0.16741293668746948,0.15423839076856358,0.160036270907411,0.15152436271576192,0.15474413735033984
28557,AOI-0021,2020-09-10,0.1744732565875861,подсолнечник,2020,1,0,development,0.1703203022480011,0.16916000843048096,0.19018570412551053,0.1804139258688806,0.18207014158013102,0.18192444719608333
28569,AOI-0021,2020-09-22,0.1751214021159149,подсолнечник,2020,0,0,development,0.14097212255001068,0.13476550579071045,0.17261665976524623,0.17151139418686376,0.16453594396352744,0.16750029618517556
28584,AOI-0021,2020-10-07,0.1812151766950177,подсолнечник,2020,0,0,development,0.19038578867912292,0.20683038234710693,0.16810027412140566,0.16850043592371122,0.17111753385111977,0.17000615520207502
28622,AOI-0021,2021-04-15,0.2268632221035212,подсолнечник,2021,0,0,development,0.2944161593914032,0.2993592917919159,0.23998248523698912,0.22852608545329806,0.21907570884464272,0.2236457908191855
28639,AOI-0021,2021-05-02,0.3556162084346811,подсолнечник,2021,0,0,development,0.4661596715450287,0.480637788772583,0.32544161358481294,0.324725383173986,0.33366415173773023,0.3299840732068525
28642,AOI-0021,2021-05-05,0.3526175280535416,подсолнечник,2021,0,0,development,0.4372034966945648,0.480637788772583,0.33883621272813236,0.3392272901259333,0.317429828966302,0.3264792105771857
28699,AOI-0021,2021-07-01,0.7204501511055459,подсолнечник,2021,0,0,development,0.615537703037262,0.615537703037262,0.6906198362521732,0.6948030917233616,0.6248972766817847,0.6537562805821061
28700,AOI-0021,2021-07-02,0.6885070678814729,подсолнечник,2021,1,0,development,0.6550866365432739,0.615537703037262,0.6601500043388406,0.6705486847233704,0.6309474869604726,0.6468493262412501
28722,AOI-0021,2021-07-24,0.317353275248503,подсолнечник,2021,0,0,development,0.2852531373500824,0.28530535101890564,0.3151842404423422,0.3097044084900061,0.2988128921685244,0.30365026964469854
28732,AOI-0021,2021-08-03,0.2820896514460287,подсолнечник,2021,0,0,development,0.25162869691848755,0.25932201743125916,0.2601968326235766,0.26086907232022055,0.2630656845194724,0.26211415918979325
28742,AOI-0021,2021-08-13,0.3211887587822014,подсолнечник,2021,2,0,development,0.2782299816608429,0.2616410553455353,0.3362620646803044,0.3337252112303098,0.35310280693860513,0.34517982327695534
28754,AOI-0021,2021-08-25,0.226762787214935,подсолнечник,2021,0,0,development,0.19341108202934265,0.19695056974887848,0.21055831831793617,0.2137103343933048,0.20907119883105124,0.21082647205920513
28767,AOI-0021,2021-09-07,0.2239842637009799,подсолнечник,2021,0,0,development,0.21396014094352722,0.2201508730649948,0.2095602813017309,0.2008901152732097,0.20641311730808382,0.20459696173933087
28769,AOI-0021,2021-09-09,0.2260719705222577,подсолнечник,2021,0,0,development,0.2222144454717636,0.2201508730649948,0.21167288363855288,0.20807637238527568,0.2105433918083302,0.20971678159214824
28777,AOI-0021,2021-09-17,0.2113949462992492,подсолнечник,2021,0,0,development,0.1977800875902176,0.1993136703968048,0.19003042058678685,0.20169243304660486,0.21097214731777206,0.20646165035106115
28822,AOI-0021,2022-04-02,0.4163289678609176,подсолнечник,2022,0,0,development,0.5031480193138123,0.5031480193138123,0.40621514559786215,0.41593339531653256,0.399890830471317,0.40602646178411694
28837,AOI-0021,2022-04-17,0.6273120026399472,подсолнечник,2022,1,0,development,0.6497954726219177,0.6555663347244263,0.6578302310206446,0.6557125803921676,0.6627631404491166,0.6599468035391343
28843,AOI-0021,2022-04-23,0.7061752224824357,подсолнечник,2022,2,0,development,0.7190460562705994,0.6555663347244263,0.7591837073546108,0.7603418518460179,0.7694067508061486,0.7655699214816878
28860,AOI-0021,2022-05-10,0.866043104688427,подсолнечник,2022,0,0,development,0.8083831667900085,0.8114688396453857,0.8732036845307888,0.8680794618923416,0.8419452359717589,0.8531061715251314
28875,AOI-0021,2022-05-25,0.8680615189403077,подсолнечник,2022,0,0,development,0.8913021683692932,0.8587285876274109,0.8384647435093052,0.8176170940936998,0.822655966682688,0.8217186491411288
28890,AOI-0021,2022-06-09,0.8952405890435436,подсолнечник,2022,0,0,development,0.8391135334968567,0.8391135334968567,0.8810836747034938,0.8900412607151564,0.8862273512970461,0.8873162708843413
28907,AOI-0021,2022-06-26,0.4925391100702576,подсолнечник,2022,2,0,development,0.5007019639015198,0.48536941409111023,0.5017359805538714,0.49461909676885984,0.5178605795614752,0.5085843790454623
28915,AOI-0021,2022-07-04,0.2957941287619536,подсолнечник,2022,0,0,development,0.35693880915641785,0.349139004945755,0.3006670872468606,0.29566986920062976,0.3014082296092344,0.29929814602954197
28920,AOI-0021,2022-07-09,0.2413756311007088,подсолнечник,2022,0,0,development,0.2736071050167084,0.2736071050167084,0.24791266787391114,0.2575804778339922,0.24627836217073956,0.25044403479465405
28935,AOI-0021,2022-07-24,0.1764602198357035,подсолнечник,2022,0,0,development,0.25788938999176025,0.2471216768026352,0.20443063106388923,0.20051666510293933,0.22608313665695864,0.215661218808964
28939,AOI-0021,2022-07-28,0.3836777985948478,подсолнечник,2022,2,0,development,0.21481852233409882,0.2471216768026352,0.33981401497994573,0.3390268386600725,0.3523046835167369,0.34682282050528784
28975,AOI-0021,2022-09-02,0.2014361189969446,подсолнечник,2022,0,0,development,0.25161606073379517,0.23380662500858307,0.203675365822328,0.20429293970213935,0.19284315960931062,0.1975736973016627
29037,AOI-0021,2023-04-04,0.2502053174131288,подсолнечник,2023,1,0,development,0.2990715205669403,0.3312165439128876,0.3081755434978318,0.2927655474412047,0.2821264288696624,0.28741112874992636
29123,AOI-0021,2023-06-29,0.6985179715917976,подсолнечник,2023,0,0,development,0.7030446529388428,0.6724327206611633,0.629908269201587,0.6094556479165955,0.615625750716132,0.6141956922211571
29133,AOI-0021,2023-07-09,0.79972287482856,подсолнечник,2023,0,0,development,0.7963741421699524,0.8037137389183044,0.8149152702496637,0.8096487045679553,0.7868208490934262,0.7966137378854198
29136,AOI-0021,2023-07-12,0.6727074941451993,подсолнечник,2023,2,0,development,0.8183928728103638,0.8037137389183044,0.7657901203556708,0.7731801214299124,0.7455055585518413,0.7566114180951066
29151,AOI-0021,2023-07-27,0.6686270623340371,подсолнечник,2023,1,0,development,0.7226570844650269,0.7226570844650269,0.7268288438411842,0.716060691798601,0.7211449160512545,0.7196280594571296
29153,AOI-0021,2023-07-29,0.8187176672730966,подсолнечник,2023,0,0,development,0.6832294464111328,0.6951553821563721,0.7683367163469579,0.7749975517001788,0.7726416385298689,0.7732515601576019
29170,AOI-0021,2023-08-15,0.6504688634864391,подсолнечник,2023,0,0,development,0.6589910984039307,0.6589910984039307,0.6616660818165635,0.6638361775737842,0.6731470948180138,0.6691515944593796
29173,AOI-0021,2023-08-18,0.5212145279658459,подсолнечник,2023,0,0,development,0.6019946932792664,0.5573922395706177,0.625952785764025,0.6192532257698049,0.6133284381745896,0.6161667303930253
29175,AOI-0021,2023-08-20,0.5279424506354764,подсолнечник,2023,0,0,development,0.5573922395706177,0.5573922395706177,0.5654644171645833,0.5629681886287273,0.54868232357269,0.5547663171436714
29183,AOI-0021,2023-08-28,0.3829643130359152,подсолнечник,2023,0,0,development,0.4360467195510864,0.43790891766548157,0.4043955497485624,0.3891686715566733,0.4053672024701852,0.39947307900385387
29200,AOI-0021,2023-09-14,0.2534982006224424,подсолнечник,2023,0,0,development,0.2633410394191742,0.259095162153244,0.2665632717128053,0.2675188007383841,0.25108886340084,0.2578731227667942
29203,AOI-0021,2023-09-17,0.2715815795904147,подсолнечник,2023,0,0,development,0.25484931468963623,0.259095162153244,0.2564291573007341,0.24541733423809933,0.2519778782652585,0.24986019700953666
29204,AOI-0021,2023-09-18,0.3236569044284461,подсолнечник,2023,1,0,development,0.2520187497138977,0.259095162153244,0.3205878234766402,0.3119503138199373,0.3525220734620313,0.336118365426993
29272,AOI-0021,2024-04-26,0.5366457543474374,подсолнечник,2024,0,0,development,0.7396881580352783,0.7454834580421448,0.6314955472182819,0.6405674291179517,0.6370220392221582,0.6379928552755538
29322,AOI-0021,2024-06-15,0.4965299138584572,подсолнечник,2024,0,0,development,0.564247727394104,0.5936883091926575,0.49653398008892813,0.4991167249389432,0.468599495470075,0.4811557471764911
29325,AOI-0021,2024-06-18,0.4107759378424125,подсолнечник,2024,0,0,development,0.5081336498260498,0.4659837484359741,0.4759963976641998,0.4708147763059266,0.4717924348494685,0.47167380122386726
29327,AOI-0021,2024-06-20,0.3630817362347435,подсолнечник,2024,0,0,development,0.47441375255584717,0.4659837484359741,0.4193905740352806,0.413625674996496,0.402264426670595,0.40731314241799116
29330,AOI-0021,2024-06-23,0.3381325713937541,подсолнечник,2024,0,0,development,0.42383384704589844,0.4659837484359741,0.3978937608544963,0.3773458530572191,0.3316402823395136,0.3518038749875472
29380,AOI-0021,2024-08-12,0.171386871128465,подсолнечник,2024,0,0,development,0.23552806675434113,0.2212677001953125,0.20487805594174696,0.19737782975505117,0.17853135920606866,0.18679161841496428
29382,AOI-0021,2024-08-14,0.1919067532347605,подсолнечник,2024,0,0,development,0.2212677001953125,0.2212677001953125,0.1922259001010941,0.19373896354970435,0.1821881284132557,0.1869109096813804
29395,AOI-0021,2024-08-27,0.2287683316996749,подсолнечник,2024,0,0,development,0.23355893790721893,0.2141689658164978,0.1774989376514369,0.17707922356840022,0.1592855561563841,0.16671383643290932
29412,AOI-0021,2024-09-13,0.2089148011620298,подсолнечник,2024,0,0,development,0.19396954774856567,0.1968832165002823,0.19819483440899704,0.19684386719181837,0.19101214113627055,0.19351419316512775
29425,AOI-0021,2024-09-26,0.1789538395479899,подсолнечник,2024,0,0,development,0.18812012672424316,0.191136434674263,0.1669440288195423,0.17276425422912528,0.17686718549125863,0.1748359813814026
29455,AOI-0021,2024-10-26,0.1236444619439479,подсолнечник,2024,0,0,development,0.25569069385528564,0.25569069385528564,0.17268870467290143,0.1771728688774859,0.16307418529974127,0.16869200229658385
29459,AOI-0021,2024-10-30,0.2162409882256538,подсолнечник,2024,1,0,development,0.25569069385528564,0.25569069385528564,0.21668538403772994,0.21750525117254269,0.22075070810730574,0.21935448850716963
35872,AOI-0026,2010-04-23,0.2338184758525615,озимая пшеница,2010,1,0,development,0.25413838028907776,0.25413838028907776,0.37681030968873364,0.3700495023133998,0.30487467445987365,0.3323736082687002
35920,AOI-0026,2010-06-10,0.4379214018125874,озимая пшеница,2010,1,0,development,0.4334130585193634,0.512893795967102,0.502633402528249,0.4805595220070707,0.40727885782077883,0.4390028606998688
36000,AOI-0026,2010-08-29,0.2235833537987711,озимая пшеница,2010,1,0,development,0.2112869918346405,0.24079212546348572,0.22952968683339967,0.2386933298749185,0.2161186215326103,0.22500349044501677
36085,AOI-0026,2011-04-23,0.5657858485247135,озимая пшеница,2011,2,0,development,0.4758114218711853,0.4636073410511017,0.5226999868192445,0.5331580258066607,0.5374570189941936,0.5350862471558278
36160,AOI-0026,2011-07-07,0.2604306684500231,озимая пшеница,2011,1,0,development,0.36196404695510864,0.3737240731716156,0.29558853281916225,0.2858724519167447,0.29428812722945225,0.2913263478984665
36197,AOI-0026,2011-08-13,0.274569986844578,озимая пшеница,2011,2,0,development,0.2376329004764557,0.2632233202457428,0.339572672605966,0.3467408463819666,0.3400784832522436,0.34245233767064065
36261,AOI-0026,2011-10-16,0.4534002443149784,озимая пшеница,2011,2,0,development,0.41387760639190674,0.42052412033081055,0.47681022280156665,0.4903407201386423,0.49496237606629895,0.4922864227646972
36279,AOI-0026,2012-04-04,0.1652331351381766,озимая пшеница,2012,1,0,development,0.36320871114730835,0.36320871114730835,0.15088129902253947,0.14158789416106846,0.14762420045124847,0.14562909772177413
36359,AOI-0026,2012-06-23,0.1786639017454936,озимая пшеница,2012,1,0,development,0.26646411418914795,0.2896970808506012,0.19439255790193483,0.1939585021477296,0.182937726817617,0.18754822802229748
36473,AOI-0026,2012-10-15,0.3369674497274949,озимая пшеница,2012,2,0,development,0.2073834240436554,0.2073834240436554,0.30365812073235654,0.2937476998160952,0.31924864495319366,0.30918754532623793
36495,AOI-0026,2013-04-07,0.7593297688404435,озимая пшеница,2013,2,0,development,0.7355118989944458,0.7355118989944458,0.7392574947491992,0.714978887183107,0.696815670347986,0.7057248766290263
36511,AOI-0026,2013-04-23,0.8145265363653449,озимая пшеница,2013,2,0,development,0.794609785079956,0.794609785079956,0.8385632479821784,0.8231713695286499,0.8154279867832659,0.8195066022671144
36583,AOI-0026,2013-07-04,0.2073485087938126,озимая пшеница,2013,1,0,development,0.21582308411598206,0.21582308411598206,0.23071973082989614,0.21295876066473843,0.22351962299966488,0.22011260403149338
36740,AOI-0026,2014-05-09,0.849202574704003,озимая пшеница,2014,2,0,development,0.7344576716423035,0.7730092406272888,0.8392861288426615,0.8285160744099265,0.8590902843890502,0.8469657338739391
36823,AOI-0026,2014-07-31,0.1687149241823248,озимая пшеница,2014,1,0,development,0.21876414120197296,0.2128904014825821,0.18621364693831574,0.18442327929208666,0.18041151310691092,0.1821806200568196
36847,AOI-0026,2014-08-24,0.1967084435745409,озимая пшеница,2014,1,0,development,0.184484601020813,0.17917892336845398,0.20335419948632738,0.20321268917487123,0.18745046091103262,0.1940178715450151
36887,AOI-0026,2014-10-03,0.1631235494340595,озимая пшеница,2014,1,0,development,0.24910148978233337,0.2477576732635498,0.1925573601959264,0.19435043757442622,0.17219147494347697,0.1813133120405222
36969,AOI-0026,2015-05-25,0.8933182672429996,озимая пшеница,2015,2,0,development,0.8549133539199829,0.838991641998291,0.8301881803322819,0.8234069925791723,0.870061600135107,0.8510232242724206
36983,AOI-0026,2015-06-08,0.8875339287780896,озимая пшеница,2015,1,0,development,0.8230699300765991,0.838991641998291,0.8226191772151656,0.8361742652463245,0.8278199422563354,0.830542647117912
36991,AOI-0026,2015-06-16,0.7659209316841574,озимая пшеница,2015,1,0,development,0.6332117915153503,0.5714420676231384,0.5461622753011414,0.5536059421988977,0.6177230418957385,0.5906263039275549
37033,AOI-0026,2015-07-28,0.3002905844766021,озимая пшеница,2015,2,0,development,0.2622927725315094,0.2504275143146515,0.3000733935823613,0.31146015016517187,0.3086232436976438,0.30917045697155565
37213,AOI-0026,2016-06-25,0.295463484307461,озимая пшеница,2016,2,0,development,0.2126697301864624,0.20961539447307587,0.25523161736873806,0.2700718746758709,0.27057049372892006,0.2695375106455692
37214,AOI-0026,2016-06-26,0.2176710198139826,озимая пшеница,2016,1,0,development,0.20961539447307587,0.20961539447307587,0.23246693929481999,0.2332048890842131,0.22336039360815305,0.22741618731885163
37286,AOI-0026,2016-09-06,0.1581223514287864,озимая пшеница,2016,1,0,development,0.21283137798309326,0.21245573461055756,0.18255122929806755,0.1881729791313864,0.16842955419361874,0.17633318430770473
37334,AOI-0026,2016-10-24,0.550793402609178,озимая пшеница,2016,1,0,development,0.595068633556366,0.595068633556366,0.5851902405150353,0.5624269331277019,0.5513859138301523,0.5572468902593138
37441,AOI-0026,2017-07-10,0.2076022535382233,озимая пшеница,2017,0,0,development,0.32828792929649353,0.44722655415534973,0.33271178374920213,0.31003763119485495,0.33646745104494147,0.3267297695733008
37454,AOI-0026,2017-07-23,0.1835051211608256,озимая пшеница,2017,1,0,development,0.1811882108449936,0.21768693625926971,0.1887544472883758,0.18579930486004606,0.19389535971439628,0.19069051926769381
37496,AOI-0026,2017-09-03,0.124650052872963,озимая пшеница,2017,0,0,development,0.19727085530757904,0.23621809482574463,0.17798794198634116,0.17440213588635936,0.1442532401471871,0.15699932948612008
37506,AOI-0026,2017-09-13,0.1836024859100782,озимая пшеница,2017,0,0,development,0.26218292117118835,0.23621809482574463,0.22349195072278585,0.2213307709039495,0.21746012166833467,0.21919112820653497
37507,AOI-0026,2017-09-14,0.3898935726367224,озимая пшеница,2017,2,0,development,0.2686741054058075,0.23621809482574463,0.31876852388887134,0.3105281770638658,0.32663091452469045,0.32038803462291204
37534,AOI-0026,2017-10-11,0.1639452211362602,озимая пшеница,2017,1,0,development,0.2594464421272278,0.2616601288318634,0.2483632865488482,0.2479569694502978,0.23464772303565865,0.2402090413017075
37576,AOI-0026,2018-04-23,0.4258917120841948,озимая пшеница,2018,2,0,development,0.2476811408996582,0.24405717849731445,0.3981739466240563,0.41322597580020504,0.3793851725553871,0.3926309519255113
37598,AOI-0026,2018-05-15,0.5230270610573495,озимая пшеница,2018,1,0,development,0.26319214701652527,0.342447429895401,0.32681506950150685,0.32873737207611414,0.33574971952446675,0.3327245651475458
37608,AOI-0026,2018-05-25,0.652635482052246,озимая пшеница,2018,2,0,development,0.3952842950820923,0.342447429895401,0.5286758363628365,0.5887618938027055,0.5760480139048112,0.5779967167696625
37634,AOI-0026,2018-06-20,0.6118368703796275,озимая пшеница,2018,0,0,development,0.5851172804832458,0.5766668319702148,0.6337714861893782,0.6254480398811448,0.6203817421276661,0.6229530966652461
37718,AOI-0026,2018-09-12,0.1740146750266198,озимая пшеница,2018,1,0,development,0.18520516157150269,0.23727598786354065,0.2137324429127385,0.22301722939075405,0.20335609485718203,0.21102172525001084
37752,AOI-0026,2018-10-16,0.2105042849088517,озимая пшеница,2018,2,0,development,0.15222109854221344,0.15222109854221344,0.28083921692628355,0.25232466497290507,0.2627473344793186,0.25999598645414473
37772,AOI-0026,2019-04-06,0.3019599968907551,озимая пшеница,2019,0,0,development,0.6104382872581482,0.5073385834693909,0.49299891431075854,0.4932323066695417,0.4836254270778446,0.4876104013027528
37807,AOI-0026,2019-05-11,0.3980572109875138,озимая пшеница,2019,0,0,development,0.8341736793518066,0.8463317155838013,0.8559877876749997,0.8502136008650708,0.8334714249245734,0.8407599603394025
37853,AOI-0026,2019-06-26,0.341378180793084,озимая пшеница,2019,2,0,development,0.1568373590707779,0.1568373590707779,0.28588444264919155,0.3138631033518546,0.30158173981672337,0.30513640234345285
37917,AOI-0026,2019-08-29,0.1749081922140797,озимая пшеница,2019,0,0,development,0.15660232305526733,0.14410540461540222,0.16820611571919616,0.1812704111175508,0.14531375875776842,0.15955062698081973
37926,AOI-0026,2019-09-07,0.2068526117939056,озимая пшеница,2019,1,0,development,0.16760145127773285,0.18101665377616882,0.19338750650046416,0.19572937096594137,0.20009156892085758,0.19814595117143888
37932,AOI-0026,2019-09-13,0.1474355825367801,озимая пшеница,2019,0,0,development,0.22126224637031555,0.18101665377616882,0.14789971819524145,0.15267310888275887,0.15383792284936573,0.1530876621638276
37934,AOI-0026,2019-09-15,0.1387009014720913,озимая пшеница,2019,1,0,development,0.2192743718624115,0.15368637442588806,0.13883083571001487,0.14933758116562584,0.1402043588036828,0.1434207691228921
37942,AOI-0026,2019-09-23,0.099913468019304,озимая пшеница,2019,0,0,development,0.13182370364665985,0.15368637442588806,0.07918206151243887,0.08186563280807893,0.0693287734498208,0.07439678543464398
37974,AOI-0026,2019-10-25,0.2069247384730366,озимая пшеница,2019,1,0,development,0.1639431267976761,0.15797832608222961,0.20237661324590178,0.21110181541578057,0.22207854640230473,0.21702518468984972
38001,AOI-0026,2020-04-22,0.4000079684269875,озимая пшеница,2020,2,0,development,0.18071070313453674,0.17967715859413147,0.2673982455937161,0.28753784792960546,0.330235038090104,0.3113461115259515
38013,AOI-0026,2020-05-04,0.2645518371088614,озимая пшеница,2020,1,0,development,0.27949249744415283,0.27949249744415283,0.25334312333167863,0.25287179581943664,0.24736430571353885,0.24968249573780882
38039,AOI-0026,2020-05-30,0.0064506559705502,озимая пшеница,2020,0,0,development,0.22430580854415894,0.21263085305690765,0.18520837729219577,0.17450926013442136,0.1853298258484252,0.18142191873644692
38084,AOI-0026,2020-07-14,0.1226752096640876,озимая пшеница,2020,0,0,development,0.20480263233184814,0.19218111038208008,0.14065170879688216,0.12395375324280239,0.131194326987158,0.12910993511667257
38085,AOI-0026,2020-07-15,0.187347265413221,озимая пшеница,2020,1,0,development,0.19218111038208008,0.19218111038208008,0.17772044959941982,0.17066657644866265,0.17391287596756114,0.1729542775747912
38129,AOI-0026,2020-08-28,0.2240769028378124,озимая пшеница,2020,2,0,development,0.1820346862077713,0.1820346862077713,0.20127971909741868,0.22407877094264758,0.22345727715278044,0.22244773233408796
38141,AOI-0026,2020-09-09,0.2047286744264048,озимая пшеница,2020,1,0,development,0.13959850370883942,0.14005503058433533,0.1712345847250297,0.17414702079219146,0.18580445294434444,0.18079114510513258
38154,AOI-0026,2020-09-22,0.1733999499556031,озимая пшеница,2020,0,0,development,0.1734524816274643,0.17070765793323517,0.13942672734041422,0.14400371911468135,0.14643458997978162,0.1451683772200983
38159,AOI-0026,2020-09-27,0.1339486113579992,озимая пшеница,2020,0,0,development,0.192927286028862,0.192927286028862,0.13246997671259064,0.13918675628538432,0.142089003256843,0.14050760035013043
38269,AOI-0026,2021-06-16,0.869666087807252,озимая пшеница,2021,1,0,development,0.8590158820152283,0.8570493459701538,0.8577869727241835,0.8758091793465815,0.8413341826658646,0.854678670918589
38295,AOI-0026,2021-07-12,0.2994409697425296,озимая пшеница,2021,2,0,development,0.28151044249534607,0.28151044249534607,0.29106550741455145,0.31529153857696285,0.2637140582857523,0.2838307566487235
38343,AOI-0026,2021-08-29,0.244248637474159,озимая пшеница,2021,2,0,development,0.15310223400592804,0.17304138839244843,0.2699892540685803,0.26890237288531504,0.24481505590243643,0.25489958430364723
38359,AOI-0026,2021-09-14,0.2816629768840444,озимая пшеница,2021,2,0,development,0.205501526594162,0.19446349143981934,0.23573963641278414,0.23731474082016593,0.26357136681486093,0.25255691125831614
38365,AOI-0026,2021-09-20,0.2411726928061557,озимая пшеница,2021,1,0,development,0.24732427299022675,0.26416805386543274,0.18772766208763797,0.1816711995114881,0.21041568791058132,0.19879039565321305
38375,AOI-0026,2021-09-30,0.313677128359331,озимая пшеница,2021,2,0,development,0.273221880197525,0.25669407844543457,0.3011972962466682,0.2930136997492758,0.2998556365257624,0.2974635337831424
38377,AOI-0026,2021-10-02,0.3801090135325271,озимая пшеница,2021,0,0,development,0.2511847913265228,0.25669407844543457,0.23637355490392745,0.2301135066383093,0.24144749627405093,0.23707900451677574
38402,AOI-0026,2021-10-27,0.2032073841976528,озимая пшеница,2021,0,0,development,0.1955302208662033,0.1955302208662033,0.2117075470504064,0.2093418657356877,0.20663916067093357,0.20789549599491952
38410,AOI-0026,2022-04-05,0.1284243562723616,озимая пшеница,2022,0,0,development,0.3049919605255127,0.3049919605255127,0.0859124369357624,0.1017919647418148,0.12790001267498766,0.1161517141486102
38444,AOI-0026,2022-05-09,0.571673350873896,озимая пшеница,2022,2,0,development,0.5314810276031494,0.44178757071495056,0.7026808395673608,0.7391881072524471,0.6473471310051526,0.6835365717345273
38465,AOI-0026,2022-05-30,0.800266697305779,озимая пшеница,2022,0,0,development,0.8283069133758545,0.82949298620224,0.8233224175894082,0.8264448086434159,0.7976253111019327,0.8094450247161751
38476,AOI-0026,2022-06-10,0.7825710016914116,озимая пшеница,2022,2,0,development,0.7898533940315247,0.7898533940315247,0.7579062286830905,0.7399124424089003,0.7786123718843722,0.7635080734189252
38515,AOI-0026,2022-07-19,0.1369041578651878,озимая пшеница,2022,0,0,development,0.1921190768480301,0.21429838240146637,0.1256884480921155,0.13196343206457575,0.1283631070344355,0.12951236033930558
38517,AOI-0026,2022-07-21,0.1999147346984158,озимая пшеница,2022,1,0,development,0.20479296147823334,0.21429838240146637,0.1510290007856016,0.14694472327355626,0.1679019281104727,0.15940765578971447
38520,AOI-0026,2022-07-24,0.1249423052913988,озимая пшеница,2022,0,0,development,0.2238038033246994,0.21429838240146637,0.11837508568877807,0.12112742058715364,0.10019457449581463,0.10875279825927262
38552,AOI-0026,2022-08-25,0.1771219743893664,озимая пшеница,2022,1,0,development,0.15153537690639496,0.14938166737556458,0.1742174499624276,0.17596885134371584,0.19255364978718928,0.18555437280607096
38588,AOI-0026,2022-09-30,0.2478248073670363,озимая пшеница,2022,2,0,development,0.20899172127246857,0.14316819608211517,0.2108851438910157,0.2070234301185959,0.20935676751593246,0.20860054154382004
38625,AOI-0026,2023-04-07,0.7984857545574139,озимая пшеница,2023,2,0,development,0.8363244533538818,0.8363244533538818,0.7854153289209593,0.768570126202,0.7688059917562664,0.7696448388015107
38689,AOI-0026,2023-06-10,0.6973937981582411,озимая пшеница,2023,2,0,development,0.8369422554969788,0.796868085861206,0.7102720604366498,0.7120798871111613,0.7212310123696888,0.7173221613271861
38705,AOI-0026,2023-06-26,0.4153287915805301,озимая пшеница,2023,2,0,development,0.4838055670261383,0.46824759244918823,0.4044195201845604,0.43484651654270623,0.41170471309031315,0.41964282113522255
38713,AOI-0026,2023-07-04,0.2347338881944992,озимая пшеница,2023,0,0,development,0.39560770988464355,0.3826247453689575,0.31612412826216835,0.3005309598879558,0.3208721049346863,0.31327438415091546
38737,AOI-0026,2023-07-28,0.3783072166885924,озимая пшеница,2023,2,0,development,0.19293498992919922,0.23865003883838654,0.35304905800254754,0.36188321197188184,0.31737118163452355,0.3354037170815001
38741,AOI-0026,2023-08-01,0.2467680122041579,озимая пшеница,2023,1,0,development,0.18652205169200897,0.18620556592941284,0.26256325038586775,0.2611779948815253,0.27766879902951824,0.27088311286611577
38769,AOI-0026,2023-08-29,0.2662961849276451,озимая пшеница,2023,2,0,development,0.14660891890525818,0.15049922466278076,0.29482873326723436,0.316044780801314,0.30325799501488815,0.30739915793677663
38805,AOI-0026,2023-10-04,0.5157505379074312,озимая пшеница,2023,1,0,development,0.4611440896987915,0.46728503704071045,0.4583139498748338,0.4986679942506558,0.4898640042114065,0.4912831654245693
38844,AOI-0026,2024-04-13,0.2537076440837953,озимая пшеница,2024,1,0,development,0.2633717656135559,0.30407583713531494,0.23851154191541896,0.2435875298433584,0.2318432305229693,0.23644833755607836
38845,AOI-0026,2024-04-14,0.1962678845398991,озимая пшеница,2024,0,0,development,0.279653400182724,0.30407583713531494,0.184554757944198,0.17762685377527118,0.1843253997999822,0.18192312282216716
38935,AOI-0026,2024-07-13,0.153231276023853,озимая пшеница,2024,0,0,development,0.18919487297534943,0.17564591765403748,0.14308223794714545,0.13705979108300748,0.13716397717133996,0.1374556143702694
38965,AOI-0026,2024-08-12,0.1604430942894165,озимая пшеница,2024,0,0,development,0.1938130408525467,0.1804589331150055,0.1761790217101985,0.15507901576116753,0.15308126417361584,0.15508631420611851
38980,AOI-0026,2024-08-27,0.0917248309828338,озимая пшеница,2024,0,0,development,0.15046186745166779,0.15046186745166779,0.1282062525269044,0.132456307306172,0.13254133362926745,0.13226954282540068
38981,AOI-0026,2024-08-28,0.1966235294117647,озимая пшеница,2024,2,0,development,0.14948882162570953,0.15046186745166779,0.20681090846428887,0.19495321486471878,0.20751015180495613,0.2029440892081248
38995,AOI-0026,2024-09-11,0.1364218797855145,озимая пшеница,2024,0,0,development,0.19643670320510864,0.18602947890758514,0.1323662714650946,0.14569536065648978,0.13973638316981649,0.1414748226826147
39040,AOI-0026,2024-10-26,0.1948722227835523,озимая пшеница,2024,0,0,development,0.21661953628063202,0.2150360643863678,0.1485762279552221,0.1320757597085025,0.14853752502775794,0.14260469774132634
46016,AOI-0035,2010-06-04,0.5998207824675974,пастбища/зерновые,2010,1,0,development,0.6047136187553406,0.6841206550598145,0.6557512578860694,0.6563606514570509,0.6294239123998099,0.6405998894741917
46021,AOI-0035,2010-06-20,0.3797119152163708,пастбища/зерновые,2010,1,0,development,0.4070793390274048,0.40994516015052795,0.36701697902828845,0.37208139112915617,0.3788551004343519,0.3757544787847319
46025,AOI-0035,2010-07-07,0.2493887071509378,пастбища/зерновые,2010,1,0,development,0.2878003716468811,0.2967562675476074,0.269348567563312,0.2652079166274889,0.26523980173320383,0.2654568536738394
46030,AOI-0035,2010-07-31,0.1449947900969433,пастбища/зерновые,2010,1,0,development,0.1722884625196457,0.1604715883731842,0.15353905864357062,0.15611332881167767,0.16490938846704634,0.16110566701831627
46041,AOI-0035,2010-09-14,0.2102362711864406,пастбища/зерновые,2010,2,0,development,0.12785103917121887,0.1281430870294571,0.19733041308465715,0.1923218525292522,0.20775175172290317,0.2016091111394812
46045,AOI-0035,2011-04-07,0.3491261016949153,пастбища/зерновые,2011,2,0,development,0.3256509602069855,0.3256509602069855,0.2736893228559607,0.2761964111699337,0.3652918822731362,0.328074849798026
46046,AOI-0035,2011-04-23,0.3735358397534667,пастбища/зерновые,2011,2,0,development,0.3256509602069855,0.3256509602069855,0.31102571883230257,0.32380226244691435,0.32926504026669906,0.3262809875998373
46047,AOI-0035,2011-04-28,0.2610574062668564,пастбища/зерновые,2011,1,0,development,0.3256509602069855,0.3256509602069855,0.24764141571058473,0.26504291425652093,0.2626594940271926,0.2626834202331323
46048,AOI-0035,2011-05-09,0.4395211306765523,пастбища/зерновые,2011,2,0,development,0.3256509602069855,0.3256509602069855,0.4605191770313262,0.4353718892381746,0.4615130553095087,0.45203306531086235
46061,AOI-0035,2011-07-17,0.3994274242944772,пастбища/зерновые,2011,1,0,development,0.3819863796234131,0.3635137677192688,0.38242112954863333,0.4037591893932058,0.38887220683416357,0.3938805914995629
46080,AOI-0035,2011-09-28,0.2458074755991929,пастбища/зерновые,2011,1,0,development,0.2933535873889923,0.30355697870254517,0.2633988334313277,0.26300590488695774,0.24297694970956688,0.25133396752907844
46084,AOI-0035,2012-04-06,0.3101611402157165,пастбища/зерновые,2012,2,0,development,0.19809243083000183,0.19809243083000183,0.28242123378038164,0.3034316610220125,0.2641889334014979,0.27935132158530657
46090,AOI-0035,2012-05-24,0.2574920801232666,пастбища/зерновые,2012,2,0,development,0.18301676213741302,0.19268283247947693,0.27960901153342954,0.2844632176729598,0.2967406947360754,0.29136134200907204
46099,AOI-0035,2012-09-06,0.1432045958069178,пастбища/зерновые,2012,1,0,development,0.13599182665348053,0.13614919781684875,0.14391383506549385,0.12928952419271844,0.11780899787221664,0.12340015103606417
46105,AOI-0035,2013-04-05,0.2557344989593388,пастбища/зерновые,2013,1,0,development,0.3393952250480652,0.3170529305934906,0.2602771623447671,0.2678910977590182,0.22991393446286493,0.2452948224299366
46107,AOI-0035,2013-04-18,0.4047922111554731,пастбища/зерновые,2013,1,0,development,0.613868236541748,0.5633853673934937,0.4133974776989548,0.41272898843018785,0.3904155536869054,0.39973859831238334
46117,AOI-0035,2013-05-28,0.6315772079336687,пастбища/зерновые,2013,1,0,development,0.5168315768241882,0.49124425649642944,0.5736541658232107,0.5751142011921958,0.593258392189847,0.5856263723504608
46121,AOI-0035,2013-06-13,0.3707932493389896,пастбища/зерновые,2013,1,0,development,0.346725732088089,0.32225167751312256,0.32169978871359195,0.322670229484322,0.3367552580594015,0.3308397146954416
46124,AOI-0035,2013-06-29,0.243196808484625,пастбища/зерновые,2013,1,0,development,0.19824758172035217,0.21697427332401276,0.22687173316563145,0.2303816087105036,0.22910604930724554,0.2294416458471793
46143,AOI-0035,2013-10-16,0.5295732203389829,пастбища/зерновые,2013,2,0,development,0.43036380410194397,0.4419226050376892,0.4760170658015907,0.46617554114897986,0.5095367932124178,0.49203919492400083
46151,AOI-0035,2014-05-15,0.2548530093769834,пастбища/зерновые,2014,1,0,development,0.2516669034957886,0.24330894649028778,0.2288171045526207,0.23826049348412207,0.2279183100591455,0.23169698480634066
46165,AOI-0035,2014-07-12,0.1879413559322033,пастбища/зерновые,2014,2,0,development,0.1282424032688141,0.12219077348709106,0.19253235880006217,0.18783792530044527,0.18645756899502186,0.18729313688318908
46166,AOI-0035,2014-07-17,0.1273699055422454,пастбища/зерновые,2014,1,0,development,0.12319938093423843,0.12219077348709106,0.13151479224406445,0.13077735321908793,0.11781151463393835,0.12324834026524953
46170,AOI-0035,2014-08-03,0.1589416745226745,пастбища/зерновые,2014,1,0,development,0.13191531598567963,0.14683614671230316,0.1463804986195477,0.14602447274817754,0.14919596683866784,0.14789593559796022
46177,AOI-0035,2014-09-14,0.2185935054773082,пастбища/зерновые,2014,2,0,development,0.1616853028535843,0.1694234162569046,0.18468437105198868,0.20117388452189147,0.19911775258664388,0.19905620453994882
46180,AOI-0035,2014-10-05,0.1477497255009098,пастбища/зерновые,2014,1,0,development,0.1931757628917694,0.2135210633277893,0.15278827704249112,0.14249982366637173,0.14393669723760344,0.14391102303729641
46194,AOI-0035,2015-06-02,0.6611200273638242,пастбища/зерновые,2015,1,0,development,0.670965313911438,0.6880869269371033,0.7004658877746633,0.7010884801764607,0.6660234211825314,0.6805813097607215
46202,AOI-0035,2015-07-04,0.1792626181339069,пастбища/зерновые,2015,1,0,development,0.2166694551706314,0.20917338132858276,0.21473633498976039,0.21642406063486946,0.2081295155828181,0.21148745809423744
46207,AOI-0035,2015-07-28,0.1799691373357574,пастбища/зерновые,2015,1,0,development,0.14355812966823578,0.16383595764636993,0.20409208496960504,0.2079865161130989,0.18840562491804982,0.196337696724729
46211,AOI-0035,2015-08-13,0.1764885375158034,пастбища/зерновые,2015,1,0,development,0.13473141193389893,0.15195654332637787,0.177234398586604,0.1885603732919198,0.1856682841653466,0.18624184296434682
46222,AOI-0035,2015-09-23,0.1832915287041099,пастбища/зерновые,2015,1,0,development,0.14953358471393585,0.1608131229877472,0.19910342263797082,0.18912187489824733,0.17982260607071138,0.18424776598151926
46228,AOI-0035,2015-10-17,0.134079620926274,пастбища/зерновые,2015,1,0,development,0.1806846559047699,0.1806846559047699,0.1454600830729635,0.14203874149857462,0.15407024143482181,0.14925357560025088
46229,AOI-0035,2016-04-01,0.2060116610714557,пастбища/зерновые,2016,1,0,development,0.3537307679653168,0.3537307679653168,0.1885115931380958,0.19719010130821038,0.1903114100961857,0.19269127925150448
46234,AOI-0035,2016-04-18,0.2176824910677244,пастбища/зерновые,2016,1,0,development,0.2168666571378708,0.24598242342472076,0.23420574930823043,0.24377803542632845,0.22948330432427552,0.2348996840091651
46239,AOI-0035,2016-05-24,0.3676127580893682,пастбища/зерновые,2016,2,0,development,0.23442038893699646,0.24809981882572174,0.2952810304427558,0.29893641062065796,0.31724810325620245,0.30942426200103884
46243,AOI-0035,2016-06-20,0.1723890577074516,пастбища/зерновые,2016,1,0,development,0.22544457018375397,0.20673972368240356,0.199712196529182,0.20876744007158354,0.19451186810248192,0.19994071166399624
46249,AOI-0035,2016-07-11,0.207555654853621,пастбища/зерновые,2016,2,0,development,0.1713140457868576,0.16597312688827515,0.21525837872491846,0.22193383616599285,0.21773777433525,0.21911267074771262
46258,AOI-0035,2016-08-15,0.1718875176514126,пастбища/зерновые,2016,1,0,development,0.14498253166675568,0.1639614850282669,0.18438086266061088,0.18158642264886285,0.18457549269401197,0.18348701349093038
46261,AOI-0035,2016-08-24,0.1647338525803785,пастбища/зерновые,2016,1,0,development,0.1517430543899536,0.17682603001594543,0.17656986468435124,0.16872979846861572,0.162528080606203,0.16554505884159512
46293,AOI-0035,2017-07-01,0.2685889039196567,пастбища/зерновые,2017,1,0,development,0.2051338255405426,0.23651565611362457,0.2542487753554356,0.2675257266168843,0.2467899326992996,0.25468072693275884
46299,AOI-0035,2017-07-19,0.142277732813694,пастбища/зерновые,2017,0,0,development,0.18182587623596191,0.1901206523180008,0.14282996334912965,0.13445659078063732,0.12644832302916809,0.13024677190821798
46309,AOI-0035,2017-08-11,0.1337706607114689,пастбища/зерновые,2017,0,0,development,0.14019547402858734,0.13996711373329163,0.14180069561165387,0.13527266462899612,0.1364578871148807,0.13632776778582423
46311,AOI-0035,2017-08-18,0.1726868056968232,пастбища/зерновые,2017,1,0,development,0.1358918845653534,0.1372479647397995,0.16482559184984116,0.16220530474316475,0.17748311523754146,0.17127092100548963
46313,AOI-0035,2017-08-21,0.1282941306948732,пастбища/зерновые,2017,0,0,development,0.13543613255023956,0.13560284674167633,0.12697869399066514,0.11709940494645582,0.12365006594904127,0.12147350107632968
46318,AOI-0035,2017-09-03,0.1844484378281604,пастбища/зерновые,2017,1,0,development,0.1491113305091858,0.18366192281246185,0.170939787056627,0.16868373223738464,0.1763713352736826,0.17329758802059442
46327,AOI-0035,2017-09-19,0.2212791997944908,пастбища/зерновые,2017,1,0,development,0.17413681745529175,0.1752152293920517,0.23446972573266753,0.22398326101970792,0.2132184922442111,0.21828161382196448
46329,AOI-0035,2017-09-22,0.1833345009995601,пастбища/зерновые,2017,0,0,development,0.1777297854423523,0.18204213678836823,0.20040124230921696,0.19127622891621054,0.18172622062863356,0.1862080829797685
46334,AOI-0035,2017-10-16,0.2628522342064715,пастбища/зерновые,2017,2,0,development,0.20568665862083435,0.20568665862083435,0.2392789216652501,0.25191123838609164,0.16132886947413863,0.19832256287862862
46335,AOI-0035,2018-04-07,0.1576092521724738,пастбища/зерновые,2018,1,0,development,0.14684602618217468,0.14684602618217468,0.21432857172233183,0.23240284999337382,0.14636520364609204,0.18116487971529202
46336,AOI-0035,2018-04-08,0.1782901008787452,пастбища/зерновые,2018,1,0,development,0.14684602618217468,0.14684602618217468,0.17873213680892125,0.19980551766434973,0.1677314762032544,0.17990707390053332
46343,AOI-0035,2018-05-03,0.1515673097816731,пастбища/зерновые,2018,0,0,development,0.16589269042015076,0.18035757541656494,0.16167275598113023,0.16958671405034428,0.13161915242291025,0.14697935603041834
46344,AOI-0035,2018-05-09,0.2829055469953775,пастбища/зерновые,2018,2,0,development,0.17924489080905914,0.18035757541656494,0.27548466788509257,0.2918136559111652,0.3003937311174144,0.29591479526815734
46362,AOI-0035,2018-07-28,0.1519488716709829,пастбища/зерновые,2018,1,0,development,0.19297364354133606,0.19297364354133606,0.21844756091696804,0.20757891924848706,0.207364574192412,0.20805833644318347
46371,AOI-0035,2018-09-05,0.1357670869790519,пастбища/зерновые,2018,0,0,development,0.1660456508398056,0.16670100390911102,0.12568622233556867,0.11246992769315323,0.11524469688894265,0.11482510929166156
46376,AOI-0035,2018-09-23,0.1309858076940374,пастбища/зерновые,2018,1,0,development,0.16774329543113708,0.1512468159198761,0.13818093822670927,0.12883611015869423,0.15499839656595574,0.1446306153339208
46380,AOI-0035,2018-10-09,0.1521571227652543,пастбища/зерновые,2018,1,0,development,0.17269080877304077,0.17658284306526184,0.11686844459506056,0.118530968277054,0.20515728364305022,0.16901478247734872
46392,AOI-0035,2019-04-25,0.6546281450064206,пастбища/зерновые,2019,0,0,development,0.7475354671478271,0.7530317306518555,0.7675343211064697,0.7722563406111352,0.752419525043934,0.7604120671232848
46408,AOI-0035,2019-06-04,0.575287833220066,пастбища/зерновые,2019,0,0,development,0.5832419991493225,0.5294367671012878,0.4839284832089535,0.48447627805089083,0.5466951302675904,0.5207719371243947
46411,AOI-0035,2019-06-12,0.1147997580193689,пастбища/зерновые,2019,0,0,development,0.29656895995140076,0.29656895995140076,0.3213631736981236,0.306527992526291,0.2961216677705653,0.30127751548927867
46415,AOI-0035,2019-06-21,0.2570026874363867,пастбища/зерновые,2019,1,0,development,0.19337867200374603,0.20487892627716064,0.2390976393248655,0.23662823469099287,0.24935950127830597,0.24419867275480855
46432,AOI-0035,2019-07-31,0.3028541334024431,пастбища/зерновые,2019,1,0,development,0.29511505365371704,0.28034958243370056,0.3163634609291529,0.3120877306229485,0.3206326409133462,0.317314463643771
46443,AOI-0035,2019-08-23,0.2401893629563681,пастбища/зерновые,2019,0,0,development,0.25485292077064514,0.2506062388420105,0.2339155084795159,0.20776839819871779,0.23103307234822507,0.2228057650049076
46449,AOI-0035,2019-09-02,0.192441547809912,пастбища/зерновые,2019,0,0,development,0.19022271037101746,0.1888565570116043,0.18695626912776708,0.1768801267059318,0.17580326336689778,0.1768118851397696
46451,AOI-0035,2019-09-09,0.2143560787709635,пастбища/зерновые,2019,1,0,development,0.17543582618236542,0.17944398522377014,0.20345974760385704,0.1942143738970693,0.21622102415410052,0.20757710199931845
46453,AOI-0035,2019-09-12,0.1597108682919621,пастбища/зерновые,2019,0,0,development,0.1626519113779068,0.16012394428253174,0.1504148931424917,0.14506226844106507,0.14774129013551673,0.14692413669811827
46454,AOI-0035,2019-09-14,0.2106641910631741,пастбища/зерновые,2019,2,0,development,0.15254008769989014,0.16012394428253174,0.20317650154704817,0.21204583879071764,0.21778987753586512,0.21490611246413976
46459,AOI-0035,2019-09-30,0.349277657935285,пастбища/зерновые,2019,2,0,development,0.12065517902374268,0.1151048019528389,0.25145355139150655,0.2433069417260326,0.27177285528964257,0.2603797566217637
46462,AOI-0035,2019-10-04,0.2636466027661836,пастбища/зерновые,2019,1,0,development,0.18679820001125336,0.18679820001125336,0.22193088592462845,0.2199335949094519,0.223519104447056,0.22213807271052322
46467,AOI-0035,2019-10-15,0.2431472958080605,пастбища/зерновые,2019,0,0,development,0.3424130380153656,0.2797880172729492,0.24328402580391395,0.24005548794817883,0.24149830876455622,0.24107745622249654
46473,AOI-0035,2019-10-27,0.2625584014982915,пастбища/зерновые,2019,0,0,development,0.2857987880706787,0.2967391908168793,0.27567386424623097,0.2855492899901595,0.2747961499359121,0.27872181480056096
46489,AOI-0035,2020-05-09,0.155307934614631,пастбища/зерновые,2020,0,0,development,0.3014748990535736,0.25224506855010986,0.16324020217687116,0.17550186742019638,0.18369426726772956,0.17960290695422426
46490,AOI-0035,2020-05-12,0.1782581984116137,пастбища/зерновые,2020,0,0,development,0.227630153298378,0.25224506855010986,0.16833298466634633,0.17157106180398599,0.17511306432227683,0.1734589242122913
46496,AOI-0035,2020-05-27,0.1592843981210426,пастбища/зерновые,2020,0,0,development,0.2098197042942047,0.2261989563703537,0.17650595169268982,0.1788065668787906,0.16842391602020262,0.17261674381480663
46508,AOI-0035,2020-06-25,0.2273579352850539,пастбища/зерновые,2020,2,0,development,0.14250288903713226,0.14250288903713226,0.23581220508468836,0.2428087630095247,0.23453900672428893,0.23759133279403682
46511,AOI-0035,2020-07-01,0.0635944980877522,пастбища/зерновые,2020,0,0,development,0.1737271100282669,0.1598026156425476,0.14074621346954203,0.14528925390355346,0.13282887966747278,0.13776163014023465
46517,AOI-0035,2020-07-11,0.1314950972270356,пастбища/зерновые,2020,0,0,development,0.09041012078523636,0.06744842231273651,0.13910901489905747,0.15401836434674487,0.11006252202578766,0.12752566779815538
46526,AOI-0035,2020-07-28,0.1236252109827868,пастбища/зерновые,2020,0,0,development,0.17115499079227448,0.15812043845653534,0.10269415019162426,0.09663181195795945,0.08297674217220523,0.08899658938301444
46528,AOI-0035,2020-08-02,0.1309818260270664,пастбища/зерновые,2020,0,0,development,0.1674322783946991,0.1585870385169983,0.10987221791598466,0.10536857622119858,0.12171272981495679,0.11516153136912759
46531,AOI-0035,2020-08-07,0.1142856562044004,пастбища/зерновые,2020,0,0,development,0.11965111643075943,0.1187407597899437,0.11040651298270096,0.11136029755300576,0.11038500546709692,0.11073782504159962
46536,AOI-0035,2020-08-17,0.1190957260113309,пастбища/зерновые,2020,0,0,development,0.1003626361489296,0.08802834898233414,0.11161911021799738,0.09973944513557836,0.10901451984578549,0.10581544467174736
46541,AOI-0035,2020-08-25,0.1352363773586282,пастбища/зерновые,2020,0,0,development,0.14461949467658997,0.13058902323246002,0.12116823989958567,0.10539505996717065,0.11311792321460647,0.11078138381467686
46560,AOI-0035,2020-09-29,0.1486558491760881,пастбища/зерновые,2020,0,0,development,0.1462765336036682,0.13929955661296844,0.14171489203562723,0.1416942629619846,0.12349282023238416,0.13106859962908785
46566,AOI-0035,2020-10-19,0.0375449531299086,пастбища/зерновые,2020,0,0,development,0.1557254195213318,0.15065541863441467,0.125949013987207,0.12084917307361291,0.11303813866294406,0.11657241964672048
46569,AOI-0035,2020-10-26,0.1507019922637703,пастбища/зерновые,2020,0,0,development,0.1545076072216034,0.1545076072216034,0.13399278684009258,0.12714564019518904,0.1207099989727365,0.12376909519229093
46578,AOI-0035,2021-05-22,0.6030357661317898,пастбища/зерновые,2021,0,0,development,0.684689462184906,0.6713104248046875,0.5939740225529473,0.5997076762796406,0.6223039220853677,0.6125814374700767
46580,AOI-0035,2021-05-29,0.720696812409322,пастбища/зерновые,2021,0,0,development,0.7309243679046631,0.7339732646942139,0.6505312218476823,0.6419362655714914,0.6659156256796386,0.6564145702560853
46584,AOI-0035,2021-06-11,0.6694407187187379,пастбища/зерновые,2021,0,0,development,0.5911469459533691,0.6090144515037537,0.6064241094050576,0.6248094838686821,0.5949080762483192,0.6063290389197722
46588,AOI-0035,2021-06-21,0.5578818809034509,пастбища/зерновые,2021,0,0,development,0.5234241485595703,0.5234241485595703,0.474190879191166,0.46895691348437585,0.5170897579825674,0.49735014231728236
46595,AOI-0035,2021-07-05,0.2508016794355096,пастбища/зерновые,2021,1,0,development,0.17225083708763123,0.17123958468437195,0.2032028065591305,0.20519004761031007,0.212872884966384,0.2095650903125153
46597,AOI-0035,2021-07-11,0.1631241160776506,пастбища/зерновые,2021,0,0,development,0.20672091841697693,0.19320839643478394,0.1594857033297338,0.1518408296204302,0.1561849338978299,0.1548023519659114
46606,AOI-0035,2021-07-29,0.1609414853534844,пастбища/зерновые,2021,1,0,development,0.15833541750907898,0.15791068971157074,0.16816494024266415,0.17129740968879187,0.1868130981849819,0.18018191622891636
46611,AOI-0035,2021-08-10,0.1242056238283222,пастбища/зерновые,2021,0,0,development,0.18589410185813904,0.18589410185813904,0.092244923857163,0.0882382335822104,0.0850003239368114,0.08657066772411257
46617,AOI-0035,2021-08-30,0.1447524619455615,пастбища/зерновые,2021,0,0,development,0.18843628466129303,0.18655827641487122,0.14623823249680296,0.14510309654310397,0.18930224613020263,0.17097166471562875
46622,AOI-0035,2021-09-09,0.1447667743258638,пастбища/зерновые,2021,0,0,development,0.14811789989471436,0.14811789989471436,0.14162911552384383,0.13190175106643381,0.13003519899967586,0.13135305358637447
46638,AOI-0035,2022-04-03,0.2367741742993546,пастбища/зерновые,2022,1,0,development,0.20445482432842255,0.20445482432842255,0.23368932775473036,0.23375139590229113,0.2420802487822202,0.2386106976971782
46650,AOI-0035,2022-05-13,0.5971122374388834,пастбища/зерновые,2022,1,0,development,0.5780588984489441,0.5780588984489441,0.62736716196988,0.625829670288003,0.6149182321397703,0.6195446099961286
46655,AOI-0035,2022-05-29,0.8644416099697054,пастбища/зерновые,2022,0,0,development,0.8412839770317078,0.799913763999939,0.7657285530822788,0.7494420450425907,0.759132136619188,0.7560054777303639
46656,AOI-0035,2022-06-01,0.8022430586518303,пастбища/зерновые,2022,0,0,development,0.779228687286377,0.799913763999939,0.7612235443304871,0.7505423145784752,0.7603103598610745,0.7568394700217613
46661,AOI-0035,2022-06-10,0.5741746687211096,пастбища/зерновые,2022,2,0,development,0.6483621001243591,0.6501977443695068,0.6231207496809981,0.6251679988342685,0.6353169225920323,0.6309795144136037
46662,AOI-0035,2022-06-11,0.7098693590492097,пастбища/зерновые,2022,0,0,development,0.6520333290100098,0.6501977443695068,0.6669219774039525,0.6674914913673833,0.6656376732905278,0.6663774711674092
46676,AOI-0035,2022-07-07,0.2562859625855213,пастбища/зерновые,2022,1,0,development,0.22147725522518158,0.22147725522518158,0.2630972785010932,0.26516825545876244,0.24240940528787627,0.25176543094138304
46683,AOI-0035,2022-08-01,0.1822296131909483,пастбища/зерновые,2022,1,0,development,0.12242169678211212,0.12326595187187195,0.1606588175011693,0.16532383131062967,0.17981014480607496,0.17352209618154713
46693,AOI-0035,2022-08-22,0.1286419292831848,пастбища/зерновые,2022,0,0,development,0.14054742455482483,0.12841291725635529,0.1256189224939868,0.12010731437430922,0.11684318760869605,0.11850815190583673
46711,AOI-0035,2022-10-04,0.1534605696326025,пастбища/зерновые,2022,0,0,development,0.16209301352500916,0.18225903809070587,0.15323847608300278,0.14263457507128777,0.13982042259985628,0.1415813831753514
46712,AOI-0035,2022-10-06,0.1463011863067286,пастбища/зерновые,2022,0,0,development,0.17105568945407867,0.18225903809070587,0.1612300827608062,0.15615960348594726,0.15608355376111083,0.15639724450033826
46713,AOI-0035,2022-10-14,0.1820580078734224,пастбища/зерновые,2022,0,0,development,0.20690640807151794,0.18225903809070587,0.18449221767142715,0.18626840745710047,0.1954056916428129,0.19150436042201868
46716,AOI-0035,2023-04-03,0.4521406583606875,пастбища/зерновые,2023,1,0,development,0.3415079116821289,0.3415079116821289,0.4208754672530268,0.42000368404594784,0.4534163620059231,0.4395599820936887
46718,AOI-0035,2023-04-05,0.4440608594112204,пастбища/зерновые,2023,1,0,development,0.4101565182209015,0.4444808065891266,0.38387670092757975,0.3796379069813119,0.4066348564079416,0.3956357055666971
46720,AOI-0035,2023-04-12,0.4492082936750058,пастбища/зерновые,2023,0,0,development,0.5400081276893616,0.5400081276893616,0.4890234682949316,0.46280029431448133,0.47576154313705765,0.4718262947103238
46730,AOI-0035,2023-05-19,0.6598840207647453,пастбища/зерновые,2023,0,0,development,0.5769023299217224,0.5441380143165588,0.60494263448587,0.6043565342530314,0.6382174767485775,0.6241586581136541
46731,AOI-0035,2023-05-24,0.6751450743492297,пастбища/зерновые,2023,0,0,development,0.49499160051345825,0.5441380143165588,0.5895174782590489,0.5860345730108659,0.6236400065542884,0.60818403004132
46736,AOI-0035,2023-06-08,0.5385039584132468,пастбища/зерновые,2023,0,0,development,0.5491369962692261,0.5660821795463562,0.5511465603147438,0.5176582036716433,0.5432370529646112,0.5344550409408747
46738,AOI-0035,2023-06-10,0.5161273343605547,пастбища/зерновые,2023,2,0,development,0.47948670387268066,0.4437267482280731,0.5045946197546336,0.49852482029095657,0.4623335336084909,0.47773236821148873
46755,AOI-0035,2023-07-22,0.2811639358426915,пастбища/зерновые,2023,1,0,development,0.2737317979335785,0.2737317979335785,0.2896937337117931,0.286799756156004,0.28539595568895176,0.28614113076575465
46778,AOI-0035,2023-09-05,0.2178837765296118,пастбища/зерновые,2023,1,0,development,0.18417005240917206,0.19140179455280304,0.2067918184441049,0.19945892695086262,0.2000544391720198,0.20021450091887988
46793,AOI-0035,2023-10-07,0.210446779366655,пастбища/зерновые,2023,1,0,development,0.15979625284671783,0.16115590929985046,0.18619909141773827,0.19625406124285968,0.18262920363977822,0.1877399627538368
46796,AOI-0035,2023-10-14,0.1460448016842907,пастбища/зерновые,2023,0,0,development,0.13581019639968872,0.13977524638175964,0.1607341729141052,0.16013522345507397,0.1627899661386716,0.16171849635016805
46797,AOI-0035,2023-10-15,0.1807777986373781,пастбища/зерновые,2023,1,0,development,0.12788008153438568,0.13977524638175964,0.2000528354692051,0.19946772133774,0.1982852698572042,0.19880990024212886
46801,AOI-0035,2023-10-23,0.1884185611395111,пастбища/зерновые,2023,1,0,development,0.18044210970401764,0.16541506350040436,0.182760865641731,0.18103556915218993,0.1771964156256279,0.17889006931265827
46808,AOI-0035,2024-04-11,0.1922414208534013,пастбища/зерновые,2024,0,0,development,0.1827310025691986,0.18444333970546722,0.20467533497942603,0.21056434229668414,0.20344205627012144,0.2060784629975373
46816,AOI-0035,2024-05-09,0.2056816895672001,пастбища/зерновые,2024,1,0,development,0.25260910391807556,0.25260910391807556,0.2102174227825894,0.21579585897812228,0.21018896240061716,0.21221200667954315
46821,AOI-0035,2024-05-23,0.1437883889416015,пастбища/зерновые,2024,0,0,development,0.22162412106990814,0.20287512242794037,0.16395728645159982,0.1660029328486418,0.16255732596068687,0.16387744669149043
46841,AOI-0035,2024-07-12,0.4898854939948888,пастбища/зерновые,2024,0,0,development,0.5174322128295898,0.5174322128295898,0.30478290364200616,0.3294879752293281,0.3886791577916948,0.36267221293096774
46846,AOI-0035,2024-07-21,0.514009221468065,пастбища/зерновые,2024,1,0,development,0.527942419052124,0.5507450699806213,0.5119614847171953,0.5013375804953777,0.5050728294465994,0.5041093327542456
46847,AOI-0035,2024-07-22,0.4764901354170908,пастбища/зерновые,2024,0,0,development,0.543144166469574,0.5507450699806213,0.38096192438336396,0.3696791843749992,0.4739468537275487,0.43118287685349005
46849,AOI-0035,2024-07-27,0.5099232671346222,пастбища/зерновые,2024,0,0,development,0.5390604138374329,0.5266381502151489,0.3912329961858466,0.389576762031068,0.4647406922580923,0.43355293042211285
46850,AOI-0035,2024-07-29,0.4635023474032202,пастбища/зерновые,2024,1,0,development,0.48937132954597473,0.5266381502151489,0.4857763852466779,0.4676674623906506,0.4829009674738169,0.4775687568121928
46868,AOI-0035,2024-09-07,0.1851036107614747,пастбища/зерновые,2024,1,0,development,0.1781592071056366,0.1781592071056366,0.17271893684813147,0.15478747894909548,0.16356629747320842,0.16091036924995739
46876,AOI-0035,2024-09-25,0.1466195394917294,пастбища/зерновые,2024,0,0,development,0.165468230843544,0.165468230843544,0.14143727169601758,0.12568091634962475,0.1310852495821588,0.1297126435234005
46880,AOI-0035,2024-10-05,0.1372408553464976,пастбища/зерновые,2024,0,0,development,0.17070473730564117,0.17070473730564117,0.13244457638742696,0.12858716241551332,0.12371484906232776,0.12595705566862583
46886,AOI-0035,2024-10-25,0.1482556055217753,пастбища/зерновые,2024,0,0,development,0.14689919352531433,0.14689919352531433,0.13296120873279757,0.14215187305674712,0.1366294820570414,0.13841643094963568
46887,AOI-0035,2024-10-30,0.1206713308066218,пастбища/зерновые,2024,0,0,development,0.14689919352531433,0.14689919352531433,0.08586042890688553,0.09291859714321038,0.11606916570928154,0.10604232129840079
56490,AOI-0041,2010-07-28,0.3857077395577395,зерновые,2010,2,0,development,0.41158369183540344,0.4247685670852661,0.4178026500378354,0.42113004429570927,0.4018893552422154,0.4097113911003658
56492,AOI-0041,2010-07-31,0.3644330605751952,зерновые,2010,1,0,development,0.3939220607280731,0.35532066226005554,0.36163983857319415,0.34521698308043347,0.36021677479064407,0.3548880388156883
56502,AOI-0041,2010-09-01,0.3342322561921298,зерновые,2010,1,0,development,0.2958901822566986,0.2851877510547638,0.2790168492515632,0.2751609039895865,0.28388015171848147,0.2804660726722599
56503,AOI-0041,2010-09-14,0.3604691646191647,зерновые,2010,2,0,development,0.28379181027412415,0.2851877510547638,0.31625332450484944,0.3147272597234455,0.3159238248908628,0.31551075401622575
56507,AOI-0041,2010-10-26,0.3252144613211764,зерновые,2010,1,0,development,0.3846723437309265,0.3846723437309265,0.2723914677718718,0.2796886199935752,0.27133263050510814,0.27440412263458885
56509,AOI-0041,2011-04-23,0.5589409090909092,зерновые,2011,2,0,development,0.4683530926704407,0.47728797793388367,0.4863700973804639,0.5062809948264249,0.5493551061093106,0.5303220432833784
56513,AOI-0041,2011-05-25,0.5873235872235872,зерновые,2011,2,0,development,0.5630981922149658,0.5582377314567566,0.6110237336300691,0.5912057824642148,0.6122483204522613,0.6045937119704932
56528,AOI-0041,2011-08-10,0.2801740169239177,зерновые,2011,1,0,development,0.24525012075901031,0.23773100972175598,0.23743860089671046,0.22739563539377453,0.24784576107082595,0.2398939608443594
56540,AOI-0041,2011-09-27,0.3838346469599977,зерновые,2011,1,0,development,0.34055256843566895,0.34173643589019775,0.33370770770475267,0.32482267232402723,0.3486811310362027,0.33924652487078466
56543,AOI-0041,2011-10-16,0.4581684275184275,зерновые,2011,2,0,development,0.44242236018180847,0.44242236018180847,0.46201198240038305,0.4547038912697525,0.469042913881041,0.46348215761476835
56548,AOI-0041,2012-05-08,0.4678144963144963,зерновые,2012,2,0,development,0.5245437026023865,0.5179243087768555,0.5238010746387876,0.5280386022283516,0.5111983085265196,0.5179707808755423
56554,AOI-0041,2012-07-20,0.3172400553726091,зерновые,2012,1,0,development,0.32799437642097473,0.3336145877838135,0.29243750271456115,0.2737786721390241,0.2928954888897588,0.2859778046882069
56562,AOI-0041,2012-10-15,0.1988365454277943,зерновые,2012,1,0,development,0.27834632992744446,0.27834632992744446,0.2805779602155814,0.29827410149411904,0.2475866435318861,0.2676961751579013
56565,AOI-0041,2013-04-07,0.4206899262899263,зерновые,2013,2,0,development,0.33884650468826294,0.3465111553668976,0.38593924109849254,0.4033144669522746,0.4191061372175135,0.41156785953758535
56576,AOI-0041,2013-05-25,0.4585959459459459,зерновые,2013,2,0,development,0.4959791600704193,0.4872933626174927,0.5010226757775538,0.5030635542191044,0.5042974129266282,0.503670413162886
56580,AOI-0041,2013-06-26,0.3812452088452089,зерновые,2013,2,0,development,0.34848612546920776,0.34213152527809143,0.3700601409103079,0.3547992088539092,0.3723234679955187,0.36587952955711184
56591,AOI-0041,2013-08-15,0.3132438244164787,зерновые,2013,1,0,development,0.35532107949256897,0.3516482710838318,0.3427880010548616,0.3283811673051935,0.34000036603590733,0.3359663427438623
56598,AOI-0041,2013-10-16,0.6341836609336611,зерновые,2013,2,0,development,0.571027398109436,0.571027398109436,0.550067062113803,0.5398157198599373,0.5413867111046227,0.5413031588035702
56601,AOI-0041,2014-05-07,0.5792695134342227,зерновые,2014,1,0,development,0.6389778852462769,0.6386219263076782,0.5598848147608735,0.5686625031824327,0.5673992604608841,0.5674367125654379
56602,AOI-0041,2014-05-09,0.5903800982800984,зерновые,2014,2,0,development,0.6392152309417725,0.6386219263076782,0.5982659958960501,0.6075120171553818,0.6194191396655663,0.6139496200964933
56621,AOI-0041,2014-08-10,0.3172861412077557,зерновые,2014,1,0,development,0.28954005241394043,0.2984156310558319,0.27437129422062134,0.26727325360544424,0.2925392747838709,0.2824195031864871
56623,AOI-0041,2014-08-18,0.2506462676089543,зерновые,2014,1,0,development,0.28507092595100403,0.28772422671318054,0.22050495457536937,0.22471465280019864,0.23884625666576967,0.23273114907539794
56626,AOI-0041,2014-09-03,0.2384289936248544,зерновые,2014,1,0,development,0.28889793157577515,0.2813838720321655,0.21801158158356715,0.22518457467969905,0.23237986872988098,0.22898651374481005
56638,AOI-0041,2014-10-30,0.1778295003392935,зерновые,2014,1,0,development,0.24118080735206604,0.24118080735206604,0.19289067227624815,0.1881786783719692,0.16401513102664536,0.17433302773452322
56643,AOI-0041,2015-05-02,0.4935055291120525,зерновые,2015,1,0,development,0.47422435879707336,0.4681076407432556,0.46507955804874435,0.46276087966459745,0.46966531263842337,0.46692096937169303
56646,AOI-0041,2015-05-18,0.4488272053913242,зерновые,2015,1,0,development,0.5050792098045349,0.46453550457954407,0.5123766072444645,0.5077969456696225,0.5175889704435396,0.513768705511136
56647,AOI-0041,2015-05-25,0.492858492558114,зерновые,2015,1,0,development,0.42399176955223083,0.46453550457954407,0.4752784146502162,0.47841366239608607,0.48641890000869725,0.4829130795390769
56661,AOI-0041,2015-07-28,0.3448128432858436,зерновые,2015,1,0,development,0.31528440117836,0.31211331486701965,0.3244405839648082,0.32686099010003233,0.3407581580517852,0.3348401405222273
56676,AOI-0041,2015-10-08,0.3347634667067438,зерновые,2015,1,0,development,0.3711042106151581,0.36617428064346313,0.3380521521716503,0.3351653551059853,0.3341729728577526,0.33474653453770176
56679,AOI-0041,2015-10-17,0.265306685148602,зерновые,2015,1,0,development,0.3568325638771057,0.3568325638771057,0.2916815939506898,0.28844769273167276,0.29505637054048467,0.29248601613018554
56687,AOI-0041,2016-05-11,0.6222366490719771,зерновые,2016,1,0,development,0.6307189464569092,0.638956606388092,0.6411092631875567,0.6332449644164501,0.653169340270552,0.6453151467981668
56690,AOI-0041,2016-05-28,0.4810148944617435,зерновые,2016,1,0,development,0.5619868636131287,0.5447875261306763,0.585106407846766,0.5529292402166055,0.5872729555652982,0.5747704615785213
56693,AOI-0041,2016-06-13,0.5281017264365543,зерновые,2016,1,0,development,0.5614033937454224,0.5227794051170349,0.481168387387374,0.4713862426264368,0.5121781612030031,0.49574650240744633
56698,AOI-0041,2016-07-06,0.3742525888785151,зерновые,2016,1,0,development,0.34791862964630127,0.3436635732650757,0.3432038198780964,0.32580959426216516,0.32345152738711397,0.32540039293496537
56714,AOI-0041,2016-09-13,0.3049771498771499,зерновые,2016,2,0,development,0.29375091195106506,0.328596830368042,0.3195226013912558,0.31746702949897954,0.34767151473184266,0.335216089619331
56715,AOI-0041,2016-09-17,0.2291196866041021,зерновые,2016,1,0,development,0.31909340620040894,0.328596830368042,0.22681101435466502,0.22497355821230208,0.23583693751443138,0.2314182889659635
56727,AOI-0041,2017-04-13,0.4156984215597213,зерновые,2017,1,0,development,0.40001070499420166,0.28823989629745483,0.38840635143226765,0.3992365729355556,0.42324382583650605,0.4126506493695561
56734,AOI-0041,2017-05-07,0.5544268216638596,зерновые,2017,1,0,development,0.5551759004592896,0.5614770650863647,0.5669641373143507,0.562776003088569,0.5783475356590717,0.572100317857045
56745,AOI-0041,2017-06-16,0.4738338803377576,зерновые,2017,1,0,development,0.5591742396354675,0.5015084147453308,0.5026769831229841,0.5039931667666343,0.48231567204242576,0.4912636704987044
56747,AOI-0041,2017-06-27,0.5320385813362334,зерновые,2017,0,0,development,0.4477887749671936,0.4729299247264862,0.4992099144450605,0.4981985216993564,0.5017695877466066,0.5003397267777072
56754,AOI-0041,2017-07-25,0.3240149535761704,зерновые,2017,1,0,development,0.38897472620010376,0.38897472620010376,0.34046915308688847,0.34231956404105246,0.3360048089909716,0.338529801581991
56757,AOI-0041,2017-07-28,0.3699886977886978,зерновые,2017,2,0,development,0.3545364439487457,0.3638722896575928,0.36899336806694666,0.37067492527049095,0.35703959554060954,0.362620478501667
56762,AOI-0041,2017-08-11,0.2964516660584052,зерновые,2017,0,0,development,0.276867538690567,0.27807849645614624,0.264550033391045,0.2613471259473468,0.26936558416110606,0.26620681776242966
56770,AOI-0041,2017-09-03,0.3542031774391693,зерновые,2017,1,0,development,0.3258169889450073,0.37125688791275024,0.3454091543204227,0.3359843510825286,0.3652038658273154,0.35356825053830276
56778,AOI-0041,2017-09-19,0.4944661760829851,зерновые,2017,1,0,development,0.45541566610336304,0.4566744565963745,0.4769611971584399,0.47674472714797905,0.48821743947002166,0.4834550472519955
56786,AOI-0041,2018-04-15,0.4289463673977621,зерновые,2018,1,0,development,0.4347790479660034,0.4553185701370239,0.4218525343266007,0.4304268257155673,0.4300966219245068,0.4297570985058252
56789,AOI-0041,2018-04-28,0.523567658675544,зерновые,2018,0,0,development,0.5359522700309753,0.5324771404266357,0.5187813569706854,0.5170313618148189,0.5237768893071431,0.521067042795833
56800,AOI-0041,2018-06-02,0.4686177619729886,зерновые,2018,0,0,development,0.41314926743507385,0.3574007749557495,0.4126088067145786,0.40774069708978694,0.4430348226842358,0.42861776098906124
56801,AOI-0041,2018-06-03,0.3456876143923135,зерновые,2018,1,0,development,0.39084985852241516,0.3574007749557495,0.38027859165065064,0.38193571529486287,0.38261875355747643,0.3822423269136453
56814,AOI-0041,2018-07-12,0.2528498764177015,зерновые,2018,1,0,development,0.36013978719711304,0.34895193576812744,0.29486487670691675,0.3231878687256264,0.2945854436219286,0.30491305374441113
56818,AOI-0041,2018-07-28,0.4674461916461917,зерновые,2018,2,0,development,0.39261892437934875,0.40006279945373535,0.4172841855574527,0.4433118842664028,0.4458147551006779,0.4433253970642437
56825,AOI-0041,2018-08-29,0.340761367169117,зерновые,2018,1,0,development,0.3546472191810608,0.3390193283557892,0.3170028801949504,0.33443530529887416,0.3229845577048695,0.3267801824997697
56836,AOI-0041,2018-10-17,0.4149301358417855,зерновые,2018,1,0,development,0.3981938660144806,0.3981938660144806,0.4084523964969682,0.41392660871585585,0.4225465962353336,0.4186548407345766
56840,AOI-0041,2019-04-13,0.4059813771646674,зерновые,2019,0,0,development,0.43133851885795593,0.4466274678707123,0.41796381689439954,0.4231439052818832,0.42802921192627835,0.42570802515651907
56844,AOI-0041,2019-04-23,0.4809626986715942,зерновые,2019,0,0,development,0.4944590926170349,0.49797117710113525,0.5436320649863942,0.5179646423517847,0.499007693519203,0.5083244677634206
56850,AOI-0041,2019-05-08,0.571261741453362,зерновые,2019,0,0,development,0.6101186871528625,0.5958719849586487,0.5641822359686149,0.5537982581422098,0.5768670896858543,0.5678444690022798
56859,AOI-0041,2019-05-30,0.6103449775164652,зерновые,2019,0,0,development,0.6148092150688171,0.6043190360069275,0.5914100612012176,0.5902561696625902,0.6012450884829242,0.5967361731123597
56864,AOI-0041,2019-06-10,0.3900882063882064,зерновые,2019,2,0,development,0.48277416825294495,0.47410884499549866,0.46885014037309297,0.46218927007284466,0.39401361845350175,0.4227558028737436
56875,AOI-0041,2019-07-04,0.2934317210767779,зерновые,2019,0,0,development,0.24181939661502838,0.22176514565944672,0.28278851170059377,0.2741575351810663,0.2846701700038555,0.2807753710270203
56878,AOI-0041,2019-07-12,0.2866905405405405,зерновые,2019,2,0,development,0.2030646800994873,0.1979583501815796,0.3537733208455313,0.34909524237066275,0.35923936214840024,0.35527804529440477
56879,AOI-0041,2019-07-14,0.2724669337257605,зерновые,2019,0,0,development,0.22348995506763458,0.1979583501815796,0.2402877962587391,0.2536337438101185,0.18751892536179096,0.21429061589738096
56889,AOI-0041,2019-08-06,0.4904210741495333,зерновые,2019,0,0,development,0.49080199003219604,0.4843957722187042,0.47925042180466376,0.47305520950131696,0.47960938652004126,0.4772264339849346
56894,AOI-0041,2019-08-16,0.4188662917575538,зерновые,2019,1,0,development,0.43922489881515503,0.4438905119895935,0.4300570454618417,0.4126054790312513,0.4429658691123206,0.4313019558449072
56898,AOI-0041,2019-08-26,0.34346353431984,зерновые,2019,0,0,development,0.23433829843997955,0.23433829843997955,0.3111913155443303,0.3147699392804303,0.30679772541994116,0.3099163479904927
56903,AOI-0041,2019-09-02,0.3466834444584621,зерновые,2019,0,0,development,0.32161998748779297,0.32387080788612366,0.33084284102635453,0.33997683481084773,0.32675208739517375,0.33174756713625086
56908,AOI-0041,2019-09-14,0.2981604422604423,зерновые,2019,2,0,development,0.2966368794441223,0.2966315746307373,0.3364589066668831,0.3256754862593023,0.35803652667341856,0.34516912018000134
56936,AOI-0041,2020-04-27,0.3231406118073124,зерновые,2020,0,0,development,0.38397476077079773,0.3838876783847809,0.3443721054981019,0.34214542723909935,0.3329899983702071,0.33692393874023896
56943,AOI-0041,2020-05-19,0.5326606082548173,зерновые,2020,0,0,development,0.4576594829559326,0.46960803866386414,0.46561441367043344,0.4653634992192004,0.4574721256743042,0.46077012175078447
56946,AOI-0041,2020-05-29,0.4363805068538632,зерновые,2020,0,0,development,0.4971289038658142,0.5103989243507385,0.49410193645642286,0.5016737652575591,0.502892419131748,0.5019640913075619
56954,AOI-0041,2020-06-24,0.4491250393642865,зерновые,2020,1,0,development,0.4891640543937683,0.5286476612091064,0.4622862669071144,0.47474470808894675,0.4280290964121112,0.4467770658270921
56955,AOI-0041,2020-06-25,0.3826551597051597,зерновые,2020,2,0,development,0.4819852113723755,0.5286476612091064,0.42332675882816345,0.44948101111824124,0.40345780473081483,0.42115580493960847
56957,AOI-0041,2020-06-28,0.4057415249217754,зерновые,2020,0,0,development,0.4464748501777649,0.43939197063446045,0.357830669293922,0.3772092044084913,0.3719149832315188,0.3730402840716893
56964,AOI-0041,2020-07-11,0.3288798104318118,зерновые,2020,0,0,development,0.2581603527069092,0.25266560912132263,0.2510498954855756,0.2626458804666367,0.27332262171433147,0.2682344169158816
56966,AOI-0041,2020-07-18,0.2196912669254729,зерновые,2020,0,0,development,0.2477739006280899,0.25279954075813293,0.22445159018891936,0.21710824490078606,0.2077777672633741,0.21206916654166214
56967,AOI-0041,2020-07-25,0.3048635580261417,зерновые,2020,1,0,development,0.2595003843307495,0.25279954075813293,0.2676982400243449,0.2684044451345751,0.281041830427742,0.27574342983283573
56979,AOI-0041,2020-08-18,0.2372847422590699,зерновые,2020,1,0,development,0.2252063900232315,0.2252063900232315,0.21488514223942626,0.20571222550210563,0.19303600819891875,0.198821524462942
56995,AOI-0041,2020-09-16,0.1835177244642662,зерновые,2020,0,0,development,0.15718404948711395,0.15718404948711395,0.18076888709724404,0.17949276270950373,0.12901249680494806,0.1500911246509889
57001,AOI-0041,2020-09-29,0.1798378225754858,зерновые,2020,0,0,development,0.19329117238521576,0.19329117238521576,0.19630310753699737,0.1871339536137988,0.17809684539534168,0.18236771681105796
57010,AOI-0041,2020-10-26,0.1983229909609136,зерновые,2020,0,0,development,0.21271291375160217,0.21271291375160217,0.1736918287639828,0.165547723413725,0.1950272561821426,0.18321219492737362
57030,AOI-0041,2021-06-16,0.5336492080120541,зерновые,2021,0,0,development,0.43269625306129456,0.35871100425720215,0.5172098599687264,0.5084936036966173,0.5226971579617783,0.5172711059041064
57034,AOI-0041,2021-06-23,0.4652054342159311,зерновые,2021,0,0,development,0.4784068763256073,0.46999290585517883,0.4432408528974419,0.45040935767595763,0.47980572555045453,0.4671735195182364
57036,AOI-0041,2021-06-27,0.3463707529154409,зерновые,2021,1,0,development,0.4171411395072937,0.4171411395072937,0.4030784890301306,0.41397845047148746,0.40132087397802746,0.40598209153549775
57042,AOI-0041,2021-07-11,0.4142896878240736,зерновые,2021,0,0,development,0.44679826498031616,0.44161906838417053,0.38833536506450606,0.3938932361375248,0.3991090972836029,0.3966293344897889
57044,AOI-0041,2021-07-13,0.3994859992978666,зерновые,2021,0,0,development,0.4390089511871338,0.413071870803833,0.3700328722503918,0.36922806828697524,0.3869139451235756,0.3795986355427774
57045,AOI-0041,2021-07-16,0.3876940426228967,зерновые,2021,0,0,development,0.4001033306121826,0.413071870803833,0.35608091748953735,0.3563805638594053,0.36277466927392327,0.360097058999149
57049,AOI-0041,2021-07-26,0.403962364025358,зерновые,2021,0,0,development,0.3492426872253418,0.35222625732421875,0.3523236646723656,0.3478251229569345,0.3499148910386386,0.34929545094980763
57050,AOI-0041,2021-07-28,0.398297274673125,зерновые,2021,0,0,development,0.34327560663223267,0.35222625732421875,0.3686946896816837,0.39787340016940514,0.35974258914212326,0.3739878914130523
57056,AOI-0041,2021-08-12,0.3197383806404057,зерновые,2021,0,0,development,0.38572871685028076,0.37574872374534607,0.27887628581399926,0.30729271075590675,0.33287665643779385,0.32064910896497434
57065,AOI-0041,2021-09-06,0.4781533139391393,зерновые,2021,0,0,development,0.4057255983352661,0.39811187982559204,0.3694765751301748,0.3701460100560406,0.3677835912744424,0.36872948813079914
57079,AOI-0041,2021-10-14,0.3325177712020155,зерновые,2021,0,0,development,0.3197595179080963,0.3273468315601349,0.3124752762516878,0.3198999102281571,0.3168076453544383,0.3176815180325829
57089,AOI-0041,2022-04-26,0.5269923119267236,зерновые,2022,1,0,development,0.5258786678314209,0.5210471153259277,0.5379924028230526,0.5348330768877141,0.5303495498461351,0.5323911301520812
57093,AOI-0041,2022-05-12,0.6284163931829174,зерновые,2022,0,0,development,0.5610687732696533,0.5681676268577576,0.5679104922459125,0.5559842470042589,0.586863751993002,0.5746764636436292
57105,AOI-0041,2022-06-08,0.5900424580504238,зерновые,2022,0,0,development,0.6250150203704834,0.6216353178024292,0.5771617591569508,0.5741724232526257,0.6045963577402443,0.5921015476324509
57106,AOI-0041,2022-06-10,0.451613144963145,зерновые,2022,2,0,development,0.6114962100982666,0.6216353178024292,0.5475578737053362,0.5598094756608044,0.5214666904192964,0.5367417667124992
57115,AOI-0041,2022-06-23,0.4782449919044698,зерновые,2022,0,0,development,0.4766975939273834,0.4485601484775543,0.4031561436268503,0.41711778994006704,0.44104000618100103,0.4303080346580008
57116,AOI-0041,2022-06-26,0.3537264127764128,зерновые,2022,2,0,development,0.4525797963142395,0.4485601484775543,0.4177433017023125,0.4233713564271633,0.4092559183511693,0.41481707963484504
57128,AOI-0041,2022-08-01,0.3614152658878283,зерновые,2022,1,0,development,0.2551480531692505,0.2551480531692505,0.34726645360216485,0.3373001149009663,0.3222736874231728,0.3290813903585027
57133,AOI-0041,2022-08-10,0.3783778214140606,зерновые,2022,0,0,development,0.31458860635757446,0.3100285232067108,0.28469012411257766,0.2819912505033623,0.2895168737875236,0.2865351668285997
57137,AOI-0041,2022-08-22,0.325345612008018,зерновые,2022,0,0,development,0.29195892810821533,0.26442795991897583,0.27636695654927407,0.27246411970464823,0.26779333668021094,0.2699542019348266
57139,AOI-0041,2022-08-25,0.3093715790068767,зерновые,2022,0,0,development,0.3190682530403137,0.31426894664764404,0.282270293611496,0.27667703996763726,0.2888342638176525,0.28408608851855666
57146,AOI-0041,2022-09-08,0.2680695617149249,зерновые,2022,1,0,development,0.30486157536506653,0.30486157536506653,0.30167515197594347,0.29709773485835317,0.3227011860918092,0.31230078299744946
57149,AOI-0041,2022-09-14,0.3328113022113022,зерновые,2022,2,0,development,0.3005529046058655,0.301996648311615,0.3294582066172764,0.3242455368973789,0.3249058092871891,0.3249209847254027
57162,AOI-0041,2023-04-04,0.3970793058660414,зерновые,2023,0,0,development,0.4306148290634155,0.4306148290634155,0.417593148984377,0.40812786261097117,0.3916806202600784,0.3990517325092482
57170,AOI-0041,2023-05-09,0.5659746928746929,зерновые,2023,2,0,development,0.5672190189361572,0.5627015829086304,0.6160958792681801,0.6277154793179569,0.6010437023820673,0.6114969781780496
57178,AOI-0041,2023-06-06,0.6365515313630564,зерновые,2023,0,0,development,0.5519745945930481,0.5342237949371338,0.6023291896239433,0.6033334128593107,0.639868938985153,0.6246086167108247
57191,AOI-0041,2023-06-28,0.4330610531744289,зерновые,2023,0,0,development,0.4362352192401886,0.4219832718372345,0.4673876178187604,0.4786838780995905,0.47762960798840703,0.47744000099919404
57192,AOI-0041,2023-06-30,0.5268797100181467,зерновые,2023,1,0,development,0.37922748923301697,0.4219832718372345,0.4986700972582435,0.49967280290175903,0.5043788112341936,0.5023646047460282
57196,AOI-0041,2023-07-06,0.449339894370872,зерновые,2023,0,0,development,0.4325334131717682,0.41492342948913574,0.42533647649262224,0.4194511806567668,0.44324166652336294,0.4336684890104198
57207,AOI-0041,2023-08-02,0.2348347059924142,зерновые,2023,0,0,development,0.328932523727417,0.328932523727417,0.32096739423769083,0.31504318588183916,0.29074173032553907,0.30118444697144475
57216,AOI-0041,2023-08-18,0.2799372766122421,зерновые,2023,1,0,development,0.29209303855895996,0.29209303855895996,0.3040514763708906,0.2981045568991461,0.29493531993872285,0.296585009234444
57220,AOI-0041,2023-08-27,0.2479373255694874,зерновые,2023,0,0,development,0.2597731649875641,0.24608716368675232,0.2595499863551192,0.24978390325511685,0.2508576213090913,0.250954019784716
57222,AOI-0041,2023-08-29,0.2770316953316953,зерновые,2023,2,0,development,0.2588609457015991,0.2588609457015991,0.30604965088428404,0.2961002512450882,0.3030144166566773,0.3006904772543438
57224,AOI-0041,2023-09-01,0.2216426312581783,зерновые,2023,0,0,development,0.26262035965919495,0.2942855656147003,0.23401427010680526,0.23098573886934798,0.2300409679770123,0.23060259979983716
57234,AOI-0041,2023-10-01,0.3207461385124937,зерновые,2023,0,0,development,0.3882266581058502,0.3660314679145813,0.33430344099921094,0.329637758957774,0.3258010560396775,0.32765724699013765
57241,AOI-0041,2023-10-15,0.3959791979375176,зерновые,2023,1,0,development,0.3740299642086029,0.3740299642086029,0.38812465284516534,0.38624416750970003,0.37732586474166346,0.38114186699842945
57259,AOI-0041,2024-04-28,0.5614245192383721,зерновые,2024,0,0,development,0.6199063062667847,0.6173233389854431,0.5635608359740668,0.5684700489667401,0.5823976754625722,0.5763285441231771
57264,AOI-0041,2024-05-09,0.6038453240002594,зерновые,2024,1,0,development,0.5754573345184326,0.5754573345184326,0.6050901074881367,0.5980502523857029,0.5979011887890067,0.5983548099506062
57266,AOI-0041,2024-05-11,0.5764515281549208,зерновые,2024,0,0,development,0.5858367681503296,0.5814571380615234,0.5654588384661153,0.553823032589372,0.5793002407659286,0.5693449928612451
57273,AOI-0041,2024-05-26,0.3094282722540862,зерновые,2024,0,0,development,0.5059605240821838,0.4994675815105438,0.4681759238000065,0.46767390586644114,0.48201230653416716,0.47607322555031817
57278,AOI-0041,2024-06-15,0.4619093456865295,зерновые,2024,0,0,development,0.3800211548805237,0.38400399684906006,0.4059733464253814,0.407736615899958,0.4024888834043061,0.40457467579759165
57287,AOI-0041,2024-07-02,0.3338410311505152,зерновые,2024,0,0,development,0.2836682200431824,0.2836682200431824,0.30139853683977,0.2911993925674939,0.292719575439416,0.29265426384618115
57291,AOI-0041,2024-07-10,0.2815281733203719,зерновые,2024,0,0,development,0.270328551530838,0.26903215050697327,0.24158592139896956,0.24149122943956902,0.2661571725938762,0.25589756994716517
57298,AOI-0041,2024-07-21,0.2833087756740686,зерновые,2024,1,0,development,0.23170891404151917,0.23170891404151917,0.2850444523082587,0.2830413154454987,0.27238917947067354,0.2769335485016635
57309,AOI-0041,2024-08-13,0.2661220055300181,зерновые,2024,1,0,development,0.22944630682468414,0.22401559352874756,0.24849243009565916,0.24128465845282707,0.25773264854986766,0.2512886534923826
57312,AOI-0041,2024-08-21,0.2162811992116591,зерновые,2024,0,0,development,0.21074146032333374,0.2055317759513855,0.2098518390343197,0.212563521714352,0.21070268338851403,0.2113262459930093
57320,AOI-0041,2024-09-08,0.2042620421339583,зерновые,2024,0,0,development,0.22836624085903168,0.21941176056861877,0.1956042816056256,0.19545047415404043,0.19184070879468101,0.19335148822663056
57323,AOI-0041,2024-09-15,0.1856421881383553,зерновые,2024,0,0,development,0.23223064839839935,0.22416603565216064,0.20787870806980266,0.20679246717663802,0.18418077579644973,0.1936511787564989
57327,AOI-0041,2024-09-25,0.1835206531554291,зерновые,2024,0,0,development,0.223524272441864,0.223524272441864,0.18732922564982984,0.18797704823337352,0.18044407606268334,0.18354292972561015
88285,AOI-0069,2010-04-07,0.4707191126936774,зерновые,2010,2,0,development,0.608055830001831,0.608055830001831,0.43703621425414313,0.4432531483760272,0.48905321450857514,0.4696474484679082
88349,AOI-0069,2010-06-10,0.5273529785391202,зерновые,2010,2,0,development,0.4832521677017212,0.5249274373054504,0.4537048434571678,0.47068169644331886,0.46683425303687,0.46749106129642326
88350,AOI-0069,2010-06-11,0.49060035761941,зерновые,2010,1,0,development,0.46241453289985657,0.5249274373054504,0.4721597964476635,0.4852930233248274,0.49203945933546067,0.4885013648701356
88367,AOI-0069,2010-06-28,0.2302250013361098,зерновые,2010,1,0,development,0.3065595328807831,0.2782699763774872,0.23306543403371197,0.22421205718967704,0.24285268421506584,0.2355877468243607
88374,AOI-0069,2010-07-05,0.1913992713297086,зерновые,2010,1,0,development,0.27355504035949707,0.2782699763774872,0.21098280446915427,0.2071096075966063,0.2089990077440751,0.20842816747495105
88486,AOI-0069,2010-10-25,0.1575331491107775,зерновые,2010,1,0,development,0.16840922832489014,0.1984201967716217,0.16308717852532958,0.16564570820012747,0.16090439804554657,0.16273520410814413
88510,AOI-0069,2011-04-19,0.2132262644174517,зерновые,2011,1,0,development,0.2671198546886444,0.27122679352760315,0.2182832954950144,0.2089274512276892,0.20087318023010448,0.20474542298722986
88514,AOI-0069,2011-04-23,0.3767479549610242,зерновые,2011,2,0,development,0.2561679780483246,0.27122679352760315,0.339309001150345,0.34555054737275426,0.33763428953558144,0.3405815023056942
88530,AOI-0069,2011-05-09,0.4304135694350882,зерновые,2011,2,0,development,0.3114430904388428,0.2926344871520996,0.4982706695410682,0.48662236207656545,0.47798933859141274,0.48222994924860924
88562,AOI-0069,2011-06-10,0.5465015686651912,зерновые,2011,2,0,development,0.37917041778564453,0.38378697633743286,0.44988707840239056,0.4911051685862076,0.4897195886965816,0.48800347514207487
88615,AOI-0069,2011-08-02,0.3020379242586369,зерновые,2011,1,0,development,0.31647592782974243,0.2831209897994995,0.2853699846490199,0.2914210447713045,0.29328821641309427,0.2921745961042743
88626,AOI-0069,2011-08-13,0.3257800692907324,зерновые,2011,2,0,development,0.22021980583667755,0.21859291195869446,0.2879836838741758,0.3260605586307138,0.2992302326461809,0.308277820240276
88774,AOI-0069,2012-06-09,0.1419450196231666,зерновые,2012,1,0,development,0.251552015542984,0.251552015542984,0.22188430801576123,0.21831467908924115,0.22857366289696784,0.22450288792690873
88829,AOI-0069,2012-08-03,0.1370211501611488,зерновые,2012,1,0,development,0.13187532126903534,0.1309945285320282,0.14216684446633165,0.12234835095410386,0.13346121124968063,0.12993892369389567
88902,AOI-0069,2012-10-15,0.0871521244402887,зерновые,2012,1,0,development,0.14075012505054474,0.1382230818271637,0.16009906292200213,0.16811917144729185,0.18304989026346383,0.17639027485153108
88949,AOI-0069,2013-05-02,0.3547951457974415,зерновые,2013,1,0,development,0.4283979535102844,0.3362206220626831,0.3821256310954927,0.3668332720380128,0.38201661441445667,0.37654860965241277
88956,AOI-0069,2013-05-09,0.5499601000866136,зерновые,2013,2,0,development,0.49714770913124084,0.4844730496406555,0.5313375936143733,0.5459883899673289,0.5777300577523492,0.5637056443155702
88982,AOI-0069,2013-06-04,0.5924495999813917,зерновые,2013,1,0,development,0.490056574344635,0.504595160484314,0.5430462452309792,0.5518621783524954,0.5376558347277142,0.5430775031308657
88990,AOI-0069,2013-06-12,0.4156808051684767,зерновые,2013,1,0,development,0.43865612149238586,0.3857070207595825,0.4059967036270561,0.40992578245073763,0.4068377702910687,0.40790431123638715
88997,AOI-0069,2013-06-19,0.3548457560942291,зерновые,2013,1,0,development,0.38163402676582336,0.3857070207595825,0.3731286547346619,0.3734040142695222,0.37815519517079715,0.3761626480361796
89084,AOI-0069,2013-09-14,0.3170032044655778,зерновые,2013,2,0,development,0.14914485812187195,0.1657523363828659,0.3633840372993426,0.35058187223141185,0.34030109908336453,0.3452916125575332
89126,AOI-0069,2013-10-26,0.652536321898178,зерновые,2013,1,0,development,0.6271545886993408,0.6271545886993408,0.620817991450263,0.629598076184982,0.6501707281331252,0.6411209175793962
89169,AOI-0069,2014-05-09,0.8051328072370325,зерновые,2014,2,0,development,0.8056616187095642,0.8056616187095642,0.8259913030948862,0.8148275372313691,0.8142443082478148,0.8151079997004135
89174,AOI-0069,2014-05-14,0.7624461282205395,зерновые,2014,1,0,development,0.81080561876297,0.8056616187095642,0.7936607252966136,0.7865495013764943,0.8120091264168205,0.801809518805457
89222,AOI-0069,2014-07-01,0.1991889313193652,зерновые,2014,1,0,development,0.2638939321041107,0.27658697962760925,0.20600416798794075,0.21477029383078405,0.2129846589388695,0.2132401506201359
89270,AOI-0069,2014-08-18,0.1438432015626155,зерновые,2014,1,0,development,0.19634747505187988,0.18009750545024872,0.15467732595007788,0.15193057129470716,0.15601989420387663,0.1544708861663802
89294,AOI-0069,2014-09-11,0.1928674207255424,зерновые,2014,1,0,development,0.19508863985538483,0.18159933388233185,0.184071533229604,0.1871220001339747,0.18871565885288674,0.18788276858392944
89309,AOI-0069,2014-09-26,0.1269883602438555,зерновые,2014,1,0,development,0.18104438483715057,0.17209552228450775,0.14489370566377469,0.14325359383466038,0.114271438234765,0.1264237541361667
89317,AOI-0069,2014-10-04,0.1741218400096336,зерновые,2014,1,0,development,0.14319562911987305,0.1663377732038498,0.17937684306279278,0.17830740002006967,0.16463542178717788,0.17038457888643013
89373,AOI-0069,2015-04-30,0.202699997973625,зерновые,2015,1,0,development,0.2187286913394928,0.22360576689243317,0.17402773878121908,0.1788330851444974,0.19593558875641337,0.18855099211202825
89390,AOI-0069,2015-05-17,0.1726932302708218,зерновые,2015,1,0,development,0.21658746898174286,0.19742204248905182,0.20222283099767874,0.2125293097846325,0.2024822644316207,0.20609010699330524
89438,AOI-0069,2015-07-04,0.151365789935899,зерновые,2015,1,0,development,0.18627071380615234,0.18847356736660004,0.17602117777817955,0.1789447143929298,0.15707397574944537,0.16601298574208898
89486,AOI-0069,2015-08-21,0.1446400672446764,зерновые,2015,1,0,development,0.20208099484443665,0.1807926446199417,0.1582681305986474,0.16134922010547653,0.15619723708448743,0.1581698798889836
89517,AOI-0069,2015-09-21,0.3694963085759398,зерновые,2015,1,0,development,0.33827516436576843,0.35126256942749023,0.313166110099513,0.3318129505137927,0.32729084729942665,0.3281355270003885
89534,AOI-0069,2015-10-08,0.5342363677057443,зерновые,2015,1,0,development,0.5129595994949341,0.5548686385154724,0.4933212243659303,0.49161275489863127,0.4936996661821923,0.49292621895105687
89573,AOI-0069,2016-04-17,0.8525310068807261,зерновые,2016,1,0,development,0.8207312226295471,0.8404454588890076,0.8029265759825959,0.799104615421499,0.8043838419811408,0.80239945655492
89578,AOI-0069,2016-04-22,0.8417723125781931,зерновые,2016,2,0,development,0.8453739881515503,0.8404454588890076,0.8632585875626383,0.8650271746439349,0.8579075615415959,0.8607720517019555
89588,AOI-0069,2016-05-02,0.8866671643787111,зерновые,2016,1,0,development,0.8946595191955566,0.8404454588890076,0.8867547459882933,0.8728773477358811,0.9320219035716478,0.9081804883127296
89645,AOI-0069,2016-06-28,0.2022920696868941,зерновые,2016,1,0,development,0.17572112381458282,0.1815132051706314,0.2086389154381153,0.21029054237992412,0.20871676880302037,0.20927983274505357
89669,AOI-0069,2016-07-22,0.1333799897449318,зерновые,2016,1,0,development,0.2485165148973465,0.23266063630580902,0.15355926855554236,0.15219857515311638,0.16037254009979235,0.15704658670890065
89708,AOI-0069,2016-08-30,0.2014166413338549,зерновые,2016,1,0,development,0.24788720905780792,0.2552807927131653,0.19686919671532285,0.19435692569385823,0.21272783542632295,0.2052224223665593
89764,AOI-0069,2016-10-25,0.2017373147453641,зерновые,2016,1,0,development,0.16694055497646332,0.19215412437915802,0.20047697272397197,0.21887309197500582,0.19121526971435085,0.20170195415185868
89776,AOI-0069,2017-04-07,0.2599403137330382,зерновые,2017,2,0,development,0.13052427768707275,0.135513037443161,0.2508702359282433,0.24698784015747177,0.22534221853165037,0.23456612053202233
89782,AOI-0069,2017-04-13,0.1604594205280952,зерновые,2017,0,0,development,0.19756710529327393,0.21860887110233307,0.14114620623037158,0.1426439240420129,0.15269139244510652,0.148426772813838
89813,AOI-0069,2017-05-14,0.2377573484018314,зерновые,2017,1,0,development,0.24600070714950562,0.24262461066246033,0.2092609281644904,0.2175979301949282,0.227914917528243,0.22315770520575356
89836,AOI-0069,2017-06-06,0.2106310264986361,зерновые,2017,1,0,development,0.21183113753795624,0.2126816362142563,0.2274649329361292,0.2375381808581223,0.23285158943659934,0.23424162251494682
89857,AOI-0069,2017-06-27,0.1496165394961608,зерновые,2017,0,0,development,0.2173982858657837,0.19719360768795013,0.1520130054318924,0.15570073390122735,0.14134095338184788,0.14711172856440355
89868,AOI-0069,2017-07-08,0.1921599647339442,зерновые,2017,1,0,development,0.14444999396800995,0.14138555526733398,0.19902894529366869,0.1931454486430952,0.19830555004819153,0.19648541086846621
89893,AOI-0069,2017-08-02,0.1859884016548023,зерновые,2017,1,0,development,0.13283371925354004,0.12453864514827728,0.18025202775701457,0.17566552547227401,0.18103086387266407,0.17905316967633242
89917,AOI-0069,2017-08-26,0.1360700341723761,зерновые,2017,0,0,development,0.19649270176887512,0.184096097946167,0.14173213845639304,0.1364532622914534,0.13766575886834792,0.1374548058227481
89948,AOI-0069,2017-09-26,0.3223335689849373,зерновые,2017,1,0,development,0.2685587406158447,0.2562542259693146,0.2912807541581186,0.30012637543849296,0.2907065779983173,0.2941346471227754
89996,AOI-0069,2018-04-14,0.6347060709525258,зерновые,2018,1,0,development,0.6706974506378174,0.6017968654632568,0.6583030151664512,0.6483459896849928,0.6775570069772991,0.6659545324782437
90015,AOI-0069,2018-05-03,0.8526398562231221,зерновые,2018,0,0,development,0.8336071968078613,0.819519579410553,0.8422531927522714,0.8352953427018214,0.8711939394797958,0.8566415642273615
90029,AOI-0069,2018-05-17,0.8582898313970314,зерновые,2018,1,0,development,0.8135281801223755,0.8063770532608032,0.8181198345197828,0.8158328931634385,0.8225750488227974,0.8198964728134268
90045,AOI-0069,2018-06-02,0.6112010881190559,зерновые,2018,0,0,development,0.4757322072982788,0.4658668041229248,0.5066606220484929,0.5232726890814402,0.4893441097394259,0.5025396414969572
90052,AOI-0069,2018-06-09,0.4626340916540575,зерновые,2018,1,0,development,0.38148078322410583,0.39887773990631104,0.4538223872650187,0.4451861491615421,0.43919805231604075,0.44217041753442365
90101,AOI-0069,2018-07-28,0.1903044750264652,зерновые,2018,2,0,development,0.15595553815364838,0.1574336737394333,0.2291460116976891,0.22294327256180405,0.21970357255756395,0.2213968152499975
90149,AOI-0069,2018-09-14,0.1193236524779179,зерновые,2018,1,0,development,0.16144713759422302,0.14138109982013702,0.1852202318787003,0.1783084532449184,0.16488057083299584,0.17085312233920488
90213,AOI-0069,2019-04-18,0.183637189695232,зерновые,2019,0,0,development,0.12543007731437683,0.1350298821926117,0.20370138806261257,0.19610896907115066,0.1905938482295355,0.19331132006380097
90218,AOI-0069,2019-04-23,0.1590057716596336,зерновые,2019,0,0,development,0.17342910170555115,0.1350298821926117,0.17179619052391265,0.16387071101601752,0.17619456047502696,0.17150677159683236
90250,AOI-0069,2019-05-25,0.4514569338850929,зерновые,2019,2,0,development,0.31208717823028564,0.2895435690879822,0.39790508666752,0.3868737861025364,0.41466880515398025,0.40371536209729697
90266,AOI-0069,2019-06-10,0.4604660667885671,зерновые,2019,2,0,development,0.5506283044815063,0.5414311289787292,0.5200694743596931,0.5447968546966448,0.49399296212970983,0.5137598404135875
90269,AOI-0069,2019-06-13,0.5424101669192856,зерновые,2019,1,0,development,0.5711171627044678,0.5834560394287109,0.5533914798250592,0.5484561336278521,0.5099696526803321,0.5262605419293003
90283,AOI-0069,2019-06-27,0.3372840496676235,зерновые,2019,0,0,development,0.36656731367111206,0.36656731367111206,0.31984537662112655,0.32705728899210196,0.3343220445660501,0.3308976179202195
90318,AOI-0069,2019-08-01,0.509322350770215,зерновые,2019,0,0,development,0.3360738754272461,0.3243676722049713,0.34985285958872425,0.35452873929491496,0.3220145189276363,0.33528540022491066
90338,AOI-0069,2019-08-21,0.1698941654103538,зерновые,2019,0,0,development,0.20701639354228973,0.24137085676193237,0.2085839450802302,0.20740617519822882,0.2047160707833012,0.2059010854499282
90353,AOI-0069,2019-09-05,0.179643374759039,зерновые,2019,0,0,development,0.16941234469413757,0.16930559277534485,0.1573472151105588,0.15483322270094613,0.15495353172583162,0.15504330370138597
90358,AOI-0069,2019-09-10,0.1727518159199809,зерновые,2019,0,0,development,0.2157239466905594,0.2231774479150772,0.16256138625861258,0.1656587482547232,0.1678051781191477,0.16673964054469553
90403,AOI-0069,2019-10-25,0.1658447237430616,зерновые,2019,0,0,development,0.2124331146478653,0.19762054085731506,0.17506623909078323,0.17025937491675683,0.1599153515639909,0.1644874533777836
90404,AOI-0069,2019-10-26,0.1701027862022422,зерновые,2019,1,0,development,0.22230815887451172,0.19762054085731506,0.20908349020884562,0.2119493957446946,0.21458137837598315,0.2133266499293376
90427,AOI-0069,2020-04-19,0.2054593453989183,зерновые,2020,1,0,development,0.16757097840309143,0.16797153651714325,0.2009349928339439,0.20216131775545784,0.19215673671059705,0.19625198536398997
90462,AOI-0069,2020-05-24,0.3057481089404292,зерновые,2020,2,0,development,0.1633450984954834,0.16620172560214996,0.2964697922736118,0.2950184837983891,0.3189843727199604,0.3090915624878611
90495,AOI-0069,2020-06-26,0.1368559817460918,зерновые,2020,0,0,development,0.21235395967960358,0.1806022822856903,0.1545566423896298,0.1484793731565899,0.14973428850583465,0.149550092764007
90499,AOI-0069,2020-06-30,0.1986288519772977,зерновые,2020,1,0,development,0.14885060489177704,0.1806022822856903,0.19632285803910055,0.1917748988201976,0.2018260914074154,0.19789620892027981
90515,AOI-0069,2020-07-16,-0.0248407644195625,зерновые,2020,0,0,development,0.15106388926506042,0.15615928173065186,0.11100263637374976,0.10828609255963702,0.12450166145525096,0.11790456805265521
90525,AOI-0069,2020-07-26,0.1328259649018372,зерновые,2020,0,0,development,0.17419904470443726,0.17461077868938446,0.13493284149371967,0.13742222925506964,0.18103404648157664,0.1627462748518896
90526,AOI-0069,2020-07-27,0.194699104994707,зерновые,2020,2,0,development,0.17440490424633026,0.17461077868938446,0.18341167083462345,0.18265787728523425,0.20018854304756292,0.1929349879988603
90540,AOI-0069,2020-08-10,0.1288097987077996,зерновые,2020,0,0,development,0.16001906991004944,0.16960789263248444,0.12283474528022552,0.12853311379937882,0.11859611994170272,0.12241448719644588
90550,AOI-0069,2020-08-20,0.1274956024981135,зерновые,2020,0,0,development,0.13479149341583252,0.13816989958286285,0.1224220417439158,0.12138179058392938,0.1218709631741698,0.12172525458900012
90587,AOI-0069,2020-09-26,0.1189617200203329,зерновые,2020,1,0,development,0.13670720160007477,0.1269465982913971,0.13018145124496505,0.1258415836424414,0.11754760017243712,0.12124059006342858
90693,AOI-0069,2021-06-11,0.6858554120911404,зерновые,2021,0,0,development,0.7483001947402954,0.68585205078125,0.6479587290456247,0.6215792461321593,0.6486251499743372,0.6388371883847639
90723,AOI-0069,2021-07-11,0.1905353863220092,зерновые,2021,0,0,development,0.2559671700000763,0.23968958854675293,0.20259172853329577,0.20381267930623365,0.20052633446697152,0.2018260505835014
90728,AOI-0069,2021-07-16,0.1238127317406423,зерновые,2021,0,0,development,0.2333531230688095,0.23685811460018158,0.17447161321792198,0.17097807544835564,0.17636209773420927,0.17431583267067544
90733,AOI-0069,2021-07-21,0.142768241849486,зерновые,2021,0,0,development,0.15905308723449707,0.14961841702461243,0.1472495153165036,0.15007889199782418,0.14423682529395607,0.14651065163996507
90758,AOI-0069,2021-08-15,0.0046102403891753,зерновые,2021,0,0,development,0.23741617798805237,0.20910920202732086,0.16166290456483695,0.1489766275447833,0.13123077476520034,0.13932147656756877
90772,AOI-0069,2021-08-29,0.2362981247486004,зерновые,2021,1,0,development,0.19938096404075623,0.19938096404075623,0.2933292982188308,0.2996129932720902,0.2689611378883773,0.2813675518917794
90804,AOI-0069,2021-09-30,0.4330229803082913,зерновые,2021,1,0,development,0.2447196990251541,0.26567527651786804,0.3155399191222457,0.32906371097966186,0.30783891614719455,0.31591948048600127
90811,AOI-0069,2021-10-07,0.238976200105791,зерновые,2021,1,0,development,0.20804744958877563,0.26567527651786804,0.2414995461041258,0.25559045207079223,0.23888221981359276,0.24505164607803842
90896,AOI-0069,2022-06-01,0.5988788277913588,зерновые,2022,0,0,development,0.616264283657074,0.616264283657074,0.598858590857952,0.5966057376888998,0.5802303716731531,0.5871703851217334
90898,AOI-0069,2022-06-03,0.632751709962473,зерновые,2022,1,0,development,0.5977937579154968,0.616264283657074,0.604814084187826,0.6062509252612917,0.6060779803549943,0.606070028960994
90905,AOI-0069,2022-06-10,0.5722930805504767,зерновые,2022,2,0,development,0.6020761132240295,0.6017078161239624,0.5733539694958066,0.5719667372136518,0.5499481398193373,0.5591884658657462
90932,AOI-0069,2022-07-07,0.3068911735442999,зерновые,2022,1,0,development,0.2978173494338989,0.28257855772972107,0.3091088655820079,0.30837763763930326,0.29233580823710137,0.29905237911690075
90954,AOI-0069,2022-07-29,0.1757364661541794,зерновые,2022,1,0,development,0.20700298249721527,0.20700298249721527,0.16204758149846815,0.16720429241932375,0.19717464322213016,0.18441547576127765
90956,AOI-0069,2022-07-31,0.1162797664573845,зерновые,2022,0,0,development,0.19828778505325317,0.1984410285949707,0.1460434897977721,0.14475850144878835,0.15356557888379327,0.149971941153451
90963,AOI-0069,2022-08-07,0.207181495058602,зерновые,2022,1,0,development,0.19859427213668823,0.1984410285949707,0.16944151357620796,0.17328889633843364,0.19513501343975992,0.18582962170550515
90971,AOI-0069,2022-08-15,0.1438036418575839,зерновые,2022,0,0,development,0.1946592479944229,0.19759124517440796,0.14128288242097178,0.147537560999315,0.1384823324179721,0.1419028037372744
90987,AOI-0069,2022-08-31,0.1736535503416705,зерновые,2022,1,0,development,0.13589037954807281,0.13589037954807281,0.16693644797939958,0.16302381176121353,0.1704852529844232,0.16759777053024044
91034,AOI-0069,2022-10-17,0.5668917465878757,зерновые,2022,1,0,development,0.5912654399871826,0.5912654399871826,0.5255369055552087,0.5233527200998983,0.5794425602132851,0.5562219543303377
91070,AOI-0069,2023-04-23,0.6766531902608028,зерновые,2023,2,0,development,0.6812758445739746,0.7024306058883667,0.7498924688662842,0.7370243531958415,0.7181056306215742,0.7266945433917442
91074,AOI-0069,2023-04-27,0.7112691224144101,зерновые,2023,0,0,development,0.7054527401924133,0.7024306058883667,0.683077121227405,0.6830959833485071,0.6923122897202817,0.6884758232225556
91089,AOI-0069,2023-05-12,0.7356501980715104,зерновые,2023,0,0,development,0.7202868461608887,0.7202868461608887,0.7191803180784138,0.7319998527383785,0.7070905091508913,0.716743592869951
91091,AOI-0069,2023-05-14,0.7834892453272343,зерновые,2023,1,0,development,0.728996217250824,0.7202868461608887,0.7490965537077248,0.7577668168588623,0.7086063093890484,0.7285824508470904
91143,AOI-0069,2023-07-05,0.1472529011266855,зерновые,2023,1,0,development,0.13821329176425934,0.1546010822057724,0.17167567280380075,0.16387573782501486,0.16783547554596184,0.16662147508609665
91171,AOI-0069,2023-08-02,0.1828634689739547,зерновые,2023,1,0,development,0.18232043087482452,0.17038816213607788,0.19237583814173465,0.17834873240462754,0.17591255976975986,0.17770663553874852
91182,AOI-0069,2023-08-13,0.2242115677028196,зерновые,2023,2,0,development,0.1819588840007782,0.17717525362968445,0.1834770492131389,0.17733931774606665,0.1987088938124927,0.19015723298973278
91184,AOI-0069,2023-08-15,0.1394659740292317,зерновые,2023,0,0,development,0.1755807101726532,0.17717525362968445,0.13814512952194313,0.13554969388018057,0.13372844672668432,0.13463073836423445
91219,AOI-0069,2023-09-19,0.1482202818139581,зерновые,2023,0,0,development,0.18707223236560822,0.170874685049057,0.1507991479902455,0.15622348612958534,0.15347810279083818,0.1543188839817674
91235,AOI-0069,2023-10-05,0.202413092298267,зерновые,2023,1,0,development,0.17328713834285736,0.17328713834285736,0.1984473673713068,0.20519596469282178,0.19196522717328032,0.19709588590813615
91243,AOI-0069,2023-10-13,0.1931865139098448,зерновые,2023,1,0,development,0.11321663111448288,0.1261179894208908,0.2192873818799096,0.22636219364341026,0.20565199431437828,0.2138771273275641
91252,AOI-0069,2023-10-22,0.2321574781577285,зерновые,2023,1,0,development,0.21060509979724884,0.24668262898921967,0.23973430322669376,0.2496403675950135,0.27019334219694485,0.26108908857134283
91291,AOI-0069,2024-05-01,0.7245672662487193,зерновые,2024,0,0,development,0.6916520595550537,0.6938731074333191,0.7048305638840081,0.7067070104801918,0.6849678606725231,0.6939103529611707
91299,AOI-0069,2024-05-09,0.6634453727488053,зерновые,2024,1,0,development,0.6598319411277771,0.6545896530151367,0.702830522902418,0.6895549942810949,0.7093319071948861,0.7018400775062195
91323,AOI-0069,2024-06-02,0.5222624318903404,зерновые,2024,1,0,development,0.457623153924942,0.5150366425514221,0.5161657088204124,0.5028784284121494,0.5348663807550785,0.5222935125819809
91376,AOI-0069,2024-07-25,0.1364423846461517,зерновые,2024,0,0,development,0.16306649148464203,0.15386159718036652,0.1189531078286481,0.11962718784605007,0.11932202818640612,0.11941152680371331
91391,AOI-0069,2024-08-09,0.1222787844514,зерновые,2024,0,0,development,0.17820577323436737,0.1800350546836853,0.11040363299140253,0.11507287552570718,0.11867629186641422,0.1169169863762026
91395,AOI-0069,2024-08-13,0.1667560163540763,зерновые,2024,1,0,development,0.1470857560634613,0.1470857560634613,0.155404551673906,0.15570335124669388,0.16840148012133171,0.16310046242307508
91410,AOI-0069,2024-08-28,0.1673978298935562,зерновые,2024,1,0,development,0.10612010955810547,0.10768173635005951,0.16295927952774916,0.17636285609325394,0.18265010206694035,0.1792880640653442
91441,AOI-0069,2024-09-28,0.1366586351361114,зерновые,2024,0,0,development,0.14041130244731903,0.13654835522174835,0.131528611675011,0.1362104536353814,0.12743801791862866,0.13082829145803632
91442,AOI-0069,2024-09-29,0.1509449558385334,зерновые,2024,1,0,development,0.14298659563064575,0.13654835522174835,0.1616981163934609,0.16714355326090893,0.1609017359704104,0.16319640404957536
91466,AOI-0069,2024-10-23,0.1488752574950578,зерновые,2024,0,0,development,0.18126389384269714,0.18491366505622864,0.14662140746988708,0.14440624436457458,0.16008964815437618,0.15368612924219183
91544,AOI-0070,2010-06-10,0.3413343542162738,зерновые,2010,2,0,development,0.26869988441467285,0.2779458165168762,0.31962520615546214,0.3379707810420537,0.3447361846492554,0.3409002631316064
91562,AOI-0070,2010-06-28,0.2263683434239328,зерновые,2010,1,0,development,0.2871030867099762,0.253021240234375,0.22775962754340273,0.2233417482289313,0.22672151327759207,0.22556074696016531
91577,AOI-0070,2010-07-13,0.1915703125077126,зерновые,2010,1,0,development,0.21853193640708923,0.21853193640708923,0.1944150088650444,0.195493657312154,0.19096585316254844,0.1927901249732072
91617,AOI-0070,2010-08-22,0.1578342739745226,зерновые,2010,1,0,development,0.1586933434009552,0.15390805900096893,0.17421463380356542,0.1698044540546773,0.1484090740957108,0.1575581942825866
91624,AOI-0070,2010-08-29,0.2329979883405861,зерновые,2010,2,0,development,0.16314809024333954,0.1619565635919571,0.22202773674763845,0.22810508891883355,0.2351698848995753,0.23189178175166542
91626,AOI-0070,2010-08-31,0.1713377109662125,зерновые,2010,1,0,development,0.16911429166793823,0.2047966867685318,0.16444531224878528,0.1605933040680597,0.16045124926401813,0.16072463169652218
91709,AOI-0070,2011-04-23,0.6178879300435174,зерновые,2011,2,0,development,0.3671148717403412,0.3711479902267456,0.4453997634783993,0.46376282678521136,0.48467733045374356,0.47495220924115905
91725,AOI-0070,2011-05-09,0.7549098530256997,зерновые,2011,2,0,development,0.5405753254890442,0.5532377362251282,0.6984850352613104,0.748116838615077,0.7342445066514824,0.7372568171165201
91805,AOI-0070,2011-07-28,0.2951082765415878,зерновые,2011,2,0,development,0.2392665296792984,0.2392665296792984,0.29101863163023617,0.2998755159710274,0.2930827486663509,0.29541693804599783
91810,AOI-0070,2011-08-02,0.2195511754016472,зерновые,2011,1,0,development,0.2287101149559021,0.22407282888889313,0.2189051504432512,0.22839231784263395,0.22152175272970187,0.22385325900230307
91833,AOI-0070,2011-08-25,0.1738922175246509,зерновые,2011,1,0,development,0.20394256711006165,0.21209439635276794,0.18541128769134357,0.1864930132826835,0.18407564899800205,0.1850214783228715
91841,AOI-0070,2011-09-02,0.1914070172545605,зерновые,2011,1,0,development,0.21585698425769806,0.23095330595970154,0.1963355821397997,0.19530518108685793,0.19195834803641698,0.19340846668939762
91928,AOI-0070,2012-04-29,0.3168121344008973,зерновые,2012,1,0,development,0.31729674339294434,0.32367685437202454,0.2442086727592503,0.23517927882490922,0.2575306617748844,0.24873126344799104
92017,AOI-0070,2012-07-27,0.1405811499981611,зерновые,2012,1,0,development,0.14268556237220764,0.14398415386676788,0.15377196371511925,0.14303837578487985,0.1539207909273852,0.14998906224579497
92056,AOI-0070,2012-09-04,0.1464375450562808,зерновые,2012,1,0,development,0.14962700009346008,0.15049584209918976,0.14605410064010313,0.1371304472538011,0.1349024440114873,0.13632601259795923
92192,AOI-0070,2013-06-19,0.273655438908105,зерновые,2013,1,0,development,0.31096622347831726,0.31096622347831726,0.2797251333328628,0.27699477010105217,0.2830233168451869,0.2806663782293741
92200,AOI-0070,2013-06-27,0.311883755985374,зерновые,2013,1,0,development,0.27548134326934814,0.27548134326934814,0.283181863567902,0.2774529795410845,0.2766760104145717,0.2773180160228664
92241,AOI-0070,2013-08-07,0.2679032498443614,зерновые,2013,1,0,development,0.2101649045944214,0.21568235754966736,0.23860248017272212,0.24086438969078952,0.25116626193302544,0.24675326304181214
92247,AOI-0070,2013-08-13,0.2861326463584857,зерновые,2013,2,0,development,0.219623401761055,0.21568235754966736,0.26697868306598227,0.2680564890929954,0.27426809854968137,0.2716231503439717
92295,AOI-0070,2013-09-30,0.4911950160111666,зерновые,2013,2,0,development,0.35862311720848083,0.3962306082248688,0.48962224916513225,0.4601957237944451,0.5049908175638512,0.4879859214042671
92311,AOI-0070,2013-10-16,0.5091836521881927,зерновые,2013,2,0,development,0.4254808723926544,0.3962306082248688,0.508949195404696,0.5276187496287718,0.5327339810965078,0.5295667667721917
92329,AOI-0070,2014-04-04,0.2224095249036076,зерновые,2014,1,0,development,0.3033580183982849,0.3221627175807953,0.28029236198929297,0.2848133792712028,0.3001551607485367,0.2935191140679648
92352,AOI-0070,2014-04-27,0.3258064294110532,зерновые,2014,1,0,development,0.3860711455345154,0.3790796101093292,0.27470619716857436,0.2776526359314281,0.28937492029413214,0.2843327324671897
92400,AOI-0070,2014-06-14,0.254628317325648,зерновые,2014,1,0,development,0.23879404366016388,0.2265101969242096,0.2085430998627423,0.20843305294624115,0.23154846702523105,0.22193497981171956
92432,AOI-0070,2014-07-16,0.2087083539083534,зерновые,2014,1,0,development,0.16694578528404236,0.19093145430088043,0.19967511835845272,0.19470083003109714,0.1897440925979681,0.19208355818992595
92476,AOI-0070,2014-08-29,0.2141674193283521,зерновые,2014,2,0,development,0.17859601974487305,0.17251473665237427,0.2003057424533094,0.19050426201361179,0.20726783459740095,0.20083678154902945
92492,AOI-0070,2014-09-14,0.2221831020609243,зерновые,2014,2,0,development,0.20008142292499542,0.20040538907051086,0.22206111320834665,0.20812583623874228,0.22700011669389042,0.21992062062478046
92537,AOI-0070,2014-10-29,0.2008951908958486,зерновые,2014,1,0,development,0.1558735966682434,0.1558735966682434,0.186789657641107,0.18680715931575334,0.18934100256714037,0.18828555604494354
92544,AOI-0070,2015-04-06,0.1967873089950361,зерновые,2015,1,0,development,0.2838364243507385,0.2838364243507385,0.17084650782009406,0.17065832466830405,0.14389518513074687,0.15504328250049132
92552,AOI-0070,2015-04-14,0.265750536923787,зерновые,2015,1,0,development,0.3239811062812805,0.3497883975505829,0.2808728677765019,0.28864992777529597,0.25785991656182755,0.2702407573981278
92561,AOI-0070,2015-04-23,0.3966571052999845,зерновые,2015,1,0,development,0.37559571862220764,0.3497883975505829,0.34256351403784807,0.3845378600447606,0.33961474652188295,0.3559749541814168
92601,AOI-0070,2015-06-02,0.466131965310944,зерновые,2015,1,0,development,0.4771231412887573,0.4789736866950989,0.47471775761179674,0.4734724851132914,0.4588412117588626,0.4649993652767193
92712,AOI-0070,2015-09-21,0.5215681567611509,зерновые,2015,1,0,development,0.4623757600784302,0.4801380932331085,0.4732398555938958,0.4765350921135001,0.46103165127716655,0.4673001991977852
92737,AOI-0070,2015-10-16,0.4737618284914924,зерновые,2015,1,0,development,0.42722105979919434,0.42722105979919434,0.4434734971202155,0.42440611449187765,0.42700525365451125,0.426984218566025
92791,AOI-0070,2016-05-10,0.4736498588634644,зерновые,2016,1,0,development,0.465332567691803,0.4460654854774475,0.44554251252082805,0.43278685333000805,0.4320660102566986,0.4330755186459107
92840,AOI-0070,2016-06-28,0.3522214719378824,зерновые,2016,1,0,development,0.2729312777519226,0.25689733028411865,0.25458247526226746,0.25627639834167837,0.28503557948389197,0.27297306242981145
92864,AOI-0070,2016-07-22,0.2417268774903294,зерновые,2016,1,0,development,0.3230191469192505,0.3125039339065552,0.23615532435948988,0.23316023770948402,0.23621395436614107,0.23510973295820314
92904,AOI-0070,2016-08-31,0.2554611516047883,зерновые,2016,1,0,development,0.21526113152503967,0.2371896207332611,0.22282947006272436,0.22467238431764486,0.235117913728574,0.2306684374534117
92912,AOI-0070,2016-09-08,0.1944726447023742,зерновые,2016,1,0,development,0.2444991171360016,0.2371896207332611,0.18978469860121794,0.1926523503712086,0.1742512986773377,0.18174948765174692
92935,AOI-0070,2016-10-01,0.2034905833226409,зерновые,2016,1,0,development,0.26440224051475525,0.26813071966171265,0.20456100743035913,0.20291072058403611,0.21303152819802595,0.20891149382512994
92952,AOI-0070,2016-10-18,0.3046772292465192,зерновые,2016,1,0,development,0.2952781617641449,0.30309179425239563,0.2811512556861679,0.2745113959839473,0.3055722446579058,0.29301543725014184
92975,AOI-0070,2017-04-11,0.3514324811415702,зерновые,2017,1,0,development,0.40385326743125916,0.3646933436393738,0.32579564225814883,0.31022514310174276,0.3414204940810638,0.32930447399395957
92977,AOI-0070,2017-04-13,0.4489781533742412,зерновые,2017,0,0,development,0.47030219435691833,0.5931026935577393,0.40817244076432396,0.4070343330671082,0.4052030458996057,0.4060284527942396
93015,AOI-0070,2017-05-21,0.7189504372597526,зерновые,2017,1,0,development,0.732029139995575,0.749582827091217,0.7845765353039985,0.7929697561881702,0.7923796845041157,0.7921583784916133
93023,AOI-0070,2017-05-29,0.6862500946779082,зерновые,2017,1,0,development,0.7132783532142639,0.7162305116653442,0.7581874257827899,0.7531508580229297,0.7181742926671139,0.7330101413504821
93080,AOI-0070,2017-07-25,0.2379047742563291,зерновые,2017,1,0,development,0.28569987416267395,0.27376776933670044,0.24469261105585308,0.24629332677216043,0.22556602458154246,0.23410276819723735
93120,AOI-0070,2017-09-03,0.2934824315648125,зерновые,2017,1,0,development,0.3559037148952484,0.3493386209011078,0.27761710749888335,0.2687293172345905,0.28199460679409244,0.2769685602976899
93127,AOI-0070,2017-09-10,0.3344327566253758,зерновые,2017,0,0,development,0.325266569852829,0.3493386209011078,0.3118476670319102,0.3115555397667213,0.3080585489380882,0.3095300905727079
93143,AOI-0070,2017-09-26,0.3572710633274984,зерновые,2017,1,0,development,0.2925642430782318,0.3148999512195587,0.33971332586777647,0.34426111061277637,0.3417192592205864,0.34252409718818166
93147,AOI-0070,2017-09-30,0.317203599302164,зерновые,2017,0,0,development,0.29100698232650757,0.29223647713661194,0.3377894080878796,0.35182990061764485,0.3258336352143386,0.3358711324958384
93256,AOI-0070,2018-06-18,0.2097853066460844,зерновые,2018,1,0,development,0.17106899619102478,0.16210468113422394,0.20012190885139142,0.19663074806375763,0.2184602248223699,0.20956995993104202
93263,AOI-0070,2018-06-25,0.2300996931385949,зерновые,2018,1,0,development,0.1553814560174942,0.16210468113422394,0.20917630997181247,0.20469949464403134,0.20939956429076648,0.20769262412903525
93264,AOI-0070,2018-06-26,0.1513670150733563,зерновые,2018,1,0,development,0.1531403660774231,0.16210468113422394,0.18310035022370247,0.19875303543621373,0.17223674819407547,0.18240097825997492
93287,AOI-0070,2018-07-19,0.0962509809451296,зерновые,2018,1,0,development,0.20945340394973755,0.19561254978179932,0.07296399024077475,0.06365362215557818,0.13980384226486128,0.10863138678097681
93304,AOI-0070,2018-08-05,0.2185287701230418,зерновые,2018,1,0,development,0.22418561577796936,0.2248532921075821,0.21903474964250302,0.21639876322278648,0.22771985462570102,0.22315514437809775
93343,AOI-0070,2018-09-13,0.2113839681228819,зерновые,2018,1,0,development,0.16254670917987823,0.1765352189540863,0.17981046857256147,0.18079512844255524,0.18317699941420978,0.18213099943730787
93367,AOI-0070,2018-10-07,0.2707337504551404,зерновые,2018,1,0,development,0.321048766374588,0.3203456997871399,0.21673225088217363,0.21967960346137616,0.2160126528323367,0.21737473015610903
93397,AOI-0070,2019-04-07,0.6313334838656703,зерновые,2019,2,0,development,0.47568079829216003,0.45007577538490295,0.5687567906533797,0.6158464727957581,0.601855717297247,0.6050587142711383
93403,AOI-0070,2019-04-13,0.166449058861576,зерновые,2019,0,0,development,0.5619046688079834,0.5874426960945129,0.5380915542871618,0.5530892494794369,0.5224121140716566,0.534344337718522
93416,AOI-0070,2019-04-26,0.6566914638358581,зерновые,2019,1,0,development,0.6783122420310974,0.6762511730194092,0.6779490607190641,0.678864259891243,0.6954606105765335,0.688503039287738
93448,AOI-0070,2019-05-28,0.753394837276979,зерновые,2019,0,0,development,0.7915072441101074,0.6791144013404846,0.7337940549864127,0.7392762650789135,0.7510685769084053,0.7458561960744887
93453,AOI-0070,2019-06-02,0.6653593835514358,зерновые,2019,0,0,development,0.6041858196258545,0.6791144013404846,0.6068468650758879,0.6267317711696706,0.605303753111336,0.6131150569487435
93464,AOI-0070,2019-06-13,0.3503153247422197,зерновые,2019,1,0,development,0.3765580356121063,0.3569607436656952,0.38408246369776067,0.3966850479549604,0.3714575229655352,0.38125508737955527
93512,AOI-0070,2019-07-31,0.2414853343570972,зерновые,2019,1,0,development,0.29734835028648376,0.285277783870697,0.2679596166943421,0.26177597642492173,0.2522704623082614,0.2565701961311197
93513,AOI-0070,2019-08-01,0.2643416900407445,зерновые,2019,0,0,development,0.2893013060092926,0.285277783870697,0.23649292024604215,0.23426100302760686,0.22718135244556337,0.23025173751689842
93523,AOI-0070,2019-08-11,0.2780502293859206,зерновые,2019,0,0,development,0.31534862518310547,0.31562650203704834,0.26578245945387624,0.26130553014593383,0.26371654041990045,0.26296221142432824
93543,AOI-0070,2019-08-31,0.2044683931216109,зерновые,2019,0,0,development,0.2336140125989914,0.24509599804878235,0.23748904337514698,0.23672063542384178,0.2302160538089114,0.23296571393898494
93567,AOI-0070,2019-09-24,0.233072046195852,зерновые,2019,1,0,development,0.25336959958076477,0.2309412807226181,0.25883755758129773,0.2650791827633297,0.26757727108272045,0.2661904912176899
93588,AOI-0070,2019-10-15,0.3316992443932683,зерновые,2019,0,0,development,0.35537129640579224,0.3529074490070343,0.3120560545860861,0.3075943143826509,0.3172752951178689,0.3134946824794089
93606,AOI-0070,2020-04-03,0.2381884690129089,зерновые,2020,1,0,development,0.27629566192626953,0.2889086604118347,0.25563860680814915,0.2776141827091053,0.277407752224703,0.27627128182797767
93647,AOI-0070,2020-05-14,0.2888725658819071,зерновые,2020,1,0,development,0.36002156138420105,0.32485124468803406,0.284366513328927,0.291056052686182,0.3102644294244928,0.30189865488147627
93663,AOI-0070,2020-05-30,0.367711784325085,зерновые,2020,1,0,development,0.2935798466205597,0.27292460203170776,0.2566929485959738,0.23695239513141778,0.27872910962267883,0.2624415527377985
93675,AOI-0070,2020-06-11,0.2558786748588267,зерновые,2020,0,0,development,0.31271594762802124,0.30985790491104126,0.22626959418691803,0.2317649288907125,0.2520981859288831,0.24333071305772483
93700,AOI-0070,2020-07-06,0.1913024664443222,зерновые,2020,0,0,development,0.1588277667760849,0.14011439681053162,0.1571806853504722,0.16010898736338866,0.17277639005469364,0.16734189480885736
93711,AOI-0070,2020-07-17,0.0821023770369401,зерновые,2020,1,0,development,0.1045413613319397,0.14937657117843628,0.16231707374671234,0.1614948219293564,0.15698117954520177,0.15890529424036026
93727,AOI-0070,2020-08-02,0.1680796030716997,зерновые,2020,1,0,development,0.16225594282150269,0.17351917922496796,0.1250172964832819,0.12917219705609312,0.151201079416744,0.14180252341548927
93765,AOI-0070,2020-09-09,0.1773168909834097,зерновые,2020,0,0,development,0.15242566168308258,0.15165896713733673,0.13784522825128223,0.13094917008810775,0.13055431462410194,0.13110222482793427
93783,AOI-0070,2020-09-27,0.1702965851557163,зерновые,2020,1,0,development,0.1395505964756012,0.14696316421031952,0.15548165007405632,0.15615915377198583,0.170587418232923,0.16454532978104944
93795,AOI-0070,2020-10-09,0.1536547356098589,зерновые,2020,0,0,development,0.11662594228982925,0.11937966197729111,0.1458725342890478,0.14445027493802187,0.13626430366761488,0.13975005355446785
93807,AOI-0070,2020-10-21,0.153265441237668,зерновые,2020,1,0,development,0.19346429407596588,0.17027103900909424,0.14734493660145195,0.14767803628460327,0.1437134340191172,0.14534479690552118
93838,AOI-0070,2021-04-22,0.3461524784106507,зерновые,2021,0,0,development,0.5463686585426331,0.4379715323448181,0.27566980418803216,0.2856483229833426,0.3181408800086072,0.3040638723279828
93858,AOI-0070,2021-05-12,0.6520469375417324,зерновые,2021,0,0,development,0.6958221197128296,0.6950312256813049,0.5763388129094568,0.5795581513194363,0.5613799797868289,0.5687658535906717
93863,AOI-0070,2021-05-17,0.6846935165772181,зерновые,2021,0,0,development,0.6929174065589905,0.7048959136009216,0.636846677044912,0.6312841261528692,0.6102080495478442,0.619288389783325
93918,AOI-0070,2021-07-11,0.3565672206410094,зерновые,2021,0,0,development,0.35825300216674805,0.3448317348957062,0.33466044769810394,0.34002903931447015,0.3209762522647601,0.32860655133609995
93927,AOI-0070,2021-07-20,0.3122661571785225,зерновые,2021,1,0,development,0.33711424469947815,0.33711424469947815,0.32009850345502416,0.3206805228701446,0.3122925509740091,0.31575087780164435
93958,AOI-0070,2021-08-20,0.4234964849847537,зерновые,2021,0,0,development,0.5865208506584167,0.59078449010849,0.432676335760137,0.43052637120598514,0.4722682361506639,0.45501671664939536
94006,AOI-0070,2021-10-07,0.591458547708436,зерновые,2021,1,0,development,0.5494007468223572,0.5788223147392273,0.6000624208702449,0.6103014439638546,0.5768685311132548,0.5902122850582414
94066,AOI-0070,2022-05-07,0.3474945507575119,зерновые,2022,0,0,development,0.4258597791194916,0.4239121079444885,0.35485652397881845,0.35362494586343307,0.34592283662766693,0.3491966181060198
94091,AOI-0070,2022-06-01,0.3513055301103478,зерновые,2022,0,0,development,0.40733203291893005,0.4022817313671112,0.3753801618959167,0.3678934525414015,0.36328748347221634,0.36562072669314294
94095,AOI-0070,2022-06-05,0.4026100292733499,зерновые,2022,1,0,development,0.37871700525283813,0.38839590549468994,0.4079880823446114,0.39782519077960393,0.4097731684847175,0.40536625537257376
94101,AOI-0070,2022-06-11,0.3660717554470993,зерновые,2022,0,0,development,0.4102054834365845,0.4102054834365845,0.3837187932429287,0.37664556066722826,0.35604966641136243,0.36501420680278285
94116,AOI-0070,2022-06-26,0.3893651777650051,зерновые,2022,2,0,development,0.3831384778022766,0.37663009762763977,0.37473253541488716,0.3792350742633259,0.40757918004869914,0.39553317143313105
94118,AOI-0070,2022-06-28,0.3377633362482253,зерновые,2022,1,0,development,0.3961552679538727,0.37663009762763977,0.3847865641171507,0.38332193497456357,0.3910335439907494,0.3879057839595046
94126,AOI-0070,2022-07-06,0.3631852829398596,зерновые,2022,0,0,development,0.3795534372329712,0.3697194755077362,0.38097313878113415,0.378628623400849,0.36126914807152716,0.36862380275307394
94144,AOI-0070,2022-07-24,0.4067368760170657,зерновые,2022,1,0,development,0.4583800733089447,0.45350465178489685,0.4017776118400839,0.39228027175234204,0.401585359848377,0.3982412791062666
94161,AOI-0070,2022-08-10,0.4182630892958695,зерновые,2022,0,0,development,0.437489777803421,0.43401673436164856,0.4048884021763233,0.41457925798422574,0.38798832712938847,0.39851524356371454
94178,AOI-0070,2022-08-27,0.3794060237850509,зерновые,2022,1,0,development,0.4070136547088623,0.4070136547088623,0.3930084865148446,0.3932110493544613,0.39861785637075026,0.39635651604177186
94269,AOI-0070,2023-04-27,0.2897384432104406,зерновые,2023,0,0,development,0.3325428068637848,0.3435205817222595,0.25160632674703465,0.25736707003548576,0.2443274469767909,0.2494335211223129
94278,AOI-0070,2023-05-06,0.3391653987369546,зерновые,2023,1,0,development,0.39086395502090454,0.36792775988578796,0.3237327585100442,0.32912622073577574,0.3377812624711887,0.3338794106305467
94311,AOI-0070,2023-06-08,0.2853143181280282,зерновые,2023,1,0,development,0.3012480139732361,0.31786251068115234,0.2839592005248682,0.2831533830333488,0.2987639946158414,0.29231237462299164
94319,AOI-0070,2023-06-16,0.2167599602386496,зерновые,2023,0,0,development,0.27885133028030396,0.27126345038414,0.26261812309835353,0.2527713073442408,0.27168424248281775,0.264361241966741
94329,AOI-0070,2023-06-26,0.2060173031678238,зерновые,2023,0,0,development,0.2466639280319214,0.25080493092536926,0.24578475313527015,0.2389233839280456,0.23230621990182299,0.2354416489697673
94379,AOI-0070,2023-08-15,0.1930196083896366,зерновые,2023,0,0,development,0.25089552998542786,0.24787360429763794,0.18065007148276188,0.18346358616367553,0.18852345078636423,0.1862612599149241
94382,AOI-0070,2023-08-18,0.2219138433170908,зерновые,2023,1,0,development,0.2418297678232193,0.24787360429763794,0.21880304423466637,0.21711718416825546,0.22490718595235787,0.2217591081645368
94398,AOI-0070,2023-09-03,0.2299508270990775,зерновые,2023,1,0,development,0.21460846066474915,0.22078828513622284,0.21467995784026034,0.21405382628405092,0.22019976149376025,0.21767692444911713
94414,AOI-0070,2023-09-19,0.1948188883702052,зерновые,2023,0,0,development,0.23713204264640808,0.23153890669345856,0.21597542757286467,0.21820417994006192,0.22085579933669058,0.21962834018506866
94419,AOI-0070,2023-09-24,0.2231087583362363,зерновые,2023,0,0,development,0.25918805599212646,0.25678062438964844,0.22261414263597246,0.21931480957639232,0.2257365693855352,0.22324764154840188
94425,AOI-0070,2023-09-30,0.3118867805238523,зерновые,2023,2,0,development,0.23671798408031464,0.24633720517158508,0.3488616640315233,0.3315918145099646,0.33174368351160954,0.332641106902185
94438,AOI-0070,2023-10-13,0.2676625832991798,зерновые,2023,1,0,development,0.1769029051065445,0.20407319068908691,0.3482455916157685,0.36503073334124275,0.2981814412513271,0.32506748407583325
94444,AOI-0070,2023-10-19,0.3268404960163064,зерновые,2023,0,0,development,0.46388399600982666,0.46388399600982666,0.3284050738264362,0.32462092315196406,0.33756371872472196,0.3323879931560235
94531,AOI-0070,2024-06-15,0.2675333439974661,зерновые,2024,0,0,development,0.31839239597320557,0.3039790391921997,0.2575995375677141,0.25960474627596886,0.24973049830746347,0.2537281832031665
94534,AOI-0070,2024-06-18,0.3173077003890128,зерновые,2024,1,0,development,0.30792921781539917,0.29308873414993286,0.3015577869355905,0.28615950301522314,0.31578398772646427,0.30431211303469136
94549,AOI-0070,2024-07-03,0.233319270914158,зерновые,2024,1,0,development,0.1836419254541397,0.1858956664800644,0.21531763074602464,0.21411167865572486,0.23328794908456596,0.2253747175094857
94556,AOI-0070,2024-07-10,0.1712740046858335,зерновые,2024,0,0,development,0.21404115855693817,0.19827549159526825,0.16621321027886105,0.16565498431495396,0.1669720810120952,0.16645501484327407
94582,AOI-0070,2024-08-05,0.2111456617494874,зерновые,2024,1,0,development,0.14310051500797272,0.14369483292102814,0.187068473118985,0.1799393288544557,0.20607589434624182,0.19559557099800023
94597,AOI-0070,2024-08-20,0.1834784898978694,зерновые,2024,1,0,development,0.16198813915252686,0.16198813915252686,0.1744395040912471,0.16807460102897404,0.177056229615358,0.17367251851211457
94636,AOI-0070,2024-09-28,0.149265895807188,зерновые,2024,0,0,development,0.1560467630624771,0.15225976705551147,0.1501273365352065,0.14709355486579728,0.1428315561949686,0.14477396291290015
94637,AOI-0070,2024-09-29,0.1711333091465667,зерновые,2024,1,0,development,0.15857143700122833,0.15225976705551147,0.17583142291468373,0.18145030493474162,0.1854970733832118,0.18350044134099652
94645,AOI-0070,2024-10-07,0.1807731680447104,зерновые,2024,1,0,development,0.1515694409608841,0.15224991738796234,0.178839288469787,0.17375049819288357,0.16810236931084813,0.17073593040972984
94661,AOI-0070,2024-10-23,0.1469498083711865,зерновые,2024,0,0,development,0.1863899528980255,0.20657627284526825,0.17467366770088386,0.17433381424969535,0.15810571833324763,0.1648780351018755
94676,AOI-0071,2010-06-10,0.6522261363636364,зерновые,2010,2,0,development,0.4506765604019165,0.4680379033088684,0.4993384117392122,0.5198053240273085,0.5468017025075953,0.5344285498911382
94691,AOI-0071,2010-08-13,0.4460488636363636,зерновые,2010,2,0,development,0.1947810798883438,0.19950629770755768,0.33316638868919746,0.31166390088167745,0.34610660476292904,0.3329691437918253
94696,AOI-0071,2010-08-30,0.2048239871827853,зерновые,2010,1,0,development,0.37715718150138855,0.356986939907074,0.21464973443876093,0.2030632495555951,0.22318986070646465,0.21545855014976648
94697,AOI-0071,2010-08-31,0.2070925793972048,зерновые,2010,1,0,development,0.37427571415901184,0.356986939907074,0.22308219402539942,0.21182026426397468,0.2323447917868201,0.22442983293778201
94702,AOI-0071,2010-10-25,0.3001132679061489,зерновые,2010,1,0,development,0.3044004738330841,0.32786694169044495,0.26692908700645146,0.2696494015208143,0.26661788873301473,0.26772815390438304
94710,AOI-0071,2011-05-14,0.5841327285361623,зерновые,2011,1,0,development,0.6205039024353027,0.6368289589881897,0.49602762332479455,0.5010588914774019,0.5149665143780533,0.5088989184048307
94712,AOI-0071,2011-06-06,0.4711271061625977,зерновые,2011,1,0,development,0.4862304925918579,0.5752076506614685,0.5225352584857147,0.5334463322177654,0.5033371941159499,0.5152603582653317
94716,AOI-0071,2011-06-23,0.3450710113290907,зерновые,2011,1,0,development,0.39614173769950867,0.4242335259914398,0.356177828415062,0.3672133343484257,0.35660303804455634,0.36040472895448195
94729,AOI-0071,2011-09-03,0.3865331817703924,зерновые,2011,1,0,development,0.39218053221702576,0.4115488529205322,0.2323940062874971,0.2418515884752504,0.21542004694947867,0.22589360832392927
94731,AOI-0071,2011-09-18,0.3135365975845988,зерновые,2011,1,0,development,0.3545987904071808,0.39532339572906494,0.3105368448239434,0.3121728155246621,0.3042644376957883,0.3074645533995318
94739,AOI-0071,2012-05-24,0.4839,зерновые,2012,2,0,development,0.365531325340271,0.365531325340271,0.4473635596008242,0.4086428330215748,0.44343633182986386,0.43111063930038435
94741,AOI-0071,2012-06-25,0.1665756855118562,зерновые,2012,1,0,development,0.30279892683029175,0.30279892683029175,0.24883633608222258,0.22676638156112533,0.21328666066311613,0.22012394904880353
94749,AOI-0071,2013-04-07,0.4664840909090909,зерновые,2013,2,0,development,0.4605134129524231,0.4605134129524231,0.38599043189903226,0.4111304117249794,0.37953985633743376,0.391288046597162
94759,AOI-0071,2013-06-04,0.4040943653508138,зерновые,2013,1,0,development,0.49963751435279846,0.515749990940094,0.46128712322220455,0.4786830210770491,0.45595572300004406,0.4644461789829969
94765,AOI-0071,2013-07-06,0.2704317496310051,зерновые,2013,1,0,development,0.3484370708465576,0.3360023498535156,0.25074938789784507,0.25856006579910945,0.2622949230382952,0.2603061773176374
94767,AOI-0071,2013-07-13,0.2554834614763869,зерновые,2013,1,0,development,0.28727611899375916,0.28727611899375916,0.256308513835817,0.2543522177408171,0.23937541226459816,0.24571691114283645
94771,AOI-0071,2013-07-28,0.436825,зерновые,2013,2,0,development,0.21156412363052368,0.22487983107566833,0.3207001350956901,0.32994172032201985,0.386539470334809,0.36247194360295854
94788,AOI-0071,2014-05-30,0.4922228679948682,зерновые,2014,1,0,development,0.5011444687843323,0.48359039425849915,0.49214278566083813,0.49844348335296346,0.4763259547498388,0.4851798152989203
94792,AOI-0071,2014-06-22,0.3373554569518003,зерновые,2014,1,0,development,0.39766496419906616,0.4402732253074646,0.36057236556680067,0.37085324780637113,0.37870058774012216,0.37486300584377974
94796,AOI-0071,2014-07-01,0.3046480497603144,зерновые,2014,1,0,development,0.36758583784103394,0.390791654586792,0.34300362526404776,0.353044623042462,0.31514690666521805,0.3303597285356382
94799,AOI-0071,2014-07-17,0.2266155751888541,зерновые,2014,1,0,development,0.29112932085990906,0.2884315848350525,0.273513044302257,0.27789688097711157,0.2557591297937678,0.2647280302714324
94802,AOI-0071,2014-08-02,0.2010777783663171,зерновые,2014,1,0,development,0.26216477155685425,0.23704326152801514,0.21206839198942373,0.2122207691682618,0.21345247425947944,0.21293141743068272
94814,AOI-0071,2014-09-18,0.2471548901370321,зерновые,2014,1,0,development,0.23926912248134613,0.301920622587204,0.23920136178500723,0.2436627128012241,0.24497520097886258,0.24418084185724231
94816,AOI-0071,2014-09-26,0.1988985127684225,зерновые,2014,1,0,development,0.25414764881134033,0.22987070679664612,0.20164715061055907,0.20622114535138106,0.20816522117825192,0.20710175759711505
94832,AOI-0071,2015-06-09,0.3965289677196208,зерновые,2015,1,0,development,0.36910444498062134,0.3867356777191162,0.3527830333452916,0.373882444975,0.3687711818587486,0.3697246210071284
94835,AOI-0071,2015-06-26,0.357928409090909,зерновые,2015,2,0,development,0.27241209149360657,0.27241209149360657,0.3693143584003358,0.3544168992294287,0.3346799296672529,0.34372224144196717
94841,AOI-0071,2015-07-28,0.2898276699142572,зерновые,2015,1,0,development,0.23837900161743164,0.22090934216976166,0.31125955157245955,0.2955168768068533,0.28292389725132727,0.2890402123225292
94842,AOI-0071,2015-08-05,0.24424764511936,зерновые,2015,1,0,development,0.21841368079185486,0.22090934216976166,0.22622340390828954,0.23645719708852067,0.20351925012453698,0.21665731216558998
94847,AOI-0071,2015-08-29,0.294023437201018,зерновые,2015,1,0,development,0.24216529726982117,0.2670404314994812,0.3202391930977719,0.3009493159107222,0.2763785612497086,0.28767680514639093
94858,AOI-0071,2016-04-09,0.3940292700573668,зерновые,2016,1,0,development,0.3886161148548126,0.35986965894699097,0.3712607975892126,0.39010352098333473,0.3995987236101925,0.39459912743082015
94861,AOI-0071,2016-05-02,0.2996392249987134,зерновые,2016,1,0,development,0.6186538338661194,0.6070630550384521,0.36605517422770706,0.38185121162893754,0.43417689364589285,0.4115226245579205
94871,AOI-0071,2016-06-28,0.4798267820709251,зерновые,2016,1,0,development,0.4416537582874298,0.4831490218639374,0.4452357402824851,0.4506167123869538,0.43801574793945036,0.4429603963904992
94876,AOI-0071,2016-07-14,0.6695151611046884,зерновые,2016,1,0,development,0.5704925060272217,0.5169950127601624,0.5156098532533256,0.5255669230089228,0.550751881654163,0.5397171648896684
94887,AOI-0071,2016-09-08,0.1846759470243574,зерновые,2016,1,0,development,0.3998219966888428,0.36718860268592834,0.23249021328556502,0.22578776135087303,0.2223189083023197,0.22413531052261576
94891,AOI-0071,2016-10-02,0.2523141065866691,зерновые,2016,1,0,development,0.43212592601776123,0.41747215390205383,0.29696661453811385,0.3000361634482295,0.29059719258405364,0.2943545312302479
94904,AOI-0071,2017-05-06,0.3669308555708221,зерновые,2017,1,0,development,0.4460299015045166,0.5117714405059814,0.37847707706271033,0.37820007636639025,0.35020768043691375,0.3618722801308826
94911,AOI-0071,2017-06-06,0.562206680439914,зерновые,2017,1,0,development,0.6460911631584167,0.6707334518432617,0.6254590078606236,0.6344560672268686,0.6493846004600753,0.6426715523143294
94915,AOI-0071,2017-06-27,0.1878487470497336,зерновые,2017,0,0,development,0.3961753249168396,0.3110736906528473,0.2582197606574376,0.25505846085944267,0.20493026992064292,0.22596724150290626
94919,AOI-0071,2017-07-12,0.3793943181818181,зерновые,2017,2,0,development,0.19878742098808289,0.19647473096847534,0.3128343604229811,0.29281096484776375,0.32942940458829956,0.31530422542778247
94929,AOI-0071,2017-08-10,0.1647307109188049,зерновые,2017,1,0,development,0.23650142550468445,0.26249071955680847,0.16775411564466802,0.17624305209243432,0.17300117361198458,0.17387810767121942
94930,AOI-0071,2017-08-11,0.1563705308607477,зерновые,2017,0,0,development,0.26249071955680847,0.26249071955680847,0.16591726922547034,0.16490416917442274,0.16109663166946925,0.1627375126935972
94940,AOI-0071,2017-09-14,0.4724681818181819,зерновые,2017,2,0,development,0.2083340734243393,0.2112089842557907,0.3946945729309315,0.37964758320896264,0.42571296464022385,0.40737957855406715
94943,AOI-0071,2017-09-19,0.2749061772210816,зерновые,2017,1,0,development,0.23167206346988678,0.23167206346988678,0.28389029434107227,0.29242696597945766,0.2999206374221043,0.2963272572592265
94958,AOI-0071,2018-05-17,0.2820272571144023,зерновые,2018,1,0,development,0.4287857711315155,0.43863019347190857,0.3068658482808294,0.3047253218662261,0.3401319132626962,0.3255163281953538
94961,AOI-0071,2018-06-01,0.2458915814281593,зерновые,2018,1,0,development,0.20367413759231567,0.22192730009555817,0.29201271187155775,0.283152310097008,0.2889166782512125,0.2870106585693667
94969,AOI-0071,2018-07-02,0.4938500565536219,зерновые,2018,0,0,development,0.37494322657585144,0.3788309395313263,0.33295764231735325,0.3242667843673491,0.3221196861412827,0.3234966365541704
94971,AOI-0071,2018-07-20,0.6413424406774949,зерновые,2018,1,0,development,0.5094302892684937,0.5022397637367249,0.5097924144354409,0.502338208488099,0.4998756102866474,0.5013150697839033
94977,AOI-0071,2018-08-20,0.3844928621637838,зерновые,2018,1,0,development,0.42410287261009216,0.42919161915779114,0.42268613436638425,0.41213733334148966,0.3959175959933844,0.403254300587971
94978,AOI-0071,2018-08-21,0.5192949092172352,зерновые,2018,1,0,development,0.4342803955078125,0.42919161915779114,0.4562764473278229,0.4475296909597359,0.45097615365014343,0.45002842180177366
94997,AOI-0071,2019-05-04,0.3053544890629112,зерновые,2019,1,0,development,0.23121684789657593,0.2303132712841034,0.320252570777891,0.31198555706585857,0.34750552662030293,0.3331835406045317
95005,AOI-0071,2019-05-28,0.5799122253326829,зерновые,2019,0,0,development,0.5897592902183533,0.5555145740509033,0.5795625512827103,0.5807312936072352,0.5477823040599442,0.5614291992886195
95019,AOI-0071,2019-07-07,0.3532701385750981,зерновые,2019,1,0,development,0.31639721989631653,0.3769460618495941,0.2817420511715693,0.3028575916263881,0.3113176869921966,0.3066224324530529
95021,AOI-0071,2019-07-14,0.4820986615024553,зерновые,2019,1,0,development,0.4209511876106262,0.4326557219028473,0.4045338859053226,0.3805410903116229,0.4010097953358719,0.3938262137394894
95024,AOI-0071,2019-07-22,0.6132744004036256,зерновые,2019,0,0,development,0.5134966969490051,0.39820218086242676,0.4126192081118025,0.4326028122401056,0.45719338425583195,0.44584830513146034
95027,AOI-0071,2019-07-31,0.3274410762652784,зерновые,2019,1,0,development,0.35958725214004517,0.34505414962768555,0.4288877461574431,0.424419557061534,0.4027672692031947,0.41202652977885657
95028,AOI-0071,2019-08-01,0.5115240587710956,зерновые,2019,0,0,development,0.3498985171318054,0.34505414962768555,0.41773260332494777,0.4291971086527283,0.4623802501653464,0.4479331948316264
95031,AOI-0071,2019-08-11,0.3702257112008676,зерновые,2019,0,0,development,0.4009554088115692,0.40316927433013916,0.404145931686195,0.39860114600330726,0.3890678002388552,0.3933435804724322
95053,AOI-0071,2019-10-11,0.2771766218770407,зерновые,2019,1,0,development,0.21890801191329956,0.21358896791934967,0.2904489670019101,0.29163857616437666,0.30297571141354385,0.29819152808058413
95056,AOI-0071,2019-10-19,0.2291155628891876,зерновые,2019,1,0,development,0.26701807975769043,0.3415188789367676,0.2522703214498958,0.2556912940546838,0.27071851039541434,0.2642745610446549
95058,AOI-0071,2019-10-25,0.1890804245150906,зерновые,2019,0,0,development,0.22849634289741516,0.21410471200942993,0.2045164030143771,0.2209076149627644,0.18879889658103421,0.20124936797420595
95068,AOI-0071,2020-04-22,0.2070472929512526,зерновые,2020,0,0,development,0.2560865879058838,0.2677438259124756,0.30873296568993847,0.3018756670756145,0.2678327883414706,0.28238135513838797
95069,AOI-0071,2020-05-02,0.1909089529591877,зерновые,2020,0,0,development,0.279401034116745,0.2677438259124756,0.23550914587273805,0.2274143420340089,0.20695292152555753,0.21591832417619417
95071,AOI-0071,2020-05-08,0.5138431818181819,зерновые,2020,2,0,development,0.25260716676712036,0.24697577953338623,0.4658809328367119,0.46723408988520465,0.5093405646096225,0.4917424517779013
95083,AOI-0071,2020-06-30,0.5078614083603183,зерновые,2020,1,0,development,0.43920090794563293,0.4386330842971802,0.44397439584707366,0.4505438625176438,0.4592607970879067,0.45526777369087745
95090,AOI-0071,2020-07-27,0.3365715909090909,зерновые,2020,2,0,development,0.3365975320339203,0.3070870339870453,0.3622660136044046,0.3712104716189018,0.3835296069603497,0.3779054002192992
95092,AOI-0071,2020-08-02,0.3752226725798209,зерновые,2020,1,0,development,0.2709823548793793,0.2873317301273346,0.23088294682392532,0.23834452354310953,0.26944559415577,0.2560876646279756
95093,AOI-0071,2020-08-05,0.3307205733128867,зерновые,2020,0,0,development,0.29060161113739014,0.2873317301273346,0.2703244241157546,0.26391385691225744,0.2602273137089908,0.2621180729967456
95102,AOI-0071,2020-08-26,0.3080738039500821,зерновые,2020,1,0,development,0.29504311084747314,0.2991979420185089,0.26973168006322457,0.27926993434334185,0.2758994099882448,0.2767715131010288
95116,AOI-0071,2020-10-05,0.2125671521471222,зерновые,2020,1,0,development,0.2272881716489792,0.22976145148277283,0.169670787339771,0.17138564072229215,0.17816688330926625,0.17524944374037804
95127,AOI-0071,2021-04-23,0.6261352272727273,зерновые,2021,2,0,development,0.21058420836925507,0.20715944468975067,0.45687035157985717,0.43235784449229436,0.4145715179390912,0.4233368897408991
95138,AOI-0071,2021-06-16,0.1842161168527693,зерновые,2021,0,0,development,0.27743634581565857,0.2714126408100128,0.25851927107622863,0.25617784893708795,0.25395105031148735,0.2550079851148782
95143,AOI-0071,2021-07-03,0.257140568970477,зерновые,2021,1,0,development,0.20291665196418762,0.19283033907413483,0.23284235340743356,0.2295297182348964,0.25641871564074714,0.24541297263554676
95153,AOI-0071,2021-08-05,0.2168699695741056,зерновые,2021,0,0,development,0.3214035928249359,0.3476250171661377,0.21970886092966602,0.215867734489767,0.20842150940595883,0.21173395775220644
95156,AOI-0071,2021-08-25,0.2382899174978173,зерновые,2021,0,0,development,0.206756129860878,0.18715892732143402,0.21829097099243353,0.22619488371857388,0.20197790649399977,0.2116162864689926
95161,AOI-0071,2021-09-06,0.2814557434212331,зерновые,2021,1,0,development,0.20787595212459564,0.2073168009519577,0.2612419827348392,0.2620004196021143,0.2766261566363428,0.2704973870149499
95164,AOI-0071,2021-09-19,0.2021473686463125,зерновые,2021,0,0,development,0.21907536685466766,0.23360632359981537,0.2292414654702137,0.23972340314587576,0.19469258022229546,0.2128493571650294
95171,AOI-0071,2022-04-02,0.1792939735684559,зерновые,2022,0,0,development,0.1790541708469391,0.1790541708469391,0.1881044921808469,0.19527110830513475,0.19475618254194774,0.19457183325396837
95178,AOI-0071,2022-04-26,0.3140414907737671,зерновые,2022,1,0,development,0.28744903206825256,0.2994043231010437,0.31125879993315786,0.3210786785461384,0.3492081441456846,0.3369556855590996
95181,AOI-0071,2022-05-09,0.6006534090909091,зерновые,2022,2,0,development,0.2752591669559479,0.2752591669559479,0.5036821185995424,0.48775834307844457,0.5484837453857903,0.5240982804990354
95194,AOI-0071,2022-06-12,0.3431025207367036,зерновые,2022,1,0,development,0.26884543895721436,0.2698335349559784,0.34245661615171985,0.34805971786118794,0.3429398428643257,0.3447588383922112
95195,AOI-0071,2022-06-13,0.3306438929424305,зерновые,2022,1,0,development,0.269127756357193,0.2698335349559784,0.3276296085489879,0.3073111745520071,0.34360135917490103,0.32962919653929024
95198,AOI-0071,2022-06-26,0.3937988636363636,зерновые,2022,2,0,development,0.2786449193954468,0.25628167390823364,0.3703626642489471,0.3445642265263865,0.4071839802194034,0.38255944231414957
95203,AOI-0071,2022-07-07,0.3502258199285063,зерновые,2022,1,0,development,0.3366031348705292,0.3560197949409485,0.36335879280982974,0.37526278343983643,0.34648594642928104,0.3577994356698761
95206,AOI-0071,2022-07-24,0.494114274573921,зерновые,2022,1,0,development,0.4248826503753662,0.42095351219177246,0.4101963977063686,0.42244202729411423,0.4196086074411401,0.42010659546999973
95226,AOI-0071,2022-10-09,0.3367825399001807,зерновые,2022,0,0,development,0.4725349247455597,0.4783325493335724,0.37640895782879463,0.3703156933082858,0.34633606988180493,0.3566542579346238
95230,AOI-0071,2023-04-03,0.295496174345843,зерновые,2023,1,0,development,0.2826727628707886,0.2826727628707886,0.2747139241514895,0.2884501894871774,0.28843695252555474,0.28767839003715523
95239,AOI-0071,2023-05-12,0.2689842540328636,зерновые,2023,0,0,development,0.4407396912574768,0.47044214606285095,0.32278160788574073,0.3338670558708454,0.3520233420958276,0.34385088123449303
95243,AOI-0071,2023-05-25,0.5366579545454546,зерновые,2023,2,0,development,0.3901105225086212,0.37228119373321533,0.5932768586231109,0.5929533341043203,0.6295077224605302,0.614313405697942
95250,AOI-0071,2023-06-23,0.3923446940990314,зерновые,2023,1,0,development,0.4127948582172394,0.40577900409698486,0.4200517375260955,0.4250254490283989,0.4414317834669305,0.43432753630218657
95251,AOI-0071,2023-06-24,0.3830700095544722,зерновые,2023,1,0,development,0.4151334762573242,0.40577900409698486,0.4044592878960342,0.4087076819168082,0.41745902002610463,0.41358078761137956
95259,AOI-0071,2023-07-12,0.4254988636363636,зерновые,2023,2,0,development,0.5234836935997009,0.5222833156585693,0.5133803713722264,0.5107081613761648,0.4472183659735351,0.4737886384701351
95261,AOI-0071,2023-07-18,0.5370664684174833,зерновые,2023,1,0,development,0.5075390934944153,0.4975965917110443,0.5087285735792197,0.5084163946587342,0.4993317034488195,0.5031297131253717
95265,AOI-0071,2023-07-26,0.5712795904602724,зерновые,2023,1,0,development,0.5507145524024963,0.5507145524024963,0.4618108009024933,0.48591040368391253,0.47465341895023444,0.4779975506831217
95279,AOI-0071,2023-08-29,0.5024988636363635,зерновые,2023,2,0,development,0.4044547975063324,0.41006848216056824,0.40790811033153823,0.4048657941996535,0.406814199496539,0.40617258668650613
95285,AOI-0071,2023-09-20,0.3446446612933306,зерновые,2023,1,0,development,0.30498048663139343,0.29498347640037537,0.3407257302383919,0.34317142709113285,0.33747429761741254,0.3397091494759119
95299,AOI-0071,2023-10-29,0.3050135509110649,зерновые,2023,1,0,development,0.28327929973602295,0.2797752618789673,0.29229653705573766,0.30084805483466204,0.28869105720522403,0.29327458677860363
95301,AOI-0071,2024-04-01,0.1871365980220876,зерновые,2024,0,0,development,0.2184087038040161,0.2184087038040161,0.24071837362646248,0.24400881206163147,0.23025563603912458,0.23579606838512632
95313,AOI-0071,2024-05-21,0.2327260171269997,зерновые,2024,0,0,development,0.3098609745502472,0.3112562298774719,0.2807424873642508,0.2745411864865206,0.2921291737699891,0.28515477822102286
95320,AOI-0071,2024-06-10,0.1680463657354127,зерновые,2024,0,0,development,0.24328835308551788,0.21448247134685516,0.22119372926962177,0.21762471486814738,0.20526775636752612,0.21060869775560906
95328,AOI-0071,2024-07-03,0.2166391192393889,зерновые,2024,1,0,development,0.1613665223121643,0.15922997891902924,0.1958117041837862,0.1901099378160634,0.21408317282555064,0.20442373452615334
95332,AOI-0071,2024-07-15,0.140830548349027,зерновые,2024,0,0,development,0.20440874993801117,0.20460109412670135,0.1444378184296297,0.15061473603405737,0.14993255586221438,0.14987286178730297
95338,AOI-0071,2024-08-04,0.2157923866792219,зерновые,2024,1,0,development,0.13204851746559143,0.13204851746559143,0.1437915319885011,0.1329422142327428,0.15566849511012817,0.14681431303805326
95345,AOI-0071,2024-08-28,0.2058787844778883,зерновые,2024,1,0,development,0.15608857572078705,0.17468594014644623,0.2548256443500549,0.23553804129443542,0.23302993105207265,0.2351465559139411
95349,AOI-0071,2024-09-08,0.1661053736602565,зерновые,2024,0,0,development,0.18705037236213684,0.17911110818386078,0.16393212988932584,0.16228612783253205,0.15070598595342108,0.15561668441872412
95361,AOI-0071,2024-10-15,0.2362,зерновые,2024,2,0,development,0.1348736733198166,0.14563333988189697,0.25774463005179243,0.25163337583943024,0.25407016001899807,0.25339601336421447
99264,AOI-0077,2010-05-08,0.3109091454496915,озимая пшеница,2010,1,0,development,0.5668527483940125,0.5002913475036621,0.3481053834359984,0.34525977082985326,0.3380514130354445,0.3412094967512529
99266,AOI-0077,2010-05-25,0.7009431937172775,озимая пшеница,2010,2,0,development,0.45624542236328125,0.45999905467033386,0.5836687276036572,0.5779171951643853,0.6143848142285191,0.5995285365190053
99268,AOI-0077,2010-06-10,0.6434840314136127,озимая пшеница,2010,2,0,development,0.3422132134437561,0.3322496712207794,0.4676412783114768,0.48853553711120956,0.5117241407390702,0.5009118439857222
99287,AOI-0077,2011-05-19,0.7540678780885101,озимая пшеница,2011,1,0,development,0.7422520518302917,0.7367969751358032,0.7259968883556625,0.715597410314506,0.731158961617739,0.7252613996706476
99295,AOI-0077,2011-07-28,0.5050528795811517,озимая пшеница,2011,2,0,development,0.28664517402648926,0.3042808771133423,0.496707531753611,0.4718748309875926,0.4894841233776753,0.48353722149566447
99297,AOI-0077,2011-08-07,0.2440202177187496,озимая пшеница,2011,1,0,development,0.4139378070831299,0.3972914218902588,0.27509280674869463,0.2718565914309476,0.28440536102676606,0.279363133006451
99300,AOI-0077,2011-08-29,0.4869068062827225,озимая пшеница,2011,2,0,development,0.2994529902935028,0.2808722257614136,0.5034564956614936,0.491710589780416,0.4992324345285311,0.496755535511045
99306,AOI-0077,2012-04-06,0.3524442408376962,озимая пшеница,2012,2,0,development,0.1900440901517868,0.1900440901517868,0.3064395257635901,0.30560038906556075,0.2855010542091681,0.29391218097269856
99308,AOI-0077,2012-04-22,0.5455560209424083,озимая пшеница,2012,2,0,development,0.2756275534629822,0.2522866129875183,0.44358748742092263,0.44522240943062535,0.4739416060237378,0.46189901066020567
99317,AOI-0077,2012-06-25,0.7053929319371728,озимая пшеница,2012,2,0,development,0.5305742025375366,0.5087611079216003,0.6738320770855675,0.64927506784709,0.6596648768069601,0.6567070680559677
99330,AOI-0077,2013-04-07,0.3645979057591623,озимая пшеница,2013,2,0,development,0.31815463304519653,0.3881666660308838,0.4123808128101587,0.40615232422633274,0.39958197201719925,0.40266271649954327
99331,AOI-0077,2013-04-14,0.3477166873939377,озимая пшеница,2013,1,0,development,0.39983534812927246,0.3881666660308838,0.30311654377185543,0.2999417885078681,0.29618358882889834,0.2979241783538092
99344,AOI-0077,2013-07-28,0.4304594240837696,озимая пшеница,2013,2,0,development,0.30033227801322937,0.2815173864364624,0.4020804714439097,0.37195842406003254,0.4105270574368753,0.39615202547486195
99348,AOI-0077,2013-09-13,0.2933737927948617,озимая пшеница,2013,1,0,development,0.5020830631256104,0.4493415057659149,0.39046136037723056,0.37894308640571067,0.38361181469939004,0.38230959412690335
99355,AOI-0077,2014-04-25,0.2798974872860061,озимая пшеница,2014,1,0,development,0.6493513584136963,0.643375813961029,0.367571689613919,0.3683926234404554,0.3700305219240846,0.36930323740610516
99363,AOI-0077,2014-06-26,0.7434824607329842,озимая пшеница,2014,2,0,development,0.8155540823936462,0.7652579545974731,0.7242494719839183,0.7275904002091566,0.7358038008427419,0.732199911323473
99365,AOI-0077,2014-07-12,0.7285395287958115,озимая пшеница,2014,2,0,development,0.7645965218544006,0.7573641538619995,0.7194775758948221,0.7200781577773654,0.6990774110496861,0.7077835819504766
99366,AOI-0077,2014-07-14,0.7869713379174312,озимая пшеница,2014,1,0,development,0.7501317262649536,0.7573641538619995,0.7707327820149797,0.7685779180134951,0.7868844861476435,0.7793859686621114
99380,AOI-0077,2015-04-07,0.2637227748691099,озимая пшеница,2015,2,0,development,0.20223075151443481,0.20223075151443481,0.3194291751179725,0.32473636096544706,0.28674135870421347,0.30225798195059034
99383,AOI-0077,2015-04-28,0.2271774441736017,озимая пшеница,2015,1,0,development,0.4682942032814026,0.5079331398010254,0.28828098100025873,0.286792221045261,0.3039873187226749,0.2969142942485349
99385,AOI-0077,2015-05-14,0.3875489966127476,озимая пшеница,2015,1,0,development,0.5711959004402161,0.5584635734558105,0.4552620098700575,0.4356085483580362,0.45553073669235666,0.4483332183345807
99399,AOI-0077,2015-08-13,0.4409332460732983,озимая пшеница,2015,2,0,development,0.32353687286376953,0.3216119706630707,0.4626421512047197,0.43752772765872733,0.46112608741119054,0.45270247239253214
99403,AOI-0077,2015-09-11,0.3212614028282654,озимая пшеница,2015,1,0,development,0.399844229221344,0.39438173174858093,0.32794944944912463,0.32465211733324595,0.32603744780856253,0.3256443468300818
99416,AOI-0077,2016-05-24,0.85212277486911,озимая пшеница,2016,2,0,development,0.6367729306221008,0.6760835647583008,0.7521704669255191,0.7521933686707517,0.7790586097188633,0.7678772159103247
99417,AOI-0077,2016-06-09,0.8431034031413612,озимая пшеница,2016,2,0,development,0.7940155863761902,0.6760835647583008,0.8361154350811358,0.8308036093939594,0.8248504256318656,0.8276233432251265
99422,AOI-0077,2016-07-27,0.7230903863469066,озимая пшеница,2016,1,0,development,0.5699900388717651,0.5699900388717651,0.583814664791173,0.5872751445980563,0.6028733936007592,0.5961896082592865
99432,AOI-0077,2017-04-23,0.6863539267015706,озимая пшеница,2017,2,0,development,0.6879669427871704,0.5535550713539124,0.6890882006486009,0.6725334840047225,0.6590716086028627,0.6655946888460943
99436,AOI-0077,2017-05-04,0.815436052378072,озимая пшеница,2017,0,0,development,0.8288550972938538,0.8402127623558044,0.8077700233167258,0.8057392258815652,0.8134744009447858,0.8103683265269641
99440,AOI-0077,2017-06-04,0.905571517858521,озимая пшеница,2017,1,0,development,0.6916288733482361,0.7198479175567627,0.8270181318059234,0.8272071703896382,0.8676665400620209,0.8508186325428291
99441,AOI-0077,2017-06-05,0.9043497981698148,озимая пшеница,2017,0,0,development,0.6775193214416504,0.7198479175567627,0.8165902427809743,0.8181791480357705,0.7713390836761976,0.7907434558719462
99447,AOI-0077,2017-06-30,0.7011120069580891,озимая пшеница,2017,0,0,development,0.7097007036209106,0.7222586870193481,0.660399017084192,0.6573705878110075,0.6618207041799451,0.6601372179052396
99468,AOI-0077,2017-09-24,0.5416254614018183,озимая пшеница,2017,1,0,development,0.5466548800468445,0.5174988508224487,0.5293552291320514,0.5258607516243845,0.5346831591260374,0.5312060431483774
99480,AOI-0077,2018-04-28,0.5847418135420004,озимая пшеница,2018,1,0,development,0.6891520023345947,0.699163556098938,0.5491168929808182,0.5468806179063113,0.5494742166016695,0.5485192674329602
99481,AOI-0077,2018-05-01,0.6818297418284612,озимая пшеница,2018,0,0,development,0.7091750502586365,0.699163556098938,0.6198875061564819,0.6231275534252619,0.563443390241166,0.5881010620691116
99482,AOI-0077,2018-05-04,0.7473545974776377,озимая пшеница,2018,0,0,development,0.7291980385780334,0.699163556098938,0.6661958906010719,0.6549176708916067,0.6607740707180951,0.6589642411451229
99499,AOI-0077,2018-07-12,0.6843376963350786,озимая пшеница,2018,2,0,development,0.6039236187934875,0.6204707622528076,0.6445960400675373,0.6317978062452789,0.6750744774180324,0.6577765430278435
99502,AOI-0077,2018-07-28,0.7320089005235603,озимая пшеница,2018,2,0,development,0.7206118702888489,0.7414213418960571,0.6872657586896901,0.6752048573149824,0.7131754837048732,0.6980446757937112
99508,AOI-0077,2018-09-03,0.5036083269392164,озимая пшеница,2018,1,0,development,0.5219472050666809,0.5144942402839661,0.49163526389680934,0.49781790001338233,0.49761985177311663,0.4973583654058047
99515,AOI-0077,2018-10-11,0.4349616349410803,озимая пшеница,2018,0,0,development,0.4294435381889343,0.44999557733535767,0.4106847918536527,0.4280680539101005,0.4182783245962204,0.42138544203248907
99524,AOI-0077,2019-04-26,0.4711062142994729,озимая пшеница,2019,0,0,development,0.4643985629081726,0.5163423418998718,0.4662795683024608,0.4733032513908771,0.43893102859422933,0.45284453287904813
99526,AOI-0077,2019-05-09,0.7440091623036649,озимая пшеница,2019,2,0,development,0.6429570317268372,0.6309444904327393,0.717501950976302,0.7164232621791483,0.7369942767395771,0.7284935356737408
99532,AOI-0077,2019-05-21,0.824337642225077,озимая пшеница,2019,0,0,development,0.830758810043335,0.8303112387657166,0.7983969666591886,0.7870220606369106,0.8084514785512493,0.800166228751904
99540,AOI-0077,2019-06-08,0.4602713894169021,озимая пшеница,2019,0,0,development,0.5220822095870972,0.5220822095870972,0.511744587744048,0.5237194579684935,0.49812695568175297,0.5081113236323029
99541,AOI-0077,2019-06-10,0.4741272039742065,озимая пшеница,2019,0,0,development,0.5531593561172485,0.5220822095870972,0.6027473961030112,0.6021370004094599,0.5358372258397935,0.563462199716102
99566,AOI-0077,2019-08-13,0.5250189057917343,озимая пшеница,2019,1,0,development,0.4829460680484772,0.4829460680484772,0.5292630040339193,0.5099536394796597,0.5524354755279698,0.5358304937619749
99572,AOI-0077,2019-09-01,0.3536668664257659,озимая пшеница,2019,0,0,development,0.3777812123298645,0.3851529061794281,0.3331008523505216,0.32465864853018706,0.35286905931448925,0.341598731792419
99573,AOI-0077,2019-09-03,0.2445254200004646,озимая пшеница,2019,0,0,development,0.3876101076602936,0.3851529061794281,0.32809149465504844,0.3294220628190652,0.3485171719160275,0.34049662373738765
99576,AOI-0077,2019-09-13,0.2166344607663232,озимая пшеница,2019,0,0,development,0.26498785614967346,0.2534252405166626,0.2528540314740848,0.25346480415154937,0.24281830151048148,0.2472149291233001
99580,AOI-0077,2019-09-23,0.2211769068110953,озимая пшеница,2019,0,0,development,0.22636765241622925,0.22657769918441772,0.15431038380314566,0.1686968277210618,0.17342232173869518,0.1706555441462957
99583,AOI-0077,2019-10-13,0.2148223303122368,озимая пшеница,2019,0,0,development,0.26685041189193726,0.3206828236579895,0.22854420112914262,0.2224967873227494,0.23150197316157517,0.22809079843606397
99596,AOI-0077,2020-04-17,0.2130419825503256,озимая пшеница,2020,1,0,development,0.3124499022960663,0.32617250084877014,0.2008622576462011,0.19212388975329805,0.19783058543136536,0.19594177841420607
99606,AOI-0077,2020-06-07,0.3444162520713852,озимая пшеница,2020,0,0,development,0.42189115285873413,0.4355189800262451,0.3868786703204286,0.40111513926224684,0.38908256555894916,0.39329809358692697
99618,AOI-0077,2020-07-07,0.7037470741673342,озимая пшеница,2020,0,0,development,0.6888887882232666,0.688973605632782,0.6872012277957937,0.6776502498895246,0.6882275419110406,0.6843570099790715
99619,AOI-0077,2020-07-11,0.6828515706806282,озимая пшеница,2020,2,0,development,0.6890584230422974,0.688973605632782,0.6831815443274498,0.6754482254180382,0.6785334726995608,0.6776796908368881
99623,AOI-0077,2020-07-27,0.6498166556396425,озимая пшеница,2020,0,0,development,0.6739799976348877,0.6801335215568542,0.6366358907395794,0.6103696751293733,0.6409685073529043,0.6296956743770734
99625,AOI-0077,2020-07-30,0.6502533288410981,озимая пшеница,2020,1,0,development,0.625458836555481,0.6135052442550659,0.6821553979709516,0.6796845745808536,0.692515934619604,0.6873135305654046
99626,AOI-0077,2020-07-31,0.6767066274431432,озимая пшеница,2020,1,0,development,0.6015516519546509,0.6135052442550659,0.6427970483687602,0.6501434826006415,0.6442929820944138,0.6463190597277755
99631,AOI-0077,2020-08-08,0.4755461763817941,озимая пшеница,2020,0,0,development,0.5976160764694214,0.5842677354812622,0.5732803677409967,0.5629725642665037,0.5704315719298533,0.567900829373406
99635,AOI-0077,2020-08-16,0.3744495334874167,озимая пшеница,2020,0,0,development,0.41234350204467773,0.3895680606365204,0.4299572140658844,0.4449011725210019,0.4264983880976515,0.43332556118966814
99649,AOI-0077,2020-09-15,0.1748433291024737,озимая пшеница,2020,0,0,development,0.2872683107852936,0.3014819324016571,0.1750785295119543,0.17764772588052563,0.17892977577361702,0.1782533336266395
99655,AOI-0077,2020-09-25,0.1699545169390617,озимая пшеница,2020,0,0,development,0.19136247038841248,0.18725253641605377,0.19515393078734045,0.1925859168447662,0.18376620269914828,0.18757942009732537
99658,AOI-0077,2020-09-30,0.1873922426641048,озимая пшеница,2020,0,0,development,0.31637120246887207,0.26151207089424133,0.19213465621990086,0.18992907130794756,0.17977880492616582,0.1841255791721054
99674,AOI-0077,2021-04-15,0.1967914354636638,озимая пшеница,2021,0,0,development,0.07215660065412521,0.08356461673974991,0.16767221321832418,0.16792520934809888,0.19551737122587734,0.18402066640390485
99676,AOI-0077,2021-04-23,0.4503065445026177,озимая пшеница,2021,2,0,development,0.1944921761751175,0.17832593619823456,0.33769638134569757,0.3311433023996824,0.23824861018394067,0.27727176540198883
99688,AOI-0077,2021-06-07,0.1928582210306651,озимая пшеница,2021,0,0,development,0.5632764101028442,0.46798256039619446,0.30531006350535655,0.3032120989289945,0.31387230513650893,0.30955269882251
99690,AOI-0077,2021-06-12,0.1967209434094504,озимая пшеница,2021,0,0,development,0.4181956946849823,0.4181956946849823,0.2728225961924646,0.266618334207429,0.26026164166836796,0.2632521228979152
99706,AOI-0077,2021-07-12,0.2088035962864416,озимая пшеница,2021,0,0,development,0.20137308537960052,0.20131957530975342,0.33066438476230925,0.3187852906910294,0.25951843342310327,0.28484343379854393
99709,AOI-0077,2021-07-18,0.3108735626368674,озимая пшеница,2021,1,0,development,0.18995995819568634,0.18995995819568634,0.28249642213030446,0.2858429076185799,0.2787954773405747,0.2815421586090389
99720,AOI-0077,2021-08-06,0.1844807430343185,озимая пшеница,2021,0,0,development,0.18961599469184875,0.1976628452539444,0.18936369522771446,0.20657788971036167,0.19290875461584772,0.19763971268410693
99721,AOI-0077,2021-08-11,0.1862190209003518,озимая пшеница,2021,0,0,development,0.19855694472789764,0.1976628452539444,0.20322926567224825,0.21720751888257864,0.20487677104599145,0.20923074899045158
99722,AOI-0077,2021-08-13,0.4206120418848167,озимая пшеница,2021,2,0,development,0.20213332772254944,0.1976628452539444,0.400649168189247,0.3746114253997336,0.3894430345752788,0.3847191107615826
99729,AOI-0077,2021-08-31,0.1951608815383828,озимая пшеница,2021,0,0,development,0.35940122604370117,0.3143748641014099,0.20973655080051362,0.2173420512506112,0.21060894147224266,0.2129879114817746
99740,AOI-0077,2021-10-17,0.1955250811566218,озимая пшеница,2021,0,0,development,0.371473491191864,0.3430561423301697,0.21224287744364675,0.21505790582138906,0.224914324857894,0.2206559369140878
99746,AOI-0077,2022-04-03,0.0217469036132714,озимая пшеница,2022,0,0,development,0.22649061679840088,0.22649061679840088,0.18848897866161488,0.18259726605674187,0.16601731376947143,0.1732448762046051
99748,AOI-0077,2022-04-08,0.2067631300760548,озимая пшеница,2022,0,0,development,0.22614309191703796,0.22510047256946564,0.20002615426374648,0.19709776636780396,0.20261792382412774,0.20048356924362523
99773,AOI-0077,2022-06-26,0.5795647672897659,озимая пшеница,2022,1,0,development,0.5794875025749207,0.5857484936714172,0.5961630375465388,0.5661432212926368,0.6043047941170558,0.590093476132134
99778,AOI-0077,2022-07-05,0.5057306872382509,озимая пшеница,2022,1,0,development,0.5559061169624329,0.48767340183258057,0.5418079788056517,0.5246592424787213,0.5609310491974616,0.5467902221889499
99779,AOI-0077,2022-07-07,0.3926120184622034,озимая пшеница,2022,0,0,development,0.46492913365364075,0.48767340183258057,0.49119772551108265,0.5096063277704265,0.5498086104039996,0.5320542393145226
99781,AOI-0077,2022-07-12,0.4441281768266963,озимая пшеница,2022,0,0,development,0.39872509241104126,0.40698274970054626,0.5286457880934006,0.5451968316933238,0.48362548483507267,0.5083281028727227
99797,AOI-0077,2022-08-31,0.6523460278203229,озимая пшеница,2022,0,0,development,0.7319627404212952,0.7377617359161377,0.699537708562164,0.6959399306112345,0.7056673457401145,0.7018193518125722
99799,AOI-0077,2022-09-10,0.7303404749815496,озимая пшеница,2022,0,0,development,0.6408794522285461,0.6908766627311707,0.6674827433709163,0.6600882455067382,0.6663784431031402,0.664172056582454
99803,AOI-0077,2022-09-20,0.7183672515256662,озимая пшеница,2022,0,0,development,0.607216477394104,0.6489983797073364,0.6522941356331787,0.6429346172020484,0.6208744443123011,0.6305755256381913
99807,AOI-0077,2022-10-08,0.7066788082321979,озимая пшеница,2022,1,0,development,0.7371690273284912,0.7345851063728333,0.7186473346301907,0.7203057583627669,0.7408414385326231,0.7322031519067704
99818,AOI-0077,2023-05-04,0.7837000464757984,озимая пшеница,2023,1,0,development,0.8895341753959656,0.8627818822860718,0.8675696439725482,0.8586557271267887,0.8731636582942087,0.8676219328360302
99828,AOI-0077,2023-06-05,0.9014170333011744,озимая пшеница,2023,1,0,development,0.8989267945289612,0.8989267945289612,0.8160056182830215,0.8189243425862944,0.8918626465108586,0.8613466122868112
99834,AOI-0077,2023-06-21,0.5856516671487646,озимая пшеница,2023,1,0,development,0.5074632167816162,0.5074632167816162,0.5514140014819452,0.5659317197153663,0.542832146363232,0.551637623710474
99835,AOI-0077,2023-06-22,0.5650203309700864,озимая пшеница,2023,0,0,development,0.5415029525756836,0.5074632167816162,0.5238214208237478,0.5440901750893513,0.5114935855155455,0.5239314013728613
99840,AOI-0077,2023-07-07,0.8251114255120895,озимая пшеница,2023,0,0,development,0.7607743740081787,0.7434780597686768,0.7630166458968225,0.7746020573595933,0.7767135020348854,0.7751903813265755
99845,AOI-0077,2023-07-25,0.8185212239736959,озимая пшеница,2023,1,0,development,0.7958517670631409,0.8049636483192444,0.7890459084128567,0.7739282095866393,0.8067703094683084,0.7939437989064106
99852,AOI-0077,2023-08-13,0.597127325954353,озимая пшеница,2023,0,0,development,0.5077833533287048,0.5352836847305298,0.5768901051567542,0.5587002762707538,0.5715871066707836,0.5672359781150795
99860,AOI-0077,2023-09-01,0.4918636962521004,озимая пшеница,2023,1,0,development,0.48219379782676697,0.4779423475265503,0.4493972296336579,0.4576267651627522,0.46011911679293177,0.4586241480197858
99866,AOI-0077,2023-09-20,0.4223972410350683,озимая пшеница,2023,0,0,development,0.42310136556625366,0.4241820275783539,0.42129551957243844,0.42671344664886945,0.4129838698722544,0.4183961410422481
99868,AOI-0077,2023-09-25,0.4233240776871934,озимая пшеница,2023,0,0,development,0.39887112379074097,0.4021890461444855,0.404568717452663,0.42112541250306246,0.39858064167426854,0.4070418180531839
99878,AOI-0077,2024-04-04,0.26354301088098,озимая пшеница,2024,0,0,development,0.4535573422908783,0.4535573422908783,0.41341976686625903,0.41931971040363575,0.4214843436936016,0.42025533882572075
99879,AOI-0077,2024-04-06,0.5086615183246074,озимая пшеница,2024,2,0,development,0.4535573422908783,0.4535573422908783,0.4893383877494675,0.540572306289868,0.5060687600476395,0.5175777487631756
99880,AOI-0077,2024-04-07,0.3006846405299043,озимая пшеница,2024,0,0,development,0.4535573422908783,0.4535573422908783,0.41612183073256104,0.4238409581867907,0.4209194217388097,0.42170586381571695
99917,AOI-0077,2024-07-17,0.5494343386611314,озимая пшеница,2024,1,0,development,0.4863138198852539,0.4962049722671509,0.5388393798815789,0.5414626474964079,0.5692834777415785,0.5575597664417766
99918,AOI-0077,2024-07-18,0.4786021443249728,озимая пшеница,2024,0,0,development,0.49290791153907776,0.4962049722671509,0.5303375586836803,0.5181017386782233,0.5420336247972306,0.5327548466951256
99920,AOI-0077,2024-07-25,0.5695019864200201,озимая пшеница,2024,1,0,development,0.5331991910934448,0.5255083441734314,0.5843220494835164,0.6142292114702472,0.6109708792084922,0.6106632852698402
99941,AOI-0077,2024-09-14,0.3557897449538691,озимая пшеница,2024,0,0,development,0.4169936776161194,0.4013252258300781,0.35319044490476653,0.3551253342816203,0.3531113548232675,0.35384185660341017
99943,AOI-0077,2024-09-19,0.3600353543842778,озимая пшеница,2024,0,0,development,0.3556453585624695,0.35608720779418945,0.37415413227546984,0.3660938734351045,0.355451778443032,0.3603288924651566
99944,AOI-0077,2024-09-21,0.3433124166634475,озимая пшеница,2024,0,0,development,0.3565290570259094,0.35608720779418945,0.34007455951716914,0.3405984229760374,0.3488667942304718,0.3453967258373611
99946,AOI-0077,2024-09-26,0.3405306034686816,озимая пшеница,2024,0,0,development,0.3602463901042938,0.3596484661102295,0.32220103642065134,0.32569577796418125,0.3449256624621014,0.33672864596489227
99951,AOI-0077,2024-10-06,0.3109395445356058,озимая пшеница,2024,0,0,development,0.31607958674430847,0.33236435055732727,0.3029168647565198,0.30451846677007394,0.30620230903027584,0.3054124805762811
99952,AOI-0077,2024-10-11,0.3439833135348281,озимая пшеница,2024,0,0,development,0.3393435478210449,0.33236435055732727,0.29776471384664155,0.29971937529659387,0.30602788785271623,0.30329383835000767
38,AOI-0002,2010-05-09,0.4627914558472554,озимая пшеница,2010,2,1,development,0.3640363812446594,0.46523627638816833,0.47441683408605717,0.4580954438081135,0.5041049410495416,0.48586569921045686
62,AOI-0002,2010-06-02,0.5478608197730342,озимая пшеница,2010,1,1,development,0.6570481657981873,0.6570481657981873,0.5644229101645124,0.5537672619684064,0.5600956894700961,0.5580547927981307
79,AOI-0002,2010-06-19,0.6652587572733183,озимая пшеница,2010,1,1,development,0.6409982442855835,0.6401255130767822,0.6404374290284423,0.6337466842023635,0.6263168015472537,0.6297809571319233
103,AOI-0002,2010-07-13,0.77785094957993,озимая пшеница,2010,1,1,development,0.7448828816413879,0.6381410360336304,0.7276870203110871,0.7417994384135751,0.7406462650104244,0.7403411701694198
150,AOI-0002,2010-08-29,0.5064718182919785,озимая пшеница,2010,1,1,development,0.5505824685096741,0.5677712559700012,0.4946502731314065,0.5100315356155064,0.5082934009783506,0.5081611623466714
230,AOI-0002,2011-04-18,0.2033529708148475,озимая пшеница,2011,1,1,development,0.20980075001716614,0.2390250414609909,0.23100519905533934,0.22350623423263655,0.21059701799718658,0.2163863855436134
278,AOI-0002,2011-06-05,0.6012121335501064,озимая пшеница,2011,1,1,development,0.5934180617332458,0.5766081213951111,0.6081010221139596,0.6115412602866593,0.6234033344085488,0.6182755050118512
287,AOI-0002,2011-06-14,0.694149030642122,озимая пшеница,2011,1,1,development,0.5814440250396729,0.5913272500038147,0.656310030041901,0.6692962802189616,0.6158729722078302,0.6373830278235317
335,AOI-0002,2011-08-01,0.3238934296977369,озимая пшеница,2011,1,1,development,0.3287438452243805,0.3159148693084717,0.32735169963400285,0.3232637441624628,0.3370150826401963,0.3315197763824801
347,AOI-0002,2011-08-13,0.4093310739856803,озимая пшеница,2011,2,1,development,0.28786706924438477,0.3278504014015198,0.3914392421995943,0.388470301756444,0.3870457608877665,0.3878037369618763
351,AOI-0002,2011-08-17,0.1981862390037519,озимая пшеница,2011,1,1,development,0.3145226240158081,0.3278504014015198,0.2830117496996244,0.28129861215470087,0.29122460195755545,0.2871891381340322
431,AOI-0002,2012-04-06,0.2844511217183772,озимая пшеница,2012,2,1,development,0.29682719707489014,0.4906803071498871,0.40424602354609906,0.39464585181998335,0.43191059816103783,0.4169366696297831
527,AOI-0002,2012-07-11,0.4460492601431981,озимая пшеница,2012,2,1,development,0.40902140736579895,0.33556321263313293,0.4107294365747968,0.3963479352552162,0.4092058182838885,0.40465490051151326
605,AOI-0002,2012-09-27,0.1933030740511977,озимая пшеница,2012,1,1,development,0.3126536011695862,0.3082512617111206,0.22659475369309226,0.22475850692959226,0.22814467286791287,0.2268376410968804
623,AOI-0002,2012-10-15,0.3087452983293556,озимая пшеница,2012,2,1,development,0.2143208235502243,0.2143208235502243,0.3308685175441984,0.3173803536847095,0.32197727946199467,0.32081451379383247
677,AOI-0002,2013-05-09,0.4163297439677668,озимая пшеница,2013,1,1,development,0.542002260684967,0.6009747385978699,0.6022911126010895,0.6080780815255074,0.5306578418290036,0.5625548099114182
805,AOI-0002,2013-09-14,0.532605353319058,озимая пшеница,2013,2,1,development,0.579220175743103,0.4691479802131653,0.5232263991420876,0.5387428382679229,0.5657180248404087,0.5536290583120593
829,AOI-0002,2013-10-08,0.4878382621688008,озимая пшеница,2013,1,1,development,0.43860116600990295,0.43967363238334656,0.4446299963063284,0.444190072919699,0.46721338434492754,0.45765657533578635
845,AOI-0002,2013-10-24,0.3824024667484093,озимая пшеница,2013,1,1,development,0.2487887144088745,0.2610381841659546,0.3110367482212667,0.30376833098766776,0.29659095765887356,0.29998216274343625
858,AOI-0002,2014-04-07,0.6408442482100241,озимая пшеница,2014,2,1,development,0.46274933218955994,0.46274933218955994,0.5646418007212104,0.5665251254782993,0.5776483454382372,0.5729145966522473
965,AOI-0002,2014-07-23,0.261315128442858,озимая пшеница,2014,1,1,development,0.20850947499275208,0.2646828591823578,0.24195613100822896,0.2488143979634465,0.227332607331229,0.2358908875379089
981,AOI-0002,2014-08-08,0.2168829996440694,озимая пшеница,2014,1,1,development,0.22024625539779663,0.21251213550567627,0.21123071850719907,0.2120222767564772,0.2006914631642265,0.20536281451260774
982,AOI-0002,2014-08-09,0.155063463737059,озимая пшеница,2014,1,1,development,0.2254023253917694,0.21251213550567627,0.16962330808966525,0.16996950180970735,0.15027288719962922,0.1584504864269976
1037,AOI-0002,2014-10-03,0.1669616303609705,озимая пшеница,2014,1,1,development,0.2326439619064331,0.2309662252664566,0.1684251144213928,0.16406316199024584,0.1555756629289319,0.15935041386736254
1045,AOI-0002,2014-10-11,0.2106313943600401,озимая пшеница,2014,1,1,development,0.22995959222316742,0.2309662252664566,0.20284502799190254,0.20485298991937465,0.2054461042822445,0.2050875848119295
1117,AOI-0002,2015-05-23,0.8493023261441831,озимая пшеница,2015,1,1,development,0.7710294127464294,0.7843916416168213,0.8383540450003367,0.8443687883792195,0.8266489478807114,0.8336885920241697
1157,AOI-0002,2015-07-02,0.3032748144527246,озимая пшеница,2015,1,1,development,0.40664973855018616,0.3942433297634125,0.3700978687662825,0.3480790182297711,0.38212526273012404,0.3691815128939674
1182,AOI-0002,2015-07-27,0.321986708823289,озимая пшеница,2015,1,1,development,0.3459414541721344,0.3459414541721344,0.28793459952427203,0.2918465415113823,0.29463759434124825,0.29325848282419287
1199,AOI-0002,2015-08-13,0.3779444868735085,озимая пшеница,2015,2,1,development,0.21620871126651764,0.23673690855503082,0.3368821490960789,0.32895167330414554,0.34126989249239864,0.336584724597943
1213,AOI-0002,2015-08-27,0.2740012641051988,озимая пшеница,2015,1,1,development,0.2572651207447052,0.23673690855503082,0.2640367278913245,0.26426054740306665,0.28921760131276386,0.2788191343010695
1221,AOI-0002,2015-09-04,0.2010749727894604,озимая пшеница,2015,1,1,development,0.31481605768203735,0.3062114715576172,0.2128184159995665,0.21816810869505437,0.21097007103826618,0.21366800126592286
1283,AOI-0002,2016-04-06,0.6242115035799525,озимая пшеница,2016,2,1,development,0.4892981946468353,0.4892981946468353,0.585953637014213,0.5727764451473828,0.5964006286293788,0.5873022659139786
1285,AOI-0002,2016-04-08,0.2310489226027441,озимая пшеница,2016,1,1,development,0.5041882991790771,0.6009741425514221,0.4557191395374161,0.443125074110692,0.4701529831516906,0.45960570501768594
1309,AOI-0002,2016-05-02,0.915540694644984,озимая пшеница,2016,1,1,development,0.7116561532020569,0.6948558688163757,0.7197178379983509,0.7225218116598114,0.7119687157769632,0.7162044762203866
1332,AOI-0002,2016-05-25,0.8833728604453317,озимая пшеница,2016,1,1,development,0.8250852823257446,0.77486252784729,0.8680322200971315,0.864143135899103,0.889685190655185,0.8792720499614257
1477,AOI-0002,2016-10-17,0.1956342904444516,озимая пшеница,2016,1,1,development,0.29436415433883667,0.2617550492286682,0.2127816735723966,0.20985281449934173,0.19797591974676018,0.2030814716906555
1532,AOI-0002,2017-05-12,0.5859276736026766,озимая пшеница,2017,1,1,development,0.6973612308502197,0.7228507399559021,0.5589521593542732,0.5502868425889762,0.5437177687251528,0.5469335282526157
1621,AOI-0002,2017-08-09,0.3251800999767444,озимая пшеница,2017,0,1,development,0.347736120223999,0.35071614384651184,0.3157510172313504,0.32163360304795474,0.32926478191301783,0.3257618091246115
1636,AOI-0002,2017-08-24,0.2708579882351793,озимая пшеница,2017,1,1,development,0.3458443582057953,0.3490242660045624,0.2959046933954715,0.29111307246821444,0.2972917821977499,0.2949870085814432
1641,AOI-0002,2017-08-29,0.1675852777677389,озимая пшеница,2017,0,1,development,0.37764328718185425,0.3490242660045624,0.31054801728645776,0.312835807814488,0.28399214898997605,0.2958683415864946
1651,AOI-0002,2017-09-08,0.2148767616701071,озимая пшеница,2017,0,1,development,0.3748987913131714,0.3764576315879822,0.28560009890892823,0.27771738126141476,0.2771263429999677,0.27781077808277976
1656,AOI-0002,2017-09-13,0.2649376381974773,озимая пшеница,2017,0,1,development,0.3593103289604187,0.3764576315879822,0.2715076418907768,0.2653138231227586,0.2651599118282736,0.2655684901471178
1684,AOI-0002,2017-10-11,0.284620289659827,озимая пшеница,2017,1,1,development,0.32635819911956787,0.36358705163002014,0.24782507542688637,0.2560416404334161,0.24195214127848833,0.24735852367836092
1710,AOI-0002,2018-04-07,0.4066236754176612,озимая пшеница,2018,2,1,development,0.4722643494606018,0.4871770441532135,0.5226447566941932,0.526793167619575,0.5010998678396393,0.5115615251075225
1764,AOI-0002,2018-05-31,0.6795908464732733,озимая пшеница,2018,0,1,development,0.5440029501914978,0.6043799519538879,0.6162246890473091,0.6134585899025721,0.6063347410370462,0.6094532330044153
1774,AOI-0002,2018-06-10,0.5969514558472555,озимая пшеница,2018,2,1,development,0.6297774314880371,0.6099366545677185,0.5772462112678093,0.5919235442031849,0.5734128990443376,0.5802997898599839
1796,AOI-0002,2018-07-02,0.4218220994109723,озимая пшеница,2018,1,1,development,0.37225136160850525,0.3629285991191864,0.36541756831682676,0.36683974827738447,0.3696337898366378,0.3683919259906823
1820,AOI-0002,2018-07-26,0.3795811960185909,озимая пшеница,2018,1,1,development,0.29271072149276733,0.298690527677536,0.2993631825116452,0.30369475282788483,0.312322930338691,0.3084913252648578
1822,AOI-0002,2018-07-28,0.5002826252983293,озимая пшеница,2018,2,1,development,0.31662991642951965,0.298690527677536,0.43976742124783863,0.4162509806714425,0.4687418404247104,0.4482055635736262
1838,AOI-0002,2018-08-13,0.3545838663484487,озимая пшеница,2018,2,1,development,0.3339090943336487,0.3449820876121521,0.32311008923922335,0.3270110603071421,0.3510385266564883,0.3408223734495428
1869,AOI-0002,2018-09-13,0.1900187446655848,озимая пшеница,2018,0,1,development,0.2756948173046112,0.22785194218158722,0.18473505779944036,0.18160853322911044,0.20053641324624372,0.1928333813632969
1923,AOI-0002,2019-04-07,0.7558246300715992,озимая пшеница,2019,2,1,development,0.5766217708587646,0.5695129036903381,0.7208870331407822,0.7166435005523253,0.696810813190692,0.7053003404931363
1952,AOI-0002,2019-05-06,0.8864765123182228,озимая пшеница,2019,0,1,development,0.8826534152030945,0.8839703798294067,0.8539719843668128,0.8599756903168162,0.8596177671550889,0.8594327665061354
1962,AOI-0002,2019-05-16,0.9008329959962746,озимая пшеница,2019,0,1,development,0.8977283835411072,0.8948748707771301,0.8758667088773959,0.8889461079346421,0.9079060288285057,0.8992882186422714
1987,AOI-0002,2019-06-10,0.5187619772158338,озимая пшеница,2019,0,1,development,0.5192030668258667,0.615175724029541,0.5779046998307812,0.540786940671744,0.54793625744226,0.5470256814088051
1997,AOI-0002,2019-06-20,0.2253317325727007,озимая пшеница,2019,0,1,development,0.30385181307792664,0.26555562019348145,0.24055274179242844,0.24462288723965642,0.23683076620122662,0.23984710155316152
2047,AOI-0002,2019-08-09,0.2288862115909359,озимая пшеница,2019,0,1,development,0.27199921011924744,0.2843833565711975,0.20640681481947049,0.21181229300515422,0.2085333844869132,0.2095972442302957
2083,AOI-0002,2019-09-14,0.2891387589498807,озимая пшеница,2019,2,1,development,0.2379825860261917,0.2379825860261917,0.3290728412136762,0.3182642753261319,0.29742134603249626,0.3066964670000219
2097,AOI-0002,2019-09-28,0.2624024756746648,озимая пшеница,2019,0,1,development,0.28134697675704956,0.20403660833835602,0.21137288048279224,0.21248351131228593,0.18789043640354108,0.1980632035624452
2108,AOI-0002,2019-10-09,0.3904298683548219,озимая пшеница,2019,1,1,development,0.3330155909061432,0.3558652997016907,0.3285736544206812,0.3358017270582547,0.3434382748622273,0.3398582259013881
2148,AOI-0002,2020-04-19,0.2749713514655707,озимая пшеница,2020,1,1,development,0.36096659302711487,0.31627827882766724,0.292295139858256,0.2981981756620571,0.277234753808335,0.28563044608872223
2159,AOI-0002,2020-04-30,0.2868564038478726,озимая пшеница,2020,0,1,development,0.37914565205574036,0.37914565205574036,0.2865494496772253,0.29129759533222144,0.2860377034539394,0.28796252418107615
2215,AOI-0002,2020-06-25,0.5938925536992841,озимая пшеница,2020,2,1,development,0.6745738387107849,0.676702618598938,0.6328912729692547,0.6332457313075286,0.6083411959411945,0.6186856407262609
2219,AOI-0002,2020-06-29,0.596855086904359,озимая пшеница,2020,0,1,development,0.6660587191581726,0.676702618598938,0.6314584657165426,0.629241234399572,0.6444088642303067,0.6382201025710884
2243,AOI-0002,2020-07-23,0.6597238765593562,озимая пшеница,2020,1,1,development,0.6063730716705322,0.6216237545013428,0.5614062682908876,0.5576935632810225,0.5960751312357603,0.5803089445256127
2254,AOI-0002,2020-08-03,0.6447666884570393,озимая пшеница,2020,0,1,development,0.522968590259552,0.5394338965415955,0.5458207668370471,0.5488644157600963,0.5472044588503993,0.5477259581195015
2260,AOI-0002,2020-08-09,0.6348389841771086,озимая пшеница,2020,1,1,development,0.5798540115356445,0.554412841796875,0.5583853189444196,0.5530176783373777,0.5313127545178006,0.5406439512671835
2292,AOI-0002,2020-09-10,0.2419669074631643,озимая пшеница,2020,1,1,development,0.2992815375328064,0.2847645580768585,0.2771347733250155,0.27325733587270434,0.24552932158092075,0.25728416941276355
2307,AOI-0002,2020-09-25,0.2251555756414325,озимая пшеница,2020,1,1,development,0.1753196269273758,0.18926826119422913,0.2249811609464262,0.22558266855835593,0.23937276197559856,0.23360047919771004
2339,AOI-0002,2020-10-27,0.1645936965811691,озимая пшеница,2020,0,1,development,0.13907821476459503,0.13907821476459503,0.15955411970119066,0.15361614530116816,0.1401424663984777,0.1460799091214593
2364,AOI-0002,2021-04-22,0.2360576377632345,озимая пшеница,2021,1,1,development,0.3086727559566498,0.3086727559566498,0.28205301618514117,0.2930738759699461,0.21641009212464085,0.24770112499640215
2403,AOI-0002,2021-05-31,0.8756969834637286,озимая пшеница,2021,1,1,development,0.8729260563850403,0.8699226379394531,0.8271835229491522,0.8229848622614271,0.8580989611143933,0.8437195808755885
2412,AOI-0002,2021-06-09,0.7014572247508508,озимая пшеница,2021,0,1,development,0.8594105839729309,0.8699226379394531,0.7641757561444438,0.7546895884311492,0.7079382700336453,0.7279217540736234
2442,AOI-0002,2021-07-09,0.2986880202364095,озимая пшеница,2021,0,1,development,0.37034210562705994,0.38010770082473755,0.27964648556260135,0.27900108358687564,0.33572026019433154,0.3121521585553363
2445,AOI-0002,2021-07-12,0.3305386634844869,озимая пшеница,2021,2,1,development,0.31146061420440674,0.3019680380821228,0.31952654175257106,0.30807074220856717,0.31156707168602416,0.3107492763196572
2477,AOI-0002,2021-08-13,0.3186839618138425,озимая пшеница,2021,2,1,development,-0.35529014468193054,-0.11470892280340195,0.3271491829382205,0.3160943841758142,0.2713722231493906,0.29059851614695625
2492,AOI-0002,2021-08-28,0.2524530586193808,озимая пшеница,2021,0,1,development,0.13297124207019806,0.13297124207019806,0.19906210315075784,0.19155094859847915,0.19732435381981828,0.19533952228356
2493,AOI-0002,2021-08-29,0.3167082577565633,озимая пшеница,2021,2,1,development,0.1253684163093567,0.13297124207019806,0.2858556861817101,0.28379132885574043,0.291930908510713,0.28865840561414036
2537,AOI-0002,2021-10-12,-0.0866220366290876,озимая пшеница,2021,0,1,development,0.20031660795211792,0.19434307515621185,0.10502663636558175,0.11981401964695416,0.121974044311516,0.1202525991002501
2615,AOI-0002,2022-05-30,0.8843019840383133,озимая пшеница,2022,0,1,development,0.8865330219268799,0.8870983123779297,0.8557916206074535,0.8629713556773371,0.8620797871948704,0.8620514501422871
2625,AOI-0002,2022-06-09,0.8854163675884887,озимая пшеница,2022,0,1,development,0.7805794477462769,0.8266109824180603,0.8503201310949555,0.8599431276062373,0.8393543952204985,0.847387237913059
2642,AOI-0002,2022-06-26,0.3984877804295944,озимая пшеница,2022,2,1,development,0.39766785502433777,0.37720757722854614,0.4257393424361209,0.4119761973447535,0.43928992081006707,0.42868872873053254
2645,AOI-0002,2022-06-29,0.3185911710606581,озимая пшеница,2022,0,1,development,0.3362870216369629,0.37720757722854614,0.3019427256488649,0.3202713072142971,0.2709219284022688,0.29043943183291004
2651,AOI-0002,2022-07-05,0.266861625159654,озимая пшеница,2022,1,1,development,0.20980198681354523,0.19108985364437103,0.28085072295029523,0.2789356085618921,0.26634393860136385,0.2716905593241993
2706,AOI-0002,2022-08-29,0.3035010978520286,озимая пшеница,2022,2,1,development,0.19127525389194489,0.20411553978919983,0.3225740635046556,0.31221536707374997,0.3263206904613889,0.3210268774326095
2707,AOI-0002,2022-08-30,0.2682129649497946,озимая пшеница,2022,1,1,development,0.20411553978919983,0.20411553978919983,0.2369354560570999,0.24629597098791053,0.24937326269377638,0.2475719578271906
2722,AOI-0002,2022-09-14,0.2793526491646778,озимая пшеница,2022,2,1,development,0.29917052388191223,0.2574952244758606,0.2681953013348469,0.28103317715763465,0.31340743971553453,0.2992206110002559
2725,AOI-0002,2022-09-17,0.1658581139774739,озимая пшеница,2022,0,1,development,0.3151061534881592,0.32072678208351135,0.20034088131941175,0.1954907142384973,0.18742992604762324,0.19105425551014749
2807,AOI-0002,2023-05-09,0.7557539856801911,озимая пшеница,2023,2,1,development,0.4234550893306732,0.4301806092262268,0.63769234111227,0.6508999065406731,0.6697770248033623,0.6611865442201326
2813,AOI-0002,2023-05-15,0.3817547674303744,озимая пшеница,2023,0,1,development,0.4748309552669525,0.46242624521255493,0.3840677461090468,0.40516405243850606,0.39754308445484243,0.39954112401301145
2823,AOI-0002,2023-05-25,0.7584510739856803,озимая пшеница,2023,2,1,development,0.49856171011924744,0.5368815064430237,0.6425326217174151,0.690972635604095,0.5541815473009868,0.6084134763830935
2852,AOI-0002,2023-06-23,0.8355514233330502,озимая пшеница,2023,1,1,development,0.6492385268211365,0.6492385268211365,0.8231412388097632,0.8145111222339272,0.7789758170713368,0.7942440773356367
2898,AOI-0002,2023-08-08,0.6240201369915936,озимая пшеница,2023,0,1,development,0.7135934233665466,0.7080471515655518,0.6859874340160217,0.686884900662107,0.70502450075627,0.697425683978523
2908,AOI-0002,2023-08-18,0.4414340445669833,озимая пшеница,2023,0,1,development,0.44636598229408264,0.37529072165489197,0.4246733865449972,0.42988513473586365,0.41646955810211417,0.4217626249320905
2919,AOI-0002,2023-08-29,0.391390692124105,озимая пшеница,2023,2,1,development,0.3144378066062927,0.3090207576751709,0.39498927657044175,0.3828212219054795,0.39484697626845594,0.39051923190317617
2939,AOI-0002,2023-09-18,0.4019631862061436,озимая пшеница,2023,1,1,development,0.27392157912254333,0.27392157912254333,0.3012081322614078,0.3018688398638307,0.31463615175666176,0.309286212252859
2953,AOI-0002,2023-10-02,0.2505666144925308,озимая пшеница,2023,0,1,development,0.31974583864212036,0.31974583864212036,0.2157528974971683,0.21351218505633432,0.22271719942395973,0.2190111195712422
2985,AOI-0002,2024-04-04,0.5874977172145237,озимая пшеница,2024,0,1,development,0.5626730918884277,0.5626730918884277,0.5639008222082951,0.5597588721680975,0.52512597494531,0.5397690416699348
3034,AOI-0002,2024-05-23,0.6732749722498971,озимая пшеница,2024,1,1,development,0.6520544290542603,0.6608220338821411,0.6586638410928797,0.6575344892765675,0.6799515220561545,0.6706853683101317
3043,AOI-0002,2024-06-01,0.7008638339136513,озимая пшеница,2024,1,1,development,0.6945924162864685,0.6893282532691956,0.679917623255256,0.6667505603108763,0.7124257459167782,0.694150172254649
3066,AOI-0002,2024-06-24,0.4180956295233479,озимая пшеница,2024,1,1,development,0.4239581823348999,0.4239581823348999,0.4143705022693819,0.40797229836761273,0.4144316827948781,0.412099470005498
3091,AOI-0002,2024-07-19,0.2954137509652721,озимая пшеница,2024,1,1,development,0.3018740713596344,0.38466739654541016,0.33908601123520393,0.3355321542761368,0.3226016548684418,0.3281804353809429
3154,AOI-0002,2024-09-20,0.2836660184702738,озимая пшеница,2024,1,1,development,0.2389894425868988,0.2422780841588974,0.2986450377433491,0.2929333205140909,0.29608506488714503,0.29509115956636645
3165,AOI-0002,2024-10-01,0.1704517202700939,озимая пшеница,2024,0,1,development,0.24005244672298431,0.23350714147090912,0.17579664750623894,0.17464573273856582,0.16673920285210783,0.1700935682764743
3170,AOI-0002,2024-10-06,0.1665009436024057,озимая пшеница,2024,0,1,development,0.23459802567958832,0.23350714147090912,0.1826905798117723,0.18031020598383204,0.17338447906323906,0.17639906574986775
3175,AOI-0002,2024-10-11,0.1493649962225353,озимая пшеница,2024,0,1,development,0.22914358973503113,0.23350714147090912,0.16539341292707851,0.15952799983484425,0.16384288870952238,0.16237348355226353
3226,AOI-0003,2010-05-02,0.7271625409062855,озимая пшеница,2010,1,1,development,0.715875506401062,0.7124913334846497,0.6419309245073613,0.6420185102468449,0.6923298018353227,0.6713876053085555
3298,AOI-0003,2010-07-13,0.2623665930643938,озимая пшеница,2010,1,1,development,0.2699253559112549,0.2540239095687866,0.2641652741148058,0.2649600112866098,0.2726037752719071,0.26937857349784067
3314,AOI-0003,2010-07-29,0.2378793345830246,озимая пшеница,2010,1,1,development,0.22642098367214203,0.22330918908119202,0.22614967427784463,0.22985175493144236,0.2313322422411159,0.230510203280215
3345,AOI-0003,2010-08-29,0.1554208190812391,озимая пшеница,2010,1,1,development,0.166647270321846,0.1703215092420578,0.2127171031843744,0.21889522231539824,0.21642083959150982,0.21710691377116767
3353,AOI-0003,2010-09-06,0.1533549041657901,озимая пшеница,2010,1,1,development,0.15862472355365753,0.16153806447982788,0.18282074042632315,0.17538590628007353,0.16772390599534892,0.17132604812696076
3425,AOI-0003,2011-04-18,0.3516602756747672,озимая пшеница,2011,1,1,development,0.3482498526573181,0.36852502822875977,0.35687746478865773,0.3598998404737319,0.3366405444803818,0.3461519124982329
3433,AOI-0003,2011-04-26,0.4100727148673464,озимая пшеница,2011,1,1,development,0.5501721501350403,0.6598256826400757,0.37240648749932465,0.3778357554544818,0.3731891066040743,0.37482083582481296
3458,AOI-0003,2011-05-21,0.6605123458832313,озимая пшеница,2011,1,1,development,0.8289186358451843,0.8310362100601196,0.8070835704026819,0.8011284393250797,0.7852628644978598,0.7921966623809558
3529,AOI-0003,2011-07-31,0.2523394744714264,озимая пшеница,2011,1,1,development,0.23215031623840332,0.256595253944397,0.21472830450231561,0.21554982136997286,0.20672910585731583,0.21035419945952594
3538,AOI-0003,2011-08-09,0.1748820645269056,озимая пшеница,2011,1,1,development,0.2045314610004425,0.22898942232131958,0.2016279563793064,0.20214102433998873,0.1871762920834262,0.19337540980076245
3562,AOI-0003,2011-09-02,0.2122027292641311,озимая пшеница,2011,1,1,development,0.26804250478744507,0.2545824348926544,0.20133342523690378,0.20244209242699546,0.20122343004671925,0.20166891427835745
3672,AOI-0003,2012-05-22,0.2846601162922623,озимая пшеница,2012,1,1,development,0.4944303631782532,0.43510329723358154,0.3300493193170379,0.3313689944247488,0.3439858317270813,0.3386618584102313
3681,AOI-0003,2012-05-31,0.4443909256966844,озимая пшеница,2012,1,1,development,0.618556559085846,0.6334637403488159,0.5231757152738692,0.523272334466773,0.4946538051482012,0.5065581913730842
3722,AOI-0003,2012-07-11,0.7417998091603052,озимая пшеница,2012,2,1,development,0.7551650404930115,0.7545568943023682,0.6695806621240485,0.6637393953173741,0.662249621283019,0.6631945158511336
3800,AOI-0003,2012-09-27,0.1743343923841034,озимая пшеница,2012,1,1,development,0.18755660951137543,0.18775683641433716,0.19688029504415852,0.1934118078555761,0.17832746580663042,0.18479783130835703
3802,AOI-0003,2012-09-29,0.2807935496183206,озимая пшеница,2012,2,1,development,0.18795707821846008,0.18775683641433716,0.3040322941019014,0.29776942025130393,0.3039258954457279,0.3017122123741678
3872,AOI-0003,2013-05-09,0.8256050268289432,озимая пшеница,2013,1,1,development,0.7861940264701843,0.7907784581184387,0.7871454287546492,0.7876914447918877,0.8044454058456838,0.7974427797026917
3913,AOI-0003,2013-06-19,0.2805731053871426,озимая пшеница,2013,1,1,development,0.39509931206703186,0.31634262204170227,0.3272288920518638,0.33658641076932677,0.35061698293419624,0.3442575759709572
3921,AOI-0003,2013-06-27,0.2292488363838143,озимая пшеница,2013,1,1,development,0.21324670314788818,0.21898570656776428,0.279679746703328,0.2804583209165737,0.24609696472478862,0.26035332706649233
4032,AOI-0003,2013-10-16,0.210549047817493,озимая пшеница,2013,1,1,development,0.3225090801715851,0.33186736702919006,0.3334749907756128,0.3413313997336739,0.3612761317724781,0.35253901247588026
4040,AOI-0003,2013-10-24,0.4381569937970834,озимая пшеница,2013,1,1,development,0.39737531542778015,0.33186736702919006,0.3890247606250272,0.397758225734681,0.39391717267791143,0.39502985482611647
4073,AOI-0003,2014-04-27,0.8262811695061895,озимая пшеница,2014,1,1,development,0.8752234578132629,0.8740556836128235,0.8230277013552565,0.8203007307111078,0.832536878694277,0.8275964234870072
4080,AOI-0003,2014-05-04,0.8624988914005352,озимая пшеница,2014,1,1,development,0.8731799125671387,0.8740556836128235,0.8297071688872969,0.8439628010703532,0.8530511264294374,0.8484760085594429
4113,AOI-0003,2014-06-06,0.5728154500454371,озимая пшеница,2014,1,1,development,0.6401353478431702,0.5903622508049011,0.6085230363723293,0.6121502413937673,0.6082432425044564,0.6096674008860008
4117,AOI-0003,2014-06-10,0.4907891221374045,озимая пшеница,2014,2,1,development,0.5737712383270264,0.5903622508049011,0.42061701839159876,0.4278331846574016,0.43892056923912004,0.4339050975893009
4149,AOI-0003,2014-07-12,0.3002469083969465,озимая пшеница,2014,2,1,development,0.26472243666648865,0.2641070783138275,0.28538820179815894,0.2945094107953843,0.2880345696932969,0.2902217494175381
4161,AOI-0003,2014-07-24,0.2676522484551689,озимая пшеница,2014,1,1,development,0.28094029426574707,0.26324495673179626,0.21434781518937032,0.2166566723569504,0.2233313518684269,0.22042521803068788
4192,AOI-0003,2014-08-24,0.2139687485299509,озимая пшеница,2014,1,1,development,0.15470817685127258,0.18429988622665405,0.19870940668483028,0.19558462064957652,0.1928258639571646,0.19414775020150832
4304,AOI-0003,2015-05-15,0.2952625967813761,озимая пшеница,2015,1,1,development,0.39563605189323425,0.38155093789100647,0.2878378374122271,0.28421018401970544,0.2686700761089673,0.2753389646363199
4328,AOI-0003,2015-06-08,0.5880267366087095,озимая пшеница,2015,1,1,development,0.5971477627754211,0.5596088171005249,0.5707354271653432,0.5846186088069192,0.593563673058407,0.5890688914246566
4337,AOI-0003,2015-06-17,0.6565673548500068,озимая пшеница,2015,1,1,development,0.6833903789520264,0.6841917037963867,0.6708752308365101,0.6510107110212094,0.6675364026214652,0.6617640953102688
4369,AOI-0003,2015-07-19,0.8182261161942891,озимая пшеница,2015,1,1,development,0.6881058216094971,0.6881058216094971,0.7641048209071245,0.7636035188058587,0.7775939021594644,0.771799610704365
4377,AOI-0003,2015-07-27,0.6987665235965836,озимая пшеница,2015,1,1,development,0.6483415961265564,0.6483415961265564,0.643381824911931,0.638060274721194,0.6721773456929336,0.6582753441908924
4401,AOI-0003,2015-08-20,0.3931575601778963,озимая пшеница,2015,1,1,development,0.35296162962913513,0.35296162962913513,0.37677490412260795,0.3754110779994151,0.36727739544927074,0.3707381347819626
4472,AOI-0003,2015-10-30,0.2077440699528937,озимая пшеница,2015,1,1,development,0.22890464961528778,0.22890464961528778,0.2113750514449269,0.2092662544689882,0.1991384603837659,0.2034704988900506
4496,AOI-0003,2016-04-24,0.7251583046914452,озимая пшеница,2016,1,1,development,0.7634650468826294,0.7854214310646057,0.7155006366234963,0.7123012099358631,0.7275139038541175,0.7213610225235387
4510,AOI-0003,2016-05-08,0.8349970992366412,озимая пшеница,2016,2,1,development,0.7806119322776794,0.7916249632835388,0.8244906664272322,0.825329350365091,0.8062375683205,0.8141360686432997
4583,AOI-0003,2016-07-20,0.1879825238395451,озимая пшеница,2016,1,1,development,0.22500452399253845,0.22500452399253845,0.20759306471071393,0.2044533137019087,0.21357684981590802,0.2099546860480641
4624,AOI-0003,2016-08-30,0.1531166399066581,озимая пшеница,2016,1,1,development,0.2024778574705124,0.1845007687807083,0.18214801846777956,0.1774102847724953,0.17790452382618127,0.1779623769455433
4638,AOI-0003,2016-09-13,0.2236256870229007,озимая пшеница,2016,2,1,development,0.2157670259475708,0.218546062707901,0.2200190474322943,0.21561016077117343,0.23996193738203153,0.23007305126286895
4672,AOI-0003,2016-10-17,0.1843287144097725,озимая пшеница,2016,1,1,development,0.5083003044128418,0.3702220320701599,0.319620056213436,0.31746791437097016,0.3866236533105653,0.35796381834520946
4701,AOI-0003,2017-04-16,0.194217074038804,озимая пшеница,2017,0,1,development,0.25382763147354126,0.27935919165611267,0.18318738953849653,0.18672637869991932,0.17968018681332992,0.1824156448225
4721,AOI-0003,2017-05-06,0.1942677715263807,озимая пшеница,2017,0,1,development,0.45026400685310364,0.4064864218235016,0.21543377015027423,0.2180808366221605,0.2509313655155146,0.23711319327173547
4740,AOI-0003,2017-05-25,0.6234704580152671,озимая пшеница,2017,2,1,development,0.36292582750320435,0.35551533102989197,0.629492633612299,0.6204610659354833,0.6513889336850256,0.6390205042832175
4778,AOI-0003,2017-07-02,0.8779224226063104,озимая пшеница,2017,0,1,development,0.8680795431137085,0.8180843591690063,0.8043983218020921,0.8071326965982726,0.8537126764406785,0.8341760601325217
4811,AOI-0003,2017-08-04,0.7957038487969956,озимая пшеница,2017,0,1,development,0.79909348487854,0.8038891553878784,0.7791011875837784,0.7829289174649338,0.816711621405882,0.8024398456565818
4816,AOI-0003,2017-08-09,0.7032534171707443,озимая пшеница,2017,0,1,development,0.6179931163787842,0.6290746331214905,0.6534447488077634,0.6565171277528716,0.669442367810251,0.6638925579175587
4824,AOI-0003,2017-08-17,0.413033524624805,озимая пшеница,2017,1,1,development,0.4534536302089691,0.42800605297088623,0.4456176150580291,0.4437367539204301,0.398477733146783,0.4174171488096341
4839,AOI-0003,2017-09-01,0.4243396101239478,озимая пшеница,2017,1,1,development,0.3551223874092102,0.35186970233917236,0.37831698107913464,0.38882245901163764,0.39418027903105834,0.39136623173909235
4855,AOI-0003,2017-09-17,0.3761021384210807,озимая пшеница,2017,1,1,development,0.3134094774723053,0.31589528918266296,0.3633770465664071,0.3683172787099537,0.3635822185670908,0.36527794294991467
4872,AOI-0003,2017-10-04,0.2038164085340205,озимая пшеница,2017,1,1,development,0.2351049780845642,0.2537759840488434,0.23590060496699145,0.24898627165103815,0.2250905720648378,0.23430701875224166
4929,AOI-0003,2018-05-01,0.8119667679371558,озимая пшеница,2018,0,1,development,0.7938888669013977,0.8017339110374451,0.8048007837516322,0.7978529271493565,0.8201742983079789,0.8112716053499491
4967,AOI-0003,2018-06-08,0.5406931814749518,озимая пшеница,2018,1,1,development,0.46862712502479553,0.506975531578064,0.5051511614059806,0.5122254291167299,0.4975901648420721,0.5032872100096921
4975,AOI-0003,2018-06-16,0.363482851039424,озимая пшеница,2018,1,1,development,0.29632797837257385,0.2777782678604126,0.3437053792361337,0.34836447354871064,0.3767949010774942,0.3647042608876412
5024,AOI-0003,2018-08-04,0.2133339067676601,озимая пшеница,2018,1,1,development,0.3282220959663391,0.32272592186927795,0.22769030946248925,0.2347822907228294,0.20553066125215758,0.21730940301942156
5039,AOI-0003,2018-08-19,0.2195821643055294,озимая пшеница,2018,1,1,development,0.2058572620153427,0.23623189330101013,0.22472654980397935,0.23213893895551735,0.22331787334241435,0.22657649951352593
5047,AOI-0003,2018-08-27,0.1675843398546272,озимая пшеница,2018,1,1,development,0.21697430312633514,0.20700278878211975,0.1879725951019954,0.18379794732903862,0.17568544063803535,0.17929371770603714
5069,AOI-0003,2018-09-18,0.1778302598374925,озимая пшеница,2018,0,1,development,0.2302851527929306,0.2374349981546402,0.1844977018848969,0.18102036125631563,0.18216899050836433,0.18188440692459276
5072,AOI-0003,2018-09-21,0.1619825084631409,озимая пшеница,2018,1,1,development,0.2090565264225006,0.18826964497566223,0.17382757056457276,0.17683561851858215,0.1631032529683081,0.16865073271319775
5089,AOI-0003,2018-10-08,0.1982125908902742,озимая пшеница,2018,0,1,development,0.20676477253437042,0.2267296314239502,0.20237027828223536,0.21499784982069017,0.2163132965516183,0.21506346532879703
5120,AOI-0003,2019-04-09,0.7691538389974466,озимая пшеница,2019,1,1,development,0.8451526165008545,0.8594561219215393,0.7661197359296031,0.7704942087815517,0.8084993806299715,0.7924399890745095
5122,AOI-0003,2019-04-11,0.6775298278867511,озимая пшеница,2019,0,1,development,0.8508740067481995,0.8594561219215393,0.6716397840608118,0.7141686860361808,0.7142546154951036,0.7118532120354446
5149,AOI-0003,2019-05-08,0.8697132120718771,озимая пшеница,2019,0,1,development,0.9123687148094177,0.9124286770820618,0.8978412987476939,0.8971072063284979,0.8963191283589402,0.8966879248310997
5172,AOI-0003,2019-05-31,0.8760852173791011,озимая пшеница,2019,0,1,development,0.874438464641571,0.8831796646118164,0.8779813700198624,0.8912023720861336,0.8694243138209986,0.8777519643151286
5198,AOI-0003,2019-06-26,0.3503574809160305,озимая пшеница,2019,2,1,development,0.24553674459457397,0.24553674459457397,0.3478391226839533,0.3393395950636203,0.3400851596305746,0.340247669657905
5200,AOI-0003,2019-06-28,0.3197168812448669,озимая пшеница,2019,1,1,development,0.23971767723560333,0.24298794567584991,0.2823114201624165,0.2767317708622805,0.30858754738700156,0.2956409527830271
5208,AOI-0003,2019-07-06,0.23499801448585,озимая пшеница,2019,1,1,development,0.1823786050081253,0.1823786050081253,0.2478588416155124,0.23576807424354676,0.23815939911041958,0.23783677726258376
5222,AOI-0003,2019-07-20,0.1559026015990522,озимая пшеница,2019,0,1,development,0.131900355219841,0.12557730078697205,0.1671409779859428,0.16694013210520464,0.13398434140313312,0.14771024945321437
5240,AOI-0003,2019-08-07,0.3383295609182435,озимая пшеница,2019,1,1,development,0.2825794816017151,0.3039373457431793,0.3621787338001991,0.3576574372184314,0.3483928032706286,0.352499826645044
5282,AOI-0003,2019-09-18,0.1595484972299477,озимая пшеница,2019,0,1,development,0.2409726083278656,0.16246946156024933,0.19925532577211363,0.1652360333283931,0.18877669663368232,0.18087242004761206
5289,AOI-0003,2019-09-25,0.3789945371945857,озимая пшеница,2019,0,1,development,0.087174192070961,0.11414387822151184,0.3675119161875242,0.3416733841795204,0.3130084317865974,0.3263747637138891
5311,AOI-0003,2019-10-17,0.4067744095022099,озимая пшеница,2019,1,1,development,0.3263395428657532,0.21632863581180573,0.3956416674488011,0.40044102878728643,0.36800071575317667,0.38123397151333827
5312,AOI-0003,2019-10-18,0.0018150797731122,озимая пшеница,2019,0,1,development,0.21632863581180573,0.21632863581180573,0.3927719647054368,0.39628723619902206,0.338046826978981,0.3620883633672123
5327,AOI-0003,2020-04-03,0.1830987052853596,озимая пшеница,2020,1,1,development,0.21697688102722168,0.24258415400981903,0.21485735952128004,0.21091508577866744,0.2173771633395848,0.2149072202164633
5334,AOI-0003,2020-04-10,0.1906952625840764,озимая пшеница,2020,0,1,development,0.2319791316986084,0.2294544130563736,0.20842247147086404,0.1992151290656979,0.21413417998558357,0.20843768636151447
5439,AOI-0003,2020-07-24,0.2046141129373622,озимая пшеница,2020,0,1,development,0.25740954279899597,0.267690509557724,0.1816075808571721,0.18060748283138536,0.1930464120401822,0.18792551209100244
5454,AOI-0003,2020-08-08,0.2285176048989852,озимая пшеница,2020,0,1,development,0.2640223503112793,0.29190289974212646,0.2328594674234633,0.24054059633115282,0.24668947555377754,0.24370332720090299
5462,AOI-0003,2020-08-16,0.1958030571053149,озимая пшеница,2020,1,1,development,0.2667490541934967,0.2667490541934967,0.274595084469362,0.27442099550155186,0.25340636047617315,0.26216140164856244
5484,AOI-0003,2020-09-07,0.1569311429389366,озимая пшеница,2020,0,1,development,0.16279654204845428,0.16156376898288727,0.15913167105109305,0.15162362735054444,0.1609918656692057,0.15751085124876463
5502,AOI-0003,2020-09-25,0.2158462398889264,озимая пшеница,2020,1,1,development,0.15285196900367737,0.15285196900367737,0.2119161250803758,0.20238520761654372,0.2001968988371952,0.20163772703404106
5510,AOI-0003,2020-10-03,0.1488763611066799,озимая пшеница,2020,1,1,development,0.20299485325813293,0.20299485325813293,0.15078439858388476,0.15813130956858795,0.1533340403643194,0.15492178339749324
5516,AOI-0003,2020-10-09,0.1721519343782915,озимая пшеница,2020,0,1,development,0.19461970031261444,0.19461970031261444,0.17406420409987367,0.1715991602883372,0.1658955652506693,0.16840626465191805
5522,AOI-0003,2020-10-15,0.2322220162224797,озимая пшеница,2020,2,1,development,0.15216970443725586,0.15159615874290466,0.22049107491547576,0.2177977215426119,0.2212461324904488,0.21996087312782517
5527,AOI-0003,2020-10-20,0.2412918859475168,озимая пшеница,2020,1,1,development,0.1716650277376175,0.1716650277376175,0.21920210238608165,0.21171198198015362,0.21283549067794094,0.21278456950537267
5534,AOI-0003,2020-10-27,0.1618985414795227,озимая пшеница,2020,0,1,development,0.1716650277376175,0.1716650277376175,0.1643373804359905,0.1616450667738651,0.15418734327535222,0.15744067476246867
5536,AOI-0003,2020-10-29,0.0384040393372998,озимая пшеница,2020,0,1,development,0.1716650277376175,0.1716650277376175,0.030063240453471973,0.027543971999368623,0.04627993322004566,0.03862299117503927
5552,AOI-0003,2021-04-15,0.134763435469376,озимая пшеница,2021,0,1,development,0.4347120523452759,0.4429105520248413,0.2583039777318513,0.24679374980467997,0.29271247367233416,0.2742433897979078
5566,AOI-0003,2021-04-29,0.4839306009269671,озимая пшеница,2021,1,1,development,0.6281397342681885,0.6370370388031006,0.46006871455968085,0.5069563491867858,0.4795074313764814,0.4883223564305048
5572,AOI-0003,2021-05-05,0.5449791091572151,озимая пшеница,2021,0,1,development,0.6281490325927734,0.6281490325927734,0.6242307653738184,0.6292170505586954,0.5999428478744344,0.6118481116308683
5609,AOI-0003,2021-06-11,0.8376319750058923,озимая пшеница,2021,0,1,development,0.7299200296401978,0.7644822001457214,0.8115932754167574,0.7836280588061629,0.7887383938725068,0.7881672470230553
5630,AOI-0003,2021-07-02,0.4145922132258269,озимая пшеница,2021,1,1,development,0.40703368186950684,0.3420589864253998,0.3476151016939838,0.3558277817329349,0.3887682067498305,0.3746030399770379
5631,AOI-0003,2021-07-03,0.4999771244677407,озимая пшеница,2021,1,1,development,0.385375440120697,0.3420589864253998,0.36903990127409675,0.3808083585166829,0.41023221395212894,0.39733269935410637
5642,AOI-0003,2021-07-14,0.2181290226849835,озимая пшеница,2021,0,1,development,0.2548576295375824,0.2548576295375824,0.20720558755948495,0.21291530542312526,0.21936438324577298,0.21636296407099764
5703,AOI-0003,2021-09-13,0.2151385547382227,озимая пшеница,2021,1,1,development,0.2672692835330963,0.24318401515483856,0.23124875093616734,0.22935900313073848,0.21083620838534575,0.21864968877029495
5707,AOI-0003,2021-09-17,0.2079819334660036,озимая пшеница,2021,0,1,development,0.2429778128862381,0.2429778128862381,0.20324449823377772,0.20768417944148324,0.20062071406754994,0.20331326010598516
5722,AOI-0003,2021-10-02,0.2309584234630096,озимая пшеница,2021,0,1,development,0.2944786250591278,0.28408193588256836,0.23757319965306184,0.2493870244779109,0.24578998535888813,0.2466297766731696
5727,AOI-0003,2021-10-07,0.1660500513577028,озимая пшеница,2021,0,1,development,0.21877466142177582,0.15054021775722504,0.22889270054084676,0.23743642757811517,0.24129028960954935,0.23921124398345323
5752,AOI-0003,2022-04-02,0.3498773064143188,озимая пшеница,2022,0,1,development,0.26998892426490784,0.26998892426490784,0.3660103239344704,0.3601639846788811,0.3483155033341749,0.3535715138809372
5760,AOI-0003,2022-04-10,0.4311323015676957,озимая пшеница,2022,0,1,development,0.5252448916435242,0.5704686045646667,0.4431273939033468,0.447010715158474,0.44376426733578433,0.44489928740198925
5830,AOI-0003,2022-06-19,0.1979688796115471,озимая пшеница,2022,0,1,development,0.22333471477031708,0.23018737137317657,0.19677863448201527,0.19262938605215532,0.18858477215682345,0.1904987601251822
5831,AOI-0003,2022-06-20,0.2844013453780441,озимая пшеница,2022,1,1,development,0.21990838646888733,0.23018737137317657,0.2802204211586053,0.28099396256708575,0.2615867583569237,0.2696201468855579
5837,AOI-0003,2022-06-26,0.3818303816793892,озимая пшеница,2022,2,1,development,0.22504012286663055,0.22575074434280396,0.37072738731801025,0.3497877426171369,0.37768279042207664,0.3672388652552247
5885,AOI-0003,2022-08-13,0.4236499126655639,озимая пшеница,2022,0,1,development,0.44853276014328003,0.43418964743614197,0.4452979712880422,0.43461420283572166,0.4358801338104763,0.4359475874777847
5901,AOI-0003,2022-08-29,0.4139397709923664,озимая пшеница,2022,2,1,development,0.3345351815223694,0.3345351815223694,0.3780645613623526,0.39235568757932915,0.3664140027564294,0.37641484468366193
5903,AOI-0003,2022-08-31,0.3818570438576957,озимая пшеница,2022,1,1,development,0.33919164538383484,0.33707642555236816,0.36621083490342066,0.36418828963309857,0.36002792956088714,0.36187178942010373
5904,AOI-0003,2022-09-01,0.3328859363658134,озимая пшеница,2022,1,1,development,0.3349612057209015,0.33707642555236816,0.31064489877073886,0.32313137019136795,0.3525493404731682,0.3396123359273975
5911,AOI-0003,2022-09-08,0.348032347406483,озимая пшеница,2022,1,1,development,0.3020589053630829,0.3020589053630829,0.3293156248247921,0.3322860080056659,0.34527079887540696,0.3397018800302474
5918,AOI-0003,2022-09-15,0.4109149768814911,озимая пшеница,2022,1,1,development,0.2731255292892456,0.2715841829776764,0.31978986557886635,0.32545733312522884,0.3282218585390542,0.3267561365485519
5986,AOI-0003,2023-04-23,0.8413641221374045,озимая пшеница,2023,2,1,development,0.7563488483428955,0.703342616558075,0.7906387361132513,0.7940948118025285,0.8191297927718453,0.8085191037617473
6008,AOI-0003,2023-05-15,0.8555661190809631,озимая пшеница,2023,0,1,development,0.8503803014755249,0.8503803014755249,0.8705983965191008,0.8762947128144916,0.8576512127270715,0.865092955266857
6013,AOI-0003,2023-05-20,0.8591422553410847,озимая пшеница,2023,0,1,development,0.8473105430603027,0.8424654603004456,0.8726525466374577,0.8845908945086821,0.8331434375279247,0.8538895206232537
6046,AOI-0003,2023-06-22,0.7263418405322805,озимая пшеница,2023,1,1,development,0.7468084096908569,0.7699633836746216,0.6885993468913324,0.6966643600584294,0.7334638660912149,0.7177009351050694
6063,AOI-0003,2023-07-09,0.363996112358432,озимая пшеница,2023,1,1,development,0.30906498432159424,0.30906498432159424,0.26700990186637735,0.2562555719743984,0.2381865269973678,0.24630426369097744
6078,AOI-0003,2023-07-24,0.1453603041897727,озимая пшеница,2023,0,1,development,0.30548709630966187,0.31777331233024597,0.23670567371086798,0.24735889581038034,0.24243588318213116,0.2438920435653716
6083,AOI-0003,2023-07-29,0.1820744254232689,озимая пшеница,2023,0,1,development,0.26928138732910156,0.25783681869506836,0.20552042446368415,0.20751809993204168,0.20530050883449105,0.2061122522971393
6094,AOI-0003,2023-08-09,0.3546913136315902,озимая пшеница,2023,1,1,development,0.1769360452890396,0.1777074933052063,0.23747975437706598,0.23808977200455364,0.22483833232136635,0.2303190610134787
6127,AOI-0003,2023-09-11,0.2194378696026373,озимая пшеница,2023,1,1,development,0.23777644336223602,0.22936752438545227,0.22211670480996537,0.2267852432978518,0.23429508188563358,0.23091013614987288
6128,AOI-0003,2023-09-12,0.1862430176555798,озимая пшеница,2023,0,1,development,0.2545942962169647,0.22936752438545227,0.18956670563588293,0.18059671839216476,0.18570949183959873,0.18408073255232504
6146,AOI-0003,2023-09-30,0.3034008015267175,озимая пшеница,2023,2,1,development,0.3215579688549042,0.2903275489807129,0.3091917416052705,0.3397343160557104,0.33714100763464944,0.3365213158964335
6148,AOI-0003,2023-10-02,0.1465519890083416,озимая пшеница,2023,0,1,development,0.2799173891544342,0.2903275489807129,0.23529207616746078,0.23477319344953465,0.2559936156133741,0.2471914810898309
6162,AOI-0003,2023-10-16,0.2435769183601452,озимая пшеница,2023,1,1,development,0.14035241305828094,0.19220536947250366,0.3195468166114643,0.3289590812185097,0.2666435958512403,0.29205298137372726
6257,AOI-0003,2024-06-20,0.2073164286116075,озимая пшеница,2024,0,1,development,0.19940529763698578,0.19225871562957764,0.1961541042010451,0.19701420028550762,0.19831190276290137,0.1977240143345132
6272,AOI-0003,2024-07-05,0.161629703141557,озимая пшеница,2024,0,1,development,0.14072178304195404,0.13972491025924683,0.1363487403849337,0.13398195053411788,0.1312074029393093,0.13249369759453017
6309,AOI-0003,2024-08-11,0.2211185146185835,озимая пшеница,2024,1,1,development,0.20688173174858093,0.23534776270389557,0.23653580315953437,0.25123040590309215,0.24304203272543082,0.24563229185745233
6320,AOI-0003,2024-08-22,0.1285259986020827,озимая пшеница,2024,0,1,development,0.21051478385925293,0.2122432142496109,0.14902558749947833,0.15309492006280517,0.15756337575119095,0.15547744892634838
6322,AOI-0003,2024-08-24,0.4101390083914804,озимая пшеница,2024,0,1,development,0.2122432142496109,0.2122432142496109,0.15354882861609492,0.15611272112384264,0.1485124573480119,0.15153273460279154
6332,AOI-0003,2024-09-03,0.1647697609485424,озимая пшеница,2024,0,1,development,0.22936181724071503,0.22366942465305328,0.1715613404808306,0.18364807131317945,0.15162408175670056,0.1642787268326472
6341,AOI-0003,2024-09-12,0.2032152853905152,озимая пшеница,2024,1,1,development,0.15924149751663208,0.15924149751663208,0.21529794025150414,0.21660988229922165,0.20772862809847614,0.21135163562108344
6345,AOI-0003,2024-09-16,0.1718710449784461,озимая пшеница,2024,0,1,development,0.1585720032453537,0.16056674718856812,0.16315144341593915,0.15738626402190667,0.15394103653731117,0.15569547165154013
6355,AOI-0003,2024-09-26,0.1620991275921163,озимая пшеница,2024,0,1,development,0.16539797186851501,0.16570480167865753,0.16200667091886392,0.16089199858641245,0.16599173367158385,0.1639314534179005
6360,AOI-0003,2024-10-01,0.1828279517121984,озимая пшеница,2024,0,1,development,0.22960102558135986,0.22960102558135986,0.1804030677760115,0.17478552998105962,0.19592896874100452,0.18744248077371922
6365,AOI-0003,2024-10-06,0.1603758562449013,озимая пшеница,2024,0,1,development,0.2113821804523468,0.21696271002292633,0.18372453888386833,0.17953321087237176,0.18889498774040409,0.1852321720635771
6382,AOI-0003,2024-10-23,0.2175546971595158,озимая пшеница,2024,0,1,development,0.19730201363563538,0.20936806499958038,0.1947566375465892,0.19381115120814288,0.2051881757953216,0.20050615563683255
6428,AOI-0004,2010-05-09,0.4641739677296405,озимая пшеница,2010,2,1,development,0.3748721778392792,0.3845977187156677,0.49908713680627137,0.48745917866807126,0.5109954645519948,0.5018475057601062
6444,AOI-0004,2010-05-25,0.6401006606530302,озимая пшеница,2010,2,1,development,0.44590914249420166,0.44473108649253845,0.5572464126983179,0.5283253711238138,0.5648928420193694,0.5512837997930767
6492,AOI-0004,2010-07-12,0.5185709931343279,озимая пшеница,2010,1,1,development,0.49303168058395386,0.5036986470222473,0.5502690343476121,0.5399717577320702,0.49927153954653025,0.5167819419037404
6565,AOI-0004,2010-09-23,0.3743902179160865,озимая пшеница,2010,1,1,development,0.3721165060997009,0.3728111982345581,0.3156599696443095,0.30788137505950586,0.33375129508103957,0.32341806299834064
6689,AOI-0004,2011-06-26,0.6175017786812347,озимая пшеница,2011,2,1,development,0.5112379193305969,0.5377551317214966,0.5769874422120925,0.5624130965411548,0.5380101151550231,0.5489762407914409
6732,AOI-0004,2011-08-08,0.185498532709123,озимая пшеница,2011,1,1,development,0.21424639225006104,0.21501310169696808,0.23996771532242636,0.23597455396071143,0.23884622480432258,0.2378732800553
6769,AOI-0004,2011-09-14,0.4432456358785414,озимая пшеница,2011,2,1,development,0.28241434693336487,0.29659900069236755,0.3914526935565871,0.37418998756847327,0.36268452497123144,0.3684328145753647
6801,AOI-0004,2011-10-16,0.3993216363867362,озимая пшеница,2011,2,1,development,0.20424844324588776,0.2300293743610382,0.37141079556844203,0.3666045475182465,0.36646900206663824,0.36679275458866256
6821,AOI-0004,2012-04-06,0.4190687841443272,озимая пшеница,2012,2,1,development,0.30718615651130676,0.46907922625541687,0.39610004485132955,0.37746455340682084,0.4057226041982087,0.39499944623740907
6853,AOI-0004,2012-05-08,0.699766751365773,озимая пшеница,2012,2,1,development,0.6645231246948242,0.6607984304428101,0.6889942003111996,0.6937839328845581,0.7118804032587784,0.704083030309278
6963,AOI-0004,2012-08-26,0.4691774426585384,озимая пшеница,2012,1,1,development,0.5020217299461365,0.5042386054992676,0.3819687875284901,0.3939127513210841,0.3793373431183908,0.38473860506463875
7013,AOI-0004,2012-10-15,0.3570176597636894,озимая пшеница,2012,2,1,development,0.30960506200790405,0.30960506200790405,0.37240321556636236,0.3907388040051521,0.35804455683583725,0.37063054458005307
7051,AOI-0004,2013-04-23,0.5298144454326007,озимая пшеница,2013,2,1,development,0.35531333088874817,0.35531333088874817,0.500552317848178,0.48399296455106544,0.5053414449410184,0.4973782593642977
7179,AOI-0004,2013-08-29,0.4435340617456485,озимая пшеница,2013,2,1,development,0.581756591796875,0.5692577362060547,0.48399984870958757,0.4736524426754128,0.47614486842382886,0.4756831995017824
7219,AOI-0004,2013-10-08,0.3595522436020809,озимая пшеница,2013,1,1,development,0.36996760964393616,0.36996760964393616,0.4085314733475751,0.39783280612602095,0.39010697229322844,0.3939172277748869
7259,AOI-0004,2014-04-18,0.4507042134534759,озимая пшеница,2014,1,1,development,0.5596088767051697,0.5158520936965942,0.403437330140557,0.40529935758163643,0.4457720014710576,0.4288255108589588
7291,AOI-0004,2014-05-20,0.752843670931427,озимая пшеница,2014,1,1,development,0.7476485371589661,0.7555448412895203,0.7977058238635608,0.8013632475917395,0.782815313852382,0.7903306980406377
7323,AOI-0004,2014-06-21,0.6721292216077176,озимая пшеница,2014,1,1,development,0.6139456629753113,0.6264304518699646,0.6537964976070952,0.6540130154429418,0.6310237676860143,0.6405788277029042
7371,AOI-0004,2014-08-08,0.4173931025211371,озимая пшеница,2014,1,1,development,0.3978097140789032,0.39450356364250183,0.4002241741302269,0.4016256926237922,0.4069775240657929,0.4046723709741903
7427,AOI-0004,2014-10-03,0.288450816712732,озимая пшеница,2014,1,1,development,0.3300268352031708,0.32887667417526245,0.28852810962739495,0.2929910779220929,0.2785395153107975,0.28430536389493277
7461,AOI-0004,2015-04-07,0.368298577055012,озимая пшеница,2015,2,1,development,-0.08814885467290878,0.02397761680185795,0.3347620282650174,0.3244280494037873,0.3612357286760118,0.3464928287154907
7477,AOI-0004,2015-04-23,0.4933280904586456,озимая пшеница,2015,2,1,development,0.4385913908481598,0.4956996440887451,0.46710248153009315,0.46867057933250544,0.5267856449579084,0.5025135117843751
7515,AOI-0004,2015-05-31,0.7197215858445012,озимая пшеница,2015,1,1,development,0.7843871712684631,0.7850608825683594,0.7709287528337753,0.7731548575170589,0.7631121471082577,0.7671676513884119
7587,AOI-0004,2015-08-11,0.5192869528383628,озимая пшеница,2015,1,1,development,0.5054411888122559,0.49995458126068115,0.5097737008559823,0.5133418419319445,0.5059569703207027,0.5088317502294835
7673,AOI-0004,2016-04-06,0.5483669800533604,озимая пшеница,2016,2,1,development,0.36851203441619873,0.36851203441619873,0.5343103874632296,0.5275219240338317,0.5331014615137032,0.5311571098800474
7699,AOI-0004,2016-05-02,0.6165485345169495,озимая пшеница,2016,1,1,development,0.7153360247612,0.6914384365081787,0.6727378828625898,0.6757333031058697,0.6733357084381394,0.6741668624646973
7746,AOI-0004,2016-06-18,0.6998255812855607,озимая пшеница,2016,1,1,development,0.8117488026618958,0.8117488026618958,0.7900971604888914,0.7873600636252679,0.7660081706676328,0.7750461293126518
7753,AOI-0004,2016-06-25,0.7083064794816416,озимая пшеница,2016,2,1,development,0.7518917918205261,0.8117488026618958,0.702597793797927,0.6964567890708047,0.6456284187881579,0.6671225181233338
7866,AOI-0004,2016-10-16,0.3266649796924308,озимая пшеница,2016,1,1,development,0.37466150522232056,0.37466150522232056,0.3891480798492056,0.388466200798217,0.3774020356362813,0.38204437877658454
7881,AOI-0004,2017-04-01,0.1674125582215937,озимая пшеница,2017,0,1,development,0.2386159747838974,0.2386159747838974,0.20193818424225693,0.1985944719711972,0.20174978276346747,0.20062267447031684
8002,AOI-0004,2017-07-31,0.5969945198471792,озимая пшеница,2017,1,1,development,0.5351074934005737,0.5329124331474304,0.5390863724473547,0.5311452349552219,0.5358830239285849,0.5343530874011837
8015,AOI-0004,2017-08-13,0.4285752509211028,озимая пшеница,2017,2,1,development,0.46590954065322876,0.4751797616481781,0.4616565160509527,0.47529354355814046,0.49287330365745685,0.484798837352282
8051,AOI-0004,2017-09-18,0.5253233594726614,озимая пшеница,2017,0,1,development,0.5390371680259705,0.50250643491745,0.5039541552615243,0.5171745101767957,0.51469066227712,0.5149889555041732
8058,AOI-0004,2017-09-25,0.4245852187923981,озимая пшеница,2017,1,1,development,0.4925435483455658,0.50250643491745,0.4707698620628013,0.47660723380372705,0.4411623212607631,0.4555882191897637
8067,AOI-0004,2017-10-04,0.4318915015737615,озимая пшеница,2017,1,1,development,0.42963308095932007,0.42963308095932007,0.3973151231489006,0.3923746252432908,0.36951679788155184,0.3793040223265288
8082,AOI-0004,2017-10-19,0.3794135563135374,озимая пшеница,2017,1,1,development,0.42283523082733154,0.42283523082733154,0.3751657933445369,0.36504601182297625,0.3956499736360528,0.38347687070740855
8104,AOI-0004,2018-04-11,0.3148294699597885,озимая пшеница,2018,0,1,development,0.39050644636154175,0.39926016330718994,0.3371326976626508,0.31579478083758633,0.36211051560989393,0.34402287244965424
8122,AOI-0004,2018-04-29,0.5015447081018626,озимая пшеница,2018,1,1,development,0.500035285949707,0.5422692894935608,0.5007807330519174,0.5001479803234573,0.5155802270627314,0.5091932079756396
8155,AOI-0004,2018-06-01,0.6579774058459883,озимая пшеница,2018,1,1,development,0.6721895933151245,0.6499403119087219,0.6558857434567362,0.6569895170168961,0.6547579481895687,0.65562523129411
8174,AOI-0004,2018-06-20,0.4806413878081806,озимая пшеница,2018,0,1,development,0.5313319563865662,0.5205782651901245,0.5304525714394728,0.5324145365194284,0.5559057726382668,0.5460206306218756
8235,AOI-0004,2018-08-20,0.4685183474494296,озимая пшеница,2018,1,1,development,0.4990323483943939,0.46131402254104614,0.42163917653698163,0.4262613186068431,0.43201816734732507,0.42936531888607626
8260,AOI-0004,2018-09-14,0.396255583788591,озимая пшеница,2018,2,1,development,0.39103901386260986,0.39926376938819885,0.4062601735194296,0.40471652693367555,0.42256901834667476,0.41522546883693584
8292,AOI-0004,2018-10-16,0.3501022741710075,озимая пшеница,2018,2,1,development,0.29715341329574585,0.2717320919036865,0.3289438718104918,0.35169175964493243,0.3165648438041303,0.3299177688050953
8313,AOI-0004,2019-04-07,0.5679321051962901,озимая пшеница,2019,2,1,development,0.3113757371902466,0.31587478518486023,0.45924904840672004,0.46209718825568574,0.44364228759339025,0.4511639714547132
8347,AOI-0004,2019-05-11,0.7217084753277926,озимая пшеница,2019,0,1,development,0.7674973011016846,0.7637238502502441,0.6304036555421481,0.6452849032889528,0.621847329078043,0.6307732462673495
8355,AOI-0004,2019-05-19,0.7361453702253532,озимая пшеница,2019,1,1,development,0.7745634317398071,0.7841382026672363,0.7768103110693212,0.7678390942871317,0.7519972747780301,0.7590889546242023
8357,AOI-0004,2019-05-21,0.7660023992381418,озимая пшеница,2019,0,1,development,0.7822232246398926,0.7841382026672363,0.7717104763096131,0.7739545117875116,0.7787317459207961,0.7766188502266584
8367,AOI-0004,2019-05-31,0.7760684031818104,озимая пшеница,2019,0,1,development,0.7790180444717407,0.7821055054664612,0.7910271252744083,0.7913754890469856,0.7765442828165117,0.7826969945002185
8386,AOI-0004,2019-06-19,0.6490217249055497,озимая пшеница,2019,1,1,development,0.6282596588134766,0.6628081798553467,0.6266635209271497,0.6430196234222553,0.6366683223681417,0.6384016538098184
8392,AOI-0004,2019-06-25,0.4835753153752203,озимая пшеница,2019,0,1,development,0.556942343711853,0.5762563347816467,0.534688746984823,0.5499408887223568,0.5479620240678907,0.5479371488360335
8402,AOI-0004,2019-07-05,0.5002990864201418,озимая пшеница,2019,0,1,development,0.4128729999065399,0.46131324768066406,0.4694907210185722,0.4725358704217316,0.45513263528684883,0.4622057041402718
8435,AOI-0004,2019-08-07,0.5268323359646762,озимая пшеница,2019,1,1,development,0.6055454611778259,0.5969802737236023,0.5548564044667599,0.5445647714249773,0.5668671241246345,0.5581583412667241
8473,AOI-0004,2019-09-14,0.4367464108753651,озимая пшеница,2019,2,1,development,0.3607073128223419,0.3607073128223419,0.4223205522133775,0.4290354755823681,0.4119506352903174,0.4186870734841289
8525,AOI-0004,2020-04-06,0.3854601829500699,озимая пшеница,2020,2,1,development,0.31318703293800354,0.3128809630870819,0.36846921405922145,0.3810914362308008,0.36606954047577206,0.37161888301144497
8537,AOI-0004,2020-04-18,0.4235840223713132,озимая пшеница,2020,1,1,development,0.31611350178718567,0.31376200914382935,0.3811841254397062,0.37261760024451074,0.3610564597523789,0.3663442004333983
8549,AOI-0004,2020-04-30,0.4086841387253173,озимая пшеница,2020,0,1,development,0.4373522698879242,0.4373522698879242,0.3721770904168841,0.38389080590119645,0.3958315314311706,0.3902107638380626
8579,AOI-0004,2020-05-30,0.7361013984905871,озимая пшеница,2020,0,1,development,0.7456395626068115,0.7577255964279175,0.7082778193254845,0.7252700851430933,0.6766484198098237,0.6959374129405587
8584,AOI-0004,2020-06-04,0.7691928448216147,озимая пшеница,2020,0,1,development,0.7758545875549316,0.7577255964279175,0.6922439107776954,0.704085892305361,0.6663520751792731,0.6813965108732738
8589,AOI-0004,2020-06-09,0.7930200419518088,озимая пшеница,2020,0,1,development,0.7517166137695312,0.7442055344581604,0.7680365101119638,0.7611525300658107,0.7378113304404365,0.7479078179213914
8605,AOI-0004,2020-06-25,0.6481195654935844,озимая пшеница,2020,2,1,development,0.628933310508728,0.6560512781143188,0.6573521508661474,0.6584008229829161,0.6336871573655565,0.6439135554349358
8659,AOI-0004,2020-08-18,0.5060910795521825,озимая пшеница,2020,0,1,development,0.4838589131832123,0.46331095695495605,0.4585114625029386,0.4516110719171855,0.4692837210962847,0.4623129794527344
8698,AOI-0004,2020-09-26,0.2292275081680595,озимая пшеница,2020,1,1,development,0.32067665457725525,0.32067665457725525,0.2794847136187211,0.2856820439277145,0.2769437101465786,0.2802354938886023
8701,AOI-0004,2020-09-29,0.3426416846652269,озимая пшеница,2020,2,1,development,0.2968902289867401,0.30046266317367554,0.3375181855999161,0.3369452747441738,0.3471207148025396,0.3429180164710137
8770,AOI-0004,2021-05-08,0.6579361936450417,озимая пшеница,2021,1,1,development,0.7836267352104187,0.7393844723701477,0.7018316338003697,0.6987080396662387,0.6420644037936177,0.6658107167736356
8785,AOI-0004,2021-05-23,0.8017947666261406,озимая пшеница,2021,1,1,development,0.8237096667289734,0.8178446292877197,0.8076271033270529,0.8049432243483746,0.8186328993142943,0.8130851537987471
8793,AOI-0004,2021-05-31,0.8290242426102574,озимая пшеница,2021,1,1,development,0.8250591158866882,0.8176889419555664,0.7999534998924698,0.7975202772998883,0.814266278648564,0.8074326832571022
8812,AOI-0004,2021-06-19,0.8255586682061005,озимая пшеница,2021,0,1,development,0.7795319557189941,0.7388837933540344,0.7881158955639448,0.7854110971401587,0.8031268855644759,0.7959048141070074
8819,AOI-0004,2021-06-26,0.7190449244060472,озимая пшеница,2021,2,1,development,0.7226244807243347,0.7388837933540344,0.7015799618407085,0.6875855725766875,0.6637227209279297,0.6744318088508212
8883,AOI-0004,2021-08-29,0.4400293990598399,озимая пшеница,2021,2,1,development,0.422691285610199,0.3260648250579834,0.4859476642858817,0.4585403718406357,0.46397964158085664,0.4632405725511608
8922,AOI-0004,2021-10-07,0.2761118335128184,озимая пшеница,2021,0,1,development,0.33105260133743286,0.3348144590854645,0.3120514378269281,0.3129266448410391,0.34261018941806337,0.3302085339310305
8932,AOI-0004,2021-10-17,0.2975164857387369,озимая пшеница,2021,0,1,development,0.33631524443626404,0.3299121558666229,0.2900722654111112,0.2723600492025643,0.29224256497309786,0.2849535760244145
8985,AOI-0004,2022-05-10,0.684453783388338,озимая пшеница,2022,0,1,development,0.7293546199798584,0.7555404305458069,0.7448029443268019,0.738818051340066,0.742927928330151,0.741550486006217
8990,AOI-0004,2022-05-15,0.7128790423785863,озимая пшеница,2022,0,1,development,0.7584499716758728,0.7555404305458069,0.6954082835391118,0.6740710681596319,0.6961981320285299,0.6881767001688638
9016,AOI-0004,2022-06-10,0.7321141151060857,озимая пшеница,2022,2,1,development,0.7786969542503357,0.7786969542503357,0.7625885946189805,0.7321913808934319,0.7496674746753909,0.7440855266722863
9060,AOI-0004,2022-07-24,0.3718062766743046,озимая пшеница,2022,0,1,development,0.5138762593269348,0.5171762704849243,0.3904892790887079,0.39108698901465977,0.4184013933523656,0.40700110439179005
9095,AOI-0004,2022-08-28,0.4494836196073661,озимая пшеница,2022,0,1,development,0.4536501169204712,0.47660648822784424,0.47717144173901677,0.47404902056145676,0.4721146054556313,0.4730933058069132
9097,AOI-0004,2022-08-30,0.4801646906435207,озимая пшеница,2022,1,1,development,0.44523152709007263,0.4482910931110382,0.5110498137429471,0.502846209421927,0.4818188711315962,0.4910258355822141
9112,AOI-0004,2022-09-14,0.402040236310507,озимая пшеница,2022,2,1,development,0.4703056514263153,0.45894500613212585,0.4419396413172204,0.4587551590030505,0.45964457318805424,0.45833908591393924
9135,AOI-0004,2022-10-07,0.4686911967753837,озимая пшеница,2022,0,1,development,0.41009417176246643,0.41009417176246643,0.4373312615028346,0.43137762482532727,0.4353727690029385,0.43404133476633056
9150,AOI-0004,2022-10-22,0.3851666876522734,озимая пшеница,2022,0,1,development,0.4512902796268463,0.4512902796268463,0.3332604326926884,0.3499300416177748,0.36343613450088225,0.35688826209527585
9181,AOI-0004,2023-04-23,0.7643779062380892,озимая пшеница,2023,2,1,development,0.6003835797309875,0.4947667419910431,0.7410119902094174,0.7386006809779083,0.7295013522535193,0.733422216217271
9197,AOI-0004,2023-05-09,0.8243421928598652,озимая пшеница,2023,2,1,development,0.7697025537490845,0.7708272933959961,0.8350849337103191,0.8247515852136231,0.8231650448990245,0.8244000785144144
9201,AOI-0004,2023-05-13,0.7854983118145301,озимая пшеница,2023,1,1,development,0.7742013335227966,0.7708272933959961,0.7915500778479244,0.7906027004064679,0.7810244757398463,0.7850632046356822
9277,AOI-0004,2023-07-28,0.5673445432600686,озимая пшеница,2023,2,1,development,0.6141261458396912,0.609515368938446,0.576240968733768,0.5696538826951317,0.6004699403576819,0.5880120685928713
9286,AOI-0004,2023-08-06,0.5730006012697193,озимая пшеница,2023,1,1,development,0.5773693919181824,0.5784760117530823,0.585104499346397,0.5804724592993309,0.5772086146008246,0.5788245360930785
9337,AOI-0004,2023-09-26,0.4120556547175044,озимая пшеница,2023,1,1,development,0.3717230558395386,0.3689861595630646,0.38249829776614364,0.3780873271198767,0.3868632380458051,0.38345645123215444
9338,AOI-0004,2023-09-27,0.3961557914184452,озимая пшеница,2023,0,1,development,0.3662492632865906,0.3689861595630646,0.3646816121148304,0.3611117772908343,0.37668554144373745,0.370403002440725
9341,AOI-0004,2023-09-30,0.3898693177486977,озимая пшеница,2023,2,1,development,0.3502098023891449,0.34766390919685364,0.4113908042272714,0.4152470699200043,0.40390614929649965,0.4084112343174397
9385,AOI-0004,2024-04-14,0.3442733440425118,озимая пшеница,2024,0,1,development,0.45369020104408264,0.5416601300239563,0.3932407141508299,0.37779985156239937,0.3756927432642762,0.377428516410124
9441,AOI-0004,2024-06-09,0.6873936856816159,озимая пшеница,2024,2,1,development,0.6200501918792725,0.626109778881073,0.6311779400143678,0.6295154600318571,0.6441679195001849,0.638162691166615
9445,AOI-0004,2024-06-13,0.6452290796285942,озимая пшеница,2024,0,1,development,0.626109778881073,0.626109778881073,0.5701631123548812,0.5864126850298933,0.5659400548037112,0.573555981801745
9465,AOI-0004,2024-07-03,0.5628483622032419,озимая пшеница,2024,0,1,development,0.5907077193260193,0.552718460559845,0.5300660440634468,0.5191400897448899,0.5577621509646389,0.5422971140989049
9472,AOI-0004,2024-07-10,0.4506909806374368,озимая пшеница,2024,1,1,development,0.5076170563697815,0.5046464204788208,0.5244418684088132,0.5133562159845223,0.5219980039575502,0.5190183081366471
9505,AOI-0004,2024-08-12,0.4772198013547258,озимая пшеница,2024,0,1,development,0.5004850029945374,0.48550310730934143,0.45145122648555275,0.45263450896727403,0.4718758576576331,0.4638026437299785
9510,AOI-0004,2024-08-17,0.4548736535932545,озимая пшеница,2024,0,1,development,0.4755151867866516,0.48550310730934143,0.4722986503997277,0.46222805733982414,0.4496082148891007,0.45542020312492654
9515,AOI-0004,2024-08-22,0.4198176800021757,озимая пшеница,2024,0,1,development,0.4540812075138092,0.4483581781387329,0.40533738015548765,0.40985994997997416,0.41669818152616733,0.413600848222046
9545,AOI-0004,2024-09-21,0.385780274006351,озимая пшеница,2024,0,1,development,0.4172976016998291,0.4004959166049957,0.39815715831927206,0.3938821214050587,0.38943544233554844,0.3915237488741778
9600,AOI-0007,2010-04-16,0.5076269409151911,озимая пшеница,2010,1,1,development,0.6203252673149109,0.6141853332519531,0.4418819856340656,0.442349762031558,0.44157015677099026,0.44186857408068614
9640,AOI-0007,2010-05-26,0.7030214615641583,озимая пшеница,2010,1,1,development,0.7427094578742981,0.6318985223770142,0.6520869063455667,0.6717597169453113,0.6681018353831522,0.6685297954764435
9687,AOI-0007,2010-07-12,0.4598953894359893,озимая пшеница,2010,2,1,development,0.2804892659187317,0.26373210549354553,0.38940548644689343,0.39492346656927046,0.4019498304055749,0.3987188357275015
9728,AOI-0007,2010-08-22,0.2943887073326638,озимая пшеница,2010,1,1,development,0.3411073684692383,0.342652291059494,0.26772562784591436,0.27212667472337954,0.2625675960762959,0.2663008545089245
9872,AOI-0007,2011-06-14,0.2820484247382996,озимая пшеница,2011,1,1,development,0.43796461820602417,0.41376757621765137,0.29859609931013714,0.2971053964762247,0.2801935995871148,0.28731445760253777
9900,AOI-0007,2011-07-12,0.6275145926589079,озимая пшеница,2011,2,1,development,0.6290596723556519,0.6290596723556519,0.6229832261865419,0.6228256269909036,0.622344179468096,0.6225533028963511
9936,AOI-0007,2011-08-17,0.3888429978248285,озимая пшеница,2011,1,1,development,0.4112590253353119,0.3909902274608612,0.39516237251094183,0.3803684291862682,0.4009060987369547,0.39318213679373454
9996,AOI-0007,2011-10-16,0.3116821172784245,озимая пшеница,2011,2,1,development,0.2995911240577698,0.2995911240577698,0.34092285499193425,0.34719698010563366,0.3518825823265229,0.34958364856141844
10023,AOI-0007,2012-04-13,0.2530778088808188,озимая пшеница,2012,1,1,development,0.48895129561424255,0.5142722129821777,0.3317960404422918,0.34587253143319857,0.3861957976953272,0.36863204955986195
10080,AOI-0007,2012-06-09,0.4043216204118175,озимая пшеница,2012,2,1,development,0.4698645770549774,0.4698645770549774,0.44192911697867915,0.41878149951789245,0.43221523542081025,0.4279122829621973
10183,AOI-0007,2012-09-20,0.2138443646137432,озимая пшеница,2012,1,1,development,0.34668785333633423,0.35510414838790894,0.18497308056794778,0.19687334281215704,0.19500336836124893,0.195119624053417
10294,AOI-0007,2013-06-10,0.6776710832587289,озимая пшеница,2013,2,1,development,0.5193108916282654,0.46134868264198303,0.5616953416323321,0.5710949492657036,0.572275815003137,0.5712615438743538
10310,AOI-0007,2013-06-26,0.7096704341987469,озимая пшеница,2013,2,1,development,0.7294552326202393,0.7041422724723816,0.6831984832744605,0.6922906751448488,0.6745200905195314,0.681409670976745
10343,AOI-0007,2013-07-29,0.4898698162017869,озимая пшеница,2013,1,1,development,0.3893413245677948,0.3771626949310303,0.452038041626809,0.442612418379406,0.44467846963705415,0.4443429652495847
10367,AOI-0007,2013-08-22,0.2578842360804927,озимая пшеница,2013,1,1,development,0.2699795961380005,0.2736812233924866,0.23425416129334023,0.2362953545139127,0.22258598227273987,0.22817767391051447
10459,AOI-0007,2014-04-23,0.820013406445837,озимая пшеница,2014,2,1,development,0.5893959403038025,0.5301651954650879,0.7258766774156525,0.7217935085599354,0.7405725779384319,0.7329846871697698
10507,AOI-0007,2014-06-10,0.3466607878245302,озимая пшеница,2014,2,1,development,0.5999962091445923,0.49017593264579773,0.43720872514698017,0.45472014154185997,0.45887769929888894,0.4561734469197465
10543,AOI-0007,2014-07-16,0.2259313782401686,озимая пшеница,2014,1,1,development,0.2213773876428604,0.21009010076522827,0.22421693795683978,0.23199896812484444,0.22836337965831907,0.2294434795417335
10623,AOI-0007,2014-10-04,0.2028326046054688,озимая пшеница,2014,1,1,development,0.21778927743434906,0.20192572474479675,0.18872820805625465,0.1957353943766757,0.20063183567970583,0.19820438398575732
10635,AOI-0007,2014-10-16,0.2264957475380483,озимая пшеница,2014,2,1,development,0.15440970659255981,0.1544843465089798,0.21450796261788863,0.23475523298310305,0.21827254042162836,0.22400566318427462
10703,AOI-0007,2015-05-24,0.8192372558970803,озимая пшеница,2015,1,1,development,0.7199726104736328,0.7784827351570129,0.7845982965216739,0.7818988738636997,0.7787108701024456,0.7801877293383273
10719,AOI-0007,2015-06-09,0.6198554237642375,озимая пшеница,2015,1,1,development,0.47749558091163635,0.6285146474838257,0.6495581132148031,0.64772943001526,0.6067893741246638,0.6239285260957481
10736,AOI-0007,2015-06-26,0.3184156669650852,озимая пшеница,2015,2,1,development,0.34566351771354675,0.34566351771354675,0.32682490868157227,0.34535752074845777,0.31679826447504994,0.3276524933779851
10823,AOI-0007,2015-09-21,0.2114853674019947,озимая пшеница,2015,1,1,development,0.21966519951820374,0.2155517190694809,0.21974939679410496,0.221428452345856,0.21168042108612944,0.21564372225874207
10894,AOI-0007,2016-05-02,0.306186608441699,озимая пшеница,2016,1,1,development,0.3856908082962036,0.3679974675178528,0.2812062639999008,0.29512768724791366,0.2752418206222588,0.28274306452328923
10916,AOI-0007,2016-05-24,0.5255358549686663,озимая пшеница,2016,2,1,development,0.5577687621116638,0.5168063044548035,0.5833140499499346,0.5750840863125629,0.5922039092812963,0.5855371860139325
10958,AOI-0007,2016-07-05,0.6982761145301157,озимая пшеница,2016,1,1,development,0.6813029050827026,0.6733136773109436,0.6933244682147045,0.7091241490648422,0.7329042293394151,0.7221291689760225
11070,AOI-0007,2016-10-25,0.2284647007136317,озимая пшеница,2016,1,1,development,0.1957930326461792,0.1957930326461792,0.21697408548727917,0.22001878876364048,0.21917920805181865,0.21935924454247208
11182,AOI-0007,2017-07-16,0.1748722165251366,озимая пшеница,2017,1,1,development,0.24163708090782166,0.21842505037784576,0.21673274952889177,0.22849630376689203,0.21675739987906428,0.22098826990104764
11190,AOI-0007,2017-07-24,0.2417568860981969,озимая пшеница,2017,1,1,development,0.18858101963996887,0.21842505037784576,0.2361776323237965,0.2378979172762935,0.23752497814662002,0.23758448907664187
11208,AOI-0007,2017-08-11,0.1538906211522879,озимая пшеница,2017,0,1,development,0.18813097476959229,0.18813097476959229,0.13857307603566868,0.13415786039322686,0.14154366555384243,0.13871561513351838
11211,AOI-0007,2017-08-14,0.1431711333143095,озимая пшеница,2017,0,1,development,0.21309390664100647,0.19163739681243896,0.14616269925811082,0.1430819573042982,0.14650958488948163,0.14525452288543172
11226,AOI-0007,2017-08-29,0.1588758472819366,озимая пшеница,2017,0,1,development,0.17093989253044128,0.17080891132354736,0.17187651133746545,0.17690438024956795,0.16487779860177978,0.16960305558997918
11243,AOI-0007,2017-09-15,0.1469171120220422,озимая пшеница,2017,0,1,development,0.224043607711792,0.20402753353118896,0.15885162614435155,0.1591092932707876,0.15842748143090957,0.1586968886592197
11254,AOI-0007,2017-09-26,0.1937761026514273,озимая пшеница,2017,1,1,development,0.1658729910850525,0.1916002333164215,0.18974171792240582,0.1965335820307245,0.20187710766046257,0.19927557649285327
11262,AOI-0007,2017-10-04,0.1516375375362314,озимая пшеница,2017,1,1,development,0.1693352311849594,0.1937641203403473,0.1541424828305918,0.15111123207919064,0.1423739977296472,0.14617865795689625
11321,AOI-0007,2018-05-03,0.1832270747202038,озимая пшеница,2018,0,1,development,0.22860661149024963,0.2693295478820801,0.18607768326616994,0.18658451467846207,0.18584538374588352,0.18612478502757987
11359,AOI-0007,2018-06-10,0.3165632497761864,озимая пшеница,2018,2,1,development,0.24235059320926666,0.23853538930416107,0.3168351224968122,0.2996537326047098,0.32225569447766644,0.3138054659845648
11423,AOI-0007,2018-08-13,0.2352004476275739,озимая пшеница,2018,2,1,development,0.18204668164253235,0.19984126091003418,0.22787679976142336,0.24206256759748815,0.22967805624216586,0.23404286530423457
11470,AOI-0007,2018-09-29,0.1930141727880181,озимая пшеница,2018,1,1,development,0.23433716595172882,0.19704346358776093,0.18929173397243784,0.19708056496435625,0.19038839395497031,0.19274012942130286
11486,AOI-0007,2018-10-15,0.2288965072968971,озимая пшеница,2018,1,1,development,0.19681033492088318,0.19681033492088318,0.20618953319551933,0.21035080507166817,0.21924466478771848,0.21531196732589816
11487,AOI-0007,2018-10-16,0.4226692927484334,озимая пшеница,2018,2,1,development,0.19681033492088318,0.19681033492088318,0.2586964903754617,0.25368915986711055,0.2530215344700481,0.2535779001145749
11507,AOI-0007,2019-04-06,0.4959303541009126,озимая пшеница,2019,0,1,development,0.6155580282211304,0.5733020901679993,0.39063379537841264,0.4254021724997547,0.39268359828439015,0.4043656463247357
11527,AOI-0007,2019-04-26,0.6734403670620174,озимая пшеница,2019,0,1,development,0.7025099992752075,0.7353644371032715,0.7223947734421946,0.725183790993878,0.7024011141218787,0.71172711483332
11529,AOI-0007,2019-04-28,0.6912808210469628,озимая пшеница,2019,0,1,development,0.7144570350646973,0.7353644371032715,0.7051285211619863,0.7203409548889654,0.7036788329881318,0.7097666858939735
11537,AOI-0007,2019-05-06,0.7876425199589966,озимая пшеница,2019,0,1,development,0.7622452974319458,0.7353644371032715,0.729870021043107,0.7510145379501101,0.7607809786952905,0.7555404694429424
11620,AOI-0007,2019-07-28,0.2948467099373322,озимая пшеница,2019,2,1,development,0.14202433824539185,0.13582058250904083,0.27243673663468654,0.26961972945383883,0.2651401207687828,0.26716102916329026
11630,AOI-0007,2019-08-07,0.2244298484065507,озимая пшеница,2019,1,1,development,0.21028366684913635,0.21603672206401825,0.22049253118001635,0.2186287659148869,0.23375390400662738,0.22756316419468292
11634,AOI-0007,2019-08-11,0.2319248690755715,озимая пшеница,2019,0,1,development,0.27671805024147034,0.27671805024147034,0.21890767232839545,0.21915854295652712,0.22762692950135135,0.22408880868407213
11657,AOI-0007,2019-09-03,0.1507840596831798,озимая пшеница,2019,0,1,development,0.14501884579658508,0.14726939797401428,0.15311362052250949,0.15317238515897164,0.16194676593237206,0.15829198968508734
11669,AOI-0007,2019-09-15,0.1419373742903208,озимая пшеница,2019,0,1,development,0.20956465601921082,0.20956465601921082,0.13968456903851062,0.145172821325076,0.14087019727682257,0.1423554776908612
11679,AOI-0007,2019-09-25,0.1777496833404996,озимая пшеница,2019,0,1,development,0.15831591188907623,0.19797518849372864,0.16234204739268565,0.1599595796342158,0.15304898564120992,0.15605739114918288
11704,AOI-0007,2019-10-20,0.2655460009983507,озимая пшеница,2019,0,1,development,0.4726034998893738,0.47676965594291687,0.21378573701048972,0.2772452805820441,0.25241949632994687,0.25922098770530333
11712,AOI-0007,2019-10-28,0.2083764752696236,озимая пшеница,2019,0,1,development,0.4757591784000397,0.4757591784000397,0.39789230505468887,0.4230543975967751,0.36725985551294577,0.3890794398374177
11731,AOI-0007,2020-04-17,0.6801428957566855,озимая пшеница,2020,0,1,development,0.6378500461578369,0.6378500461578369,0.6400914070387625,0.6370187502421837,0.6603199814779581,0.6507939587302798
11752,AOI-0007,2020-05-08,0.7616336839749331,озимая пшеница,2020,2,1,development,0.7321760058403015,0.7267944812774658,0.7197226004562967,0.7175607741584084,0.7210360268004723,0.7197100312576822
11764,AOI-0007,2020-05-20,0.6019097712483054,озимая пшеница,2020,0,1,development,0.6556475162506104,0.6580432057380676,0.6194139950361954,0.645030596856623,0.642487875415318,0.642121135754075
11799,AOI-0007,2020-06-24,0.1951204958796243,озимая пшеница,2020,0,1,development,0.25518035888671875,0.274446964263916,0.25220374842075105,0.2555924390486192,0.23607231929317382,0.2440072322245271
11806,AOI-0007,2020-07-01,0.132756769561502,озимая пшеница,2020,0,1,development,0.16087907552719116,0.15979884564876556,0.14827331939174515,0.14712463842604837,0.15153028779970248,0.1497607468952406
11819,AOI-0007,2020-07-14,0.0711076127623682,озимая пшеница,2020,0,1,development,0.12493720650672913,0.12771578133106232,0.13190963534808353,0.12773415216754438,0.1297159920776026,0.12912349697150446
11876,AOI-0007,2020-09-09,0.170412555948118,озимая пшеница,2020,0,1,development,0.1470627337694168,0.14384189248085022,0.16408619979960123,0.16603803427198321,0.1570876513953268,0.16070383358816098
11881,AOI-0007,2020-09-14,0.1551055144894583,озимая пшеница,2020,0,1,development,0.20822381973266602,0.18988202512264252,0.14751872105107522,0.14932569888503405,0.15067381849608166,0.15001227899425654
11893,AOI-0007,2020-09-26,0.1385153559273207,озимая пшеница,2020,1,1,development,0.12261759489774704,0.12462608516216278,0.1479369640711318,0.15122521262669053,0.13427712641795692,0.1411472602694705
11906,AOI-0007,2020-10-09,0.1515622231853796,озимая пшеница,2020,0,1,development,0.17063075304031372,0.194825679063797,0.1524184076796776,0.14951903137622427,0.14413702918900678,0.14653805540354714
11909,AOI-0007,2020-10-12,0.1104908093545348,озимая пшеница,2020,0,1,development,0.20692314207553864,0.194825679063797,0.11871457957079205,0.1155902063532461,0.11455644823645648,0.11516044373898836
11917,AOI-0007,2020-10-20,0.2453627371640175,озимая пшеница,2020,1,1,development,0.13043726980686188,0.14197421073913574,0.20970261055003528,0.21455914838537352,0.19791980095946643,0.2045742163391358
11942,AOI-0007,2021-04-15,0.1796291571533437,озимая пшеница,2021,0,1,development,0.23012681305408478,0.23307089507579803,0.17234372663237257,0.16421183769667957,0.17527121750031416,0.17112112611692754
11957,AOI-0007,2021-04-30,0.2552373497122112,озимая пшеница,2021,0,1,development,0.24284304678440094,0.29780885577201843,0.15239563183327665,0.15753450958953727,0.16833616956201886,0.16355515166950066
11966,AOI-0007,2021-05-09,0.4998910026857656,озимая пшеница,2021,2,1,development,0.29863056540489197,0.292822927236557,0.585175249985669,0.6137851556994273,0.5721052775208509,0.5878591832910394
11972,AOI-0007,2021-05-15,0.2739207648226982,озимая пшеница,2021,0,1,development,0.29935699701309204,0.29633212089538574,0.30413242948315894,0.30858460732637,0.31912334231653283,0.3144899393729319
11973,AOI-0007,2021-05-16,0.335519402980777,озимая пшеница,2021,1,1,development,0.305406779050827,0.29633212089538574,0.38068076162645054,0.37494124610689783,0.4059954648298253,0.3933913354340164
12030,AOI-0007,2021-07-12,0.3085649731423456,озимая пшеница,2021,2,1,development,0.25235262513160706,0.25357726216316223,0.35337180320874345,0.3446523393759543,0.3524154939362251,0.34966982855808915
12074,AOI-0007,2021-08-25,0.1856151889492478,озимая пшеница,2021,0,1,development,0.18025043606758118,0.18057699501514435,0.1805694997824293,0.1749093018861624,0.18089079603126124,0.17871640882832224
12087,AOI-0007,2021-09-07,0.2280297705780534,озимая пшеница,2021,0,1,development,0.2250899374485016,0.2213037610054016,0.18613440257112834,0.18467870418996019,0.20984927191960534,0.19945537206772648
12110,AOI-0007,2021-09-30,0.3201502685765444,озимая пшеница,2021,2,1,development,0.18377546966075897,0.17852111160755157,0.26994133111816027,0.25914959302579377,0.2880954123158883,0.2766497318089256
12124,AOI-0007,2021-10-14,0.2927729809797131,озимая пшеница,2021,0,1,development,0.1463329792022705,0.11770733445882797,0.19250655058086918,0.20964379925160562,0.2199822780904233,0.21472661377106644
12132,AOI-0007,2021-10-22,0.2127548722992804,озимая пшеница,2021,0,1,development,0.23232834041118622,0.23232834041118622,0.2094777448471731,0.217114650386714,0.22851923400166166,0.22334835484726653
12149,AOI-0007,2022-04-09,0.5651184247985328,озимая пшеница,2022,1,1,development,0.4445640742778778,0.43798354268074036,0.5067049861644617,0.5110010227298343,0.5635465075387301,0.5414404466097245
12190,AOI-0007,2022-05-20,0.8927398523362375,озимая пшеница,2022,0,1,development,0.689064621925354,0.6729652285575867,0.8619617342219108,0.8685978169587948,0.8248299961203966,0.8426750909637255
12195,AOI-0007,2022-05-25,0.8731081477379439,озимая пшеница,2022,0,1,development,0.8500585556030273,0.6729652285575867,0.8254348583652052,0.8398968719248227,0.8708723536341589,0.8571772937306712
12225,AOI-0007,2022-06-24,0.4746493474550557,озимая пшеница,2022,0,1,development,0.37488165497779846,0.37573567032814026,0.4201460977392912,0.4106982695707206,0.43560420856083565,0.4257649926300468
12240,AOI-0007,2022-07-09,0.2099852922380641,озимая пшеница,2022,0,1,development,0.22938929498195648,0.23395586013793945,0.1951931899938378,0.20068015513765236,0.19677493258975232,0.19809490374926594
12243,AOI-0007,2022-07-12,0.2469735380457959,озимая пшеница,2022,1,1,development,0.23486916720867157,0.23395586013793945,0.21921502849611207,0.2533693947751864,0.23816480406765406,0.24259246414735
12245,AOI-0007,2022-07-14,0.2040597776787755,озимая пшеница,2022,0,1,development,0.23852241039276123,0.23395586013793945,0.18941865006645944,0.20091040938219928,0.18291097683252766,0.1897623191993204
12259,AOI-0007,2022-07-28,0.2457358102059088,озимая пшеница,2022,2,1,development,0.15891946852207184,0.17593160271644592,0.23402266627036225,0.24736480357901092,0.23000834962437175,0.23648918674979102
12290,AOI-0007,2022-08-28,0.154311136279189,озимая пшеница,2022,0,1,development,0.22331540286540985,0.20579230785369873,0.15912675140305754,0.1577539244495414,0.16510443116766493,0.1621218394328909
12292,AOI-0007,2022-08-30,0.1627962564862765,озимая пшеница,2022,0,1,development,0.23639333248138428,0.23639333248138428,0.18105945461933923,0.18297297694764864,0.17535349705381265,0.17841794763565288
12342,AOI-0007,2022-10-19,0.2584327554663053,озимая пшеница,2022,0,1,development,0.301224023103714,0.301224023103714,0.25768891060189747,0.25663237354622925,0.24864413226485008,0.25202725264109116
12357,AOI-0007,2023-04-04,0.3533110134880468,озимая пшеница,2023,1,1,development,0.2645544111728668,0.2831405997276306,0.21385187493797997,0.22105208446433489,0.20424187554854636,0.21083703062584275
12422,AOI-0007,2023-06-08,0.5537457583032941,озимая пшеница,2023,1,1,development,0.5761712789535522,0.6287798881530762,0.5647248696670429,0.5637525627782827,0.5375645788348122,0.5485169383858458
12433,AOI-0007,2023-06-19,0.8432067310279658,озимая пшеница,2023,0,1,development,0.7957757711410522,0.7811930179595947,0.8338185686398275,0.8359880930110261,0.8368553569956078,0.8363737618216788
12440,AOI-0007,2023-06-26,0.8674815319223621,озимая пшеница,2023,0,1,development,0.8377172350883484,0.8402982354164124,0.7744118869867641,0.8100104098105544,0.7989770255147592,0.8015884844797954
12453,AOI-0007,2023-07-09,0.8489778025871134,озимая пшеница,2023,0,1,development,0.7966795563697815,0.7966795563697815,0.7974453127107887,0.8263336292419726,0.8007233890716801,0.8097743389234593
12460,AOI-0007,2023-07-16,0.7834231332335353,озимая пшеница,2023,0,1,development,0.7923191785812378,0.7670081257820129,0.8087229636511376,0.8198034262719985,0.7903118495481491,0.8019685899349533
12470,AOI-0007,2023-07-26,0.8066544089877631,озимая пшеница,2023,0,1,development,0.7522140741348267,0.7522140741348267,0.7911485057491376,0.7789516639422635,0.772070150104778,0.775612372130332
12493,AOI-0007,2023-08-18,0.3216534222529685,озимая пшеница,2023,0,1,development,0.3643454611301422,0.37583503127098083,0.3387772233771592,0.34694256096369286,0.3545764976073355,0.35094540052187045
12505,AOI-0007,2023-08-30,0.2863265368589041,озимая пшеница,2023,0,1,development,0.33529067039489746,0.2809557318687439,0.25409212925271235,0.25465625724471663,0.26215512803761,0.2590030518644107
12520,AOI-0007,2023-09-14,0.1859152261702051,озимая пшеница,2023,0,1,development,0.1976013034582138,0.19816219806671143,0.19467783485427026,0.2100329047048662,0.17979560969341452,0.1915249125652685
12550,AOI-0007,2023-10-14,0.1734061679766758,озимая пшеница,2023,0,1,development,0.2465282827615738,0.2465282827615738,0.15478826056344233,0.16078268138539298,0.16906826866726818,0.16528673941412572
12600,AOI-0007,2024-05-04,0.819544586672808,озимая пшеница,2024,0,1,development,0.7532710433006287,0.670788586139679,0.8039391839586048,0.7996269615025319,0.8402318695900993,0.8235737752631931
12605,AOI-0007,2024-05-09,0.7930655918247537,озимая пшеница,2024,0,1,development,0.8210315704345703,0.8048625588417053,0.787313369861208,0.7994697829972259,0.7921850051638653,0.7945404132544593
12632,AOI-0007,2024-06-05,0.4687701764058334,озимая пшеница,2024,0,1,development,0.4853196144104004,0.4656584560871124,0.4638516498780903,0.46491870569114707,0.4954287490609939,0.48267247002238084
12636,AOI-0007,2024-06-09,0.3916184422560432,озимая пшеница,2024,2,1,development,0.3393664062023163,0.3393664062023163,0.4285220337877461,0.4342317699963919,0.4257094461258789,0.4289384582540181
12647,AOI-0007,2024-06-20,0.2236000744287461,озимая пшеница,2024,0,1,development,0.23943495750427246,0.23882196843624115,0.21493144440592712,0.21912266624510468,0.2309345767959026,0.2257858502547893
12652,AOI-0007,2024-06-25,0.2161812402182976,озимая пшеница,2024,0,1,development,0.2257351130247116,0.22322963178157806,0.2373482516751993,0.26616688943818134,0.2191805402606878,0.23713115294693704
12670,AOI-0007,2024-07-13,0.159195323523142,озимая пшеница,2024,0,1,development,0.1882430464029312,0.1882430464029312,0.1343084299053445,0.1387796459010804,0.14364648064257823,0.1413724116393927
12708,AOI-0007,2024-08-20,0.2196833696833816,озимая пшеница,2024,1,1,development,0.1793491244316101,0.17475804686546326,0.21972092869077678,0.22241292834917606,0.2332295521459148,0.22857841303039678
12747,AOI-0007,2024-09-28,0.1707411086583531,озимая пшеница,2024,0,1,development,0.16412769258022308,0.16674797236919403,0.1651022824181074,0.17401257721553584,0.1610581940307962,0.16595360330463393
12748,AOI-0007,2024-09-29,0.201097042046405,озимая пшеница,2024,1,1,development,0.16936826705932617,0.16674797236919403,0.18585154304141505,0.19679734339854982,0.19747948534159998,0.19658675490344774
29507,AOI-0022,2010-05-18,0.6916569000459254,подсолнечник,2010,1,1,development,0.6647505760192871,0.6461528539657593,0.622212283716984,0.6027999880468871,0.6077719202116518,0.6067826196512793
29531,AOI-0022,2010-06-11,0.8074748348691697,подсолнечник,2010,1,1,development,0.7785462737083435,0.7189059853553772,0.8079267959176717,0.7935707392683036,0.7951322629962561,0.7952809728128676
29562,AOI-0022,2010-07-12,0.2238888326069966,подсолнечник,2010,1,1,development,0.2290385365486145,0.29376891255378723,0.2854416616427797,0.2646072143842326,0.2291820004978631,0.24508330388529942
29571,AOI-0022,2010-07-21,0.2314033339514107,подсолнечник,2010,1,1,development,0.21348221600055695,0.21391506493091583,0.20833957087544547,0.21732794684534681,0.20113276257785387,0.2073725060829584
29611,AOI-0022,2010-08-30,0.1640892446093256,подсолнечник,2010,1,1,development,0.15464633703231812,0.15460185706615448,0.17359729710604854,0.17514723160750684,0.16913209331164322,0.17154911253295096
29691,AOI-0022,2011-04-19,0.3680541438024006,подсолнечник,2011,1,1,development,0.3874368965625763,0.3966323435306549,0.3970545004549846,0.3864591022209727,0.36330272778453176,0.37352874453564633
29695,AOI-0022,2011-04-23,0.5273448005455166,подсолнечник,2011,2,1,development,0.399697482585907,0.3966323435306549,0.5409229401180639,0.5546895837309819,0.5395521227383738,0.545085900669056
29739,AOI-0022,2011-06-06,0.8529122466755887,подсолнечник,2011,1,1,development,0.8492932319641113,0.7732291221618652,0.8514303107313286,0.8586146493258194,0.8643549576974618,0.861566472032042
29759,AOI-0022,2011-06-26,0.5681881009205592,подсолнечник,2011,2,1,development,0.4847863018512726,0.502906858921051,0.43570728608653314,0.45772609153963184,0.4426552173093394,0.4477022634729413
29827,AOI-0022,2011-09-02,0.2102646365851893,подсолнечник,2011,1,1,development,0.38784098625183105,0.36680862307548523,0.2417007924353184,0.24018098742322783,0.2372809516430018,0.23857235590735676
29871,AOI-0022,2011-10-16,0.6049991135356292,подсолнечник,2011,2,1,development,0.3650151491165161,0.4211912751197815,0.461571620303858,0.47207925349096563,0.4966740276940427,0.4858542947323755
29969,AOI-0022,2012-06-23,0.3051571221713418,подсолнечник,2012,1,1,development,0.3922153115272522,0.4538634717464447,0.3445195007772069,0.3395094719781909,0.36405538380985014,0.354119145389192
30003,AOI-0022,2012-07-27,0.3032160245482441,подсолнечник,2012,2,1,development,0.3129045069217682,0.2665990889072418,0.3556038120088936,0.34342121047827123,0.3634051489136746,0.35576637101708763
30042,AOI-0022,2012-09-04,0.1783468459859342,подсолнечник,2012,1,1,development,0.28124871850013733,0.28124871850013733,0.20556402710561839,0.20048185193896487,0.2157970066954228,0.2097062124160417
30051,AOI-0022,2012-09-13,0.2785233890214798,подсолнечник,2012,2,1,development,0.22897829115390778,0.19469444453716278,0.27048519362881424,0.2637415588009266,0.28504391913124977,0.2765539335055268
30130,AOI-0022,2013-05-02,0.2204184591426032,подсолнечник,2013,1,1,development,0.24818992614746094,0.2374296486377716,0.21776755282317387,0.22144042155777038,0.21981848853561864,0.22028916399537612
30185,AOI-0022,2013-06-26,0.7804283925303317,подсолнечник,2013,1,1,development,0.801233172416687,0.7623825073242188,0.6706008066269552,0.6709834489671755,0.7302438613651027,0.7055610259584046
30201,AOI-0022,2013-07-12,0.6047980471453134,подсолнечник,2013,1,1,development,0.6672060489654541,0.7192848324775696,0.6006491398184276,0.595679471512859,0.6347165778953855,0.6187475030051135
30217,AOI-0022,2013-07-28,0.4337192185122176,подсолнечник,2013,1,1,development,0.4395791292190552,0.4243474304676056,0.36665643064267084,0.34941955402003066,0.42627434898985933,0.39524958780201325
30242,AOI-0022,2013-08-22,0.2388280853758384,подсолнечник,2013,1,1,development,0.3035758435726166,0.30296772718429565,0.2431826816570947,0.2453425890093409,0.2543644064083383,0.25048978328648436
30370,AOI-0022,2014-05-29,0.862065992517917,подсолнечник,2014,1,1,development,0.8214967846870422,0.8165110349655151,0.8787499977836635,0.8820788838773466,0.8885589173420845,0.885677048074649
30393,AOI-0022,2014-06-21,0.4584639451134151,подсолнечник,2014,1,1,development,0.49745091795921326,0.5167950391769409,0.4711814234309146,0.48568157335510265,0.4879941052461945,0.486225170476861
30394,AOI-0022,2014-06-22,0.3483664251070362,подсолнечник,2014,1,1,development,0.478106826543808,0.5167950391769409,0.4391591024363031,0.4555221048393556,0.42641872223394467,0.43762007551861315
30401,AOI-0022,2014-06-29,0.2919550052765524,подсолнечник,2014,1,1,development,0.3480110764503479,0.3655841648578644,0.3733928765113352,0.36547726175058165,0.33451091076426626,0.34783803154873205
30418,AOI-0022,2014-07-16,0.3080464881491631,подсолнечник,2014,1,1,development,0.3173479735851288,0.30233755707740784,0.3271823659571123,0.33158280793150746,0.3341039795943201,0.3328100081256089
30494,AOI-0022,2014-09-30,0.2864330719399932,подсолнечник,2014,2,1,development,0.19792920351028442,0.197578564286232,0.25812850591502373,0.26298821232398695,0.2621687422443569,0.2622394511750237
30506,AOI-0022,2014-10-12,0.1751289116871823,подсолнечник,2014,1,1,development,0.22653858363628387,0.22671589255332947,0.17451509382032585,0.1726922904070894,0.17264252819908824,0.17276462931344755
30522,AOI-0022,2014-10-28,0.1497037995250238,подсолнечник,2014,1,1,development,0.19972474873065948,0.19972474873065948,0.1664163530233577,0.1642082563677958,0.15290496153979113,0.15773171471924397
30553,AOI-0022,2015-04-29,0.2853907055125407,подсолнечник,2015,1,1,development,0.2881030738353729,0.30823537707328796,0.24413646385605237,0.23586526745261616,0.25344180618805145,0.24658731165355816
30617,AOI-0022,2015-07-02,0.2200505368742572,подсолнечник,2015,1,1,development,0.2975797951221466,0.28404030203819275,0.2399168370350774,0.23843549653472398,0.25158447654217314,0.24619485380266187
30650,AOI-0022,2015-08-04,0.2187056128569615,подсолнечник,2015,1,1,development,0.1824084371328354,0.1946021169424057,0.22035685027093566,0.21918203713894968,0.2221188550534984,0.22096203013903554
30658,AOI-0022,2015-08-12,0.1649912473317701,подсолнечник,2015,1,1,development,0.21219512820243835,0.2168668657541275,0.1934289282188736,0.19342898563863445,0.20016493812905414,0.19736173073386937
30659,AOI-0022,2015-08-13,0.2912466075690419,подсолнечник,2015,2,1,development,0.21352991461753845,0.2168668657541275,0.2655466441040234,0.2614925347729119,0.2737291873039751,0.26886234338142406
30682,AOI-0022,2015-09-05,0.2069651101646569,подсолнечник,2015,1,1,development,0.1659885048866272,0.21053463220596313,0.1991381194670267,0.19757906451051993,0.20049650657379434,0.1993691182378458
30705,AOI-0022,2015-09-28,0.2021616234753561,подсолнечник,2015,1,1,development,0.16422075033187866,0.19333043694496155,0.20443872296259805,0.20947790447510697,0.2029569744408773,0.20539039454392502
30760,AOI-0022,2016-04-23,0.9066620880112586,подсолнечник,2016,1,1,development,0.8873874545097351,0.8873874545097351,0.8615289904352857,0.8774164956889533,0.8791306495681593,0.8775335623781317
30791,AOI-0022,2016-05-24,0.8909057961131951,подсолнечник,2016,2,1,development,0.9058204293251038,0.9042218327522278,0.8607937872659773,0.8620218061796513,0.8803476779880239,0.872652956435328
30841,AOI-0022,2016-07-13,0.250784377247198,подсолнечник,2016,1,1,development,0.30838742852211,0.32302066683769226,0.2830772379756081,0.28170544696170213,0.2810793892112063,0.28141623164890633
30856,AOI-0022,2016-07-28,0.285193469756778,подсолнечник,2016,1,1,development,0.33478301763534546,0.3142944276332855,0.31935412480806413,0.3160445257104984,0.3298470479611288,0.32428714570684614
30880,AOI-0022,2016-08-21,0.214207851008444,подсолнечник,2016,1,1,development,0.2532290518283844,0.24960029125213623,0.23980877702381181,0.2305760817378057,0.22936750886873158,0.23038402608050373
30904,AOI-0022,2016-09-14,0.2273651290835327,подсолнечник,2016,1,1,development,0.2618279755115509,0.2774338126182556,0.21963083070158865,0.21249207766682834,0.22128229601322744,0.21802128626724632
30905,AOI-0022,2016-09-15,0.175227904077511,подсолнечник,2016,1,1,development,0.26405736804008484,0.2774338126182556,0.1904517077107162,0.18151068417523078,0.1656671090479406,0.17275784002404815
30961,AOI-0022,2017-04-11,0.2281945516217274,подсолнечник,2017,0,1,development,0.6498523950576782,0.6635590195655823,0.46611745032589225,0.4325052016165014,0.3983693834715142,0.41444485480184445
30976,AOI-0022,2017-04-26,0.8305092446657155,подсолнечник,2017,0,1,development,0.8231939673423767,0.828630805015564,0.8130063049582591,0.8279655854545234,0.8135394911168663,0.8187108901693011
30992,AOI-0022,2017-05-12,0.9012961852330882,подсолнечник,2017,1,1,development,0.8776183128356934,0.8885546326637268,0.8801371454024866,0.8843988937603836,0.8659510934946828,0.873391191401732
31024,AOI-0022,2017-06-13,0.7940809812329847,подсолнечник,2017,1,1,development,0.7589356899261475,0.7517683506011963,0.7941424394778634,0.8177622077976646,0.8049897090105755,0.808991220860424
31064,AOI-0022,2017-07-23,0.2293772766217236,подсолнечник,2017,1,1,development,0.2867676913738251,0.2626999318599701,0.23539035026251048,0.23141703465376712,0.2470537961977007,0.24076748384401686
31078,AOI-0022,2017-08-06,0.1251758589790583,подсолнечник,2017,0,1,development,0.1475115269422531,0.1475115269422531,0.14175926963475982,0.13462213312609203,0.12161929438226561,0.12742749698526867
31086,AOI-0022,2017-08-14,0.1310239069205517,подсолнечник,2017,0,1,development,0.23294813930988312,0.20389771461486816,0.14701735272975497,0.1461827393001874,0.1374207866629873,0.14111354697343848
31088,AOI-0022,2017-08-16,0.3702032867293013,подсолнечник,2017,1,1,development,0.1748472899198532,0.20389771461486816,0.1889136554730474,0.18956196404662662,0.1971489419988592,0.19395551704792058
31104,AOI-0022,2017-09-01,0.2151481141926343,подсолнечник,2017,1,1,development,0.14897674322128296,0.14350362122058868,0.21483122151630446,0.21207910145170397,0.20598015413646917,0.20867135002935874
31121,AOI-0022,2017-09-18,0.1811803123672328,подсолнечник,2017,0,1,development,0.21308639645576477,0.20299623906612396,0.18682888463045338,0.19252777582704342,0.18218138223601307,0.1861700943997718
31145,AOI-0022,2017-10-12,0.2140825535359825,подсолнечник,2017,1,1,development,0.16459518671035767,0.1801694929599762,0.19913421623566135,0.20087050229853626,0.21106692310174174,0.20672704588933177
31186,AOI-0022,2018-04-23,0.4072513808387316,подсолнечник,2018,2,1,development,0.21335400640964508,0.21415483951568604,0.39326431335281425,0.3958651251006352,0.427577602477251,0.4142356096100288
31192,AOI-0022,2018-04-29,0.279119060771712,подсолнечник,2018,1,1,development,0.21527603268623352,0.21415483951568604,0.24899942136647954,0.23923310388892516,0.24828203759931455,0.24505951863180203
31202,AOI-0022,2018-05-09,0.4623945789294238,подсолнечник,2018,2,1,development,0.2869206666946411,0.2869206666946411,0.5071049903802437,0.504625459471524,0.5105553232780623,0.5082254997268894
31225,AOI-0022,2018-06-01,0.4826786371429872,подсолнечник,2018,1,1,development,0.47577011585235596,0.47577011585235596,0.5219045535565106,0.5173617280301624,0.5091424881006776,0.5128156624572917
31239,AOI-0022,2018-06-15,0.6712250227063441,подсолнечник,2018,0,1,development,0.643564760684967,0.6487381458282471,0.6485955596817933,0.6669816755146102,0.6356923924185899,0.6476908859724502
31314,AOI-0022,2018-08-29,0.2730954312990112,подсолнечник,2018,2,1,development,0.29631656408309937,0.26820725202560425,0.27882107919778226,0.26819989854419657,0.268768267626427,0.2691225341592704
31352,AOI-0022,2018-10-06,0.248416846637223,подсолнечник,2018,1,1,development,0.23724031448364258,0.23438869416713715,0.21440869232287432,0.21780422473807856,0.22013553028623756,0.2189764701226709
31353,AOI-0022,2018-10-07,0.1895875228646827,подсолнечник,2018,1,1,development,0.2315370738506317,0.23438869416713715,0.1647317398434429,0.16321055116648994,0.17231770305603653,0.16861232616240923
31362,AOI-0022,2018-10-16,0.2428419365837027,подсолнечник,2018,2,1,development,0.2209964394569397,0.19994564354419708,0.24062591474087788,0.2464352795536247,0.2698301620505911,0.2597711089399734
31401,AOI-0022,2019-04-25,0.6176725841451363,подсолнечник,2019,1,1,development,0.6071718335151672,0.6056519150733948,0.6345964485455156,0.6380408378680504,0.6488879203479265,0.6441822544794581
31412,AOI-0022,2019-05-06,0.7053973053808318,подсолнечник,2019,0,1,development,0.7982758283615112,0.7932015657424927,0.7657119140590016,0.7560990281237746,0.7562288041167143,0.7567095078502564
31414,AOI-0022,2019-05-08,0.7622499493155909,подсолнечник,2019,0,1,development,0.8185727596282959,0.7932015657424927,0.7996487567766438,0.7818417570089943,0.7888234093347829,0.7869084589440323
31434,AOI-0022,2019-05-28,0.8488924524552622,подсолнечник,2019,0,1,development,0.8657207489013672,0.8562705516815186,0.8152775871006447,0.8213881666005038,0.8192153470638752,0.8197796808905944
31444,AOI-0022,2019-06-07,0.8129129402137726,подсолнечник,2019,0,1,development,0.7424496412277222,0.7510086894035339,0.7946752877877822,0.8089261868581887,0.7615686373217708,0.7804840484144719
31459,AOI-0022,2019-06-22,0.2937887514251305,подсолнечник,2019,0,1,development,0.29668113589286804,0.28936707973480225,0.27284220507326373,0.2652479322213815,0.2555634826679723,0.2600161470215013
31465,AOI-0022,2019-06-28,0.3096459735780055,подсолнечник,2019,1,1,development,0.22813783586025238,0.21179798245429993,0.285735258785545,0.2916083986267123,0.28146445916497576,0.2853592264422524
31507,AOI-0022,2019-08-09,0.2164970657695349,подсолнечник,2019,0,1,development,0.22448284924030304,0.22448284924030304,0.1905437589668214,0.18287251834003843,0.19891505333995194,0.192665570853584
31543,AOI-0022,2019-09-14,0.2491542788953289,подсолнечник,2019,2,1,development,0.16270598769187927,0.17012616991996765,0.21669105630405552,0.22165662715539824,0.2521760404978247,0.2391990096447063
31544,AOI-0022,2019-09-15,0.1360326587196481,подсолнечник,2019,0,1,development,0.17754633724689484,0.17012616991996765,0.1338784578836687,0.13056102640165348,0.1343545238284676,0.13296036875525202
31552,AOI-0022,2019-09-23,0.0566362368828417,подсолнечник,2019,0,1,development,0.15845561027526855,0.14761874079704285,0.0859316348097665,0.09295986590196777,0.10974074506865147,0.10236634766553296
31561,AOI-0022,2019-10-02,0.2468976642088187,подсолнечник,2019,1,1,development,0.08678385615348816,0.14394667744636536,0.18546462702238292,0.19688406058872915,0.19662464578715586,0.19609740389066593
31579,AOI-0022,2019-10-20,-0.0166486509508168,подсолнечник,2019,0,1,development,0.18446649610996246,0.18446649610996246,0.05277550510705527,0.029192402027946266,0.13205897444885223,0.09056227184107699
31585,AOI-0022,2019-10-26,0.1858771877111489,подсолнечник,2019,1,1,development,0.1354745626449585,0.14360825717449188,0.24353819710779936,0.25776946556869357,0.22754903894960635,0.23933383269169747
31591,AOI-0022,2020-04-02,0.1979408333650428,подсолнечник,2020,0,1,development,0.19673776626586914,0.19673776626586914,0.23549124477601655,0.2362588273480352,0.20741338696344286,0.21937488157798052
31629,AOI-0022,2020-05-10,0.3208282455568612,подсолнечник,2020,0,1,development,0.5194228291511536,0.5044615864753723,0.2656810141721698,0.2905656667547048,0.2748206339354619,0.27998882401131137
31631,AOI-0022,2020-05-12,0.3575064935712993,подсолнечник,2020,0,1,development,0.45957785844802856,0.5044615864753723,0.36727980539466737,0.38654806000776165,0.3399527651482938,0.3582718724575792
31636,AOI-0022,2020-05-17,0.3518922583271222,подсолнечник,2020,0,1,development,0.42059627175331116,0.4217286705970764,0.4014418991080932,0.4086441869598855,0.3824068994877512,0.3929250702838713
31643,AOI-0022,2020-05-24,0.7752967269007843,подсолнечник,2020,2,1,development,0.5143498778343201,0.5017814040184021,0.7314672202635377,0.7157372984916807,0.7585134477467306,0.741586881643599
31676,AOI-0022,2020-06-26,0.6525708299853932,подсолнечник,2020,0,1,development,0.4588026702404022,0.4646405279636383,0.5516628860625585,0.5312291096705347,0.5261004865040243,0.5293714076074731
31695,AOI-0022,2020-07-15,0.2945013659183835,подсолнечник,2020,1,1,development,0.211684912443161,0.211684912443161,0.277505067375751,0.2771432204402657,0.32026510249854295,0.30233981825946116
31719,AOI-0022,2020-08-08,0.14760918291391,подсолнечник,2020,0,1,development,0.16916030645370483,0.16547872126102448,0.16496358180354875,0.1722085039436261,0.15576383889699483,0.16220438374315116
31724,AOI-0022,2020-08-13,0.1386075400932552,подсолнечник,2020,0,1,development,0.25783759355545044,0.23249518871307373,0.143337845546674,0.14729791385115204,0.1332852448095249,0.13889641888234672
31726,AOI-0022,2020-08-15,0.1483470758347872,подсолнечник,2020,0,1,development,0.20715279877185822,0.23249518871307373,0.1493069587226142,0.15103918948861095,0.14660937383426256,0.14835651208044665
31756,AOI-0022,2020-09-14,0.1782813117347646,подсолнечник,2020,0,1,development,0.25563573837280273,0.2359081506729126,0.16192927004956817,0.1669937393424064,0.16829018161274664,0.16746895200997197
31759,AOI-0022,2020-09-17,0.171983490678297,подсолнечник,2020,0,1,development,0.21618054807186127,0.2359081506729126,0.1587958580520738,0.1617440811755991,0.16696112995915538,0.16462603294998124
31771,AOI-0022,2020-09-29,0.2303250596658712,подсолнечник,2020,2,1,development,0.14231815934181213,0.15030694007873535,0.20015428273116706,0.224060152177162,0.21673115504365909,0.218451409121866
31779,AOI-0022,2020-10-07,0.1616637697642811,подсолнечник,2020,0,1,development,0.15829572081565857,0.15030694007873535,0.15730333610574043,0.1589540303764156,0.15840365653223537,0.15854087884633664
31809,AOI-0022,2021-04-07,0.505164064098193,подсолнечник,2021,2,1,development,0.4054093658924103,0.4485860764980316,0.4956070579520444,0.507349305332061,0.570816128050975,0.5437509006373586
31817,AOI-0022,2021-04-15,0.4911321339162973,подсолнечник,2021,0,1,development,0.45475417375564575,0.4485860764980316,0.49322572351544863,0.48225322277693483,0.4969124526289484,0.49142227081412826
31872,AOI-0022,2021-06-09,0.863829650767572,подсолнечник,2021,0,1,development,0.6668919324874878,0.7295698523521423,0.8274084307318703,0.8107742543897686,0.8258894225501494,0.8205244266112939
31889,AOI-0022,2021-06-26,0.4097212377007451,подсолнечник,2021,0,1,development,0.34186747670173645,0.4064621031284332,0.37854072934775324,0.40882409905643224,0.4385915072919224,0.4245191409135819
31919,AOI-0022,2021-07-26,0.1695271494305366,подсолнечник,2021,0,1,development,0.17561736702919006,0.17652451992034912,0.18804430165181954,0.18862995026234927,0.17504008830771933,0.18066300882702094
31921,AOI-0022,2021-07-28,0.3219057961131948,подсолнечник,2021,2,1,development,0.1792459636926651,0.17652451992034912,0.29074424212762506,0.29059999895738453,0.31141772413569746,0.30276233511956013
31924,AOI-0022,2021-07-31,0.1805232224666509,подсолнечник,2021,0,1,development,0.18172764778137207,0.18222816288471222,0.18589202225607138,0.18248888754133583,0.18248760232188707,0.18267743440221101
31927,AOI-0022,2021-08-03,0.1753413300766625,подсолнечник,2021,0,1,development,0.18272869288921356,0.18222816288471222,0.17780795613177866,0.17094461484879875,0.17515653142556176,0.17378548789269727
31932,AOI-0022,2021-08-08,0.167427445047639,подсолнечник,2021,0,1,development,0.19410938024520874,0.19589492678642273,0.16542522764936976,0.16744411029689954,0.17177445518356818,0.16986005892674994
31953,AOI-0022,2021-08-29,0.3111219229457894,подсолнечник,2021,2,1,development,0.18487191200256348,0.18487191200256348,0.3069810412069141,0.293302920358258,0.33574587030956116,0.31884383681876943
31969,AOI-0022,2021-09-14,0.1672726652578443,подсолнечник,2021,0,1,development,0.18067623674869537,0.1808646321296692,0.20331610442716994,0.19487349845400237,0.1859008502145901,0.1901044824775101
32007,AOI-0022,2021-10-22,0.203226062943446,подсолнечник,2021,0,1,development,0.23709805309772491,0.2399047613143921,0.18775923650004991,0.19675561210742484,0.20440239141976055,0.20071972381861775
32022,AOI-0022,2022-04-07,0.187964966925869,подсолнечник,2022,0,1,development,0.17318080365657806,0.1753077656030655,0.2318431288507667,0.26892922269004943,0.1959815005191525,0.22427621133932296
32070,AOI-0022,2022-05-25,0.2377812443816624,подсолнечник,2022,0,1,development,0.31438422203063965,0.2848287522792816,0.44958030191361525,0.4553666323192638,0.39041821094294615,0.4171249977822703
32075,AOI-0022,2022-05-30,0.3138057604880141,подсолнечник,2022,0,1,development,0.32412204146385193,0.32075226306915283,0.31901987211481614,0.32587658886151827,0.3303664959785665,0.3281165955291581
32085,AOI-0022,2022-06-09,0.5597023857266897,подсолнечник,2022,0,1,development,0.6334235072135925,0.6334235072135925,0.5898967466157679,0.5868813291239362,0.581930405753534,0.5841584908321019
32095,AOI-0022,2022-06-19,0.7869798364610157,подсолнечник,2022,1,1,development,0.7372134923934937,0.6834847927093506,0.7313466140110083,0.7541740208171903,0.7699717265247088,0.7621276630239193
32102,AOI-0022,2022-06-26,0.7934032390044324,подсолнечник,2022,2,1,development,0.82082599401474,0.8233412504196167,0.708226554926076,0.7226105029479533,0.7454720607936722,0.735157997911011
32119,AOI-0022,2022-07-13,0.8452544343535244,подсолнечник,2022,1,1,development,0.8239365816116333,0.8239365816116333,0.8132371806115445,0.8220971712110556,0.8172218994806776,0.8187579395978246
32159,AOI-0022,2022-08-22,0.3546841951695031,подсолнечник,2022,1,1,development,0.3503226935863495,0.4160773754119873,0.36353315972308003,0.3609489984030071,0.36204205790455757,0.3617309174448906
32165,AOI-0022,2022-08-28,0.2493378708362791,подсолнечник,2022,0,1,development,0.2810252904891968,0.28498780727386475,0.24984208707520095,0.2510887849806478,0.23926968862613512,0.24411892471237123
32170,AOI-0022,2022-09-02,0.1842892630192442,подсолнечник,2022,0,1,development,0.21748550236225128,0.20044399797916412,0.17989651588079714,0.18501769416682445,0.1812455336548532,0.1825304769699182
32182,AOI-0022,2022-09-14,0.1639536504816789,подсолнечник,2022,0,1,development,0.24559754133224487,0.22105582058429718,0.21800437641290404,0.21770138534109507,0.23233631945983557,0.2262627636822536
32216,AOI-0022,2022-10-18,0.2724350768302941,подсолнечник,2022,1,1,development,0.20896266400814056,0.20896266400814056,0.27026881722735163,0.2689811833690259,0.2516376087851853,0.25892685791257114
32230,AOI-0022,2023-04-02,0.6685142105667816,подсолнечник,2023,0,1,development,0.6541163921356201,0.6541163921356201,0.569208397925844,0.5815225217062434,0.5714818028576735,0.5749753386186182
32251,AOI-0022,2023-04-23,0.854066041595636,подсолнечник,2023,2,1,development,0.8138914108276367,0.8058879971504211,0.8068681857948449,0.8064318497428181,0.8308839862846911,0.8207323641902062
32267,AOI-0022,2023-05-09,0.8878077395158543,подсолнечник,2023,2,1,development,0.8448196053504944,0.8448196053504944,0.880792721298532,0.8884692735624748,0.8548966388604847,0.8684410746622486
32310,AOI-0022,2023-06-21,0.4435920604971727,подсолнечник,2023,0,1,development,0.5370365381240845,0.5541171431541443,0.4469490668869325,0.45280090738114176,0.4665394407163318,0.4604965684882999
32312,AOI-0022,2023-06-23,0.4577776347840314,подсолнечник,2023,1,1,development,0.4367993474006653,0.4367993474006653,0.4305488816481537,0.4321766406847189,0.46934518173749773,0.45378674298349364
32319,AOI-0022,2023-06-30,0.4024288053488819,подсолнечник,2023,1,1,development,0.25215813517570496,0.2481726109981537,0.34202326607344685,0.34478457967878595,0.338836725492814,0.3411583618553835
32358,AOI-0022,2023-08-08,0.1582184581993683,подсолнечник,2023,0,1,development,0.20067425072193146,0.18552282452583313,0.15570349289486346,0.1590188186306922,0.15261758613372334,0.15509708183283416
32370,AOI-0022,2023-08-20,0.1607890694423705,подсолнечник,2023,0,1,development,0.15131092071533203,0.15246973931789398,0.15831737252712305,0.1530099205588921,0.15152788212852442,0.15243986436709273
32405,AOI-0022,2023-09-24,0.1625076643437067,подсолнечник,2023,0,1,development,0.18785876035690308,0.18785876035690308,0.17580088605816924,0.1713310570338248,0.16607574587897583,0.16851140435904194
32408,AOI-0022,2023-09-27,0.1725298437145666,подсолнечник,2023,0,1,development,0.20731934905052185,0.19967541098594666,0.1946327382898852,0.19332723037488359,0.18359428967005256,0.1877173252906249
32413,AOI-0022,2023-10-02,0.1563711105222177,подсолнечник,2023,0,1,development,0.22009164094924927,0.22009164094924927,0.17284858325969565,0.16904789177792295,0.18224284719037206,0.1769631039698754
32418,AOI-0022,2023-10-07,0.1973216708288602,подсолнечник,2023,0,1,development,0.21915826201438904,0.21819961071014404,0.19921766736994093,0.19392157890440867,0.20429266350672126,0.200271270392206
32420,AOI-0022,2023-10-09,0.1939122490525268,подсолнечник,2023,0,1,development,0.21724095940589905,0.21819961071014404,0.18491261846633295,0.17966350445145315,0.17792407440422853,0.1789399265878721
32450,AOI-0022,2024-04-09,0.2294689778159596,подсолнечник,2024,0,1,development,0.22388707101345062,0.2206989824771881,0.21544303388876154,0.2188992748493262,0.2260532073731113,0.22288380721891576
32455,AOI-0022,2024-04-14,0.2271440454622203,подсолнечник,2024,0,1,development,0.3208147883415222,0.29223835468292236,0.23826290670428935,0.23902142497566375,0.25891137639831296,0.25059187006795214
32492,AOI-0022,2024-05-21,0.18644140269595,подсолнечник,2024,0,1,development,0.2950047552585602,0.3947966992855072,0.1780381069928647,0.18618950798339517,0.18163110287310263,0.1830746920303914
32517,AOI-0022,2024-06-15,0.1795379933120805,подсолнечник,2024,0,1,development,0.22725053131580353,0.2028253972530365,0.1575410636967745,0.16876087406189097,0.14682289378896463,0.15532841174896445
32520,AOI-0022,2024-06-18,0.1698706136551204,подсолнечник,2024,0,1,development,0.21748939156532288,0.1963254064321518,0.17372842199300909,0.17584365630030221,0.16906860999556633,0.17177042472712828
32534,AOI-0022,2024-07-02,0.2248514652501664,подсолнечник,2024,1,1,development,0.1548987627029419,0.14915794134140015,0.21729309212075376,0.22625476033549935,0.2404938757091592,0.23406970126170926
32540,AOI-0022,2024-07-08,0.2021802025186031,подсолнечник,2024,0,1,development,0.16747094690799713,0.16780905425548553,0.15046199135844426,0.15496481248396946,0.16295692318035787,0.15938049514064379
32552,AOI-0022,2024-07-20,0.1245841558129592,подсолнечник,2024,0,1,development,0.19259196519851685,0.17909011244773865,0.13933856731891595,0.13805174565040418,0.13722611588603137,0.1376412849640753
32572,AOI-0022,2024-08-09,0.147439803955296,подсолнечник,2024,0,1,development,0.21036598086357117,0.18883059918880463,0.156468569508247,0.15454291392415415,0.14647342583262438,0.14993870169385565
32617,AOI-0022,2024-09-23,0.1676712209609978,подсолнечник,2024,0,1,development,0.15264958143234253,0.15171168744564056,0.16672502762793973,0.15849229877188645,0.15605770363076465,0.15752881434563484
32630,AOI-0022,2024-10-06,0.1509476544412471,подсолнечник,2024,0,1,development,0.1655247062444687,0.13485029339790344,0.14241900883732556,0.14595356640648197,0.14978605458600067,0.1479945357101832
32650,AOI-0022,2024-10-26,0.1612318585739445,подсолнечник,2024,0,1,development,0.18765923380851746,0.18765923380851746,0.14356816876524603,0.13796948249324173,0.14642570048191197,0.14321802160231983
63798,AOI-0048,2010-06-11,0.8433787762504394,зерновые,2010,1,1,development,0.8246368169784546,0.8246368169784546,0.8413560806517939,0.8265117239022779,0.8203246209614483,0.823725126373305
63845,AOI-0048,2010-07-28,0.3343974553329723,зерновые,2010,2,1,development,0.2655133903026581,0.29898175597190857,0.37697199200115145,0.3575698823703973,0.3550122331006201,0.35715584326132577
63847,AOI-0048,2010-07-30,0.3197945942565108,зерновые,2010,1,1,development,0.2510770261287689,0.24123622477054596,0.2658142401134657,0.270820720486052,0.2685029889759417,0.2691890435485755
63870,AOI-0048,2010-08-22,0.2379288651089134,зерновые,2010,1,1,development,0.2519029378890991,0.23267890512943268,0.22243722546724207,0.2238824334570072,0.23353296340063476,0.22943645274918043
63877,AOI-0048,2010-08-29,0.2908212506767731,зерновые,2010,2,1,development,0.2168358564376831,0.23411715030670166,0.2827952598958616,0.2846780769624179,0.27705772173498416,0.2801242445526654
63879,AOI-0048,2010-08-31,0.2212009412306609,зерновые,2010,1,1,development,0.2144031822681427,0.2435220628976822,0.21191434536476708,0.21199015228492896,0.20703600500059371,0.20909348431434943
63946,AOI-0048,2011-04-07,0.444532133188955,зерновые,2011,2,1,development,0.34924474358558655,0.34924474358558655,0.4120903538129883,0.38456575489721795,0.4066998849866676,0.3990196817993301
63978,AOI-0048,2011-05-09,0.8600904574986468,зерновые,2011,2,1,development,0.711689293384552,0.6143430471420288,0.7436855536419423,0.7409284886354642,0.7870991809448737,0.7680383498132882
63994,AOI-0048,2011-05-25,0.853768760151597,зерновые,2011,2,1,development,0.805092990398407,0.8037546873092651,0.8055831287179571,0.7923143563956442,0.7733013367019899,0.7819517780187534
64054,AOI-0048,2011-07-24,0.2324234994730668,зерновые,2011,1,1,development,0.29439231753349304,0.2925787568092346,0.24977806777223302,0.2560929609830226,0.2569024887541554,0.25621433729183773
64094,AOI-0048,2011-09-02,0.1749293692455756,зерновые,2011,1,1,development,0.2730826437473297,0.27562662959098816,0.2171325119663967,0.21392099715067103,0.2481009917921197,0.2340554348627148
64102,AOI-0048,2011-09-10,0.1576320560926008,зерновые,2011,1,1,development,0.14610232412815094,0.19979560375213623,0.20669757127607225,0.1949585551273867,0.19254005040222796,0.1941995000271235
64238,AOI-0048,2012-06-25,0.2116668099708422,зерновые,2012,1,1,development,0.23144333064556122,0.24032746255397797,0.24360419004828873,0.21930189800694969,0.21084938280995363,0.21571874387317144
64309,AOI-0048,2012-09-04,0.208045478275251,зерновые,2012,1,1,development,0.21098293364048004,0.20690712332725525,0.16954421394056146,0.1642224393872075,0.20041419331004198,0.18564881340559228
64350,AOI-0048,2012-10-15,0.5217384677855982,зерновые,2012,2,1,development,0.24947890639305115,0.24947890639305115,0.24352574194950946,0.22189846690813722,0.2613835100052415,0.24615459265531364
64404,AOI-0048,2013-05-09,0.8351684082295614,зерновые,2013,2,1,development,0.8570379018783569,0.85849529504776,0.8529852216917699,0.8566424086377039,0.8451090244417201,0.849705277882024
64454,AOI-0048,2013-06-28,0.2004185191081046,зерновые,2013,1,1,development,0.2528539299964905,0.2219121754169464,0.2299549576102268,0.22736689947596564,0.22361158141634194,0.22531833708028248
64477,AOI-0048,2013-07-21,0.2184653834016985,зерновые,2013,1,1,development,0.26512399315834045,0.2647683024406433,0.2290836963567184,0.22631588201230518,0.23237465881356317,0.23000722298545317
64501,AOI-0048,2013-08-14,0.5153188455950368,зерновые,2013,1,1,development,0.4800659120082855,0.4800659120082855,0.4962135315961458,0.49788946440892523,0.479657193435117,0.4871514319892379
64532,AOI-0048,2013-09-14,0.2560441797509474,зерновые,2013,2,1,development,0.28834861516952515,0.29825106263160706,0.33808013371499523,0.33277292619285015,0.3321283941981859,0.332691829864863
64617,AOI-0048,2014-05-09,0.3879031266919328,зерновые,2014,2,1,development,0.3625424802303314,0.3371714651584625,0.4912173628760099,0.5064946331921121,0.5003934070260359,0.5020826777699021
64629,AOI-0048,2014-05-21,0.2675904450993588,зерновые,2014,1,1,development,0.35273095965385437,0.3724691569805145,0.3490777663447959,0.34432150336458783,0.3469322647760097,0.3461103459903099
64669,AOI-0048,2014-06-30,0.7192902347658009,зерновые,2014,1,1,development,0.680171012878418,0.6792184114456177,0.6769613405856827,0.6848456543578704,0.7098675401676637,0.6990159828217533
64701,AOI-0048,2014-08-01,0.3157223880345205,зерновые,2014,1,1,development,0.26924964785575867,0.2863203287124634,0.28273104469744925,0.2852692819882968,0.2902757353982723,0.2880510840326899
64726,AOI-0048,2014-08-26,0.2323824736157886,зерновые,2014,1,1,development,0.2231351137161255,0.20981694757938385,0.21522672053204664,0.21621064534246687,0.2050930592577305,0.20966497452047167
64733,AOI-0048,2014-09-02,0.206881180318319,зерновые,2014,1,1,development,0.16824451088905334,0.19482165575027466,0.2036849954788865,0.20486176437801945,0.19519612415683618,0.19915307721847414
64761,AOI-0048,2014-09-30,0.237391147807255,зерновые,2014,2,1,development,0.20978666841983795,0.20921669900417328,0.22820181035373868,0.22125988172925978,0.2406139146753699,0.23294576632590583
64766,AOI-0048,2014-10-05,0.1494785631892252,зерновые,2014,1,1,development,0.19901351630687714,0.18037351965904236,0.14715953702193565,0.15140326367553458,0.1531634904707861,0.1521949076443705
64798,AOI-0048,2015-04-07,0.343461166756903,зерновые,2015,2,1,development,0.2831542193889618,0.31651872396469116,0.4357895670288745,0.37774673145202625,0.4427670437988113,0.4189370743795333
64838,AOI-0048,2015-05-17,0.7721120896449923,зерновые,2015,1,1,development,0.8090084195137024,0.8106777667999268,0.8148710776694683,0.8109643127582689,0.8003594258384552,0.8049900200251059
64925,AOI-0048,2015-08-12,0.2026221146206455,зерновые,2015,1,1,development,0.2601306736469269,0.26588529348373413,0.2533666543417968,0.2465750992142932,0.23021873063733597,0.23740330063892234
64941,AOI-0048,2015-08-28,0.1801982705780729,зерновые,2015,1,1,development,0.22195035219192505,0.20182418823242188,0.21251650509215594,0.2106470533996434,0.1993878706441374,0.2041774294253919
64958,AOI-0048,2015-09-14,0.3194280184082296,зерновые,2015,2,1,development,0.22382302582263947,0.22382302582263947,0.29794405400152396,0.2964676893783281,0.28784175524409183,0.2915136077025394
64982,AOI-0048,2015-10-08,0.2048623963879689,зерновые,2015,1,1,development,0.25446146726608276,0.2553096115589142,0.21840698207467005,0.217017631715976,0.21335156658729015,0.214954501779746
65013,AOI-0048,2016-04-09,0.2366236906654636,зерновые,2016,1,1,development,0.19437097012996674,0.20932519435882568,0.2191560361846249,0.21871742811016412,0.21958376946686298,0.21924763397732666
65045,AOI-0048,2016-05-11,0.3739822980377507,зерновые,2016,1,1,development,0.36382365226745605,0.3804788589477539,0.3731663299847075,0.3717884957284531,0.4045071845981581,0.39096776088830465
65090,AOI-0048,2016-06-25,0.3132484028153763,зерновые,2016,2,1,development,0.19505473971366882,0.20520548522472382,0.30664620999805314,0.2981261789863775,0.30781303572550983,0.3042557176301555
65100,AOI-0048,2016-07-05,0.2538249893883832,зерновые,2016,1,1,development,0.17729178071022034,0.1791418194770813,0.214938218045194,0.22411260396300486,0.20690312790214624,0.21355462790824653
65149,AOI-0048,2016-08-23,0.1771689414902234,зерновые,2016,1,1,development,0.2231343537569046,0.20143450796604156,0.17403921617113202,0.1741207346418766,0.17948404797295844,0.17724754080060406
65154,AOI-0048,2016-08-28,0.2550250406063887,зерновые,2016,2,1,development,0.18696795403957367,0.20143450796604156,0.25671344607509533,0.2559342225964754,0.2620526136943739,0.25954975492743954
65186,AOI-0048,2016-09-29,0.2810691526800216,зерновые,2016,2,1,development,0.17191170156002045,0.18774934113025665,0.2936673599888509,0.28547863414918534,0.28882917143183634,0.28789031937963505
65213,AOI-0048,2016-10-26,0.2558681250963797,зерновые,2016,1,1,development,0.2970399856567383,0.2970399856567383,0.270218158203182,0.25311604108969815,0.26733789192224866,0.2623706838834207
65240,AOI-0048,2017-04-23,0.7743988359501898,зерновые,2017,2,1,development,0.5600871443748474,0.5162033438682556,0.7668825360863947,0.7373861286989642,0.7392874249680872,0.740136909038102
65284,AOI-0048,2017-06-06,0.8402488944186486,зерновые,2017,1,1,development,0.7776497602462769,0.8132277131080627,0.8486664194869824,0.8401103630130569,0.8189688127603156,0.8282429120855832
65288,AOI-0048,2017-06-10,0.6835309420682186,зерновые,2017,2,1,development,0.7960824370384216,0.8061798214912415,0.7114330257873411,0.7047600509104353,0.7249110612519705,0.7168962859308257
65316,AOI-0048,2017-07-08,0.4978472219512914,зерновые,2017,1,1,development,0.39815762639045715,0.42417871952056885,0.40636294733950745,0.3985489403630037,0.43760417851762495,0.4217857725396985
65325,AOI-0048,2017-07-17,0.4022014366166198,зерновые,2017,1,1,development,0.3423226773738861,0.3124726712703705,0.2747938107608551,0.2787665840763035,0.29962689290221683,0.29072477600980434
65350,AOI-0048,2017-08-11,0.1500015148844117,зерновые,2017,0,1,development,0.1862863153219223,0.2006242424249649,0.15306924424669746,0.1500612236344647,0.14853303578143867,0.14933631893605287
65373,AOI-0048,2017-09-03,0.2336416803213223,зерновые,2017,1,1,development,0.23245498538017273,0.22267337143421173,0.20025472547964293,0.1989294933844894,0.22378422287029817,0.21351450376016057
65400,AOI-0048,2017-09-30,0.1838635071329917,зерновые,2017,0,1,development,0.1986721307039261,0.2047126293182373,0.20852845666727016,0.20318850693289014,0.2192296232343309,0.21285105455695263
65404,AOI-0048,2017-10-04,0.1868048474920779,зерновые,2017,1,1,development,0.22283409535884857,0.2047126293182373,0.1873374917903173,0.19055443978770392,0.1788454480702272,0.18353926957486957
65436,AOI-0048,2018-04-06,0.1988996145178929,зерновые,2018,1,1,development,0.1462465524673462,0.1462465524673462,0.1830863443290642,0.16723581630159332,0.20413085815293947,0.18965845634713924
65444,AOI-0048,2018-04-14,0.1695134207664785,зерновые,2018,1,1,development,0.19839046895503998,0.1760430783033371,0.16771104101387976,0.17106866594208076,0.18713487050624578,0.18026206408563458
65477,AOI-0048,2018-05-17,0.3661782525446775,зерновые,2018,1,1,development,0.35982611775398254,0.39456868171691895,0.35215451275623194,0.3502097046934368,0.37088865205208,0.3623911714898842
65581,AOI-0048,2018-08-29,0.1813438791077622,зерновые,2018,1,1,development,0.22339500486850739,0.20097564160823822,0.20552842023370516,0.20874043353364272,0.20244626337433203,0.2048869511737429
65596,AOI-0048,2018-09-13,0.2290239636813885,зерновые,2018,1,1,development,0.2500109374523163,0.2391483336687088,0.23736380167681126,0.23080961137345188,0.2579258540955421,0.24700585115074628
65628,AOI-0048,2018-10-15,0.2205112966930101,зерновые,2018,1,1,development,0.21951059997081757,0.22078940272331238,0.24903822039806658,0.2543001179134957,0.24816687389259323,0.2504265678610783
65629,AOI-0048,2018-10-16,0.160866243569078,зерновые,2018,1,1,development,0.2220682054758072,0.22078940272331238,0.21310141525090248,0.2035605552348741,0.22224223476800445,0.21499845396646333
65700,AOI-0048,2019-05-27,0.847185980898316,зерновые,2019,1,1,development,0.8179793357849121,0.8159225583076477,0.839137130377717,0.8411672442898983,0.8619134226108291,0.8531668609727
65706,AOI-0048,2019-06-02,0.7624747654842231,зерновые,2019,0,1,development,0.7632789611816406,0.7809231877326965,0.7636455606185981,0.7687449548667757,0.7681746921175336,0.7681283595422366
65749,AOI-0048,2019-07-15,0.1999320058434074,зерновые,2019,1,1,development,0.20852623879909515,0.19732646644115448,0.17613326971548626,0.18255014209858708,0.1697332617418254,0.1747101435010994
65765,AOI-0048,2019-07-31,0.2902624705008452,зерновые,2019,1,1,development,0.3343273401260376,0.3747445046901703,0.3056154457760415,0.3092341166855121,0.3197733843646534,0.31518612303875704
65772,AOI-0048,2019-08-07,0.4074456242917744,зерновые,2019,1,1,development,0.3256176710128784,0.3256176710128784,0.40134272893148765,0.39322534792667835,0.36828041572380515,0.3791129126152513
65789,AOI-0048,2019-08-24,0.3122429489356582,зерновые,2019,1,1,development,0.23059655725955963,0.23489783704280853,0.29573478682624743,0.2825392872090898,0.291550415053121,0.2885343753084849
65804,AOI-0048,2019-09-08,0.2494237616195121,зерновые,2019,1,1,development,0.2764366567134857,0.26541826128959656,0.2342677181063538,0.2420794464120708,0.22865728185887743,0.23380846802890032
65806,AOI-0048,2019-09-10,0.2413972828905374,зерновые,2019,0,1,development,0.2828133702278137,0.2758508324623108,0.24232182754813358,0.24064167118251828,0.2379820693523957,0.23918233513053533
65826,AOI-0048,2019-09-30,0.3452708581483487,зерновые,2019,2,1,development,0.25869524478912354,0.26069581508636475,0.28340720817790815,0.28784472293133656,0.30737068417352337,0.2989980125205923
65841,AOI-0048,2019-10-15,0.3055585603664595,зерновые,2019,0,1,development,0.40713682770729065,0.3841807544231415,0.3132638851710508,0.3100111147917561,0.31030703910257473,0.3103648218574474
65852,AOI-0048,2019-10-26,0.2946927920330572,зерновые,2019,1,1,development,-0.009957573376595974,-0.009957573376595974,0.3422595269537089,0.35621738166176864,0.30571869804562585,0.32595761001491386
65858,AOI-0048,2020-04-02,0.2873252424863443,зерновые,2020,0,1,development,0.2768876254558563,0.2768876254558563,0.2795239508398772,0.2664241090798402,0.26662128309699634,0.2672678984924566
65860,AOI-0048,2020-04-04,0.3176227482819858,зерновые,2020,1,1,development,0.3151215612888336,0.33423852920532227,0.28148397876994136,0.2891917516825341,0.29370779866518093,0.29139968050069864
65875,AOI-0048,2020-04-19,0.2999115953971112,зерновые,2020,1,1,development,0.30590513348579407,0.30747172236442566,0.31578096448328025,0.31902662457025194,0.32429842020534466,0.321923995244428
65898,AOI-0048,2020-05-12,0.6401845719591648,зерновые,2020,0,1,development,0.7011800408363342,0.7462086081504822,0.6638942126295808,0.6588893250939953,0.6338052882526338,0.6445225438227808
65924,AOI-0048,2020-06-07,0.8361139597893912,зерновые,2020,1,1,development,0.8103424310684204,0.80592942237854,0.750261512018496,0.7659405826176676,0.7726311296035455,0.7689746827110565
65926,AOI-0048,2020-06-09,0.5355170411478073,зерновые,2020,2,1,development,0.8044584393501282,0.80592942237854,0.6668828640487932,0.6756796329837741,0.6690653341042414,0.6713285967349445
65931,AOI-0048,2020-06-14,0.7256186373412071,зерновые,2020,1,1,development,0.32904696464538574,0.48555612564086914,0.5878084669068878,0.5839497355106945,0.557420353036519,0.5686753430390239
65948,AOI-0048,2020-07-01,0.2103164582687531,зерновые,2020,0,1,development,0.4570687413215637,0.360588014125824,0.28930792085687024,0.26882477965809126,0.2907797419589601,0.28278242378741536
65996,AOI-0048,2020-08-18,0.1397155485934989,зерновые,2020,1,1,development,0.15445226430892944,0.14385387301445007,0.13534040306396153,0.13196630196221462,0.11804538971316018,0.12402633724744294
66027,AOI-0048,2020-09-18,0.1765059531231345,зерновые,2020,1,1,development,0.1277003139257431,0.15669573843479156,0.17282420740922572,0.16628992347343444,0.18425727479082188,0.17714352675636236
66051,AOI-0048,2020-10-12,0.109117415693268,зерновые,2020,1,1,development,0.16090166568756104,0.15134906768798828,0.11182840099039089,0.11105921219447132,0.11538267798935546,0.11362622922623805
66111,AOI-0048,2021-05-12,0.7269176185407358,зерновые,2021,0,1,development,0.8169146180152893,0.8167437314987183,0.7878618242369696,0.7637779382525631,0.7451120609594489,0.7542196209282976
66124,AOI-0048,2021-05-25,0.8788638738494862,зерновые,2021,2,1,development,0.7486239075660706,0.7374299168586731,0.8038336117952898,0.7971941542535379,0.7866981181305599,0.7914354177605816
66148,AOI-0048,2021-06-18,0.7559415784710908,зерновые,2021,1,1,development,0.6418063044548035,0.6107875108718872,0.6903902917299779,0.7023241765444957,0.7095876344639737,0.7059010910956474
66151,AOI-0048,2021-06-21,0.6470070792290153,зерновые,2021,0,1,development,0.6107875108718872,0.6107875108718872,0.637838629543562,0.6212323129710975,0.6640718357954372,0.6471676453377819
66163,AOI-0048,2021-07-03,0.4489391857576999,зерновые,2021,1,1,development,0.32569801807403564,0.3232560157775879,0.3793736762193847,0.38423038081376387,0.3758166145470721,0.37904789917013343
66219,AOI-0048,2021-08-28,0.3504991433876258,зерновые,2021,1,1,development,0.37691906094551086,0.3493843674659729,0.3760177477952006,0.385827521483302,0.3675492401575542,0.37461018639103194
66266,AOI-0048,2021-10-14,0.3253415861985406,зерновые,2021,0,1,development,0.5917677283287048,0.5762649774551392,0.567992891726657,0.5732859754953499,0.5504498167028884,0.559658787104739
66309,AOI-0048,2022-04-27,0.4975519076521852,зерновые,2022,0,1,development,0.5229225158691406,0.5187993049621582,0.4975245503155457,0.5088669009610999,0.47903697716831434,0.4908199552183826
66349,AOI-0048,2022-06-06,0.1361351107945839,зерновые,2022,0,1,development,0.24948084354400635,0.24423903226852417,0.18439137577867326,0.18486550015791056,0.15984543716654787,0.17023130306887052
66374,AOI-0048,2022-07-01,0.1582104381618319,зерновые,2022,0,1,development,0.2230108380317688,0.2049652338027954,0.16982131456714078,0.1690539697412495,0.16565689091224117,0.1671132872889818
66385,AOI-0048,2022-07-12,0.2141923264432707,зерновые,2022,1,1,development,0.22437021136283875,0.21848618984222412,0.21738444839042342,0.22259373368513818,0.22558257702619677,0.22404898997876266
66397,AOI-0048,2022-07-24,0.1982536453904152,зерновые,2022,1,1,development,0.2631642520427704,0.2523879110813141,0.19155489623902672,0.18433152024629607,0.20356067255789093,0.1959601493139734
66403,AOI-0048,2022-07-30,0.2420047550999523,зерновые,2022,1,1,development,0.17626327276229858,0.17626327276229858,0.23436453937808452,0.23569567453317594,0.24564165752342432,0.24142853766833136
66414,AOI-0048,2022-08-10,0.1688446006479629,зерновые,2022,0,1,development,0.26270154118537903,0.2643575072288513,0.1900956555436469,0.1911002097429773,0.17519320251589848,0.18175711460506966
66427,AOI-0048,2022-08-23,0.2352090953069936,зерновые,2022,1,1,development,0.23415768146514893,0.23459814488887787,0.21575086408474073,0.21659683669008642,0.22631988966205854,0.2222265302393747
66429,AOI-0048,2022-08-25,0.183032189748789,зерновые,2022,0,1,development,0.23984938859939575,0.24860715866088867,0.19231567910460529,0.1897870779988477,0.1782778709813404,0.18320814352556175
66468,AOI-0048,2022-10-03,0.2882668161034367,зерновые,2022,1,1,development,0.3036622405052185,0.2625502645969391,0.23082281969046214,0.2373520564711093,0.24930544408300054,0.2439677904624754
66542,AOI-0048,2023-05-17,0.8555743199820962,зерновые,2023,0,1,development,0.8799370527267456,0.8777073621749878,0.8565076020414484,0.8590070359679788,0.8538805030518788,0.8558749088792563
66564,AOI-0048,2023-06-08,0.8640318008038707,зерновые,2023,1,1,development,0.84627366065979,0.827133297920227,0.8545218206388253,0.8497305391889529,0.8615727070715232,0.856911034871505
66586,AOI-0048,2023-06-30,0.3714422667804535,зерновые,2023,1,1,development,0.296010285615921,0.3295632004737854,0.39980159742441507,0.38301806018752815,0.4034448949020516,0.39587772740470695
66598,AOI-0048,2023-07-12,0.3361949783432593,зерновые,2023,2,1,development,0.17582547664642334,0.17259177565574646,0.3373537350012348,0.3465416804821434,0.3291985743268485,0.33590493099994867
66613,AOI-0048,2023-07-27,0.2277759189844036,зерновые,2023,1,1,development,0.1979275345802307,0.1907302737236023,0.24703139251351516,0.2544306694766636,0.2558428193868912,0.2548435651955203
66614,AOI-0048,2023-07-28,0.2908143340552248,зерновые,2023,2,1,development,0.19312936067581177,0.1907302737236023,0.30940271011495485,0.3004931873213491,0.3234033883406349,0.314364767000331
66632,AOI-0048,2023-08-15,0.1563238802278828,зерновые,2023,0,1,development,0.2639849781990051,0.2633190453052521,0.1868235148208067,0.18544368256555468,0.1706398420100561,0.17687729513307404
66637,AOI-0048,2023-08-20,0.1767687627951401,зерновые,2023,0,1,development,0.22137396037578583,0.20730063319206238,0.18607461033373712,0.17787406933837535,0.1648229464071516,0.17071039395011273
66645,AOI-0048,2023-08-28,0.1493943304149092,зерновые,2023,1,1,development,0.24042610824108124,0.24042610824108124,0.21370334707589905,0.2211028906778487,0.21583645385330588,0.21761651595237308
66651,AOI-0048,2023-09-03,0.2235196914011371,зерновые,2023,1,1,development,0.20482245087623596,0.2125501185655594,0.21696234037510154,0.21697129385487587,0.21681523978074466,0.2168796845224621
66694,AOI-0048,2023-10-16,0.3094931104493774,зерновые,2023,2,1,development,0.197714701294899,0.195617213845253,0.3503235504426728,0.34398995187170783,0.33858272041498544,0.3411852723854173
66729,AOI-0048,2024-04-21,0.1523950049936486,зерновые,2024,0,1,development,0.23431770503520966,0.23098024725914001,0.20250438825220382,0.20096661898082294,0.23666545832288424,0.2218947246556986
66774,AOI-0048,2024-06-05,0.1772728176187406,зерновые,2024,0,1,development,0.25715649127960205,0.25763916969299316,0.17951877734699911,0.17824610843180783,0.15614883660725798,0.16541553094138062
66789,AOI-0048,2024-06-20,0.1636231088638742,зерновые,2024,0,1,development,0.24487826228141785,0.2574554681777954,0.18462083421156614,0.18555245402832496,0.18258068247779513,0.18376558101811163
66794,AOI-0048,2024-06-25,0.4508839656741005,зерновые,2024,1,1,development,0.27632129192352295,0.2574554681777954,0.24420033768366045,0.24671060486018015,0.22226658184009962,0.23229946633223855
66818,AOI-0048,2024-07-19,0.453826586557097,зерновые,2024,1,1,development,0.424440860748291,0.4235568046569824,0.46498688006804867,0.4749494668297831,0.47440807843394284,0.4740792176091635
66829,AOI-0048,2024-07-30,0.4869766688120025,зерновые,2024,0,1,development,0.5386707782745361,0.5259079933166504,0.47006085609755877,0.4654406733808156,0.4973974709406155,0.48435546614388947
66834,AOI-0048,2024-08-04,0.3749254706179277,зерновые,2024,0,1,development,0.49612826108932495,0.5259079933166504,0.3927159146224272,0.3926664353828925,0.4608633004378463,0.4324855469026494
66842,AOI-0048,2024-08-12,0.6198757653211802,зерновые,2024,1,1,development,0.5896129012107849,0.5870553255081177,0.5563227189978872,0.5676250753438181,0.5534925560081163,0.5587451962928489
66879,AOI-0048,2024-09-18,0.2598759825451063,зерновые,2024,0,1,development,0.2952190041542053,0.296503484249115,0.2560909782045651,0.2596625595457762,0.2411618535964499,0.2486623586052622
66890,AOI-0048,2024-09-29,0.232420109172168,зерновые,2024,1,1,development,0.2223884016275406,0.2223884016275406,0.2525694669164067,0.256915419610957,0.27225629044795596,0.2656303605930541
75561,AOI-0060,2010-06-02,0.8259579073563611,озимая пшеница,2010,1,1,development,0.7207146883010864,0.7207146883010864,0.7249218169234044,0.7368119072040443,0.7666218665045573,0.7535549068681692
75608,AOI-0060,2010-07-19,0.3015123490956021,озимая пшеница,2010,1,1,development,0.27664342522621155,0.2751387059688568,0.26879343783569465,0.26819499954075154,0.29554205359359204,0.2841947122647598
75625,AOI-0060,2010-08-05,0.22860556947344,озимая пшеница,2010,1,1,development,0.22140337526798248,0.21635951101779938,0.226850928348456,0.21913715870074316,0.22926561794602215,0.225479676723024
75648,AOI-0060,2010-08-28,0.1847327857108044,озимая пшеница,2010,1,1,development,0.18231412768363953,0.1951756626367569,0.20804882243845388,0.2077622710900556,0.19621610457230781,0.2010370454104511
75768,AOI-0060,2011-05-27,0.8106530538239923,озимая пшеница,2011,1,1,development,0.8066387176513672,0.8139721751213074,0.80139768341834,0.8079650165705409,0.8147059338192449,0.8115353597281949
75782,AOI-0060,2011-06-10,0.5691106157112527,озимая пшеница,2011,2,1,development,0.732212483882904,0.7392334342002869,0.7074219763995131,0.7211057404385373,0.709270677009079,0.7134347538976619
75792,AOI-0060,2011-06-20,0.5425173032863999,озимая пшеница,2011,1,1,development,0.6081206798553467,0.6107868552207947,0.5634948258222955,0.5753736475847226,0.5633856492907955,0.5677137696557149
75817,AOI-0060,2011-07-15,0.2865315388924871,озимая пшеница,2011,1,1,development,0.36621490120887756,0.3046981692314148,0.2774906759576642,0.2844150266623971,0.260155326910832,0.2698659736253596
75830,AOI-0060,2011-07-28,0.3796157112526539,озимая пшеница,2011,2,1,development,0.24318145215511322,0.3046981692314148,0.4556544845763172,0.43405332315015654,0.46589379694168037,0.45384475719535766
75880,AOI-0060,2011-09-16,0.2942819996636087,озимая пшеница,2011,1,1,development,0.3185935616493225,0.3512060046195984,0.3151147556605982,0.32159503749259183,0.31249704598392086,0.31592276429480154
75962,AOI-0060,2012-05-08,0.5175622080679406,озимая пшеница,2012,2,1,development,0.3735745847225189,0.47104743123054504,0.605110054206758,0.6074838504040347,0.6043257164544908,0.6055079505921417
75999,AOI-0060,2012-06-14,0.8400424094183297,озимая пшеница,2012,1,1,development,0.788210391998291,0.7989827394485474,0.7777556570935588,0.7785763926050795,0.765791201467656,0.7710661771769398
76040,AOI-0060,2012-07-25,0.5871026101354534,озимая пшеница,2012,1,1,development,0.5236830115318298,0.6061257719993591,0.5653859870698605,0.5547977101491176,0.5649918288245442,0.5613384557234148
76122,AOI-0060,2012-10-15,0.6434847133757962,озимая пшеница,2012,2,1,development,0.5471622943878174,0.5484102368354797,0.5722141206299501,0.5784654716942105,0.5951862708015877,0.5878800895134275
76160,AOI-0060,2013-04-23,0.5793462845010615,озимая пшеница,2013,2,1,development,0.41295918822288513,0.4096162021160126,0.534914894651503,0.5141738708584079,0.5505318086463574,0.5365549564449317
76176,AOI-0060,2013-05-09,0.5207301396467717,озимая пшеница,2013,1,1,development,0.5202180743217468,0.5438169240951538,0.622165534373918,0.5849493748573721,0.5511411395949032,0.5672807507544562
76223,AOI-0060,2013-06-25,0.3864264238543704,озимая пшеница,2013,1,1,development,0.5625833868980408,0.5307621359825134,0.5047792284495336,0.5192192966827162,0.534443674689118,0.5273047451444153
76264,AOI-0060,2013-08-05,0.6273639433657989,озимая пшеница,2013,1,1,development,0.5406683087348938,0.5401641726493835,0.6287020437884084,0.6286623837525451,0.6133345928797231,0.6197155446126426
76288,AOI-0060,2013-08-29,0.5019288747346072,озимая пшеница,2013,2,1,development,0.4935412108898163,0.4854423403739929,0.4927955528688917,0.4801282721185277,0.5141882766640781,0.500718625317994
76389,AOI-0060,2014-05-09,0.7491501061571126,озимая пшеница,2014,2,1,development,0.7805930972099304,0.7529698014259338,0.790316961981414,0.7853792455497053,0.7904187579579715,0.7885961941318114
76456,AOI-0060,2014-07-15,0.4755310465533327,озимая пшеница,2014,1,1,development,0.5622971057891846,0.5401600003242493,0.4503633379564963,0.4541276825970594,0.460899165797004,0.457871785988676
76464,AOI-0060,2014-07-23,0.5951422407940926,озимая пшеница,2014,1,1,development,0.5268777012825012,0.5401600003242493,0.5079636815631374,0.5139213679040513,0.5141391915259286,0.5137171504533544
76495,AOI-0060,2014-08-23,0.4016711046481268,озимая пшеница,2014,1,1,development,0.4158935248851776,0.4128274619579315,0.36209350372888505,0.3570164526476737,0.35888607550394924,0.35839042929840875
76496,AOI-0060,2014-08-24,0.4364929896194537,озимая пшеница,2014,1,1,development,0.4220256209373474,0.4128274619579315,0.41054767066372266,0.4060588568652307,0.40159917268467304,0.4037047825776001
76503,AOI-0060,2014-08-31,0.4341494297096168,озимая пшеница,2014,1,1,development,0.4353896677494049,0.4094448983669281,0.3949755262488426,0.3906486386757794,0.3854258174424542,0.3878400040320877
76586,AOI-0060,2015-04-23,0.5053104033970276,озимая пшеница,2015,2,1,development,0.4491733908653259,0.4270158112049103,0.4534536562078273,0.45982809732431856,0.4727358735585375,0.46700965620086643
76618,AOI-0060,2015-05-25,0.4755148619957537,озимая пшеница,2015,2,1,development,0.2837883532047272,0.3177790343761444,0.5064661142298944,0.4880165305831004,0.46990167902940183,0.4784665220377842
76696,AOI-0060,2015-08-11,0.772671475884914,озимая пшеница,2015,1,1,development,0.7445341348648071,0.7435654997825623,0.7472094822672353,0.7536673977045075,0.7651066082736442,0.7599868995023691
76711,AOI-0060,2015-08-26,0.6297610313425043,озимая пшеница,2015,1,1,development,0.6546766757965088,0.69436115026474,0.6340291256949117,0.63106338395271,0.6410053151145301,0.6370328925265616
76720,AOI-0060,2015-09-04,0.4484679601022105,озимая пшеница,2015,1,1,development,0.5222551226615906,0.47470754384994507,0.4562694946353004,0.44309687531047137,0.44878895334330204,0.4471528819889936
76751,AOI-0060,2015-10-05,0.3331082234426279,озимая пшеница,2015,1,1,development,0.357857346534729,0.35004502534866333,0.331123029812452,0.3296117652128869,0.3357324023025214,0.33326932818074345
76759,AOI-0060,2015-10-13,0.2688847896181623,озимая пшеница,2015,1,1,development,0.337024450302124,0.35004502534866333,0.25768264325257945,0.2642082561489573,0.25778062837642546,0.2600925384115755
76830,AOI-0060,2016-05-24,0.6431354564755839,озимая пшеница,2016,2,1,development,0.3876374065876007,0.4212903678417206,0.6407405976621321,0.6027482982812086,0.5767554777694157,0.5896858327790269
76862,AOI-0060,2016-06-25,0.7681294255819301,озимая пшеница,2016,1,1,development,0.7636925578117371,0.7553080320358276,0.7285992702391078,0.7216333160378252,0.7378238556912238,0.7314735491287245
76918,AOI-0060,2016-08-20,0.6237211947487605,озимая пшеница,2016,1,1,development,0.5547323822975159,0.6149932742118835,0.5892252977552452,0.608894578304267,0.6143153694744321,0.6109653856272398
76926,AOI-0060,2016-08-28,0.4328381520241545,озимая пшеница,2016,1,1,development,0.4724757671356201,0.49911993741989136,0.5185732208953799,0.5253202081225011,0.5110636009059013,0.5166212705978581
76966,AOI-0060,2016-10-07,0.3298813579363641,озимая пшеница,2016,1,1,development,0.36801186203956604,0.36801186203956604,0.35143427606923766,0.35181920023304314,0.3385965553376343,0.344077821600608
77020,AOI-0060,2017-05-01,0.4129082858749415,озимая пшеница,2017,0,1,development,0.452343225479126,0.4354235529899597,0.3763667568134041,0.37098097902373395,0.37989451903361987,0.37648468014352776
77028,AOI-0060,2017-05-09,0.5583974522292994,озимая пшеница,2017,2,1,development,0.3334166407585144,0.33434319496154785,0.5601119765835688,0.547779786914948,0.5364413422566454,0.541845869543245
77047,AOI-0060,2017-05-28,0.454226246404332,озимая пшеница,2017,1,1,development,0.35893064737319946,0.4076455533504486,0.3575191862390204,0.3567894613955389,0.3958455815699488,0.37963274979454564
77076,AOI-0060,2017-06-26,0.6824651804670913,озимая пшеница,2017,2,1,development,0.45929256081581116,0.42591971158981323,0.681491686957437,0.6525024913503183,0.6953701624798766,0.6791430478096387
77079,AOI-0060,2017-06-29,0.6288946993604931,озимая пшеница,2017,1,1,development,0.5341746211051941,0.625329315662384,0.5710299620364171,0.5700838289550499,0.5857201476763918,0.5792656344807925
77092,AOI-0060,2017-07-12,0.7823140127388536,озимая пшеница,2017,2,1,development,0.7556589245796204,0.7527289390563965,0.6867436579464331,0.6993377940343768,0.7460925279649239,0.725934743744844
77120,AOI-0060,2017-08-09,0.7313104177752531,озимая пшеница,2017,0,1,development,0.677396297454834,0.6570129990577698,0.7426015263802406,0.7392493682803699,0.7745912676237162,0.7600700007659108
77158,AOI-0060,2017-09-16,0.4712894075978635,озимая пшеница,2017,1,1,development,0.5197476148605347,0.518698513507843,0.5112926690926065,0.5167303605635459,0.5010873607609134,0.5072948142140157
77180,AOI-0060,2017-10-08,0.3086393488089834,озимая пшеница,2017,0,1,development,0.3938559889793396,0.4079323709011078,0.331884604430943,0.3315443236022267,0.3989308654131024,0.37090650807139924
77283,AOI-0060,2018-06-20,0.6304185506155322,озимая пшеница,2018,0,1,development,0.681194543838501,0.679836094379425,0.6755786652063789,0.6715768407942134,0.685800878292024,0.6801040647144123
77305,AOI-0060,2018-07-12,0.6752267515923567,озимая пшеница,2018,2,1,development,0.5514397621154785,0.5826953053474426,0.6092290747868405,0.6222308850198643,0.6421131531132418,0.6331158188247547
77311,AOI-0060,2018-07-18,0.7318232585422291,озимая пшеница,2018,1,1,development,0.5826953053474426,0.5826953053474426,0.6382513555415426,0.6327629413613813,0.6296942543560298,0.6312765951584929
77326,AOI-0060,2018-08-02,0.5531665490185507,озимая пшеница,2018,1,1,development,0.577183187007904,0.5583873391151428,0.536964718603946,0.5458327243563085,0.545274931511072,0.5450137828699345
77337,AOI-0060,2018-08-13,0.5077832271762208,озимая пшеница,2018,2,1,development,0.43476933240890503,0.42071282863616943,0.4723713248547736,0.46635492966992775,0.5061443395948578,0.48992041291377414
77353,AOI-0060,2018-08-29,0.4505288747346072,озимая пшеница,2018,2,1,development,0.356498122215271,0.3676396608352661,0.4414187643330776,0.4328134131339751,0.471385833811365,0.45581237304458105
77399,AOI-0060,2018-10-14,0.3540992920779511,озимая пшеница,2018,1,1,development,0.3947555422782898,0.4041861593723297,0.3737967708603162,0.37984323617190396,0.3553122348825294,0.3651846170684042
77401,AOI-0060,2018-10-16,0.4674365180467091,озимая пшеница,2018,2,1,development,0.3974500000476837,0.4041861593723297,0.4342952106441146,0.4521067208251564,0.4454687434085606,0.44724042067996267
77454,AOI-0060,2019-05-09,0.5025171974522292,озимая пшеница,2019,2,1,development,0.25409483909606934,0.2545502185821533,0.5599733440219943,0.5351899465913919,0.49451293793918455,0.5128194628830847
77491,AOI-0060,2019-06-15,0.5997800370610934,озимая пшеница,2019,0,1,development,0.5794575214385986,0.5741531848907471,0.5350078409014071,0.5500503230094471,0.5357145857810919,0.5408437541811401
77496,AOI-0060,2019-06-20,0.5625293480657451,озимая пшеница,2019,0,1,development,0.6126668453216553,0.621684730052948,0.5723475997882128,0.5822814334147693,0.5829608395658447,0.5821255376559848
77502,AOI-0060,2019-06-26,0.6990557738788412,озимая пшеница,2019,1,1,development,0.6596252918243408,0.6596252918243408,0.6508097793620043,0.6612447325958475,0.6698683398068677,0.6656991398509635
77518,AOI-0060,2019-07-12,0.7779408212066377,озимая пшеница,2019,1,1,development,0.7184607982635498,0.7199763655662537,0.6825848181814393,0.6871204828503209,0.7380097954063738,0.7165796306357124
77558,AOI-0060,2019-08-21,0.6020074749634213,озимая пшеница,2019,1,1,development,0.3526514768600464,0.42210623621940613,0.4713794421915098,0.48313312553738147,0.4415083780898959,0.45817695767115496
77559,AOI-0060,2019-08-22,0.5113801153677061,озимая пшеница,2019,1,1,development,0.3179240822792053,0.42210623621940613,0.5025535689341734,0.5160213085628851,0.4422536329276661,0.4722033280605917
77566,AOI-0060,2019-08-29,0.3458386119119396,озимая пшеница,2019,0,1,development,0.3364701271057129,0.3012697994709015,0.3619311595212205,0.3516834932759023,0.32136256466941565,0.3345508082281788
77611,AOI-0060,2019-10-13,0.2411852872640385,озимая пшеница,2019,0,1,development,0.28696703910827637,0.2850993871688843,0.24653727388427127,0.25288462186874416,0.24294987198006351,0.24673120631982373
77638,AOI-0060,2020-04-10,0.7160579853119161,озимая пшеница,2020,0,1,development,0.7022771835327148,0.674968421459198,0.7171191216128847,0.6879532611514996,0.7146147655771677,0.7051417644483202
77685,AOI-0060,2020-05-27,0.8165493194538218,озимая пшеница,2020,1,1,development,0.7706790566444397,0.7765834331512451,0.7785367870674906,0.7840054869648113,0.7731890438547119,0.7773861739940218
77725,AOI-0060,2020-07-06,0.2946855853705553,озимая пшеница,2020,1,1,development,0.29068827629089355,0.3320099413394928,0.2377502104969481,0.2511412887699262,0.2562690595995785,0.25339023885625406
77741,AOI-0060,2020-07-22,0.2733539804235673,озимая пшеница,2020,1,1,development,0.2101423293352127,0.2048683911561966,0.27373093716782243,0.28014757622795194,0.26270659519244505,0.2696078352203175
77749,AOI-0060,2020-07-30,0.3111808943023188,озимая пшеница,2020,1,1,development,0.2558812201023102,0.2558812201023102,0.2930929554593073,0.3052982767929173,0.3120455440505468,0.30855871781966776
77753,AOI-0060,2020-08-03,0.2896684076181089,озимая пшеница,2020,0,1,development,0.29778361320495605,0.3024445176124573,0.22998821461669516,0.23947534813484625,0.24046620411448558,0.23952613803394407
77765,AOI-0060,2020-08-15,0.3023061690509963,озимая пшеница,2020,1,1,development,0.24464811384677887,0.24005559086799622,0.26369570330278325,0.2620527838846733,0.27808770816443024,0.2715060713442585
77783,AOI-0060,2020-09-02,0.2124972836670744,озимая пшеница,2020,0,1,development,0.2370850294828415,0.21861129999160767,0.2163550534677391,0.21877223927427242,0.21002332574350654,0.21352978046886295
77803,AOI-0060,2020-09-22,0.2264891588417173,озимая пшеница,2020,0,1,development,0.21040041744709015,0.21689149737358093,0.21174933159860732,0.21045387892464246,0.2034198876380614,0.2064191810873422
77814,AOI-0060,2020-10-03,0.1959737222774241,озимая пшеница,2020,1,1,development,0.26752421259880066,0.26752421259880066,0.19074595862026925,0.18832174410097755,0.19489772806990235,0.19229594106978265
77871,AOI-0060,2021-04-30,0.2296129427488943,озимая пшеница,2021,0,1,development,0.3277845084667206,0.2830275297164917,0.23781005170103828,0.24883788128366688,0.22899947359235862,0.23664192152168137
77896,AOI-0060,2021-05-25,0.3337646813495207,озимая пшеница,2021,0,1,development,0.7620720863342285,0.7264871001243591,0.605114906373098,0.602799867838575,0.7035076271990979,0.661726303968166
77931,AOI-0060,2021-06-29,0.8526942483582688,озимая пшеница,2021,0,1,development,0.8017665147781372,0.7876998782157898,0.7382009814843674,0.7390821234326062,0.7331967602831443,0.7355969740187338
77941,AOI-0060,2021-07-09,0.8572155824521607,озимая пшеница,2021,0,1,development,0.8542937636375427,0.8440999984741211,0.8042348658325291,0.8163977117778695,0.8361997633422767,0.8272824784708354
77950,AOI-0060,2021-07-18,0.7598383196337923,озимая пшеница,2021,1,1,development,0.8089011907577515,0.8089011907577515,0.7464012999239703,0.7528599201815881,0.753406072740168,0.7528195316150066
77958,AOI-0060,2021-07-26,0.7978227018749219,озимая пшеница,2021,1,1,development,0.6943917274475098,0.6576108336448669,0.7803410615712455,0.7875450477171004,0.7607650301487366,0.7715089666351483
78030,AOI-0060,2021-10-06,0.2634748470434769,озимая пшеница,2021,1,1,development,0.19884760677814484,0.19609434902668,0.26845919802589036,0.2601446106591784,0.2587778247480756,0.2598091140239518
78031,AOI-0060,2021-10-07,0.1994006391900504,озимая пшеница,2021,0,1,development,0.19609434902668,0.19609434902668,0.22190812096185494,0.21694934179020892,0.21165468357173794,0.21413391409636234
78046,AOI-0060,2021-10-22,0.1972886470191038,озимая пшеница,2021,0,1,development,0.25014975666999817,0.23712055385112762,0.20892282684358884,0.20339191711583998,0.21624734930169962,0.21120514286797706
78061,AOI-0060,2022-04-07,0.5320096337160317,озимая пшеница,2022,1,1,development,0.7014437317848206,0.7014437317848206,0.5389238235194667,0.526050756727681,0.5876611399688897,0.5627376915749875
78109,AOI-0060,2022-05-25,0.7366991507430999,озимая пшеница,2022,2,1,development,0.8429213166236877,0.8516278266906738,0.8197072496724325,0.8057858776935067,0.8206905158712695,0.8152622351217308
78124,AOI-0060,2022-06-09,0.7816413035668957,озимая пшеница,2022,0,1,development,0.7913178205490112,0.8054229617118835,0.7926543383246224,0.8021274048311966,0.806540625403747,0.80417710567699
78125,AOI-0060,2022-06-10,0.8009726085669587,озимая пшеница,2022,1,1,development,0.7856758236885071,0.8054229617118835,0.7447950634130377,0.7463111353753443,0.7532695206439294,0.7502894192515404
78169,AOI-0060,2022-07-24,0.2074346562140958,озимая пшеница,2022,0,1,development,0.34688514471054077,0.3428678512573242,0.22509824508848708,0.23269522073356738,0.226051319290428,0.22839363894058046
78221,AOI-0060,2022-09-14,0.3705611464968152,озимая пшеница,2022,2,1,development,0.1618385761976242,0.1637778878211975,0.3229332092422393,0.32279775576678577,0.3635023270631838,0.34657042718724695
78245,AOI-0060,2022-10-08,0.2456359626912048,озимая пшеница,2022,1,1,development,0.19612160325050354,0.24240179359912872,0.26367658236637703,0.2698051142073756,0.2514727907257574,0.2587609936673252
78252,AOI-0060,2022-10-15,0.2303167847042747,озимая пшеница,2022,1,1,development,0.2886819839477539,0.24240179359912872,0.24009477068727555,0.23861529925797056,0.259024586402739,0.2506134423849826
78269,AOI-0060,2023-04-02,0.2572529601235668,озимая пшеница,2023,1,1,development,0.6080172061920166,0.6080172061920166,0.3912217379125383,0.3835425383965752,0.3548885327746738,0.3672402076883796
78285,AOI-0060,2023-04-18,0.4031483097585859,озимая пшеница,2023,1,1,development,0.6873742341995239,0.6657314300537109,0.3826294784582714,0.36819861748474725,0.3695767366210515,0.3698059322249913
78317,AOI-0060,2023-05-20,0.5355168472059052,озимая пшеница,2023,1,1,development,0.6252734065055847,0.6252734065055847,0.6079633410879212,0.6133699539927586,0.6199061568637075,0.6168853401368908
78333,AOI-0060,2023-06-05,0.8181108215527915,озимая пшеница,2023,1,1,development,0.8112143874168396,0.773723840713501,0.8291215140938674,0.8362576713958267,0.8048735165680126,0.8175372633930862
78351,AOI-0060,2023-06-23,0.8972097473621398,озимая пшеница,2023,1,1,development,0.8902067542076111,0.8902067542076111,0.8582025994313861,0.8707083871677843,0.8804797840311828,0.8757177361418573
78365,AOI-0060,2023-07-07,0.4821040562475898,озимая пшеница,2023,1,1,development,0.5192468762397766,0.5433969497680664,0.6232923405529703,0.6390654654549502,0.65737904612675,0.648880377222471
78378,AOI-0060,2023-07-20,0.7249566965265977,озимая пшеница,2023,1,1,development,0.6754070520401001,0.6684193015098572,0.6304278804474233,0.6323330212867795,0.6654762751334539,0.651577552914453
78397,AOI-0060,2023-08-08,0.7784124722424035,озимая пшеница,2023,0,1,development,0.7594221234321594,0.7766918540000916,0.8043019515046712,0.808914847962123,0.7792445642255582,0.7913354288344294
78413,AOI-0060,2023-08-24,0.7133871582737816,озимая пшеница,2023,1,1,development,0.7546802759170532,0.7573703527450562,0.6891891669983919,0.6818710708575262,0.7198827735426203,0.7044710559425854
78434,AOI-0060,2023-09-14,0.3960624203821655,озимая пшеница,2023,2,1,development,0.3381820619106293,0.34413591027259827,0.4345043115390467,0.40228725768078916,0.4249943018551603,0.41733669213193675
78445,AOI-0060,2023-09-25,0.4522178675354152,озимая пшеница,2023,1,1,development,0.47326552867889404,0.47326552867889404,0.44786040097740104,0.44898064179400327,0.45403738777602815,0.451870682038499
78486,AOI-0060,2024-04-06,0.7062509554140126,озимая пшеница,2024,2,1,development,0.6298462748527527,0.6951327919960022,0.7365810730726854,0.7541099876559106,0.6440148894069421,0.6888565437869787
78516,AOI-0060,2024-05-06,0.4976762387798311,озимая пшеница,2024,1,1,development,0.4856167435646057,0.4787755012512207,0.5383839227543543,0.5387579182920151,0.5240784806387088,0.5301666072316608
78549,AOI-0060,2024-06-08,0.8002085606712969,озимая пшеница,2024,0,1,development,0.7243878245353699,0.7243878245353699,0.7806276551766974,0.7864779221279231,0.7977518787309492,0.7927347413844685
78588,AOI-0060,2024-07-17,0.6768457768121914,озимая пшеница,2024,1,1,development,0.6747239828109741,0.6959840655326843,0.618281025840968,0.6205187576693497,0.6292638176674096,0.6255000397441166
78596,AOI-0060,2024-07-25,0.7369981505532692,озимая пшеница,2024,1,1,development,0.6962621212005615,0.6809571385383606,0.6558252026214956,0.6778291176957889,0.6648124353830427,0.6690054463900744
78599,AOI-0060,2024-07-28,0.7193153846899353,озимая пшеница,2024,0,1,development,0.43827590346336365,0.44419747591018677,0.5016591826633774,0.5047841380508936,0.47068059063430767,0.48469914843844963
78619,AOI-0060,2024-08-17,0.2456882558627373,озимая пшеница,2024,0,1,development,0.30778607726097107,0.3125874102115631,0.287567193801062,0.2959326146473695,0.2975375117750944,0.2964043036079189
78624,AOI-0060,2024-08-22,0.2383223977435207,озимая пшеница,2024,0,1,development,0.3208989202976227,0.3242757022380829,0.25495184713246904,0.26517722870411253,0.27298066144946226,0.26916443896424447
78634,AOI-0060,2024-09-01,0.3443633923319149,озимая пшеница,2024,0,1,development,0.3954840302467346,0.3940237760543823,0.3130494459783698,0.3144872924593027,0.2962008688128739,0.303730886706296
78636,AOI-0060,2024-09-03,0.4254222083460917,озимая пшеница,2024,1,1,development,0.38964295387268066,0.3940237760543823,0.38057592422848063,0.37116685554927925,0.3409247240178253,0.3540335292718728
78716,AOI-0063,2010-04-23,0.6432246316463806,озимая пшеница,2010,2,1,development,0.567974865436554,0.5933031439781189,0.5650412047137969,0.5804496046479498,0.6650483404755749,0.6289850221193695
78741,AOI-0063,2010-05-18,0.6438786008120795,озимая пшеница,2010,1,1,development,0.7486597299575806,0.7479331493377686,0.6997460198780976,0.7105675719754151,0.6814372917031166,0.692958078291443
78749,AOI-0063,2010-05-26,0.6675815496015118,озимая пшеница,2010,1,1,development,0.7464446425437927,0.6953359246253967,0.693089816028336,0.7247701607275838,0.6985149276231482,0.7076789900705633
78877,AOI-0063,2010-10-01,0.1797009527058212,озимая пшеница,2010,1,1,development,0.29761379957199097,0.32240909337997437,0.2013057414746599,0.20537159963773732,0.19779481799791881,0.20072177713546918
78929,AOI-0063,2011-04-23,0.4573685458039718,озимая пшеница,2011,2,1,development,0.506260871887207,0.506260871887207,0.4667088317444012,0.4540259209620654,0.5157898577200254,0.490791929865142
78981,AOI-0063,2011-06-14,0.6033267451114172,озимая пшеница,2011,1,1,development,0.5735104084014893,0.5705734491348267,0.5515235187823182,0.5562351268951702,0.5743907217879423,0.5665730894642584
79041,AOI-0063,2011-08-13,0.7339321268417685,озимая пшеница,2011,2,1,development,0.7348346710205078,0.7348346710205078,0.645411498305484,0.6601523074954965,0.6711168139752822,0.6657339252007892
79085,AOI-0063,2011-09-26,0.3710293113920584,озимая пшеница,2011,1,1,development,0.3769485652446747,0.3936372995376587,0.3444359477898133,0.36094977397216077,0.35804621698561623,0.3583359772215114
79132,AOI-0063,2012-04-13,0.3301500330488843,озимая пшеница,2012,1,1,development,0.5417746305465698,0.5621349215507507,0.4268921106457506,0.41920334293518635,0.4442060381183867,0.43422870992603063
79157,AOI-0063,2012-05-08,0.727524871877002,озимая пшеница,2012,2,1,development,0.7547229528427124,0.7582833170890808,0.8121078754648989,0.8175814521006464,0.7667525634414115,0.7876008247152464
79244,AOI-0063,2012-08-03,0.3400675584139563,озимая пшеница,2012,1,1,development,0.4171901047229767,0.41147616505622864,0.42259977903797386,0.4215578981767063,0.4003530620479233,0.40923552684893866
79403,AOI-0063,2013-06-10,0.7399999039077517,озимая пшеница,2013,2,1,development,0.7675189971923828,0.715322732925415,0.7180044042959548,0.7096551146213097,0.7257457048381323,0.7195139399572241
79412,AOI-0063,2013-06-19,0.7412437035205083,озимая пшеница,2013,1,1,development,0.7745718955993652,0.7745660543441772,0.7756361672272413,0.761985865498906,0.776106515289829,0.7709894175681924
79444,AOI-0063,2013-07-21,0.7609268226583172,озимая пшеница,2013,1,1,development,0.7044240832328796,0.7105395793914795,0.7331053458895608,0.7358165498903475,0.7463006003320148,0.741786795243793
79476,AOI-0063,2013-08-22,0.3493623219454135,озимая пшеница,2013,1,1,development,0.40852487087249756,0.41677188873291016,0.3447668069897493,0.350184152863346,0.347989416303087,0.3486014317060909
79600,AOI-0063,2014-05-25,0.8000786194746955,озимая пшеница,2014,2,1,development,0.8847388625144958,0.8847388625144958,0.8282023537050947,0.823095940608969,0.8425476445247954,0.834736750459143
79648,AOI-0063,2014-07-12,0.3249420083279949,озимая пшеница,2014,2,1,development,0.30702754855155945,0.3205825388431549,0.33286453252683706,0.3387536630906693,0.3236554393312482,0.3296110701795316
79660,AOI-0063,2014-07-24,0.2617445678835449,озимая пшеница,2014,1,1,development,0.28628063201904297,0.2880786061286926,0.21848137186650926,0.22175116844943865,0.23168909793636425,0.2273714927684422
79732,AOI-0063,2014-10-04,0.5042242673134495,озимая пшеница,2014,1,1,development,0.5770888924598694,0.5726617574691772,0.503635146165095,0.5149748826755169,0.4980571272036896,0.5044667797940433
79781,AOI-0063,2015-04-23,0.4630243113388854,озимая пшеница,2015,2,1,development,0.2629268169403076,0.27380579710006714,0.4131370879804469,0.3910656302967037,0.4086263152087378,0.40254604918928416
79820,AOI-0063,2015-06-01,0.707477386326908,озимая пшеница,2015,1,1,development,0.7822779417037964,0.7817967534065247,0.7145498850853611,0.7156085581126697,0.6835868427494859,0.6968539701896787
79845,AOI-0063,2015-06-26,0.813997261370916,озимая пшеница,2015,2,1,development,0.7494788765907288,0.7500991225242615,0.801864110904719,0.8041964007332713,0.7845650862275835,0.792605035104823
79941,AOI-0063,2015-09-30,0.2644848494554774,озимая пшеница,2015,2,1,development,0.260115385055542,0.26234373450279236,0.29338493826207546,0.28628803307900985,0.2869462110864681,0.2870670675266689
79948,AOI-0063,2015-10-07,0.2375149208860208,озимая пшеница,2015,1,1,development,0.2621951997280121,0.26234373450279236,0.24704689720663128,0.2366924679788173,0.2624510306555433,0.25230741973570936
79993,AOI-0063,2016-04-22,0.8588372037155668,озимая пшеница,2016,2,1,development,0.7479179501533508,0.7360495328903198,0.8264821094599888,0.8262188825589819,0.8434965063041311,0.8363209686409016
80035,AOI-0063,2016-06-03,0.8359881300490632,озимая пшеница,2016,1,1,development,0.7917750477790833,0.8090256452560425,0.864691178857567,0.8598420764371464,0.8336836979115363,0.8448393813170416
80089,AOI-0063,2016-07-27,0.3282899263292761,озимая пшеница,2016,2,1,development,0.356003999710083,0.3567521572113037,0.41437795811397277,0.3936455721572521,0.40867760312076346,0.40357516552353434
80121,AOI-0063,2016-08-28,0.4024257367072391,озимая пшеница,2016,2,1,development,0.2609349489212036,0.27710050344467163,0.3314873734643255,0.31048075167305317,0.3474462638623721,0.3332313399065141
80169,AOI-0063,2016-10-15,0.3514946989109546,озимая пшеница,2016,2,1,development,0.24953417479991913,0.253294438123703,0.3001971548379575,0.28414464174936,0.3213766013139498,0.30677522461454004
80187,AOI-0063,2017-04-03,0.5497861071773296,озимая пшеница,2017,0,1,development,0.2660905420780182,0.3886028528213501,0.4307239930310069,0.4766968991673968,0.4754175983492169,0.47339277251813155
80251,AOI-0063,2017-06-06,0.7996446120901383,озимая пшеница,2017,1,1,development,0.7557036280632019,0.7151151895523071,0.8195737662616606,0.8058115751495235,0.8214783539052272,0.815724049767403
80290,AOI-0063,2017-07-15,0.2428305803628679,озимая пшеница,2017,0,1,development,0.2707101106643677,0.2646363377571106,0.2850524844084737,0.27841672195311035,0.29442891518518666,0.28813446177242885
80312,AOI-0063,2017-08-06,0.2483016897646044,озимая пшеница,2017,0,1,development,0.25823482871055603,0.26301416754722595,0.2684519726818803,0.2634685830205371,0.25706716042551503,0.26000834606186163
80362,AOI-0063,2017-09-25,0.1624521777669272,озимая пшеница,2017,0,1,development,0.17742767930030823,0.17395718395709991,0.18831361183594786,0.1860085992921256,0.1841030727044509,0.18502428309639063
80363,AOI-0063,2017-09-26,0.2079105357585321,озимая пшеница,2017,1,1,development,0.17569242417812347,0.17395718395709991,0.21719523202103241,0.22152320514424975,0.2363176534051505,0.22992012045552573
80367,AOI-0063,2017-09-30,0.174150850026327,озимая пшеница,2017,0,1,development,0.16875144839286804,0.17395718395709991,0.24583641582528348,0.24926800219689843,0.25083548934051497,0.24999229098782924
80375,AOI-0063,2017-10-08,0.1683962789647367,озимая пшеница,2017,0,1,development,0.18606047332286835,0.18606047332286835,0.15815122660792535,0.15829800556721965,0.17316219276479855,0.16696821386448474
80459,AOI-0063,2018-06-01,0.5574397828785467,озимая пшеница,2018,1,1,development,0.515357255935669,0.515357255935669,0.5719973829589027,0.5661657365514856,0.5842915553621564,0.5770727764256603
80539,AOI-0063,2018-08-20,0.3354376566395084,озимая пшеница,2018,1,1,development,0.3340350389480591,0.3298262059688568,0.33350300231299734,0.33557094228106066,0.31981126864903203,0.3262547168759392
80547,AOI-0063,2018-08-28,0.3320701350317386,озимая пшеница,2018,1,1,development,0.30036428570747375,0.3298262059688568,0.28939607260193434,0.28116037298976454,0.3270999218275965,0.30844002794672487
80555,AOI-0063,2018-09-05,0.2409621317664918,озимая пшеница,2018,0,1,development,0.2562064528465271,0.25335294008255005,0.2409607510233123,0.24775664880972473,0.2163150120128843,0.22902160700163962
80571,AOI-0063,2018-09-21,0.197366222303643,озимая пшеница,2018,1,1,development,0.22149398922920227,0.22411686182022095,0.20264047237150512,0.1957582779011919,0.18797028613971928,0.19159412009259585
80593,AOI-0063,2018-10-13,0.1962266719007586,озимая пшеница,2018,0,1,development,0.20249997079372406,0.1977490782737732,0.19237737796422846,0.18629486472634915,0.19324317994302365,0.19068993578371618
80638,AOI-0063,2019-04-28,0.8017676579612677,озимая пшеница,2019,0,1,development,0.8245759010314941,0.8281475305557251,0.7871398376478167,0.7881039976673923,0.7856768747631278,0.7866333047029894
80651,AOI-0063,2019-05-11,0.8301748312762878,озимая пшеница,2019,1,1,development,0.8381838202476501,0.8445132970809937,0.7463272567299947,0.7666302636034443,0.6332213314797313,0.6876108607289191
80653,AOI-0063,2019-05-13,0.3910091978484193,озимая пшеница,2019,0,1,development,0.8466231226921082,0.8445132970809937,0.7187563030933524,0.741654043473704,0.6637324313323871,0.694886272448984
80661,AOI-0063,2019-05-21,0.8495039297259364,озимая пшеница,2019,0,1,development,0.8081640601158142,0.8234995007514954,0.8607681436265308,0.8629550101896472,0.8370491347634532,0.8477083662442493
80676,AOI-0063,2019-06-05,0.8114483037573337,озимая пшеница,2019,0,1,development,0.7637616991996765,0.7927263975143433,0.797242720440759,0.8289725397658934,0.8335593742578693,0.8298855862466143
80678,AOI-0063,2019-06-07,0.8618145823351039,озимая пшеница,2019,0,1,development,0.7927263975143433,0.7927263975143433,0.8101078184537133,0.8146177981848889,0.8069711554450314,0.8099024836860175
80721,AOI-0063,2019-07-20,0.2217100372526391,озимая пшеница,2019,0,1,development,0.19217830896377563,0.19233880937099457,0.2149716702265413,0.22408574307872736,0.22472399717557337,0.22395141960034337
80729,AOI-0063,2019-07-28,0.4325931454196028,озимая пшеница,2019,2,1,development,0.19374966621398926,0.19301189482212067,0.3647645999282242,0.3630891352668763,0.40284717902904643,0.38639484402016583
80758,AOI-0063,2019-08-26,0.177326250989417,озимая пшеница,2019,0,1,development,0.1762838214635849,0.17910751700401306,0.17556837822775287,0.17575169564392187,0.16811992512903576,0.17128573208190329
80779,AOI-0063,2019-09-16,0.2264330527399921,озимая пшеница,2019,1,1,development,0.19996625185012817,0.19033940136432648,0.22629258527663962,0.22237363744384225,0.24539550815675484,0.23603281725576353
80806,AOI-0063,2019-10-13,0.2160329426096462,озимая пшеница,2019,0,1,development,0.21331340074539185,0.21506214141845703,0.2010748956841472,0.1991612117937655,0.21245633118702525,0.20702994055623236
80818,AOI-0063,2019-10-25,0.1807732438426922,озимая пшеница,2019,0,1,development,0.21202199161052704,0.21024908125400543,0.21155942413426157,0.20724094265019757,0.18961723361042743,0.19719165124800497
80863,AOI-0063,2020-05-10,0.4528048534586696,озимая пшеница,2020,0,1,development,0.4604988992214203,0.4604988992214203,0.29908534302534673,0.2980521057742595,0.3146260564960635,0.3077861876281513
80870,AOI-0063,2020-05-17,0.3664568208642791,озимая пшеница,2020,0,1,development,0.4018155634403229,0.408069908618927,0.37794515435135073,0.3756336340187575,0.3783285083403929,0.3773355982250819
80913,AOI-0063,2020-06-29,0.8008725050837149,озимая пшеница,2020,0,1,development,0.7636205554008484,0.7805381417274475,0.7564218294506145,0.7662412735361867,0.7361750120952171,0.7481410540958447
80928,AOI-0063,2020-07-14,0.521941237084521,озимая пшеница,2020,0,1,development,0.4706847369670868,0.4470173120498657,0.4723631770177311,0.48802634339377693,0.5070287147530588,0.4982495181360681
80930,AOI-0063,2020-07-16,0.4568715307138212,озимая пшеница,2020,0,1,development,0.42334985733032227,0.4470173120498657,0.4525035136529625,0.46100530903074555,0.4653611946042214,0.4630755615030738
80938,AOI-0063,2020-07-24,0.450555133013608,озимая пшеница,2020,0,1,development,0.3640289306640625,0.3605245053768158,0.4188588046425315,0.40170094743204254,0.4593991779954103,0.4363421325332739
80941,AOI-0063,2020-07-27,0.4074658231902627,озимая пшеница,2020,2,1,development,0.4165430963039398,0.4404639005661011,0.44146196022602313,0.4602378347460917,0.4304241259278896,0.4417868709335029
80954,AOI-0063,2020-08-09,0.2701687927800726,озимая пшеница,2020,1,1,development,0.2754165828227997,0.2754165828227997,0.29157453311053694,0.29795358919018894,0.26058316776175877,0.27578024610290586
80965,AOI-0063,2020-08-20,0.2189881390894043,озимая пшеница,2020,0,1,development,0.23835688829421997,0.23613174259662628,0.22169859144491474,0.2162121219796946,0.2224116079464191,0.2201368386962173
80986,AOI-0063,2020-09-10,0.1814789815120635,озимая пшеница,2020,1,1,development,0.16124938428401947,0.16266071796417236,0.1855577677200383,0.18432265614813864,0.18173451011221944,0.18288028382616212
80990,AOI-0063,2020-09-14,0.1635022578087288,озимая пшеница,2020,0,1,development,0.22796668112277985,0.20921726524829865,0.1640559660224088,0.16437913619649208,0.169661768737411,0.1674453956018303
80995,AOI-0063,2020-09-19,0.1267986311769421,озимая пшеница,2020,0,1,development,0.2035016417503357,0.19189909100532532,0.10535982971930073,0.10490914241995325,0.12694238444236594,0.11779819707357653
81038,AOI-0063,2021-04-02,0.211814957088045,озимая пшеница,2021,0,1,development,0.5487790703773499,0.5487790703773499,0.38810862110434663,0.40227166043762347,0.4123118875598512,0.4073457808805868
81066,AOI-0063,2021-04-30,0.8509635372776956,озимая пшеница,2021,0,1,development,0.8283132314682007,0.8372756838798523,0.7421151170010672,0.7323729220464282,0.7322720458626181,0.7328559295189785
81103,AOI-0063,2021-06-06,0.7019925535680543,озимая пшеница,2021,0,1,development,0.8173791766166687,0.8034402132034302,0.7964559089672564,0.7798367608813344,0.7918120488416279,0.7877528956246225
81108,AOI-0063,2021-06-11,0.8161230781854683,озимая пшеница,2021,0,1,development,0.6995958685874939,0.6090720891952515,0.6917127950431737,0.7009804010546866,0.7701252666516286,0.7408347403932659
81111,AOI-0063,2021-06-14,0.7800154396477605,озимая пшеница,2021,0,1,development,0.6220040321350098,0.6090720891952515,0.729413617986914,0.7503466608810614,0.760511219829849,0.755116794575432
81113,AOI-0063,2021-06-16,0.7808114545524513,озимая пшеница,2021,0,1,development,0.570276141166687,0.6090720891952515,0.7523608595402993,0.7362801010102314,0.7396745631974494,0.7391564209081776
81133,AOI-0063,2021-07-06,0.2472714888293149,озимая пшеница,2021,0,1,development,0.27765965461730957,0.27765965461730957,0.21639505745090415,0.22471350053863678,0.20996685227688613,0.21564104403884432
81183,AOI-0063,2021-08-25,0.2318264464431303,озимая пшеница,2021,0,1,development,0.23512150347232819,0.23072493076324463,0.1951190304771746,0.19124114912147733,0.22662134713046098,0.21211338509492755
81193,AOI-0063,2021-09-04,0.0932914704795779,озимая пшеница,2021,0,1,development,0.19004245102405548,0.16488848626613617,0.15537428147841528,0.1510249109877072,0.1633200199601269,0.15844527277982487
81201,AOI-0063,2021-09-12,0.1508211293995278,озимая пшеница,2021,0,1,development,0.1879841834306717,0.18626385927200317,0.18604214307553668,0.18378499152843117,0.15234269224899447,0.16555313311143532
81242,AOI-0063,2021-10-23,0.2127183398405869,озимая пшеница,2021,1,1,development,0.18781408667564392,0.12447007745504379,0.24536420340785367,0.25667707617528995,0.24928229099088858,0.2517304006569261
81246,AOI-0063,2021-10-27,0.2395546060909315,озимая пшеница,2021,0,1,development,0.08646366745233536,0.12447007745504379,0.21485089910447344,0.22153465200459607,0.23118699413940652,0.22679833856712506
81276,AOI-0063,2022-04-27,0.4154873239449972,озимая пшеница,2022,0,1,development,0.45074263215065,0.5395371913909912,0.3929337320220595,0.38526029851457766,0.39390189050052093,0.3907324737086253
81306,AOI-0063,2022-05-27,0.8199516050741832,озимая пшеница,2022,0,1,development,0.8072746396064758,0.8063129782676697,0.8248671494261486,0.8204792016811963,0.8087360341095454,0.8138670956312806
81336,AOI-0063,2022-06-26,0.4428253042921204,озимая пшеница,2022,2,1,development,0.3843095600605011,0.4213705062866211,0.39919062494019625,0.39346813652833007,0.43036097983923444,0.41532612713181016
81349,AOI-0063,2022-07-09,0.2303293719061615,озимая пшеница,2022,0,1,development,0.23471808433532715,0.23471808433532715,0.22833558387327912,0.22684713815806892,0.23605322701299472,0.23230485564270337
81364,AOI-0063,2022-07-24,0.1726463017893585,озимая пшеница,2022,0,1,development,0.2496921569108963,0.2496921569108963,0.22148699362108612,0.24127824726385194,0.25363619373915497,0.2473924893404256
81378,AOI-0063,2022-08-07,0.3301334999153203,озимая пшеница,2022,1,1,development,0.2539779543876648,0.25062400102615356,0.3068858455043551,0.29791185025369227,0.3014656539007123,0.30048589153449945
81394,AOI-0063,2022-08-23,0.2236097747539612,озимая пшеница,2022,0,1,development,0.2047942727804184,0.2084534913301468,0.20941525764855165,0.20148008706270307,0.21687185661246988,0.21090787473612435
81399,AOI-0063,2022-08-28,0.1719873940825947,озимая пшеница,2022,0,1,development,0.1915464550256729,0.19334784150123596,0.18558463366631622,0.1860032111034126,0.1898838333063283,0.18824560762413195
81400,AOI-0063,2022-08-29,0.2691040679051889,озимая пшеница,2022,2,1,development,0.18794368207454681,0.19334784150123596,0.2705164871881823,0.2800031186418764,0.27547675660432636,0.2768327395030576
81434,AOI-0063,2022-10-02,0.2108502445546974,озимая пшеница,2022,1,1,development,0.2605808675289154,0.24514400959014893,0.1667923701345184,0.16407916112614326,0.17485488275156816,0.17052142663682346
81454,AOI-0063,2022-10-22,0.1023944972185272,озимая пшеница,2022,0,1,development,0.19183138012886047,0.19183138012886047,0.17240596227656602,0.16988001036299843,0.17355894521624035,0.1721684404436127
81464,AOI-0063,2023-04-02,0.6995702678257346,озимая пшеница,2023,0,1,development,0.7272904515266418,0.7272904515266418,0.6760067460141551,0.6707471555294371,0.6827311992353406,0.6780365340157302
81479,AOI-0063,2023-04-17,0.840370391265218,озимая пшеница,2023,0,1,development,0.8451787829399109,0.8399580717086792,0.8049729133288989,0.8075226874224825,0.7776638647717731,0.7899479507858949
81509,AOI-0063,2023-05-17,0.8681753444480754,озимая пшеница,2023,0,1,development,0.9026154279708862,0.8915770053863525,0.8635189034072733,0.865275940566513,0.8756005586672799,0.8712061771677304
81541,AOI-0063,2023-06-18,0.7703964503014469,озимая пшеница,2023,1,1,development,0.78375643491745,0.775675356388092,0.7754730906904557,0.7889270889533259,0.7984313927506403,0.7937277535161498
81542,AOI-0063,2023-06-19,0.521160443850717,озимая пшеница,2023,0,1,development,0.7675942182540894,0.775675356388092,0.7708421170509417,0.770038220765347,0.7319119876280995,0.7478231484373595
81546,AOI-0063,2023-06-23,0.6863640105723782,озимая пшеница,2023,1,1,development,0.6951825618743896,0.7052043676376343,0.7438512111414044,0.7441954623962589,0.7416912174798214,0.7427142242105502
81559,AOI-0063,2023-07-06,0.2859153112009807,озимая пшеница,2023,0,1,development,0.33922815322875977,0.3440580368041992,0.28381166708877237,0.284492362530599,0.2979713102178674,0.2923241076977868
81599,AOI-0063,2023-08-15,0.1705488506370524,озимая пшеница,2023,0,1,development,0.17058402299880981,0.17088954150676727,0.17723734535357422,0.17756102279797162,0.17044736239184488,0.17338974749466335
81622,AOI-0063,2023-09-07,0.1694484701272221,озимая пшеница,2023,0,1,development,0.2049729973077774,0.1998308151960373,0.14510795667597384,0.1623973472284329,0.16314819940148056,0.16187401660122408
81644,AOI-0063,2023-09-29,0.1508581029870577,озимая пшеница,2023,0,1,development,0.19779694080352783,0.18658076226711273,0.16395269292970455,0.15444233728810428,0.15218093069998567,0.1536510352192471
81650,AOI-0063,2023-10-05,0.193637030528278,озимая пшеница,2023,1,1,development,0.15638543665409088,0.16643765568733215,0.20416312789754365,0.20030316071330734,0.19850371154602162,0.19946727060210923
81654,AOI-0063,2023-10-09,0.1817135707398691,озимая пшеница,2023,0,1,development,0.18080608546733856,0.18080608546733856,0.15838108965649755,0.15264665800032182,0.17874586770778778,0.1682035101655221
81689,AOI-0063,2024-04-14,0.8659790350543647,озимая пшеница,2024,0,1,development,0.8616994023323059,0.8778541088104248,0.8544936039906635,0.8551291604411003,0.8593941181046778,0.8575838797555383
81756,AOI-0063,2024-06-20,0.3169225671060663,озимая пшеница,2024,0,1,development,0.3502301871776581,0.33118563890457153,0.3155594327626074,0.32908017112211724,0.32338168756166863,0.32500106070957
81759,AOI-0063,2024-06-23,0.2722164972368988,озимая пшеница,2024,0,1,development,0.29309651255607605,0.33118563890457153,0.2808089303032131,0.2795190018016378,0.25637681580597044,0.2660793170544553
81766,AOI-0063,2024-06-30,0.1976830614004575,озимая пшеница,2024,0,1,development,0.18994171917438507,0.18547356128692627,0.19510059179876652,0.20374889897987836,0.1872647646046617,0.19364367242141317
81771,AOI-0063,2024-07-05,0.1523209039376596,озимая пшеница,2024,0,1,development,0.16212807595729828,0.1618768870830536,0.15989931530490123,0.1624831450981173,0.15096471057076946,0.15561444743992273
81785,AOI-0063,2024-07-19,0.1893178314969672,озимая пшеница,2024,1,1,development,0.13641758263111115,0.13620467483997345,0.19167966836658185,0.1877929051197935,0.20063765034396444,0.19550843673457025
81826,AOI-0063,2024-08-29,0.1473169743909035,озимая пшеница,2024,0,1,development,0.2002197504043579,0.18837660551071167,0.14349229493088517,0.14439776180391856,0.1521699954766496,0.14888517105554952
81831,AOI-0063,2024-09-03,0.148952520141898,озимая пшеница,2024,0,1,development,0.18330098688602448,0.18837660551071167,0.1597945026246391,0.15764414443335165,0.1454299464497338,0.15063256539252956
81841,AOI-0063,2024-09-13,0.166137031150277,озимая пшеница,2024,0,1,development,0.15884731709957123,0.1598544716835022,0.18742223556104895,0.18501160207328554,0.16402710621956237,0.17289401119044356
81864,AOI-0063,2024-10-06,0.1626078278779909,озимая пшеница,2024,0,1,development,0.1819549947977066,0.173366978764534,0.15300821978914197,0.14672908973880408,0.15461161945272142,0.15168053340603393
81912,AOI-0064,2010-04-24,0.2717101492422477,озимая пшеница,2010,1,1,development,0.4908302128314972,0.48153361678123474,0.32789382904593756,0.3146841459247618,0.27723130989164574,0.29355229683355827
81959,AOI-0064,2010-06-10,0.6254276974649069,озимая пшеница,2010,2,1,development,0.5584708452224731,0.4820425510406494,0.6469012764420711,0.6337708138118486,0.6567678173492723,0.6479278597817332
81992,AOI-0064,2010-07-13,0.5431398933537662,озимая пшеница,2010,1,1,development,0.6130713820457458,0.5845669507980347,0.5915075777947303,0.6046814389192836,0.5988299883134113,0.6005323143786236
82071,AOI-0064,2010-09-30,0.2649724018225211,озимая пшеница,2010,2,1,development,0.1790836602449417,0.21582770347595215,0.2719546900244162,0.26710386137532716,0.2707913889178246,0.2695266280564832
82168,AOI-0064,2011-06-06,0.8525499169810146,озимая пшеница,2011,1,1,development,0.7084512114524841,0.7295796871185303,0.8250214196678679,0.8120790556390577,0.8148459298798965,0.8144143905939836
82184,AOI-0064,2011-06-22,0.6863079774369515,озимая пшеница,2011,1,1,development,0.6771532297134399,0.7070470452308655,0.6412973487367994,0.6222943619809599,0.6403856557190631,0.6339138921106368
82224,AOI-0064,2011-08-01,0.3221153034575607,озимая пшеница,2011,1,1,development,0.4980149567127228,0.46426376700401306,0.3665685470331762,0.3688725386192017,0.3695911091270146,0.36916391391854775
82264,AOI-0064,2011-09-10,0.1864166746716294,озимая пшеница,2011,1,1,development,0.30208030343055725,0.2727999687194824,0.19737749661812773,0.1969054427521405,0.20571530485468503,0.20207528929985893
82400,AOI-0064,2012-06-25,0.659829143096585,озимая пшеница,2012,2,1,development,0.68220055103302,0.68220055103302,0.729985838067615,0.7224294208094046,0.7130765163899468,0.7173891006930622
82439,AOI-0064,2012-08-03,0.3869660471090889,озимая пшеница,2012,1,1,development,0.3705141842365265,0.3662402629852295,0.4190760715572957,0.4150820826449344,0.3930441810965911,0.4024375398731587
82480,AOI-0064,2012-09-13,0.2929333123821496,озимая пшеница,2012,2,1,development,0.1921263486146927,0.19561006128787994,0.2875706891065366,0.26377875098138526,0.28656929955692706,0.2784082972452848
82559,AOI-0064,2013-05-02,0.8353834909921934,озимая пшеница,2013,1,1,development,0.8182578682899475,0.8158343434333801,0.8264043306382363,0.8238967254531812,0.8111617145605193,0.8166009443398877
82598,AOI-0064,2013-06-10,0.4577093442279489,озимая пшеница,2013,2,1,development,0.44678011536598206,0.6127524375915527,0.4475351546607762,0.4576110758696732,0.426000809292699,0.4385951312642086
82607,AOI-0064,2013-06-19,0.210447339904753,озимая пшеница,2013,1,1,development,0.352632999420166,0.3571341037750244,0.3057588110936174,0.319686496459758,0.3288657664373441,0.3242710432926046
82663,AOI-0064,2013-08-14,0.2216413538475956,озимая пшеница,2013,1,1,development,0.2661803066730499,0.22239135205745697,0.28481950644402815,0.29944485123922426,0.3020090036447231,0.3001283917088147
82799,AOI-0064,2014-05-29,0.8928579628676602,озимая пшеница,2014,1,1,development,0.779072642326355,0.7756901979446411,0.8646456055818835,0.8706174473088216,0.8721897280716653,0.871203234720425
82843,AOI-0064,2014-07-12,0.5425233815210561,озимая пшеница,2014,2,1,development,0.2762818932533264,0.2762818932533264,0.39060565027444105,0.3967626141232598,0.423185566703177,0.41184703035945824
82859,AOI-0064,2014-07-28,0.5179356589147288,озимая пшеница,2014,2,1,development,0.2671021819114685,0.2671021819114685,0.330531596638193,0.3460468973903753,0.35562891725470364,0.3507782773903312
82935,AOI-0064,2014-10-12,0.1757103005965653,озимая пшеница,2014,1,1,development,0.28942766785621643,0.267917275428772,0.19286618121786286,0.18862617704539728,0.18535110665128232,0.18694989303031329
82991,AOI-0064,2015-05-08,0.3093467650079764,озимая пшеница,2015,1,1,development,0.5076962113380432,0.3997354209423065,0.2952894438393148,0.3063545468534215,0.3151506715233606,0.31087462577926994
83071,AOI-0064,2015-07-27,0.7555443362337472,озимая пшеница,2015,1,1,development,0.5953090786933899,0.7082529664039612,0.6662912390764594,0.6541550760748007,0.6703914893727048,0.6643096818513675
83120,AOI-0064,2015-09-14,0.2698782945736434,озимая пшеница,2015,2,1,development,0.22391660511493683,0.23270262777805328,0.26326273995785654,0.2617096723932279,0.2634400792986866,0.2628063492198978
83127,AOI-0064,2015-09-21,0.2064939426491073,озимая пшеница,2015,1,1,development,0.24148866534233093,0.23270262777805328,0.20332966574420153,0.20415243419959858,0.21974895183384335,0.21321260804670616
83135,AOI-0064,2015-09-29,0.1516244670969622,озимая пшеница,2015,1,1,development,0.2615710198879242,0.23270262777805328,0.16826363630840854,0.16816307707352493,0.15156853355043795,0.1584800389442243
83236,AOI-0064,2016-06-09,0.6795684894196522,озимая пшеница,2016,2,1,development,0.6748188734054565,0.6329548358917236,0.6572798251042379,0.675755512140873,0.6657612509287044,0.6688927200025454
83254,AOI-0064,2016-06-27,0.2411972839714329,озимая пшеница,2016,1,1,development,0.4157402813434601,0.37847504019737244,0.31561786215676446,0.31385361754483465,0.3360616287492615,0.32691777601026195
83294,AOI-0064,2016-08-06,0.2971274940092925,озимая пшеница,2016,1,1,development,0.36780527234077454,0.35269859433174133,0.2933157740736437,0.29178848864712953,0.29838438196349465,0.2957244184604662
83300,AOI-0064,2016-08-12,0.397753488372093,озимая пшеница,2016,2,1,development,0.33759188652038574,0.35269859433174133,0.3628584469867854,0.3487163228916879,0.3773437724558422,0.36621694640129626
83350,AOI-0064,2016-10-01,0.1882981722506275,озимая пшеница,2016,1,1,development,0.3024754226207733,0.276734322309494,0.20483783991385623,0.20103670922087297,0.1962852803309411,0.1984740494715694
83380,AOI-0064,2017-04-01,0.0278057613652743,озимая пшеница,2017,0,1,development,0.42384809255599976,0.42384809255599976,0.29874262183968503,0.2997028770561029,0.3349719097990922,0.3202410915038038
83435,AOI-0064,2017-05-26,0.9090140284351188,озимая пшеница,2017,0,1,development,0.888765275478363,0.8890563249588013,0.8371699849135293,0.8323930683587091,0.8536932207236563,0.8450947564875042
83494,AOI-0064,2017-07-24,0.2693089990329122,озимая пшеница,2017,1,1,development,0.16283372044563293,0.18092326819896698,0.23424737900655948,0.22838405097548106,0.236486903899235,0.2334410003939149
83502,AOI-0064,2017-08-01,0.1417270424474348,озимая пшеница,2017,0,1,development,0.26696401834487915,0.253307580947876,0.15687844705846402,0.16262859645562072,0.14253786747731959,0.15057888796007668
83514,AOI-0064,2017-08-13,0.2874190655772051,озимая пшеница,2017,2,1,development,0.1453978717327118,0.1459837406873703,0.2843946452925865,0.2736268089906878,0.3157779934576125,0.2988354970522542
83518,AOI-0064,2017-08-17,0.1541826463307999,озимая пшеница,2017,1,1,development,0.14195893704891205,0.14158107340335846,0.17216915911652955,0.16526297358310488,0.17532290086220825,0.17152055824053852
83537,AOI-0064,2017-09-05,0.1435209418516297,озимая пшеница,2017,0,1,development,0.1478690803050995,0.1485327184200287,0.13707368226190272,0.1412807655771293,0.14305874372351174,0.14208481183596866
83546,AOI-0064,2017-09-14,0.2570861512675466,озимая пшеница,2017,2,1,development,0.14575545489788055,0.14575545489788055,0.259520607911706,0.25975717862381686,0.2731717224277814,0.2675760261018606
83598,AOI-0064,2018-04-06,0.2457834459129874,озимая пшеница,2018,1,1,development,0.5413956046104431,0.5413956046104431,0.2564919422015976,0.2491910260311246,0.23640198542850394,0.24213032488322878
83606,AOI-0064,2018-04-14,0.20883742915394,озимая пшеница,2018,1,1,development,0.2911095917224884,0.3934336304664612,0.21272568964928862,0.21257247985803795,0.19099772455478237,0.19998470151402567
83694,AOI-0064,2018-07-11,0.7532577216663421,озимая пшеница,2018,1,1,development,0.5892662405967712,0.6661911010742188,0.699590384186119,0.6837985890449202,0.6850726608865746,0.6854208574600542
83734,AOI-0064,2018-08-20,0.2737635018641611,озимая пшеница,2018,1,1,development,0.3131694495677948,0.31257110834121704,0.27312612483087556,0.2712652612782625,0.28174912393174,0.27748971537598804
83775,AOI-0064,2018-09-30,0.2576355332076263,озимая пшеница,2018,2,1,development,0.2074374556541443,0.19538375735282898,0.2628162331829449,0.2621169569452933,0.2730655231031364,0.26854811302783316
83783,AOI-0064,2018-10-08,0.1829528098519838,озимая пшеница,2018,0,1,development,0.18057796359062195,0.18310952186584473,0.16864740372543138,0.16665998370311252,0.1794364027375767,0.1742299736803306
83841,AOI-0064,2019-05-06,0.886977835826674,озимая пшеница,2019,0,1,development,0.5735003352165222,0.6356793642044067,0.8145439426721465,0.834161369141297,0.8074364349391819,0.8174669583613705
83848,AOI-0064,2019-05-13,0.864524509509647,озимая пшеница,2019,0,1,development,0.8717979788780212,0.8779709339141846,0.7212649496228793,0.7283988725973298,0.6876123081129213,0.7041890444451958
83863,AOI-0064,2019-05-28,0.792171643161885,озимая пшеница,2019,0,1,development,0.8268482089042664,0.8348665237426758,0.8376261354664781,0.8302546120251432,0.7994654738646765,0.8126885818056004
83886,AOI-0064,2019-06-20,0.3426598881226927,озимая пшеница,2019,0,1,development,0.414357990026474,0.4036768674850464,0.378290165882608,0.3668081261120017,0.3664249361171602,0.36722308401480663
83891,AOI-0064,2019-06-25,0.26134271997383,озимая пшеница,2019,0,1,development,0.37875422835350037,0.4036768674850464,0.2511573058456805,0.25978655924660843,0.2688058311715653,0.2645724140560136
83918,AOI-0064,2019-07-22,0.1332875657692214,озимая пшеница,2019,0,1,development,0.19471929967403412,0.256246417760849,0.16582420866529654,0.15880480004538197,0.15659082445664343,0.15790263293883375
83940,AOI-0064,2019-08-13,0.3197778755499686,озимая пшеница,2019,2,1,development,0.17010116577148438,0.17055340111255646,0.2946752962794571,0.2736326646836134,0.32091227309953196,0.30240708349088824
83943,AOI-0064,2019-08-16,0.1630551493315848,озимая пшеница,2019,0,1,development,0.19517603516578674,0.1793443262577057,0.16359983001260853,0.14807732399439089,0.1464091799028766,0.1479668170101086
83950,AOI-0064,2019-08-23,0.2023053881970935,озимая пшеница,2019,1,1,development,0.13486650586128235,0.14084632694721222,0.17372054840261555,0.17624835272149555,0.15564359896530203,0.1640777746457587
83953,AOI-0064,2019-08-26,0.1439379726342841,озимая пшеница,2019,0,1,development,0.1369178295135498,0.1404205709695816,0.15548621050229616,0.15044507581010205,0.1589831989980637,0.155710421356814
83990,AOI-0064,2019-10-02,0.2446815931443709,озимая пшеница,2019,1,1,development,0.18738894164562225,0.24050366878509521,0.23034861167928836,0.2340245862915773,0.24415248608890303,0.23973323031914173
84014,AOI-0064,2019-10-26,0.5221884668960325,озимая пшеница,2019,1,1,development,0.33672747015953064,0.3804413974285126,0.501529884979193,0.5120065861669101,0.4482481969357636,0.474198846333925
84025,AOI-0064,2020-04-07,0.6806452805047452,озимая пшеница,2020,0,1,development,0.690092921257019,0.7137339115142822,0.7317563722015646,0.701579505512164,0.7030111527654735,0.7040939340139591
84028,AOI-0064,2020-04-10,0.685393142334069,озимая пшеница,2020,0,1,development,0.7255544066429138,0.7137339115142822,0.701205067131153,0.6789361002441056,0.6833903504542007,0.6827753866673925
84035,AOI-0064,2020-04-17,0.670236923378105,озимая пшеница,2020,0,1,development,0.6952201724052429,0.6952201724052429,0.672999282604484,0.675458664361374,0.6770361789381878,0.6762428858837499
84061,AOI-0064,2020-05-13,0.6966265088924888,озимая пшеница,2020,1,1,development,0.6698746085166931,0.6663835644721985,0.6797337822204268,0.6870811359647996,0.6865106561698989,0.686339372585597
84128,AOI-0064,2020-07-19,0.2638806466230569,озимая пшеница,2020,0,1,development,0.2604498565196991,0.2599973678588867,0.24292521457367308,0.24979987271773016,0.2534658201171391,0.25155781712122893
84138,AOI-0064,2020-07-29,0.2661600775266196,озимая пшеница,2020,0,1,development,0.33391720056533813,0.33391720056533813,0.23634010429767263,0.23128057191328136,0.24623123961817764,0.2402908691678416
84150,AOI-0064,2020-08-10,0.2065314433505476,озимая пшеница,2020,0,1,development,0.2608070969581604,0.2745772898197174,0.20032238141468564,0.20877672190810695,0.21183136858137544,0.21008989295481767
84175,AOI-0064,2020-09-04,0.1606179759753888,озимая пшеница,2020,0,1,development,0.16213306784629822,0.16198357939720154,0.1548356876690917,0.15571646270016165,0.157587124947673,0.1567596458616426
84185,AOI-0064,2020-09-14,0.1469143172917248,озимая пшеница,2020,0,1,development,0.2209247648715973,0.19985347986221313,0.14653630552579588,0.14420119095267978,0.1536740126219053,0.14986173432608996
84193,AOI-0064,2020-09-22,0.1529542385050577,озимая пшеница,2020,0,1,development,0.10517805069684982,0.10895238816738129,0.14900515947683685,0.14961198777135892,0.14218947832880127,0.14524464259282271
84195,AOI-0064,2020-09-24,0.1448544853649449,озимая пшеница,2020,0,1,development,0.12027540057897568,0.10895238816738129,0.14318359863618924,0.1455806073555153,0.11969276934105576,0.1303328054270174
84230,AOI-0064,2020-10-29,0.0736229460867697,озимая пшеница,2020,0,1,development,0.09291791170835495,0.09291791170835495,0.019069371317969683,0.03776846107260489,0.013469797781617786,0.022541696933104385
84246,AOI-0064,2021-04-15,0.2270944844542055,озимая пшеница,2021,0,1,development,0.36219096183776855,0.3646744191646576,0.21837640341691947,0.21872946789704908,0.20821483658836173,0.21257092006711234
84251,AOI-0064,2021-04-20,0.2498878274065946,озимая пшеница,2021,0,1,development,0.33735647797584534,0.3646744191646576,0.2798873454597651,0.2798340791285671,0.2183235090548677,0.24392443879602047
84266,AOI-0064,2021-05-05,0.2999289461938042,озимая пшеница,2021,0,1,development,0.2502809166908264,0.2528069019317627,0.28042644688111923,0.29582709920489564,0.28068532049628003,0.2861300045612622
84269,AOI-0064,2021-05-08,0.3117736817037991,озимая пшеница,2021,1,1,development,0.4254223108291626,0.4254223108291626,0.32465008839660836,0.3354579167834762,0.3379406851197905,0.3363062885685052
84291,AOI-0064,2021-05-30,0.243431391889963,озимая пшеница,2021,0,1,development,0.3934117555618286,0.3835107088088989,0.3385798198688241,0.35457493431925263,0.3386139046515354,0.3443664579907556
84298,AOI-0064,2021-06-06,0.3027543578870449,озимая пшеница,2021,0,1,development,0.3736096918582916,0.3835107088088989,0.3476762003210519,0.3235746485621478,0.36545126902615505,0.3493647135019764
84316,AOI-0064,2021-06-24,0.656460099544431,озимая пшеница,2021,0,1,development,0.6691888570785522,0.6672923564910889,0.5736830894517634,0.5924249386719519,0.598510738138164,0.5949355951638573
84341,AOI-0064,2021-07-19,0.6564926645642609,озимая пшеница,2021,0,1,development,0.6230782270431519,0.6239799857139587,0.6600951630476738,0.6646932247506941,0.6369848887096832,0.6482601030154231
84388,AOI-0064,2021-09-04,0.1910946863777929,озимая пшеница,2021,0,1,development,0.20246157050132751,0.21868447959423065,0.19739974649321507,0.20454603763038687,0.2096375493753745,0.20712118041094346
84389,AOI-0064,2021-09-05,0.3074706726086237,озимая пшеница,2021,1,1,development,0.18623866140842438,0.21868447959423065,0.2603946075368678,0.2500966574531865,0.2728218839932775,0.2639374712094139
84413,AOI-0064,2021-09-29,0.1532455624735596,озимая пшеница,2021,0,1,development,0.2590092420578003,0.24936719238758087,0.16873476856274466,0.16777661996657398,0.18189389238525727,0.17607220713702995
84429,AOI-0064,2021-10-15,0.1223119167856843,озимая пшеница,2021,1,1,development,0.25343021750450134,0.25343021750450134,0.15205327769648072,0.1581926897098065,0.16708796401872747,0.16304464506464705
84451,AOI-0064,2022-04-07,0.4472880094649037,озимая пшеница,2022,0,1,development,0.5221368074417114,0.5221368074417114,0.46527788127569875,0.4343340528651882,0.4527469338671898,0.446805541735389
84556,AOI-0064,2022-07-21,0.362509217998244,озимая пшеница,2022,0,1,development,0.32472094893455505,0.3193169832229614,0.4043009964102991,0.39683198965988187,0.35237293682205,0.37129027845293505
84557,AOI-0064,2022-07-22,0.4483344256174985,озимая пшеница,2022,1,1,development,0.3274229168891907,0.3193169832229614,0.43356436251722413,0.4261810971313548,0.4352424470458231,0.4318822052312642
84564,AOI-0064,2022-07-29,0.3701528575840471,озимая пшеница,2022,0,1,development,0.4879610538482666,0.4579184055328369,0.4102610699921417,0.41323466379849694,0.3736997649578757,0.3899870293453723
84565,AOI-0064,2022-07-30,0.44975959204548,озимая пшеница,2022,1,1,development,0.4278757572174072,0.4579184055328369,0.43260967218223945,0.4343915439090434,0.4485607576093068,0.442565044799112
84576,AOI-0064,2022-08-10,0.3447982591792902,озимая пшеница,2022,0,1,development,0.36761313676834106,0.3617539405822754,0.35306284281264294,0.34762962336038555,0.3492076889214809,0.34885318755233174
84595,AOI-0064,2022-08-29,0.3241676304211189,озимая пшеница,2022,2,1,development,0.194422647356987,0.194422647356987,0.3059133047012542,0.3155339945231279,0.30467807115729634,0.3086606793958955
84613,AOI-0064,2022-09-16,0.2376621644927757,озимая пшеница,2022,1,1,development,0.1652192622423172,0.1652192622423172,0.20983436067197808,0.21137851511823041,0.206928133268803,0.2086942918788342
84624,AOI-0064,2022-09-27,0.1860033966198071,озимая пшеница,2022,0,1,development,0.1347062587738037,0.14952333271503448,0.14959986514032653,0.145564933482631,0.14408966679143514,0.1449280477906883
84627,AOI-0064,2022-09-30,0.2581983867588518,озимая пшеница,2022,2,1,development,0.13406597077846527,0.157545804977417,0.24601835653909646,0.24828807026660418,0.2628116678935093,0.25664134033092945
84645,AOI-0064,2022-10-18,0.2125382899478855,озимая пшеница,2022,1,1,development,0.1846667379140854,0.18356382846832275,0.2191902877015819,0.21889673705952453,0.2171105054803848,0.21787018428535548
84692,AOI-0064,2023-05-05,0.3436815201495471,озимая пшеница,2023,0,1,development,0.38139352202415466,0.291239470243454,0.33485737862813025,0.34204918058613226,0.35439982744302556,0.348859997400367
84704,AOI-0064,2023-05-17,0.3768372127353989,озимая пшеница,2023,0,1,development,0.46452611684799194,0.6099843978881836,0.4738268960313084,0.4799032302894431,0.4567891964912194,0.466070238310598
84726,AOI-0064,2023-06-08,0.8231471711083338,озимая пшеница,2023,1,1,development,0.8060380816459656,0.8148998618125916,0.8197086897643727,0.8235352068567091,0.8116532106755262,0.8163851220550458
84737,AOI-0064,2023-06-19,0.6849767615061254,озимая пшеница,2023,0,1,development,0.872382640838623,0.8661518096923828,0.823287851472309,0.8376495216895022,0.8486969433040685,0.843300638300758
84760,AOI-0064,2023-07-12,0.6142803477896502,озимая пшеница,2023,2,1,development,0.7167744040489197,0.7162306904792786,0.6235193063801163,0.6110209045752623,0.6189226862189087,0.616329531455797
84773,AOI-0064,2023-07-25,0.807300724123328,озимая пшеница,2023,1,1,development,0.6974231004714966,0.7034369111061096,0.6752000197360862,0.6984481245332692,0.6735891927129808,0.6826412146361054
84775,AOI-0064,2023-07-27,0.633984599933411,озимая пшеница,2023,1,1,development,0.6091380715370178,0.6091380715370178,0.5822404219487624,0.5793472860263318,0.567415050290861,0.5725416456156756
84777,AOI-0064,2023-07-29,0.6258856521498622,озимая пшеница,2023,0,1,development,0.5314369797706604,0.5347244143486023,0.571919964954998,0.562986286047687,0.5843874868804192,0.5759781880534156
84780,AOI-0064,2023-08-01,0.6391088593246158,озимая пшеница,2023,1,1,development,0.5433412194252014,0.5414730906486511,0.544363572350574,0.5359698411629495,0.5231566013034743,0.5289557985622363
84822,AOI-0064,2023-09-12,0.1681455254771303,озимая пшеница,2023,0,1,development,0.20401296019554138,0.19312497973442078,0.1728084961556737,0.16887038556822245,0.17359612946446717,0.17184853970807756
84834,AOI-0064,2023-09-24,0.1546277301477918,озимая пшеница,2023,0,1,development,0.15297575294971466,0.15489216148853302,0.1688598027466462,0.16431339476903006,0.15831506294716063,0.1610641932784234
84837,AOI-0064,2023-09-27,0.1573305264295914,озимая пшеница,2023,0,1,development,0.15680855512619019,0.15489216148853302,0.17304111021731858,0.1660251657249994,0.16348317435306836,0.16493129574314835
84879,AOI-0064,2024-04-09,0.6079587909905145,озимая пшеница,2024,0,1,development,0.5882096290588379,0.5863026976585388,0.58137929924399,0.5772248555646629,0.5783472542973362,0.5781112501220415
84901,AOI-0064,2024-05-01,0.7165975059253757,озимая пшеница,2024,0,1,development,0.7171745300292969,0.714313805103302,0.7039662771645402,0.711608000540322,0.643153292653004,0.6712160351139924
84951,AOI-0064,2024-06-20,0.3957916122508252,озимая пшеница,2024,0,1,development,0.5216782093048096,0.5067642331123352,0.43606184337792664,0.4477763480897491,0.4674121848290735,0.4585890098834761
84956,AOI-0064,2024-06-25,0.3776625786965081,озимая пшеница,2024,0,1,development,0.3857530653476715,0.37414270639419556,0.38976097880033944,0.4110374736779983,0.3784726416586667,0.3908411864945319
84964,AOI-0064,2024-07-03,0.2875129948477279,озимая пшеница,2024,0,1,development,0.29234620928764343,0.2938489019870758,0.29656181305671303,0.3077422465387112,0.314631297604477,0.31114247599342504
85026,AOI-0064,2024-09-03,0.1601043676065417,озимая пшеница,2024,0,1,development,0.17410504817962646,0.17139118909835815,0.1676529661219467,0.17632469305161907,0.1504588777637441,0.16074072171343134
85051,AOI-0064,2024-09-28,0.1663592233015709,озимая пшеница,2024,0,1,development,0.1150272861123085,0.1229199543595314,0.17810523912927365,0.18732304486755946,0.18437929856233193,0.18509162035782967
85052,AOI-0064,2024-09-29,0.2208803189286722,озимая пшеница,2024,1,1,development,0.1308126151561737,0.1229199543595314,0.2022171454337641,0.21402792995794953,0.19998770975487706,0.20517365824294678
85056,AOI-0064,2024-10-03,0.1676860814192658,озимая пшеница,2024,0,1,development,0.16707882285118103,0.16825270652770996,0.14610680400236348,0.14871715722896858,0.13829085855306722,0.14248462164652648
85061,AOI-0064,2024-10-08,0.1828499100609239,озимая пшеница,2024,0,1,development,0.1870252937078476,0.1518462896347046,0.15853361047182193,0.1552119232346381,0.14729827896781764,0.15077635293518687
95401,AOI-0075,2010-05-08,0.563597722394286,озимая пшеница,2010,1,1,development,0.7226154804229736,0.5799986124038696,0.42871250564291913,0.43292810700660667,0.5066207854242647,0.4757186760759166
95418,AOI-0075,2010-05-25,0.7640938659058487,озимая пшеница,2010,2,1,development,0.7418031692504883,0.7418402433395386,0.7983466238175109,0.7717710770698835,0.7866402008127467,0.7819305801096816
95569,AOI-0075,2010-10-23,0.1467534864752337,озимая пшеница,2010,1,1,development,0.24106471240520477,0.24106471240520477,0.1929058689431563,0.18924100215306022,0.16125769244144736,0.17310695877680993
95599,AOI-0075,2011-04-23,0.3318968616262482,озимая пшеница,2011,2,1,development,0.2060033529996872,0.24113570153713226,0.33983039999620945,0.3300314388403218,0.34790360543629006,0.3410110646725638
95663,AOI-0075,2011-06-26,0.7233477888730385,озимая пшеница,2011,2,1,development,0.7570813894271851,0.7570813894271851,0.8474828289861139,0.8178556776859197,0.7885955124889604,0.802420285111042
95673,AOI-0075,2011-07-06,0.7926145789392445,озимая пшеница,2011,1,1,development,0.8034906983375549,0.7570813894271851,0.831799681326691,0.8120583551223937,0.8029483580791789,0.8078376330226837
95705,AOI-0075,2011-08-07,0.7226652881527794,озимая пшеница,2011,1,1,development,0.6462460160255432,0.6641490459442139,0.7589014757403664,0.7709208044173707,0.7326011325578123,0.7478795101432859
95832,AOI-0075,2012-05-13,0.5270738152177414,озимая пшеница,2012,1,1,development,0.669198215007782,0.6940107941627502,0.4910096197293983,0.5018345066618103,0.4839204119639424,0.4907733348647869
95891,AOI-0075,2012-07-11,0.4220770803613884,озимая пшеница,2012,2,1,development,0.4026056230068207,0.3701052665710449,0.5106618295118195,0.5017294036250141,0.5050399404192233,0.5041591026409904
95907,AOI-0075,2012-07-27,0.3673143128863528,озимая пшеница,2012,2,1,development,0.2986045181751251,0.3701052665710449,0.44676301540241153,0.3832097223604086,0.40706472933751287,0.4006724470953842
96089,AOI-0075,2013-06-26,0.5377970993818354,озимая пшеница,2013,2,1,development,0.4277695417404175,0.4555153548717499,0.47362223023179967,0.4622019232428881,0.4961641385094373,0.4826658205857126
96168,AOI-0075,2013-09-13,0.3746873386574586,озимая пшеница,2013,1,1,development,0.6390555500984192,0.5131798982620239,0.4609827535696699,0.4562948680256439,0.4537756421178457,0.4550847927176099
96201,AOI-0075,2013-10-16,0.3932042796005707,озимая пшеница,2013,2,1,development,0.38764503598213196,0.38764503598213196,0.3724173814084212,0.35670038714193064,0.40779394256666507,0.38740532240813735
96208,AOI-0075,2013-10-23,0.294670829463435,озимая пшеница,2013,1,1,development,0.38764503598213196,0.38764503598213196,0.3355421317137676,0.3440849679343384,0.33442094847692877,0.33796749418470245
96320,AOI-0075,2014-07-14,0.8345853826986845,озимая пшеница,2014,1,1,development,0.8010411262512207,0.7804086804389954,0.8238702646596175,0.8306408422271258,0.8276435055310232,0.8285142547951216
96336,AOI-0075,2014-07-30,0.8058330802443856,озимая пшеница,2014,1,1,development,0.7287050485610962,0.6924145221710205,0.7581414607543676,0.751007638980547,0.7656426209082774,0.759949005898225
96360,AOI-0075,2014-08-23,0.4358334118011427,озимая пшеница,2014,1,1,development,0.44563111662864685,0.44972631335258484,0.41891715974804683,0.4053030662597239,0.39649621598298823,0.4009185112408452
96398,AOI-0075,2014-09-30,0.2806390870185448,озимая пшеница,2014,2,1,development,0.2678735554218292,0.2846437990665436,0.30742265171450767,0.2906573489640249,0.30578488607898413,0.30042203655472005
96483,AOI-0075,2015-05-25,0.4962765572990965,озимая пшеница,2015,2,1,development,0.2981598377227783,0.2982400953769684,0.5158547391628318,0.4787515288724481,0.5107911736451258,0.499521539506548
96512,AOI-0075,2015-06-23,0.4710116530997073,озимая пшеница,2015,1,1,development,0.645267903804779,0.6148151159286499,0.5262895043608571,0.5156455403855738,0.5343588401667446,0.5271632598868601
96544,AOI-0075,2015-07-25,0.7298158074395197,озимая пшеница,2015,1,1,development,0.6652812361717224,0.6947736740112305,0.6906126772510991,0.6793558708399442,0.6900408546274445,0.6862203918045615
96579,AOI-0075,2015-08-29,0.3963252496433667,озимая пшеница,2015,2,1,development,0.4789413511753082,0.4757589101791382,0.4496707998449117,0.4429302654144783,0.44279882829346395,0.4432284645746819
96616,AOI-0075,2015-10-05,0.2292034770986682,озимая пшеница,2015,1,1,development,0.24746626615524292,0.2387053668498993,0.235694103404957,0.23714514269526998,0.22631801244937488,0.23074306994536709
96727,AOI-0075,2016-06-25,0.8197651499686313,озимая пшеница,2016,1,1,development,0.809736430644989,0.809736430644989,0.7778828406283805,0.7755228363633239,0.8051174040118597,0.7929327333634657
96743,AOI-0075,2016-07-11,0.8052177488463824,озимая пшеница,2016,1,1,development,0.8182024359703064,0.8024079203605652,0.7640944477908634,0.7485636647987347,0.7477224308947027,0.7489364051164755
96799,AOI-0075,2016-09-05,0.5150844399050069,озимая пшеница,2016,1,1,development,0.48120978474617004,0.48120978474617004,0.5294274152310501,0.5176651107956531,0.5078765578729293,0.5126043895608199
96888,AOI-0075,2017-05-04,0.1992254974745686,озимая пшеница,2017,0,1,development,0.2478005588054657,0.23821237683296204,0.2235529394602501,0.2307046865541478,0.2057066931448925,0.21571193610199235
96911,AOI-0075,2017-05-27,0.2929545048648915,озимая пшеница,2017,1,1,development,0.5062344670295715,0.43045464158058167,0.381759156128416,0.3729598842876349,0.42038241609891475,0.40113671893265584
96973,AOI-0075,2017-07-28,0.6957475986685688,озимая пшеница,2017,2,1,development,0.7030614614486694,0.6841564774513245,0.6718971827769309,0.6889915715587349,0.6811758787306497,0.6834775582667072
96988,AOI-0075,2017-08-12,0.590000689162943,озимая пшеница,2017,0,1,development,0.5802797675132751,0.5915825366973877,0.5900674630400828,0.5994454243077474,0.5984814293016499,0.5983609580005547
97021,AOI-0075,2017-09-14,0.3634948169281978,озимая пшеница,2017,2,1,development,0.20853836834430695,0.20843222737312317,0.3747592430654824,0.31713448822005114,0.36485684297427656,0.34820225961528206
97028,AOI-0075,2017-09-21,0.2063580587459654,озимая пшеница,2017,0,1,development,0.22789506614208221,0.2222154289484024,0.23403096535024528,0.240161065019624,0.23142250382780097,0.23471812187011376
97090,AOI-0075,2018-04-23,0.6460227294341416,озимая пшеница,2018,2,1,development,0.5072016716003418,0.49122363328933716,0.627758809319162,0.6313563750138176,0.6660188340252551,0.6513937460343777
97098,AOI-0075,2018-05-01,0.6415672257872101,озимая пшеница,2018,0,1,development,0.6318181753158569,0.6318181753158569,0.6245050422871161,0.6254495134930657,0.6393678817491144,0.6335231395472458
97186,AOI-0075,2018-07-28,0.5380413219210651,озимая пшеница,2018,2,1,development,0.32721155881881714,0.3654352128505707,0.498081997320679,0.4502527861135674,0.5096046387346688,0.4875655040136055
97202,AOI-0075,2018-08-13,0.4485293865905849,озимая пшеница,2018,2,1,development,0.38222643733024597,0.36743754148483276,0.44086216992260147,0.38926186599003537,0.44909485313243513,0.4270652562587274
97233,AOI-0075,2018-09-13,0.1653066333071554,озимая пшеница,2018,0,1,development,0.3724473714828491,0.347860187292099,0.22276139022664607,0.2298627041995006,0.22363054639262528,0.22582908750080172
97250,AOI-0075,2018-09-30,0.3659132667617688,озимая пшеница,2018,2,1,development,0.22769562900066376,0.24717161059379578,0.3824449330585052,0.3441747131894937,0.3999004700066742,0.3788386423965572
97266,AOI-0075,2018-10-16,0.3104763195435092,озимая пшеница,2018,2,1,development,0.2094392329454422,0.2094392329454422,0.3433559845560715,0.31988913936506896,0.3446335603670931,0.3356413600566093
97301,AOI-0075,2019-04-21,0.1670782252102746,озимая пшеница,2019,0,1,development,0.20871208608150482,0.22002772986888885,0.1673112394521575,0.16145554773572918,0.1910793392438635,0.17907695234016266
97321,AOI-0075,2019-05-11,0.3490601585106945,озимая пшеница,2019,0,1,development,0.4292287230491638,0.41319143772125244,0.30407056291452406,0.2989390778550066,0.30493587859665816,0.30272571214902344
97349,AOI-0075,2019-06-08,0.3533369815194385,озимая пшеница,2019,0,1,development,0.35379040241241455,0.338489294052124,0.317742925055695,0.33229118841195476,0.332747370289222,0.3317482896532339
97354,AOI-0075,2019-06-13,0.5316869544786575,озимая пшеница,2019,0,1,development,0.5256807208061218,0.5072330832481384,0.41222793307163985,0.4062672200131599,0.45592888323647235,0.4355934659957138
97384,AOI-0075,2019-07-13,0.7817501085516884,озимая пшеница,2019,0,1,development,0.8617585897445679,0.8594434261322021,0.7478461785407992,0.7386115321722436,0.7609409897730661,0.7521621328401382
97386,AOI-0075,2019-07-15,0.8008258623846511,озимая пшеница,2019,0,1,development,0.8594434261322021,0.8594434261322021,0.713320599752839,0.7294568395914133,0.7297175835737965,0.7287115053143678
97394,AOI-0075,2019-07-23,0.8292890744754537,озимая пшеница,2019,0,1,development,0.7306337952613831,0.7291569113731384,0.7573433876634038,0.7833391919019607,0.7602821601258082,0.7684314722407282
97447,AOI-0075,2019-09-14,0.3881957836623347,озимая пшеница,2019,1,1,development,0.33029478788375854,0.3257061541080475,0.40221069346504557,0.40275351931977904,0.4241037564147276,0.4151885418116137
97479,AOI-0075,2019-10-16,0.2457758428300038,озимая пшеница,2019,0,1,development,0.2587427794933319,0.2585323452949524,0.30406487640741625,0.3008155358378681,0.31582148126502896,0.3097574159005402
97484,AOI-0075,2019-10-21,0.2577913855167035,озимая пшеница,2019,0,1,development,0.2748790681362152,0.2799772322177887,0.29989220031740715,0.2868937295152759,0.30842018980864727,0.30018486505218034
97510,AOI-0075,2020-04-17,0.2098879897378523,озимая пшеница,2020,1,1,development,0.0497497133910656,0.04196440428495407,0.19630055950029707,0.19456922204952753,0.18937933803000984,0.19163544177057168
97571,AOI-0075,2020-06-17,0.6230699577066291,озимая пшеница,2020,0,1,development,0.7435613870620728,0.7443949580192566,0.6133147399922267,0.6296012498550957,0.6296060199714124,0.6286981079885076
97582,AOI-0075,2020-06-28,0.6864953258871678,озимая пшеница,2020,1,1,development,0.7389776110649109,0.7599396109580994,0.7102935443893682,0.7086849667866291,0.7500857095032657,0.7329460356111148
97591,AOI-0075,2020-07-07,0.7014652608386811,озимая пшеница,2020,0,1,development,0.711662232875824,0.7367337942123413,0.7195040821397367,0.7197402813561281,0.6693279898277896,0.6902942077082769
97633,AOI-0075,2020-08-18,0.4968415258437808,озимая пшеница,2020,0,1,development,0.35272184014320374,0.39083096385002136,0.30707102004248754,0.30873483562146226,0.3085485802952522,0.3085335427925642
97647,AOI-0075,2020-09-01,0.2091110766522912,озимая пшеница,2020,1,1,development,0.17562131583690643,0.17562131583690643,0.22838999120283446,0.225333453246015,0.2085274565845694,0.21569138383943726
97653,AOI-0075,2020-09-07,0.1803229436094421,озимая пшеница,2020,0,1,development,0.21007202565670013,0.197139173746109,0.1654811973603982,0.16490622383450096,0.17672043000157547,0.1718358647477946
97659,AOI-0075,2020-09-13,0.3107596766524013,озимая пшеница,2020,2,1,development,0.17018787562847137,0.16533352434635162,0.31071667777992623,0.2896978024530014,0.31340487828841795,0.30470820817046773
97668,AOI-0075,2020-09-22,0.1529854615108408,озимая пшеница,2020,0,1,development,0.19375842809677124,0.19375842809677124,0.18221732595147946,0.17679405633656886,0.1818089829897808,0.18002365925328911
97681,AOI-0075,2020-10-05,0.1883971691314812,озимая пшеница,2020,0,1,development,0.2120269238948822,0.20850548148155212,0.1847635473296943,0.18935179349113548,0.2036668930402682,0.19745436620666984
97686,AOI-0075,2020-10-10,0.174926028876973,озимая пшеница,2020,1,1,development,0.1795167177915573,0.1857176274061203,0.19030901754764093,0.18476226321939201,0.17471581083242257,0.17920523275366979
97691,AOI-0075,2020-10-15,0.1789794082410561,озимая пшеница,2020,0,1,development,0.17488735914230347,0.17152497172355652,0.25199369512062286,0.2323507696644327,0.21287416397962575,0.22207208745331242
97718,AOI-0075,2021-04-12,0.2219020236170291,озимая пшеница,2021,1,1,development,0.06842749565839767,0.16538408398628235,0.20652555983550408,0.21647573893351454,0.23932616436547993,0.2292633599079403
97742,AOI-0075,2021-05-06,0.5427683807732753,озимая пшеница,2021,1,1,development,0.5676590204238892,0.6118565201759338,0.49951651073249426,0.5023100706179432,0.5077170647121474,0.5053115239478412
97777,AOI-0075,2021-06-10,0.5218029481692819,озимая пшеница,2021,2,1,development,0.18055838346481323,0.17670400440692902,0.5276024015223905,0.5299894842692721,0.5855715381236182,0.5623079764047845
97781,AOI-0075,2021-06-14,0.1806912505394429,озимая пшеница,2021,0,1,development,0.29069453477859497,0.2593061327934265,0.2132860556874489,0.23762772492292508,0.2770492266862266,0.2592897587903714
97783,AOI-0075,2021-06-16,0.3427106233357335,озимая пшеница,2021,1,1,development,0.33181560039520264,0.310159832239151,0.2931591485267637,0.2666420753843899,0.31929546624608474,0.29885845946774425
97784,AOI-0075,2021-06-17,0.2749328867463058,озимая пшеница,2021,0,1,development,0.310159832239151,0.310159832239151,0.24520000618565,0.26150235977767067,0.24989016767490857,0.2538158380200621
97796,AOI-0075,2021-06-29,0.1912792394825953,озимая пшеница,2021,0,1,development,0.24301955103874207,0.232643723487854,0.2323302856607119,0.23485551759749787,0.2593074396837601,0.24899117147862498
97798,AOI-0075,2021-07-01,0.3070914713873804,озимая пшеница,2021,1,1,development,0.20151624083518982,0.232643723487854,0.2837174181720373,0.2777396948492531,0.33500903572948154,0.31150858718231567
97834,AOI-0075,2021-08-06,0.1978516952986671,озимая пшеница,2021,0,1,development,0.18246974050998688,0.18369175493717194,0.22753344296519323,0.2306970992782339,0.2095342094364604,0.21816528769471083
97856,AOI-0075,2021-08-28,0.233770537575035,озимая пшеница,2021,0,1,development,0.3558422029018402,0.32449576258659363,0.22780526977757196,0.23616035830153992,0.22818801016048765,0.2310410007616071
97886,AOI-0075,2021-09-27,0.019985858357589,озимая пшеница,2021,0,1,development,0.212983638048172,0.21244855225086212,0.23516417108959403,0.23028523115195215,0.21757259408279,0.2231344168755522
97889,AOI-0075,2021-09-30,0.1948123174749261,озимая пшеница,2021,0,1,development,0.21619419753551483,0.21244855225086212,0.3113966163518059,0.2794515982632604,0.27018944595618194,0.2758208638504972
97926,AOI-0075,2022-04-07,0.2282019010316266,озимая пшеница,2022,1,1,development,0.213365837931633,0.213365837931633,0.23856344163783041,0.24952039920836383,0.25456851027711236,0.25185823682145225
97957,AOI-0075,2022-05-08,0.3985251576391087,озимая пшеница,2022,0,1,development,0.5371302962303162,0.4851398766040802,0.36310205105645976,0.3641755138992904,0.36616145895287006,0.36527528614566684
97989,AOI-0075,2022-06-09,0.2258486936402801,озимая пшеница,2022,0,1,development,0.2949283719062805,0.2930589020252228,0.21376381933668737,0.21723803640552147,0.22393422048701087,0.22095431499062262
98009,AOI-0075,2022-06-29,0.3538865595760049,озимая пшеница,2022,0,1,development,0.34478023648262024,0.3518102467060089,0.32970516695915364,0.3283486726690418,0.32419545422846513,0.3259992933907893
98017,AOI-0075,2022-07-07,0.4312563459893956,озимая пшеница,2022,0,1,development,0.493541955947876,0.5032601952552795,0.39124315073329397,0.42461552788165635,0.40319988436542425,0.41025580636977793
98062,AOI-0075,2022-08-21,0.7793783021445987,озимая пшеница,2022,0,1,development,0.759365439414978,0.7511774897575378,0.7346552913075065,0.73648560531364,0.7102258884143425,0.7210522060096878
98066,AOI-0075,2022-08-25,0.726539465898362,озимая пшеница,2022,1,1,development,0.7667374014854431,0.760392427444458,0.7715276934104935,0.7505694889552305,0.7670554607840339,0.7613605185978183
98072,AOI-0075,2022-08-31,0.3594154577254961,озимая пшеница,2022,0,1,development,0.5531790256500244,0.4753226935863495,0.5261429828923726,0.5153292125984208,0.5607140578325464,0.5424284105113653
98082,AOI-0075,2022-09-10,0.2217063515936513,озимая пшеница,2022,0,1,development,0.32092398405075073,0.3103989064693451,0.31992335097734914,0.30887938343917065,0.3635581939817541,0.34141761573379564
98117,AOI-0075,2022-10-15,0.6906556147075463,озимая пшеница,2022,0,1,development,0.6019503474235535,0.5741438269615173,0.6376063036720768,0.623298051389455,0.6167887107692649,0.6202934967148499
98158,AOI-0075,2023-04-26,0.8545316435126062,озимая пшеница,2023,1,1,development,0.8406673669815063,0.8388397097587585,0.8097309183069288,0.7853162682459085,0.822777267083159,0.8085457130250002
98180,AOI-0075,2023-05-18,0.8460131432978011,озимая пшеница,2023,0,1,development,0.649520754814148,0.6823906302452087,0.6821404561173575,0.7126538722492601,0.7171211896011752,0.7135648009773249
98260,AOI-0075,2023-08-06,0.4415043066461631,озимая пшеница,2023,0,1,development,0.4124186933040619,0.4204190671443939,0.4380383530687316,0.44240695952164705,0.41995285847637365,0.4290542568851636
98278,AOI-0075,2023-08-24,0.6125879600106479,озимая пшеница,2023,1,1,development,0.4274975657463074,0.42668455839157104,0.4510077920716922,0.44877300586756397,0.45726397275458247,0.45385471810060196
98280,AOI-0075,2023-08-26,0.4459855977001897,озимая пшеница,2023,0,1,development,0.42912358045578003,0.42668455839157104,0.4231328325659537,0.4178867366476735,0.4199280424168902,0.41937035242229165
98283,AOI-0075,2023-08-29,0.4627242986210176,озимая пшеница,2023,2,1,development,0.4208606779575348,0.41591623425483704,0.46299285894897824,0.4520305282333159,0.4933446372671463,0.47676131310187364
98299,AOI-0075,2023-09-14,0.4361197337137422,озимая пшеница,2023,2,1,development,0.32955554127693176,0.33093175292015076,0.4094085686445351,0.3816061844656879,0.43393177781475856,0.41370268041808905
98307,AOI-0075,2023-09-22,0.3204822898783201,озимая пшеница,2023,0,1,development,0.31955400109291077,0.3193069398403168,0.3244436721397113,0.31956938137387164,0.31518317650607963,0.31727964948711374
98315,AOI-0075,2023-09-30,0.2855604759513817,озимая пшеница,2023,0,1,development,0.31992101669311523,0.32758405804634094,0.3578319973633317,0.3756875703241501,0.3382019243425076,0.35280857998753223
98319,AOI-0075,2023-10-04,0.2519462351195525,озимая пшеница,2023,1,1,development,0.348899781703949,0.36686864495277405,0.32635481600259897,0.31579650146991634,0.3206370276723382,0.31920991530156545
98334,AOI-0075,2023-10-19,0.320629890415871,озимая пшеница,2023,1,1,development,0.3999585807323456,0.3999585807323456,0.3360081207552929,0.3397057937438532,0.33810893460011116,0.33856779570447604
98351,AOI-0075,2024-04-06,0.4363424155967665,озимая пшеница,2024,2,1,development,0.24030795693397522,0.24127227067947388,0.3544426565754377,0.3264548759658943,0.39089534397387826,0.3656348864724476
98357,AOI-0075,2024-04-12,0.2312005785187931,озимая пшеница,2024,0,1,development,0.2356167584657669,0.23644553124904633,0.26225108274748266,0.27830862863442024,0.2626341399258145,0.2682639749372009
98383,AOI-0075,2024-05-08,0.5719628150261531,озимая пшеница,2024,2,1,development,0.46583622694015503,0.46583622694015503,0.6430030781511508,0.6353380085864045,0.6406560048109946,0.6388692556947595
98402,AOI-0075,2024-05-27,0.4761146268359837,озимая пшеница,2024,0,1,development,0.47601577639579773,0.47645387053489685,0.501638522060499,0.5074399486345823,0.47426988064320147,0.48775108875055107
98414,AOI-0075,2024-06-08,0.2603596860778016,озимая пшеница,2024,0,1,development,0.483181357383728,0.491912305355072,0.41239596967725806,0.40324726926551546,0.4095751806782747,0.4074506757564538
98422,AOI-0075,2024-06-16,0.2272234067463712,озимая пшеница,2024,0,1,development,0.31734931468963623,0.28320738673210144,0.2503760432543561,0.27685449764312864,0.24297673041396733,0.2556023048332778
98447,AOI-0075,2024-07-11,0.4995326877041282,озимая пшеница,2024,0,1,development,0.4884871542453766,0.4798280596733093,0.5358253423816599,0.5309013631171586,0.5252060749385137,0.5278500941327742
98492,AOI-0075,2024-08-25,0.6524722755036265,озимая пшеница,2024,0,1,development,0.6459512710571289,0.6459512710571289,0.6665051917920969,0.6678588745233196,0.6456388264573982,0.6548105256499581
98493,AOI-0075,2024-08-26,0.683850210186008,озимая пшеница,2024,1,1,development,0.6410655975341797,0.6459512710571289,0.6876963931606445,0.6790871798525261,0.6890086231636001,0.6853586412670096
98494,AOI-0075,2024-08-27,0.6503784683787321,озимая пшеница,2024,0,1,development,0.6361799240112305,0.6459512710571289,0.696685519620627,0.6783398446413159,0.6481335219661087,0.6617245182722196
98504,AOI-0075,2024-09-06,0.6189508330862715,озимая пшеница,2024,0,1,development,0.6001413464546204,0.600853443145752,0.6022794347537891,0.6098908986858433,0.5983237013363228,0.6027140721376323
98514,AOI-0075,2024-09-16,0.5720035849961145,озимая пшеница,2024,0,1,development,0.5776777267456055,0.5751250386238098,0.5925522595982247,0.6000487597445386,0.5730676828635439,0.5838790203970097
12781,AOI-0008,2010-04-16,0.2378735468057337,озимая пшеница,2010,1,2,development,0.4435632526874542,0.43798574805259705,0.30691100516423975,0.32032597708124716,0.29253921834034075,0.30335663360228904
12798,AOI-0008,2010-08-29,0.2729828512396694,озимая пшеница,2010,2,2,development,0.1589706838130951,0.16239462792873383,0.23030982159745156,0.22508242349798063,0.24818158287276268,0.23885950958753643
12802,AOI-0008,2010-09-30,0.2673981404958678,озимая пшеница,2010,2,2,development,0.20728956162929535,0.23506012558937073,0.2805722176987248,0.2781834027211893,0.28289250686647943,0.2810656632409477
12803,AOI-0008,2010-10-01,0.1706407035266657,озимая пшеница,2010,1,2,development,0.2134608030319214,0.23506012558937073,0.17442033571354912,0.17993161877224745,0.1744481300878152,0.1764235528347038
12806,AOI-0008,2011-04-07,0.4814328512396694,озимая пшеница,2011,2,2,development,0.37246307730674744,0.37246307730674744,0.39058637598704654,0.413416360993267,0.40199975699396917,0.40548093686516523
12809,AOI-0008,2011-05-09,0.8175898760330579,озимая пшеница,2011,2,2,development,0.5984996557235718,0.5843523740768433,0.7483701881107507,0.7322068570083105,0.7409864191828054,0.7382318305437956
12827,AOI-0008,2011-09-14,0.3082652892561983,озимая пшеница,2011,2,2,development,0.18917517364025116,0.18917517364025116,0.3212432950383731,0.3319141012373787,0.32767148334905927,0.3288435155616355
12829,AOI-0008,2011-09-30,0.2626493801652892,озимая пшеница,2011,2,2,development,0.2528958022594452,0.264586865901947,0.3512753223237962,0.34609741528134547,0.3407192826887983,0.3432454403898607
12831,AOI-0008,2012-04-06,0.371273347107438,озимая пшеница,2012,2,2,development,0.3639756143093109,0.3639756143093109,0.4101617076277137,0.4202539793599486,0.4203399833251992,0.41974281602487445
12841,AOI-0008,2012-07-27,0.3098700413223141,озимая пшеница,2012,2,2,development,0.31072357296943665,0.31555259227752686,0.3552457323351156,0.37714604173987615,0.34487374342174537,0.35708584943523625
12846,AOI-0008,2012-09-13,0.3637070247933884,озимая пшеница,2012,2,2,development,0.2575007677078247,0.25792965292930603,0.3421494059987714,0.3627138469694064,0.32350284183287825,0.3386768362339806
12853,AOI-0008,2013-04-23,0.4007384297520661,озимая пшеница,2013,2,2,development,0.24584001302719116,0.23861484229564667,0.395317783606941,0.4222037836392797,0.39517456767604453,0.404927409815404
12862,AOI-0008,2013-06-26,0.6038500000000001,озимая пшеница,2013,2,2,development,0.4882160425186157,0.4502529203891754,0.46518685977577945,0.46545559757802396,0.48822525340199785,0.47873458575305833
12865,AOI-0008,2013-07-13,0.271780389024304,озимая пшеница,2013,1,2,development,0.3516899645328522,0.2884979248046875,0.32880239600266664,0.3274767861957411,0.33213710360511073,0.3302714227326419
12872,AOI-0008,2013-09-14,0.3480111570247934,озимая пшеница,2013,2,2,development,0.3428398668766022,0.3428398668766022,0.392730841958799,0.37673354605002257,0.3749688602071585,0.37659308359189275
12880,AOI-0008,2014-05-09,0.5395394628099174,озимая пшеница,2014,2,2,development,0.30311936140060425,0.30311936140060425,0.6106287561374595,0.6012840470252636,0.5914230502449495,0.5960465526282599
12883,AOI-0008,2014-05-29,0.375047044672449,озимая пшеница,2014,1,2,development,0.45566821098327637,0.40453580021858215,0.3560396945795754,0.3893228388188067,0.3359257207400033,0.3562958752969846
12896,AOI-0008,2014-08-17,0.2122887754460195,озимая пшеница,2014,1,2,development,0.2192615121603012,0.20040589570999146,0.2096324636708913,0.22222357730354617,0.20286497186166189,0.21022079071610222
12904,AOI-0008,2014-10-04,0.202305605536175,озимая пшеница,2014,1,2,development,0.2367819845676422,0.2213325798511505,0.21272573283379942,0.21414458596278207,0.21526827943454938,0.21472172531512318
12906,AOI-0008,2014-10-16,0.2549247933884297,озимая пшеница,2014,2,2,development,0.18298272788524628,0.19098109006881714,0.24125545708613771,0.2619808496644111,0.25368792822909897,0.25598623680847954
12908,AOI-0008,2015-04-06,0.5559458213671727,озимая пшеница,2015,1,2,development,0.6111187934875488,0.6111187934875488,0.4536826214041743,0.4465930182260291,0.4769724262769177,0.4647242208835518
12914,AOI-0008,2015-05-09,0.8222223140495867,озимая пшеница,2015,2,2,development,0.8127001523971558,0.8185569047927856,0.8113335144453887,0.8161591850727764,0.8176754556007158,0.8167760262680066
12920,AOI-0008,2015-06-26,0.3291117768595042,озимая пшеница,2015,2,2,development,0.4119811952114105,0.4119811952114105,0.4052655049175686,0.41448360169788107,0.35858027553443916,0.3813320057012719
12931,AOI-0008,2015-09-14,0.2786270661157024,озимая пшеница,2015,2,2,development,0.1826106309890747,0.1787184625864029,0.2706665156793775,0.2630697209106571,0.2615761805858936,0.2626202926560226
12950,AOI-0008,2016-07-11,0.3555402892561983,озимая пшеница,2016,2,2,development,0.23653268814086914,0.25050443410873413,0.3137900273416743,0.30942430612562416,0.35614957241603057,0.33694743271925853
12952,AOI-0008,2016-07-27,0.4382677685950413,озимая пшеница,2016,2,2,development,0.3535926640033722,0.3629520535469055,0.3565657030556235,0.3652010990862902,0.3951878145819498,0.3822283371905742
12960,AOI-0008,2016-10-09,0.2958209466213656,озимая пшеница,2016,1,2,development,0.2818666100502014,0.28570690751075745,0.1994208499536685,0.23161321290201856,0.21553315013445087,0.22043427799704396
12962,AOI-0008,2016-10-17,0.1969780186137148,озимая пшеница,2016,1,2,development,0.2603759467601776,0.24542135000228882,0.2051586321965222,0.20837766585100226,0.18639700047849667,0.19536532025551406
12966,AOI-0008,2017-04-07,0.3529576446280992,озимая пшеница,2017,2,2,development,0.2037663459777832,0.20131292939186096,0.38144040638335797,0.3897142667619055,0.41070518913912457,0.40150947142483934
12973,AOI-0008,2017-05-01,0.3219210393856753,озимая пшеница,2017,0,2,development,0.3640003502368927,0.3782713711261749,0.30977335354890284,0.3085574337762647,0.2951354376804198,0.3007887109949857
12975,AOI-0008,2017-05-06,0.4716468062509397,озимая пшеница,2017,0,2,development,0.5411646962165833,0.604160726070404,0.4198455871973252,0.43085873116166634,0.37566701262927615,0.3980227549400508
12979,AOI-0008,2017-06-06,0.8124150503626875,озимая пшеница,2017,1,2,development,0.7044512629508972,0.7200927138328552,0.7589459299837278,0.7660479251781639,0.7563948013353817,0.7600169586486287
12984,AOI-0008,2017-07-12,0.3499595041322314,озимая пшеница,2017,2,2,development,0.33329617977142334,0.3339524567127228,0.3653988482469521,0.3704165021096677,0.39342600171894976,0.38357136627053867
12995,AOI-0008,2017-08-17,0.1532481138938612,озимая пшеница,2017,1,2,development,0.14401689171791077,0.14399845898151398,0.18163541971336752,0.1762709868860979,0.17901596583258486,0.17817202073642674
13001,AOI-0008,2017-09-05,0.15188109126671,озимая пшеница,2017,0,2,development,0.17516669631004333,0.17516669631004333,0.14235531779104357,0.14920448456028795,0.14973986059524969,0.14913608027631514
13004,AOI-0008,2017-09-13,0.1470454200071667,озимая пшеница,2017,0,2,development,0.231080561876297,0.20578055083751678,0.15327447848345632,0.1539979820952892,0.15572086233475768,0.15496363167950944
13024,AOI-0008,2018-05-09,0.7147644628099175,озимая пшеница,2018,2,2,development,0.7668966054916382,0.7671046853065491,0.774369012965472,0.7703500275617666,0.7624932982370863,0.765986473505966
13028,AOI-0008,2018-05-31,0.707164158280655,озимая пшеница,2018,0,2,development,0.6747188568115234,0.6767240166664124,0.672879030354856,0.6852869265390206,0.6719510387730823,0.67681066142805
13036,AOI-0008,2018-07-02,0.1861025293045404,озимая пшеница,2018,0,2,development,0.24347476661205292,0.23783957958221436,0.21494240373693746,0.22214553870367434,0.239347359500583,0.23178805597201757
13040,AOI-0008,2018-07-28,0.2254177685950413,озимая пшеница,2018,2,2,development,0.1955001950263977,0.197641059756279,0.2662767465610589,0.26152083036821405,0.2477628943097071,0.2537528809889773
13048,AOI-0008,2018-09-18,0.1525535560976532,озимая пшеница,2018,0,2,development,0.17746636271476746,0.18353386223316193,0.1532088094429102,0.1545960259712684,0.14474831846242453,0.1487693338242976
13055,AOI-0008,2018-10-16,0.3760326446280991,озимая пшеница,2018,2,2,development,0.21016816794872284,0.21016816794872284,0.26940910633282944,0.2808451938010326,0.2926159715026931,0.28708137153014857
13057,AOI-0008,2019-04-06,0.2538230312947847,озимая пшеница,2019,0,2,development,0.7338836193084717,0.7045319080352783,0.6446415720055444,0.6790440650968833,0.6387235337991318,0.6535895307512951
13062,AOI-0008,2019-04-26,0.8116252902721068,озимая пшеница,2019,0,2,development,0.8295208811759949,0.825225830078125,0.8131122602322886,0.8206810154532476,0.8175425155169238,0.8184276125206442
13065,AOI-0008,2019-05-08,0.8216154506489561,озимая пшеница,2019,0,2,development,0.8687578439712524,0.8715973496437073,0.831553754171324,0.8269207666709322,0.8011880845096144,0.8121545907420715
13067,AOI-0008,2019-05-13,0.5076825349811604,озимая пшеница,2019,0,2,development,0.8717198371887207,0.8706396818161011,0.7958903681536161,0.7864982641497533,0.7940507865807162,0.7914301921247251
13069,AOI-0008,2019-05-18,0.8772885376211211,озимая пшеница,2019,0,2,development,0.8640660047531128,0.8605323433876038,0.8598464573923337,0.8549207894798975,0.8605803826673457,0.8584990985748805
13070,AOI-0008,2019-05-19,0.7692984386972274,озимая пшеница,2019,1,2,development,0.8569986820220947,0.8605323433876038,0.8610627983868536,0.848409404670763,0.8499812339702948,0.8500309455105483
13082,AOI-0008,2019-06-20,0.2167319717823884,озимая пшеница,2019,0,2,development,0.21945704519748688,0.22510398924350739,0.21681193506317192,0.20687404883757787,0.24156801480944023,0.2276827160250631
13090,AOI-0008,2019-07-06,0.1667306767754179,озимая пшеница,2019,1,2,development,0.15729674696922302,0.15729674696922302,0.20327762979788327,0.19564558382881697,0.19373273930124707,0.19495330798006205
13099,AOI-0008,2019-08-01,0.1714004236610289,озимая пшеница,2019,0,2,development,0.15734554827213287,0.17355719208717346,0.1829918498370611,0.18261704790090724,0.18440213263911237,0.1836801077903879
13106,AOI-0008,2019-08-15,0.3282988156954023,озимая пшеница,2019,1,2,development,0.2581493854522705,0.25148919224739075,0.30090577175867,0.30243094645606794,0.3103196448096246,0.30695188210382973
13114,AOI-0008,2019-09-03,0.2332647370023122,озимая пшеница,2019,0,2,development,0.23678459227085114,0.23866087198257446,0.24163648977100224,0.23927191348296806,0.23928593115773528,0.2394116256936917
13118,AOI-0008,2019-09-13,0.2351994453607138,озимая пшеница,2019,0,2,development,0.26954153180122375,0.2638704478740692,0.23756634258291412,0.2286656329944244,0.23212178418308477,0.231178583963226
13133,AOI-0008,2020-04-02,0.1843766265178008,озимая пшеница,2020,0,2,development,0.4486113488674164,0.4486113488674164,0.17548773598700707,0.17962255684401554,0.20257535978927813,0.192793426004784
13144,AOI-0008,2020-05-12,0.2257595311765664,озимая пшеница,2020,0,2,development,0.2603451907634735,0.24573183059692383,0.2149828718936757,0.22333712248300552,0.20903943853075913,0.214524799521281
13152,AOI-0008,2020-06-04,0.4334626118740914,озимая пшеница,2020,0,2,development,0.545139491558075,0.5353531241416931,0.6112237664930056,0.6271148479557718,0.5771184469038035,0.5970407966594546
13156,AOI-0008,2020-06-16,0.8047655674441445,озимая пшеница,2020,0,2,development,0.6296939253807068,0.6680396199226379,0.7217698231164799,0.7203252063571817,0.6862263728657881,0.7004971485216123
13161,AOI-0008,2020-07-01,0.5577062455488371,озимая пшеница,2020,0,2,development,0.5499423146247864,0.5362820029258728,0.5239680428359564,0.5198110815578173,0.5344708945905933,0.5286013599840416
13167,AOI-0008,2020-07-16,0.3044098024946953,озимая пшеница,2020,1,2,development,0.3828229010105133,0.38898617029190063,0.3744698731434924,0.3819747899577712,0.39444861906332146,0.3888401092237515
13181,AOI-0008,2020-08-18,0.1765205361561583,озимая пшеница,2020,0,2,development,0.23695245385169983,0.2207670360803604,0.1745742991642482,0.18064578378078774,0.18968965083962727,0.18558827260257799
13183,AOI-0008,2020-08-23,0.2029922338241424,озимая пшеница,2020,0,2,development,0.19269146025180817,0.1892780065536499,0.1819252108770086,0.19189987564659428,0.18658255239276336,0.18824055166715156
13185,AOI-0008,2020-08-28,0.2535787190082644,озимая пшеница,2020,2,2,development,0.1908845454454422,0.1934613287448883,0.23590864972227493,0.23702085428191916,0.24263866556797084,0.2402389163863552
13197,AOI-0008,2020-09-19,0.1106659775445716,озимая пшеница,2020,0,2,development,0.1963646113872528,0.17522676289081573,0.10507143959777124,0.11402810592864197,0.11684091324604128,0.11517213885746586
13198,AOI-0008,2020-09-22,0.164250507795152,озимая пшеница,2020,0,2,development,0.1646578460931778,0.17522676289081573,0.15215169007065055,0.15348689955561085,0.15750010620114552,0.15575571768220314
13205,AOI-0008,2020-10-12,0.1334107821331464,озимая пшеница,2020,0,2,development,0.2050403505563736,0.2050403505563736,0.12753868214316086,0.1329254439767901,0.1289534242347448,0.13030676716532386
13221,AOI-0008,2021-05-12,0.8831815015267249,озимая пшеница,2021,0,2,development,0.8184646964073181,0.8184646964073181,0.8353224741108178,0.824713297580689,0.8396450532009456,0.8340212485868714
13236,AOI-0008,2021-07-01,0.1710090837543161,озимая пшеница,2021,0,2,development,0.18680445849895477,0.18149659037590027,0.15390620144236908,0.16739185160001513,0.20458837589022255,0.18835870401688515
13237,AOI-0008,2021-07-03,0.2516296736184693,озимая пшеница,2021,1,2,development,0.18326587975025177,0.18149659037590027,0.22104361248249105,0.23281726127141142,0.24473516203822937,0.23912055934523171
13241,AOI-0008,2021-07-14,0.1516278112339075,озимая пшеница,2021,0,2,development,0.20385943353176117,0.20385943353176117,0.14378864600501376,0.15454501332351472,0.15634771112351556,0.15499919220884764
13246,AOI-0008,2021-07-26,0.1383275714798768,озимая пшеница,2021,0,2,development,0.19690820574760437,0.19690820574760437,0.16526918619325928,0.16338552988288688,0.162565468636489,0.16301151889646265
13250,AOI-0008,2021-08-03,0.1354721365038837,озимая пшеница,2021,0,2,development,0.143882155418396,0.1436665952205658,0.14922231346753298,0.1517243301449542,0.15671816084826568,0.1545007772413208
13255,AOI-0008,2021-08-20,0.2360198932580918,озимая пшеница,2021,0,2,development,0.2396504282951355,0.2480103224515915,0.2336457151918959,0.2471159276883991,0.250338151835386,0.24824793318153543
13258,AOI-0008,2021-08-28,0.3605913901319241,озимая пшеница,2021,0,2,development,0.46408891677856445,0.4231065511703491,0.38297723139432616,0.39054433387800197,0.3730759128317728,0.3799245783684838
13271,AOI-0008,2021-09-30,0.3766173553719009,озимая пшеница,2021,2,2,development,0.17996808886528015,0.1831590086221695,0.3172612320659188,0.31879948074803266,0.3128607804483377,0.3152466395875322
13273,AOI-0008,2021-10-07,0.2284430637994661,озимая пшеница,2021,0,2,development,0.17647263407707214,0.17322081327438354,0.18316628918898947,0.19497053996618569,0.19896886423485005,0.1966483352596749
13285,AOI-0008,2022-04-23,0.5791842975206611,озимая пшеница,2022,2,2,development,0.3111713230609894,0.31163713335990906,0.4891064073470987,0.47137516420355136,0.5457855082000577,0.5158055177465579
13312,AOI-0008,2022-07-06,0.1668469889594561,озимая пшеница,2022,0,2,development,0.27582094073295593,0.26994767785072327,0.2679174307685133,0.28426728614935715,0.2751551371741941,0.2780377583697072
13313,AOI-0008,2022-07-09,0.1476580175277968,озимая пшеница,2022,0,2,development,0.24058133363723755,0.26994767785072327,0.22836812884921165,0.2229829833686568,0.2321105851988369,0.2286116281164204
13319,AOI-0008,2022-07-24,0.0970813215367777,озимая пшеница,2022,0,2,development,0.14354343712329865,0.15921063721179962,0.1575867259919915,0.15068532258006623,0.14511308008198517,0.14781588610501123
13321,AOI-0008,2022-07-29,0.2016702114436569,озимая пшеница,2022,1,2,development,0.2613811790943146,0.2613811790943146,0.17854471990846124,0.17174357239978816,0.17506619071763424,0.17406177412602325
13324,AOI-0008,2022-08-07,0.222283264974161,озимая пшеница,2022,1,2,development,0.16207465529441833,0.1465943604707718,0.21795915382657655,0.230191745499183,0.2360458112052774,0.2329291788867811
13340,AOI-0008,2022-09-09,0.163543084640001,озимая пшеница,2022,0,2,development,0.2031843364238739,0.19489295780658722,0.16181399183002484,0.16046115070206893,0.19695113888254054,0.18184087770159385
13345,AOI-0008,2022-09-30,0.3226099173553718,озимая пшеница,2022,2,2,development,0.19623306393623352,0.20716162025928497,0.2649743140624447,0.2786461966030589,0.31294973365403866,0.2979136354978266
13349,AOI-0008,2022-10-14,0.1875244093488023,озимая пшеница,2022,0,2,development,0.21861475706100464,0.22010278701782227,0.2277076133845708,0.24010051919745828,0.237097648435914,0.23765796225811617
13350,AOI-0008,2022-10-17,0.1692169803572258,озимая пшеница,2022,0,2,development,0.2215908020734787,0.22010278701782227,0.22261248468930248,0.22707078622413304,0.2149663208408139,0.21975567140727564
13351,AOI-0008,2022-10-18,0.2493484888683474,озимая пшеница,2022,1,2,development,0.22258281707763672,0.22010278701782227,0.25604236943444003,0.26455853453448686,0.24957195400328416,0.25533499675485466
13360,AOI-0008,2023-05-09,0.809682438016529,озимая пшеница,2023,2,2,development,0.882825493812561,0.882825493812561,0.8718888809041552,0.8665463109639315,0.8262039285819364,0.8432898131295621
13362,AOI-0008,2023-05-15,0.8956148497801708,озимая пшеница,2023,0,2,development,0.8805086612701416,0.8803278803825378,0.9086352494223027,0.8916471852490557,0.8797965743716836,0.8856732225794952
13375,AOI-0008,2023-06-24,0.3126611786234284,озимая пшеница,2023,0,2,development,0.45130372047424316,0.41968798637390137,0.3858781228489514,0.40380034718929453,0.40987698722836824,0.4063512471194288
13388,AOI-0008,2023-07-29,0.1802213270879785,озимая пшеница,2023,0,2,development,0.3537316918373108,0.2887173295021057,0.23309433128709056,0.2301831851813749,0.22852195653991877,0.2293752167772006
13389,AOI-0008,2023-08-01,0.2706146170777145,озимая пшеница,2023,1,2,development,0.3103887736797333,0.2887173295021057,0.25482235888186777,0.25354892882763447,0.26524195747501345,0.26044667212726275
13390,AOI-0008,2023-08-05,0.2048297194660323,озимая пшеница,2023,0,2,development,0.25259822607040405,0.2887173295021057,0.22615567914572673,0.2221861641596135,0.22113101504327684,0.2217909230091537
13396,AOI-0008,2023-08-23,0.1468314137888013,озимая пшеница,2023,0,2,development,0.15147283673286438,0.15220557153224945,0.1733056486243863,0.17504611383703048,0.16458652586672234,0.1688425294596428
13398,AOI-0008,2023-08-26,0.2141632954706151,озимая пшеница,2023,1,2,development,0.1757669895887375,0.20299211144447327,0.20615807198949457,0.18966948768292136,0.23649058998949618,0.21792289423824585
13399,AOI-0008,2023-08-28,0.1422877951753272,озимая пшеница,2023,0,2,development,0.23021723330020905,0.20299211144447327,0.16771935958213563,0.16531591391157668,0.16999969353915684,0.16818420267602902
13405,AOI-0008,2023-09-17,0.166976822252839,озимая пшеница,2023,0,2,development,0.17060211300849915,0.17050911486148834,0.17456728155687937,0.17331127000979388,0.17163698287503418,0.17240361165784146
13424,AOI-0008,2024-04-09,0.2058905304955654,озимая пшеница,2024,0,2,development,0.21419179439544678,0.21421244740486145,0.2020607167312296,0.20462979581740365,0.20609640712582122,0.20534316524015325
13432,AOI-0008,2024-05-09,0.2069073090005084,озимая пшеница,2024,0,2,development,0.5756199955940247,0.3935847580432892,0.21511710354836042,0.20484305464753874,0.18372310879887882,0.1930837795795886
13434,AOI-0008,2024-06-03,0.1541263941121479,озимая пшеница,2024,0,2,development,0.17420031130313873,0.17873799800872803,0.16797095445106036,0.16523921276467476,0.1635925106213801,0.16442974631738466
13440,AOI-0008,2024-06-17,0.2694559319851325,озимая пшеница,2024,1,2,development,0.1465238630771637,0.15111631155014038,0.22050899614452918,0.23410868633342516,0.24471454250243732,0.2395443820823399
13448,AOI-0008,2024-07-05,0.1465088723696631,озимая пшеница,2024,0,2,development,0.15758153796195984,0.15736526250839233,0.14531363277349552,0.1465410506393117,0.15215701766457324,0.14975162731464703
13451,AOI-0008,2024-07-11,0.2399940082644628,озимая пшеница,2024,2,2,development,0.16085943579673767,0.16257627308368683,0.2556003584905069,0.25790401923596934,0.2535102415928917,0.2552105969862989
13459,AOI-0008,2024-07-30,0.1104820623908102,озимая пшеница,2024,0,2,development,0.1954454779624939,0.18694646656513214,0.13931721825222496,0.13288282921191424,0.1428833465228926,0.13907948430751163
13462,AOI-0008,2024-08-14,0.1584659062527172,озимая пшеница,2024,0,2,development,0.15392176806926727,0.15523958206176758,0.1498483249690935,0.1539837778337826,0.15415693634900718,0.15385484350124717
13477,AOI-0008,2024-09-28,0.1530638089809743,озимая пшеница,2024,0,2,development,0.17899030447006226,0.16888011991977692,0.16732102174277552,0.17003517223965123,0.15662124909864303,0.16205255511997257
13483,AOI-0008,2024-10-15,0.271122520661157,озимая пшеница,2024,2,2,development,0.16891515254974365,0.173467755317688,0.22909439517934688,0.24955662386630983,0.23195936710300727,0.23814436505364261
13532,AOI-0011,2010-05-18,0.2795186225754879,озимая пшеница,2010,1,2,development,0.4806760847568512,0.4758829176425934,0.31017812554594176,0.3211191410911277,0.2931244986233395,0.3041660381256781
13564,AOI-0011,2010-06-19,0.5269342216688895,озимая пшеница,2010,1,2,development,0.6324474215507507,0.6273256540298462,0.6550655151034155,0.6442272611639399,0.656426075103575,0.6519523417008042
13588,AOI-0011,2010-07-13,0.7832456445918468,озимая пшеница,2010,1,2,development,0.7025073170661926,0.6628695726394653,0.7733127562978648,0.7815435168959943,0.7379335185220124,0.7556242317129426
13667,AOI-0011,2010-09-30,0.3099274920255184,озимая пшеница,2010,2,2,development,0.20504561066627502,0.2000543475151062,0.3054118404753978,0.301240659035586,0.2938716815237948,0.2971703419639463
13716,AOI-0011,2011-04-19,0.506432227810523,озимая пшеница,2011,1,2,development,0.602845311164856,0.5839093327522278,0.4822490893216497,0.4805932581061161,0.4527034383326361,0.4644020469679404
13816,AOI-0011,2011-07-28,0.3003022727272728,озимая пшеница,2011,2,2,development,0.1902119219303131,0.21023213863372803,0.28175009089878705,0.2907459800344825,0.29765290508860015,0.294278159023517
13868,AOI-0011,2011-09-18,0.1767858803750127,озимая пшеница,2011,1,2,development,0.25803959369659424,0.2553865909576416,0.1994825478088587,0.1940526198735577,0.18586306339394787,0.18957322933113496
13896,AOI-0011,2011-10-16,0.2959618620414674,озимая пшеница,2011,2,2,development,0.2500806152820587,0.2500806152820587,0.3259289477653634,0.31702582356090336,0.30913491223484896,0.31291398968457734
13964,AOI-0011,2012-05-24,0.7189485047846893,озимая пшеница,2012,2,2,development,0.7011741399765015,0.7177916765213013,0.6910002844065546,0.6881463538196027,0.7051567834609062,0.6982365463782202
13996,AOI-0011,2012-06-25,0.319701893939394,озимая пшеница,2012,2,2,development,0.362173467874527,0.362173467874527,0.2757607257506559,0.28298986084707695,0.3115240752358567,0.29924728666239403
14083,AOI-0011,2012-09-20,0.1252370389888163,озимая пшеница,2012,1,2,development,0.2921611964702606,0.29636257886886597,0.18074164861228073,0.18439930891714432,0.1868294361940693,0.18561467011778848
14203,AOI-0011,2013-06-19,0.719807748407646,озимая пшеница,2013,1,2,development,0.6839559674263,0.6803843975067139,0.7014657423535976,0.6974498310486051,0.7095659813039509,0.7047471603343982
14251,AOI-0011,2013-08-06,0.3479000794472562,озимая пшеница,2013,1,2,development,0.40489840507507324,0.41090691089630127,0.370831936000308,0.36412791712313947,0.36282855062203645,0.36374219607465796
14306,AOI-0011,2013-09-30,0.3113596889952152,озимая пшеница,2013,2,2,development,0.2289959192276001,0.24959081411361694,0.30441626568104485,0.29310515153281325,0.29835727356790515,0.2968007473008906
14322,AOI-0011,2013-10-16,0.304758133971292,озимая пшеница,2013,2,2,development,0.1862620711326599,0.18772271275520325,0.2540906326371096,0.2470282973306537,0.2940110602502476,0.2748517593584698
14343,AOI-0011,2014-04-07,0.6047299043062201,озимая пшеница,2014,2,2,development,0.8091258406639099,0.8091258406639099,0.6965822898102603,0.7101196391625537,0.724077931416436,0.7175161036899664
14359,AOI-0011,2014-04-23,0.8457517145135567,озимая пшеница,2014,2,2,development,0.8091258406639099,0.8091258406639099,0.8447012643564978,0.8377452056231219,0.8752309412709062,0.8600179696840387
14403,AOI-0011,2014-06-06,0.7640163693736705,озимая пшеница,2014,1,2,development,0.5475645661354065,0.6344128251075745,0.70418086602324,0.7124065834054168,0.6912189063170375,0.6995787259615842
14443,AOI-0011,2014-07-16,0.2411882743005414,озимая пшеница,2014,1,2,development,0.25209879875183105,0.23661887645721436,0.2276153465260518,0.22553801089962194,0.22027946644047858,0.22258338953697537
14459,AOI-0011,2014-08-01,0.2204541412149156,озимая пшеница,2014,1,2,development,0.23306258022785187,0.2119346410036087,0.21698423483883728,0.21368573104483912,0.20583503104597248,0.2092856208406843
14603,AOI-0011,2015-05-24,0.8619288050392855,озимая пшеница,2015,1,2,development,0.6769574284553528,0.7677600383758545,0.7886967393089891,0.7975961082975186,0.8077527645226649,0.8030309935766435
14668,AOI-0011,2015-07-28,0.3049120015948964,озимая пшеница,2015,2,2,development,0.2228502333164215,0.25188174843788147,0.31138326022981844,0.323587105666695,0.32533925992288687,0.3239312599255426
14716,AOI-0011,2015-09-14,0.2945519936204146,озимая пшеница,2015,2,2,development,0.2604224681854248,0.2652101218700409,0.28549069080500183,0.2941854108723239,0.2908940761536598,0.29178014511781947
14739,AOI-0011,2015-10-07,0.2091165082109712,озимая пшеница,2015,1,2,development,0.2738259434700012,0.2748207747936249,0.21517703856019693,0.21468252606985402,0.21301113257017049,0.2137341992442956
14794,AOI-0011,2016-05-02,0.673558216836178,озимая пшеница,2016,1,2,development,0.657291829586029,0.6301730871200562,0.654959752400265,0.6506001621246653,0.6658485411996024,0.6597453426622508
14802,AOI-0011,2016-05-10,0.7712665991620332,озимая пшеница,2016,1,2,development,0.8391470909118652,0.8678612112998962,0.7663360578960657,0.7646237153404091,0.7766527842562033,0.7717420681083216
14912,AOI-0011,2016-08-28,0.3583124800637959,озимая пшеница,2016,2,2,development,0.2603238523006439,0.2779170572757721,0.3267063215908413,0.32023224091005165,0.3430384478582899,0.33390763429426673
14922,AOI-0011,2016-09-07,0.2419131263467299,озимая пшеница,2016,1,2,development,0.27866077423095703,0.2741695046424866,0.2609760368506505,0.25570379841207974,0.2556777227811308,0.2559818392490802
14944,AOI-0011,2016-09-29,0.3490007177033494,озимая пшеница,2016,2,2,development,0.1970590353012085,0.19259732961654663,0.308014162345497,0.3053630838994357,0.3093032161017757,0.30781097268010005
14976,AOI-0011,2017-04-01,0.3271547971608637,озимая пшеница,2017,0,2,development,0.3585956394672394,0.3585956394672394,0.18923036155999423,0.19996015279224433,0.24267443989638887,0.2243018131708112
15014,AOI-0011,2017-05-09,0.8628642942583734,озимая пшеница,2017,2,2,development,0.862357497215271,0.865100622177124,0.8474646358072744,0.8515327579394495,0.8550011595215643,0.8533314781207035
15111,AOI-0011,2017-08-14,0.1470349433596422,озимая пшеница,2017,0,2,development,0.27039599418640137,0.21824538707733154,0.16104171870150905,0.15924900002325196,0.16119457685760183,0.1604846330552479
15114,AOI-0011,2017-08-17,0.1532369728871328,озимая пшеница,2017,1,2,development,0.21824538707733154,0.21824538707733154,0.16845656292467073,0.1636665852698462,0.17549241248063696,0.1708374680195463
15123,AOI-0011,2017-08-26,0.1684929427271223,озимая пшеница,2017,0,2,development,0.21458126604557037,0.19498011469841003,0.14919777304194398,0.14877389734778182,0.1635932023554061,0.15744964373513845
15143,AOI-0011,2017-09-15,0.1613572454603191,озимая пшеница,2017,0,2,development,0.24613012373447418,0.22227942943572998,0.1649861953810184,0.16111473675297686,0.16737328114085384,0.1649841004367483
15148,AOI-0011,2017-09-20,0.1630676429874153,озимая пшеница,2017,0,2,development,0.1842874139547348,0.19399677217006683,0.16847242942633792,0.16014483108826627,0.17022602452624772,0.1664938970676093
15153,AOI-0011,2017-09-25,0.1682600582901499,озимая пшеница,2017,0,2,development,0.2085607945919037,0.19399677217006683,0.1690816403062533,0.17438384348013877,0.17541299341935634,0.17468977521342516
15170,AOI-0011,2017-10-12,0.2035915992558922,озимая пшеница,2017,1,2,development,0.2148285210132599,0.2148285210132599,0.21306794579189842,0.21005726190571977,0.2127028158715834,0.2117693212305598
15199,AOI-0011,2018-04-11,0.3918433359992398,озимая пшеница,2018,0,2,development,0.5054113864898682,0.5669811367988586,0.39317784962647095,0.3946869153121686,0.38137272592195187,0.38682955927161555
15202,AOI-0011,2018-04-14,0.4251706825702989,озимая пшеница,2018,1,2,development,0.5515887141227722,0.5669811367988586,0.43588282317583116,0.41915096160810816,0.4283259826874748,0.425438445769096
15274,AOI-0011,2018-06-25,0.3110234226379467,озимая пшеница,2018,1,2,development,0.3134334683418274,0.288659930229187,0.3331042973391196,0.3244141797546688,0.3600184292417964,0.3456849045488488
15307,AOI-0011,2018-07-28,0.2119817185007975,озимая пшеница,2018,2,2,development,0.19933803379535675,0.21552807092666626,0.27537901337024756,0.25532240329291694,0.252038750126812,0.2545208970344201
15354,AOI-0011,2018-09-13,0.1572872787679621,озимая пшеница,2018,0,2,development,0.23181596398353577,0.19488491117954254,0.16372428098003589,0.15426694622702458,0.1708795489021367,0.16449217993588355
15378,AOI-0011,2018-10-07,0.1764106354461978,озимая пшеница,2018,1,2,development,0.21761342883110046,0.22093965113162994,0.17334341177368615,0.17250279609247038,0.16522561439057107,0.168300812865892
15408,AOI-0011,2019-04-07,0.3382590709728869,озимая пшеница,2019,2,2,development,0.18775232136249542,0.21595288813114166,0.3430425838257725,0.3232033874516825,0.4274225101996221,0.3851546837720733
15439,AOI-0011,2019-05-08,0.3698944439569827,озимая пшеница,2019,0,2,development,0.4630480110645294,0.4329650104045868,0.34926812901560766,0.3464181935536252,0.3500135834611977,0.34867586776491843
15442,AOI-0011,2019-05-11,0.4397297410612891,озимая пшеница,2019,0,2,development,0.5142626166343689,0.5075491070747375,0.43020958776592066,0.4173453008862026,0.39269569007870236,0.4036693309792824
15444,AOI-0011,2019-05-13,0.3034358154943359,озимая пшеница,2019,0,2,development,0.5053112506866455,0.5075491070747375,0.34185828507128563,0.3209516491255724,0.35980452463258267,0.3447986022547729
15489,AOI-0011,2019-06-27,0.2639326412615898,озимая пшеница,2019,0,2,development,0.334941565990448,0.334941565990448,0.25272949419549773,0.26223727743035996,0.2582852447682044,0.2594010407392927
15494,AOI-0011,2019-07-02,0.2530335358973336,озимая пшеница,2019,0,2,development,0.2802043855190277,0.28400132060050964,0.25486539483515774,0.258660361026725,0.2438153484757222,0.24978209064392293
15498,AOI-0011,2019-07-06,0.2081751172449861,озимая пшеница,2019,1,2,development,0.23336395621299744,0.23336395621299744,0.28455712931785326,0.282014897963461,0.27670175099582167,0.27905425676340057
15514,AOI-0011,2019-07-22,0.208742614532348,озимая пшеница,2019,0,2,development,0.23436537384986877,0.21448679268360138,0.23974003473594427,0.2453788641183177,0.24797711269982942,0.24658218072043536
15520,AOI-0011,2019-07-28,0.4139903708133972,озимая пшеница,2019,2,2,development,0.1946081966161728,0.21448679268360138,0.3676685792422741,0.35400859501358345,0.3609712590899248,0.3588335356328173
15559,AOI-0011,2019-09-05,0.1766669602390485,озимая пшеница,2019,0,2,development,0.18780876696109772,0.18849246203899384,0.17794097839451287,0.17834981228041322,0.18152533115110375,0.18018108013250705
15584,AOI-0011,2019-09-30,0.3405341706539076,озимая пшеница,2019,2,2,development,0.23115964233875275,0.22444868087768555,0.2543973439889347,0.2526626907892521,0.26487384086148946,0.25988859164027456
15599,AOI-0011,2019-10-15,0.2236174729732991,озимая пшеница,2019,0,2,development,0.3499547839164734,0.31586748361587524,0.24055467433945876,0.23520781340467595,0.24067817450209517,0.23869906899648954
15616,AOI-0011,2020-04-02,0.6710802802687789,озимая пшеница,2020,0,2,development,0.6734920740127563,0.6734920740127563,0.6828911477030754,0.6985002224484186,0.666716968353356,0.6790755018584476
15620,AOI-0011,2020-04-06,0.6471394338118024,озимая пшеница,2020,2,2,development,0.6734920740127563,0.6734920740127563,0.652397527237181,0.6594982688046546,0.6705191951510294,0.6655378008928261
15631,AOI-0011,2020-04-17,0.6754963721313589,озимая пшеница,2020,0,2,development,0.7024503350257874,0.7103741765022278,0.6764829117549933,0.6905813531409449,0.6994280799643381,0.6949622483118489
15636,AOI-0011,2020-04-22,0.5178491883297666,озимая пшеница,2020,0,2,development,0.7288631200790405,0.7103741765022278,0.6746980593842246,0.6851693925789458,0.6843954301409465,0.6841350576005778
15652,AOI-0011,2020-05-08,0.8269019936204147,озимая пшеница,2020,2,2,development,0.7581129670143127,0.7639701962471008,0.7556876056947962,0.7531701188005487,0.7423421244227636,0.7469882883062117
15668,AOI-0011,2020-05-24,0.7855272328548643,озимая пшеница,2020,2,2,development,0.756537675857544,0.7535390853881836,0.7831796059900623,0.8030168658377832,0.7583231849766974,0.7758192744551111
15681,AOI-0011,2020-06-06,0.722810390180767,озимая пшеница,2020,0,2,development,0.671497106552124,0.6786076426506042,0.6638604209340969,0.6676281648632381,0.681673052130732,0.6756186155662024
15704,AOI-0011,2020-06-29,0.219647572258203,озимая пшеница,2020,0,2,development,0.1970411241054535,0.20287734270095825,0.2131171999858574,0.2099507640686811,0.20892892871245447,0.20953030220289795
15776,AOI-0011,2020-09-09,0.1613209825458672,озимая пшеница,2020,0,2,development,0.1423693597316742,0.13452079892158508,0.17285315680345958,0.1675370208058229,0.15451348206371995,0.16022900707783788
15780,AOI-0011,2020-09-13,0.2526574561403509,озимая пшеница,2020,2,2,development,0.15644529461860657,0.15998341143131256,0.23219500601519108,0.24291730323404687,0.2458581400799387,0.24403787338079033
15781,AOI-0011,2020-09-14,0.1559673935691788,озимая пшеница,2020,0,2,development,0.1588040441274643,0.15998341143131256,0.1455361610275044,0.14888195566489312,0.15182614320026447,0.15041479541175773
15817,AOI-0011,2020-10-20,0.2619292436103035,озимая пшеница,2020,1,2,development,0.09083186089992523,0.1214195117354393,0.24583210014645793,0.25947805114334,0.21741030184622812,0.2341579829197335
15833,AOI-0011,2021-04-06,0.4378425418826699,озимая пшеница,2021,1,2,development,0.48953530192375183,0.4340628683567047,0.3695781868769234,0.36565571966072746,0.4141493716716455,0.39418665266834857
15862,AOI-0011,2021-05-05,0.855134772071984,озимая пшеница,2021,0,2,development,0.8279106616973877,0.8279106616973877,0.8473531789713413,0.8534839669300568,0.8454852446241635,0.8484729363016998
15872,AOI-0011,2021-05-15,0.8195195441603353,озимая пшеница,2021,0,2,development,0.8646119236946106,0.8576145172119141,0.8443517001380119,0.8560695120638119,0.8383058477422778,0.8450464998115197
15894,AOI-0011,2021-06-06,0.7037792324513652,озимая пшеница,2021,0,2,development,0.8374342322349548,0.8529306054115295,0.784024247051578,0.7781574947086146,0.7926709455665952,0.7869574264485739
15919,AOI-0011,2021-07-01,0.2688081894332801,озимая пшеница,2021,0,2,development,0.3013518750667572,0.3013518750667572,0.28023922294075315,0.2694945106181375,0.2560011376833555,0.262214147962768
15932,AOI-0011,2021-07-14,0.1839384181939121,озимая пшеница,2021,0,2,development,0.20928508043289185,0.20928508043289185,0.16853910138716108,0.17333598527855465,0.16874389017900956,0.17038809251802262
15939,AOI-0011,2021-07-21,0.162276059272245,озимая пшеница,2021,0,2,development,0.17252598702907562,0.17209899425506592,0.14723319148297506,0.13848005924332005,0.16048210063067345,0.15181271586056036
15969,AOI-0011,2021-08-20,0.2250735718950055,озимая пшеница,2021,0,2,development,0.2577379643917084,0.25888678431510925,0.24096744939949669,0.24621396244740565,0.23128864469874413,0.23720806494153368
15997,AOI-0011,2021-09-17,0.4035282067541104,озимая пшеница,2021,0,2,development,0.3953325152397156,0.40992212295532227,0.39559175252383716,0.3985019931392794,0.3816477666304276,0.3884998666983262
15999,AOI-0011,2021-09-19,0.2003469050834764,озимая пшеница,2021,0,2,development,0.40366944670677185,0.40992212295532227,0.32729774338517525,0.3302783647871696,0.34577485960863846,0.3391601116593619
16010,AOI-0011,2021-09-30,0.4931656698564594,озимая пшеница,2021,2,2,development,0.3749881386756897,0.3747795522212982,0.4649647439398916,0.46159152658557673,0.49259346150047956,0.4798794664551763
16105,AOI-0011,2022-06-04,0.7455228846540636,озимая пшеница,2022,0,2,development,0.8164438009262085,0.816669225692749,0.8361016459309617,0.8324670937212999,0.8030146767508587,0.8154736340370129
16109,AOI-0011,2022-06-08,0.8321507678771521,озимая пшеница,2022,1,2,development,0.8197802305221558,0.8187206387519836,0.8385964056275014,0.8452348247534189,0.847640257994432,0.8462699656434087
16120,AOI-0011,2022-06-19,0.6511114548944474,озимая пшеница,2022,0,2,development,0.595374584197998,0.6056265830993652,0.6213381735666512,0.6495644479535669,0.5858795222636912,0.61081229054868
16130,AOI-0011,2022-06-29,0.3116322956956226,озимая пшеница,2022,0,2,development,0.32054054737091064,0.3306965231895447,0.305103567266694,0.2829932060029142,0.3069069289442585,0.29818497469958344
16131,AOI-0011,2022-06-30,0.3525070142421152,озимая пшеница,2022,1,2,development,0.30022862553596497,0.3306965231895447,0.3456194349795298,0.32985964891857433,0.35613690248352614,0.34607810503305414
16148,AOI-0011,2022-07-17,0.235619747660833,озимая пшеница,2022,1,2,development,0.2004377543926239,0.20010879635810852,0.23991815547789866,0.23846810620720868,0.24505702373627525,0.24239566703342905
16162,AOI-0011,2022-07-31,0.1874055826958731,озимая пшеница,2022,0,2,development,0.2571627199649811,0.21682684123516083,0.19197096976775999,0.1913256047086224,0.18557888180132134,0.18800631061944306
16172,AOI-0011,2022-08-10,0.2148218577986205,озимая пшеница,2022,0,2,development,0.1886492669582367,0.179039865732193,0.21134223741365166,0.20925078087654853,0.2086369203741582,0.2090087178013249
16185,AOI-0011,2022-08-23,0.1829245053048175,озимая пшеница,2022,0,2,development,0.19085463881492615,0.20058538019657135,0.19892175965658385,0.1944295109901056,0.19798463792311438,0.19675503052782015
16190,AOI-0011,2022-08-28,0.1554181289909028,озимая пшеница,2022,0,2,development,0.24330592155456543,0.22365978360176086,0.1623036579992078,0.163987873403293,0.16640162373800393,0.16530344464954771
16211,AOI-0011,2022-09-18,0.1624636344484669,озимая пшеница,2022,1,2,development,0.16176213324069977,0.16501183807849884,0.16148222916891664,0.16685625687239342,0.17646482954665552,0.17216724152020957
16260,AOI-0011,2023-04-07,0.7245701754385965,озимая пшеница,2023,2,2,development,0.594915509223938,0.5765405297279358,0.7154974779688962,0.703343791100981,0.7723804677041164,0.7443265108486314
16298,AOI-0011,2023-05-15,0.8429856337421752,озимая пшеница,2023,0,2,development,0.8215552568435669,0.8222250938415527,0.8476599106762324,0.847774607380824,0.8765572031536375,0.8645727854447267
16338,AOI-0011,2023-06-24,0.5447995756579315,озимая пшеница,2023,0,2,development,0.5286583304405212,0.5040280818939209,0.47645896532966403,0.48065797491053686,0.49283678956146265,0.48753494064429687
16360,AOI-0011,2023-07-16,0.2497050739199727,озимая пшеница,2023,0,2,development,0.24067780375480652,0.23623545467853546,0.24388619037019565,0.24181754452150214,0.24789504416637068,0.24548092591442544
16370,AOI-0011,2023-07-26,0.2297920296674623,озимая пшеница,2023,0,2,development,0.31117984652519226,0.31245556473731995,0.22128099265991075,0.23222613242266002,0.2229055819134961,0.22617556447833376
16371,AOI-0011,2023-07-27,0.2680680370984672,озимая пшеница,2023,1,2,development,0.31373128294944763,0.31245556473731995,0.2707209958074295,0.25790177612312437,0.26051899299028486,0.26014288462845275
16376,AOI-0011,2023-08-01,0.2733047173428084,озимая пшеница,2023,1,2,development,0.220938578248024,0.22073481976985931,0.2738744443038393,0.2637846574529209,0.2943468520768439,0.28218946236224046
16423,AOI-0011,2023-09-17,0.2564899543328839,озимая пшеница,2023,0,2,development,0.2508707642555237,0.25146642327308655,0.28045760766083344,0.26907858037866,0.2448671320963157,0.2555758125866472
16428,AOI-0011,2023-09-22,0.2593294382007357,озимая пшеница,2023,0,2,development,0.2499551773071289,0.24971067905426025,0.25748088019923676,0.25732740836935314,0.24731011303191158,0.25148740313594986
16435,AOI-0011,2023-09-29,0.252244511392194,озимая пшеница,2023,0,2,development,0.2967359721660614,0.28774455189704895,0.26802119047152134,0.27029412082034954,0.2639285733301638,0.2664512011027413
16443,AOI-0011,2023-10-07,0.2779719773088111,озимая пшеница,2023,0,2,development,0.18615148961544037,0.1952688992023468,0.2520899537057167,0.24303268335558562,0.23664748702093238,0.23980852706073325
16488,AOI-0011,2024-04-22,0.3313450690763993,озимая пшеница,2024,1,2,development,0.24676154553890228,0.24945437908172607,0.36744229354184027,0.38549908840455394,0.35445951281864607,0.36637240747126365
16504,AOI-0011,2024-05-08,0.5271009170653909,озимая пшеница,2024,2,2,development,0.31085404753685,0.3079170882701874,0.517875472223895,0.52128283253052,0.5053691986206187,0.5118022138616468
16536,AOI-0011,2024-06-09,0.7223258173843702,озимая пшеница,2024,2,2,development,0.5855029225349426,0.5855029225349426,0.6422635868560236,0.6480038671792433,0.7057431992961986,0.6813953546881812
16547,AOI-0011,2024-06-20,0.7375956493223048,озимая пшеница,2024,0,2,development,0.5645143389701843,0.5892400741577148,0.6767930361744449,0.6807665953107813,0.6907324069744284,0.6863640521335366
16565,AOI-0011,2024-07-08,0.628538220495503,озимая пшеница,2024,0,2,development,0.6154517531394958,0.6189016699790955,0.6457120075269928,0.637995698110056,0.6249201568375484,0.6307908311323062
16587,AOI-0011,2024-07-30,0.5306376726416225,озимая пшеница,2024,0,2,development,0.604623556137085,0.5933898091316223,0.5309582491974972,0.5466914069788024,0.5643575660312948,0.5561305483910947
16592,AOI-0011,2024-08-04,0.2185015098711148,озимая пшеница,2024,0,2,development,0.5885753035545349,0.5933898091316223,0.5229598931377148,0.5437740420893598,0.5435286170841086,0.5424729781186505
16608,AOI-0011,2024-08-20,0.4754760999025411,озимая пшеница,2024,1,2,development,0.43552064895629883,0.41501572728157043,0.44206046801830867,0.45298814857026876,0.4362349062462063,0.4425990161261275
16610,AOI-0011,2024-08-22,0.3669499310660266,озимая пшеница,2024,0,2,development,0.42185071110725403,0.41501572728157043,0.3943309946100042,0.3919782932501476,0.4138675648105349,0.40488908988895733
16648,AOI-0011,2024-09-29,0.2340939187714545,озимая пшеница,2024,1,2,development,0.1916595846414566,0.19308975338935852,0.22489674478928423,0.23466253598640488,0.24536813809075025,0.24036972606447898
32661,AOI-0023,2010-04-07,0.3758802424910443,подсолнечник,2010,2,2,development,0.19785340130329132,0.19785340130329132,0.20784879122684985,0.22851227729345297,0.2194074880232257,0.22204710344140374
32685,AOI-0023,2010-05-01,0.2223795420965587,подсолнечник,2010,1,2,development,0.24663864076137543,0.24907709658145905,0.22554529598876008,0.22500664696330008,0.24319969600166905,0.2356585191790554
32693,AOI-0023,2010-05-09,0.4845945439515018,подсолнечник,2010,2,2,development,0.250540167093277,0.24907709658145905,0.4622395325026232,0.4615839536393754,0.447122675169149,0.4531772830299907
32781,AOI-0023,2010-08-05,0.6005978923376482,подсолнечник,2010,1,2,development,0.5476413369178772,0.6187675595283508,0.5934400116896686,0.5954668279829801,0.5906137004034059,0.5925206161336956
32861,AOI-0023,2010-10-24,0.1855877513797244,подсолнечник,2010,1,2,development,0.17544691264629364,0.1506757140159607,0.1656479464095995,0.16620930272759576,0.20497648541165608,0.18881208100656965
32885,AOI-0023,2011-04-18,0.6241384627662634,подсолнечник,2011,1,2,development,0.5853347182273865,0.5559606552124023,0.57295079350522,0.5754024443070793,0.555100885869628,0.5634131211185113
32938,AOI-0023,2011-06-10,0.7239334251860015,подсолнечник,2011,2,2,development,0.8487516045570374,0.8487516045570374,0.6734600188762572,0.6712691370314949,0.6505011783834155,0.6592657466413565
32973,AOI-0023,2011-07-15,0.2468656977399633,подсолнечник,2011,1,2,development,0.3158528208732605,0.3599371016025543,0.30058077441056985,0.2887399473319046,0.28568535515465665,0.2876151792897362
32990,AOI-0023,2011-08-01,0.1709236969228284,подсолнечник,2011,1,2,development,0.20197781920433044,0.1908804029226303,0.21984014723939954,0.20908598425412317,0.2252413886279788,0.21911642054014396
33005,AOI-0023,2011-08-16,0.1593012274859455,подсолнечник,2011,1,2,development,0.2357945591211319,0.2876351773738861,0.20199891418224816,0.20197958456745901,0.20736570099521245,0.2051253137983435
33045,AOI-0023,2011-09-25,0.193187267971192,подсолнечник,2011,1,2,development,0.17871925234794617,0.17866702377796173,0.19539124108296207,0.19297055567267704,0.19095985154290182,0.1919312663861325
33102,AOI-0023,2012-04-22,0.464602672912648,подсолнечник,2012,2,2,development,0.18946926295757294,0.18713505566120148,0.39756705308750334,0.3767845927742234,0.41255780222889316,0.398826592865294
33205,AOI-0023,2012-08-03,0.6193109646979968,подсолнечник,2012,1,2,development,0.4842776954174042,0.47223198413848877,0.5620204051822757,0.5541413302947474,0.5457284186588237,0.5496677673496889
33228,AOI-0023,2012-08-26,0.2744894716132314,подсолнечник,2012,1,2,development,0.28942665457725525,0.30486229062080383,0.248550293528514,0.25481823725031866,0.27370248223347127,0.26549504792051326
33230,AOI-0023,2012-08-28,0.3567693303940479,подсолнечник,2012,2,2,development,0.27707815170288086,0.30486229062080383,0.2814233491519381,0.30785550400060907,0.3256362145246643,0.31676640066481215
33262,AOI-0023,2012-09-29,0.2972249104436483,подсолнечник,2012,2,2,development,0.20146998763084412,0.19224803149700165,0.27439934111216097,0.2701804420153791,0.2878444971425131,0.2807281756833057
33309,AOI-0023,2013-04-16,0.826165055618155,подсолнечник,2013,1,2,development,0.7800800800323486,0.814450740814209,0.7855684459962546,0.7905219601403675,0.7491107438843966,0.7660687164060863
33357,AOI-0023,2013-06-03,0.6458332176368724,подсолнечник,2013,1,2,development,0.5773465633392334,0.6045972108840942,0.6079421405077958,0.6263319491665751,0.650040563186321,0.6391511696724673
33365,AOI-0023,2013-06-11,0.4453666389151789,подсолнечник,2013,1,2,development,0.3721347153186798,0.3215353190898895,0.4224263254741027,0.4268833646521948,0.45820192745195854,0.444920612849236
33388,AOI-0023,2013-07-04,0.1933024118108673,подсолнечник,2013,1,2,development,0.21447476744651794,0.21342453360557556,0.23286353964123122,0.22919886089200225,0.22505223126351767,0.22698171976440584
33397,AOI-0023,2013-07-13,0.2549876086221005,подсолнечник,2013,1,2,development,0.1985854059457779,0.2013290375471115,0.22666252613867724,0.22405578055791522,0.23581870905841695,0.2310684993348527
33565,AOI-0023,2014-05-29,0.4761254997041085,подсолнечник,2014,1,2,development,0.576269268989563,0.5667777061462402,0.44525141161986204,0.4478006055947305,0.44871396432745025,0.4481920676839527
33572,AOI-0023,2014-06-05,0.5536532952926929,подсолнечник,2014,1,2,development,0.5430487394332886,0.5667777061462402,0.4967655228522705,0.5030241873642589,0.539551292737141,0.524002199813389
33596,AOI-0023,2014-06-29,0.7172368728468532,подсолнечник,2014,1,2,development,0.7838675379753113,0.7633382678031921,0.7428927144160742,0.7528678165445595,0.7483307164627512,0.7496639971842943
33609,AOI-0023,2014-07-12,0.6886363185450537,подсолнечник,2014,2,2,development,0.7255604863166809,0.7255604863166809,0.6429223379421928,0.6398686269573076,0.6356193343754135,0.6375575619392064
33621,AOI-0023,2014-07-24,0.634596771931293,подсолнечник,2014,1,2,development,0.6397181749343872,0.5734274387359619,0.5823075406398919,0.5790327186567433,0.5791200627223734,0.579265873916319
33685,AOI-0023,2014-09-26,0.1493007364248087,подсолнечник,2014,1,2,development,0.22965602576732635,0.22027768194675446,0.16267763779583908,0.17270978090815411,0.1470915130385077,0.15719466645439256
33716,AOI-0023,2014-10-27,0.1842782334667996,подсолнечник,2014,1,2,development,0.14433184266090393,0.17498700320720673,0.18974791071998368,0.19098149544387963,0.1889308860512528,0.18971564121329748
33742,AOI-0023,2015-04-23,0.8358331771837972,подсолнечник,2015,2,2,development,0.7071808576583862,0.6877906918525696,0.7759551671342564,0.7580772291234964,0.7945712100959977,0.780378485417762
33845,AOI-0023,2015-08-04,0.2718753698574108,подсолнечник,2015,1,2,development,0.2246987670660019,0.23002731800079346,0.2532673349375607,0.2520465425965566,0.26207386979397557,0.25796884745600746
33852,AOI-0023,2015-08-11,0.2890913974138346,подсолнечник,2015,1,2,development,0.23535585403442383,0.23002731800079346,0.24524033719370278,0.24856256461220605,0.2538452570732081,0.2514620383277267
33886,AOI-0023,2015-09-14,0.27402055662717,подсолнечник,2015,2,2,development,0.20674996078014374,0.2051215022802353,0.24341636897071725,0.25498302048884597,0.26238642384790567,0.25866206852554363
33892,AOI-0023,2015-09-20,0.1391230054527022,подсолнечник,2015,1,2,development,0.21652069687843323,0.2051215022802353,0.1556892201559197,0.16641908695237148,0.16885475172740425,0.1672442941503398
33901,AOI-0023,2015-09-29,0.1397316754811476,подсолнечник,2015,1,2,development,0.2240181565284729,0.2240181565284729,0.16992809748184648,0.1699338492931453,0.156129508297098,0.16187394186072201
33932,AOI-0023,2015-10-30,0.2394089247947194,подсолнечник,2015,1,2,development,0.2589472532272339,0.2589472532272339,0.2197996833286609,0.21817808875978106,0.23375626233055902,0.22736351868429888
33956,AOI-0023,2016-04-24,0.2555693448743556,подсолнечник,2016,1,2,development,0.24195121228694916,0.26784664392471313,0.23807557730738485,0.2338096514202626,0.21979343134094587,0.2258636489534373
33972,AOI-0023,2016-05-10,0.2906976866401047,подсолнечник,2016,1,2,development,0.3165910542011261,0.3880319893360138,0.3401487858965098,0.3314510079057822,0.30424856827392904,0.3160528236915262
34027,AOI-0023,2016-07-04,0.8764908814685617,подсолнечник,2016,1,2,development,0.899034321308136,0.8799757361412048,0.8410773363224153,0.8457700833400734,0.8411458317224713,0.8428092087239736
34067,AOI-0023,2016-08-13,0.795398544630364,подсолнечник,2016,1,2,development,0.7590469121932983,0.7624213099479675,0.7666263167852834,0.7927828514630699,0.7738682753355979,0.7802847408965474
34084,AOI-0023,2016-08-30,0.5689468983844993,подсолнечник,2016,1,2,development,0.6523240208625793,0.6027312278747559,0.5511807810054767,0.5632737586901657,0.5811564170583821,0.5730417847497624
34098,AOI-0023,2016-09-13,0.5314640121245522,подсолнечник,2016,2,2,development,0.5734684467315674,0.5701588988304138,0.5331923706980654,0.5284131665460433,0.513356705237719,0.5198883758208123
34114,AOI-0023,2016-09-29,0.5336499035546983,подсолнечник,2016,2,2,development,0.5423333644866943,0.5416808128356934,0.47264032601362005,0.4798366835876186,0.5044579812705375,0.49381139803909124
34158,AOI-0023,2017-04-13,0.5679389410223561,подсолнечник,2017,0,2,development,0.29324498772621155,0.37043145298957825,0.49027476124587677,0.47779568343165496,0.49878643908554066,0.4907451598944646
34176,AOI-0023,2017-05-01,0.8149430576595149,подсолнечник,2017,0,2,development,0.853271484375,0.8558003306388855,0.8500536598745774,0.8500220972813378,0.8381698371704914,0.8431039769755535
34232,AOI-0023,2017-06-26,0.4519513915679252,подсолнечник,2017,2,2,development,0.5493155717849731,0.5703659057617188,0.5230245942749081,0.48985968661001256,0.4933844700628842,0.4937623889074425
34235,AOI-0023,2017-06-29,0.4980911754474592,подсолнечник,2017,1,2,development,0.423013836145401,0.5703659057617188,0.48980481487207195,0.4724867152317868,0.48282311436153585,0.47948487261369893
34238,AOI-0023,2017-07-02,0.3060360674090347,подсолнечник,2017,0,2,development,0.35654979944229126,0.3382771909236908,0.32054114240009357,0.31809987047376426,0.2993800615531529,0.30730620866854363
34280,AOI-0023,2017-08-13,0.2186987599889777,подсолнечник,2017,2,2,development,0.10150666534900665,0.10253830254077911,0.22840287699929232,0.2194587510037299,0.21812052131899473,0.21917494445244678
34292,AOI-0023,2017-08-25,0.1733087159939059,подсолнечник,2017,1,2,development,0.11534677445888519,0.11534677445888519,0.18993488190038382,0.17952029463249106,0.18514979023655606,0.18338634910976218
34308,AOI-0023,2017-09-10,0.1514484280808925,подсолнечник,2017,0,2,development,0.14736609160900116,0.14852593839168549,0.1643149445032971,0.1610189891045762,0.17250956337681866,0.16791103224734777
34315,AOI-0023,2017-09-17,0.215578988123022,подсолнечник,2017,1,2,development,0.16736187040805817,0.16584230959415436,0.21154126784153107,0.21174581067587417,0.22972993523422167,0.2222343639193412
34324,AOI-0023,2017-09-26,0.2068064366109594,подсолнечник,2017,1,2,development,0.15579308569431305,0.15631262958049774,0.2056965424832462,0.2071960259019775,0.22025148118570423,0.21473497282507534
34328,AOI-0023,2017-09-30,0.2665278864701019,подсолнечник,2017,2,2,development,0.1563868522644043,0.15631262958049774,0.2277324078259701,0.23378573252350554,0.24515491409525988,0.2400868533874057
34365,AOI-0023,2018-04-07,0.3301889776798015,подсолнечник,2018,2,2,development,0.20962166786193848,0.1968010663986206,0.3348897592997224,0.3405637258841503,0.351437255053133,0.3465965644139367
34369,AOI-0023,2018-04-11,0.1721091981425146,подсолнечник,2018,0,2,development,0.19252753257751465,0.1968010663986206,0.16712190961825849,0.17881237070975314,0.16704004416380847,0.1712888889717183
34391,AOI-0023,2018-05-03,0.1629132825445956,подсолнечник,2018,0,2,development,0.25238919258117676,0.3300820291042328,0.20466567891542906,0.20649960686227306,0.17760615213369257,0.1895283133941968
34420,AOI-0023,2018-06-01,0.6020611020203045,подсолнечник,2018,1,2,development,0.5837476849555969,0.5837476849555969,0.614338300424319,0.6105740768754183,0.6042955409446735,0.607117771261674
34427,AOI-0023,2018-06-08,0.7465176797214107,подсолнечник,2018,1,2,development,0.7374250888824463,0.6817148327827454,0.7563334033558213,0.7386424724259125,0.7174611189529835,0.7272599042592045
34435,AOI-0023,2018-06-16,0.7407921976090246,подсолнечник,2018,1,2,development,0.8507815003395081,0.839316725730896,0.8052477781077992,0.8057525787498476,0.8108933823434111,0.8087259290347815
34460,AOI-0023,2018-07-11,0.6299578128505874,подсолнечник,2018,1,2,development,0.5676442980766296,0.5746564269065857,0.6070696058173486,0.6100377693404185,0.6215612133081139,0.6166005655945335
34461,AOI-0023,2018-07-12,0.5285470101956462,подсолнечник,2018,2,2,development,0.5699816942214966,0.5746564269065857,0.5310923770483424,0.5390656585675975,0.5203925690597293,0.5277199706427474
34571,AOI-0023,2018-10-30,0.1529494606523643,подсолнечник,2018,1,2,development,0.0446450300514698,0.0446450300514698,0.15210135895674326,0.1496380004530612,0.11962811760026767,0.1322539205092338
34577,AOI-0023,2019-04-06,0.4811478970062416,подсолнечник,2019,0,2,development,0.7680997252464294,0.6765280365943909,0.6177070733295996,0.6273329864540672,0.6187385996154552,0.6217797662707414
34597,AOI-0023,2019-04-26,0.8478408004430597,подсолнечник,2019,0,2,development,0.8606970906257629,0.8602744340896606,0.8296651688050689,0.8284349785702355,0.8273349211346901,0.8278611447309219
34628,AOI-0023,2019-05-27,0.917046451963798,подсолнечник,2019,1,2,development,0.856453001499176,0.8632190227508545,0.9021356281393957,0.897725357904138,0.9058369687568064,0.9027065951641093
34637,AOI-0023,2019-06-05,0.7644647079626148,подсолнечник,2019,0,2,development,0.8589528799057007,0.8552403450012207,0.7775865995035522,0.7778145588392469,0.8092611417883393,0.7961617907939587
34674,AOI-0023,2019-07-12,0.3024603697024347,подсолнечник,2019,2,2,development,0.22348511219024658,0.20103920996189117,0.2617899838158259,0.2674308784636822,0.27240260239785896,0.27001982053239015
34679,AOI-0023,2019-07-17,0.1285049842782512,подсолнечник,2019,0,2,development,0.19376003742218018,0.19376003742218018,0.13761874398040305,0.14144214932938973,0.12680403364533027,0.13268309261805308
34700,AOI-0023,2019-08-07,0.1826138232360339,подсолнечник,2019,1,2,development,0.131818488240242,0.13715434074401855,0.21294243793446802,0.21318297179954798,0.20086495465799417,0.20597778665488659
34704,AOI-0023,2019-08-11,0.1496173205210093,подсолнечник,2019,0,2,development,0.21385809779167175,0.21385809779167175,0.15792865301541167,0.15742470264443617,0.1509790804694112,0.15368949401304816
34724,AOI-0023,2019-08-31,0.1507597746661133,подсолнечник,2019,0,2,development,0.18225109577178955,0.15868261456489563,0.16050252193484948,0.16094576530629232,0.15695394633406431,0.15859050893137264
34727,AOI-0023,2019-09-03,0.1476577542864512,подсолнечник,2019,0,2,development,0.14689837396144867,0.15868261456489563,0.15607405671092683,0.16070579874915952,0.1549722636779372,0.1571006685397464
34739,AOI-0023,2019-09-15,0.1269128288719709,подсолнечник,2019,0,2,development,0.2162976711988449,0.2162976711988449,0.12164076103954156,0.12915748079129777,0.136872780186365,0.13324390249736
34754,AOI-0023,2019-09-30,0.0346553567837064,подсолнечник,2019,0,2,development,0.19798050820827484,0.1908782422542572,0.10748879661592606,0.12577091067924598,0.1358170798169174,0.13061937939243434
34777,AOI-0023,2019-10-23,0.6854421914518657,подсолнечник,2019,0,2,development,0.12604546546936035,0.1674330085515976,0.5100634481853018,0.48559021724435913,0.4196029453428699,0.4484252246996625
34780,AOI-0023,2019-10-26,0.7267610667126292,подсолнечник,2019,1,2,development,0.2502081096172333,0.1674330085515976,0.5423416985867906,0.5406666263729539,0.4558184201942077,0.49122164930774415
34787,AOI-0023,2020-04-03,0.779888612888397,подсолнечник,2020,1,2,development,0.7658603191375732,0.7441046833992004,0.733955558080624,0.7375944789434589,0.7424731131771626,0.7402404296430136
34801,AOI-0023,2020-04-17,0.7225265877137469,подсолнечник,2020,0,2,development,0.6476085186004639,0.6476085186004639,0.6888535590351894,0.6956968207630134,0.6918265786030432,0.6930565493341716
34810,AOI-0023,2020-04-26,0.706784609848466,подсолнечник,2020,1,2,development,0.7739973068237305,0.7721964716911316,0.723003506937706,0.7328051440123219,0.7212288998401107,0.7255012085229714
34826,AOI-0023,2020-05-12,0.6530888122858647,подсолнечник,2020,0,2,development,0.6652381420135498,0.6605381369590759,0.6709779547028009,0.6587126717340457,0.6464150348926837,0.6522150137134075
34841,AOI-0023,2020-05-27,0.5973992124510974,подсолнечник,2020,0,2,development,0.670699417591095,0.676734209060669,0.6347728041803649,0.6344421693270808,0.565444554885704,0.594176688351997
34856,AOI-0023,2020-06-11,0.4939432672617881,подсолнечник,2020,0,2,development,0.47368454933166504,0.4033598005771637,0.4250949271117346,0.43223853394453005,0.4623158713032032,0.4494016609543549
34859,AOI-0023,2020-06-14,0.4604432550014435,подсолнечник,2020,1,2,development,0.33303505182266235,0.4033598005771637,0.41627134125249876,0.41265231255082824,0.41946818380712736,0.4168330271620626
34876,AOI-0023,2020-07-01,0.1635886584116117,подсолнечник,2020,0,2,development,0.18060091137886047,0.17987161874771118,0.1612372017366676,0.1573466462209534,0.15229398094910013,0.1546130854898728
34901,AOI-0023,2020-07-26,0.165221756184239,подсолнечник,2020,0,2,development,0.23691369593143463,0.22050204873085022,0.14272385364821474,0.14325859889489753,0.14269483307058012,0.14289970249481787
34915,AOI-0023,2020-08-09,0.1780214214394909,подсолнечник,2020,1,2,development,0.1534535139799118,0.1534535139799118,0.17194183718158199,0.17213640219242735,0.16681032660296302,0.16901598011133556
34923,AOI-0023,2020-08-17,0.2262339042500228,подсолнечник,2020,1,2,development,0.16871726512908936,0.16871726512908936,0.2139713093755548,0.20953398697299824,0.22629065125752712,0.21956409521785936
34947,AOI-0023,2020-09-10,0.1768862696428513,подсолнечник,2020,1,2,development,0.19644759595394135,0.21626007556915283,0.1885678453691793,0.18915178146035336,0.17361560856905975,0.18004859249876223
34949,AOI-0023,2020-09-12,0.171394487273425,подсолнечник,2020,0,2,development,0.23607254028320312,0.21626007556915283,0.16522834184851723,0.16745295873024374,0.16566919869743849,0.16628777746918488
34979,AOI-0023,2020-10-12,0.137877835639627,подсолнечник,2020,0,2,development,0.20633374154567719,0.22045083343982697,0.12215835892922963,0.12832012480264082,0.10481376461432486,0.1142533231693992
35020,AOI-0023,2021-04-23,0.4723207219619729,подсолнечник,2021,2,2,development,0.27379709482192993,0.27787697315216064,0.5019470949404102,0.5058975443500463,0.49751022225352703,0.5007809118625905
35026,AOI-0023,2021-04-29,0.4229800434044163,подсолнечник,2021,1,2,development,0.28195685148239136,0.27787697315216064,0.32680099346880476,0.3272585544407139,0.2990201818071131,0.31074628654752934
35039,AOI-0023,2021-05-12,0.2539655197406051,подсолнечник,2021,0,2,development,0.38556164503097534,0.38556164503097534,0.297801381880211,0.301548795686968,0.3105685301229068,0.30660646978922296
35052,AOI-0023,2021-05-25,0.8647776798015985,подсолнечник,2021,2,2,development,0.5445179343223572,0.597073495388031,0.6505949238831691,0.6674390950876664,0.6107721035047354,0.6334174416999125
35087,AOI-0023,2021-06-29,0.4260833406471632,подсолнечник,2021,0,2,development,0.770311713218689,0.7783400416374207,0.6741872427793495,0.6654218977406953,0.7099627585096658,0.6919143976642497
35097,AOI-0023,2021-07-09,0.5327361610223953,подсолнечник,2021,0,2,development,0.556848406791687,0.623754620552063,0.5773560502670159,0.567230451270178,0.563596570090104,0.5656720600911653
35102,AOI-0023,2021-07-14,0.3822266846591851,подсолнечник,2021,0,2,development,0.35079729557037354,0.35079729557037354,0.35864518136279155,0.36214450542755533,0.36215689805044865,0.3619570930901008
35119,AOI-0023,2021-07-31,0.2019548493713223,подсолнечник,2021,0,2,development,0.17154061794281006,0.17075465619564056,0.19683141650800937,0.19955065881785633,0.20106805067172406,0.20028532344390432
35149,AOI-0023,2021-08-30,0.196622094536113,подсолнечник,2021,0,2,development,0.2728487551212311,0.21658550202846527,0.1786089983207898,0.18084258615277268,0.18965088120398899,0.18586101816780176
35154,AOI-0023,2021-09-04,0.1352729050978088,подсолнечник,2021,0,2,development,0.11894915997982025,0.1301167607307434,0.13495681830437345,0.14966021476605362,0.1342403008421702,0.13983951684738188
35157,AOI-0023,2021-09-07,0.1616742315412389,подсолнечник,2021,0,2,development,0.14128436148166656,0.1301167607307434,0.18368363481227415,0.1836558835940443,0.16189370042986606,0.17095169798463
35167,AOI-0023,2021-09-17,0.1642216593494122,подсолнечник,2021,0,2,development,0.18103551864624023,0.18103551864624023,0.1757973251849523,0.17339184719841882,0.16033811830388112,0.16590430359628794
35227,AOI-0023,2022-04-17,0.8171965093942599,подсолнечник,2022,1,2,development,0.8214111924171448,0.8208564519882202,0.8020073729698478,0.7957225487244364,0.8221085551753561,0.8114774608103479
35252,AOI-0023,2022-05-12,0.8558604262312127,подсолнечник,2022,0,2,development,0.9238078594207764,0.9168254137039185,0.8049163196070378,0.8181730377461222,0.7785580996668101,0.7943066805035514
35274,AOI-0023,2022-06-03,0.908494906002399,подсолнечник,2022,1,2,development,0.8785158395767212,0.8826459050178528,0.8835764162001982,0.8762302445963502,0.9028977996593488,0.8922085740485617
35297,AOI-0023,2022-06-26,0.5005323780655827,подсолнечник,2022,2,2,development,0.6320741176605225,0.6126615405082703,0.545797081012877,0.5397376440699995,0.5340145294264174,0.5367332878788135
35322,AOI-0023,2022-07-21,0.1506605069587381,подсолнечник,2022,0,2,development,0.13295255601406097,0.12541620433330536,0.15880430979958737,0.17199230780042843,0.14630775501246765,0.15626295082263422
35329,AOI-0023,2022-07-28,0.2967144667952604,подсолнечник,2022,2,2,development,0.11418775469064713,0.10426773875951767,0.2890492861836138,0.29184704865073624,0.29778324099288905,0.29515723765992924
35361,AOI-0023,2022-08-29,0.4134009368972168,подсолнечник,2022,2,2,development,0.3969629108905792,0.40234658122062683,0.3588857841490732,0.35046855830850104,0.356061312580957,0.3542020595905241
35362,AOI-0023,2022-08-30,0.4167391900820883,подсолнечник,2022,0,2,development,0.40234658122062683,0.40234658122062683,0.3468761182423359,0.3486300285833987,0.3247914532174309,0.33461444916467287
35363,AOI-0023,2022-08-31,0.4498036703553358,подсолнечник,2022,1,2,development,0.40773025155067444,0.40234658122062683,0.332301669844002,0.34538559915556405,0.36383390814579286,0.35542875611441943
35369,AOI-0023,2022-09-06,0.1567663462353776,подсолнечник,2022,1,2,development,0.18720997869968414,0.19332388043403625,0.22652620709757898,0.2319936045411371,0.20971871927216698,0.21868441647791856
35372,AOI-0023,2022-09-09,0.1687388627454449,подсолнечник,2022,0,2,development,0.2308998554944992,0.2390156388282776,0.19271512180886385,0.18774584438179612,0.17300077838157923,0.17941343277670918
35395,AOI-0023,2022-10-02,0.1699878444569263,подсолнечник,2022,0,2,development,0.23961104452610016,0.22996993362903595,0.16607741793103378,0.16747680246194588,0.1684145229267719,0.16794644544004858
35425,AOI-0023,2023-04-02,0.1718553832577864,подсолнечник,2023,0,2,development,0.27543532848358154,0.27543532848358154,0.20691057437983074,0.19540687637669799,0.20195180368229954,0.19986798164670366
35440,AOI-0023,2023-04-17,0.2277973308749496,подсолнечник,2023,0,2,development,0.39748165011405945,0.39748165011405945,0.2692217256561883,0.24947459046307607,0.20674156976550545,0.22562357666943172
35450,AOI-0023,2023-04-27,0.142871040506512,подсолнечник,2023,0,2,development,0.4163575768470764,0.36778709292411804,0.27592094937044065,0.301220893390029,0.3024979003107138,0.3005591732767294
35513,AOI-0023,2023-06-29,0.8275878187600533,подсолнечник,2023,0,2,development,0.8624168634414673,0.8595477342605591,0.7513226189234578,0.7747521514228972,0.8060614768257893,0.7917286734036088
35523,AOI-0023,2023-07-09,0.8294117582629571,подсолнечник,2023,0,2,development,0.7913867831230164,0.7913867831230164,0.8472235170064709,0.8364288258325459,0.8589961411736038,0.8502050749268901
35530,AOI-0023,2023-07-16,0.8290428386030456,подсолнечник,2023,0,2,development,0.8512781262397766,0.8338554501533508,0.8080727141377411,0.7935000783367837,0.829620828948077,0.8153995708089952
35535,AOI-0023,2023-07-21,0.7956857390108736,подсолнечник,2023,0,2,development,0.8263885974884033,0.8338554501533508,0.795327487835744,0.7879063920452992,0.8093428355798158,0.8008347338209147
35558,AOI-0023,2023-08-13,0.5301041114881812,подсолнечник,2023,0,2,development,0.5223854184150696,0.5584895610809326,0.4884029279149246,0.4903625203419886,0.48428133289649555,0.4867030518752611
35587,AOI-0023,2023-09-11,0.2659434370683287,подсолнечник,2023,1,2,development,0.19707809388637543,0.23811441659927368,0.26152652042066676,0.2597147448267589,0.2599534358672306,0.2599548821377619
35593,AOI-0023,2023-09-17,0.1819052304723332,подсолнечник,2023,0,2,development,0.21203158795833588,0.19250844419002533,0.16988964742557572,0.1713883282396381,0.15764896568388445,0.16328331486990888
35610,AOI-0023,2023-10-04,0.1451191909990553,подсолнечник,2023,0,2,development,0.12450955808162689,0.13214877247810364,0.16400665317053983,0.16547135442586555,0.16065549849860009,0.16257817071849143
35611,AOI-0023,2023-10-05,0.1873438908052764,подсолнечник,2023,1,2,development,0.13978798687458038,0.13214877247810364,0.1892049061780316,0.18995041521335754,0.19517377222293023,0.19295857459670357
35617,AOI-0023,2023-10-11,0.162104544646008,подсолнечник,2023,1,2,development,0.16216176748275757,0.15792977809906006,0.18798116762863087,0.18675740226037588,0.19100244747146797,0.18930391940777708
35640,AOI-0023,2024-04-04,0.8002982244057437,подсолнечник,2024,0,2,development,0.7883669137954712,0.7883669137954712,0.7349584112918818,0.7446546331847503,0.7576810943638298,0.7517207136369397
35674,AOI-0023,2024-05-08,0.9376741802149352,подсолнечник,2024,2,2,development,0.9101992249488831,0.9101992249488831,0.8815463170388355,0.8594012833585446,0.934377738237396,0.9044076719063264
35690,AOI-0023,2024-05-24,0.9067773051163672,подсолнечник,2024,0,2,development,0.9104177355766296,0.8673050999641418,0.8638158689160227,0.8652280441149486,0.8815585396997374,0.8746839615148674
35698,AOI-0023,2024-06-01,0.9086645917730484,подсолнечник,2024,1,2,development,0.8438556790351868,0.860872745513916,0.851103111473392,0.8618094528433826,0.8846708896798533,0.8745614417139009
35712,AOI-0023,2024-06-15,0.5268309731876525,подсолнечник,2024,0,2,development,0.5649051070213318,0.6213369369506836,0.5483640890841939,0.5146619746174833,0.5161290751429843,0.5173931920059124
35738,AOI-0023,2024-07-11,0.2114040231468723,подсолнечник,2024,2,2,development,0.13029120862483978,0.1306116133928299,0.24589725461235312,0.24100647392163627,0.2027816301116742,0.21896115867818433
35742,AOI-0023,2024-07-15,0.1170167358627117,подсолнечник,2024,0,2,development,0.12418121844530106,0.12233332544565201,0.13361016130737308,0.14058251448409317,0.12660777994972816,0.1320356109134528
35762,AOI-0023,2024-08-04,0.1129054808989641,подсолнечник,2024,0,2,development,0.16428402066230774,0.13802577555179596,0.12639590260060626,0.12457420825856923,0.10337093163517845,0.11229612407395383
35778,AOI-0023,2024-08-20,0.1588295555398556,подсолнечник,2024,1,2,development,0.11383208632469177,0.102216437458992,0.17670404033004725,0.17077258115508312,0.159219325444103,0.16435721093865946
35786,AOI-0023,2024-08-28,0.1683581853937347,подсолнечник,2024,1,2,development,0.09426258504390717,0.08304525911808014,0.1814726287570586,0.17881470305470662,0.18508067330831693,0.18262090028267786
35790,AOI-0023,2024-09-01,0.0972245977941645,подсолнечник,2024,0,2,development,0.07631486654281616,0.08304525911808014,0.1279957402569274,0.13261313417829304,0.1285617001031243,0.12999088735784295
35849,AOI-0023,2024-10-30,0.1676972671040719,подсолнечник,2024,1,2,development,0.08596484363079071,0.08596484363079071,0.18189992290736684,0.19022183180914456,0.17221909762430127,0.1792481349214951
39048,AOI-0027,2010-05-09,0.524460931174089,озимая пшеница,2010,2,2,development,0.5496759414672852,0.5924331545829773,0.6466855440845486,0.6464461192726743,0.6614267112703095,0.655205772205139
39053,AOI-0027,2010-07-12,0.4650925717880899,озимая пшеница,2010,1,2,development,0.5498867034912109,0.5264125466346741,0.6633591571572556,0.6555536235897381,0.5838534868346189,0.6141260765779158
39054,AOI-0027,2010-07-28,0.4013086127229683,озимая пшеница,2010,1,2,development,0.455990195274353,0.5264125466346741,0.5739304390788925,0.5799557675900501,0.5123477391220282,0.5401480421681741
39065,AOI-0027,2011-04-18,0.2164742562551076,озимая пшеница,2011,1,2,development,0.5067612528800964,0.4677540361881256,0.21633419437968573,0.22209048870593795,0.26585374424455227,0.2473212310926878
39069,AOI-0027,2011-05-09,0.7173718623481782,озимая пшеница,2011,2,2,development,0.4673716723918915,0.5654603838920593,0.7291182435200577,0.7053762850233513,0.7292689507206842,0.7206465161359157
39075,AOI-0027,2011-06-26,0.5331791497975709,озимая пшеница,2011,2,2,development,0.6028228402137756,0.6141371130943298,0.6303222651456755,0.6333908566345374,0.6231655556419379,0.6272501832130889
39084,AOI-0027,2011-09-17,0.2586256417106844,озимая пшеница,2011,1,2,development,0.4221503436565399,0.37874260544776917,0.34171804367815967,0.3547863665276526,0.3123540564047137,0.3292855817019298
39096,AOI-0027,2012-05-24,0.6614068825910933,озимая пшеница,2012,2,2,development,0.4124669134616852,0.537503719329834,0.6594738657402777,0.6559016659142092,0.6832417613313324,0.6720627294932427
39099,AOI-0027,2012-06-25,0.7044493927125506,озимая пшеница,2012,2,2,development,0.40802910923957825,0.5278537273406982,0.6693196979144046,0.6724635261063262,0.6834825691270028,0.6787220594442429
39107,AOI-0027,2012-08-28,0.5732176113360324,озимая пшеница,2012,2,2,development,0.5626675486564636,0.41806522011756897,0.4665660111025496,0.47457841266789963,0.493511732069072,0.485186840792453
39110,AOI-0027,2012-09-27,0.3392749454734661,озимая пшеница,2012,1,2,development,0.4242887794971466,0.4308752119541168,0.279331768959961,0.2809691493683824,0.27838278630624835,0.2793680374651298
39120,AOI-0027,2013-06-10,0.3412951117995335,озимая пшеница,2013,1,2,development,0.4943585991859436,0.5442149639129639,0.5317635259558177,0.5124949482496817,0.4888341453310209,0.49975252296428263
39123,AOI-0027,2013-07-04,0.3488776090625505,озимая пшеница,2013,1,2,development,0.30218183994293213,0.30218183994293213,0.3361264754681749,0.3363650008617212,0.3364073890027064,0.33637648111633545
39132,AOI-0027,2013-10-16,0.4051637651821863,озимая пшеница,2013,2,2,development,0.3541097939014435,0.3541097939014435,0.3416767531248985,0.3361860224859111,0.34336395295000693,0.3406822355896866
39135,AOI-0027,2014-04-18,0.85101935207309,озимая пшеница,2014,1,2,development,0.7842763066291809,0.7623091340065002,0.7494087591964673,0.7416141367237963,0.7192453713197466,0.7289878287878602
39140,AOI-0027,2014-05-25,0.8245655870445345,озимая пшеница,2014,2,2,development,0.8604725003242493,0.8575308322906494,0.8184982987179446,0.8280981997864559,0.8214051074777629,0.8236564867134837
39143,AOI-0027,2014-06-13,0.6253412791930877,озимая пшеница,2014,1,2,development,0.5396029353141785,0.5401780605316162,0.6128926227178344,0.6325094462454368,0.6180890329597243,0.6229989949076119
39152,AOI-0027,2014-08-13,0.382903036437247,озимая пшеница,2014,2,2,development,0.25799423456192017,0.2646579146385193,0.36266755266899664,0.3635054226510343,0.36988803610254933,0.367185269922214
39166,AOI-0027,2015-04-29,0.7796451075815952,озимая пшеница,2015,1,2,development,0.6404920220375061,0.6750193238258362,0.6459200370187627,0.6650464707517744,0.6236877664704735,0.6398355260988593
39180,AOI-0027,2015-08-11,0.3721309493450456,озимая пшеница,2015,1,2,development,0.48886746168136597,0.42507264018058777,0.37598427646062216,0.37207511484356154,0.35780763093564594,0.3639625686036916
39182,AOI-0027,2015-08-27,0.4373475158420097,озимая пшеница,2015,1,2,development,0.48091021180152893,0.502547562122345,0.36699035134258823,0.3752590057240037,0.37433385283231446,0.3742589216668186
39184,AOI-0027,2015-09-04,0.2492427961413299,озимая пшеница,2015,1,2,development,0.436676025390625,0.42433542013168335,0.3112390594279807,0.31813137432482863,0.2973919873471815,0.30563941823662233
39193,AOI-0027,2016-04-07,0.6029970745315909,озимая пшеница,2016,1,2,development,0.7342120409011841,0.7803261280059814,0.6244392171762425,0.6283380227943604,0.6714954508041917,0.6533183777993208
39201,AOI-0027,2016-06-18,0.4362731522121357,озимая пшеница,2016,1,2,development,0.6180057525634766,0.6322777271270752,0.5568023573030213,0.5503648837961264,0.5814867716023716,0.5688933048143552
39213,AOI-0027,2016-09-06,0.2991175787548575,озимая пшеница,2016,1,2,development,0.34862157702445984,0.34709635376930237,0.33214815932627517,0.32425713482509705,0.3162528228034808,0.32002279517547794
39218,AOI-0027,2016-10-15,0.4877307692307692,озимая пшеница,2016,2,2,development,0.43232640624046326,0.3392288386821747,0.37070742583494687,0.3691503226458923,0.43749252919610054,0.4091381516213599
39224,AOI-0027,2017-04-16,0.252175069319331,озимая пшеница,2017,0,2,development,0.37867894768714905,0.37527111172676086,0.235139693786934,0.2386311745783837,0.25101828942060506,0.24566911106107175
39225,AOI-0027,2017-04-23,0.5914433198380568,озимая пшеница,2017,2,2,development,0.3309692144393921,0.37527111172676086,0.5637792548416,0.5586871337866823,0.5522704555478685,0.5552240380208854
39233,AOI-0027,2017-05-28,0.876456028343654,озимая пшеница,2017,1,2,development,0.7851182818412781,0.8056048154830933,0.8011545735148926,0.7812147577946733,0.7842787987594096,0.7841128207350796
39241,AOI-0027,2017-07-23,0.3039864768144068,озимая пшеница,2017,1,2,development,0.24564534425735474,0.2862813174724579,0.31899909701004564,0.3268725037829445,0.3180058302244856,0.32125779258108944
39246,AOI-0027,2017-08-09,0.2122435803994814,озимая пшеница,2017,0,2,development,0.2506078779697418,0.23823730647563934,0.2251724044278394,0.21805794956049496,0.2154433754571971,0.21692718213347434
39247,AOI-0027,2017-08-13,0.4135483805668016,озимая пшеница,2017,2,2,development,0.22586673498153687,0.23823730647563934,0.3911567075394558,0.39601022879881986,0.4249123378957105,0.41261458991361893
39275,AOI-0027,2018-06-10,0.6479674089068826,озимая пшеница,2018,2,2,development,0.7574084401130676,0.7184479236602783,0.7055246680968041,0.7065111741502504,0.693808497517833,0.6990399134734215
39278,AOI-0027,2018-06-26,0.5323655870445345,озимая пшеница,2018,2,2,development,0.434295654296875,0.46293753385543823,0.4915096310714089,0.5343260813720261,0.531410064981184,0.5302419433365881
39280,AOI-0027,2018-07-10,0.2739958707355543,озимая пшеница,2018,1,2,development,0.4869656562805176,0.43499231338500977,0.36258417378930713,0.3613507283530616,0.4137809429805441,0.3920304263406553
39282,AOI-0027,2018-07-18,0.4713892843111745,озимая пшеница,2018,1,2,development,0.4243122935295105,0.40809524059295654,0.3666239638967946,0.35914503069336867,0.379376902315622,0.3713733070467079
39294,AOI-0027,2018-09-28,0.275655246909154,озимая пшеница,2018,1,2,development,0.3900604248046875,0.362430214881897,0.26457048980431225,0.2642376410224836,0.2705446934259663,0.2679384928924926
39299,AOI-0027,2018-10-14,0.2366960570180458,озимая пшеница,2018,1,2,development,0.2774355113506317,0.292723685503006,0.266201137802904,0.25565876240305196,0.24652448067373475,0.250912175969363
39314,AOI-0027,2019-05-21,0.3681925769942269,озимая пшеница,2019,0,2,development,0.594374418258667,0.6229850649833679,0.35990101442135997,0.38512550625216313,0.3767599593730023,0.37883823186843296
39316,AOI-0027,2019-05-31,0.4841025811143817,озимая пшеница,2019,0,2,development,0.741754412651062,0.714586079120636,0.5121307485914453,0.553509708707229,0.5463691928668752,0.5470390797197937
39318,AOI-0027,2019-06-15,0.7362750678646142,озимая пшеница,2019,0,2,development,0.6708970069885254,0.6643986105918884,0.6781809000677667,0.6938654383790218,0.6493570085863455,0.6670069973241344
39332,AOI-0027,2019-08-09,0.5370600947268749,озимая пшеница,2019,0,2,development,0.5415621399879456,0.5435269474983215,0.5025099671544258,0.503430976571689,0.5296391014583736,0.5186812135310808
39342,AOI-0027,2019-09-13,0.2492388138576159,озимая пшеница,2019,0,2,development,0.2733193337917328,0.3024456202983856,0.2774236693412834,0.26652132537021644,0.276438689930879,0.27291795938054275
39343,AOI-0027,2019-09-14,0.4280145748987854,озимая пшеница,2019,2,2,development,0.25875619053840637,0.3024456202983856,0.3706190415451904,0.3738157745782905,0.38410932084276866,0.37964778788330605
39345,AOI-0027,2019-09-28,0.1693334246677205,озимая пшеница,2019,0,2,development,0.40064293146133423,0.3344525992870331,0.2667310898302381,0.2683234300510991,0.2487320735939209,0.25679655293814063
39348,AOI-0027,2019-10-13,0.2434586345997635,озимая пшеница,2019,0,2,development,0.37127336859703064,0.36664408445358276,0.2497239944676799,0.2525292861534163,0.23382124227387255,0.24145065649919933
39361,AOI-0027,2020-05-04,0.7488678146925791,озимая пшеница,2020,1,2,development,0.6644458174705505,0.6644458174705505,0.6322467807916564,0.64353444416926,0.6349755412957779,0.6379095072879004
39363,AOI-0027,2020-05-12,0.8167048066664098,озимая пшеница,2020,1,2,development,0.7589455246925354,0.7771331071853638,0.7410144465274607,0.7299867895313352,0.7191915846554329,0.7242974758666625
39375,AOI-0027,2020-07-07,0.3311363558505948,озимая пшеница,2020,1,2,development,0.4041080176830292,0.4188121259212494,0.32651312027516705,0.31739834186072097,0.3711830554896303,0.3493072507272684
39377,AOI-0027,2020-07-14,0.164962220221322,озимая пшеница,2020,0,2,development,0.351356565952301,0.4081513583660126,0.2594875768960544,0.25835236481375295,0.24858506211892592,0.2527129250746671
39380,AOI-0027,2020-07-23,0.3507551881193776,озимая пшеница,2020,1,2,development,0.2783626616001129,0.2640541195869446,0.38302387145296973,0.39517798617942645,0.36490286838274083,0.3768259625340985
39396,AOI-0027,2020-09-12,0.2168968247878503,озимая пшеница,2020,0,2,development,0.3858304023742676,0.36129623651504517,0.2382086330620903,0.23610673237702243,0.24421384230147297,0.2409569401901171
39399,AOI-0027,2020-09-22,0.2381461528089258,озимая пшеница,2020,0,2,development,0.21713487803936005,0.21713487803936005,0.21955285810078812,0.2188188526937926,0.21754003777465467,0.21811305232565653
39400,AOI-0027,2020-09-25,0.2498501755975901,озимая пшеница,2020,1,2,development,0.20442990958690643,0.21713487803936005,0.2580399391929241,0.2717967447424963,0.2661892005423135,0.2677575976791507
39409,AOI-0027,2021-04-07,0.2670320987654321,озимая пшеница,2021,2,2,development,0.1899966448545456,0.1899966448545456,0.39934049362519275,0.394692806891951,0.3888140409714424,0.3915190468530406
39412,AOI-0027,2021-04-23,0.5964323886639676,озимая пшеница,2021,2,2,development,0.3046770989894867,0.3009512424468994,0.5835425547928974,0.571792050932193,0.6095994316175551,0.5945192936503173
39416,AOI-0027,2021-05-08,0.4023663037737672,озимая пшеница,2021,1,2,development,0.5426210165023804,0.5426210165023804,0.3336738259667119,0.3475844366183231,0.3458732819947012,0.34581161956353595
39422,AOI-0027,2021-05-31,0.3834077567951467,озимая пшеница,2021,1,2,development,0.47503694891929626,0.417131632566452,0.5255109940077858,0.49209147354915317,0.47218425776556855,0.4823276964699269
39442,AOI-0027,2021-08-08,0.7713058581919303,озимая пшеница,2021,0,2,development,0.6669431924819946,0.6669431924819946,0.6844509384987091,0.6754411765395998,0.7191240433267955,0.7014463370002297
39444,AOI-0027,2021-08-18,0.6564247554514024,озимая пшеница,2021,0,2,development,0.5674351453781128,0.5591055154800415,0.670356868283356,0.6583676697022497,0.6965589274544535,0.6813323141483918
39446,AOI-0027,2021-08-23,0.47970826354649,озимая пшеница,2021,0,2,development,0.6189124584197998,0.6248265504837036,0.6684262108078832,0.6548959285986848,0.6708185032311386,0.6649448484254719
39459,AOI-0027,2021-10-14,0.4897429530203589,озимая пшеница,2021,1,2,development,0.3153787851333618,0.27320194244384766,0.34891043009802375,0.32780212842210565,0.34569382981105756,0.33942223449092873
39472,AOI-0027,2022-05-26,0.4281656658935615,озимая пшеница,2022,1,2,development,0.6614066362380981,0.6614066362380981,0.5633646378295246,0.5654919090068885,0.5492505641155195,0.5558911622624894
39475,AOI-0027,2022-06-03,0.4971073037447178,озимая пшеница,2022,1,2,development,0.42678770422935486,0.4427666962146759,0.5640249562868263,0.5709730435851729,0.5427533733162745,0.5541106635167472
39479,AOI-0027,2022-06-13,0.7234267146134936,озимая пшеница,2022,1,2,development,0.6506153345108032,0.6769985556602478,0.6919830087931127,0.6973510354585928,0.71834931874284,0.7093121729195354
39495,AOI-0027,2022-08-03,0.7268475688166026,озимая пшеница,2022,1,2,development,0.7691065669059753,0.7781151533126831,0.7019130633728848,0.6948324765241081,0.7186582067583444,0.709136849416377
39499,AOI-0027,2022-08-14,0.7213615427983011,озимая пшеница,2022,1,2,development,0.7263786792755127,0.6659379005432129,0.688025050082864,0.691735755609724,0.712975185239938,0.7039298724661118
39501,AOI-0027,2022-08-23,0.5514397652874604,озимая пшеница,2022,0,2,development,0.5570325255393982,0.49464094638824463,0.5623836476482016,0.553758304689667,0.5501384041652484,0.5521246252395015
39508,AOI-0027,2022-09-15,0.42838623023409,озимая пшеница,2022,1,2,development,0.3572569489479065,0.3978787362575531,0.37673882990315766,0.3801475799172459,0.3723039684397901,0.3753785215303067
39510,AOI-0027,2022-10-01,0.3334743044386571,озимая пшеница,2022,1,2,development,0.4180576801300049,0.35244274139404297,0.3750304199121548,0.37471899931486985,0.42974767944592807,0.4068645098407643
39535,AOI-0027,2023-07-15,0.2907178172255564,озимая пшеница,2023,1,2,development,0.3759022653102875,0.40130874514579773,0.3329584206535757,0.3181802037358006,0.3383156138736064,0.33075817965731563
39541,AOI-0027,2023-08-06,0.5187620593785813,озимая пшеница,2023,1,2,development,0.41642794013023376,0.4028540551662445,0.4997057994968402,0.49977710775518236,0.4586793625578794,0.4757784519831322
39549,AOI-0027,2023-08-29,0.5305805668016195,озимая пшеница,2023,2,2,development,0.678965151309967,0.6609215140342712,0.5960409979448625,0.5946812146798114,0.5531137460394182,0.5704879170618898
39554,AOI-0027,2023-09-17,0.6762061499771729,озимая пшеница,2023,0,2,development,0.6042702198028564,0.5920900106430054,0.5888528682933426,0.5806579762397508,0.5840105852122264,0.5830712140065222
39555,AOI-0027,2023-09-18,0.660252259296531,озимая пшеница,2023,1,2,development,0.6286306381225586,0.5920900106430054,0.6078767472557663,0.6068375126160594,0.6291438953353599,0.6199187765178231
39557,AOI-0027,2023-09-22,0.2674560975924706,озимая пшеница,2023,0,2,development,0.43771058320999146,0.4735906422138214,0.4165505133269018,0.41454174885384487,0.38034692017211663,0.3946890251237674
39559,AOI-0027,2023-09-26,0.3026255262881639,озимая пшеница,2023,1,2,development,0.2832489311695099,0.28051358461380005,0.3689329866666014,0.35757079463608327,0.3451489454284288,0.3509503820525279
39560,AOI-0027,2023-09-27,0.2449489429891262,озимая пшеница,2023,0,2,development,0.2777782380580902,0.28051358461380005,0.3217413606166661,0.31280047034584657,0.2898748375480928,0.29991279891389344
39584,AOI-0027,2024-06-23,0.2531101924585085,озимая пшеница,2024,0,2,development,0.5436716675758362,0.553449809551239,0.39341072593656207,0.3918437532056625,0.4767227777327345,0.4414870601035377
39586,AOI-0027,2024-06-28,0.2447775541155191,озимая пшеница,2024,0,2,development,0.4407150447368622,0.42572852969169617,0.3626473782992177,0.35163150908703555,0.4021760658875,0.3817544174429911
39588,AOI-0027,2024-07-03,0.2482385663743481,озимая пшеница,2024,0,2,development,0.34152811765670776,0.41399654746055603,0.31553749423451194,0.3148391254247241,0.3222597441953535,0.3192104586286144
39590,AOI-0027,2024-07-13,0.2544017648675866,озимая пшеница,2024,0,2,development,0.43042463064193726,0.3728654086589813,0.29600892649179483,0.29294201676796217,0.30475296085667314,0.3000083655194203
39596,AOI-0027,2024-08-12,0.4687012911171175,озимая пшеница,2024,0,2,development,0.2975538372993469,0.2756117284297943,0.32339288658826343,0.3171806460595533,0.25873569583628564,0.28340343984482685
39598,AOI-0027,2024-08-19,0.2888363704055158,озимая пшеница,2024,1,2,development,0.23508504033088684,0.2331816703081131,0.3010376809916574,0.2869243125709297,0.3042255266231009,0.29781057713698017
39614,AOI-0027,2024-10-06,0.2277705725041457,озимая пшеница,2024,0,2,development,0.22014009952545166,0.22014009952545166,0.23843332967974598,0.2410432768212532,0.23272990328547055,0.23604438338444733
39617,AOI-0027,2024-10-26,0.1805854834120274,озимая пшеница,2024,0,2,development,0.26474499702453613,0.26698437333106995,0.20902301068427323,0.2058752074711291,0.2104166340418581,0.20870178861772376
39657,AOI-0030,2010-05-09,0.6382329572925062,озимая пшеница,2010,2,2,development,0.5515463948249817,0.6193248629570007,0.6892634839660027,0.6849090269454079,0.6590693630883702,0.6700648972673958
39745,AOI-0030,2010-08-05,0.5999520146191215,озимая пшеница,2010,1,2,development,0.6009580492973328,0.6009580492973328,0.5587758152561382,0.5624505155377553,0.5894286445449339,0.5779971427847187
39769,AOI-0030,2010-08-29,0.5566592514480868,озимая пшеница,2010,1,2,development,0.5402764678001404,0.5522331595420837,0.5599201701682607,0.5480785230525179,0.5513886163235193,0.5506697867218826
39833,AOI-0030,2011-04-02,0.247405654847255,озимая пшеница,2011,1,2,development,0.28151431679725647,0.28151431679725647,0.22484509832957436,0.2226588856179434,0.21316147165068955,0.21723548015632427
39838,AOI-0030,2011-04-07,0.3392614826752619,озимая пшеница,2011,2,2,development,0.28151431679725647,0.28151431679725647,0.37181445702891447,0.33946840867957534,0.3431958453871317,0.3434438804147356
39897,AOI-0030,2011-06-05,0.8291188612035965,озимая пшеница,2011,1,2,development,0.7922207713127136,0.7951341867446899,0.8077590080449503,0.7956676761224118,0.8018236368793176,0.7999343722099146
39934,AOI-0030,2011-07-12,0.6086862207896858,озимая пшеница,2011,2,2,development,0.6881804466247559,0.7018296718597412,0.6507085235381121,0.6575142184554488,0.6557292480819383,0.6560935109579448
40066,AOI-0030,2012-04-22,0.6884491539081387,озимая пшеница,2012,2,2,development,0.5783156156539917,0.56871497631073,0.6667310789118545,0.6558047168305393,0.7006117424632203,0.6825728208395805
40082,AOI-0030,2012-05-08,0.7507166800966963,озимая пшеница,2012,2,2,development,0.7183184623718262,0.7350990772247314,0.7203808479621447,0.7258901524471897,0.7177264528173608,0.7208173703559964
40176,AOI-0030,2012-08-10,0.3692155789753006,озимая пшеница,2012,1,2,development,0.5844953060150146,0.605525016784668,0.5587551211033521,0.555899912168227,0.5806035339747071,0.5704818031680664
40264,AOI-0030,2013-04-07,0.3857708299758259,озимая пшеница,2013,2,2,development,0.5661705732345581,0.5661705732345581,0.43144458486741766,0.4064002169618414,0.4409653339357224,0.4279739449271196
40344,AOI-0030,2013-06-26,0.7809071029356666,озимая пшеница,2013,1,2,development,0.777468740940094,0.7695480585098267,0.7065108185310152,0.7155534183434756,0.7340669785990863,0.7258594683024127
40456,AOI-0030,2013-10-16,0.4526373086220791,озимая пшеница,2013,2,2,development,0.5109416246414185,0.5109416246414185,0.503601144745045,0.457654658147123,0.4784714725674484,0.4723641835648069
40477,AOI-0030,2014-04-07,0.537054794520548,озимая пшеница,2014,2,2,development,0.36347123980522156,0.36347123980522156,0.5330147215259514,0.5012026703010285,0.5346686276931409,0.5225111082055204
40589,AOI-0030,2014-07-28,0.595621273166801,озимая пшеница,2014,2,2,development,0.6538248658180237,0.6662272810935974,0.603986717429393,0.5905913051991374,0.5879508378777106,0.5897947944658467
40640,AOI-0030,2014-09-17,0.5320435583669157,озимая пшеница,2014,1,2,development,0.5362694263458252,0.5228303670883179,0.45958060005585666,0.4530418362231008,0.4674392779391862,0.46181141688930083
40680,AOI-0030,2014-10-27,0.3775995261339639,озимая пшеница,2014,1,2,development,0.349992573261261,0.349992573261261,0.3791747846606402,0.38784204926968724,0.3595838435563167,0.3708615423398286
40736,AOI-0030,2015-05-23,0.7995817738717168,озимая пшеница,2015,1,2,development,0.7922871708869934,0.7713907361030579,0.7781061794868818,0.7717048744306055,0.7715521379502291,0.7719717686579743
40816,AOI-0030,2015-08-11,0.7063096222705418,озимая пшеница,2015,1,2,development,0.6360624432563782,0.646723747253418,0.6546692219131117,0.6580340328722168,0.6737324535008584,0.6670123026980198
40856,AOI-0030,2015-09-20,0.5349312492511286,озимая пшеница,2015,1,2,development,0.4875422716140747,0.4741741120815277,0.4480965520396994,0.4494862605844647,0.4691271544041554,0.4608761852223288
40864,AOI-0030,2015-09-28,0.549507241866963,озимая пшеница,2015,1,2,development,0.4340696334838867,0.4741741120815277,0.4884525605417488,0.4961523578429086,0.4796065098285499,0.48606386038624094
40882,AOI-0030,2015-10-16,0.4007955680902498,озимая пшеница,2015,2,2,development,0.4253828525543213,0.4250902831554413,0.40763529239252827,0.4179549293790333,0.41062020473584715,0.4130985679885507
40918,AOI-0030,2016-04-22,0.6930410153102338,озимая пшеница,2016,2,2,development,0.5752843618392944,0.5827348828315735,0.6730227415637134,0.6497594603718493,0.6658425595805794,0.6604434935267403
40919,AOI-0030,2016-04-23,0.5175733840239554,озимая пшеница,2016,1,2,development,0.5901853442192078,0.5827348828315735,0.4236081661585566,0.4423724577873125,0.46276051224238607,0.4532321577332841
40951,AOI-0030,2016-05-25,0.7835334936611112,озимая пшеница,2016,1,2,development,0.7920556664466858,0.7432388067245483,0.7004622251604848,0.7000446412361679,0.7260896385222961,0.7152740954689827
40967,AOI-0030,2016-06-10,0.8175702539763218,озимая пшеница,2016,1,2,development,0.6915314793586731,0.7058231830596924,0.7312724952618916,0.7383028952441419,0.7026020396610682,0.7170680882679202
41140,AOI-0030,2017-05-01,0.54955956075331,озимая пшеница,2017,0,2,development,0.5660229921340942,0.5549166202545166,0.5930404257460928,0.5779113629391978,0.5942084876224785,0.5882678928896159
41215,AOI-0030,2017-07-15,0.7195727111892415,озимая пшеница,2017,1,2,development,0.7151910662651062,0.713344395160675,0.7454641608458213,0.7480893439535791,0.7438533659898967,0.7454701676872619
41223,AOI-0030,2017-07-23,0.6675652887129485,озимая пшеница,2017,1,2,development,0.7109701633453369,0.713344395160675,0.7115225984857295,0.7069723681858006,0.7209232175436419,0.7153705974670344
41275,AOI-0030,2017-09-13,0.6002365974373062,озимая пшеница,2017,0,2,development,0.6633800268173218,0.6626904606819153,0.6728946624829961,0.6557359395979471,0.6912828017608234,0.6774442199689079
41276,AOI-0030,2017-09-14,0.5875515713134568,озимая пшеница,2017,2,2,development,0.6636099219322205,0.6626904606819153,0.619682778454048,0.6040046604155208,0.592103145974631,0.5979281130541059
41303,AOI-0030,2017-10-11,0.4209280362239879,озимая пшеница,2017,1,2,development,0.5281559824943542,0.5299755334854126,0.5207739508091158,0.5005727295582126,0.5323241066432661,0.5202342741961543
41353,AOI-0030,2018-05-01,0.6511208066589707,озимая пшеница,2018,0,2,development,0.6262558698654175,0.6788093447685242,0.6467134976342945,0.6190627642282049,0.6301773418381794,0.6270900030326838
41383,AOI-0030,2018-05-31,0.8074098779575554,озимая пшеница,2018,0,2,development,0.7786454558372498,0.7753287553787231,0.8005790704760273,0.7835339278923651,0.7970645043763436,0.7923818048411182
41463,AOI-0030,2018-08-19,0.6482066243499827,озимая пшеница,2018,1,2,development,0.5740547180175781,0.5708568096160889,0.6088402055392477,0.6017574005953421,0.6302426476794939,0.618782329790339
41495,AOI-0030,2018-09-20,0.6224877969162713,озимая пшеница,2018,1,2,development,0.6172553896903992,0.5691294074058533,0.5736586993535627,0.5585518938605742,0.5701121212350494,0.5661415746900141
41511,AOI-0030,2018-10-06,0.544336524752917,озимая пшеница,2018,1,2,development,0.5029277205467224,0.5009319186210632,0.5001406631342751,0.48526282104939256,0.4958000537285004,0.49224249618645255
41518,AOI-0030,2018-10-13,0.4678969962147521,озимая пшеница,2018,0,2,development,0.40452295541763306,0.44468316435813904,0.416997960925831,0.4019949278305074,0.45127132677786536,0.43159921278198
41556,AOI-0030,2019-04-21,0.4435054307812122,озимая пшеница,2019,0,2,development,0.47858768701553345,0.38175246119499207,0.5164861649962302,0.5020221249316108,0.5247214735348352,0.5160795661348649
41601,AOI-0030,2019-06-05,0.8707488506352097,озимая пшеница,2019,0,2,development,0.820094883441925,0.820094883441925,0.8029878479679398,0.8077840169246341,0.8308034153675327,0.8209569804229555
41622,AOI-0030,2019-06-26,0.6694271555197422,озимая пшеница,2019,2,2,development,0.5297804474830627,0.5297804474830627,0.6913979416007899,0.6627188695170627,0.6673104573970725,0.6669948978446436
41654,AOI-0030,2019-07-28,0.6567280419016922,озимая пшеница,2019,2,2,development,0.6676390767097473,0.6934080719947815,0.7139214609357443,0.7148941581554292,0.7064185275581361,0.709891602835934
41671,AOI-0030,2019-08-14,0.7308747642480211,озимая пшеница,2019,0,2,development,0.6370406746864319,0.6513897776603699,0.6712253457097529,0.6836430585725647,0.7089482668116315,0.6977266357820046
41701,AOI-0030,2019-09-13,0.5801935897629127,озимая пшеница,2019,0,2,development,0.3598554730415344,0.3809610903263092,0.5634773688330688,0.5560938944591991,0.5283889904896452,0.5403292419316307
41702,AOI-0030,2019-09-14,0.5170950040290089,озимая пшеница,2019,2,2,development,0.31764426827430725,0.3809610903263092,0.5669402146663309,0.5506408113899074,0.5472090363669719,0.5495438327452238
41716,AOI-0030,2019-09-28,0.5880836379359895,озимая пшеница,2019,0,2,development,0.45367008447647095,0.33172181248664856,0.4453884264474092,0.4188488088902165,0.4721221108702489,0.45142837864112173
41770,AOI-0030,2020-04-22,0.4887319097502015,озимая пшеница,2020,2,2,development,0.3803141117095947,0.38435816764831543,0.5101962048549293,0.4550216382607415,0.5153080742781053,0.4932885882393415
41798,AOI-0030,2020-05-20,0.7386451818512081,озимая пшеница,2020,0,2,development,0.7482403516769409,0.7402840852737427,0.7221108841710583,0.7008740301604477,0.7024025270527263,0.7029477211987383
41808,AOI-0030,2020-05-30,0.7464523735395243,озимая пшеница,2020,0,2,development,0.7654470801353455,0.7446603178977966,0.7324499417028143,0.7127172918448152,0.7227196493170539,0.7196547287061568
41873,AOI-0030,2020-08-03,0.2899731813714864,озимая пшеница,2020,0,2,development,0.5859473943710327,0.6164201498031616,0.696494203485876,0.6758763979902251,0.7178754532617846,0.7015441646137257
41910,AOI-0030,2020-09-09,0.6585811613766943,озимая пшеница,2020,1,2,development,0.602399468421936,0.6015294194221497,0.6143302457415947,0.6102185360697503,0.6138100419187337,0.6125441279922936
41914,AOI-0030,2020-09-13,0.5553209508460919,озимая пшеница,2020,2,2,development,0.6026066541671753,0.6107479333877563,0.5401629036111499,0.5501364163385032,0.5405955009426208,0.5440112357272537
41923,AOI-0030,2020-09-22,0.642986541361015,озимая пшеница,2020,0,2,development,0.5437596440315247,0.5598710179328918,0.5366601864780852,0.5374042217844567,0.5387589144382163,0.5381537650378672
41928,AOI-0030,2020-09-27,0.5326058764208288,озимая пшеница,2020,0,2,development,0.49722641706466675,0.5008284449577332,0.4701350127343677,0.4561936754282097,0.4754431422985485,0.4682078474124217
41930,AOI-0030,2020-09-29,0.4514707493956487,озимая пшеница,2020,2,2,development,0.49902740120887756,0.5008284449577332,0.48447805303758446,0.48351928377287107,0.48273214135305226,0.4831130459992553
41996,AOI-0030,2021-05-05,0.5721848879804239,озимая пшеница,2021,0,2,development,0.5359376072883606,0.5788828134536743,0.5476800898207651,0.5251537059407749,0.5381553317637042,0.5339976485977531
42000,AOI-0030,2021-05-09,0.8266303787268333,озимая пшеница,2021,2,2,development,0.621828019618988,0.5788828134536743,0.7782793313557352,0.786582784515883,0.7756321325692745,0.7797274330963593
42016,AOI-0030,2021-05-25,0.7771187751813055,озимая пшеница,2021,2,2,development,0.7929300665855408,0.790148138999939,0.7980044514180403,0.768998778748804,0.7984468902581682,0.7878053167028366
42071,AOI-0030,2021-07-19,0.7745161740129107,озимая пшеница,2021,0,2,development,0.7060881853103638,0.739890456199646,0.758707424960539,0.7567973320704378,0.7536634241865064,0.7550738651491844
42076,AOI-0030,2021-07-24,0.7793751181771948,озимая пшеница,2021,0,2,development,0.7624253034591675,0.739890456199646,0.7704819693707927,0.7750880508042809,0.7660332556162097,0.7695452487562549
42101,AOI-0030,2021-08-18,0.4037457896317429,озимая пшеница,2021,0,2,development,0.14624647796154022,0.35196763277053833,0.446121370152679,0.43850241202440077,0.45477316553532665,0.4484258004615134
42141,AOI-0030,2021-09-27,0.5391596239289318,озимая пшеница,2021,0,2,development,0.6227327585220337,0.6639964580535889,0.6381205922453436,0.6221380072078855,0.6398417560287701,0.6333632634525552
42166,AOI-0030,2021-10-22,0.4200912188164959,озимая пшеница,2021,0,2,development,0.4226124882698059,0.4226124882698059,0.4195608345462251,0.4127883826723047,0.42171730874890434,0.41837819973551305
42184,AOI-0030,2022-04-10,0.3521469206679026,озимая пшеница,2022,0,2,development,0.4248095452785492,0.45219773054122925,0.36967179865945915,0.36594941148495386,0.34731306613881385,0.35527574065242795
42197,AOI-0030,2022-04-23,0.783051893634166,озимая пшеница,2022,2,2,development,0.5614818334579468,0.5416287779808044,0.620142809687336,0.6463170786719319,0.6606440133197062,0.6532258522945938
42214,AOI-0030,2022-05-10,0.7819453774192653,озимая пшеница,2022,0,2,development,0.7471520900726318,0.7811405658721924,0.7359594288978961,0.7239460809044342,0.7308436790865663,0.728641440058859
42253,AOI-0030,2022-06-18,0.8190395909884544,озимая пшеница,2022,1,2,development,0.9001352190971375,0.8757098913192749,0.8206597180900799,0.8308251941488698,0.8442131260904423,0.8380762153215222
42261,AOI-0030,2022-06-26,0.7058241740531829,озимая пшеница,2022,2,2,development,0.8144303560256958,0.8424068093299866,0.7688972639893835,0.7412828657364645,0.7347231682170474,0.7389890564716439
42274,AOI-0030,2022-07-09,0.7605365816479975,озимая пшеница,2022,0,2,development,0.7320497632026672,0.7380886077880859,0.7383383177060578,0.7404624356877137,0.7530142383227356,0.7476725829163031
42286,AOI-0030,2022-07-21,0.7402876866646242,озимая пшеница,2022,1,2,development,0.7125408053398132,0.6977274417877197,0.6983894006090126,0.6661150797932658,0.7091762634483597,0.6930513504857225
42358,AOI-0030,2022-10-01,0.6532979809031474,озимая пшеница,2022,1,2,development,0.626872718334198,0.626872718334198,0.5676340405725978,0.553694058248681,0.5887609568435813,0.5749430741474508
42422,AOI-0030,2023-05-05,0.7478481407933578,озимая пшеница,2023,0,2,development,0.7896831035614014,0.7641775012016296,0.7113056429691499,0.7036374781763941,0.7670053807979226,0.7410610115090963
42515,AOI-0030,2023-08-06,0.7877933260769002,озимая пшеница,2023,1,2,development,0.7883551120758057,0.7883551120758057,0.802640012424505,0.791584630741,0.7855382115248578,0.7886694112639108
42517,AOI-0030,2023-08-08,0.8603126944442866,озимая пшеница,2023,0,2,development,0.7627881765365601,0.7883551120758057,0.793987558195832,0.7838249057651976,0.7938185314730029,0.7902249195439877
42526,AOI-0030,2023-08-17,0.7891203372129225,озимая пшеница,2023,1,2,development,0.8562355041503906,0.8508406281471252,0.796042148831533,0.7913167278319364,0.8129012361187636,0.8041815711717312
42562,AOI-0030,2023-09-22,0.6796618927982736,озимая пшеница,2023,0,2,development,0.6319247484207153,0.645636260509491,0.6355948076304925,0.629148516820877,0.6423690582382398,0.6372258270585028
42569,AOI-0030,2023-09-29,0.5091826422542318,озимая пшеница,2023,1,2,development,0.587131679058075,0.5810110569000244,0.5652794156878379,0.5592817686892744,0.5775920602876491,0.5703057456501064
42570,AOI-0030,2023-09-30,0.51251716357776,озимая пшеница,2023,2,2,development,0.5748903751373291,0.5810110569000244,0.5540155373829102,0.5467689829789446,0.5659572225898086,0.55837501467906
42586,AOI-0030,2023-10-16,0.4946761961983849,озимая пшеница,2023,1,2,development,0.1674289107322693,0.32637178897857666,0.47320194448242814,0.4626566685750165,0.49222077147674426,0.48050407949199003
42609,AOI-0030,2024-04-09,0.3828993088367066,озимая пшеница,2024,0,2,development,0.4439682960510254,0.4597165584564209,0.4654733857921979,0.44481447341374525,0.45872430902127476,0.45408479235931143
42613,AOI-0030,2024-04-13,0.4979533093047302,озимая пшеница,2024,1,2,development,0.5069613456726074,0.4597165584564209,0.5286207399642504,0.5075944956235259,0.5426896241041373,0.5292541622534178
42664,AOI-0030,2024-06-03,0.8482158122585216,озимая пшеница,2024,0,2,development,0.7599998116493225,0.7727439403533936,0.7773794647738634,0.7655378317881671,0.8066289976096748,0.7901873631417471
42684,AOI-0030,2024-06-23,0.7738418918313027,озимая пшеница,2024,0,2,development,0.7496109008789062,0.7769889831542969,0.7900483746182704,0.785493049799105,0.8072514388752441,0.7984499509747494
42769,AOI-0030,2024-09-16,0.6658636999059453,озимая пшеница,2024,0,2,development,0.5888649821281433,0.5955871343612671,0.6267567178700256,0.620090189712834,0.6393355858192964,0.6316973283187566
42794,AOI-0030,2024-10-11,0.4503011840988369,озимая пшеница,2024,0,2,development,0.4844852685928345,0.48887914419174194,0.4672233887580354,0.46089628194519466,0.49794833110785536,0.48288085551564386
42813,AOI-0030,2024-10-30,0.4165094497635374,озимая пшеница,2024,1,2,development,0.49354419112205505,0.49354419112205505,0.4717871200449691,0.47411865590677676,0.489982486304602,0.48325097458138633
47017,AOI-0037,2010-08-08,0.2712778169014596,зерновые,2010,1,2,development,0.30370983481407166,0.33040520548820496,0.2847622610182269,0.2849339660552988,0.28159375927057806,0.28297425397058157
47024,AOI-0037,2010-08-15,0.2418298230416566,зерновые,2010,1,2,development,0.3162373900413513,0.3297901153564453,0.2844732432800343,0.2817696161582548,0.2724948148565004,0.2765049627109651
47032,AOI-0037,2010-08-23,0.3303242922502126,зерновые,2010,1,2,development,0.2996673583984375,0.2951521575450897,0.2949460911975024,0.28804149567015075,0.29166676167355804,0.29054215079047224
47041,AOI-0037,2010-09-01,0.2942466364457506,зерновые,2010,1,2,development,0.2973524034023285,0.3109365999698639,0.27303790305994974,0.27242402290913004,0.26121473796105454,0.26591369111374763
47086,AOI-0037,2010-10-16,0.3218209737827716,зерновые,2010,2,2,development,0.31851696968078613,0.31851696968078613,0.3345794975928117,0.3175571827202477,0.3495635302590809,0.33719076576659945
47144,AOI-0037,2011-05-14,0.5311229672514856,зерновые,2011,1,2,development,0.6202074885368347,0.6217145919799805,0.5410456824494335,0.5559225199387191,0.5633340936589564,0.5594222111815634
47192,AOI-0037,2011-07-01,0.3671422913235983,зерновые,2011,1,2,development,0.33435583114624023,0.36160576343536377,0.340567893143563,0.33476894596474577,0.33429219575057045,0.33481316080269363
47200,AOI-0037,2011-07-09,0.3630825471677108,зерновые,2011,1,2,development,0.3445058763027191,0.3377130329608917,0.29652546330210927,0.29420018412497323,0.30117491517728806,0.2984016841380404
47240,AOI-0037,2011-08-18,0.2350544232943061,зерновые,2011,1,2,development,0.2780098021030426,0.2657066881656647,0.2366893641333459,0.2205939945782508,0.23752101754302296,0.23137203733220565
47248,AOI-0037,2011-08-26,0.2515338688188236,зерновые,2011,1,2,development,0.22879745066165924,0.2657066881656647,0.22748715599601224,0.2221976358911459,0.22436028940557687,0.22375451531302348
47257,AOI-0037,2011-09-04,0.2297227593937364,зерновые,2011,1,2,development,0.21459025144577026,0.30170413851737976,0.2213024349296576,0.21404181447630932,0.20849981155482403,0.21121001443147952
47319,AOI-0037,2012-04-06,0.4016090664272891,зерновые,2012,2,2,development,0.33590295910835266,0.33590295910835266,0.43117759087609636,0.4068986091893331,0.4203028438656596,0.4160750999308699
47463,AOI-0037,2012-08-28,0.2625715138637675,зерновые,2012,1,2,development,0.25738146901130676,0.2613363265991211,0.2704905044983618,0.27988769630317234,0.24793753891837922,0.26071106224184415
47479,AOI-0037,2012-09-13,0.2755130625226156,зерновые,2012,1,2,development,0.27744901180267334,0.2674679458141327,0.2487289960155487,0.24774259717099983,0.24956081555784967,0.24885902164996704
47549,AOI-0037,2013-04-23,0.517957091561939,зерновые,2013,2,2,development,0.3697812259197235,0.35348430275917053,0.4588512206717762,0.4630056164336269,0.45520805023154187,0.4582219652479186
47565,AOI-0037,2013-05-09,0.5382373429084383,зерновые,2013,2,2,development,0.507735550403595,0.49806761741638184,0.49452501588287706,0.5258923500368773,0.5053372721931729,0.5121465942488337
47568,AOI-0037,2013-05-12,0.521105451319217,зерновые,2013,1,2,development,0.5118707418441772,0.4812266528606415,0.5131145554270866,0.5070269267275286,0.5049537141692976,0.5061551136588883
47597,AOI-0037,2013-06-10,0.3704263016157989,зерновые,2013,2,2,development,0.3564513623714447,0.3878096044063568,0.38609069886363556,0.3980580089234391,0.395070366264467,0.39564801632305213
47639,AOI-0037,2013-07-22,0.3338136221586054,зерновые,2013,1,2,development,0.27688154578208923,0.27009159326553345,0.3052300322307876,0.3034181516429942,0.31469106433683186,0.31010056355893045
47661,AOI-0037,2013-08-13,0.4145789946140036,зерновые,2013,2,2,development,0.3946700394153595,0.3857620358467102,0.3976245523771646,0.4167610952557228,0.41383425788739103,0.413987819416601
47794,AOI-0037,2014-05-25,0.5113495511669659,зерновые,2014,2,2,development,0.5392718315124512,0.5302795767784119,0.5273518965867742,0.5320220802024983,0.5375476738953388,0.534988391231293
47824,AOI-0037,2014-06-24,0.361669965534746,зерновые,2014,1,2,development,0.41698285937309265,0.4061400294303894,0.3784135976926662,0.37294081765836434,0.35422076965360627,0.36231564199790656
47840,AOI-0037,2014-07-10,0.2999232433638998,зерновые,2014,1,2,development,0.32764023542404175,0.3347337543964386,0.2898326853257354,0.2717578290773357,0.27463703746771156,0.2744442413519876
47922,AOI-0037,2014-09-30,0.2471429084380611,зерновые,2014,2,2,development,0.2552845776081085,0.25138387084007263,0.25691121335847605,0.2758816209411908,0.25279714682732524,0.2613486624965275
47927,AOI-0037,2014-10-05,0.1849338348547551,зерновые,2014,1,2,development,0.24228225648403168,0.25138387084007263,0.1953564353076427,0.19701013109792906,0.18426953741310434,0.189479620751875
47936,AOI-0037,2014-10-14,0.1875313595103299,зерновые,2014,1,2,development,0.23171541094779968,0.23470279574394226,0.1802676707205017,0.18553438862245844,0.16750895021036974,0.17471737907705215
47984,AOI-0037,2015-05-02,0.4744918541845377,зерновые,2015,1,2,development,0.4539615511894226,0.4460950493812561,0.44005183086995747,0.42998164428425606,0.44986730319053414,0.4421519231148708
48024,AOI-0037,2015-06-11,0.3525161059807852,зерновые,2015,1,2,development,0.38701722025871277,0.37427446246147156,0.35951944935968155,0.35861231215667944,0.35551890350382914,0.3568567017060192
48048,AOI-0037,2015-07-05,0.3541999130027302,зерновые,2015,1,2,development,0.3191029727458954,0.33052074909210205,0.33996316293570344,0.33369058212264524,0.3526622828576498,0.34511601213922594
48056,AOI-0037,2015-07-13,0.2607616983443311,зерновые,2015,1,2,development,0.34029674530029297,0.32395368814468384,0.30712444823772456,0.3053179579830232,0.30711375908012156,0.30646691132153847
48080,AOI-0037,2015-08-06,0.2720318510971705,зерновые,2015,1,2,development,0.2304629683494568,0.24390728771686554,0.25975333109327714,0.2511174293495418,0.2722535651770244,0.2639380109629349
48096,AOI-0037,2015-08-22,0.28057180677236,зерновые,2015,1,2,development,0.18764162063598633,0.2185239940881729,0.25616833922952015,0.25668578563178895,0.25411760569595554,0.2551575854704345
48128,AOI-0037,2015-09-23,0.3546143776231796,зерновые,2015,1,2,development,0.32389935851097107,0.3273634910583496,0.3276988254369893,0.32076442524077936,0.3563754407269848,0.34194143964981505
48175,AOI-0037,2016-04-10,0.4033068369029263,зерновые,2016,1,2,development,0.4251922070980072,0.445773184299469,0.4269581839746886,0.41564903710999307,0.4222017773964532,0.42010388216052474
48235,AOI-0037,2016-06-09,0.4847564631956914,зерновые,2016,2,2,development,0.5970962643623352,0.600202202796936,0.5176809470617119,0.5313716766622248,0.5251429140772476,0.5269735101431277
48251,AOI-0037,2016-06-25,0.3768911131059246,зерновые,2016,2,2,development,0.41834133863449097,0.4210403859615326,0.3737575387507028,0.38832199899788306,0.3855389935801747,0.3858870178629251
48279,AOI-0037,2016-07-23,0.348387117170252,зерновые,2016,1,2,development,0.3372703790664673,0.324238657951355,0.32378517492065306,0.31794053141864864,0.3346527814651742,0.3280229900098147
48315,AOI-0037,2016-08-28,0.3029141831238779,зерновые,2016,2,2,development,0.28073742985725403,0.28210318088531494,0.30286621640667616,0.30199794544099423,0.3118154521898254,0.307778139022006
48367,AOI-0037,2016-10-19,0.2690847327877436,зерновые,2016,1,2,development,0.30650070309638977,0.28306299448013306,0.2812413180709569,0.25561110804327497,0.27029703439810937,0.26561106854917776
48407,AOI-0037,2017-04-29,0.4697958553540352,зерновые,2017,1,2,development,0.5017423033714294,0.5229611396789551,0.5016321246152526,0.5063415479689557,0.5055839260823846,0.5056372559429992
48414,AOI-0037,2017-05-06,0.5460417683540189,зерновые,2017,1,2,development,0.5579996705055237,0.5579996705055237,0.545947941079199,0.5572043548525415,0.5482309026221504,0.5513391238810502
48431,AOI-0037,2017-05-23,0.6074618794445553,зерновые,2017,1,2,development,0.5869036316871643,0.6107315421104431,0.5970425546694575,0.592713466290668,0.6053407334132905,0.6003266285863172
48433,AOI-0037,2017-05-25,0.5690921903052065,зерновые,2017,2,2,development,0.6027889251708984,0.6107315421104431,0.593337388959251,0.6129022593314277,0.5939716581994923,0.6007614498384977
48446,AOI-0037,2017-06-07,0.455852915882092,зерновые,2017,1,2,development,0.5016778707504272,0.44452667236328125,0.49860419718255833,0.48903071568588014,0.4981915767257537,0.4949117521955514
48495,AOI-0037,2017-07-26,0.3448570937758886,зерновые,2017,1,2,development,0.2938927710056305,0.2938927710056305,0.34453919538193645,0.340088117135284,0.35514741537187916,0.3491279928409492
48510,AOI-0037,2017-08-10,0.2417004035767193,зерновые,2017,1,2,development,0.25351521372795105,0.25197669863700867,0.24813552179744522,0.24513413812505666,0.22434207540332413,0.2331617583605947
48534,AOI-0037,2017-09-03,0.3225177613503641,зерновые,2017,1,2,development,0.28833669424057007,0.3342522084712982,0.32075772779958656,0.3116890242814505,0.3362858194938349,0.3265541669001779
48551,AOI-0037,2017-09-20,0.4391859538851901,зерновые,2017,0,2,development,0.4615077078342438,0.45486101508140564,0.4351233698803197,0.44010675901543456,0.4445852156524522,0.44244428305488037
48599,AOI-0037,2018-04-08,0.2944111543840105,зерновые,2018,1,2,development,0.24807605147361755,0.25745952129364014,0.2984075861663735,0.28447022963300644,0.29594025993703077,0.291942199542783
48606,AOI-0037,2018-04-15,0.344473164602193,зерновые,2018,1,2,development,0.3783884644508362,0.40622201561927795,0.3603956036143758,0.34225853285285057,0.35637063814368497,0.35150666997022506
48619,AOI-0037,2018-04-28,0.5013936463531101,зерновые,2018,0,2,development,0.502157986164093,0.4962317645549774,0.45094426991197006,0.43547069325975685,0.459105380651024,0.45013038163522534
48624,AOI-0037,2018-05-03,0.5364085288574029,зерновые,2018,0,2,development,0.5161789059638977,0.5178941488265991,0.5054151922159544,0.5085160482685793,0.5200017226071931,0.515049411996892
48679,AOI-0037,2018-06-27,0.3129970129427231,зерновые,2018,1,2,development,0.2502326965332031,0.2436739206314087,0.2780084294490218,0.27615516669587337,0.2792890680080489,0.2780879640720163
48695,AOI-0037,2018-07-13,0.2995565250031225,зерновые,2018,1,2,development,0.27490025758743286,0.34964606165885925,0.31863054634522925,0.31830482974097674,0.3185843195886357,0.3184861261109161
48703,AOI-0037,2018-07-21,0.281632352542968,зерновые,2018,1,2,development,0.44570526480674744,0.4348997175693512,0.30322463220226015,0.3047589576893626,0.41191861359842025,0.36723817917713875
48783,AOI-0037,2018-10-09,0.2700743391562599,зерновые,2018,1,2,development,0.3837895393371582,0.38332900404930115,0.38948181401883586,0.3776463544230301,0.36222893413182605,0.3693033195820842
48822,AOI-0037,2019-04-18,0.5030838543465568,зерновые,2019,0,2,development,0.49598491191864014,0.48050543665885925,0.48646671804581143,0.4593493427156538,0.4879504514195357,0.47755632745380544
48823,AOI-0037,2019-04-19,0.4264354500298317,зерновые,2019,1,2,development,0.5063045620918274,0.48050543665885925,0.4795042402685636,0.46896993009591975,0.4580547246678073,0.46318311267128104
48831,AOI-0037,2019-04-27,0.5163822443744104,зерновые,2019,1,2,development,0.4929935932159424,0.4929935932159424,0.5221672132915448,0.5234992753066685,0.5348260190253757,0.5300382363354055
48842,AOI-0037,2019-05-08,0.5825649522163104,зерновые,2019,0,2,development,0.6214470863342285,0.5996642112731934,0.5633289062688531,0.5669114601021527,0.5613163334294173,0.5634454992984836
48870,AOI-0037,2019-06-05,0.5184154352538318,зерновые,2019,1,2,development,0.4646967351436615,0.4506166875362396,0.4760786054427099,0.4657217766504986,0.4929670771428008,0.4822048854624255
48887,AOI-0037,2019-06-22,0.2814348097666949,зерновые,2019,0,2,development,0.31438392400741577,0.31192880868911743,0.26135239628836937,0.2608607832065524,0.2808266272651339,0.2725450755616192
48912,AOI-0037,2019-07-17,0.0835779424680334,зерновые,2019,0,2,development,0.2153763324022293,0.2153763324022293,0.1817120933057989,0.1842039980948686,0.17722514326873032,0.17999082199454408
48937,AOI-0037,2019-08-11,0.4203205083362876,зерновые,2019,0,2,development,0.38762593269348145,0.38762593269348145,0.3928468223211164,0.37942851488916474,0.3842363590483113,0.3829819327991937
48942,AOI-0037,2019-08-16,0.3592600460964179,зерновые,2019,1,2,development,0.3618675470352173,0.3654337525367737,0.3577224139697485,0.3432823361741753,0.3606288156318745,0.35421320169834375
48966,AOI-0037,2019-09-09,0.2819153940235391,зерновые,2019,1,2,development,0.24590633809566498,0.252900093793869,0.2895431353175354,0.28898168134283125,0.30223407525145135,0.2967502481304467
48971,AOI-0037,2019-09-14,0.276773249551167,зерновые,2019,2,2,development,0.22674527764320374,0.22691985964775085,0.3265858828935505,0.3193811190639993,0.30051219667540596,0.3087653644347195
48989,AOI-0037,2019-10-02,0.2698269464797328,зерновые,2019,0,2,development,0.2875950336456299,0.2812706232070923,0.2983245349095245,0.28840467793978336,0.2847936863323464,0.28684820643916464
48999,AOI-0037,2019-10-12,0.1949294409840389,зерновые,2019,0,2,development,0.36943626403808594,0.3737345039844513,0.2774331306767862,0.28649134045735924,0.2979316349528725,0.29266683536145316
49038,AOI-0037,2020-04-21,0.3363914190124328,зерновые,2020,1,2,development,0.3540991246700287,0.348511278629303,0.3982009237187889,0.3821025276031081,0.3820845952348903,0.3829875210534141
49039,AOI-0037,2020-04-22,0.3682875197677626,зерновые,2020,0,2,development,0.3652747869491577,0.348511278629303,0.3728035421251139,0.3815524365980557,0.3615618011475827,0.3693943638407842
49044,AOI-0037,2020-04-27,0.1078787337245953,зерновые,2020,0,2,development,0.3797552287578583,0.38106703758239746,0.33930594249444884,0.35220644477095026,0.350680794313906,0.35059811993244633
49101,AOI-0037,2020-06-23,0.1047511300954876,зерновые,2020,0,2,development,0.35935142636299133,0.3738047778606415,0.32833124779670914,0.351375240703377,0.3275431726309775,0.336179213073284
49116,AOI-0037,2020-07-08,0.2520863033573484,зерновые,2020,0,2,development,0.2614569067955017,0.258758008480072,0.24624210820833578,0.24119577142117515,0.23766796713658747,0.2394167818786396
49118,AOI-0037,2020-07-10,0.2413553443772997,зерновые,2020,1,2,development,0.25066134333610535,0.258758008480072,0.23464780346907552,0.2320842744539546,0.22513350405947838,0.22816870061959715
49124,AOI-0037,2020-07-16,0.1464732751132132,зерновые,2020,0,2,development,0.22022484242916107,0.2277364432811737,0.15240337997558293,0.15403716505851225,0.20141535746723702,0.18160778015816914
49156,AOI-0037,2020-08-17,0.1749057980391495,зерновые,2020,0,2,development,0.15354615449905396,0.14651665091514587,0.17710397614678308,0.17486778309919618,0.15538908312854127,0.163619639603709
49159,AOI-0037,2020-08-20,0.1817098805651154,зерновые,2020,0,2,development,0.21424147486686707,0.19949282705783844,0.1477624625581904,0.14532280230779193,0.164967904209642,0.1569281900428003
49167,AOI-0037,2020-08-28,0.227310592459605,зерновые,2020,2,2,development,0.16794036328792572,0.17145928740501404,0.23114805282507186,0.22741183993848454,0.2237769416580102,0.22549744934546573
49182,AOI-0037,2020-09-12,0.1512065139030191,зерновые,2020,1,2,development,0.1968424767255783,0.1968424767255783,0.1650174744175836,0.16898768487111018,0.1576821292697613,0.162166158833783
49211,AOI-0037,2020-10-11,0.161514891860951,зерновые,2020,0,2,development,0.19001737236976624,0.1992114633321762,0.1255451601934901,0.10601817777329126,0.11182484615499613,0.1104945448402577
49214,AOI-0037,2020-10-14,0.1973545903563429,зерновые,2020,0,2,development,0.21759963035583496,0.1992114633321762,0.15061233404868318,0.15030298187327543,0.158987400649897,0.1553905388556081
49226,AOI-0037,2020-10-26,0.194496743575967,зерновые,2020,0,2,development,0.20546913146972656,0.20546913146972656,0.14990365807842515,0.16562979884674714,0.16688654263182437,0.16548878500190226
49269,AOI-0037,2021-05-09,0.5457865350089767,зерновые,2021,2,2,development,0.4405635595321655,0.42866235971450806,0.5589064308316309,0.5657964326815872,0.5698420282173957,0.5677751790478951
49301,AOI-0037,2021-06-10,0.5170818671454219,зерновые,2021,2,2,development,0.5261093974113464,0.4929175078868866,0.550291986866692,0.565486650018344,0.5576159775029873,0.5600462081864628
49314,AOI-0037,2021-06-23,0.4679824024499201,зерновые,2021,0,2,development,0.48736727237701416,0.47813835740089417,0.46148015757745037,0.4633788616330863,0.48867576522175943,0.47804270347070155
49341,AOI-0037,2021-07-20,0.3216926616939978,зерновые,2021,1,2,development,0.32748305797576904,0.3295426368713379,0.33428131065253874,0.33290709814505043,0.3219785318638292,0.3266029553868416
49364,AOI-0037,2021-08-12,0.2845307098576007,зерновые,2021,0,2,development,0.3860970437526703,0.3617264926433563,0.26534600716638607,0.24865713586153843,0.30782552476901165,0.2841305776654367
49377,AOI-0037,2021-08-25,0.3731908701623854,зерновые,2021,0,2,development,0.25558385252952576,0.26737669110298157,0.31394639318703094,0.2919070301541855,0.2933275263817006,0.29396230466662293
49381,AOI-0037,2021-08-29,0.3644036165118603,зерновые,2021,1,2,development,0.27916955947875977,0.26737669110298157,0.36772878037546153,0.35111398182539666,0.3383831806383176,0.34460536228748173
49382,AOI-0037,2021-08-30,0.3267135093204567,зерновые,2021,0,2,development,0.28506597876548767,0.26737669110298157,0.27846884903128105,0.27349652435872823,0.2941441644982011,0.2858281163180205
49399,AOI-0037,2021-09-16,0.3091900538044196,зерновые,2021,0,2,development,0.30469635128974915,0.33926212787628174,0.29173988659660494,0.2809462960746049,0.27868998110196846,0.2802293458505462
49402,AOI-0037,2021-09-19,0.3213484942297673,зерновые,2021,0,2,development,0.32064980268478394,0.33926212787628174,0.29457445808413485,0.28289103515350167,0.28594067636846515,0.2853214342218928
49439,AOI-0037,2021-10-26,0.2615729204587068,зерновые,2021,0,2,development,0.26800277829170227,0.26800277829170227,0.21340427980173912,0.2232172432292274,0.22928034326117505,0.22621131044200926
49453,AOI-0037,2022-04-10,0.3281084445469696,зерновые,2022,1,2,development,0.3225354552268982,0.3070639967918396,0.3238647270440353,0.32963132160276526,0.3238557581271701,0.32593852788587596
49455,AOI-0037,2022-04-12,0.3182529250772403,зерновые,2022,0,2,development,0.3497825562953949,0.4086608588695526,0.30220320092059955,0.30522073701015745,0.3047351069098072,0.3047693560368884
49477,AOI-0037,2022-05-04,0.365534675925641,зерновые,2022,0,2,development,0.5617706179618835,0.5507333874702454,0.5055612379099899,0.5179621947393667,0.4987945849442943,0.5060814972476001
49497,AOI-0037,2022-05-24,0.6097981188644546,зерновые,2022,0,2,development,0.37029823660850525,0.3435889482498169,0.5328470810091427,0.5404065707971131,0.4583500077056719,0.4920778122710452
49498,AOI-0037,2022-05-25,0.5986114003590666,зерновые,2022,2,2,development,0.31687963008880615,0.3435889482498169,0.5785711866319054,0.5944806748985814,0.5535242237796292,0.5696835240799719
49501,AOI-0037,2022-05-28,0.6374735391742765,зерновые,2022,1,2,development,0.4147998094558716,0.4147998094558716,0.5932181364985156,0.5842407817310953,0.5685096036310892,0.5755555808592911
49510,AOI-0037,2022-06-06,0.6027463686864126,зерновые,2022,0,2,development,0.5664589405059814,0.5545288324356079,0.5660711474611907,0.571147788539311,0.5796144529888155,0.575808618383613
49540,AOI-0037,2022-07-06,0.3367157099411508,зерновые,2022,0,2,development,0.3541874587535858,0.35666075348854065,0.33225612826263173,0.33422684388669527,0.3207157400834241,0.32622884147684683
49592,AOI-0037,2022-08-27,0.2731052910709181,зерновые,2022,0,2,development,0.29491978883743286,0.29491978883743286,0.2637018313132187,0.27332256007470257,0.26887786274888453,0.27019240134386846
49598,AOI-0037,2022-09-02,0.2791167166949268,зерновые,2022,1,2,development,0.1828291416168213,0.20809230208396912,0.2824180735520945,0.2818946387622455,0.2659596372955761,0.27262019277063415
49627,AOI-0037,2022-10-01,0.2736714135722137,зерновые,2022,0,2,development,0.34476420283317566,0.311855286359787,0.2647890137848253,0.25965387376968846,0.27523559998203784,0.2690368166407828
49642,AOI-0037,2022-10-16,0.2714908284607308,зерновые,2022,0,2,development,0.26304325461387634,0.26564785838127136,0.30081953410336987,0.34714379320619887,0.2608737846283823,0.29419877211186435
49683,AOI-0037,2023-04-27,0.5374239217229951,зерновые,2023,0,2,development,0.5294259786605835,0.5314140319824219,0.4949482407301667,0.48981970184526125,0.49398993315735945,0.4925397398871143
49720,AOI-0037,2023-06-03,0.5618309750815619,зерновые,2023,0,2,development,0.6379425525665283,0.6379425525665283,0.5583217297181845,0.5809048033932966,0.576641617508141,0.5771595968177725
49734,AOI-0037,2023-06-17,0.6061999586827101,зерновые,2023,1,2,development,0.5553211569786072,0.5553211569786072,0.5941017366994775,0.6023059809924074,0.5936167580757885,0.5967764707289254
49737,AOI-0037,2023-06-20,0.5793800877718629,зерновые,2023,1,2,development,0.5065079927444458,0.5257456302642822,0.5421285712941525,0.5455599155806894,0.5261032881639978,0.5340094058214772
49753,AOI-0037,2023-07-06,0.4202308696700621,зерновые,2023,0,2,development,0.4127276837825775,0.3941461741924286,0.4337802693894686,0.423472439713323,0.4328732533836716,0.4295344188836945
49795,AOI-0037,2023-08-17,0.2616091636787571,зерновые,2023,0,2,development,0.2624873220920563,0.26022791862487793,0.26308833599187403,0.2676147290563446,0.26280346383912234,0.2645539209273121
49796,AOI-0037,2023-08-18,0.2681842463937163,зерновые,2023,1,2,development,0.257968544960022,0.26022791862487793,0.2702724556820388,0.27310686681620516,0.27346927691249334,0.2731607955919937
49797,AOI-0037,2023-08-19,0.2994355361653256,зерновые,2023,1,2,development,0.2534497380256653,0.26022791862487793,0.29470741081101115,0.29426548734084595,0.29353738277299696,0.29386496926539674
49806,AOI-0037,2023-08-28,0.2572407140302761,зерновые,2023,1,2,development,0.25380247831344604,0.25380247831344604,0.2323958004678014,0.2333881556655606,0.2576289979947386,0.24748583711283756
49828,AOI-0037,2023-09-19,0.2346325544409365,зерновые,2023,0,2,development,0.2853964865207672,0.2950805723667145,0.23588757349532447,0.23029289638266903,0.22329547213259435,0.22651868966230426
49838,AOI-0037,2023-09-29,0.2855970656421837,зерновые,2023,0,2,development,0.34677788615226746,0.34677788615226746,0.28662357644639985,0.2881648962175899,0.2788532994856694,0.28264263746135887
49853,AOI-0037,2023-10-14,0.3097500759101238,зерновые,2023,0,2,development,0.33747079968452454,0.32661446928977966,0.30218682023183047,0.2979171788629753,0.3063028516526019,0.3030506032638687
49868,AOI-0037,2023-10-29,0.2981296283365579,зерновые,2023,0,2,development,0.3385339081287384,0.3395368456840515,0.34098398114247774,0.3424582909040826,0.3488554165747526,0.3461112094908363
49877,AOI-0037,2024-04-08,0.3236092463454076,зерновые,2024,0,2,development,0.35762766003608704,0.3620571792125702,0.3498113101114904,0.34997765118595453,0.3386280417272482,0.3433419923925941
49892,AOI-0037,2024-04-23,0.5425040804203003,зерновые,2024,0,2,development,0.5870173573493958,0.5632159113883972,0.5417511530379864,0.5342866219023982,0.5133802579054105,0.5224957677477615
49912,AOI-0037,2024-05-13,0.551964707853587,зерновые,2024,0,2,development,0.5589433908462524,0.5554577112197876,0.5433375950654945,0.5320423078319035,0.532200027557508,0.5327626848653924
49922,AOI-0037,2024-05-23,0.4884612603332073,зерновые,2024,0,2,development,0.5039125084877014,0.5107455253601074,0.48625025978011593,0.48009975501090985,0.48931098184422117,0.48581979637957906
49947,AOI-0037,2024-06-17,0.3685991582904216,зерновые,2024,0,2,development,0.42463135719299316,0.42463135719299316,0.3915120027747099,0.40468997437958726,0.3932140018723826,0.39725677545687865
49948,AOI-0037,2024-06-18,0.4265338636320584,зерновые,2024,1,2,development,0.412413626909256,0.42463135719299316,0.41485972000671983,0.416659287404611,0.42204420776289436,0.41970314331415026
49965,AOI-0037,2024-07-05,0.2925900211259917,зерновые,2024,0,2,development,0.26916924118995667,0.27545472979545593,0.27600310243106185,0.2718975823992961,0.2708856653353185,0.27153514723662586
49970,AOI-0037,2024-07-10,0.2666277978257596,зерновые,2024,0,2,development,0.26963451504707336,0.2610987722873688,0.255948065271245,0.258618403567028,0.2549353686875741,0.256319548307239
49990,AOI-0037,2024-07-30,0.2145650906006045,зерновые,2024,0,2,development,0.2524886727333069,0.2455613762140274,0.21029183163866352,0.20533192266459316,0.19607496615588355,0.20020319205977877
50010,AOI-0037,2024-08-19,0.2037150220369414,зерновые,2024,0,2,development,0.19692760705947876,0.19668865203857422,0.17562673157531433,0.17310418318345608,0.19072595162085387,0.18353286956192238
50042,AOI-0037,2024-09-20,0.1908476014882399,зерновые,2024,0,2,development,0.20492428541183472,0.20575276017189026,0.18815204395095383,0.18803546109258434,0.18305912824149106,0.18513654176308408
50044,AOI-0037,2024-09-22,0.2248707304267456,зерновые,2024,1,2,development,0.2082381546497345,0.20575276017189026,0.21421313393425503,0.20475123222202662,0.20887036277456275,0.2076824759534875
50057,AOI-0037,2024-10-05,0.1689003226042883,зерновые,2024,0,2,development,0.1720162332057953,0.1577724814414978,0.15030117899978784,0.14954038376870077,0.14981708437625968,0.1497442526314655
50067,AOI-0037,2024-10-15,0.2264578994614004,зерновые,2024,2,2,development,0.12165775895118713,0.1348908245563507,0.21918882458168656,0.21330571638314044,0.2093676035756256,0.21133371538185794
50105,AOI-0038,2010-04-23,0.2806605798717591,зерновые,2010,2,2,development,0.20909306406974792,0.21189571917057037,0.30080033970209313,0.29027257099782816,0.30966604597204905,0.302180943702736
50148,AOI-0038,2010-06-05,0.2455201293988258,зерновые,2010,1,2,development,0.27601689100265503,0.2918853163719177,0.2482754121719658,0.2504716202279652,0.26441188262046533,0.25848840197622647
50212,AOI-0038,2010-08-08,0.1513753641073442,зерновые,2010,1,2,development,0.17096097767353058,0.19535331428050995,0.16058128402023908,0.16130698009715147,0.1581016303315171,0.15939518812749373
50233,AOI-0038,2010-08-29,0.2345730972957903,зерновые,2010,2,2,development,0.15520188212394714,0.15421730279922485,0.21984539055176197,0.22017458653940375,0.22318616678652942,0.22191456954858502
50235,AOI-0038,2010-08-31,0.1773893707809188,зерновые,2010,1,2,development,0.15717105567455292,0.15421730279922485,0.1646975302437655,0.1619137909848925,0.16903891348633526,0.16622859776049664
50355,AOI-0038,2011-05-30,0.6494912757822706,зерновые,2011,1,2,development,0.6831996440887451,0.6893532276153564,0.7013498919669424,0.6922073609046209,0.6871893459487732,0.6897861684053209
50430,AOI-0038,2011-08-13,0.2938697518817953,зерновые,2011,2,2,development,0.19196301698684692,0.19645452499389648,0.2517112860304868,0.27016985513571895,0.2508337159769843,0.25785381184036893
50451,AOI-0038,2011-09-03,0.1925896046304919,зерновые,2011,1,2,development,0.2662360966205597,0.26785144209861755,0.20636649583661001,0.21491949702131202,0.2259584862359164,0.22088879398612069
50452,AOI-0038,2011-09-04,0.2172648737015342,зерновые,2011,1,2,development,0.2670437693595886,0.26785144209861755,0.21390612868350445,0.2177535038627316,0.22630092184388462,0.22252985834888442
50462,AOI-0038,2011-09-14,0.3189268748257597,зерновые,2011,2,2,development,0.2786717116832733,0.28254660964012146,0.32052166528060766,0.3216005982590132,0.3092642109723729,0.31433805238400153
50562,AOI-0038,2012-05-24,0.3953821856704767,зерновые,2012,2,2,development,0.27023810148239136,0.30960237979888916,0.4192841724818411,0.4206454744350582,0.40401260316932436,0.41085874375743114
50594,AOI-0038,2012-06-25,0.2937769490215233,зерновые,2012,1,2,development,0.41808879375457764,0.41808879375457764,0.35066276517163447,0.34750653298727147,0.3441956141244846,0.3457490349082013
50674,AOI-0038,2012-09-13,0.2391572071347244,зерновые,2012,1,2,development,0.22788368165493011,0.22004549205303192,0.1928406906870114,0.1990545321916771,0.1993555719405028,0.19888465154258086
50738,AOI-0038,2013-04-17,0.2183912979018484,зерновые,2013,1,2,development,0.2653704285621643,0.25616949796676636,0.19547461197856322,0.19188278129507963,0.21547864831289712,0.20585888996215101
50739,AOI-0038,2013-04-18,0.1755820426266974,зерновые,2013,1,2,development,0.26997092366218567,0.25616949796676636,0.17580553639069646,0.16910716023464153,0.18326277771619306,0.1777444315055175
50747,AOI-0038,2013-04-26,0.1909445324352382,зерновые,2013,1,2,development,0.20431110262870789,0.2331768274307251,0.23478062691581628,0.23140824527481668,0.23096072820683472,0.23133455153956184
50794,AOI-0038,2013-06-12,0.1697607066834242,зерновые,2013,1,2,development,0.24204547703266144,0.227865070104599,0.18965618785450342,0.19371989746744034,0.19323278495461774,0.19320945825137087
50859,AOI-0038,2013-08-16,0.3068008266446948,зерновые,2013,1,2,development,0.26515698432922363,0.2429075688123703,0.27009613635167457,0.2641802487586026,0.28792672455001783,0.2783735637226076
50866,AOI-0038,2013-08-23,0.2079484593163203,зерновые,2013,1,2,development,0.23919932544231415,0.2429075688123703,0.2511766847724392,0.25420043857035673,0.25733428700203714,0.25586192409286534
50957,AOI-0038,2014-04-23,0.5609373850013938,зерновые,2014,2,2,development,0.48443329334259033,0.4794136881828308,0.5678278574696811,0.5939068170109657,0.585449799451655,0.5875186087516198
51021,AOI-0038,2014-06-26,0.2196191803735712,зерновые,2014,2,2,development,0.18182490766048431,0.1804272085428238,0.24251117261902672,0.23510520302471513,0.228879482445503,0.23188230319370945
51059,AOI-0038,2014-08-03,0.174704733877957,зерновые,2014,1,2,development,0.14191754162311554,0.15833094716072083,0.15571248171892177,0.15816036714967432,0.16498629086272495,0.16200948254714131
51082,AOI-0038,2014-08-26,0.1705571216759732,зерновые,2014,1,2,development,0.13300283253192902,0.13300283253192902,0.16787580731991392,0.16936655945858606,0.16320111551002134,0.1656839772488123
51085,AOI-0038,2014-08-29,0.1786182603847226,зерновые,2014,2,2,development,0.13358713686466217,0.13300283253192902,0.184562789495012,0.1880999368573451,0.1711020790725286,0.1779790808033958
51133,AOI-0038,2014-10-16,0.162209250693802,зерновые,2014,2,2,development,0.1287393867969513,0.14054258167743683,0.18722219115865477,0.19516683827424788,0.15943727504318633,0.1738644160758378
51155,AOI-0038,2015-04-08,0.1415420446037263,зерновые,2015,1,2,development,0.1904943585395813,0.16112151741981506,0.14036338336881485,0.13874291521457993,0.1158284387093741,0.12545456344364747
51211,AOI-0038,2015-06-03,0.4219398613713485,зерновые,2015,1,2,development,0.35810020565986633,0.381478488445282,0.37727064460865906,0.37211802448379455,0.3794264928328259,0.3766716442187741
51234,AOI-0038,2015-06-26,0.3342324375091296,зерновые,2015,1,2,development,0.28120091557502747,0.31725552678108215,0.3534156922529031,0.3663020559694924,0.3328366711313996,0.34604668181723874
51290,AOI-0038,2015-08-21,0.1999080043803746,зерновые,2015,1,2,development,0.22910933196544647,0.22637245059013367,0.20659410089949545,0.21294574904937655,0.20011667233508576,0.20510225773354412
51291,AOI-0038,2015-08-22,0.2791366778610071,зерновые,2015,1,2,development,0.22850114107131958,0.22637245059013367,0.2534358731615189,0.2643161703704125,0.25912820352798727,0.2606819951751353
51298,AOI-0038,2015-08-29,0.2695200778826545,зерновые,2015,1,2,development,0.22424374520778656,0.22637245059013367,0.25968914700627976,0.2633238321572708,0.2574349526804872,0.25968346564570355
51361,AOI-0038,2016-04-01,0.2445938978939622,зерновые,2016,1,2,development,0.5191751718521118,0.5191751718521118,0.4012653367586243,0.4071139805377389,0.37169557012226884,0.38610981204304917
51370,AOI-0038,2016-04-10,0.4601706959722526,зерновые,2016,1,2,development,0.465610533952713,0.48059844970703125,0.45006449371462837,0.4518166359990154,0.44822842957083886,0.4496242198774605
51473,AOI-0038,2016-07-22,0.1609670762259254,зерновые,2016,1,2,development,0.2398378998041153,0.2231428176164627,0.1883324081528875,0.18406034352000636,0.20257496699497765,0.19510763407296894
51481,AOI-0038,2016-07-30,0.3088746264412841,зерновые,2016,1,2,development,0.3035248816013336,0.3216397166252136,0.2860017362285427,0.2874029666451322,0.30735634019180696,0.2989746899317436
51521,AOI-0038,2016-09-08,0.233248962685615,зерновые,2016,1,2,development,0.2735755145549774,0.27594414353370667,0.24778606042159476,0.2509498819129182,0.22459993251140048,0.2353896253503145
51542,AOI-0038,2016-09-29,0.3160385280178422,зерновые,2016,2,2,development,0.2766806483268738,0.27381542325019836,0.3221355691753576,0.33572021491216814,0.3138286476254499,0.32218330808148754
51608,AOI-0038,2017-05-05,0.5954236359394062,зерновые,2017,0,2,development,0.5711097121238708,0.5494094491004944,0.5723134293692403,0.578985261439319,0.5636675542576832,0.569670987077145
51612,AOI-0038,2017-05-09,0.5720502927237244,зерновые,2017,2,2,development,0.5927350521087646,0.6018887162208557,0.6007985678023765,0.6302630145884672,0.5886270492769778,0.6043151471526573
51617,AOI-0038,2017-05-14,0.6260678319905314,зерновые,2017,1,2,development,0.6010565757751465,0.6018887162208557,0.6014390558981755,0.598776035915492,0.5907870533621217,0.5942598418257151
51688,AOI-0038,2017-07-24,0.2390795420062376,зерновые,2017,0,2,development,0.24045011401176453,0.2382011115550995,0.27902887769848056,0.2903654304585053,0.2909650423980771,0.290084921924456
51689,AOI-0038,2017-07-25,0.1448525650649612,зерновые,2017,1,2,development,0.23595212399959564,0.2382011115550995,0.2619281487991581,0.2526662356572405,0.24915287252862575,0.25113016628762425
51690,AOI-0038,2017-07-26,0.2859943836918722,зерновые,2017,1,2,development,0.23145411908626556,0.2382011115550995,0.29021078815203155,0.2839784410436193,0.29484401459586357,0.2906689159450513
51705,AOI-0038,2017-08-10,0.1937945103586977,зерновые,2017,1,2,development,0.1890888661146164,0.1863989681005478,0.18316701412273007,0.17886828901002272,0.18270327279547705,0.1813464367840113
51724,AOI-0038,2017-08-29,0.2837959018678562,зерновые,2017,2,2,development,0.18212737143039703,0.20192307233810425,0.29493751518745637,0.2985517542064854,0.2863723235323367,0.2912398217695352
51748,AOI-0038,2017-09-22,0.3665148083800083,зерновые,2017,0,2,development,0.3659535050392151,0.3699586093425751,0.3751686732149517,0.3822247368815213,0.37221614982290596,0.3759887900485165
51801,AOI-0038,2018-04-15,0.3564283521232234,зерновые,2018,1,2,development,0.4061611294746399,0.4301294684410095,0.37665959413110767,0.37913272011391924,0.38667292261718794,0.38339745920905066
51825,AOI-0038,2018-05-09,0.5240040423752438,зерновые,2018,2,2,development,0.5509929656982422,0.5474984645843506,0.5191765352024148,0.5318656964328016,0.5244403987482802,0.5268246511809082
51861,AOI-0038,2018-06-14,0.2078436814129771,зерновые,2018,0,2,development,0.2113654911518097,0.2113761305809021,0.2141775272275489,0.22318448818472314,0.21678387532343252,0.21894651952663396
51889,AOI-0038,2018-07-12,0.1714219948776676,зерновые,2018,1,2,development,0.2078903466463089,0.19229421019554138,0.18643035212264844,0.20504462282434788,0.18887830134836342,0.19457059909877802
51913,AOI-0038,2018-08-05,0.4107749060885448,зерновые,2018,1,2,development,0.3646663427352905,0.391922265291214,0.3618821118561889,0.3587651577957008,0.3642084099740656,0.3621165488283127
51937,AOI-0038,2018-08-29,0.2839758293838862,зерновые,2018,2,2,development,0.29811161756515503,0.3038722574710846,0.30241477264644906,0.29398330069975087,0.27777219675399756,0.2849875334111515
51945,AOI-0038,2018-09-06,0.3003430649150185,зерновые,2018,1,2,development,0.2725470960140228,0.27085819840431213,0.3293419734815737,0.32836081018562924,0.3031339664818816,0.31368683479310816
51986,AOI-0038,2018-10-17,0.4091628841758332,зерновые,2018,1,2,development,0.3558688163757324,0.3558688163757324,0.39479347238190615,0.3899760619782042,0.3925902430733306,0.39177030245417327
52006,AOI-0038,2019-04-07,0.4594056593253415,зерновые,2019,2,2,development,0.2839208245277405,0.2981052100658417,0.47043641800323616,0.4727494956277005,0.4723909009991333,0.4724114686652966
52012,AOI-0038,2019-04-13,0.3114720162192655,зерновые,2019,0,2,development,0.41541945934295654,0.4308835566043854,0.3759296732318586,0.36539032577518726,0.36828063508450903,0.36766406132020335
52037,AOI-0038,2019-05-08,0.5183961859452856,зерновые,2019,0,2,development,0.5829731225967407,0.5609824061393738,0.5071437230596683,0.5204980129926334,0.5091054216634012,0.5131036881094385
52050,AOI-0038,2019-05-21,0.5267768143460749,зерновые,2019,1,2,development,0.5398287177085876,0.5364835858345032,0.5282599057729588,0.5326089886757399,0.5224842693702171,0.5264558127813568
52062,AOI-0038,2019-06-02,0.4342205503082013,зерновые,2019,0,2,development,0.41295573115348816,0.42763394117355347,0.4220241408457013,0.4160813576664696,0.4341972334172453,0.42698877425365034
52070,AOI-0038,2019-06-10,0.2394785614719821,зерновые,2019,2,2,development,0.21812579035758972,0.2105378657579422,0.29012091165941994,0.297185186556999,0.2533354375403356,0.27119080933228534
52072,AOI-0038,2019-06-12,0.1915082537407339,зерновые,2019,0,2,development,0.20294994115829468,0.2105378657579422,0.22565000462042842,0.21848220649489433,0.2137752506697362,0.21613278085582904
52098,AOI-0038,2019-07-08,0.1597209524978901,зерновые,2019,1,2,development,0.13976244628429413,0.16931039094924927,0.1356266581358645,0.15091309101030304,0.14221602387159582,0.14498505865397382
52122,AOI-0038,2019-08-01,0.4117039879635329,зерновые,2019,0,2,development,0.3842319846153259,0.38730910420417786,0.4217799952191644,0.42077119413604397,0.39443761660002996,0.40545259570332337
52127,AOI-0038,2019-08-06,0.3802611825222442,зерновые,2019,0,2,development,0.440871924161911,0.4334833323955536,0.42598627069312694,0.43104650022381774,0.41574479395071634,0.42183121228093856
52147,AOI-0038,2019-08-26,0.2773247759258075,зерновые,2019,0,2,development,0.3313562273979187,0.3313562273979187,0.3237002172493779,0.31487445340147124,0.3137047414612895,0.3146824511753199
52193,AOI-0038,2019-10-11,0.4108190167196903,зерновые,2019,1,2,development,0.32725396752357483,0.32725396752357483,0.4087844482964744,0.40782400961354587,0.3882696302423418,0.39646071808766464
52204,AOI-0038,2019-10-22,0.3974959572727606,зерновые,2019,0,2,development,0.4221417009830475,0.42629802227020264,0.40543284837007887,0.4078051499085486,0.39316101994668,0.39912329853186446
52210,AOI-0038,2019-10-28,0.3947941061453673,зерновые,2019,1,2,development,0.22740556299686432,0.22740556299686432,0.36740124935050134,0.35790879597094005,0.35636215154949596,0.35753380800416423
52214,AOI-0038,2020-04-02,0.3363120721898958,зерновые,2020,0,2,development,0.3255651295185089,0.3255651295185089,0.34949577687486166,0.34516600421948906,0.30594094656559767,0.3225055139830544
52236,AOI-0038,2020-04-24,0.3602102214187974,зерновые,2020,0,2,development,0.33366507291793823,0.33031609654426575,0.34236809734312884,0.35050149315908913,0.3343938552416346,0.3406447235784157
52250,AOI-0038,2020-05-08,0.5093575132422636,зерновые,2020,2,2,development,0.3718666136264801,0.3718666136264801,0.46817715858635645,0.5047471815201923,0.475902701724964,0.4858723083474309
52271,AOI-0038,2020-05-29,0.4005784918078123,зерновые,2020,0,2,development,0.42093345522880554,0.42035162448883057,0.41160954895278273,0.42098547484845633,0.4085287121708418,0.41319113345785546
52272,AOI-0038,2020-05-30,0.4835631830261644,зерновые,2020,1,2,development,0.4205455780029297,0.42035162448883057,0.4178201033391243,0.4205657778384373,0.4259298904902874,0.42354485867190456
52301,AOI-0038,2020-06-28,0.181079824130836,зерновые,2020,0,2,development,0.1774001270532608,0.17162136733531952,0.16909478584559387,0.17376231017441096,0.17979275526824937,0.17702352379883846
52314,AOI-0038,2020-07-11,0.1595427356437096,зерновые,2020,0,2,development,0.13648447394371033,0.12886080145835876,0.1560498744162419,0.1546032962247325,0.16389233515176857,0.1601071147915974
52360,AOI-0038,2020-08-26,0.1961525513664821,зерновые,2020,1,2,development,0.15293148159980774,0.15293148159980774,0.17415725082085837,0.17743035806474836,0.17273674202709388,0.17450795198884816
52364,AOI-0038,2020-08-30,0.1560797413838391,зерновые,2020,0,2,development,0.17828981578350067,0.17828981578350067,0.1343582867295929,0.13591357366185655,0.14778281483086614,0.14275685205528232
52369,AOI-0038,2020-09-04,0.1556318348113169,зерновые,2020,0,2,development,0.15420344471931458,0.14826086163520813,0.14031321615155637,0.14483864676858788,0.14885735822486942,0.14693322480333273
52371,AOI-0038,2020-09-06,0.1432587829944284,зерновые,2020,0,2,development,0.14826086163520813,0.14826086163520813,0.13185328657537615,0.13871928846154935,0.11080607435290356,0.1220403970623585
52394,AOI-0038,2020-09-29,0.1568051945026662,зерновые,2020,0,2,development,0.1772257685661316,0.17950551211833954,0.1481740593050175,0.15837378459478488,0.14214972968861145,0.14833410732665314
52396,AOI-0038,2020-10-01,0.1459361633935701,зерновые,2020,0,2,development,0.1790495663881302,0.17950551211833954,0.13171070363508228,0.13201987436330723,0.13777940419387413,0.13536534630150382
52400,AOI-0038,2020-10-05,0.1500509750298391,зерновые,2020,1,2,development,0.18269716203212738,0.17950551211833954,0.13471005255486185,0.14063239370636865,0.12539097069042393,0.13140434738999737
52406,AOI-0038,2020-10-11,0.1313065234148248,зерновые,2020,0,2,development,0.1585291475057602,0.16019588708877563,0.1210947664029013,0.10542718554926378,0.11108906669412498,0.1096043426097292
52441,AOI-0038,2021-04-16,0.2691593856555876,зерновые,2021,1,2,development,0.27014270424842834,0.293140709400177,0.24085331578320604,0.23183375925863367,0.24535932922438936,0.24023229500050197
52472,AOI-0038,2021-05-17,0.415073618440796,зерновые,2021,0,2,development,0.360251784324646,0.35748958587646484,0.36760306207309984,0.3665395325003605,0.35762286707187274,0.361392745289941
52497,AOI-0038,2021-06-11,0.2606605559194396,зерновые,2021,0,2,development,0.4814334511756897,0.44636669754981995,0.3944120877209631,0.3773237493706008,0.35232636809007867,0.36367969582037885
52505,AOI-0038,2021-06-19,0.4946480140035542,зерновые,2021,1,2,development,0.410119891166687,0.42266106605529785,0.4371476833210112,0.44428737931366186,0.4389336892110153,0.44076451610836465
52537,AOI-0038,2021-07-21,0.1969080793807796,зерновые,2021,0,2,development,0.20886938273906708,0.20861175656318665,0.19958886775618012,0.19745724221597258,0.1951945873819753,0.1962547741425679
52545,AOI-0038,2021-07-29,0.2277765683210396,зерновые,2021,1,2,development,0.22383242845535278,0.2250741869211197,0.24293721955412786,0.24506509990328984,0.23585266467563568,0.23956810897481273
52572,AOI-0038,2021-08-25,0.2340571690451041,зерновые,2021,0,2,development,0.2291182279586792,0.23338119685649872,0.21113369714572616,0.21232841836451738,0.21499459049723632,0.2138185924758897
52584,AOI-0038,2021-09-06,0.2478281426925364,зерновые,2021,0,2,development,0.22858695685863495,0.21152906119823456,0.23629584066411954,0.23470152055507504,0.22433824611809108,0.22873966363395506
52614,AOI-0038,2021-10-06,0.2647387685728349,зерновые,2021,0,2,development,0.24657420814037323,0.2468976527452469,0.23760070196763197,0.23438006939936631,0.24697159285993814,0.24191070579968627
52622,AOI-0038,2021-10-14,0.2055861538394476,зерновые,2021,0,2,development,0.22578878700733185,0.21822935342788696,0.2123158384962403,0.2119542189749385,0.21205658617761594,0.2120341003537649
52624,AOI-0038,2021-10-16,0.2021162896852079,зерновые,2021,0,2,development,0.21822935342788696,0.21822935342788696,0.23147277181970347,0.23175420360945248,0.21320583582140615,0.22090918807065807
52645,AOI-0038,2022-04-07,0.2385919867360109,зерновые,2022,0,2,development,0.29538044333457947,0.29538044333457947,0.2702601342183302,0.2877224718958454,0.2696046404883261,0.2761731455323364
52672,AOI-0038,2022-05-04,0.4644890043703342,зерновые,2022,0,2,development,0.5538881421089172,0.5398588180541992,0.4838664523110519,0.48005861614126544,0.468806841392173,0.47370113870819486
52690,AOI-0038,2022-05-22,0.6050957546793966,зерновые,2022,0,2,development,0.5238472819328308,0.5186066627502441,0.4982480570003919,0.49856417103293116,0.47894730153116644,0.4870933875506086
52709,AOI-0038,2022-06-10,0.307962001672707,зерновые,2022,2,2,development,0.46336281299591064,0.47815123200416565,0.38439787485280424,0.394608854403802,0.3973379028042464,0.39563421477183025
52719,AOI-0038,2022-06-20,0.2225268439762219,зерновые,2022,1,2,development,0.19699034094810486,0.19699078798294067,0.2784405783545958,0.2700533079736714,0.27291037297978155,0.27218792608328346
52732,AOI-0038,2022-07-03,0.2081340580512339,зерновые,2022,0,2,development,0.20730985701084137,0.20972521603107452,0.2122975282373439,0.2050090593578423,0.2090694561763934,0.20778511589136278
52767,AOI-0038,2022-08-07,0.2239808512398561,зерновые,2022,0,2,development,0.2481958568096161,0.2481958568096161,0.23224776950949053,0.22914536883255568,0.20904818765025196,0.21758431078629314
52770,AOI-0038,2022-08-10,0.2445751877483847,зерновые,2022,0,2,development,0.25342899560928345,0.2516309916973114,0.2218893140426573,0.21904591211517108,0.21317683460287196,0.21577744639132035
52787,AOI-0038,2022-08-27,0.2566328131094598,зерновые,2022,0,2,development,0.25075897574424744,0.25075897574424744,0.23844944939836937,0.24419090014762945,0.2419766368566991,0.24257875028763382
52790,AOI-0038,2022-08-30,0.2148000213347025,зерновые,2022,0,2,development,0.25647997856140137,0.25959184765815735,0.23063834834928523,0.23383548150975222,0.23327703457873378,0.23333159686189808
52792,AOI-0038,2022-09-01,0.2191148445217917,зерновые,2022,0,2,development,0.2627037465572357,0.25959184765815735,0.2230858874053449,0.23210070497825153,0.18342529780465403,0.20318039644549044
52837,AOI-0038,2022-10-16,0.2061171980341534,зерновые,2022,0,2,development,0.22103345394134521,0.21786601841449738,0.23750543778584327,0.28731362306517466,0.20676716092968228,0.23751647143256388
52854,AOI-0038,2023-04-03,0.4289289908833704,зерновые,2023,1,2,development,0.35625484585762024,0.35625484585762024,0.3873779581722479,0.39716855415293256,0.372102920036054,0.38198952774054296
52890,AOI-0038,2023-05-09,0.612008698076387,зерновые,2023,2,2,development,0.4455416202545166,0.4302011728286743,0.5696654767698562,0.5959078964671034,0.5985569487291341,0.5959948127561695
52943,AOI-0038,2023-07-01,0.2015801777709074,зерновые,2023,0,2,development,0.28482165932655334,0.28482165932655334,0.2165728562118102,0.224971874003152,0.21282128175561776,0.21741062840952777
52963,AOI-0038,2023-07-21,0.3108397585264389,зерновые,2023,0,2,development,0.33354705572128296,0.32156050205230713,0.3105019646388284,0.3044183279056425,0.3150084390371215,0.3109397036880748
52965,AOI-0038,2023-07-23,0.2403500726151519,зерновые,2023,0,2,development,0.34065723419189453,0.33578088879585266,0.29512016023228854,0.2924208971461893,0.2830446173506025,0.2870967532995696
52995,AOI-0038,2023-08-22,0.2484598985270312,зерновые,2023,0,2,development,0.2741311490535736,0.2745806574821472,0.26463152457225764,0.2675757135664945,0.26725130210828313,0.26722253908424604
53000,AOI-0038,2023-08-27,0.2572292857448224,зерновые,2023,0,2,development,0.29323750734329224,0.2891351878643036,0.27207843193899434,0.2739545654460372,0.264723505532792,0.268460703858593
53005,AOI-0038,2023-09-01,0.2351218659989162,зерновые,2023,0,2,development,0.256306916475296,0.24495621025562286,0.2399317720165313,0.24532411184323383,0.2388460423672883,0.2412419816007255
53023,AOI-0038,2023-09-19,0.2646417343096545,зерновые,2023,0,2,development,0.27850353717803955,0.24533981084823608,0.2418450047474457,0.2372836505113432,0.24190071160440596,0.2402330183389264
53028,AOI-0038,2023-09-24,0.2801079736120974,зерновые,2023,0,2,development,0.2988114356994629,0.3051723837852478,0.28043287496689734,0.28048997178349777,0.2785324931238034,0.27934393281209446
53030,AOI-0038,2023-09-26,0.2990506900053722,зерновые,2023,0,2,development,0.32425522804260254,0.3051723837852478,0.2846893296059778,0.2776447707248573,0.2943962994620288,0.28781690649908576
53034,AOI-0038,2023-09-30,0.3493615556175077,зерновые,2023,2,2,development,0.3124242424964905,0.3124242424964905,0.37647623678341785,0.36651486225443886,0.3678304858467602,0.36783707694624523
53053,AOI-0038,2023-10-19,0.2812968105118925,зерновые,2023,0,2,development,0.3482113778591156,0.3482113778591156,0.31335509951468143,0.30780632732136787,0.31567347511490473,0.31270816464353424
53067,AOI-0038,2024-04-03,0.2586851046725172,зерновые,2024,0,2,development,0.221977099776268,0.2343701273202896,0.21663896946532912,0.22508572703573662,0.2254992908551697,0.22485733838521363
53070,AOI-0038,2024-04-06,0.2517591814598388,зерновые,2024,0,2,development,0.24676313996315002,0.2343701273202896,0.2801655574184491,0.29997476336217177,0.24146723621299426,0.2647135953569967
53071,AOI-0038,2024-04-07,0.2838230760441214,зерновые,2024,1,2,development,0.255025178194046,0.2343701273202896,0.29444054541711845,0.3055127539793345,0.27679125068285776,0.28812797984430405
53087,AOI-0038,2024-04-23,0.4403996942484205,зерновые,2024,0,2,development,0.5314775705337524,0.5148601531982422,0.4711694321613144,0.47596640049630595,0.4633416727895945,0.468328695296047
53102,AOI-0038,2024-05-08,0.5383535266239198,зерновые,2024,2,2,development,0.5209847092628479,0.5186581015586853,0.5460075487310165,0.558187655227994,0.5537872796097766,0.554941009701371
53105,AOI-0038,2024-05-11,0.5074701713679963,зерновые,2024,0,2,development,0.5221108794212341,0.5200650691986084,0.4785450899617168,0.4788983724138068,0.4934928842505102,0.48739964562887683
53143,AOI-0038,2024-06-18,0.4510606623441014,зерновые,2024,1,2,development,0.38637641072273254,0.38637641072273254,0.4028519087480715,0.4007990510861427,0.40082213795757676,0.40092671914414224
53160,AOI-0038,2024-07-05,0.2271358455168268,зерновые,2024,0,2,development,0.2510034739971161,0.2369190752506256,0.21693941204922731,0.20895582943154548,0.2217327093483081,0.216859621267123
53165,AOI-0038,2024-07-10,0.2048071422057895,зерновые,2024,0,2,development,0.2340308129787445,0.22090914845466614,0.19953028429631742,0.19494604594418619,0.20594284320998055,0.20162146006536102
53170,AOI-0038,2024-07-15,0.184675654002664,зерновые,2024,0,2,development,0.2055439054965973,0.2055439054965973,0.17727494912705238,0.1730948172906845,0.18558062052296737,0.18061710106899934
53177,AOI-0038,2024-07-22,0.1836988971439061,зерновые,2024,0,2,development,0.2221563756465912,0.21167929470539093,0.17031000073931346,0.17634831773238996,0.16460895182654095,0.16915847684240376
53212,AOI-0038,2024-08-26,0.1519253247009865,зерновые,2024,0,2,development,0.20001451671123505,0.1903204619884491,0.1594447644100752,0.15870446471997254,0.15892682713339723,0.15887546847960166
53224,AOI-0038,2024-09-07,0.2000635783316071,зерновые,2024,1,2,development,0.18723993003368378,0.18723993003368378,0.19281169138789833,0.19363150814241437,0.18153212602229923,0.18652174958894824
53245,AOI-0038,2024-09-28,0.1781880416931337,зерновые,2024,0,2,development,0.18763130903244019,0.17794176936149597,0.15691676279897093,0.1584815523128469,0.16471197666614468,0.1620321103859546
57375,AOI-0043,2010-05-09,0.8124466525535855,зерновые,2010,2,2,development,0.8105654716491699,0.8136393427848816,0.835187290851479,0.8280357505373124,0.8395441432171389,0.8351526613450202
57448,AOI-0043,2010-07-21,0.2312988638596253,зерновые,2010,1,2,development,0.2716028392314911,0.27001821994781494,0.23188099024236036,0.21435861553047372,0.23510012945788597,0.2274431038209205
57456,AOI-0043,2010-07-29,0.2069723469063359,зерновые,2010,1,2,development,0.25967758893966675,0.25967758893966675,0.23756498700294426,0.22959419812019977,0.23717604227533934,0.23446418566019517
57503,AOI-0043,2010-09-14,0.2452611008203229,зерновые,2010,2,2,development,0.25067761540412903,0.25608161091804504,0.27483621411028597,0.2719088115100037,0.2643019283603945,0.26763041014270306
57512,AOI-0043,2010-09-23,0.1661906749561562,зерновые,2010,1,2,development,0.29931339621543884,0.25608161091804504,0.19931932885452053,0.20451114445281704,0.20851889820592015,0.20656225764803082
57568,AOI-0043,2011-04-19,0.3789661712365184,зерновые,2011,1,2,development,0.4967081546783447,0.48419755697250366,0.3844266361249935,0.36954932765054466,0.3738093488946058,0.372864058223062
57609,AOI-0043,2011-05-30,0.6049867663117978,зерновые,2011,1,2,development,0.5526250600814819,0.5423669219017029,0.5649999681743871,0.5592931648142502,0.5543866121571706,0.5567459387628438
57625,AOI-0043,2011-06-15,0.4337844191269143,зерновые,2011,1,2,development,0.32355040311813354,0.31001830101013184,0.3287742773506671,0.3348377973189513,0.34592920794067195,0.3409761760575223
57636,AOI-0043,2011-06-26,0.3222481608891241,зерновые,2011,2,2,development,0.23364172875881195,0.23364172875881195,0.35836587262783137,0.34454823400351137,0.33664750518965414,0.34070403501672275
57652,AOI-0043,2011-07-12,0.2894236835141572,зерновые,2011,2,2,development,0.2305534929037094,0.23133525252342224,0.3141956698993659,0.3081001800254699,0.30909063452802504,0.3090175091543721
57800,AOI-0043,2012-05-08,0.2777447208256152,зерновые,2012,2,2,development,0.22261299192905426,0.2341081202030182,0.29358772785270987,0.30471662655723986,0.30045071894038194,0.301606962195763
57848,AOI-0043,2012-06-25,0.2401766075681397,зерновые,2012,2,2,development,0.18027840554714203,0.20043301582336426,0.16376538348511707,0.15448530048123213,0.15654637126379445,0.15620484394426265
57928,AOI-0043,2012-09-13,0.2246691188145012,зерновые,2012,2,2,development,0.17133218050003052,0.1719522625207901,0.21441501392832557,0.23269775689355335,0.17564152880568226,0.19836883029369257
57982,AOI-0043,2013-04-07,0.7634354591161685,зерновые,2013,2,2,development,0.7643663883209229,0.7643663883209229,0.7266422449169009,0.7128629066280857,0.7241630167792608,0.7202268799389031
58063,AOI-0043,2013-06-27,0.2964523830134442,зерновые,2013,1,2,development,0.28360283374786377,0.28360283374786377,0.2860364668513993,0.2878570579758063,0.2830650136475101,0.28495798038743925
58087,AOI-0043,2013-07-21,0.1898120200841331,зерновые,2013,1,2,development,0.2636483311653137,0.2618430554866791,0.19295646635099928,0.19517936460250815,0.2027059403128531,0.19945006653084446
58126,AOI-0043,2013-08-29,0.2710005292405399,зерновые,2013,2,2,development,0.26583611965179443,0.28883081674575806,0.3048558043335983,0.2913826252803392,0.28354965044527825,0.2875588237290558
58195,AOI-0043,2014-04-07,0.2612255358560466,зерновые,2014,2,2,development,0.28462740778923035,0.28462740778923035,0.18114688662469983,0.18881894129824947,0.2384522416842639,0.21737031366177698
58239,AOI-0043,2014-05-21,0.5887067509595656,зерновые,2014,1,2,development,0.7145028710365295,0.674997866153717,0.6106463317790547,0.6029477781872197,0.5969364868139704,0.5998663464529796
58275,AOI-0043,2014-06-26,0.6187718444032814,зерновые,2014,2,2,development,0.714195191860199,0.714195191860199,0.6259843054634905,0.6255030465475471,0.6302757257835908,0.6283163184227119
58367,AOI-0043,2014-09-26,0.13644388400489,зерновые,2014,1,2,development,0.20756341516971588,0.20407959818840027,0.15700445479917785,0.15373834860318814,0.14848795083404198,0.15085460825565056
58383,AOI-0043,2014-10-12,0.1494995612930334,зерновые,2014,1,2,development,0.20019574463367462,0.20027722418308258,0.1423186752261708,0.13963163643459547,0.13212958621783877,0.13540107110464344
58447,AOI-0043,2015-05-16,0.8186509400589392,зерновые,2015,1,2,development,0.8302098512649536,0.8276650309562683,0.8272007622567709,0.8362201104849026,0.8317099464210485,0.8330851807783339
58519,AOI-0043,2015-07-27,0.2865976157860623,зерновые,2015,1,2,development,0.3236880600452423,0.353096604347229,0.33376782965186125,0.32305631593192585,0.30808446141839085,0.3149109034021961
58552,AOI-0043,2015-08-29,0.3351628473141043,зерновые,2015,2,2,development,0.34583553671836853,0.3471001386642456,0.3483926050022892,0.3350003600240229,0.3469023740801063,0.3426942197503232
58591,AOI-0043,2015-10-07,0.2693730740587267,зерновые,2015,1,2,development,0.2682311236858368,0.26646262407302856,0.22677149725973117,0.23079931382832897,0.23732520965656065,0.23438537694246692
58622,AOI-0043,2016-04-08,0.1853437967656535,зерновые,2016,1,2,development,0.27555885910987854,0.27376890182495117,0.18656276866450994,0.1994672256007632,0.15792940294822816,0.1744977972336962
58678,AOI-0043,2016-06-03,0.2555687894480603,зерновые,2016,1,2,development,0.212789848446846,0.2215183824300766,0.24728036997303648,0.24059462374809865,0.24482695438886742,0.24343753681594354
58684,AOI-0043,2016-06-09,0.2648195025138926,зерновые,2016,2,2,development,0.22027145326137543,0.2215183824300766,0.2841257509517292,0.28329224504888806,0.2947198884489521,0.2900105741478024
58694,AOI-0043,2016-06-19,0.2312640224481414,зерновые,2016,1,2,development,0.23274078965187073,0.2215183824300766,0.21021023049522566,0.21157198635160343,0.21097421462942573,0.21114723385248582
58748,AOI-0043,2016-08-12,0.2383979094998677,зерновые,2016,2,2,development,0.22804301977157593,0.23087112605571747,0.2562024049192033,0.2597175883140799,0.24408760274975627,0.25039657855811526
58834,AOI-0043,2017-04-07,0.86235435300344,зерновые,2017,2,2,development,0.7053391337394714,0.6808270215988159,0.8038584205439085,0.7840116138593172,0.8102837273694644,0.8004544069343003
58854,AOI-0043,2017-04-27,0.8502488877505182,зерновые,2017,1,2,development,0.8940727114677429,0.8915181756019592,0.8858622939562468,0.8703315457029587,0.865033108340976,0.8681019707112108
58855,AOI-0043,2017-04-28,0.8445895558447136,зерновые,2017,0,2,development,0.8927954435348511,0.8915181756019592,0.9013010877346816,0.8849727837604663,0.8984669394535759,0.8937595229366211
58898,AOI-0043,2017-06-10,0.3940535062185764,зерновые,2017,2,2,development,0.714368999004364,0.578899085521698,0.5857285477198715,0.5855697502953677,0.5972222415994688,0.5923818253539356
58934,AOI-0043,2017-07-16,0.1769459416609111,зерновые,2017,1,2,development,0.1880761981010437,0.21508803963661194,0.18078503396423315,0.17478274612003103,0.19793702490960066,0.18863511612736686
58946,AOI-0043,2017-07-28,0.1876237364382111,зерновые,2017,2,2,development,0.15828916430473328,0.15246577560901642,0.22541975140359943,0.22958503359706595,0.205162371099472,0.215094307121161
58983,AOI-0043,2017-09-03,0.1468912287523596,зерновые,2017,0,2,development,0.1525123417377472,0.1525123417377472,0.18219951751689709,0.18746258595423698,0.21234447968878548,0.20169698594971805
59010,AOI-0043,2017-09-30,0.1685119690521525,зерновые,2017,0,2,development,0.15067049860954285,0.15207068622112274,0.19541186016748727,0.20258228544310655,0.17039078165504137,0.18338860511873012
59046,AOI-0043,2018-04-06,0.3300575873052728,зерновые,2018,1,2,development,0.2519274950027466,0.2519274950027466,0.285225990830385,0.2968770241950826,0.28480915325930084,0.2891831836560699
59054,AOI-0043,2018-04-14,0.3503762743065323,зерновые,2018,1,2,development,0.4114115834236145,0.4752762019634247,0.3481979056730344,0.3384949851642417,0.3169381449071487,0.3264488630751149
59116,AOI-0043,2018-06-15,0.2645570741863743,зерновые,2018,0,2,development,0.2571483850479126,0.21534018218517303,0.2807226215129344,0.27645998810241373,0.2637276156165195,0.2692633697499147
59127,AOI-0043,2018-06-26,0.1562128537284,зерновые,2018,1,2,development,0.18050001561641693,0.21534018218517303,0.23636969477575848,0.22149492184731687,0.2059712801435482,0.21325893012055913
59142,AOI-0043,2018-07-11,0.2001230442458196,зерновые,2018,1,2,development,0.13723933696746826,0.13788487017154694,0.2151581068252288,0.208483525830448,0.19485090977739275,0.20089546836078753
59175,AOI-0043,2018-08-13,0.2677411484519714,зерновые,2018,2,2,development,0.2382853478193283,0.242239311337471,0.2628826880499634,0.2671468392951589,0.25685053186694135,0.2608982069024989
59279,AOI-0043,2019-04-26,0.1844605227854278,зерновые,2019,0,2,development,0.2149815857410431,0.21552377939224243,0.21470424258375162,0.21595692251997256,0.21620663128911652,0.21603303405805233
59286,AOI-0043,2019-05-03,0.258013754196726,зерновые,2019,1,2,development,0.21567164361476898,0.21552377939224243,0.23952420360604176,0.2376192858435554,0.2630288145731596,0.2525604573139293
59289,AOI-0043,2019-05-06,0.209068224014694,зерновые,2019,0,2,development,0.21596738696098328,0.21552377939224243,0.22780131177445773,0.22303566146152104,0.2123692133747513,0.2170732015449338
59292,AOI-0043,2019-05-09,0.2820732204286849,зерновые,2019,2,2,development,0.22507403790950775,0.2295287847518921,0.3731517348645687,0.3513028869814508,0.3478337614861583,0.35049278583933385
59308,AOI-0043,2019-05-25,0.3138924847843345,зерновые,2019,2,2,development,0.2882205545902252,0.270280122756958,0.3047563326760456,0.3010834170316567,0.2557159399128877,0.27480017219405956
59329,AOI-0043,2019-06-15,0.192033646627857,зерновые,2019,0,2,development,0.1936054229736328,0.18581166863441467,0.19419141704780754,0.18985607741019486,0.19149084540449868,0.1910516781269973
59339,AOI-0043,2019-06-25,0.1499308213435482,зерновые,2019,0,2,development,0.23164688050746918,0.20084281265735626,0.1617394109139817,0.16396281181435915,0.15109249668694164,0.15632487483902222
59342,AOI-0043,2019-06-28,0.2140608568451818,зерновые,2019,1,2,development,0.16095773875713348,0.1629374623298645,0.20507386407404127,0.2017013502521003,0.21130169417093134,0.20749405146067956
59376,AOI-0043,2019-08-01,0.1867193714516505,зерновые,2019,0,2,development,0.14438846707344055,0.08669168502092361,0.1723772791032361,0.16858137450702487,0.17211134609212783,0.17085347353403552
59390,AOI-0043,2019-08-15,0.2192021073080085,зерновые,2019,1,2,development,0.15610866248607635,0.15610866248607635,0.21036576496452955,0.20133292673294212,0.22112786774119997,0.21339253857475673
59396,AOI-0043,2019-08-21,0.1749240068100934,зерновые,2019,0,2,development,0.1661437600851059,0.1661437600851059,0.15752643185162066,0.15247092544384405,0.16383201317825472,0.1593852425124771
59399,AOI-0043,2019-08-24,0.1695648416233728,зерновые,2019,0,2,development,0.16387516260147095,0.16655200719833374,0.18538657671051198,0.18615773322285903,0.2222180187904903,0.20716843471524557
59464,AOI-0043,2019-10-28,0.6855492424751687,зерновые,2019,0,2,development,0.6023611426353455,0.6023611426353455,0.5723814058170126,0.566321492822937,0.6006730781505344,0.5867145531579634
59476,AOI-0043,2020-04-10,0.7878900280589379,зерновые,2020,0,2,development,0.7730528116226196,0.7763732671737671,0.7602671794486394,0.7621838752036545,0.737907350954365,0.7479035469359152
59513,AOI-0043,2020-05-17,0.5512297770731719,зерновые,2020,0,2,development,0.7782807946205139,0.7879272103309631,0.7880939862021613,0.7970545345195477,0.739921338459337,0.7631992118151202
59520,AOI-0043,2020-05-24,0.8659243979888861,зерновые,2020,2,2,development,0.8007890582084656,0.7879272103309631,0.7796501132606193,0.7880414699194922,0.776199383348007,0.7806607697896977
59536,AOI-0043,2020-06-09,0.8106312142229635,зерновые,2020,0,2,development,0.7439638376235962,0.7451661825180054,0.652933877306016,0.6887476638123825,0.5976526001695058,0.6335701996625387
59541,AOI-0043,2020-06-14,0.7136547790112732,зерновые,2020,0,2,development,0.6645026803016663,0.6769446730613708,0.6577420633003571,0.6405190445902536,0.6891858657149152,0.6698909162342979
59552,AOI-0043,2020-06-25,0.3451596454088385,зерновые,2020,2,2,development,0.2841624617576599,0.2841624617576599,0.33840996853462824,0.32395855641918986,0.24916414208246068,0.28109410551707337
59590,AOI-0043,2020-08-02,0.10984696231408,зерновые,2020,1,2,development,0.14307479560375214,0.1518070250749588,0.11377568895016943,0.1122234872258021,0.11144445163414352,0.11185499188608786
59591,AOI-0043,2020-08-03,0.0167548006046255,зерновые,2020,0,2,development,0.13725332915782928,0.1518070250749588,0.14969614813571555,0.15417316519291321,0.1836021587154109,0.17110608765025417
59596,AOI-0043,2020-08-08,0.1375408690692621,зерновые,2020,0,2,development,0.13950319588184357,0.13487224280834198,0.15511752868259734,0.14624317920822638,0.16037866853391688,0.15498973591545234
59603,AOI-0043,2020-08-15,0.1574240760392914,зерновые,2020,0,2,development,0.19178779423236847,0.1916140764951706,0.10899773192982654,0.1104660905326674,0.12249590814242625,0.11740795591902345
59608,AOI-0043,2020-08-20,0.1458519388926677,зерновые,2020,0,2,development,0.1289619505405426,0.1281103789806366,0.12036374552545016,0.12327923423994352,0.12685399505004077,0.12520416617243613
59628,AOI-0043,2020-09-09,0.1493125795553416,зерновые,2020,0,2,development,0.13401976227760315,0.13212169706821442,0.13566881805032743,0.1321886411497609,0.13670402782401636,0.13501850712545876
59645,AOI-0043,2020-09-26,0.124511550410842,зерновые,2020,1,2,development,0.1260342001914978,0.125004842877388,0.116828346078131,0.1167659778093292,0.11187952021797215,0.11391651599645022
59694,AOI-0043,2021-04-15,0.1910102738324548,зерновые,2021,0,2,development,0.35004323720932007,0.35004323720932007,0.17373616561952665,0.17847290275531608,0.2074698773804209,0.19513914662307008
59701,AOI-0043,2021-04-22,0.211770290212418,зерновые,2021,0,2,development,0.44311121106147766,0.35004323720932007,0.21192967456753323,0.20848468782026455,0.22866921110024144,0.22046093437243924
59721,AOI-0043,2021-05-12,0.5723787384425915,зерновые,2021,0,2,development,0.6152088046073914,0.6152088046073914,0.47699750703311905,0.4844880620610669,0.47205380470538233,0.4768117328463967
59736,AOI-0043,2021-05-27,0.6729481866046707,зерновые,2021,0,2,development,0.6898241639137268,0.6947512626647949,0.6844607903485569,0.6790345380193218,0.7159078950367888,0.7008646737132072
59766,AOI-0043,2021-06-26,0.5003601979772045,зерновые,2021,0,2,development,0.49322566390037537,0.5130947232246399,0.4735366701108999,0.4712164296277234,0.5051851871714479,0.4911779611640802
59779,AOI-0043,2021-07-09,0.3393631817773448,зерновые,2021,0,2,development,0.31185999512672424,0.3271660804748535,0.32564738630597256,0.31257070689144195,0.29026924040227076,0.3002775021483282
59790,AOI-0043,2021-07-20,0.225212688048156,зерновые,2021,1,2,development,0.22925283014774323,0.22925283014774323,0.2642836930100129,0.26034668816940476,0.25170682191285365,0.2555213438668939
59819,AOI-0043,2021-08-18,0.2817895323791201,зерновые,2021,0,2,development,0.326665997505188,0.326665997505188,0.3266465438416252,0.3135282992491991,0.2843887939893669,0.2972450557485088
59821,AOI-0043,2021-08-20,0.1901434809773349,зерновые,2021,0,2,development,0.2974700331687927,0.326665997505188,0.2589113879682612,0.258608035384203,0.2616626063284308,0.260408303388731
59831,AOI-0043,2021-08-30,0.3657167060331002,зерновые,2021,0,2,development,0.3708176016807556,0.3273294270038605,0.34789038777451503,0.344994261940879,0.3328208421324185,0.3380479738664356
59931,AOI-0043,2022-05-09,0.3161371791479228,зерновые,2022,2,2,development,0.2247128188610077,0.22624284029006958,0.3853453157488709,0.3979376323797381,0.3818982125141173,0.3878726668609457
59957,AOI-0043,2022-06-04,0.2416930756364421,зерновые,2022,0,2,development,0.17778055369853973,0.19188639521598816,0.23574183542852425,0.23482832212021987,0.25143244812731147,0.24457336207706132
59964,AOI-0043,2022-06-11,0.1482237637480144,зерновые,2022,0,2,development,0.2606460452079773,0.2606460452079773,0.17056735145601323,0.16601135196673075,0.16734716671844577,0.1670446845659025
60012,AOI-0043,2022-07-29,0.1553039560122084,зерновые,2022,0,2,development,0.2134713977575302,0.2134713977575302,0.15618475812685637,0.16949573787523795,0.18818484789942838,0.17966685563680188
60014,AOI-0043,2022-07-31,0.1415465880197037,зерновые,2022,0,2,development,0.21114712953567505,0.2100958675146103,0.14654049835437824,0.14411744949883043,0.14682997377132737,0.14583592223449143
60022,AOI-0043,2022-08-08,0.1660331606300083,зерновые,2022,0,2,development,0.1893129199743271,0.17962226271629333,0.18360234219062735,0.1816648648031973,0.18488731041565454,0.18365404266125912
60027,AOI-0043,2022-08-13,0.203721010849431,зерновые,2022,2,2,development,0.17222818732261658,0.1686152070760727,0.2214726675579286,0.2183802713336893,0.2231330895624155,0.2213271903417621
60047,AOI-0043,2022-09-02,0.1531111605402332,зерновые,2022,0,2,development,0.14154137670993805,0.14785456657409668,0.17052610238704957,0.16110958149874535,0.17437893524134845,0.16938060772104596
60084,AOI-0043,2022-10-09,0.1311330591030437,зерновые,2022,0,2,development,0.1626841127872467,0.16462010145187378,0.15012390904195458,0.15312526646093794,0.16514490680536514,0.15997591781228976
60093,AOI-0043,2022-10-18,0.2285303993631157,зерновые,2022,1,2,development,0.20192347466945648,0.20192347466945648,0.23692044228420184,0.2390503498700119,0.20874046100826685,0.22123561555264615
60170,AOI-0043,2023-06-04,0.7650901737597335,зерновые,2023,0,2,development,0.8387829661369324,0.8362762331962585,0.7759191986174827,0.8151021660674892,0.7767649822958516,0.7905396872312485
60174,AOI-0043,2023-06-08,0.8560958052535637,зерновые,2023,1,2,development,0.8271562457084656,0.8303762674331665,0.8447218684702388,0.8386639262467966,0.8277800744925461,0.8326464193367087
60176,AOI-0043,2023-06-10,0.6465428155596719,зерновые,2023,2,2,development,0.8085247874259949,0.784142017364502,0.7338502824325958,0.7252446330043344,0.6906529553706918,0.7055271588056733
60189,AOI-0043,2023-06-23,0.4786600494422027,зерновые,2023,1,2,development,0.4242883026599884,0.4164641201496124,0.48937278321574934,0.5069395920352537,0.48045556281502666,0.4904998966028764
60196,AOI-0043,2023-06-30,0.2922943003022208,зерновые,2023,1,2,development,0.3193024694919586,0.3208702504634857,0.32672244344756135,0.3088234721924947,0.3289003231286883,0.3215408486488932
60207,AOI-0043,2023-07-11,0.1614441880040276,зерновые,2023,0,2,development,0.23869775235652924,0.2335185557603836,0.15320549524519034,0.14983437748150327,0.1548764396233849,0.15296567364531277
60232,AOI-0043,2023-08-05,0.1440497372183456,зерновые,2023,0,2,development,0.15987557172775269,0.16184817254543304,0.14088006464917513,0.14404038285665985,0.14737056670934942,0.1458089014101594
60261,AOI-0043,2023-09-03,0.1999327674378068,зерновые,2023,1,2,development,0.11540813744068146,0.11540813744068146,0.1730181722943252,0.16975121650433653,0.1705681170829035,0.17040988171255977
60269,AOI-0043,2023-09-11,0.2093740336553599,зерновые,2023,1,2,development,0.14503508806228638,0.11392711102962494,0.18168784323711595,0.183485639999043,0.18400514791151956,0.18368895048131428
60285,AOI-0043,2023-09-27,0.1769241506187489,зерновые,2023,0,2,development,0.16085326671600342,0.16093255579471588,0.19188959028657912,0.19422188873116675,0.21435181876406936,0.20584490346372156
60292,AOI-0043,2023-10-04,0.1270889171732238,зерновые,2023,0,2,development,0.17616364359855652,0.18150830268859863,0.15520172642502067,0.17206260510648705,0.16100338824128915,0.1646678672499226
60305,AOI-0043,2023-10-17,0.1500439491183877,зерновые,2023,0,2,development,0.21917538344860077,0.1417485773563385,0.17403565374666566,0.1589726882237755,0.13338294173548154,0.14487012546088932
60324,AOI-0043,2024-04-06,0.6339426221722948,зерновые,2024,0,2,development,0.7240874171257019,0.718225359916687,0.7386032075525021,0.7343745786799417,0.7171862157462671,0.7245744636784552
60332,AOI-0043,2024-04-14,0.8056312852896482,зерновые,2024,0,2,development,0.7558495402336121,0.7725158929824829,0.7716244161224481,0.7875609719063605,0.8025123781045512,0.7954038061212179
60356,AOI-0043,2024-05-08,0.91942418629267,зерновые,2024,2,2,development,0.8375261425971985,0.843465268611908,0.8668596035540801,0.8622531006056045,0.8835032966596889,0.8749161428712329
60380,AOI-0043,2024-06-01,0.6770154630662664,зерновые,2024,1,2,development,0.7510226964950562,0.7492112517356873,0.8034754143028929,0.816865070663324,0.7856811044611273,0.7979136947192387
60397,AOI-0043,2024-06-18,0.2893774579395982,зерновые,2024,0,2,development,0.3253413736820221,0.306138813495636,0.32417119194021843,0.31547538952350285,0.340827422410905,0.33076073105682435
60434,AOI-0043,2024-07-25,0.1629146149623654,зерновые,2024,0,2,development,0.17903077602386475,0.17396660149097443,0.14570447967039285,0.14484234318965591,0.14712594640862808,0.1462235679911275
60444,AOI-0043,2024-08-04,0.1301265102455057,зерновые,2024,0,2,development,0.14212457835674286,0.13867835700511932,0.1386440309607112,0.1319531632263674,0.12475107861237231,0.12812044160829605
60449,AOI-0043,2024-08-09,0.1214829218454039,зерновые,2024,0,2,development,0.1363808661699295,0.13867835700511932,0.12165444146607399,0.12002437501185959,0.12947005681409116,0.12562985506693228
60467,AOI-0043,2024-08-27,0.1438996064859543,зерновые,2024,0,2,development,0.1818811595439911,0.16773563623428345,0.1613315398117469,0.1508086276753595,0.14395253084389886,0.14739106415503966
60487,AOI-0043,2024-09-16,0.155669870731289,зерновые,2024,0,2,development,0.15967628359794617,0.15831823647022247,0.16577271171998553,0.16047253726183844,0.15003096081537143,0.1546710999676758
60500,AOI-0043,2024-09-29,0.1898341137924493,зерновые,2024,1,2,development,0.15678422152996063,0.1591084897518158,0.18934359796576677,0.19262212484031846,0.19877451553637646,0.1960317978345854
60527,AOI-0043,2024-10-26,0.1645427353039831,зерновые,2024,0,2,development,0.17699947953224182,0.17699947953224182,0.176890142621514,0.1640444474218665,0.16237238004389212,0.16378275392969766
70859,AOI-0053,2010-04-23,0.2831467000702177,озимая пшеница,2010,1,2,development,0.2550521194934845,0.25322970747947693,0.303662917871213,0.29678220501353325,0.27960620073683295,0.2871368260493907
70923,AOI-0053,2010-06-26,0.7134618268128989,озимая пшеница,2010,2,2,development,0.5244076251983643,0.5489839315414429,0.6419935426157183,0.6901338767039429,0.6700728991442005,0.6757436110338835
70987,AOI-0053,2010-08-29,0.3344721602603742,озимая пшеница,2010,1,2,development,0.3963400423526764,0.35585281252861023,0.35591228635584105,0.3469166350997228,0.37208115801410785,0.36210917888439487
71035,AOI-0053,2010-10-16,0.2983215583565233,озимая пшеница,2010,2,2,development,0.20462873578071594,0.23251235485076904,0.1592012089900739,0.15773975862091244,0.17365506813971976,0.1671131155677496
71082,AOI-0053,2011-05-03,0.2272352217348608,озимая пшеница,2011,1,2,development,0.36058440804481506,0.35094839334487915,0.23450142248003705,0.23080285756699628,0.24382763969826343,0.2386130343117549
71098,AOI-0053,2011-05-19,0.3778403980490964,озимая пшеница,2011,1,2,development,0.5195879340171814,0.510913610458374,0.30161759569262914,0.28951045081871,0.34910290412122624,0.3249766246019148
71115,AOI-0053,2011-06-05,0.4262087480586501,озимая пшеница,2011,1,2,development,0.45601391792297363,0.5644128322601318,0.41338065278958275,0.4045043466361589,0.43034524778384453,0.420085151583275
71168,AOI-0053,2011-07-28,0.6624001473236208,озимая пшеница,2011,2,2,development,0.5590569376945496,0.5680779218673706,0.5619371072568565,0.5705085569555725,0.5647691683027192,0.5666808654033095
71171,AOI-0053,2011-07-31,0.4596004583263929,озимая пшеница,2011,1,2,development,0.5319939851760864,0.5680779218673706,0.5377329716607284,0.5337994815112095,0.5656365940693652,0.552606200011309
71178,AOI-0053,2011-08-07,0.6007837245623038,озимая пшеница,2011,1,2,development,0.4688471257686615,0.5680779218673706,0.5025788655901569,0.49227667349867993,0.520741437035394,0.5094687198749336
71226,AOI-0053,2011-09-24,0.2595139838847226,озимая пшеница,2011,1,2,development,0.2883959710597992,0.29488682746887207,0.25341495549737797,0.24852082596069752,0.25982089299840994,0.25539053994892663
71385,AOI-0053,2012-08-01,0.4567208483316637,озимая пшеница,2012,1,2,development,0.4818447232246399,0.46412456035614014,0.4835218716113544,0.4781879915251614,0.4669390443527971,0.47191705019047403
71396,AOI-0053,2012-08-12,0.4289961204779833,озимая пшеница,2012,2,2,development,0.46412456035614014,0.46412456035614014,0.48079415122065855,0.4852446736911343,0.4668074774020439,0.47423266196374214
71410,AOI-0053,2012-08-26,0.3671718426535507,озимая пшеница,2012,1,2,development,0.4415716528892517,0.46412456035614014,0.39977441546032916,0.3935409300619297,0.4001928516855855,0.39777135110478
71460,AOI-0053,2012-10-15,0.3303310525454248,озимая пшеница,2012,2,2,development,0.20730122923851013,0.20541581511497498,0.31180670677667927,0.3085454438198386,0.3216008289566306,0.3163491633122749
71498,AOI-0053,2013-04-23,0.4776301686036993,озимая пшеница,2013,2,2,development,0.3882846534252167,0.3867885172367096,0.5071648788027041,0.5140782655942945,0.4899402495884945,0.49960086679426013
71577,AOI-0053,2013-07-11,0.5326465763096906,озимая пшеница,2013,1,2,development,0.5166147947311401,0.5520316362380981,0.5445821795630961,0.5545682585402428,0.5567803177838277,0.5553042876257778
71586,AOI-0053,2013-07-20,0.5318846281522365,озимая пшеница,2013,1,2,development,0.5896453857421875,0.7136809825897217,0.5989879624590537,0.5995760705481671,0.6069120861706431,0.6038264492071739
71594,AOI-0053,2013-07-28,0.5584268657519148,озимая пшеница,2013,1,2,development,0.7219500541687012,0.7136809825897217,0.5644932548509579,0.5591283022986858,0.6428711773070556,0.6083195348772901
71617,AOI-0053,2013-08-20,0.2686211860984063,озимая пшеница,2013,1,2,development,0.33001431822776794,0.3703582286834717,0.3190436451601364,0.3347817384452368,0.30359851325318127,0.3157001648082303
71665,AOI-0053,2013-10-07,0.2157654259134119,озимая пшеница,2013,1,2,development,0.2398236244916916,0.28431206941604614,0.22488113027498918,0.2299817685812068,0.20685377436888663,0.21619489836640227
71698,AOI-0053,2014-04-10,0.2785320992057163,озимая пшеница,2014,1,2,development,0.4028175175189972,0.3876201808452606,0.2885106351937244,0.2924222320690312,0.2828564053252682,0.2866196973646408
71825,AOI-0053,2014-08-15,0.465424546623021,озимая пшеница,2014,1,2,development,0.413957417011261,0.3742639720439911,0.43259443545066956,0.43790934311200874,0.4285105003252511,0.4321262427792357
71826,AOI-0053,2014-08-16,0.3748319665485271,озимая пшеница,2014,1,2,development,0.4007262587547302,0.3742639720439911,0.36116727870194393,0.3633395941188338,0.37156666606915223,0.3680220905079683
71834,AOI-0053,2014-08-24,0.3748479833737475,озимая пшеница,2014,1,2,development,0.3178688585758209,0.33739006519317627,0.3639294609618716,0.3549672581068953,0.3487909028514568,0.3518597444415986
71873,AOI-0053,2014-10-02,0.2443749382125127,озимая пшеница,2014,1,2,development,0.2708151936531067,0.2523505389690399,0.24599095809483365,0.24073897575218411,0.24806284613953175,0.24530711484222273
71898,AOI-0053,2014-10-27,0.2348920219674434,озимая пшеница,2014,1,2,development,0.1826067417860031,0.1826067417860031,0.18897230371120885,0.19848043946471994,0.22690470530639706,0.21454690445526461
71970,AOI-0053,2015-06-08,0.6941371937542066,озимая пшеница,2015,1,2,development,0.7080015540122986,0.7138711214065552,0.7021497994375615,0.6926822746127437,0.7151034289161347,0.7062993656066868
72009,AOI-0053,2015-07-17,0.6059475167842647,озимая пшеница,2015,1,2,development,0.5640586018562317,0.5790108442306519,0.6464699284698704,0.6424535218485341,0.6146517686379056,0.6264450334047951
72033,AOI-0053,2015-08-10,0.3483852757290613,озимая пшеница,2015,1,2,development,0.5006375312805176,0.5032411217689514,0.44077978878636653,0.4349604260882187,0.4601513743370932,0.44999171910281366
72065,AOI-0053,2015-09-11,0.1846378059561002,озимая пшеница,2015,1,2,development,0.23458778858184814,0.21838684380054474,0.208885606025225,0.21426079636958326,0.18699546769104283,0.19804309471972503
72074,AOI-0053,2015-09-20,0.1762502580311804,озимая пшеница,2015,1,2,development,0.20988504588603973,0.18366341292858124,0.18283431147927218,0.1779653848718237,0.17391574183305009,0.17587185435369726
72089,AOI-0053,2015-10-05,0.1965239366807818,озимая пшеница,2015,1,2,development,0.14723186194896698,0.19135232269763947,0.19933533050403998,0.20712691768365382,0.18658274676670544,0.19469891594820454
72152,AOI-0053,2016-05-08,0.6040912587984939,озимая пшеница,2016,2,2,development,0.5163618326187134,0.503783106803894,0.6109005161343607,0.6109151200846167,0.6409436465656637,0.6284462954394003
72184,AOI-0053,2016-06-09,0.7154712555246356,озимая пшеница,2016,2,2,development,0.6777107119560242,0.6453772783279419,0.6847769876620355,0.6800909515050405,0.7050562294325055,0.6949274475848723
72201,AOI-0053,2016-06-26,0.6152923277594093,озимая пшеница,2016,1,2,development,0.6532800197601318,0.6755418181419373,0.6737429024907353,0.6735941029038813,0.6689607261653879,0.6708972086230217
72217,AOI-0053,2016-07-12,0.5598029368020492,озимая пшеница,2016,1,2,development,0.5927348136901855,0.5112249255180359,0.6179594562254646,0.6178598585658124,0.6007499950981853,0.6078759002742689
72240,AOI-0053,2016-08-04,0.4760300393779018,озимая пшеница,2016,1,2,development,0.47011393308639526,0.45988911390304565,0.42704989530370274,0.43398949213976834,0.45249592719688264,0.4444083603097881
72344,AOI-0053,2017-04-17,0.5560120689925553,озимая пшеница,2017,1,2,development,0.5681529641151428,0.6047776937484741,0.5899888318037173,0.5920712370944194,0.5996394009304474,0.5963740348505842
72360,AOI-0053,2017-05-03,0.6450373503830118,озимая пшеница,2017,1,2,development,0.5976141095161438,0.5942175984382629,0.6671217809830553,0.6539797796006396,0.6293106162547853,0.6403078417478869
72385,AOI-0053,2017-05-28,0.6955443854078377,озимая пшеница,2017,1,2,development,0.7894667983055115,0.7595038414001465,0.7861924828137584,0.7830532775340581,0.7972943817064014,0.7915424830900406
72392,AOI-0053,2017-06-04,0.7401300991702984,озимая пшеница,2017,1,2,development,0.7295408248901367,0.7595038414001465,0.7719849174848806,0.7746358069767265,0.7668551222470762,0.7699456435356062
72408,AOI-0053,2017-06-20,0.721316058731408,озимая пшеница,2017,1,2,development,0.7320125102996826,0.7751345634460449,0.7282034457856729,0.7269348896946429,0.7467364311219327,0.7385664718413429
72432,AOI-0053,2017-07-14,0.5354516750252614,озимая пшеница,2017,1,2,development,0.48154017329216003,0.4946560263633728,0.45536705971393104,0.4677659626965821,0.45042343315384775,0.45695094237399103
72441,AOI-0053,2017-07-23,0.4135811049692123,озимая пшеница,2017,1,2,development,0.36963212490081787,0.3506928086280823,0.4276708842655932,0.4337887387393039,0.4156153468368769,0.4228380034371053
72473,AOI-0053,2017-08-24,0.1848782804601516,озимая пшеница,2017,1,2,development,0.2142970860004425,0.2266968935728073,0.23120161787953772,0.22884022708939408,0.2278782718700647,0.22840994577844503
72521,AOI-0053,2017-10-11,0.1416546767070926,озимая пшеница,2017,1,2,development,0.19733211398124695,0.18660740554332733,0.15898608655600516,0.1506107294940428,0.1395467647329709,0.1446169693530907
72528,AOI-0053,2017-10-18,0.0087273864895918,озимая пшеница,2017,1,2,development,0.17588269710540771,0.18660740554332733,0.023755525980990587,0.03311472837986422,0.09034399116669145,0.06600711449013918
72552,AOI-0053,2018-04-12,0.3842997868275438,озимая пшеница,2018,1,2,development,0.41229936480522156,0.4270308017730713,0.3798708711711757,0.38803050413920814,0.3810799490415521,0.38351858686064283
72569,AOI-0053,2018-04-29,0.5905991799117478,озимая пшеница,2018,1,2,development,0.6196332573890686,0.6188302636146545,0.6002494301404759,0.5980939539250143,0.6218882583207453,0.6121060228340194
72600,AOI-0053,2018-05-30,0.7353650771477918,озимая пшеница,2018,1,2,development,0.6894389986991882,0.7060802578926086,0.7008129704331165,0.7047756539352515,0.679382337860942,0.6897294862076129
72649,AOI-0053,2018-07-18,0.4944374194568418,озимая пшеница,2018,1,2,development,0.23037828505039215,0.30482858419418335,0.3369103330781499,0.32963094872856935,0.29277913594332916,0.3085201345671912
72657,AOI-0053,2018-07-26,0.3118455010156754,озимая пшеница,2018,1,2,development,0.3627343773841858,0.30482858419418335,0.2775189300922099,0.2740378643630942,0.27230094068581684,0.2732174032552379
72664,AOI-0053,2018-08-02,0.2418124803306839,озимая пшеница,2018,1,2,development,0.3707594871520996,0.3632403314113617,0.3048722896644394,0.3022251783623807,0.3013623163325962,0.3018686450812704
72680,AOI-0053,2018-08-18,0.2452659273230062,озимая пшеница,2018,1,2,development,0.2790040671825409,0.2971801161766052,0.2630713713325716,0.26025361161222726,0.265102348693612,0.26324125582452523
72707,AOI-0053,2018-09-14,0.2743620068751024,озимая пшеница,2018,2,2,development,0.19643118977546692,0.1967756599187851,0.27342793205723676,0.278552728198694,0.2820001715227809,0.280280435190427
72753,AOI-0053,2018-10-30,0.2015515889090668,озимая пшеница,2018,1,2,development,0.270786315202713,0.270786315202713,0.2174884441403897,0.21415263043749003,0.2663556575063216,0.24481662914934227
72816,AOI-0053,2019-06-02,0.545433039751224,озимая пшеница,2019,1,2,development,0.617705225944519,0.6254027485847473,0.6301968312240855,0.6183100643868701,0.6321468430756038,0.6270497843768942
72825,AOI-0053,2019-06-11,0.613093985556949,озимая пшеница,2019,1,2,development,0.6581277847290039,0.6187447309494019,0.6054121277129944,0.6043880907205066,0.6254267629458305,0.6167283635619312
72829,AOI-0053,2019-06-15,0.570844135310103,озимая пшеница,2019,0,2,development,0.613118588924408,0.6187447309494019,0.6056833914016972,0.6162202007963178,0.5994495422266292,0.6058426419367142
72840,AOI-0053,2019-06-26,0.5256924905903824,озимая пшеница,2019,1,2,development,0.4725576341152191,0.4725576341152191,0.5080575761059191,0.5219231088146596,0.5141297967029452,0.5166017654682491
72844,AOI-0053,2019-06-30,0.5236100692688247,озимая пшеница,2019,0,2,development,0.4706476926803589,0.4700113832950592,0.45817657926499245,0.4618126427175658,0.42078919615920574,0.4376590785247846
72884,AOI-0053,2019-08-09,0.3813300656149076,озимая пшеница,2019,0,2,development,0.33838582038879395,0.3429276943206787,0.33874140441909006,0.33839070850786407,0.31608114872383375,0.32538490370767664
72904,AOI-0053,2019-08-29,0.2748751422471496,озимая пшеница,2019,0,2,development,0.2556229531764984,0.24634277820587158,0.24727515090553434,0.24924141539359046,0.2370559226902197,0.24201761122195664
72920,AOI-0053,2019-09-14,0.2233232163879178,озимая пшеница,2019,1,2,development,0.168678879737854,0.168678879737854,0.2305584966538085,0.23868845310725426,0.2443030466164841,0.241514278493351
72924,AOI-0053,2019-09-18,-0.0134443230554128,озимая пшеница,2019,0,2,development,0.14200372993946075,0.13607457280158997,0.07170489536578618,0.07617018163276651,0.07500163405559733,0.07523955290641901
72996,AOI-0053,2020-04-30,0.3947889875733791,озимая пшеница,2020,0,2,development,0.4149671792984009,0.4149671792984009,0.36053714304419393,0.36075437664232124,0.37157194382566017,0.36705806942085467
73008,AOI-0053,2020-05-12,0.4575453541154758,озимая пшеница,2020,1,2,development,0.474712997674942,0.45162466168403625,0.4750963076702184,0.46415641285826875,0.46038810518126094,0.46256483221163436
73061,AOI-0053,2020-07-04,0.3763916312429147,озимая пшеница,2020,0,2,development,0.4140737056732178,0.4195843040943146,0.3905879846646427,0.3900332819155801,0.38257967080018757,0.38571238763292837
73068,AOI-0053,2020-07-11,0.4287952529055491,озимая пшеница,2020,2,2,development,0.3633689284324646,0.36764052510261536,0.3733693223803446,0.36015669228383584,0.3861991320984418,0.3760963697507209
73112,AOI-0053,2020-08-24,0.2413360451767029,озимая пшеница,2020,1,2,development,0.20243531465530396,0.21645662188529968,0.2461445489514562,0.24823006727038763,0.2460547768072193,0.24684403042158176
73116,AOI-0053,2020-08-28,0.2510508266492061,озимая пшеница,2020,2,2,development,0.2211304008960724,0.21645662188529968,0.2829449172151641,0.27344604603765116,0.2597647488121309,0.2659866657028721
73126,AOI-0053,2020-09-07,0.1096455402810842,озимая пшеница,2020,0,2,development,0.20781342685222626,0.1983667016029358,0.14396864748181684,0.1481369429056569,0.1516258561704697,0.14994206664206886
73136,AOI-0053,2020-09-17,0.1703913793237242,озимая пшеница,2020,0,2,development,0.20546433329582214,0.19032186269760132,0.1612123024511564,0.16070485630721837,0.16429873998490402,0.16283135161891435
73152,AOI-0053,2020-10-03,0.1312895330927447,озимая пшеница,2020,1,2,development,0.2038864940404892,0.2038864940404892,0.15315010255180242,0.15512637647390465,0.14975313773106452,0.15187931201069116
73166,AOI-0053,2020-10-17,0.1197012168861382,озимая пшеница,2020,0,2,development,0.1857903152704239,0.17818106710910797,0.13445361492724975,0.12871006987744368,0.14197087094942565,0.1367717956987563
73229,AOI-0053,2021-05-20,0.3207797997886148,озимая пшеница,2021,0,2,development,0.7132709622383118,0.7104675769805908,0.7170036693484408,0.7156172664593144,0.7215919982569671,0.719182698082143
73266,AOI-0053,2021-06-26,0.5758213782943198,озимая пшеница,2021,2,2,development,0.6545097827911377,0.6877574324607849,0.6278217154573429,0.6288557608145633,0.6483185685062918,0.6401614944011751
73269,AOI-0053,2021-06-29,0.3883686942730541,озимая пшеница,2021,0,2,development,0.7210050821304321,0.6877574324607849,0.6342420887405935,0.6320222508539738,0.6321539824890798,0.6322226387212595
73280,AOI-0053,2021-07-10,0.4933292261201233,озимая пшеница,2021,1,2,development,0.4545423090457916,0.46362176537513733,0.5082097273327115,0.5184350509277861,0.49895366752988296,0.506492176699117
73284,AOI-0053,2021-07-14,0.4209462055956706,озимая пшеница,2021,0,2,development,0.48124951124191284,0.47884684801101685,0.461290698033833,0.46058780537073957,0.4473254629154791,0.45288375866653924
73288,AOI-0053,2021-07-18,0.412757561132818,озимая пшеница,2021,1,2,development,0.4279375672340393,0.4279375672340393,0.4288765158465019,0.42217218529922884,0.4274532982293138,0.4256284577979521
73303,AOI-0053,2021-08-02,0.419576394987521,озимая пшеница,2021,1,2,development,0.3683905601501465,0.3875568211078644,0.4231123702604201,0.4315461369875648,0.41374007334092716,0.4206810430754262
73374,AOI-0053,2021-10-12,0.1636465803098906,озимая пшеница,2021,0,2,development,0.20581784844398499,0.19623810052871704,0.0424461465718287,0.04261372575690582,0.08143525280946998,0.06527013629776954
73376,AOI-0053,2021-10-14,0.28337507060873,озимая пшеница,2021,1,2,development,0.24413686990737915,0.19623810052871704,0.226549798896326,0.214996045013107,0.22847541578815678,0.22350857075009345
73431,AOI-0053,2022-05-09,0.698042461941398,озимая пшеница,2022,2,2,development,0.7894575595855713,0.6778728365898132,0.7562483084880305,0.7495356732550947,0.7693009423897417,0.7614489015058342
73437,AOI-0053,2022-05-15,0.4666193381177584,озимая пшеница,2022,1,2,development,0.7131955027580261,0.7131955027580261,0.64659378970774,0.6569410565877594,0.6556499897073296,0.6556117141757861
73447,AOI-0053,2022-05-25,0.6669354886233425,озимая пшеница,2022,2,2,development,0.7606693506240845,0.7183985114097595,0.6888698725285695,0.6966656391834352,0.7323241879227342,0.7170510493463775
73448,AOI-0053,2022-05-26,0.6290106164065712,озимая пшеница,2022,1,2,development,0.7888498902320862,0.7183985114097595,0.7125905624731996,0.7307198998548048,0.7877211041098359,0.7629913020184212
73487,AOI-0053,2022-07-04,0.363306166544609,озимая пшеница,2022,0,2,development,0.4364941716194153,0.4315158426761627,0.43562533987874197,0.44347959442546664,0.4198514114481864,0.4292475236179538
73488,AOI-0053,2022-07-05,0.3922055829921826,озимая пшеница,2022,1,2,development,0.42653751373291016,0.4315158426761627,0.4445507786136176,0.4539930125995282,0.4710853097272435,0.46344703660922076
73496,AOI-0053,2022-07-13,0.4144738682419758,озимая пшеница,2022,1,2,development,0.5470980405807495,0.5470980405807495,0.49064981263161356,0.4894982831210666,0.5435720249385305,0.5211329887692583
73507,AOI-0053,2022-07-24,0.159181089080766,озимая пшеница,2022,0,2,development,0.4343610405921936,0.4368545711040497,0.36380279079931754,0.37625827079984575,0.3564745003177868,0.3640147985107361
73597,AOI-0053,2022-10-22,0.1763116103918433,озимая пшеница,2022,0,2,development,0.15862450003623962,0.15862450003623962,0.15318037241992477,0.15489374158932293,0.16074929738305915,0.15821717009497194
73623,AOI-0053,2023-04-18,0.7201673812618399,озимая пшеница,2023,1,2,development,0.7065106630325317,0.681238055229187,0.713043252034736,0.7105957115203249,0.7088440318721236,0.7097091460308231
73689,AOI-0053,2023-06-23,0.5253785104994371,озимая пшеница,2023,1,2,development,0.5259095430374146,0.5259095430374146,0.550482863579606,0.5536574618541715,0.5513670086183402,0.5521436084750433
73736,AOI-0053,2023-08-09,0.2589053063015367,озимая пшеница,2023,1,2,development,0.16014796495437622,0.1617632955312729,0.23283662393590035,0.23534636192134284,0.23271641494617537,0.23367127945176897
73743,AOI-0053,2023-08-16,0.2371117424752648,озимая пшеница,2023,1,2,development,0.21557500958442688,0.19853517413139343,0.21010234327182864,0.2015115419055897,0.22647579686018643,0.2165646408384004
73750,AOI-0053,2023-08-23,0.1253300874712103,озимая пшеница,2023,0,2,development,0.21638251841068268,0.1943206489086151,0.1654541687130681,0.16685300044060666,0.16269478371006432,0.1643474396610779
73755,AOI-0053,2023-08-28,0.1577118512312943,озимая пшеница,2023,0,2,development,0.2708507180213928,0.26006564497947693,0.17222445041964693,0.1702692287621576,0.1651162119326398,0.16736942660469334
73759,AOI-0053,2023-09-01,0.2252603191076042,озимая пшеница,2023,1,2,development,0.18714666366577148,0.21864302456378937,0.21619771763167045,0.2173989534305013,0.2090946734672344,0.21248372790811726
73775,AOI-0053,2023-09-17,0.1607845817546585,озимая пшеница,2023,0,2,development,0.21713648736476898,0.22728203237056732,0.15659175396638744,0.14681617172272313,0.14881993623309148,0.1485298190720915
73799,AOI-0053,2023-10-11,0.2300744919123765,озимая пшеница,2023,1,2,development,0.18522970378398895,0.17525173723697662,0.1764776022045869,0.19123345277717918,0.2040524304485491,0.19789695647620392
73807,AOI-0053,2023-10-19,0.2021719404153319,озимая пшеница,2023,1,2,development,0.18192169070243835,0.18192169070243835,0.1935870028376413,0.18572010701849687,0.20073625523448835,0.1949247925303894
73840,AOI-0053,2024-04-22,0.4278096251432313,озимая пшеница,2024,2,2,development,0.23950356245040894,0.24800090491771698,0.4160186837106018,0.4212768923937019,0.4420051002413738,0.4330864563736807
73846,AOI-0053,2024-04-28,0.3831133392012125,озимая пшеница,2024,1,2,development,0.26499560475349426,0.24800090491771698,0.31859741626044946,0.32647046137319874,0.32409543284719367,0.3246458810310203
73856,AOI-0053,2024-05-08,0.541698363070879,озимая пшеница,2024,2,2,development,0.276812881231308,0.276812881231308,0.5182827458135276,0.5067916971205035,0.5161531068850032,0.512896486354203
73886,AOI-0053,2024-06-07,0.3742030286494013,озимая пшеница,2024,1,2,development,0.31483784317970276,0.32352983951568604,0.4355698398554582,0.4467858706789848,0.4218312392054603,0.431592363623743
73887,AOI-0053,2024-06-08,0.3894661576169816,озимая пшеница,2024,0,2,development,0.32352983951568604,0.32352983951568604,0.37317516498743797,0.3827594708260468,0.3509531127196942,0.3636563850708421
73888,AOI-0053,2024-06-09,0.4894807660828285,озимая пшеница,2024,2,2,development,0.3322218358516693,0.32352983951568604,0.5054397177055231,0.5245794923435044,0.5469889568876823,0.5365984952884737
73934,AOI-0053,2024-07-25,0.7739400038075553,озимая пшеница,2024,1,2,development,0.4901101291179657,0.4805646240711212,0.5451291409411382,0.5368411996303375,0.5244746351760801,0.530082061478065
73958,AOI-0053,2024-08-18,0.4504804728983653,озимая пшеница,2024,1,2,development,0.43484312295913696,0.43484312295913696,0.4340969573161498,0.43826627640616345,0.4390528537865992,0.43849359946900934
73998,AOI-0053,2024-09-27,0.2124911254872812,озимая пшеница,2024,1,2,development,0.18241849541664124,0.18241849541664124,0.21473635921609813,0.2183684106894813,0.21077498811130366,0.2137330026925693
74006,AOI-0053,2024-10-05,0.2091994519828151,озимая пшеница,2024,1,2,development,0.16450819373130798,0.16193567216396332,0.189783834950308,0.18884003363733143,0.18668599306366018,0.1876349074180821
74012,AOI-0053,2024-10-11,0.1437964645960124,озимая пшеница,2024,0,2,development,0.2074611932039261,0.2033374011516571,0.13848677970599438,0.1387317293000253,0.15831022156238292,0.15014889763367587
85106,AOI-0065,2010-04-23,0.8074872132923966,озимая пшеница,2010,2,2,development,0.7971884608268738,0.7831950783729553,0.8094638281810201,0.8151705070531832,0.7703825969849524,0.788703905156908
85107,AOI-0065,2010-04-24,0.842933683500472,озимая пшеница,2010,1,2,development,0.8011865615844727,0.7831950783729553,0.7729657967736121,0.7896489572538693,0.7335107415292911,0.7559449828218788
85154,AOI-0065,2010-06-10,0.6059755102040815,озимая пшеница,2010,2,2,development,0.643062174320221,0.6363052725791931,0.717707178124199,0.720453211975423,0.6845748230725162,0.6993530683332919
85155,AOI-0065,2010-06-11,0.5908604686788161,озимая пшеница,2010,1,2,development,0.6295483708381653,0.6363052725791931,0.7310146832580805,0.7345779166071339,0.7049770281256846,0.7170974003625811
85347,AOI-0065,2011-05-21,0.8503786760224444,озимая пшеница,2011,1,2,development,0.8488978147506714,0.841072142124176,0.7664200446529342,0.7563815093241593,0.7507960798028197,0.7536788746698058
85435,AOI-0065,2011-08-17,0.6227260858626148,озимая пшеница,2011,1,2,development,0.5580248236656189,0.48488420248031616,0.4824399139219295,0.4703218744545342,0.4689834932653038,0.4702145263897447
85463,AOI-0065,2011-09-14,0.3344744446451146,озимая пшеница,2011,2,2,development,0.22740232944488525,0.22740232944488525,0.3449778357448857,0.33908396829566495,0.3392322014112772,0.33949835604499334
85507,AOI-0065,2011-10-28,0.3032416367052351,озимая пшеница,2011,1,2,development,0.38869982957839966,0.38869982957839966,0.2571930728569406,0.27206594523022043,0.24906680037648932,0.2578107286181851
85547,AOI-0065,2012-05-08,0.5554692432725303,озимая пшеница,2012,2,2,development,0.3982638716697693,0.45332470536231995,0.5746303101038079,0.5485503407281107,0.5535826498567439,0.5529391082442348
85595,AOI-0065,2012-06-25,0.798309264944916,озимая пшеница,2012,2,2,development,0.7255723476409912,0.7255723476409912,0.7372776015371498,0.7444616213405832,0.7182264099074845,0.7287447328970856
85627,AOI-0065,2012-07-27,0.5966940220335922,озимая пшеница,2012,2,2,development,0.7151325941085815,0.7255663871765137,0.669738419022825,0.6664139451806562,0.6425987078808401,0.652694473489275
85754,AOI-0065,2013-05-02,0.8860980747691277,озимая пшеница,2013,1,2,development,0.8342375755310059,0.8336141705513,0.8024426037226582,0.797238526599508,0.831688457468151,0.8176414000978263
85794,AOI-0065,2013-06-11,0.5458003857332743,озимая пшеница,2013,1,2,development,0.5662581920623779,0.43194228410720825,0.45074198786518516,0.4740345069021597,0.47225920032011015,0.4717023723284015
85810,AOI-0065,2013-06-27,0.3117236560344235,озимая пшеница,2013,1,2,development,0.47863319516181946,0.47229358553886414,0.3134085646767821,0.3149160799943274,0.2997472439289754,0.30597598507575363
85898,AOI-0065,2013-09-23,0.1563729689175535,озимая пшеница,2013,1,2,development,0.28498339653015137,0.28658461570739746,0.19291686015115886,0.18417282125328382,0.18125853591017774,0.18295771367789432
86026,AOI-0065,2014-06-30,0.3808136998092216,озимая пшеница,2014,1,2,development,0.38836047053337097,0.3717922866344452,0.38638351601155396,0.40526116038649473,0.415549540750451,0.41021791677392755
86070,AOI-0065,2014-08-13,0.3117553548853169,озимая пшеница,2014,2,2,development,0.2932610809803009,0.2849079370498657,0.3305511566043178,0.3297418303622598,0.3282294859851078,0.32890387479676125
86086,AOI-0065,2014-08-29,0.2995302149178255,озимая пшеница,2014,2,2,development,0.260183185338974,0.260183185338974,0.3473224029464284,0.34675208436584287,0.338582147233565,0.34201383575462707
86134,AOI-0065,2014-10-16,0.5366251219071699,озимая пшеница,2014,2,2,development,0.4694826304912567,0.4694826304912567,0.5181445291514531,0.5187559751619844,0.5115979648686603,0.5145427994788327
86170,AOI-0065,2015-04-22,0.2299578121228924,озимая пшеница,2015,1,2,development,0.3686489760875702,0.3306349515914917,0.2687291636063718,0.2710033251583757,0.28000681629031776,0.2761334644286866
86250,AOI-0065,2015-07-11,0.7166228290205082,озимая пшеница,2015,1,2,development,0.7813250422477722,0.8133757710456848,0.7991473910878697,0.8027929212382975,0.8061438178186817,0.804546543193037
86282,AOI-0065,2015-08-12,0.4642809367275088,озимая пшеница,2015,1,2,development,0.5781156420707703,0.5002933144569397,0.5357603646190255,0.5216544319855224,0.5448551727600346,0.5359846887105489
86283,AOI-0065,2015-08-13,0.4391382337005599,озимая пшеница,2015,2,2,development,0.558660089969635,0.5002933144569397,0.48900211375231767,0.4740391296402371,0.47284329755007276,0.47417325632916363
86299,AOI-0065,2015-08-29,0.2963668412497743,озимая пшеница,2015,2,2,development,0.27038270235061646,0.28105154633522034,0.31306208291112814,0.3033955822056823,0.3189972074292062,0.3130421970931552
86415,AOI-0065,2016-05-24,0.8490061585696227,озимая пшеница,2016,2,2,development,0.8681007027626038,0.8661710619926453,0.8534136859888691,0.8490580223241025,0.8468764851426618,0.8480266250621857
86447,AOI-0065,2016-06-25,0.4712432725302508,озимая пшеница,2016,2,2,development,0.43912211060523987,0.5059153437614441,0.4451780253557264,0.4691011204332889,0.4830044343911709,0.4758877856124126
86479,AOI-0065,2016-07-27,0.4113290951778942,озимая пшеница,2016,2,2,development,0.3659649193286896,0.36215561628341675,0.4622615735057509,0.4490055551195765,0.46174214842379396,0.45717910176616955
86513,AOI-0065,2016-08-30,0.5707213193215559,озимая пшеница,2016,1,2,development,0.5696255564689636,0.5812245607376099,0.5109290637698066,0.5092087075980464,0.5268710561801478,0.5196164650297124
86545,AOI-0065,2016-10-01,0.2110201918525066,озимая пшеница,2016,1,2,development,0.2765989601612091,0.26088598370552063,0.2098569425275748,0.21270166505813703,0.20139644086761835,0.20594293707133654
86577,AOI-0065,2017-04-03,0.1892941059210007,озимая пшеница,2017,0,2,development,0.18247874081134796,0.24751801788806915,0.20341856153434812,0.21440343490444003,0.20671089855452363,0.20930116378918767
86613,AOI-0065,2017-05-09,0.6063272710854252,озимая пшеница,2017,2,2,development,0.38873952627182007,0.5127051472663879,0.5516029868902642,0.5482657664324414,0.5979573836100421,0.5774635707375086
86633,AOI-0065,2017-05-29,0.517974676527491,озимая пшеница,2017,1,2,development,0.5396679043769836,0.6067125797271729,0.654403784338297,0.6585714670126273,0.5893973166393025,0.6179527004338257
86667,AOI-0065,2017-07-02,0.8828862607341299,озимая пшеница,2017,0,2,development,0.9456764459609985,0.9292101860046387,0.8555503846232968,0.8378202489256619,0.8989384802004523,0.8744900149969688
86690,AOI-0065,2017-07-25,0.8130419582972401,озимая пшеница,2017,0,2,development,0.8103843331336975,0.8071337342262268,0.7755465016412794,0.7793352406944242,0.810288164830613,0.7971961865715416
86702,AOI-0065,2017-08-06,0.7194724105012156,озимая пшеница,2017,0,2,development,0.7174063324928284,0.7296085357666016,0.7274436194810537,0.6988940041208789,0.7210553075751821,0.7134208119358209
86710,AOI-0065,2017-08-14,0.5980453630253025,озимая пшеница,2017,0,2,development,0.5337763428688049,0.5276245474815369,0.6083001342953616,0.6231287292314786,0.5807612359881853,0.5975678733511958
86730,AOI-0065,2017-09-03,0.4938918871271141,озимая пшеница,2017,0,2,development,0.4593680500984192,0.4617564082145691,0.47454301992013437,0.4787191502327315,0.4429890827750538,0.45762605502246284
86794,AOI-0065,2018-04-07,0.7360748961531516,озимая пшеница,2018,2,2,development,0.7530441284179688,0.7717902660369873,0.7401019725037437,0.7383224421662984,0.7035932951825697,0.718145008671281
86817,AOI-0065,2018-04-30,0.8771161701081756,озимая пшеница,2018,1,2,development,0.8906487226486206,0.8512129783630371,0.8537156740226709,0.8690952676235243,0.8703671376459093,0.8689823616162882
86849,AOI-0065,2018-06-01,0.8396707395456443,озимая пшеница,2018,1,2,development,0.8852933645248413,0.8852933645248413,0.8391272653760541,0.8325261927037837,0.8213575475566152,0.8263726220495549
86868,AOI-0065,2018-06-20,0.423023693587213,озимая пшеница,2018,0,2,development,0.5563209056854248,0.5760442614555359,0.6210414160232082,0.61588506557899,0.578432534392369,0.5943054329033904
86873,AOI-0065,2018-06-25,0.4374741351810703,озимая пшеница,2018,1,2,development,0.5070125460624695,0.5760442614555359,0.532348085333593,0.5362704987307358,0.5516948849503499,0.5450577588102884
86958,AOI-0065,2018-09-18,0.1910253448123308,озимая пшеница,2018,0,2,development,0.19820930063724518,0.20354297757148743,0.16853183572991307,0.16797895344202982,0.16062150287978946,0.16371410069995493
87008,AOI-0065,2019-04-08,0.2055686295920496,озимая пшеница,2019,0,2,development,0.3812463581562042,0.3812463581562042,0.21999310032225264,0.19147829130463526,0.2023201271504314,0.19939435501409913
87056,AOI-0065,2019-05-26,0.4948170677889568,озимая пшеница,2019,0,2,development,0.6881411075592041,0.6687567234039307,0.5494376030498632,0.5087802222638861,0.513677456190172,0.5139009862219679
87061,AOI-0065,2019-05-31,0.6789459150201346,озимая пшеница,2019,0,2,development,0.6530633568763733,0.6813699007034302,0.6368583716096834,0.6258490556454539,0.6392292639766752,0.6342734019257519
87063,AOI-0065,2019-06-02,0.6995959199104737,озимая пшеница,2019,0,2,development,0.6813699007034302,0.6813699007034302,0.6446961870548679,0.6285065785043489,0.6551563305926905,0.6449664244097248
87066,AOI-0065,2019-06-05,0.7024577295515864,озимая пшеница,2019,0,2,development,0.7238297462463379,0.6813699007034302,0.6860804048605101,0.6762272333339129,0.6925965872587015,0.6863324657883914
87086,AOI-0065,2019-06-25,0.6136648283669618,озимая пшеница,2019,0,2,development,0.5449881553649902,0.5724564790725708,0.6126083188983086,0.6104572617078612,0.5823627788692494,0.5941741058142193
87098,AOI-0065,2019-07-07,0.496037511509399,озимая пшеница,2019,0,2,development,0.48522278666496277,0.5399478673934937,0.43567020223429953,0.4171271335535507,0.4511904980937543,0.4380462854768896
87119,AOI-0065,2019-07-28,0.6371060321473722,озимая пшеница,2019,2,2,development,0.5316240191459656,0.5493232011795044,0.612569671328117,0.6259208373681575,0.6128279836415785,0.6175339975327174
87145,AOI-0065,2019-08-23,0.3296996363781403,озимая пшеница,2019,1,2,development,0.33207419514656067,0.33223167061805725,0.29389863540008226,0.28739644198519704,0.32678876729629475,0.3107571118132916
87158,AOI-0065,2019-09-05,0.2657552734408841,озимая пшеница,2019,0,2,development,0.30869024991989136,0.3096831738948822,0.2919886472706191,0.29729178073618895,0.2934656893081097,0.29476295513225986
87193,AOI-0065,2019-10-10,0.2721941798697327,озимая пшеница,2019,0,2,development,0.2944786250591278,0.27900370955467224,0.26986054226139283,0.26877517809719154,0.27162310618271424,0.27049829772381795
87208,AOI-0065,2019-10-25,0.4233017533557968,озимая пшеница,2019,0,2,development,0.4893326163291931,0.48826342821121216,0.44061760776782505,0.4265345292696733,0.4132440890403579,0.41955834226226163
87220,AOI-0065,2020-04-07,0.5919746249611362,озимая пшеница,2020,0,2,development,0.5836454033851624,0.587522566318512,0.5917099671803688,0.5899389740022418,0.5376840029268805,0.5595287109942102
87225,AOI-0065,2020-04-12,0.4668235160257497,озимая пшеница,2020,0,2,development,0.5845099687576294,0.5764347314834595,0.5716166210089746,0.5702424710097844,0.5727307001494462,0.571771645943751
87255,AOI-0065,2020-05-12,0.6116771019722762,озимая пшеница,2020,0,2,development,0.5955259203910828,0.5750121474266052,0.6068783100536616,0.5970603415087296,0.5774628714681033,0.5861645862660316
87267,AOI-0065,2020-05-24,0.6883649087953767,озимая пшеница,2020,2,2,development,0.5899408459663391,0.5899408459663391,0.7137452477156565,0.7114702577566734,0.7217544631978098,0.7176011786256465
87283,AOI-0065,2020-06-09,0.7201090641517283,озимая пшеница,2020,0,2,development,0.6722331047058105,0.6758286952972412,0.6671714455338865,0.6685034265503047,0.6823060620953569,0.676487927717119
87303,AOI-0065,2020-06-29,0.3923794557688744,озимая пшеница,2020,0,2,development,0.43574151396751404,0.4362046718597412,0.4092634287855044,0.4083152677845033,0.3970764287606081,0.40180627516894407
87305,AOI-0065,2020-07-01,0.3655649889689232,озимая пшеница,2020,0,2,development,0.41677358746528625,0.3982688784599304,0.376501246597242,0.36654395529352257,0.36853763488609376,0.3682618220721193
87313,AOI-0065,2020-07-09,0.3616854293877836,озимая пшеница,2020,0,2,development,0.3261948227882385,0.3283058702945709,0.3263101731885517,0.34530338243049274,0.31707246903228437,0.32776443578794495
87320,AOI-0065,2020-07-16,0.299664848507847,озимая пшеница,2020,0,2,development,0.2975750267505646,0.29694294929504395,0.3155514385622535,0.3064401003688777,0.3076504561763019,0.30765357231486196
87331,AOI-0065,2020-07-27,0.4565736499909699,озимая пшеница,2020,2,2,development,0.28726881742477417,0.29167088866233826,0.3884109312526131,0.40351519403186936,0.4369037197109243,0.42216873339067595
87353,AOI-0065,2020-08-18,0.2752973216196244,озимая пшеница,2020,0,2,development,0.30592337250709534,0.29548221826553345,0.2741872631146649,0.2749164483243746,0.26964879319154694,0.2718003967885618
87385,AOI-0065,2020-09-19,0.2078803814668138,озимая пшеница,2020,0,2,development,0.2622085213661194,0.25300121307373047,0.14218628664390395,0.13852305615413527,0.18496886380425054,0.16584394677440412
87464,AOI-0065,2021-05-08,0.4946190764118567,озимая пшеница,2021,1,2,development,0.5580559968948364,0.5580559968948364,0.5232944569133636,0.5256504860738177,0.5199140904332834,0.5221702708351372
87497,AOI-0065,2021-06-10,0.7562367708145206,озимая пшеница,2021,2,2,development,0.5659899711608887,0.5659899711608887,0.7209446646388995,0.7015690806353866,0.7340802885941005,0.7216283227378284
87501,AOI-0065,2021-06-14,0.6650244938059086,озимая пшеница,2021,0,2,development,0.6222944855690002,0.6080284118652344,0.6270794536247006,0.6174262467313136,0.6285819729226129,0.6244764088075907
87533,AOI-0065,2021-07-16,0.5710540634015143,озимая пшеница,2021,0,2,development,0.6005480289459229,0.5967191457748413,0.5961744410120695,0.5910614791401889,0.5914265569468783,0.5915590330710554
87586,AOI-0065,2021-09-07,0.2703600334470951,озимая пшеница,2021,0,2,development,0.30441179871559143,0.2831578850746155,0.22225766097675667,0.22606317653321414,0.17325662504569514,0.1950206865855803
87588,AOI-0065,2021-09-09,0.2565466957277628,озимая пшеница,2021,0,2,development,0.2760732173919678,0.2831578850746155,0.22968374408682715,0.23283940758856644,0.18603064139757788,0.2053348387433696
87593,AOI-0065,2021-09-14,0.2303249528606887,озимая пшеница,2021,0,2,development,0.2605171203613281,0.25018584728240967,0.2621754358820644,0.2626480288678845,0.23602291351509316,0.24707681609321558
87598,AOI-0065,2021-09-19,0.2016909465316013,озимая пшеница,2021,0,2,development,0.25190773606300354,0.25018584728240967,0.17710619589246665,0.17600523657839925,0.19527411429194788,0.1873165035216111
87611,AOI-0065,2021-10-02,0.1889904438678849,озимая пшеница,2021,0,2,development,0.24919699132442474,0.22494366765022278,0.18754893214252058,0.17964054920358874,0.17406176202093634,0.176823304254091
87631,AOI-0065,2021-10-22,0.2305278312835732,озимая пшеница,2021,0,2,development,0.09898931533098221,0.08998751640319824,0.20083377339963288,0.1884766294928529,0.2024002568080338,0.1972932199977825
87632,AOI-0065,2021-10-23,0.243473205609514,озимая пшеница,2021,1,2,development,0.09448841214179993,0.08998751640319824,0.2310782980528345,0.23174067326391457,0.19911445484834822,0.21265519342252748
87636,AOI-0065,2021-10-27,0.254986810298627,озимая пшеница,2021,0,2,development,0.0764848068356514,0.08998751640319824,0.21324938726871995,0.20606659265175375,0.20765333533749636,0.20739254195316867
87678,AOI-0065,2022-05-09,0.8230263861296733,озимая пшеница,2022,2,2,development,0.9015901684761047,0.8708862066268921,0.8420772511494917,0.8380616795561506,0.833229716725851,0.8354639286552437
87684,AOI-0065,2022-05-15,0.8498302504391911,озимая пшеница,2022,0,2,development,0.8953128457069397,0.8929771184921265,0.7828286931005549,0.7785838633441262,0.7481522710684988,0.7610526639245119
87699,AOI-0065,2022-05-30,0.902611017591838,озимая пшеница,2022,0,2,development,0.8925243616104126,0.8907763361930847,0.8717977506512788,0.8623913104213915,0.8402738494737598,0.8500013815400427
87709,AOI-0065,2022-06-09,0.8841702196128518,озимая пшеница,2022,0,2,development,0.8385866284370422,0.8385866284370422,0.8919829401185256,0.8947368947975805,0.9160836386788935,0.9070468851453213
87744,AOI-0065,2022-07-14,0.2127141965309998,озимая пшеница,2022,0,2,development,0.3191981017589569,0.27684900164604187,0.21057846675764297,0.22057904252660462,0.2044492656333063,0.21060548651731503
87756,AOI-0065,2022-07-26,0.1725450803824963,озимая пшеница,2022,0,2,development,0.31076645851135254,0.31076645851135254,0.23072220260721507,0.23329896314530196,0.21527275726262915,0.22263113270376403
87759,AOI-0065,2022-07-29,0.2252695639649436,озимая пшеница,2022,0,2,development,0.32718008756637573,0.32718008756637573,0.23644814835066008,0.23145505834645994,0.22998359258639428,0.23087368876262188
87771,AOI-0065,2022-08-10,0.1541489241811801,озимая пшеница,2022,0,2,development,0.17535987496376038,0.17510126531124115,0.1753845479105609,0.16682983844724542,0.1740731419793261,0.17153465114801297
87799,AOI-0065,2022-09-07,0.1823360616163573,озимая пшеница,2022,0,2,development,0.20866215229034424,0.19654393196105957,0.1725297056646647,0.17125104297800456,0.17356599668061604,0.1726737405928294
87808,AOI-0065,2022-09-16,0.2226329248423904,озимая пшеница,2022,1,2,development,0.18459218740463257,0.18459218740463257,0.22580785525941577,0.21641634541167254,0.21622410659276206,0.21682650468072137
87822,AOI-0065,2022-09-30,0.266267328878454,озимая пшеница,2022,2,2,development,0.16508688032627106,0.17686320841312408,0.2506191142094946,0.2423793534803737,0.2584057986240402,0.25219463559438166
87856,AOI-0065,2023-04-04,0.5728890105664917,озимая пшеница,2023,1,2,development,0.5896956920623779,0.6007472276687622,0.539172238055436,0.5386589138468373,0.5697212956694778,0.5568230655480328
87937,AOI-0065,2023-06-24,0.6399122293403566,озимая пшеница,2023,0,2,development,0.6468766927719116,0.602748692035675,0.622248657658801,0.6291442351818103,0.6798095633678636,0.6583413422732158
87939,AOI-0065,2023-06-26,0.5184562807406644,озимая пшеница,2023,0,2,development,0.6115742921829224,0.602748692035675,0.6237070390306018,0.5868614868136522,0.6214008689980596,0.6090766231239916
87942,AOI-0065,2023-06-29,0.518206775468976,озимая пшеница,2023,0,2,development,0.5586206912994385,0.602748692035675,0.5652476296513351,0.5515651190122961,0.5892482908218244,0.5743273097335508
87949,AOI-0065,2023-07-06,0.4172772110034521,озимая пшеница,2023,0,2,development,0.4770055413246155,0.4866892695426941,0.4921458918879214,0.4674637063333619,0.48494221016114997,0.4790413643548474
87970,AOI-0065,2023-07-27,0.5566727897520621,озимая пшеница,2023,1,2,development,0.5353116393089294,0.5353116393089294,0.5572332753008562,0.5536912228326664,0.5827397582880668,0.570848072670739
87984,AOI-0065,2023-08-10,0.4393475344442972,озимая пшеница,2023,1,2,development,0.39081624150276184,0.38442984223365784,0.45315873712109406,0.4393653257661308,0.4553240796150339,0.4494500050199519
87994,AOI-0065,2023-08-20,0.2514758414369142,озимая пшеница,2023,0,2,development,0.27685320377349854,0.26978573203086853,0.27928493636349827,0.2750987586975652,0.27319205093637006,0.2742183915075569
88004,AOI-0065,2023-08-30,0.2267521225302999,озимая пшеница,2023,0,2,development,0.28847408294677734,0.2651844620704651,0.2242011938636509,0.22316005397628502,0.21992893373602662,0.22133149519853096
88022,AOI-0065,2023-09-17,0.2246644318503816,озимая пшеница,2023,0,2,development,0.234018012881279,0.23229475319385529,0.24074234390712718,0.24400349832758816,0.23107150229304335,0.2362718249115167
88027,AOI-0065,2023-09-22,0.1955192036785557,озимая пшеница,2023,0,2,development,0.2342282384634018,0.23534204065799713,0.23606619266994014,0.23143177991401184,0.23261540631924107,0.2323806198846384
88035,AOI-0065,2023-09-30,0.28192607661823,озимая пшеница,2023,2,2,development,0.22410407662391663,0.2155698984861374,0.29000876345053567,0.28753219018873627,0.2719280137867622,0.2785595366654795
88074,AOI-0065,2024-04-09,0.774806884581598,озимая пшеница,2024,0,2,development,0.7245761156082153,0.7248047590255737,0.7747522146796944,0.7718553017859364,0.7273494951583666,0.7460319737931688
88094,AOI-0065,2024-04-29,0.856164483480689,озимая пшеница,2024,0,2,development,0.8748745918273926,0.8715997338294983,0.7590104255667699,0.7713346177240067,0.8086071314403174,0.7924104415145539
88135,AOI-0065,2024-06-09,0.5187190716994763,озимая пшеница,2024,2,2,development,0.6255571842193604,0.5629562735557556,0.5113694736388146,0.4835078054942772,0.5285010067498144,0.5113266228554199
88159,AOI-0065,2024-07-03,0.1645634497110762,озимая пшеница,2024,0,2,development,0.15807963907718658,0.15831972658634186,0.16214314968849347,0.15777266926960765,0.16180992488801654,0.16037290366881427
88171,AOI-0065,2024-07-15,0.1500150311001277,озимая пшеница,2024,0,2,development,0.15415389835834503,0.1524195522069931,0.1584131021891098,0.15214260451981756,0.15045675140910786,0.1515071210754452
88186,AOI-0065,2024-07-30,0.1315087386051147,озимая пшеница,2024,0,2,development,0.18287420272827148,0.18287420272827148,0.135057581077334,0.13163813348172143,0.12774781950305508,0.12955699998782044
88196,AOI-0065,2024-08-09,0.1390712975175692,озимая пшеница,2024,0,2,development,0.13651558756828308,0.1369069665670395,0.14001522596756485,0.14099231907387616,0.141341859332835,0.14114204601459834
88224,AOI-0065,2024-09-06,0.1557958339292741,озимая пшеница,2024,0,2,development,0.13753338158130646,0.13776005804538727,0.1577249793498711,0.14412077173560003,0.13561599337780186,0.13991202982614176
88246,AOI-0065,2024-09-28,0.1416252813974203,озимая пшеница,2024,0,2,development,0.10034716129302979,0.10686641186475754,0.17410592724714496,0.1648739280245722,0.1707225480285056,0.16880213634388475
88247,AOI-0065,2024-09-29,0.1933543922117248,озимая пшеница,2024,1,2,development,0.11338566243648529,0.10686641186475754,0.20577165063841243,0.20193865998075067,0.1928875140617104,0.1968674066178291
19897,AOI-0019,2010-04-23,0.6982928408748073,подсолнечник,2010,1,3,audit,0.5897650122642517,0.556481659412384,0.6078363119811635,0.5794090308546953,0.5897899459770535,0.5870511198868225
19929,AOI-0019,2010-05-25,0.8458861563226616,подсолнечник,2010,2,3,audit,0.8020302653312683,0.8049429059028625,0.808426368157901,0.8103725043321854,0.8126649398018201,0.8116026773929632
19970,AOI-0019,2010-07-05,0.244621126753584,подсолнечник,2010,1,3,audit,0.3570663332939148,0.36179301142692566,0.3436072385481725,0.3493022400919506,0.33948505045242117,0.34325374779941714
19977,AOI-0019,2010-07-12,0.2770122642289409,подсолнечник,2010,1,3,audit,0.29089295864105225,0.36179301142692566,0.3357443948032205,0.3226290871622675,0.28805077669157353,0.30317026421015825
20057,AOI-0019,2010-09-30,0.3053725314838474,подсолнечник,2010,2,3,audit,0.23950478434562683,0.2603987753391266,0.31083447036352435,0.29502732272845006,0.30012755516582207,0.29888432763833594
20089,AOI-0019,2011-04-02,0.2901933930976555,подсолнечник,2011,1,3,audit,0.3845809996128082,0.3845809996128082,0.2666334499337625,0.2738270864620495,0.25372450931197726,0.26169016741330275
20210,AOI-0019,2011-08-01,0.41178210017896,подсолнечник,2011,1,3,audit,0.6451243758201599,0.5931594967842102,0.6017913407319311,0.6039689359972303,0.6112884587263587,0.6081212711475283
20238,AOI-0019,2011-08-29,0.4572666249329281,подсолнечник,2011,2,3,audit,0.4519057273864746,0.5152338743209839,0.45289603696141834,0.44977423968250885,0.4339687947949967,0.44071996685694603
20254,AOI-0019,2011-09-14,0.425163405473082,подсолнечник,2011,2,3,audit,0.30517905950546265,0.31413549184799194,0.3946871630055747,0.38123449570566614,0.37869689514029203,0.38050122793137325
20258,AOI-0019,2011-09-18,0.2843799794916651,подсолнечник,2011,1,3,audit,0.2554284632205963,0.26739242672920227,0.30075546219458354,0.29122331903046933,0.2832855263403029,0.28711910251539496
20266,AOI-0019,2011-09-26,0.2428723622401884,подсолнечник,2011,1,3,audit,0.2987259030342102,0.321798175573349,0.2595189836461981,0.2569183406208815,0.2814852761875152,0.27140626805330964
20352,AOI-0019,2012-05-22,0.7419652480006386,подсолнечник,2012,1,3,audit,0.7489191889762878,0.7323049306869507,0.6883375268632821,0.7005335045085607,0.6913807155629722,0.6945113061465136
20416,AOI-0019,2012-07-25,0.2544339512814927,подсолнечник,2012,1,3,audit,0.36703142523765564,0.3512837886810303,0.3160440476805603,0.309352211862571,0.30434800499155173,0.3068027627542742
20466,AOI-0019,2012-09-13,0.286392237524593,подсолнечник,2012,2,3,audit,0.23594143986701965,0.21763816475868225,0.3016329421874855,0.2989861914011478,0.3052395753247595,0.3027844185728764
20480,AOI-0019,2012-09-27,0.1951498691554028,подсолнечник,2012,1,3,audit,0.29520079493522644,0.255733460187912,0.19649129093341502,0.19213555562427062,0.19167030311110264,0.19210620557786245
20545,AOI-0019,2013-05-02,0.6376646988635536,подсолнечник,2013,1,3,audit,0.6092601418495178,0.6007539629936218,0.6103613473435089,0.6114500929056749,0.6103411388561012,0.6107420754820065
20584,AOI-0019,2013-06-10,0.4958237166875337,подсолнечник,2013,2,3,audit,0.540617823600769,0.5302390456199646,0.5622095613057263,0.5514696478037564,0.5593265953871115,0.5566542837619182
20601,AOI-0019,2013-06-27,0.5411307430615347,подсолнечник,2013,1,3,audit,0.5180328488349915,0.5018858909606934,0.5251126180009215,0.5135536542857374,0.5318092546796778,0.5248550448380883
20649,AOI-0019,2013-08-14,0.2983766018392038,подсолнечник,2013,1,3,audit,0.22835642099380493,0.23705632984638214,0.29871528368406464,0.29829712811644066,0.27852020656847454,0.2867737424245959
20656,AOI-0019,2013-08-21,0.2876193785119547,подсолнечник,2013,1,3,audit,0.24575623869895935,0.23705632984638214,0.2779967342799728,0.27931912283235527,0.2884496998877495,0.28457640228496245
20681,AOI-0019,2013-09-15,0.2788212814807113,подсолнечник,2013,1,3,audit,0.4467284381389618,0.37049049139022827,0.3563595221644024,0.3432754020910334,0.34448882446367624,0.34471164792854847
20733,AOI-0019,2014-04-07,0.5201380611697373,подсолнечник,2014,2,3,audit,0.36822763085365295,0.36822763085365295,0.5800951448470999,0.5581731686105016,0.5256657761568251,0.5404133049954927
20785,AOI-0019,2014-05-29,0.8833090602006871,подсолнечник,2014,1,3,audit,0.8709754943847656,0.8685724139213562,0.8857111520636142,0.887081415463631,0.8938232527414828,0.8909413795129297
20817,AOI-0019,2014-06-30,0.3464938151698052,подсолнечник,2014,1,3,audit,0.320055216550827,0.3024740517139435,0.34380679593256613,0.34584336617170186,0.354215289566039,0.35061798400863675
20841,AOI-0019,2014-07-24,0.202309434287268,подсолнечник,2014,1,3,audit,0.26476818323135376,0.2729472517967224,0.23095008755529906,0.22485695522302715,0.2359613698385798,0.2316791324126405
20893,AOI-0019,2014-09-14,0.2623620282597032,подсолнечник,2014,2,3,audit,0.17087028920650482,0.18507161736488342,0.25500841031949273,0.2460057781452443,0.24751868021501516,0.24738984333495737
20905,AOI-0019,2014-09-26,0.1601595287072552,подсолнечник,2014,1,3,audit,0.23883020877838135,0.229508638381958,0.17795076195683604,0.17273751621230382,0.17708838810118765,0.17556773201313572
20920,AOI-0019,2014-10-11,0.2051501096611455,подсолнечник,2014,1,3,audit,0.16404186189174652,0.1824922412633896,0.2048690214817011,0.20821354382879811,0.2166122939868412,0.21293107030834219
20925,AOI-0019,2014-10-16,0.2131957431586479,подсолнечник,2014,2,3,audit,0.16743990778923035,0.1757945418357849,0.23750948972719868,0.22489001040434814,0.2354821935076146,0.2317761480311576
20944,AOI-0019,2015-04-05,0.4019196615743257,подсолнечник,2015,1,3,audit,0.2886835038661957,0.2886835038661957,0.30310134242131703,0.31906745880601006,0.3378380605863902,0.3291384647686657
20969,AOI-0019,2015-04-30,0.4769507739615934,подсолнечник,2015,1,3,audit,0.421337753534317,0.47262901067733765,0.43366526844540454,0.4272714320275339,0.4497819976008735,0.4407697533073893
20984,AOI-0019,2015-05-15,0.6326277077906252,подсолнечник,2015,1,3,audit,0.6283328533172607,0.6234251856803894,0.5780897177396497,0.5751714902254695,0.6149241107008313,0.5985431605254159
20993,AOI-0019,2015-05-24,0.5662688224316665,подсолнечник,2015,1,3,audit,0.604558527469635,0.604558527469635,0.5832536666121397,0.582282048657728,0.582962685734324,0.5827334804562779
21089,AOI-0019,2015-08-28,0.1677743043125378,подсолнечник,2015,1,3,audit,0.24817204475402832,0.24817204475402832,0.19430301912928377,0.19344296824546484,0.20646697221329233,0.20109480010543362
21112,AOI-0019,2015-09-20,0.1676607957130998,подсолнечник,2015,1,3,audit,0.24140922725200653,0.23659759759902954,0.1495717754166394,0.15560486393596315,0.16742577988757343,0.16217085302251172
21113,AOI-0019,2015-09-21,0.2150497955397555,подсолнечник,2015,1,3,audit,0.23659759759902954,0.23659759759902954,0.208779545524767,0.20468684311760976,0.23279745000904215,0.22132671815194768
21167,AOI-0019,2016-04-15,0.5880377013851629,подсолнечник,2016,1,3,audit,0.5694119930267334,0.5694119930267334,0.5076644100990965,0.5094603962328679,0.5059406829367071,0.5073055306578347
21222,AOI-0019,2016-06-09,0.738963834734395,подсолнечник,2016,2,3,audit,0.6466336250305176,0.6479552984237671,0.6607468863229312,0.6579814111237994,0.6820496051090424,0.6721873197518996
21232,AOI-0019,2016-06-19,0.6833066845427479,подсолнечник,2016,1,3,audit,0.645429790019989,0.6225948333740234,0.6243863881880307,0.6347718946565036,0.6621857268326162,0.6501996203930407
21239,AOI-0019,2016-06-26,0.3936841785321514,подсолнечник,2016,1,3,audit,0.5807352066040039,0.5807352066040039,0.6010489051827769,0.6116823991612135,0.5964941021093075,0.6022233152283463
21248,AOI-0019,2016-07-05,0.8704981630716089,подсолнечник,2016,1,3,audit,0.6914321184158325,0.6724817752838135,0.6771433896291569,0.6794504293540796,0.6851487193763663,0.6826490165648458
21271,AOI-0019,2016-07-28,0.6101570357441716,подсолнечник,2016,1,3,audit,0.6127148270606995,0.5836619734764099,0.633497230651349,0.6369733076347035,0.6584239440593888,0.6493037874651868
21280,AOI-0019,2016-08-06,0.5739983266316868,подсолнечник,2016,1,3,audit,0.5753611922264099,0.5836619734764099,0.5714944404150385,0.5867973556496826,0.5898326456958094,0.5877182777730722
21302,AOI-0019,2016-08-28,0.4543979431228762,подсолнечник,2016,2,3,audit,0.4056280255317688,0.4380994439125061,0.4191250602133502,0.4159027957505008,0.4266172642917516,0.42233761487927923
21404,AOI-0019,2017-05-09,0.7553261133965302,подсолнечник,2017,2,3,audit,0.7104378342628479,0.7104378342628479,0.7624263938172446,0.7755088166006554,0.7661933788695409,0.7693423486988817
21432,AOI-0019,2017-06-06,0.7834052925634452,подсолнечник,2017,1,3,audit,0.7924631834030151,0.7859103679656982,0.8181695672478515,0.8063778618775823,0.8172670742535133,0.813391373982721
21448,AOI-0019,2017-06-22,0.7304638270082546,подсолнечник,2017,1,3,audit,0.7242475152015686,0.6415215730667114,0.7136973588227143,0.7091931161267853,0.7455000232685441,0.7306412470141108
21452,AOI-0019,2017-06-26,0.624542693614738,подсолнечник,2017,2,3,audit,0.613946259021759,0.6415215730667114,0.5927426157475344,0.5932332388348638,0.6149294860374599,0.6058731811441633
21479,AOI-0019,2017-07-23,0.3484080351399855,подсолнечник,2017,1,3,audit,0.44686493277549744,0.434076189994812,0.4242599085188062,0.4228506945755523,0.4212588486913405,0.4219996908748588
21495,AOI-0019,2017-08-08,0.249083355623955,подсолнечник,2017,1,3,audit,0.24338538944721222,0.24470776319503784,0.2765079509351181,0.2813330908097271,0.264788333730033,0.27140513130133875
21504,AOI-0019,2017-08-17,0.2273952408809333,подсолнечник,2017,1,3,audit,0.23108167946338654,0.23041501641273499,0.2514630449738448,0.2505611187050492,0.2377790377479705,0.2431485411169117
21513,AOI-0019,2017-08-26,0.2432788863329747,подсолнечник,2017,0,3,audit,0.28194740414619446,0.2625468969345093,0.22982104637934408,0.2286083208527406,0.23345018075007476,0.2315026708414899
21533,AOI-0019,2017-09-15,0.2317508460022828,подсолнечник,2017,0,3,audit,0.29680684208869934,0.2770930826663971,0.235588576627341,0.2395567231555907,0.238264328812433,0.23858144027115707
21535,AOI-0019,2017-09-17,0.2838319195566789,подсолнечник,2017,1,3,audit,0.25737932324409485,0.2770930826663971,0.2856155879051545,0.27917545657692083,0.28174578115632853,0.2810343545020962
21538,AOI-0019,2017-09-20,0.2194086775613245,подсолнечник,2017,0,3,audit,0.2295675426721573,0.2234940379858017,0.22229827217956316,0.23004504234258802,0.22362068459083742,0.22586330768333895
21601,AOI-0019,2018-04-23,0.4759975138615633,подсолнечник,2018,2,3,audit,0.25046321749687195,0.26507148146629333,0.43934584497903933,0.4387189994757131,0.4517785570793209,0.44637861722493594
21639,AOI-0019,2018-05-31,0.5112757227783633,подсолнечник,2018,0,3,audit,0.5601294636726379,0.5873434543609619,0.5270494639514713,0.5315387972980811,0.5233535186922476,0.5265101516954696
21665,AOI-0019,2018-06-26,0.4763111786800215,подсолнечник,2018,2,3,audit,0.5533714890480042,0.5054754018783569,0.48166353930379435,0.4945612880664532,0.4459410142967835,0.4654571832576737
21679,AOI-0019,2018-07-10,0.343026757755592,подсолнечник,2018,1,3,audit,0.40708214044570923,0.420792818069458,0.37064377256985986,0.36372904988126764,0.3754059410202253,0.3709311647429303
21713,AOI-0019,2018-08-13,0.3033566624932928,подсолнечник,2018,2,3,audit,0.3213149309158325,0.3270670771598816,0.32441374778856935,0.3219823189583189,0.3064637667586516,0.31305714551735286
21727,AOI-0019,2018-08-27,0.2395260626731934,подсолнечник,2018,1,3,audit,0.2732964754104614,0.26260343194007874,0.2458587000970107,0.2469799813287643,0.2352363746486,0.24006117150941275
21744,AOI-0019,2018-09-13,0.1856783534370889,подсолнечник,2018,0,3,audit,0.2213590294122696,0.2213590294122696,0.18568247979641606,0.19095039737602176,0.19238579387720653,0.19149542101314437
21767,AOI-0019,2018-10-06,0.2348056514607074,подсолнечник,2018,1,3,audit,0.19292958080768585,0.21878595650196075,0.2263004807445299,0.22666951857066764,0.2353595837125713,0.23172263713451835
21776,AOI-0019,2018-10-15,0.2170877707407066,подсолнечник,2018,1,3,audit,0.20150604844093323,0.20150604844093323,0.2155890483599558,0.21459699093598417,0.22083729236787175,0.21829553868985552
21792,AOI-0019,2019-04-01,0.3210210609395479,подсолнечник,2019,0,3,audit,0.3088747560977936,0.3088747560977936,0.3318544795971772,0.32361503661496827,0.3521009151624991,0.3407046717500817
21817,AOI-0019,2019-04-26,0.5892674288317374,подсолнечник,2019,0,3,audit,0.6125044822692871,0.6184709668159485,0.5828918676339444,0.5726252531158899,0.6025343814784021,0.5906586048590317
21840,AOI-0019,2019-05-19,0.7442412907313175,подсолнечник,2019,1,3,audit,0.8028314113616943,0.8019961714744568,0.8241668717510364,0.8330267453069315,0.7959156983335217,0.8108668426359342
21862,AOI-0019,2019-06-10,0.8168026840234346,подсолнечник,2019,0,3,audit,0.7851953506469727,0.7898082733154297,0.7584362639608893,0.760139445347198,0.7867316434723306,0.7755704135004864
21863,AOI-0019,2019-06-11,0.7050522587548744,подсолнечник,2019,1,3,audit,0.7759695053100586,0.7898082733154297,0.7353097923502394,0.7376820081398617,0.7265620604651201,0.731057735703764
21871,AOI-0019,2019-06-19,0.54574657555273,подсолнечник,2019,1,3,audit,0.48348626494407654,0.5022264719009399,0.5261815438351938,0.5294296697057699,0.5186763248692697,0.5229707143443109
21880,AOI-0019,2019-06-28,0.3817315164050414,подсолнечник,2019,1,3,audit,0.306286484003067,0.2958768308162689,0.3642238042601969,0.367891393002137,0.3584729765164161,0.36218849575368683
21904,AOI-0019,2019-07-22,0.2283066596336282,подсолнечник,2019,0,3,audit,0.2611233592033386,0.310001015663147,0.2496131701886066,0.2513779541692869,0.23064485067568843,0.2391748823419156
21928,AOI-0019,2019-08-15,0.272624059100308,подсолнечник,2019,1,3,audit,0.2270715981721878,0.21196117997169495,0.28873799217724505,0.2893406722333892,0.29263427605597103,0.2912301007546248
21974,AOI-0019,2019-09-30,0.0549150042286476,подсолнечник,2019,0,3,audit,0.20475532114505768,0.20776021480560303,0.11740087780590623,0.12889688663967228,0.1525754136159091,0.14208200427442183
21976,AOI-0019,2019-10-02,0.2296883344090918,подсолнечник,2019,1,3,audit,0.20715923607349396,0.20776021480560303,0.2337340343584032,0.22914532891929695,0.2669703209067124,0.2514844833630492
21983,AOI-0019,2019-10-09,0.260418954412202,подсолнечник,2019,1,3,audit,0.21557289361953735,0.20776021480560303,0.2652984219572206,0.2606510153990679,0.27814265120980924,0.27112191846900546
21987,AOI-0019,2019-10-13,0.223115491547089,подсолнечник,2019,0,3,audit,0.23033981025218964,0.22807899117469788,0.2336368775716595,0.22326928588598915,0.23542320040047063,0.23094197185194132
22022,AOI-0019,2020-04-18,0.6129842836230082,подсолнечник,2020,1,3,audit,0.4837738871574402,0.4501768946647644,0.5227072439000359,0.5427589229524716,0.5256019674048801,0.5316265681139716
22061,AOI-0019,2020-05-27,0.6035229997931602,подсолнечник,2020,0,3,audit,0.660029411315918,0.6830112338066101,0.644250389035218,0.6486456682961829,0.6295292816921828,0.6372401879606748
22102,AOI-0019,2020-07-07,0.3310809952297938,подсолнечник,2020,1,3,audit,0.2959083318710327,0.2795083522796631,0.3462589970972477,0.354535331302103,0.35607676473218214,0.35497492272520037
22106,AOI-0019,2020-07-11,0.2839896911273724,подсолнечник,2020,0,3,audit,0.27404168248176575,0.2795083522796631,0.2887401665682739,0.270016813309205,0.26581610184308924,0.26860572610514494
22110,AOI-0019,2020-07-15,0.299817823290689,подсолнечник,2020,1,3,audit,0.2661813497543335,0.2661813497543335,0.27545746428582907,0.27813119418461557,0.27596799644234676,0.2767194987041126
22118,AOI-0019,2020-07-23,0.337313638834546,подсолнечник,2020,1,3,audit,0.2896360158920288,0.25765520334243774,0.3164928304050819,0.31793150613016513,0.32168828217673884,0.3200448534373327
22131,AOI-0019,2020-08-05,0.3204734451536256,подсолнечник,2020,0,3,audit,0.18910518288612366,0.20446093380451202,0.2656570582916169,0.25770505724342907,0.28672092894084306,0.27508813714598596
22139,AOI-0019,2020-08-13,0.2005796909417168,подсолнечник,2020,0,3,audit,0.3322076201438904,0.31986191868782043,0.23090257032266212,0.2365074049745058,0.2524406405812405,0.24549817030580973
22146,AOI-0019,2020-08-20,0.251193947906753,подсолнечник,2020,0,3,audit,0.25705522298812866,0.2578278183937073,0.270299082854688,0.2624659367958289,0.26196429371809654,0.2626087691081148
22156,AOI-0019,2020-08-30,0.2475658688351483,подсолнечник,2020,0,3,audit,0.2737194001674652,0.2737194001674652,0.2278953136465407,0.22764765761298067,0.23925507001268262,0.2344383563089266
22176,AOI-0019,2020-09-19,0.1316302200496724,подсолнечник,2020,0,3,audit,0.20337824523448944,0.19490975141525269,0.11966841353916777,0.11423462315799589,0.13141488683730063,0.1245674754515765
22186,AOI-0019,2020-09-29,0.2352954212126632,подсолнечник,2020,2,3,audit,0.1438477486371994,0.1515847146511078,0.2352536993595772,0.2176183841156152,0.25408656335998553,0.23989108047595545
22202,AOI-0019,2020-10-15,0.2584344212591403,подсолнечник,2020,2,3,audit,0.1198497787117958,0.11715219914913177,0.2564009571857681,0.2506151880589723,0.2690535344139211,0.2617021435017383
22206,AOI-0019,2020-10-19,0.1939654905264439,подсолнечник,2020,0,3,audit,0.2162722796201706,0.19486424326896667,0.1374569984989636,0.14846127265368558,0.15538907425754261,0.1518939251457529
22224,AOI-0019,2021-04-07,0.3788169200500805,подсолнечник,2021,2,3,audit,0.209963858127594,0.20344267785549164,0.3807295229978347,0.3676543085674517,0.35643323252114667,0.36183024649045564
22267,AOI-0019,2021-05-20,0.5156300670215564,подсолнечник,2021,0,3,audit,0.5567873120307922,0.5509717464447021,0.4771803828059154,0.4907124371059636,0.4949294992483106,0.49242183330215594
22284,AOI-0019,2021-06-06,0.6750603363556603,подсолнечник,2021,0,3,audit,0.8237180113792419,0.7591244578361511,0.7373626127152032,0.7242833547950478,0.7166996068408437,0.720583151352609
22294,AOI-0019,2021-06-16,0.7936262440395091,подсолнечник,2021,0,3,audit,0.8003066778182983,0.8014088869094849,0.7899493771129407,0.7937474178805342,0.7803415795050066,0.7857092302911788
22309,AOI-0019,2021-07-01,0.6268456467532649,подсолнечник,2021,0,3,audit,0.5727499723434448,0.5524638295173645,0.6587443818478357,0.6740866509135045,0.6091495152348646,0.6353200623876534
22317,AOI-0019,2021-07-09,0.5913901616906506,подсолнечник,2021,0,3,audit,0.6213345527648926,0.6309410333633423,0.628061561625573,0.6198839199347989,0.6007674885170184,0.6091777742588228
22319,AOI-0019,2021-07-11,0.7546638492973659,подсолнечник,2021,0,3,audit,0.5381628274917603,0.5381628274917603,0.5459752068030408,0.5637232184335094,0.5415485304094377,0.5497894285290597
22336,AOI-0019,2021-07-28,0.3745314426408899,подсолнечник,2021,2,3,audit,0.3587593138217926,0.36900532245635986,0.4217944696050685,0.416523175882296,0.40005583840724923,0.4072020251498414
22337,AOI-0019,2021-07-29,0.4201614558479219,подсолнечник,2021,0,3,audit,0.3792513608932495,0.36900532245635986,0.3921683138722795,0.3860959750034035,0.3797819495625238,0.38274733650076964
22369,AOI-0019,2021-08-30,0.2593608163463392,подсолнечник,2021,0,3,audit,0.3204305171966553,0.2559526264667511,0.26075906572163127,0.25598554133841905,0.27164038682415337,0.26539105984723704
22372,AOI-0019,2021-09-02,0.268704763053816,подсолнечник,2021,0,3,audit,0.22371365129947662,0.2559526264667511,0.13755888854238002,0.13726506810946415,0.1785686620277144,0.16139628460886465
22377,AOI-0019,2021-09-07,0.2420494476626128,подсолнечник,2021,0,3,audit,0.2090766876935959,0.20076985657215118,0.241654126942968,0.24483020411411227,0.2123531143356487,0.22569196910441885
22415,AOI-0019,2021-10-15,0.1598354337313081,подсолнечник,2021,1,3,audit,0.24117469787597656,0.24117469787597656,0.19190534661828967,0.1703594014933452,0.18973676457594296,0.18287124649687725
22437,AOI-0019,2022-04-07,0.4635697130982223,подсолнечник,2022,0,3,audit,0.5284340977668762,0.5097694993019104,0.5241537598333833,0.48593192816768865,0.4767239864847233,0.48268198813466046
22447,AOI-0019,2022-04-17,0.728732379607574,подсолнечник,2022,1,3,audit,0.5122454166412354,0.525357186794281,0.5923789516648429,0.5851319616570316,0.5578428770880003,0.5696024911100068
22453,AOI-0019,2022-04-23,0.7437775889822928,подсолнечник,2022,2,3,audit,0.6695864796638489,0.525357186794281,0.753621618488611,0.7407010790893166,0.7971680193439583,0.7743876840723903
22470,AOI-0019,2022-05-10,0.8855920429366387,подсолнечник,2022,0,3,audit,0.8483632802963257,0.8585814237594604,0.8277614989839847,0.8335241903104426,0.8589372676610428,0.8480409276881624
22472,AOI-0019,2022-05-12,0.668720459120887,подсолнечник,2022,0,3,audit,0.8512827754020691,0.8585814237594604,0.8064382882425186,0.822044960246677,0.8110966943002964,0.8147847649231443
22486,AOI-0019,2022-05-26,0.8923428356634084,подсолнечник,2022,1,3,audit,0.7965688109397888,0.7965688109397888,0.891093736191872,0.8853165294943963,0.8774814202956459,0.8810633981826623
22551,AOI-0019,2022-07-30,0.2755716038808213,подсолнечник,2022,1,3,audit,0.18032893538475037,0.18032893538475037,0.2538541617656129,0.2530514045527723,0.24816602308035382,0.25024375469549
22558,AOI-0019,2022-08-06,0.3154125984678251,подсолнечник,2022,1,3,audit,0.23437751829624176,0.23967096209526062,0.275141441712589,0.2875721998322026,0.27845744755152163,0.28155914944851057
22559,AOI-0019,2022-08-07,0.3090797752986872,подсолнечник,2022,1,3,audit,0.23790648579597473,0.23967096209526062,0.2923527172844562,0.28700825746006986,0.28809598087611626,0.2879406009272002
22560,AOI-0019,2022-08-08,0.2520475647959607,подсолнечник,2022,0,3,audit,0.2414354532957077,0.23967096209526062,0.2255783452642554,0.2286816889924199,0.2277189436284068,0.22794697393780128
22575,AOI-0019,2022-08-23,0.3280077022789732,подсолнечник,2022,0,3,audit,0.34645554423332214,0.3369615077972412,0.30909306697800737,0.3142903278472225,0.30972589456798766,0.3113363145684951
22614,AOI-0019,2022-10-01,0.2377293158673314,подсолнечник,2022,1,3,audit,0.20420046150684357,0.20420046150684357,0.2248238717766705,0.22153505201435442,0.23882539702071529,0.23181286203450618
22631,AOI-0019,2022-10-18,0.2269503147330611,подсолнечник,2022,1,3,audit,0.1652914583683014,0.1652914583683014,0.247258377697957,0.25032852055664284,0.24318605335841847,0.24598765615638124
22645,AOI-0019,2023-04-02,0.1941598690639686,подсолнечник,2023,0,3,audit,0.27774855494499207,0.27774855494499207,0.21877131910376368,0.21659301673635234,0.2337805519929591,0.22674903002562086
22679,AOI-0019,2023-05-06,0.6732828221521874,подсолнечник,2023,1,3,audit,0.4878767430782318,0.49103501439094543,0.5241546201454386,0.554132383989701,0.5378950446558991,0.5429848097217289
22682,AOI-0019,2023-05-09,0.7455028617420856,подсолнечник,2023,2,3,audit,0.49166667461395264,0.49103501439094543,0.7259144506826406,0.7229170570785575,0.7296356235444168,0.7270063827691442
22710,AOI-0019,2023-06-06,0.4837389733836159,подсолнечник,2023,0,3,audit,0.8700169324874878,0.8117516040802002,0.7456782492272774,0.7413335332535751,0.750172509843115,0.74673579252727
22720,AOI-0019,2023-06-16,0.7748264155203036,подсолнечник,2023,0,3,audit,0.7970388531684875,0.7962815761566162,0.7087031468935252,0.705555363191962,0.6967463292125526,0.7005873513283531
22746,AOI-0019,2023-07-12,0.5945528885709177,подсолнечник,2023,2,3,audit,0.6700190901756287,0.699950635433197,0.6510604772363084,0.6381187031114137,0.638503360520421,0.6390631612437684
22750,AOI-0019,2023-07-16,0.5394738961767026,подсолнечник,2023,0,3,audit,0.5480125546455383,0.546302318572998,0.6548540028844776,0.6394107082531642,0.5896194002256989,0.6111993543466817
22759,AOI-0019,2023-07-25,0.6865039701607359,подсолнечник,2023,1,3,audit,0.5902518630027771,0.5902518630027771,0.6545353538020645,0.6538837750958233,0.6558895663401795,0.6550910887816818
22783,AOI-0019,2023-08-18,0.2745196162680332,подсолнечник,2023,0,3,audit,0.3183019459247589,0.29217928647994995,0.28508598784047434,0.28744267471614976,0.2906896516025403,0.2892073148341128
22785,AOI-0019,2023-08-20,0.2572995540926173,подсолнечник,2023,0,3,audit,0.29217928647994995,0.29217928647994995,0.26417387037959467,0.2568938616119872,0.27241673313869047,0.26636174947910773
22803,AOI-0019,2023-09-07,0.2116569255990983,подсолнечник,2023,0,3,audit,0.24360422790050507,0.24135540425777435,0.20016433611215834,0.2039433328971302,0.19920291626615058,0.20096546276817684
22815,AOI-0019,2023-09-19,0.1942649608043559,подсолнечник,2023,0,3,audit,0.24216274917125702,0.22646252810955048,0.19605181402796248,0.19322857381912528,0.20894046633575533,0.20255891558760236
22842,AOI-0019,2023-10-16,0.328534913253443,подсолнечник,2023,2,3,audit,0.17557823657989502,0.17544089257717133,0.25115713676856005,0.256582335463596,0.2775573188976991,0.26852668927879364
22867,AOI-0019,2024-04-11,0.7019542262050081,подсолнечник,2024,0,3,audit,0.7238292694091797,0.7238292694091797,0.7047603616631353,0.6932221187213502,0.6971629108604501,0.6961647357404519
22895,AOI-0019,2024-05-09,0.826639135148631,подсолнечник,2024,0,3,audit,0.8986648917198181,0.8734698295593262,0.8342865878695861,0.8434790814630097,0.8430320253534098,0.842706743569895
22910,AOI-0019,2024-05-24,0.8328519557679859,подсолнечник,2024,0,3,audit,0.8683212995529175,0.8402577638626099,0.8171025980301252,0.8091609466980929,0.8361823069900719,0.8253789665452842
22934,AOI-0019,2024-06-17,0.4401876806649156,подсолнечник,2024,1,3,audit,0.389136403799057,0.38754162192344666,0.4660177698813232,0.4743645197323699,0.4679899622663412,0.4701784871991983
22957,AOI-0019,2024-07-10,0.191323056376892,подсолнечник,2024,0,3,audit,0.18414278328418732,0.18492627143859863,0.17205530644333591,0.1705428060496887,0.18582821363478824,0.1795512378915689
22958,AOI-0019,2024-07-11,0.2839111071364693,подсолнечник,2024,2,3,audit,0.18570975959300995,0.18492627143859863,0.2811198571666951,0.2723909169818175,0.2845587811574316,0.2799805984200407
22962,AOI-0019,2024-07-15,0.1739071578921729,подсолнечник,2024,0,3,audit,0.18182019889354706,0.18006432056427002,0.17460719746492498,0.17725524301892126,0.18809657292654322,0.18343759714459845
22967,AOI-0019,2024-07-20,0.1654179514830631,подсолнечник,2024,0,3,audit,0.2275785356760025,0.18808196485042572,0.14799116828878953,0.14517680940443917,0.15457549661797773,0.150820727452939
22989,AOI-0019,2024-08-11,0.2616312260723679,подсолнечник,2024,1,3,audit,0.19800007343292236,0.1987113356590271,0.23322382507691164,0.23007993258331005,0.24003786558183074,0.2360686932638128
23002,AOI-0019,2024-08-24,0.1605221783043324,подсолнечник,2024,0,3,audit,0.16199660301208496,0.1666947603225708,0.1829425170113918,0.18643087860693966,0.18530626335566053,0.1855802403447055
23010,AOI-0019,2024-09-01,0.2250915901948768,подсолнечник,2024,0,3,audit,0.27511122822761536,0.26584410667419434,0.13621993305837374,0.1248129258714081,0.19073511766025467,0.16393573744462672
23029,AOI-0019,2024-09-20,0.2355573904979221,подсолнечник,2024,1,3,audit,0.1999017596244812,0.20356187224388123,0.2416898158860809,0.23949028286827714,0.24968517245299116,0.2455648599277554
23037,AOI-0019,2024-09-28,0.1937109414209404,подсолнечник,2024,0,3,audit,0.21669317781925201,0.20853905379772186,0.17804172255549564,0.17643159699758992,0.18508345159721923,0.1815724962684779
42868,AOI-0033,2010-05-25,0.5170047110247694,пастбища/зерновые,2010,2,3,audit,0.3281722366809845,0.31978967785835266,0.4765875321487494,0.4799306331391551,0.4918757311792441,0.4867187541105886
42871,AOI-0033,2010-05-28,0.3943698840400889,пастбища/зерновые,2010,1,3,audit,0.34493738412857056,0.31978967785835266,0.3413736894364144,0.35639610194375776,0.35226224663347594,0.35314696132733037
42910,AOI-0033,2010-07-06,0.2876739933360751,пастбища/зерновые,2010,1,3,audit,0.25826650857925415,0.2740461826324463,0.2499418710747621,0.2397994406261728,0.2719051402880702,0.2591083406094477
42958,AOI-0033,2010-08-23,0.1852715314348337,пастбища/зерновые,2010,1,3,audit,0.18978045880794525,0.18831227719783783,0.12322588800350844,0.12318505111116987,0.16798908554203457,0.14934590822840765
42959,AOI-0033,2010-08-24,0.1712592580899383,пастбища/зерновые,2010,1,3,audit,0.1927168071269989,0.18831227719783783,0.13520619255108252,0.1266113144884226,0.15243839814895851,0.14216839791211341
43012,AOI-0033,2010-10-16,0.2001,пастбища/зерновые,2010,2,3,audit,0.16994595527648926,0.17608733475208282,0.22754515524682914,0.22492101017119415,0.2297846356337145,0.22790657718887897
43033,AOI-0033,2011-04-07,0.261009373482273,пастбища/зерновые,2011,2,3,audit,0.2905242443084717,0.2905242443084717,0.2603414886830075,0.2709147393730631,0.25253946896666324,0.2595983098187843
43097,AOI-0033,2011-06-10,0.2863776104905294,пастбища/зерновые,2011,2,3,audit,0.19549047946929932,0.18976643681526184,0.2700367858701689,0.2639617682673539,0.28026499492589546,0.27381823524946025
43158,AOI-0033,2011-08-10,0.1420073740941937,пастбища/зерновые,2011,1,3,audit,0.144336998462677,0.1786876618862152,0.16561362945173244,0.16054606301394067,0.15879228359537917,0.15980400888010046
43166,AOI-0033,2011-08-18,0.1525768960390358,пастбища/зерновые,2011,1,3,audit,0.14032235741615295,0.17357899248600006,0.14115656020781137,0.14815163287952102,0.18371580712399677,0.16852648111951699
43175,AOI-0033,2011-08-27,0.1467669110433644,пастбища/зерновые,2011,1,3,audit,0.18739548325538635,0.200233593583107,0.14640847488488148,0.1433725351492138,0.16091396355383933,0.1537828725184225
43225,AOI-0033,2011-10-16,0.3716213211249183,пастбища/зерновые,2011,2,3,audit,0.3244682252407074,0.3244682252407074,0.3508547928481457,0.334590576495433,0.33342340443872015,0.33481381641037616
43254,AOI-0033,2012-04-15,0.5173642903240359,пастбища/зерновые,2012,1,3,audit,0.6799379587173462,0.6629030108451843,0.5600419547386886,0.5539218848600458,0.5406028093882443,0.5464860419776231
43293,AOI-0033,2012-05-24,0.7440380281690142,пастбища/зерновые,2012,2,3,audit,0.6785771250724792,0.6023473739624023,0.6338585875401911,0.6493003271504795,0.5758256182397534,0.605543591128153
43430,AOI-0033,2012-10-08,0.1668496448371432,пастбища/зерновые,2012,1,3,audit,0.16726233065128326,0.16866400837898254,0.11353543517776303,0.13578410856530942,0.13234376568431977,0.13253791509381577
43491,AOI-0033,2013-05-09,0.2707595434677027,пастбища/зерновые,2013,2,3,audit,0.18360872566699982,0.18402007222175598,0.28055923481111955,0.25920983427867844,0.2776847771029545,0.27118387357858686
43557,AOI-0033,2013-07-14,0.1441688518979291,пастбища/зерновые,2013,1,3,audit,0.21852460503578186,0.21609435975551605,0.1465179036118287,0.1370783528157658,0.13460018504177887,0.13615655746258745
43589,AOI-0033,2013-08-15,0.1476280088690269,пастбища/зерновые,2013,1,3,audit,0.20618286728858948,0.2099844068288803,0.16841221134176756,0.16383477748724054,0.1746036653400894,0.1703767494730178
43619,AOI-0033,2013-09-14,0.2357812530354541,пастбища/зерновые,2013,2,3,audit,0.24229910969734192,0.2382659614086151,0.29193349547391184,0.2844949727550899,0.31959736668475375,0.30540307280376766
43635,AOI-0033,2013-09-30,0.2516597863040311,пастбища/зерновые,2013,2,3,audit,0.22939302027225494,0.2382659614086151,0.29987263309731527,0.284092058761564,0.31159048748036877,0.3010246475127648
43661,AOI-0033,2013-10-26,0.2832875398905126,пастбища/зерновые,2013,1,3,audit,0.2910182476043701,0.2910182476043701,0.011712987181261215,-0.01780604207612166,0.26279336882091087,0.14766233627018902
43726,AOI-0033,2014-05-31,0.7510875474928892,пастбища/зерновые,2014,1,3,audit,0.6770026087760925,0.5834176540374756,0.6518512583046843,0.6401529459541488,0.6685174345990261,0.6573641057058459
43736,AOI-0033,2014-06-10,0.3499037882467218,пастбища/зерновые,2014,2,3,audit,0.4271567165851593,0.411416232585907,0.38298476675432613,0.37340745372299433,0.34351124617039286,0.35648545171743545
43773,AOI-0033,2014-07-17,0.1386311801259472,пастбища/зерновые,2014,1,3,audit,0.17929203808307648,0.16921848058700562,0.11003189975976076,0.10372526834347277,0.11434141155929975,0.11027424675220668
43822,AOI-0033,2014-09-04,0.1862489115413053,пастбища/зерновые,2014,1,3,audit,0.1476251482963562,0.1773585081100464,0.1584016717355488,0.15108439519448932,0.1658387005528859,0.160105632987686
43862,AOI-0033,2014-10-14,0.1467608427439688,пастбища/зерновые,2014,1,3,audit,0.20411044359207153,0.20510858297348022,0.15105564060492863,0.14381004878786613,0.1399452964992156,0.1419566662110628
43877,AOI-0033,2014-10-29,0.1853372568889844,пастбища/зерновые,2014,1,3,audit,0.14435431361198425,0.1737767904996872,0.18180555385225555,0.18138377549296641,0.18517807815887244,0.18362251909635618
43885,AOI-0033,2015-04-07,0.2305430305973773,пастбища/зерновые,2015,2,3,audit,0.16231895983219147,0.16231895983219147,0.22110194255121035,0.23579596785760384,0.22608430111254607,0.22930851947897296
43934,AOI-0033,2015-05-26,0.2009936490048971,пастбища/зерновые,2015,1,3,audit,0.2671787738800049,0.2716500759124756,0.20847120155748222,0.22015724244199128,0.22941719483590478,0.2249135853186248
43941,AOI-0033,2015-06-02,0.1853882879582241,пастбища/зерновые,2015,1,3,audit,0.2716500759124756,0.2716500759124756,0.21095870364791355,0.21477897809228136,0.2086490004421011,0.21098752446922311
43942,AOI-0033,2015-06-03,0.2377621022140453,пастбища/зерновые,2015,1,3,audit,0.27228882908821106,0.2716500759124756,0.22385447311841122,0.22515683891611427,0.2304034014143543,0.22814757188724935
43981,AOI-0033,2015-07-12,0.1889969776714669,пастбища/зерновые,2015,1,3,audit,0.13216806948184967,0.15452928841114044,0.19315685311924044,0.18618200903863336,0.19896011925964197,0.19403040873351443
44045,AOI-0033,2015-09-14,0.2178107333657115,пастбища/зерновые,2015,2,3,audit,0.1392958164215088,0.15726934373378754,0.19936283666103086,0.19038385904286628,0.21530809335010628,0.2054351842039295
44078,AOI-0033,2015-10-17,0.1540111086655951,пастбища/зерновые,2015,1,3,audit,0.21063588559627533,0.21063588559627533,0.1631863272127644,0.14040476983705527,0.17163532513995686,0.1599057651573507
44101,AOI-0033,2016-04-10,0.5203181334602535,пастбища/зерновые,2016,1,3,audit,0.5077494382858276,0.5085018873214722,0.4683166861978519,0.48650493428809843,0.4762035360617981,0.47947881052793506
44117,AOI-0033,2016-04-26,0.6742535086858115,пастбища/зерновые,2016,1,3,audit,0.7060670256614685,0.7110640406608582,0.6210808974956149,0.6071019727417067,0.6011232782044523,0.604388914185993
44164,AOI-0033,2016-06-12,0.6130746421980264,пастбища/зерновые,2016,1,3,audit,0.48201894760131836,0.49094223976135254,0.49543832615372563,0.4910408684397502,0.5209606323006424,0.5087539615017937
44181,AOI-0033,2016-06-29,0.213188587127398,пастбища/зерновые,2016,1,3,audit,0.2700406610965729,0.23585113883018494,0.1600430339538818,0.16660874833864103,0.19496933221191706,0.18280170330599008
44204,AOI-0033,2016-07-22,0.1609448972584442,пастбища/зерновые,2016,1,3,audit,0.20516951382160187,0.19428156316280365,0.09177182897302073,0.10350525022457142,0.1481473187978824,0.12891660877209227
44257,AOI-0033,2016-09-13,0.202099854298203,пастбища/зерновые,2016,2,3,audit,0.1788405478000641,0.1788405478000641,0.18579189257928405,0.1799589916726178,0.21096883791281504,0.19838836887664907
44276,AOI-0033,2016-10-02,0.2046462432291727,пастбища/зерновые,2016,1,3,audit,0.255461186170578,0.2655075490474701,0.18217497850298672,0.1876794231403142,0.20326850296665988,0.19647483917034483
44375,AOI-0033,2017-06-10,0.3469964060223409,пастбища/зерновые,2017,2,3,audit,0.2202387899160385,0.22228071093559265,0.3107320696302329,0.31166226744576,0.3271335655642168,0.3206433568864143
44413,AOI-0033,2017-07-18,0.126114338521809,пастбища/зерновые,2017,1,3,audit,0.19560836255550385,0.17525626718997955,0.14629100266640788,0.13384392382195517,0.12952818294046126,0.13201656351669708
44414,AOI-0033,2017-07-19,0.1356833160275754,пастбища/зерновые,2017,0,3,audit,0.1874675303697586,0.17525626718997955,0.11774095798274219,0.10844989830658255,0.12339801124102379,0.11769408001806189
44422,AOI-0033,2017-07-27,0.1526547754153091,пастбища/зерновые,2017,0,3,audit,0.22319532930850983,0.22319532930850983,0.1261058074631313,0.12585648101387092,0.14648107013712228,0.13791190095892272
44432,AOI-0033,2017-08-06,0.1400226882368643,пастбища/зерновые,2017,0,3,audit,0.16287028789520264,0.16383801400661469,0.12576920379521425,0.1228924773880302,0.14120347280353365,0.1337432660226795
44447,AOI-0033,2017-08-21,0.1525348046456692,пастбища/зерновые,2017,0,3,audit,0.14443698525428772,0.14637991786003113,0.10983206417588239,0.10249953010511682,0.12345979232590436,0.11514492988681385
44467,AOI-0033,2017-09-10,0.1488594543836854,пастбища/зерновые,2017,0,3,audit,0.15500113368034363,0.14918465912342072,0.11828500596254671,0.12072488284157926,0.1473292369468199,0.13612196997239975
44476,AOI-0033,2017-09-19,0.2449599459598658,пастбища/зерновые,2017,1,3,audit,0.1948515772819519,0.18849900364875793,0.2222149551756876,0.23453027985536373,0.2462585364137634,0.24069272483502074
44484,AOI-0033,2017-09-27,0.3074026071498074,пастбища/зерновые,2017,1,3,audit,0.37894266843795776,0.3444584012031555,0.3007321290002424,0.31830017390569854,0.3305500786934631,0.3244750010340101
44577,AOI-0033,2018-05-30,0.736090613027418,пастбища/зерновые,2018,0,3,audit,0.7488768696784973,0.7528400421142578,0.7108592492882372,0.7357233428702379,0.7649808532221177,0.7514221275198396
44592,AOI-0033,2018-06-14,0.3432943029848318,пастбища/зерновые,2018,0,3,audit,0.4045875370502472,0.3944511115550995,0.3814739420823523,0.3566803953065236,0.43950670758901283,0.40641720118974556
44628,AOI-0033,2018-07-20,0.2178749739355373,пастбища/зерновые,2018,1,3,audit,0.16102290153503418,0.17454320192337036,0.1600504815285169,0.16685350791433207,0.21228764025477062,0.19300155858909956
44668,AOI-0033,2018-08-29,0.147423118176766,пастбища/зерновые,2018,1,3,audit,0.15609866380691528,0.15609866380691528,0.14960090449191935,0.139043646605268,0.13546472637780302,0.13754135482624813
44700,AOI-0033,2018-09-30,0.113081427971904,пастбища/зерновые,2018,1,3,audit,0.17529188096523285,0.15897513926029205,0.162982645067602,0.15484493329295462,0.18701567514344355,0.1740802965792958
44707,AOI-0033,2018-10-07,0.1435594124512389,пастбища/зерновые,2018,0,3,audit,0.13192981481552124,0.14819681644439697,0.13170216237663088,0.13563314974451537,0.1313354465288497,0.13290530099306558
44716,AOI-0033,2018-10-16,0.2497277804759592,пастбища/зерновые,2018,2,3,audit,0.19152356684207916,0.1778746396303177,0.230308767882871,0.25869413089280296,0.2417962286989877,0.2472494669788805
44740,AOI-0033,2019-04-10,0.1782392066239534,пастбища/зерновые,2019,0,3,audit,0.35689571499824524,0.32036083936691284,0.2164530724235377,0.23083534552389096,0.22327067383825955,0.2256187492554916
44755,AOI-0033,2019-04-25,0.2065431221574346,пастбища/зерновые,2019,0,3,audit,0.22463446855545044,0.22336052358150482,0.23218262410836182,0.22932918145727843,0.21429320339018212,0.22070923048535096
44758,AOI-0033,2019-04-28,0.218487996791315,пастбища/зерновые,2019,0,3,audit,0.2886579632759094,0.30088934302330017,0.20617745704951312,0.20672530077356188,0.2088626068501657,0.2079426815420016
44778,AOI-0033,2019-05-18,0.1583418298178603,пастбища/зерновые,2019,0,3,audit,0.14100196957588196,0.1431221216917038,0.15654853730942064,0.16469106162488026,0.1421305458274857,0.15106630752035927
44781,AOI-0033,2019-05-21,0.1828164439766078,пастбища/зерновые,2019,1,3,audit,0.143417626619339,0.14886575937271118,0.19434056533461982,0.1937887841458685,0.1835289080359796,0.1878293051892437
44801,AOI-0033,2019-06-10,0.2431681398737251,пастбища/зерновые,2019,2,3,audit,0.15173250436782837,0.1587352752685547,0.20635088101784557,0.20492492856444294,0.24500591398566035,0.22840530604432846
44805,AOI-0033,2019-06-14,0.1338160783920825,пастбища/зерновые,2019,0,3,audit,0.16091307997703552,0.1562054604291916,0.17215992319196033,0.17422423268387904,0.19748243818187336,0.1876885803145888
44813,AOI-0033,2019-06-22,0.1333440996216938,пастбища/зерновые,2019,0,3,audit,0.17205680906772614,0.17852115631103516,0.13513651439996252,0.13628659684786268,0.13454092099634635,0.13520342112598155
44883,AOI-0033,2019-08-31,0.1530264526683298,пастбища/зерновые,2019,0,3,audit,0.17273670434951782,0.1830945909023285,0.14473589390858058,0.13653914834849068,0.14594204019090967,0.14248491312123895
44893,AOI-0033,2019-09-10,0.1557132543936541,пастбища/зерновые,2019,0,3,audit,0.17292465269565582,0.16523921489715576,0.13677574376727814,0.13130180423017646,0.1452112770835215,0.1397272568156691
44900,AOI-0033,2019-09-17,0.1492899884021583,пастбища/зерновые,2019,0,3,audit,0.14050184190273285,0.11955311894416809,0.13208949532639078,0.1240442027202499,0.11800271716022198,0.12096442941816757
44915,AOI-0033,2019-10-02,0.1213968984158699,пастбища/зерновые,2019,0,3,audit,0.19573749601840973,0.21341218054294586,0.14085350419479517,0.14409717738572872,0.13363222279464598,0.13780684473795538
44929,AOI-0033,2019-10-16,0.397300874210782,пастбища/зерновые,2019,2,3,audit,0.1972924768924713,0.2069575935602188,0.3259521517083019,0.3363215352395606,0.3445276467740891,0.3405358372461843
44933,AOI-0033,2019-10-20,0.2385974832269677,пастбища/зерновые,2019,0,3,audit,0.2310306280851364,0.23340202867984772,0.23736864031768642,0.23647115371037644,0.21185451451301576,0.22214878835205884
44956,AOI-0033,2020-04-13,0.6807221212811295,пастбища/зерновые,2020,1,3,audit,0.7012086510658264,0.7012086510658264,0.6225155169462836,0.6285019009067042,0.6761160085839149,0.655968143243717
44967,AOI-0033,2020-04-24,0.7101690932155299,пастбища/зерновые,2020,0,3,audit,0.5393804907798767,0.5920721888542175,0.6196434742524746,0.613603508849859,0.6174405414212182,0.6161797081925426
45000,AOI-0033,2020-05-27,0.7188293429687028,пастбища/зерновые,2020,0,3,audit,0.6642136573791504,0.6642136573791504,0.6119572376075367,0.6192107766406051,0.6125730140465636,0.6149318824260595
45002,AOI-0033,2020-05-29,0.66001146218978,пастбища/зерновые,2020,0,3,audit,0.6781687140464783,0.6642136573791504,0.5477733981815165,0.5436007833094146,0.549713715328213,0.5474018836504584
45004,AOI-0033,2020-05-31,0.6420583289873535,пастбища/зерновые,2020,1,3,audit,0.6674778461456299,0.6498094201087952,0.5484219518180172,0.5533637151773712,0.5842556752455186,0.5711249312712441
45011,AOI-0033,2020-06-07,0.583727808910374,пастбища/зерновые,2020,1,3,audit,0.5942540764808655,0.5942540764808655,0.5988569831057954,0.5960414057391067,0.6023554979794673,0.5998844679953421
45017,AOI-0033,2020-06-13,0.4040195698142315,пастбища/зерновые,2020,0,3,audit,0.4565148651599884,0.43827784061431885,0.40031812985131954,0.4134545652228254,0.3702341920926804,0.38748988548985186
45025,AOI-0033,2020-06-21,0.2168198840351593,пастбища/зерновые,2020,0,3,audit,0.3143610954284668,0.32418060302734375,0.2778653147200244,0.2575466415311654,0.22885421412733625,0.24192494125698627
45062,AOI-0033,2020-07-28,0.1207034506774563,пастбища/зерновые,2020,0,3,audit,0.1732357293367386,0.15732795000076294,0.08543824059932328,0.06761093346783714,0.06725544605016362,0.06839501687371262
45085,AOI-0033,2020-08-20,0.1174472017621335,пастбища/зерновые,2020,0,3,audit,0.15449216961860657,0.14495642483234406,0.1082032559897871,0.09829605253286566,0.11533547123657012,0.10879550406312727
45100,AOI-0033,2020-09-04,0.1209717320968895,пастбища/зерновые,2020,0,3,audit,0.12851668894290924,0.1217636689543724,0.10963670637948887,0.09865783167054346,0.11485247118768985,0.1087236746244866
45107,AOI-0033,2020-09-11,0.1252805772631435,пастбища/зерновые,2020,0,3,audit,0.12406545877456665,0.1209576278924942,0.12544655868340346,0.1094744941350563,0.12023256596702141,0.1166439704163297
45109,AOI-0033,2020-09-13,0.1835720738222439,пастбища/зерновые,2020,2,3,audit,0.12180507928133011,0.11332904547452927,0.15898477113312867,0.14491393863037286,0.17333268437342061,0.16228874602814813
45110,AOI-0033,2020-09-14,0.1341190107685062,пастбища/зерновые,2020,0,3,audit,0.11332904547452927,0.11332904547452927,0.11269059754420929,0.10563607300609713,0.11416474142301468,0.11100789198190766
45116,AOI-0033,2020-09-20,0.169523177379339,пастбища/зерновые,2020,1,3,audit,0.1305733621120453,0.1305733621120453,0.14741386639207724,0.14497697418779612,0.13851092215682698,0.14133735637327866
45163,AOI-0033,2021-04-07,0.2301766391452161,пастбища/зерновые,2021,2,3,audit,0.12049312889575958,0.10757233947515488,0.24415678066422092,0.24218024634653101,0.2223665082617263,0.23072204936328844
45193,AOI-0033,2021-05-07,0.2182294417475496,пастбища/зерновые,2021,0,3,audit,0.3515123426914215,0.30350369215011597,0.22201120733911744,0.24451867655640183,0.22043451681522763,0.229205310404562
45227,AOI-0033,2021-06-10,0.4924118504128217,пастбища/зерновые,2021,2,3,audit,0.4036538898944855,0.4008014500141144,0.448193420520544,0.47116696112474027,0.4607930497856087,0.46383232210036907
45240,AOI-0033,2021-06-23,0.3829603918586465,пастбища/зерновые,2021,0,3,audit,0.4029800593852997,0.3958689272403717,0.4065263815793871,0.39342859718720763,0.38754818350079107,0.3907239064793758
45251,AOI-0033,2021-07-04,0.1399280614118065,пастбища/зерновые,2021,1,3,audit,0.18766242265701294,0.17479568719863892,0.19631578154959112,0.20230325382174993,0.23256948849250045,0.2196409767317001
45258,AOI-0033,2021-07-11,0.136565689913803,пастбища/зерновые,2021,0,3,audit,0.19354234635829926,0.1801452785730362,0.15676061119976073,0.13971814637134813,0.16884460011496344,0.1576714403177007
45267,AOI-0033,2021-07-20,0.1522663173787876,пастбища/зерновые,2021,1,3,audit,0.1383482813835144,0.13772472739219666,0.12783791113338258,0.12860506106958738,0.1553791741642255,0.14419430542408462
45276,AOI-0033,2021-07-29,0.1452076540091242,пастбища/зерновые,2021,1,3,audit,0.1392928957939148,0.14016683399677277,0.1327977118864905,0.1336924061296555,0.15721042094417065,0.1473735010935477
45307,AOI-0033,2021-08-29,0.2072041009852972,пастбища/зерновые,2021,1,3,audit,0.14217370748519897,0.14324946701526642,0.17466280502623893,0.17769352098601698,0.21500461170559487,0.19930881151576066
45308,AOI-0033,2021-08-30,0.1483346827877322,пастбища/зерновые,2021,0,3,audit,0.14002220332622528,0.14324946701526642,0.11429883802964162,0.11470363880700239,0.13791761928947324,0.128234475038056
45318,AOI-0033,2021-09-09,0.163430797119862,пастбища/зерновые,2021,0,3,audit,0.18557129800319672,0.18557129800319672,0.1455877048250006,0.14622146740127365,0.16711445352170537,0.1583844681641623
45360,AOI-0033,2021-10-21,0.4199399182532423,пастбища/зерновые,2021,0,3,audit,0.4988628327846527,0.4988628327846527,0.33708017113136074,0.3305277060012757,0.3114435548480834,0.31975000755322414
45379,AOI-0033,2022-04-10,0.5490698922806183,пастбища/зерновые,2022,1,3,audit,0.5377909541130066,0.5138863921165466,0.5412988536745659,0.5409996531946608,0.5148043919631898,0.5257223388773813
45412,AOI-0033,2022-05-13,0.7051764595988529,пастбища/зерновые,2022,1,3,audit,0.7039622068405151,0.7061406970024109,0.6754361848241371,0.6603860058176882,0.6665666764363886,0.6648317126290952
45413,AOI-0033,2022-05-14,0.6560501235391254,пастбища/зерновые,2022,0,3,audit,0.7054145336151123,0.7061406970024109,0.6649531473573689,0.6530002286673704,0.6668010382440447,0.661722627947174
45440,AOI-0033,2022-06-10,0.3532082078678971,пастбища/зерновые,2022,2,3,audit,0.4170244634151459,0.4095345437526703,0.4668651374230849,0.44564516084356665,0.4312923002351718,0.4384456710929573
45459,AOI-0033,2022-06-29,0.2964259225083746,пастбища/зерновые,2022,1,3,audit,0.2742707133293152,0.2754766345024109,0.24790707791054636,0.2527905872397803,0.24102975702151144,0.24565244998102936
45467,AOI-0033,2022-07-07,0.245889986294348,пастбища/зерновые,2022,1,3,audit,0.1704159677028656,0.1704159677028656,0.22052025444745768,0.2238770910761543,0.22585045100227397,0.22484250433469588
45499,AOI-0033,2022-08-08,0.1913108552117985,пастбища/зерновые,2022,1,3,audit,0.1591119021177292,0.1591119021177292,0.11846233234388473,0.1191302544987321,0.15500260479644543,0.1400369733782944
45532,AOI-0033,2022-09-10,0.2175960222405765,пастбища/зерновые,2022,1,3,audit,0.1880730390548706,0.1880730390548706,0.14677991987871775,0.14684380265911653,0.1965266033819956,0.17584727529679406
45540,AOI-0033,2022-09-18,0.2077708655271605,пастбища/зерновые,2022,1,3,audit,0.18987016379833221,0.1934860497713089,0.140185767654698,0.1275003409807389,0.16825625050569265,0.15200107030904406
45566,AOI-0033,2022-10-14,0.1663818424842159,пастбища/зерновые,2022,0,3,audit,0.18657584488391876,0.18657584488391876,0.16970831043790674,0.17364924320227196,0.18862060719069534,0.18217097865088977
45568,AOI-0033,2022-10-16,0.2220573614699424,пастбища/зерновые,2022,0,3,audit,0.18657584488391876,0.18657584488391876,0.3180786743638895,0.2149621590319109,0.195544217114007,0.20936089329394286
45586,AOI-0033,2023-04-04,0.1628962886277126,пастбища/зерновые,2023,0,3,audit,0.21887242794036865,0.21887242794036865,0.2070755589113606,0.19083737530618713,0.1633089326545208,0.17566828636914805
45614,AOI-0033,2023-05-02,0.2122930253443346,пастбища/зерновые,2023,0,3,audit,0.18349087238311768,0.18004672229290009,0.19513894252095604,0.2182278155613174,0.17003189026683466,0.18880458936164712
45663,AOI-0033,2023-06-20,0.1752024106529798,пастбища/зерновые,2023,1,3,audit,0.14574331045150757,0.14425723254680634,0.2331104888217886,0.23319817276087781,0.22184292934029023,0.22656359986400498
45668,AOI-0033,2023-06-25,0.2155222019355782,пастбища/зерновые,2023,1,3,audit,0.15791645646095276,0.1601162850856781,0.22405944193240593,0.21733971009648473,0.2244677951977417,0.22187518368214995
45669,AOI-0033,2023-06-26,0.1308544887255901,пастбища/зерновые,2023,0,3,audit,0.16231611371040344,0.1601162850856781,0.20183583661268137,0.18302801664122098,0.1691245901610281,0.1759567518045821
45675,AOI-0033,2023-07-02,0.2492739330422719,пастбища/зерновые,2023,1,3,audit,0.1788989156484604,0.18987342715263367,0.23096556429732626,0.23671623873329894,0.23188900672633828,0.2335780086015094
45686,AOI-0033,2023-07-13,0.1344010017596999,пастбища/зерновые,2023,0,3,audit,0.2547575831413269,0.24196910858154297,0.16135906504817876,0.16019956990262899,0.150763223618124,0.15475470794780066
45692,AOI-0033,2023-07-19,0.2272777363416784,пастбища/зерновые,2023,1,3,audit,0.20068177580833435,0.189629465341568,0.170962712162301,0.1626858606701778,0.1601055352433991,0.1616397467234051
45704,AOI-0033,2023-07-31,0.1493795962265928,пастбища/зерновые,2023,0,3,audit,0.23213620483875275,0.2165222465991974,0.14581276847683436,0.1341895608348165,0.15871173911191633,0.14915323145805082
45769,AOI-0033,2023-10-04,0.1418579180232601,пастбища/зерновые,2023,0,3,audit,0.15326251089572906,0.15223532915115356,0.14214479193140037,0.15485988272325515,0.1372550633512258,0.14387413819874095
45779,AOI-0033,2023-10-14,0.1882171559205751,пастбища/зерновые,2023,0,3,audit,0.21334443986415863,0.20227022469043732,0.1862269132987484,0.18014456858556044,0.185403429823498,0.18355325198693945
45781,AOI-0033,2023-10-16,0.2953002428363283,пастбища/зерновые,2023,2,3,audit,0.23076695203781128,0.24981190264225006,0.22458815483471875,0.20390865970561353,0.2858579999715214,0.25290460883210614
45795,AOI-0033,2023-10-30,0.3248710214709857,пастбища/зерновые,2023,1,3,audit,0.3792744576931,0.3792744576931,0.30268997506788897,0.2923600955513215,0.32858030730351073,0.31408165720480796
45803,AOI-0033,2024-04-08,0.583553685574282,пастбища/зерновые,2024,0,3,audit,0.6567214131355286,0.6526044607162476,0.5487792668478899,0.5520280598905093,0.6171641437602753,0.5898766870657829
45818,AOI-0033,2024-04-23,0.7943911071465384,пастбища/зерновые,2024,0,3,audit,0.7628808617591858,0.7994228005409241,0.7309182701414119,0.7296789282571524,0.7512722161864188,0.7423549865829926
45823,AOI-0033,2024-04-28,0.7204246116257284,пастбища/зерновые,2024,0,3,audit,0.8085582852363586,0.7994228005409241,0.7551939287305982,0.7678331735935506,0.7842229965514442,0.7766992302573196
45831,AOI-0033,2024-05-06,0.8459091435606422,пастбища/зерновые,2024,0,3,audit,0.7749725580215454,0.7925044894218445,0.8221969192835766,0.81802690246256,0.8691980174762792,0.8481348271009326
45893,AOI-0033,2024-07-07,0.1102800293632316,пастбища/зерновые,2024,0,3,audit,0.1566646546125412,0.16512657701969147,0.1524246434937826,0.14100446388063154,0.1305314919487043,0.13552511794672834
45903,AOI-0033,2024-07-17,0.1002111967138127,пастбища/зерновые,2024,0,3,audit,0.10472884774208069,0.10422609001398087,0.13952839116561944,0.12453244903298782,0.10780484651299746,0.11560027146004072
45908,AOI-0033,2024-07-22,0.1162924238268463,пастбища/зерновые,2024,0,3,audit,0.1661330610513687,0.15696987509727478,0.12297673538217715,0.10413702013595975,0.10174125174235951,0.10378621143940828
45911,AOI-0033,2024-07-25,0.1293373717161827,пастбища/зерновые,2024,0,3,audit,0.1523882895708084,0.15696987509727478,0.11541555976803258,0.10055459435217348,0.12200811330874065,0.11390674358844982
45918,AOI-0033,2024-08-01,0.1464902129023726,пастбища/зерновые,2024,0,3,audit,0.1312134563922882,0.1326957494020462,0.14846293922971082,0.13258166032436475,0.12910120981090953,0.1314330048607656
45928,AOI-0033,2024-08-11,0.1282731087785611,пастбища/зерновые,2024,0,3,audit,0.17183806002140045,0.1626701056957245,0.15155290035873203,0.13078834052278224,0.1315035841988094,0.13236094714044458
45945,AOI-0033,2024-08-28,0.1893365225837785,пастбища/зерновые,2024,2,3,audit,0.12844739854335785,0.14787590503692627,0.17143279068880604,0.1670816987155291,0.19018979263353927,0.18081525721094466
45976,AOI-0033,2024-09-28,0.1361157617928399,пастбища/зерновые,2024,0,3,audit,0.170571431517601,0.1599576771259308,0.12595054116829052,0.11222584149965115,0.13214754824680366,0.12462044665387023
46001,AOI-0033,2024-10-23,0.141773182633099,пастбища/зерновые,2024,0,3,audit,0.14914745092391968,0.1676851063966751,0.14973175561820828,0.14954991961628808,0.13760910235441465,0.14258845457572455
53284,AOI-0040,2010-04-07,0.2456778756476684,зерновые,2010,2,3,audit,0.3178965747356415,0.3178965747356415,0.2651796431614546,0.2739422710098982,0.27626153385965446,0.2748089440228224
53311,AOI-0040,2010-05-04,0.211864127997997,зерновые,2010,1,3,audit,0.35541725158691406,0.32626497745513916,0.24632582723543922,0.2512396043766092,0.23579137866942398,0.24194691820150638
53351,AOI-0040,2010-06-13,0.1849122391311131,зерновые,2010,1,3,audit,0.1891718953847885,0.18179334700107574,0.2263845784183481,0.22621474481593143,0.20427560927005556,0.21341514978878118
53375,AOI-0040,2010-07-07,0.1656051737459628,зерновые,2010,1,3,audit,0.2892501652240753,0.29717913269996643,0.1981150964882722,0.1973367547001349,0.1949215642034239,0.1959699539729318
53431,AOI-0040,2010-09-01,0.1360533145974369,зерновые,2010,1,3,audit,0.1604660153388977,0.18929094076156616,0.15742016804238237,0.15212573666031035,0.14306526523416457,0.1471303303736231
53582,AOI-0040,2011-07-01,0.2786825206473877,зерновые,2011,1,3,audit,0.26920297741889954,0.284277081489563,0.27916263856292534,0.27935530788278,0.27501925299358276,0.2768130093119386
53593,AOI-0040,2011-07-12,0.2180653626943005,зерновые,2011,2,3,audit,0.19573307037353516,0.1904732584953308,0.24875476692923562,0.2614203726189272,0.2380308947199333,0.2470600400572947
53625,AOI-0040,2011-08-13,0.238428860103627,зерновые,2011,2,3,audit,0.1753280907869339,0.18767452239990234,0.22390555063029535,0.23851321232641512,0.2303031592273682,0.23290727662070948
53630,AOI-0040,2011-08-18,0.198532073185592,зерновые,2011,1,3,audit,0.18655212223529816,0.18767452239990234,0.1746684690382068,0.1761187409291531,0.17294620990365608,0.17418580592372396
53639,AOI-0040,2011-08-27,0.1905697687012433,зерновые,2011,1,3,audit,0.2158905267715454,0.22158049046993256,0.18539140117837427,0.19112202840787512,0.1873298377712819,0.18858921652009147
53657,AOI-0040,2011-09-14,0.2931926424870466,зерновые,2011,2,3,audit,0.23747441172599792,0.2456459403038025,0.2912914454970386,0.2979753694420121,0.30603739113779876,0.30231054677257696
53789,AOI-0040,2012-06-25,0.1346668575316859,зерновые,2012,1,3,audit,0.16891296207904816,0.16891296207904816,0.14825949078623665,0.15539904092680037,0.15042178894374955,0.15209596713083173
53821,AOI-0040,2012-07-27,0.1276631841863883,зерновые,2012,1,3,audit,0.13205139338970184,0.1305648386478424,0.1365773490564012,0.14573765159246926,0.1182925583462925,0.12920445091639932
53862,AOI-0040,2012-09-06,0.1383696402522274,зерновые,2012,1,3,audit,0.13731825351715088,0.13666276633739471,0.15960509579627327,0.16533261064648797,0.14750625913788643,0.15460620533863834
53955,AOI-0040,2013-05-09,0.4336776683937824,зерновые,2013,2,3,audit,0.4460201859474182,0.43241438269615173,0.4773799785465535,0.4661094134859095,0.48385699838888385,0.477098160033658
54019,AOI-0040,2013-07-12,0.264826658031088,зерновые,2013,2,3,audit,0.1578080654144287,0.17371942102909088,0.24910260504586074,0.2550430166434096,0.22598058749748365,0.23774464783281055
54030,AOI-0040,2013-07-23,0.2356610663764666,зерновые,2013,1,3,audit,0.29743239283561707,0.3043679893016815,0.24651471111675954,0.24617679245706012,0.24461016819805645,0.24528092413489727
54035,AOI-0040,2013-07-28,0.2769539896373057,зерновые,2013,2,3,audit,0.30238640308380127,0.3043679893016815,0.30082338506377926,0.30660683316138376,0.3332825610002654,0.32185960740142333
54046,AOI-0040,2013-08-08,0.2446949986549638,зерновые,2013,1,3,audit,0.30560290813446045,0.29222002625465393,0.2691680916975136,0.24827227710603308,0.2727182895366444,0.26370726165685626
54115,AOI-0040,2013-10-16,0.5992896632124353,зерновые,2013,2,3,audit,0.49384644627571106,0.49384644627571106,0.49723224164467034,0.497972051460475,0.46787897039298265,0.48036122247900825
54136,AOI-0040,2014-04-07,0.5820520466321244,зерновые,2014,2,3,audit,0.37006476521492004,0.48411208391189575,0.383658553572063,0.4557817783294011,0.4485194935729514,0.4475299248466178
54200,AOI-0040,2014-06-10,0.231700310880829,зерновые,2014,2,3,audit,0.19188976287841797,0.19188357889652252,0.23472265611927098,0.2507340807929579,0.247773518341499,0.24811494748766602
54221,AOI-0040,2014-07-01,0.1427886616529979,зерновые,2014,1,3,audit,0.1817886233329773,0.17105400562286377,0.15902313561542294,0.16198205362275944,0.13105165056586598,0.14375892237018317
54246,AOI-0040,2014-07-26,0.1195267795561774,зерновые,2014,1,3,audit,0.16662617027759552,0.15108470618724823,0.1573890340923797,0.15353407821035076,0.12079023608955776,0.13463119812693275
54286,AOI-0040,2014-09-04,0.1678725744511542,зерновые,2014,1,3,audit,0.1341543346643448,0.14898870885372162,0.18246910118895293,0.1855600547231342,0.1668004641367261,0.17443544005090136
54296,AOI-0040,2014-09-14,0.1775646113989637,зерновые,2014,2,3,audit,0.1553076058626175,0.15082085132598877,0.20389827493841528,0.20043540751475808,0.17957211180937827,0.1884471085136694
54349,AOI-0040,2015-04-07,0.2606879274611399,зерновые,2015,2,3,audit,0.17077364027500153,0.17077364027500153,0.23873423553601328,0.2843756579818687,0.2705536439756277,0.2737669767714419
54365,AOI-0040,2015-04-23,0.3117156039718441,зерновые,2015,1,3,audit,0.269367516040802,0.24098224937915802,0.39461575142199196,0.4006090751828945,0.31679650559972694,0.35134219906209657
54405,AOI-0040,2015-06-02,0.5997412399344197,зерновые,2015,1,3,audit,0.6176190376281738,0.6074603796005249,0.618772735897442,0.6224852811473106,0.6071421173909167,0.6133207525749373
54413,AOI-0040,2015-06-10,0.4428652509092874,зерновые,2015,1,3,audit,0.4761107265949249,0.5382084250450134,0.4721623293790095,0.4735706258693468,0.5160709342779491,0.4983058582650076
54422,AOI-0040,2015-06-19,0.4047136300031945,зерновые,2015,1,3,audit,0.3012470006942749,0.3297794759273529,0.37141426915573983,0.38766817599607556,0.3505508054650448,0.3650932928981431
54438,AOI-0040,2015-07-05,0.3733635833094376,зерновые,2015,1,3,audit,0.35859817266464233,0.357901006937027,0.33955535585585467,0.3538931858414323,0.3476178681207803,0.34943184381393955
54461,AOI-0040,2015-07-28,0.3090672836509867,зерновые,2015,1,3,audit,0.291159987449646,0.28757885098457336,0.2818612209371965,0.2796487159443404,0.28476422679106106,0.28275844761778157
54565,AOI-0040,2016-04-10,0.3629467971902755,зерновые,2016,1,3,audit,0.3792899549007416,0.3702261447906494,0.34364678712520547,0.34618137229826146,0.3497893938749408,0.34814691086383076
54593,AOI-0040,2016-05-08,0.2817018977163075,зерновые,2016,2,3,audit,0.24423350393772125,0.24602070450782776,0.3695421229781733,0.3955477080764745,0.35600625580260054,0.37101510740165067
54629,AOI-0040,2016-06-13,0.1856157539359428,зерновые,2016,1,3,audit,0.2129831165075302,0.20072048902511597,0.19978629881088866,0.20080894412113187,0.18129907567630782,0.18936133225091267
54705,AOI-0040,2016-08-28,0.2051545854922279,зерновые,2016,2,3,audit,0.1924118548631668,0.17478260397911072,0.23405710027694365,0.24341031952854358,0.22772863064494586,0.233734386003644
54721,AOI-0040,2016-09-13,0.2070717357512953,зерновые,2016,2,3,audit,0.13162033259868622,0.13215886056423187,0.22504988644582669,0.23362074545859346,0.20390846860497822,0.21579664970482887
54737,AOI-0040,2016-09-29,0.2545445077720207,зерновые,2016,2,3,audit,0.19770972430706024,0.17131060361862183,0.27625043343663114,0.28158945481116554,0.2921113003492215,0.2874355959314183
54764,AOI-0040,2016-10-26,0.2801685402673835,зерновые,2016,1,3,audit,0.26621776819229126,0.26621776819229126,0.2605125954867858,0.270068615518515,0.24855752968930014,0.25697794043671285
54775,AOI-0040,2017-04-07,0.5492021243523318,зерновые,2017,2,3,audit,0.32816657423973083,0.349710077047348,0.49262553129038367,0.5427848651520283,0.5140771190737045,0.5232339263199373
54807,AOI-0040,2017-05-09,0.6247227461139898,зерновые,2017,2,3,audit,0.7313862442970276,0.7184345126152039,0.7220848439471401,0.7123061895671903,0.7381737160722491,0.727952732133523
54860,AOI-0040,2017-07-01,0.3722228886236329,зерновые,2017,1,3,audit,0.32632535696029663,0.32479214668273926,0.3623330379288236,0.36905428603338614,0.3570054389653449,0.36164576867936116
54861,AOI-0040,2017-07-02,0.3168168265312368,зерновые,2017,0,3,audit,0.32555875182151794,0.32479214668273926,0.3154177653961788,0.32309504006382495,0.3073108028394093,0.31345245762601925
54887,AOI-0040,2017-07-28,0.2553425388601036,зерновые,2017,2,3,audit,0.2171684354543686,0.22763746976852417,0.2620039982576999,0.2723792770289414,0.2571948047608053,0.2629367892333139
54908,AOI-0040,2017-08-18,0.2148488388864015,зерновые,2017,1,3,audit,0.16827432811260223,0.16974930465221405,0.19790556515367033,0.20234390708465366,0.19428499646177794,0.19739187708946393
54924,AOI-0040,2017-09-03,0.2324684920248206,зерновые,2017,1,3,audit,0.20594444870948792,0.2505917251110077,0.24899057606675049,0.2450757906748838,0.24574766905122242,0.2456858205935908
54933,AOI-0040,2017-09-12,0.3075111346695077,зерновые,2017,0,3,audit,0.31349143385887146,0.33371564745903015,0.2959663144983003,0.3170535681293556,0.3222043550809941,0.31888786113413314
54940,AOI-0040,2017-09-19,0.3987721305205559,зерновые,2017,1,3,audit,0.3576980531215668,0.3590150773525238,0.3954493341613084,0.4002324153743019,0.3853122270908311,0.3912552907825446
55028,AOI-0040,2018-05-17,0.2163848789502344,зерновые,2018,1,3,audit,0.18754319846630096,0.24165353178977966,0.21082294850142733,0.2114717059782234,0.20633282802323155,0.20843531402146737
55053,AOI-0040,2018-06-11,0.1880048450587674,зерновые,2018,1,3,audit,0.14754250645637512,0.14754250645637512,0.18881840826903915,0.19624679074906293,0.2024391128142486,0.1994489443412697
55081,AOI-0040,2018-07-09,0.1264377063349166,зерновые,2018,0,3,audit,0.14916367828845978,0.14149408042430878,0.16133893486928358,0.15276792618814838,0.14045182025225797,0.14605399340489367
55084,AOI-0040,2018-07-12,0.204139067357513,зерновые,2018,2,3,audit,0.16450288891792297,0.14149408042430878,0.15255142011934839,0.15019180015208045,0.13768966601124372,0.14302375124667419
55124,AOI-0040,2018-08-21,0.1792451320657609,зерновые,2018,1,3,audit,0.1491791307926178,0.16194935142993927,0.18902873385753277,0.19805590682601296,0.18738574671712116,0.19132406254202677
55164,AOI-0040,2018-09-30,0.5112804922279792,зерновые,2018,2,3,audit,0.28808096051216125,0.2246854305267334,0.4055007361262067,0.41419555774702654,0.39552504574963054,0.40281123947274483
55171,AOI-0040,2018-10-07,0.378663087014599,зерновые,2018,0,3,audit,0.378241628408432,0.35523200035095215,0.3522838597466881,0.3972722074808267,0.3666880364092063,0.3769133612354133
55180,AOI-0040,2018-10-16,0.548203287017834,зерновые,2018,1,3,audit,0.6163668632507324,0.5844048857688904,0.5242937201890486,0.525881039136216,0.4596402985926594,0.4871184586344498
55253,AOI-0040,2019-05-29,0.7177396019458947,зерновые,2019,1,3,audit,0.6955630779266357,0.6955630779266357,0.6859554015545135,0.6998459378391192,0.702169438518952,0.7004298484024614
55268,AOI-0040,2019-06-13,0.206756763521986,зерновые,2019,1,3,audit,0.23377522826194763,0.23377522826194763,0.2770858874473987,0.2773220099963202,0.25700477647878944,0.2654467723659301
55293,AOI-0040,2019-07-08,0.17646706531248,зерновые,2019,1,3,audit,0.18919630348682404,0.19292689859867096,0.17385546791503897,0.17650222903933874,0.163193910505722,0.1685850170721197
55300,AOI-0040,2019-07-15,0.1427456261967466,зерновые,2019,1,3,audit,0.11433165520429611,0.11692384630441666,0.16399894385660613,0.15382513312462218,0.14740868826633235,0.1506448394103579
55308,AOI-0040,2019-07-23,0.1541260819390281,зерновые,2019,1,3,audit,0.1984388679265976,0.20930752158164978,0.1927485073567835,0.18595758586366126,0.20640519812081873,0.19827355096445518
55314,AOI-0040,2019-07-29,0.1090120796956482,зерновые,2019,0,3,audit,0.2652580738067627,0.24432438611984253,0.17282839389917368,0.17663404206822192,0.15901784009421865,0.16613723401989086
55348,AOI-0040,2019-09-01,0.2574654456573567,зерновые,2019,1,3,audit,0.2742306888103485,0.2742306888103485,0.2701371871064405,0.2717167587084992,0.2629267787776999,0.2664969152780404
55352,AOI-0040,2019-09-05,0.265630018728018,зерновые,2019,0,3,audit,0.27670666575431824,0.27734604477882385,0.24329275632431743,0.24873276836958264,0.2585404881288029,0.2541563535946023
55377,AOI-0040,2019-09-30,0.2176700269140267,зерновые,2019,0,3,audit,0.2391664981842041,0.24829792976379395,0.2758361873680303,0.2562111406219437,0.27586288255127933,0.2687763314199646
55380,AOI-0040,2019-10-03,0.2683138894909921,зерновые,2019,1,3,audit,0.23199620842933655,0.24701109528541565,0.2503761310785994,0.2596127977155852,0.23974319909727748,0.24749825961766356
55388,AOI-0040,2019-10-11,0.3504202660424193,зерновые,2019,1,3,audit,0.1790706217288971,0.1790706217288971,0.30644140364662975,0.31255587274624047,0.3034245031035534,0.30688446001435
55397,AOI-0040,2019-10-20,0.3196022956960338,зерновые,2019,0,3,audit,0.3166964650154114,0.3205049932003021,0.2561191211757446,0.2581258413828224,0.2685406576924088,0.26409485124257437
55402,AOI-0040,2019-10-25,0.1939627424963304,зерновые,2019,0,3,audit,0.2527312636375427,0.2659311294555664,0.25379177824391747,0.27674090409734264,0.2590454370868757,0.2651329736882101
55412,AOI-0040,2020-04-05,0.1768906482791936,зерновые,2020,1,3,audit,0.24607521295547485,0.22085344791412354,0.17525569965941895,0.17427448223444544,0.14919464965096477,0.1596863414753745
55416,AOI-0040,2020-04-09,0.1662863719397136,зерновые,2020,0,3,audit,0.19872447848320007,0.20506316423416138,0.14776801487253913,0.1596556772484883,0.18124985338346533,0.17160207278876882
55420,AOI-0040,2020-04-13,0.179064523638639,зерновые,2020,1,3,audit,0.19460158050060272,0.19460158050060272,0.21570084908132375,0.2175831016146967,0.21414525883116578,0.2154712371675529
55436,AOI-0040,2020-04-29,0.1461473337183285,зерновые,2020,0,3,audit,0.1427244395017624,0.1465694159269333,0.16626278701679534,0.19154716245666645,0.17091747227343382,0.17809620542470928
55445,AOI-0040,2020-05-08,0.3054684974093264,зерновые,2020,2,3,audit,0.1575678139925003,0.1575678139925003,0.2607870712040759,0.2584343522073904,0.28176039483801296,0.27218400060245285
55474,AOI-0040,2020-06-06,0.1491675865105647,зерновые,2020,0,3,audit,0.18139079213142395,0.16749796271324158,0.16082921849462709,0.16619192793090348,0.13371054618418418,0.14692955703439134
55477,AOI-0040,2020-06-09,0.2612527720207255,зерновые,2020,2,3,audit,0.1455894559621811,0.14773665368556976,0.20950897255277567,0.20516417097436299,0.238333283259774,0.22477144902513696
55492,AOI-0040,2020-06-24,0.1501708398410368,зерновые,2020,1,3,audit,0.2168034464120865,0.21690954267978668,0.15222958251386132,0.14856798483720743,0.15276208750187129,0.15122036235260733
55504,AOI-0040,2020-07-06,0.1330381312964523,зерновые,2020,0,3,audit,0.1274121254682541,0.128443643450737,0.13728671137894843,0.13908608476102344,0.12473127117422105,0.13060501790466925
55523,AOI-0040,2020-07-25,0.164760224846812,зерновые,2020,1,3,audit,0.1250869631767273,0.12243150919675827,0.17785016874119006,0.17952283929597093,0.1785076184104885,0.17883706699670265
55531,AOI-0040,2020-08-02,0.1054738869232955,зерновые,2020,0,3,audit,0.09773358702659607,0.0647164136171341,0.11496911854204363,0.11868961736604954,0.10536789750632701,0.1107048551248079
55541,AOI-0040,2020-08-12,0.105805042092031,зерновые,2020,0,3,audit,0.11240535974502563,0.10381872206926346,0.14337320407273707,0.14591447731823823,0.1190021874280055,0.1300605302527687
55561,AOI-0040,2020-09-01,0.1298131798583036,зерновые,2020,0,3,audit,0.1293824166059494,0.1293824166059494,0.13265183068424383,0.13603119444556014,0.12518990064253266,0.1295135905453953
55564,AOI-0040,2020-09-04,0.1273756265040569,зерновые,2020,0,3,audit,0.12768352031707764,0.1240665391087532,0.1344718940528562,0.13436589678531,0.12169080358156448,0.12697151034986762
55628,AOI-0040,2021-04-08,0.142176416226839,зерновые,2021,1,3,audit,0.16528111696243286,0.16528111696243286,0.127116029223688,0.11796165709018636,0.13554518178649103,0.12873690610017985
55652,AOI-0040,2021-05-02,0.2851801538105529,зерновые,2021,0,3,audit,0.32437843084335327,0.4242725670337677,0.3245215679067311,0.33965276649839493,0.3402725101517979,0.3391729369643429
55700,AOI-0040,2021-06-19,0.4922362813755811,зерновые,2021,1,3,audit,0.5701218843460083,0.5551412105560303,0.6080424032543974,0.61488056086439,0.5914769806103467,0.6008361428573542
55704,AOI-0040,2021-06-23,0.4206522222523102,зерновые,2021,0,3,audit,0.45697057247161865,0.44366344809532166,0.45004931067403064,0.4574554461037428,0.4350700312508079,0.443973884877781
55722,AOI-0040,2021-07-11,0.2950665706789209,зерновые,2021,0,3,audit,0.30600813031196594,0.31228214502334595,0.2937304131765932,0.30222432110510067,0.2841144678050523,0.29117851598180433
55723,AOI-0040,2021-07-12,0.3390970422531451,зерновые,2021,1,3,audit,0.29346004128456116,0.31228214502334595,0.31399414044692014,0.32203550783193785,0.31034044990552423,0.3147601174897926
55742,AOI-0040,2021-07-31,0.2115933240657275,зерновые,2021,0,3,audit,0.20407472550868988,0.20407472550868988,0.18190124360990442,0.18642142283395163,0.19360675110829043,0.19036510454033279
55748,AOI-0040,2021-08-06,0.2502914612964335,зерновые,2021,1,3,audit,0.20147742331027985,0.19733849167823792,0.2342671937440914,0.24199031337320331,0.24975066616318045,0.2460915583891592
55788,AOI-0040,2021-09-15,0.1451404306493662,зерновые,2021,1,3,audit,0.14763621985912323,0.14763621985912323,0.18955805885691238,0.18598609931376603,0.16580442546286162,0.17440182961096987
55817,AOI-0040,2021-10-14,0.1449428943887327,зерновые,2021,0,3,audit,0.1541435271501541,0.1537097841501236,0.14889344887729752,0.15221863928643187,0.14550327153472323,0.14811294765605282
55819,AOI-0040,2021-10-16,0.1421261515961132,зерновые,2021,0,3,audit,0.1537097841501236,0.1537097841501236,0.19940842234321574,0.2044440356690445,0.19095412540904377,0.1962879239833471
55844,AOI-0040,2022-04-11,0.1890117755835705,зерновые,2022,1,3,audit,0.17363496124744415,0.17363496124744415,0.1901683018511523,0.20148898532689344,0.18230614686415783,0.18965948618862333
55859,AOI-0040,2022-04-26,0.2148555694768087,зерновые,2022,1,3,audit,0.17657190561294556,0.21280762553215027,0.21211181493918727,0.21473206793767682,0.2146846866388793,0.21455865470487692
55892,AOI-0040,2022-05-29,0.1263677983155955,зерновые,2022,0,3,audit,0.1733408123254776,0.16084139049053192,0.17911260108871963,0.18271925265107508,0.162705942308858,0.17083397531389913
55905,AOI-0040,2022-06-11,0.1388550806556946,зерновые,2022,0,3,audit,0.1970418244600296,0.18080362677574158,0.13793225281915297,0.13650836167338729,0.12830058733644056,0.13179550145860558
55916,AOI-0040,2022-06-22,0.1871319753823652,зерновые,2022,1,3,audit,0.13818101584911346,0.13818101584911346,0.18729552963442847,0.17880009461294677,0.1894611962077926,0.18549707254501682
55931,AOI-0040,2022-07-07,0.1594006958359542,зерновые,2022,1,3,audit,0.13255754113197327,0.13255754113197327,0.1689029877458753,0.1719156949742348,0.1691401413490907,0.17012762352631
55950,AOI-0040,2022-07-26,0.1227118163333953,зерновые,2022,0,3,audit,0.13456282019615173,0.13456282019615173,0.15768645932894645,0.15404015166405005,0.1042220956690332,0.12515698112223447
55964,AOI-0040,2022-08-09,0.1673935791703465,зерновые,2022,1,3,audit,0.17676064372062683,0.18137773871421814,0.16870886531957102,0.165736263050234,0.15933289630101805,0.16216304222340444
55965,AOI-0040,2022-08-10,0.1494602656006894,зерновые,2022,0,3,audit,0.17983870208263397,0.18137773871421814,0.13343890387523932,0.13675888625221694,0.13252034760404197,0.13409956717198634
55988,AOI-0040,2022-09-02,0.1818508016795962,зерновые,2022,1,3,audit,0.10530705749988556,0.1159329041838646,0.16278410389519887,0.1625443530194061,0.16591060270667127,0.16452305511451054
56007,AOI-0040,2022-09-21,0.1782352794060398,зерновые,2022,0,3,audit,0.22406339645385742,0.2304973006248474,0.19561868187359047,0.20089302577879065,0.19963329992664292,0.19986415980267752
56015,AOI-0040,2022-09-29,0.3098480487270367,зерновые,2022,0,3,audit,0.4821166396141052,0.40464839339256287,0.2695738632540097,0.2735202477948407,0.2550922319852687,0.26254163839461125
56058,AOI-0040,2023-04-12,0.82320316808225,зерновые,2023,0,3,audit,0.6558705568313599,0.7289287447929382,0.6547690853069424,0.6751383203583858,0.6514921186198525,0.6601995914747548
56063,AOI-0040,2023-04-17,0.788827056861385,зерновые,2023,0,3,audit,0.7289287447929382,0.7289287447929382,0.7568096025968064,0.7631793813926442,0.7492479320992399,0.7546912674896189
56069,AOI-0040,2023-04-23,0.8048660362694302,зерновые,2023,2,3,audit,0.816598653793335,0.7289287447929382,0.8110970028217999,0.8129453248474976,0.8020714940430657,0.8064938876345845
56085,AOI-0040,2023-05-09,0.8087114248704664,зерновые,2023,2,3,audit,0.8461755514144897,0.8429822325706482,0.83233343832319,0.8255239315485312,0.8284749513521751,0.8276256425338979
56095,AOI-0040,2023-05-19,0.8254549573068247,зерновые,2023,0,3,audit,0.8168674111366272,0.7937654256820679,0.8018186642075632,0.7882468542696904,0.8342856264439841,0.8158812580004386
56113,AOI-0040,2023-06-06,0.7323050322480338,зерновые,2023,0,3,audit,0.6899523138999939,0.6925875544548035,0.7332755210173882,0.7402359339573759,0.7063034608549134,0.7200374802138552
56127,AOI-0040,2023-06-20,0.3382746630331221,зерновые,2023,1,3,audit,0.32644122838974,0.32752692699432373,0.39350325034079814,0.4012298345252724,0.38727008079760594,0.39264972378941276
56137,AOI-0040,2023-06-30,0.2814176489210392,зерновые,2023,1,3,audit,0.24566243588924408,0.24566243588924408,0.27698675051307425,0.2726005199152175,0.2876373244179075,0.28162365567011266
56168,AOI-0040,2023-07-31,0.1165977077712818,зерновые,2023,0,3,audit,0.18248209357261658,0.1932358294725418,0.1513968287497462,0.1624838522482655,0.15908964524372146,0.15988545470905252
56179,AOI-0040,2023-08-11,0.227967284486148,зерновые,2023,1,3,audit,0.1745881736278534,0.17444685101509094,0.19495957244560075,0.20069420887389358,0.2070902219156795,0.20410949986595556
56181,AOI-0040,2023-08-13,0.1767392148036797,зерновые,2023,1,3,audit,0.1740228831768036,0.17444685101509094,0.19252584309022133,0.21371496122320188,0.21863673548012358,0.21540988029469402
56218,AOI-0040,2023-09-19,0.1417648785536153,зерновые,2023,0,3,audit,0.18700164556503296,0.20721293985843658,0.15742284870153456,0.15972522965376815,0.14040087860839387,0.14831474659186022
56227,AOI-0040,2023-09-28,0.1741770855741031,зерновые,2023,1,3,audit,0.13428474962711334,0.13289280235767365,0.17825734112149277,0.17970281626788148,0.17166990914678668,0.17493244460554988
56281,AOI-0040,2024-04-22,0.3404933678756477,зерновые,2024,2,3,audit,0.16390423476696014,0.16390423476696014,0.2553440334976705,0.2579795199320101,0.25426839165419735,0.2556662011111737
56322,AOI-0040,2024-06-02,0.1299910410644277,зерновые,2024,0,3,audit,0.17926983535289764,0.16334067285060883,0.1633130070951633,0.18114207707397179,0.15788387743280327,0.1665711761359137
56331,AOI-0040,2024-06-11,0.2077351976990615,зерновые,2024,1,3,audit,0.211201012134552,0.18331362307071686,0.17085907534632866,0.16612911218634044,0.1594645540330433,0.16250114830988766
56335,AOI-0040,2024-06-15,0.1408913622510506,зерновые,2024,0,3,audit,0.1554262489080429,0.18331362307071686,0.14477773001914934,0.14955351810550332,0.14900492711726596,0.1489675761070564
56355,AOI-0040,2024-07-05,0.1277502418336814,зерновые,2024,0,3,audit,0.1576414406299591,0.14503489434719086,0.1323301685030203,0.1266685673765636,0.12345121759540799,0.1251050586562571
56363,AOI-0040,2024-07-13,0.1601256302530417,зерновые,2024,1,3,audit,0.11996103078126907,0.11450201272964478,0.15810692400189877,0.1567676835449313,0.16142405431456627,0.15956077405457642
56365,AOI-0040,2024-07-15,0.1133124744990937,зерновые,2024,0,3,audit,0.11632169038057327,0.11450201272964478,0.13273063664592777,0.12816114713619695,0.12775627481129265,0.12817893966894106
56367,AOI-0040,2024-07-17,0.1006699868165203,зерновые,2024,0,3,audit,0.11268234252929688,0.11450201272964478,0.13556437537508137,0.13314546951422063,0.12127317391776576,0.1263484460703459
56390,AOI-0040,2024-08-09,0.1246127165662396,зерновые,2024,0,3,audit,0.14125044643878937,0.14600253105163574,0.11986371545989971,0.11991755372355936,0.12157284103757071,0.1208809892692751
56394,AOI-0040,2024-08-13,0.1645104234372315,зерновые,2024,1,3,audit,0.1704668402671814,0.1559644490480423,0.16406176330331426,0.15736508169626015,0.16820266365313805,0.1640650421754483
56395,AOI-0040,2024-08-14,0.1246319743921611,зерновые,2024,0,3,audit,0.1559644490480423,0.1559644490480423,0.13457523593614254,0.1336037844965661,0.1211437943198855,0.12638312510789593
56407,AOI-0040,2024-08-26,0.1182837355847938,зерновые,2024,0,3,audit,0.1681765466928482,0.1580135077238083,0.14114774300306784,0.13988867093390717,0.1331896895681304,0.13604754312195108
56420,AOI-0040,2024-09-08,0.1447061393603196,зерновые,2024,0,3,audit,0.16282159090042114,0.16517329216003418,0.1417388201601484,0.14155109018984605,0.13689383563144775,0.1388424204551279
56425,AOI-0040,2024-09-13,0.1399404264996724,зерновые,2024,0,3,audit,0.16752499341964722,0.16517329216003418,0.14830076037170378,0.14617993984193886,0.13883479888298667,0.14200948957208182
60556,AOI-0045,2010-04-25,0.2079828155336063,зерновые,2010,1,3,audit,0.21893265843391418,0.19820314645767212,0.21147889008761847,0.21288744681820415,0.21453436751213364,0.21377064219639202
60604,AOI-0045,2010-06-12,0.4688591085115701,зерновые,2010,1,3,audit,0.4856988787651062,0.5451422333717346,0.5008301421021218,0.5064574721448043,0.5142446642775758,0.5106909641395433
60611,AOI-0045,2010-06-19,0.620746196702528,зерновые,2010,1,3,audit,0.6045856475830078,0.5451422333717346,0.6350826010167332,0.6160188370777164,0.6027823207619863,0.6093511807429446
60618,AOI-0045,2010-06-26,0.7562110919017291,зерновые,2010,2,3,audit,0.6937950253486633,0.6697198748588562,0.7423789823909209,0.7252053569218005,0.7484890277543783,0.73975467038409
60652,AOI-0045,2010-07-30,0.4018713564619404,зерновые,2010,1,3,audit,0.4277210533618927,0.355917364358902,0.4062048094279354,0.418618487659804,0.41786252590201073,0.41748662055655816
60730,AOI-0045,2010-10-16,0.3017829936305734,зерновые,2010,2,3,audit,0.21838167309761047,0.23476852476596832,0.25454067093652405,0.2641301439116053,0.2841482516082941,0.27528419602595355
60783,AOI-0045,2011-05-09,0.3964818107370337,зерновые,2011,2,3,audit,0.23282264173030853,0.22797809541225433,0.3248924709263157,0.31389984492483697,0.33282330729625875,0.3255596607881949
60799,AOI-0045,2011-05-25,0.3482229936305733,зерновые,2011,2,3,audit,0.22968269884586334,0.232741117477417,0.3269638467377489,0.32122333421469057,0.33034788787907104,0.3268699663761875
60812,AOI-0045,2011-06-07,0.1946981470989425,зерновые,2011,1,3,audit,0.23646637797355652,0.2655508816242218,0.21113380395343612,0.2097421221258213,0.21384443255412897,0.2122146446139408
60863,AOI-0045,2011-07-28,0.2449290172884441,зерновые,2011,2,3,audit,0.15373598039150238,0.15373598039150238,0.24588775637736657,0.24392889419115862,0.2611989355064141,0.25412087196043454
60884,AOI-0045,2011-08-18,0.1355720374937921,зерновые,2011,1,3,audit,0.14363965392112732,0.1475645750761032,0.1748841713312975,0.1761416388860956,0.16385080246708525,0.16889575675749852
60915,AOI-0045,2011-09-18,0.1573876186378026,зерновые,2011,1,3,audit,0.19361919164657593,0.2158982753753662,0.16668814625994705,0.1729825706917827,0.1628716502723538,0.16672924280048795
61130,AOI-0045,2012-09-20,0.1348718996623903,зерновые,2012,1,3,audit,0.14296366274356842,0.14199377596378326,0.13447230150029135,0.13187474494805282,0.13170275870604364,0.131918819190205
61139,AOI-0045,2012-09-29,0.1429896170127149,зерновые,2012,1,3,audit,0.14102387428283691,0.14199377596378326,0.1735952319462717,0.16694442967967532,0.1784529943269449,0.17403358765051502
61162,AOI-0045,2012-10-22,0.0838460788069352,зерновые,2012,1,3,audit,0.13388842344284058,0.13388842344284058,0.17847942898033245,0.16447151582472408,0.1871860388250436,0.17851244474251765
61186,AOI-0045,2013-04-16,0.2475970408030803,зерновые,2013,1,3,audit,0.29801154136657715,0.2986396551132202,0.26859114698257897,0.26956643889004184,0.2751152709519094,0.2727518435394017
61195,AOI-0045,2013-04-25,0.2870176438556812,зерновые,2013,1,3,audit,0.44239896535873413,0.4460354745388031,0.3311236613418406,0.32434699684872526,0.3411091094082045,0.3345104104716553
61202,AOI-0045,2013-05-02,0.3843567574086707,зерновые,2013,1,3,audit,0.4508841335773468,0.4460354745388031,0.38923691436754126,0.38737991993337156,0.40167628563751645,0.3958300674542502
61243,AOI-0045,2013-06-12,0.4439961783457199,зерновые,2013,1,3,audit,0.5566034317016602,0.4584766626358032,0.4852108489038731,0.48962271125182677,0.5087270583247501,0.5005312706590006
61274,AOI-0045,2013-07-13,0.226140571937158,зерновые,2013,1,3,audit,0.2272081971168518,0.2272081971168518,0.23163757839790663,0.2269876882601654,0.22746228421114817,0.22752342567460274
61314,AOI-0045,2013-08-22,0.2368459815747234,зерновые,2013,1,3,audit,0.281048059463501,0.26192232966423035,0.22274282598438636,0.22244288016405142,0.24318338107223123,0.23456879022888477
61443,AOI-0045,2014-05-30,0.198748483540459,зерновые,2014,1,3,audit,0.24909983575344086,0.22308680415153503,0.24567709043718475,0.24405549636020316,0.24783110677204892,0.24635006559033967
61458,AOI-0045,2014-06-14,0.2325819767419958,зерновые,2014,1,3,audit,0.2601698637008667,0.23649846017360687,0.2285707646514305,0.21974857704565215,0.2296445384323283,0.2260170075421295
61475,AOI-0045,2014-07-01,0.1665300870739575,зерновые,2014,1,3,audit,0.205404594540596,0.22486650943756104,0.18131773519788172,0.1865550032830082,0.17208232702449963,0.1778138922316233
61507,AOI-0045,2014-08-02,0.1484195791966957,зерновые,2014,1,3,audit,0.18872685730457306,0.16680483520030975,0.14711172347214788,0.14738363657633916,0.14108022218835403,0.14368829825014653
61515,AOI-0045,2014-08-10,0.1923844341175059,зерновые,2014,1,3,audit,0.15907049179077148,0.18056552112102509,0.1806451223780198,0.18373109642263918,0.1757808081743453,0.17891770960846118
61522,AOI-0045,2014-08-17,0.1897300101464776,зерновые,2014,1,3,audit,0.14857183396816254,0.1766907423734665,0.18661253214639317,0.18944517487025014,0.1819598067233803,0.1849173204594757
61534,AOI-0045,2014-08-29,0.2224822292993631,зерновые,2014,2,3,audit,0.18957552313804626,0.18865810334682465,0.20422747760906032,0.1957583070501562,0.22301210414593642,0.21214137675410427
61554,AOI-0045,2014-09-18,0.1926098266038998,зерновые,2014,1,3,audit,0.17625249922275543,0.19754645228385925,0.1933649644961125,0.1946234109905984,0.19677139732138565,0.19580750053349416
61634,AOI-0045,2015-05-08,0.8122442289570001,зерновые,2015,1,3,audit,0.8018480539321899,0.7605105638504028,0.7585483618231486,0.7706362756850388,0.7565027772679948,0.7617121288599149
61691,AOI-0045,2015-07-04,0.3674263805646496,зерновые,2015,1,3,audit,0.45347627997398376,0.4560682773590088,0.41581169224253617,0.41740956499600024,0.4264096205090664,0.42257531653865477
61722,AOI-0045,2015-08-04,0.2643324295729009,зерновые,2015,1,3,audit,0.22004754841327667,0.23987683653831482,0.2526490122692034,0.25399231614943035,0.25310785977008626,0.2534012107918931
61731,AOI-0045,2015-08-13,0.2778855856467816,зерновые,2015,1,3,audit,0.2221774011850357,0.254142701625824,0.27810547441109473,0.27976808606483894,0.2595761096986885,0.2678866315639379
61779,AOI-0045,2015-09-30,0.2043972510301665,зерновые,2015,1,3,audit,0.15261507034301758,0.133853018283844,0.24280839724920775,0.25604640988612815,0.2112633290458047,0.22916370180163773
61786,AOI-0045,2015-10-07,0.184130422559818,зерновые,2015,1,3,audit,0.11509095877408981,0.133853018283844,0.21602345214552285,0.22832917755193086,0.30043240840524915,0.2697417484626415
61863,AOI-0045,2016-05-24,0.4115217561419472,зерновые,2016,2,3,audit,0.24938234686851501,0.25258463621139526,0.39299803367989317,0.3965195992901119,0.40174558161048124,0.3993748750447491
61879,AOI-0045,2016-06-09,0.3683975341219291,зерновые,2016,2,3,audit,0.23916135728359222,0.2380385547876358,0.29059852032816164,0.28819717557043756,0.3270695938321496,0.3110261934392274
61889,AOI-0045,2016-06-19,0.2227819219670354,зерновые,2016,1,3,audit,0.19688397645950317,0.21596525609493256,0.23505932303448163,0.23459750407257657,0.2365632883637424,0.23577090465548528
61911,AOI-0045,2016-07-11,0.2276009554140127,зерновые,2016,2,3,audit,0.15433189272880554,0.1573677361011505,0.24933059377380978,0.23845652235301315,0.24229362486483483,0.24130165663828246
61922,AOI-0045,2016-07-22,0.1644633363607389,зерновые,2016,1,3,audit,0.2339155524969101,0.22531339526176453,0.1538615036808215,0.14693612671795286,0.16301662483577412,0.15670985558872685
61961,AOI-0045,2016-08-30,0.1430180871217008,зерновые,2016,1,3,audit,0.242442786693573,0.2284412384033203,0.16082290005613611,0.1620663127308572,0.15283147838684635,0.1566054421615934
62001,AOI-0045,2016-10-09,0.4108598604296201,зерновые,2016,1,3,audit,0.3287928104400635,0.2794988453388214,0.3447503272330584,0.35321622859337926,0.32815727620367335,0.3381147885756005
62017,AOI-0045,2016-10-25,0.5380080281305282,зерновые,2016,1,3,audit,0.5120258927345276,0.5180352330207825,0.540930864283355,0.5295411082353673,0.525970927834355,0.5280902263421354
62058,AOI-0045,2017-05-06,0.8903746173464538,зерновые,2017,1,3,audit,0.8800418972969055,0.8939839601516724,0.8892364445150704,0.8812201228687008,0.8600484496990034,0.8693050624337131
62061,AOI-0045,2017-05-09,0.86540686078253,зерновые,2017,2,3,audit,0.8860170841217041,0.8939839601516724,0.8897431335277377,0.8848419764996931,0.8841262546174208,0.8846967300494495
62082,AOI-0045,2017-05-30,0.9070779997983986,зерновые,2017,1,3,audit,0.9029122591018677,0.8948484659194946,0.8714611659755772,0.8869729963416048,0.910716344300563,0.8999725817974195
62090,AOI-0045,2017-06-07,0.8375831686553485,зерновые,2017,1,3,audit,0.799562931060791,0.7150290608406067,0.8230057990317738,0.8226500202179768,0.8181161691970789,0.820022746561571
62098,AOI-0045,2017-06-15,0.8453825702119275,зерновые,2017,1,3,audit,0.47410908341407776,0.430997759103775,0.6047027845675164,0.6045287186850868,0.5991054498955952,0.6013720557579851
62105,AOI-0045,2017-06-22,0.6009567284864985,зерновые,2017,1,3,audit,0.3735160231590271,0.430997759103775,0.43227217416083086,0.43536520400704776,0.48213051840215754,0.4624968241244334
62145,AOI-0045,2017-08-01,0.1441310375982265,зерновые,2017,0,3,audit,0.21788373589515686,0.20891603827476501,0.13345962585266252,0.13765678706803453,0.14528592128171794,0.1418775500702672
62146,AOI-0045,2017-08-02,0.1924267411754958,зерновые,2017,1,3,audit,0.21339988708496094,0.20891603827476501,0.18292680327491728,0.19184912535939905,0.20093887452422107,0.1966598261509045
62170,AOI-0045,2017-08-26,0.1370309427913218,зерновые,2017,1,3,audit,0.20576435327529907,0.21816185116767883,0.1475697695648309,0.13966702468495695,0.13996870463579797,0.14028274405729785
62249,AOI-0045,2018-04-14,0.3872179497483506,зерновые,2018,1,3,audit,0.4585356116294861,0.4830554723739624,0.41061774789827743,0.4109660780578777,0.38903541455305646,0.39814260685112945
62250,AOI-0045,2018-04-15,0.4301517178671923,зерновые,2018,1,3,audit,0.4830554723739624,0.4830554723739624,0.43996781375441196,0.43267027505714456,0.4438579890896079,0.4396080804935737
62274,AOI-0045,2018-05-09,0.7578404549590539,зерновые,2018,2,3,audit,0.6604518294334412,0.6636238694190979,0.6807864035980701,0.6670077307846684,0.7388704300893022,0.7097307969450118
62297,AOI-0045,2018-06-01,0.606697849411107,зерновые,2018,1,3,audit,0.5769153833389282,0.605603814125061,0.5971489053332574,0.5869321782466141,0.6061501128451635,0.5987207611878902
62305,AOI-0045,2018-06-09,0.4666405697526708,зерновые,2018,1,3,audit,0.3941768407821655,0.4115040898323059,0.4171104061478769,0.42524021230747405,0.4506908351847857,0.43964720115706446
62377,AOI-0045,2018-08-20,0.2956776632056129,зерновые,2018,1,3,audit,0.3416749835014343,0.34003618359565735,0.260343465255142,0.2561606797300402,0.28289306962513305,0.27200090127540294
62402,AOI-0045,2018-09-14,0.2445449044585987,зерновые,2018,2,3,audit,0.1906784176826477,0.17177420854568481,0.17349504013658018,0.17551356746992064,0.16604155391824088,0.16987110587761772
62458,AOI-0045,2019-04-10,0.1643420930897394,зерновые,2019,1,3,audit,0.20018348097801208,0.2008463442325592,0.18528706994764127,0.19399870867554955,0.189275177381512,0.1907563218492801
62486,AOI-0045,2019-05-08,0.2102534804876636,зерновые,2019,0,3,audit,0.3991042673587799,0.37957096099853516,0.18823067566026008,0.18293998983385057,0.17253547883943737,0.17715966519794754
62498,AOI-0045,2019-05-20,0.2288146954008469,зерновые,2019,1,3,audit,0.24435465037822723,0.3042156994342804,0.21134882635745506,0.22135721229024277,0.23708826261473237,0.22998498810062207
62546,AOI-0045,2019-07-07,0.1293964345567772,зерновые,2019,0,3,audit,0.1701449155807495,0.20213216543197632,0.13128172237990263,0.145830878929839,0.1253648066578295,0.13307258910462325
62556,AOI-0045,2019-07-17,0.1260652789710984,зерновые,2019,0,3,audit,0.15921616554260254,0.1711413413286209,0.11834165372463973,0.12495003255496097,0.1069072356038666,0.11404825927769274
62561,AOI-0045,2019-07-22,0.142137751973674,зерновые,2019,0,3,audit,0.18902912735939026,0.1711413413286209,0.14787547723857083,0.15281785717970284,0.15677599634023934,0.15485387787340976
62571,AOI-0045,2019-08-01,0.1826962110276148,зерновые,2019,0,3,audit,0.18087904155254364,0.16343919932842255,0.17229089154609195,0.1659894891974635,0.17143777827897042,0.16952095393196193
62581,AOI-0045,2019-08-11,0.1650241271746258,зерновые,2019,0,3,audit,0.282929390668869,0.2718166410923004,0.1594658792877423,0.16239738828119216,0.1746036895369232,0.16936090583919505
62586,AOI-0045,2019-08-16,0.1539181274358113,зерновые,2019,0,3,audit,0.20761901140213013,0.1812656968832016,0.16220479171080307,0.16553637958648956,0.1566313310180845,0.16015189917001177
62618,AOI-0045,2019-09-17,0.1497161391531268,зерновые,2019,1,3,audit,0.19155021011829376,0.18549783527851105,0.1645245768413666,0.16944969971040275,0.15595670837220021,0.16129793511658094
62631,AOI-0045,2019-09-30,0.296829517743403,зерновые,2019,2,3,audit,0.28144311904907227,0.2503250539302826,0.2912267908538298,0.2722095452561742,0.31094470818434955,0.29588267640248844
62664,AOI-0045,2020-04-03,0.8002964702781366,зерновые,2020,1,3,audit,0.8048137426376343,0.8048137426376343,0.7672043966750207,0.7689806144892838,0.7470066295368942,0.7560524249438846
62667,AOI-0045,2020-04-06,0.73413110100091,зерновые,2020,2,3,audit,0.7804034352302551,0.7696236371994019,0.766857367164583,0.754804783047836,0.7482647574864417,0.7516568430177947
62668,AOI-0045,2020-04-07,0.8159369442043379,зерновые,2020,0,3,audit,0.7750135660171509,0.7696236371994019,0.8085042414158594,0.80127726837459,0.8054159378838393,0.8040956033146371
62718,AOI-0045,2020-05-27,0.8453064030932345,зерновые,2020,0,3,audit,0.8263487815856934,0.827880322933197,0.8182837333435045,0.8254956101928225,0.7963054943441742,0.8080519677577542
62776,AOI-0045,2020-07-24,0.1046653286826228,зерновые,2020,1,3,audit,0.12850160896778107,0.07144653797149658,0.14673006354649637,0.1542384392730906,0.1336305367577138,0.1417889816584159
62825,AOI-0045,2020-09-11,0.152155261116034,зерновые,2020,1,3,audit,0.12033116072416306,0.13446609675884247,0.14925297108071886,0.14966070530496908,0.16270963350981985,0.15725656929207293
62827,AOI-0045,2020-09-13,0.1769537943585078,зерновые,2020,2,3,audit,0.1297544538974762,0.13446609675884247,0.1830291038886409,0.18020469390983523,0.17861248507890262,0.17943219769451907
62838,AOI-0045,2020-09-24,0.107355560677413,зерновые,2020,0,3,audit,0.1095137745141983,0.10767630487680435,0.10408435487065393,0.10035478470441533,0.10396491010932071,0.10266999128106372
62859,AOI-0045,2020-10-15,0.2158526286966046,зерновые,2020,2,3,audit,0.10788954794406891,0.1102336049079895,0.1966651688582693,0.199016523085718,0.1928063928205049,0.1952599805690648
62868,AOI-0045,2020-10-24,0.0866947260627043,зерновые,2020,0,3,audit,0.13151977956295013,0.13151977956295013,0.08184761808902957,0.08333341841658003,0.11936066932106507,0.10428508119220174
62906,AOI-0045,2021-05-02,0.1697807095650288,зерновые,2021,0,3,audit,0.26824554800987244,0.28396809101104736,0.19835868834067696,0.19059713322743685,0.2048331754267241,0.19934049868227505
62921,AOI-0045,2021-05-17,0.2018285848043532,зерновые,2021,0,3,audit,0.24819107353687286,0.30273354053497314,0.2018633860316376,0.2052648537388036,0.18840702599928413,0.19523330054125154
62941,AOI-0045,2021-06-06,0.1731218147232352,зерновые,2021,0,3,audit,0.25850728154182434,0.3013893961906433,0.17008817395433784,0.16223860319383301,0.12757611642903505,0.14243773107833685
62956,AOI-0045,2021-06-21,0.14664251211526,зерновые,2021,0,3,audit,0.18450236320495605,0.17508283257484436,0.15787383604274366,0.1610964432121908,0.16656372044697199,0.16410922703201616
62968,AOI-0045,2021-07-03,0.26156615140326,зерновые,2021,1,3,audit,0.21048599481582642,0.1911701261997223,0.1943939624874194,0.21628413858222234,0.23681126396141752,0.22705115895322564
62981,AOI-0045,2021-07-16,0.1294277873671058,зерновые,2021,0,3,audit,0.20539957284927368,0.2062336951494217,0.14224943117334335,0.14371576803807815,0.14257834531249716,0.14297012605789036
63009,AOI-0045,2021-08-13,0.2693871974522293,зерновые,2021,2,3,audit,0.12170971930027008,0.12163739651441574,0.27445892931926663,0.24933290424886032,0.25988390777687725,0.2568906681551578
63114,AOI-0045,2022-04-27,0.3084541417357045,зерновые,2022,0,3,audit,0.8324136734008789,0.8631803393363953,0.8418360879356034,0.8293165175275974,0.8135371308843478,0.8208002038848692
63129,AOI-0045,2022-05-12,0.89011748814361,зерновые,2022,0,3,audit,0.8539690375328064,0.868111789226532,0.8762660837094116,0.8687517137970612,0.8397607489083899,0.8522434827574029
63179,AOI-0045,2022-07-01,0.2478241567263803,зерновые,2022,0,3,audit,0.3206295967102051,0.2989877462387085,0.24063422119679767,0.23772519913596724,0.24331327553614868,0.24114957889591232
63185,AOI-0045,2022-07-07,0.228968360525571,зерновые,2022,1,3,audit,0.23898418247699738,0.21997246146202087,0.25526696797528636,0.2566598084140354,0.2500275648108285,0.25271013410640764
63193,AOI-0045,2022-07-15,0.1848494242897733,зерновые,2022,1,3,audit,0.18237771093845367,0.16052290797233582,0.21071365530148717,0.2105544343874153,0.20466797081982335,0.2071265120307339
63216,AOI-0045,2022-08-07,0.266362850975202,зерновые,2022,1,3,audit,0.2720470726490021,0.21541957557201385,0.2448079547401759,0.25147242052143753,0.26527770321652683,0.25916185109932804
63234,AOI-0045,2022-08-25,0.232072898109436,зерновые,2022,0,3,audit,0.2715040147304535,0.265569806098938,0.23984707401029057,0.2300054326257708,0.23800392616901783,0.2352227435812661
63248,AOI-0045,2022-09-08,0.2301139425708708,зерновые,2022,1,3,audit,0.2511819303035736,0.24922317266464233,0.26360442792945604,0.26922946689644034,0.2524650435723018,0.25912876259235956
63249,AOI-0045,2022-09-09,0.1816060336033205,зерновые,2022,0,3,audit,0.25509947538375854,0.24922317266464233,0.22277794886418997,0.22746066864815864,0.21879364164907264,0.22213999993427994
63284,AOI-0045,2022-10-14,0.2242311464464864,зерновые,2022,0,3,audit,0.2728681266307831,0.2744373679161072,0.26366741978605435,0.2710396747989586,0.25966959981233456,0.26399124288854503
63367,AOI-0045,2023-06-06,0.177809849739686,зерновые,2023,0,3,audit,0.25223907828330994,0.2520090639591217,0.20080677474591732,0.2138435158494214,0.2214151216849526,0.21753899515479783
63369,AOI-0045,2023-06-08,0.2422674646790876,зерновые,2023,1,3,audit,0.2719241976737976,0.28172075748443604,0.22103708106158484,0.24344553458831228,0.2709638927756906,0.25826551838176204
63376,AOI-0045,2023-06-15,0.2432165279751963,зерновые,2023,1,3,audit,0.15050813555717468,0.2147490531206131,0.26656185476296684,0.2508644500603446,0.3025762741671898,0.281929268390796
63396,AOI-0045,2023-07-05,0.1779053168373596,зерновые,2023,1,3,audit,0.15856845676898956,0.17909571528434753,0.19415809871377637,0.19551512044486144,0.1829923932570336,0.18812831254588006
63403,AOI-0045,2023-07-12,0.2781063512283895,зерновые,2023,2,3,audit,0.14029116928577423,0.13852395117282867,0.26391555759351903,0.24638185596771667,0.2623562795865856,0.25668373522426075
63427,AOI-0045,2023-08-05,0.1317768878330122,зерновые,2023,0,3,audit,0.22048792243003845,0.21889185905456543,0.15119551328583777,0.14900732897482935,0.14922317348170466,0.14925506496288182
63435,AOI-0045,2023-08-13,0.2390065423111919,зерновые,2023,2,3,audit,0.18075644969940186,0.18075644969940186,0.21322790451591847,0.20965178587435265,0.23050856435626466,0.2220278190055984
63451,AOI-0045,2023-08-29,0.2424023566878981,зерновые,2023,2,3,audit,0.14014936983585358,0.1603090465068817,0.23330956750019013,0.24130332303886368,0.2493134791706351,0.2455353603902217
63452,AOI-0045,2023-08-30,0.1571227991265518,зерновые,2023,0,3,audit,0.15022920072078705,0.1603090465068817,0.16034636898777146,0.1592177925834892,0.1523558695410436,0.1552742734431587
63472,AOI-0045,2023-09-19,0.1558872524406596,зерновые,2023,0,3,audit,0.15224461257457733,0.15224461257457733,0.1690836797701493,0.17515558215740853,0.18422892251290493,0.18011525556081964
63473,AOI-0045,2023-09-20,0.1996943778898747,зерновые,2023,1,3,audit,0.15199925005435944,0.15224461257457733,0.20866130525494422,0.2109587273201209,0.21021913773940465,0.21039912941069355
63481,AOI-0045,2023-09-28,0.1925521837724786,зерновые,2023,1,3,audit,0.17176453769207,0.17176453769207,0.19416929781197556,0.1905823522145395,0.19431069451832347,0.19295864566622123
63539,AOI-0045,2024-04-26,0.7251579734476139,зерновые,2024,0,3,audit,0.8688606023788452,0.8639007806777954,0.7818040801808845,0.7697790546160009,0.7912556196352936,0.7829869117960918
63583,AOI-0045,2024-06-09,0.4828046166465791,зерновые,2024,1,3,audit,0.40592464804649353,0.3824164569377899,0.42188581434052,0.4284916506068404,0.45269658977356975,0.4422561238375357
63584,AOI-0045,2024-06-10,0.3150352879513841,зерновые,2024,0,3,audit,0.3824164569377899,0.3824164569377899,0.40180383536686354,0.39112064806845553,0.38006941900649716,0.38526269520044687
63599,AOI-0045,2024-06-25,0.160987664522271,зерновые,2024,0,3,audit,0.19914676249027252,0.19914676249027252,0.2402554052621081,0.2467457012849374,0.2121072686001601,0.22616122693501423
63600,AOI-0045,2024-06-26,0.2475737950888453,зерновые,2024,1,3,audit,0.19066084921360016,0.19914676249027252,0.2548209210466455,0.25039268957882516,0.25813575678154665,0.2551597537667383
63623,AOI-0045,2024-07-19,0.1939371128942991,зерновые,2024,1,3,audit,0.13727380335330963,0.13579170405864716,0.1657093148987506,0.16602257424892825,0.19652294574331705,0.18381262116398797
63674,AOI-0045,2024-09-08,0.1368526150742454,зерновые,2024,0,3,audit,0.17917832732200623,0.17026640474796295,0.15103868407673185,0.1512112412488862,0.13642028397471606,0.14256602496237838
63680,AOI-0045,2024-09-14,0.1858431429854803,зерновые,2024,1,3,audit,0.15036606788635254,0.151707261800766,0.18350398500192053,0.1826371723791194,0.17886435781700136,0.18048265154855714
63695,AOI-0045,2024-09-29,0.1703557470029443,зерновые,2024,1,3,audit,0.14466509222984314,0.14466509222984314,0.1676620936192984,0.16719454004229647,0.18386469302219205,0.17695332324922355
63703,AOI-0045,2024-10-07,0.1774613613789483,зерновые,2024,1,3,audit,0.11595600098371506,0.13115046918392181,0.16696612748079365,0.17103636754341373,0.16748319601556083,0.16873546362138075
66928,AOI-0050,2010-05-09,0.6086849056603774,озимая пшеница,2010,2,3,audit,0.5093396306037903,0.5636382102966309,0.6067794112932406,0.5927935817926948,0.6475268768535679,0.6255272637916311
66937,AOI-0050,2010-07-27,0.6130103259877605,озимая пшеница,2010,1,3,audit,0.5842856168746948,0.5929197669029236,0.5432733908259568,0.5397237400791226,0.5685566599185238,0.5567551265919457
66943,AOI-0050,2010-08-29,0.4129981992954211,озимая пшеница,2010,1,3,audit,0.41613665223121643,0.4033149480819702,0.44798504106245435,0.4494880511791839,0.41648303979521084,0.43013465538790513
66948,AOI-0050,2010-10-16,0.3455843266353769,озимая пшеница,2010,1,3,audit,0.3648908734321594,0.4053971767425537,0.40527340327116274,0.3963263625130888,0.40027904056319236,0.3991317850625564
66959,AOI-0050,2011-05-28,0.7438938158030087,озимая пшеница,2011,1,3,audit,0.7844375371932983,0.7732672095298767,0.7721820025098223,0.7667011570993575,0.7684558907917752,0.7680305171583266
66972,AOI-0050,2011-07-31,0.5725499372000198,озимая пшеница,2011,1,3,audit,0.6663144826889038,0.6686662435531616,0.6816064930848854,0.6888877356134152,0.6720698437196121,0.6786636887012605
66978,AOI-0050,2011-08-29,0.6324962264150945,озимая пшеница,2011,2,3,audit,0.6269212961196899,0.6338100433349609,0.5908952469742579,0.5906156822284298,0.6130350511650041,0.6037206563426543
66981,AOI-0050,2011-09-14,0.5771396226415095,озимая пшеница,2011,2,3,audit,0.5434330105781555,0.5186998248100281,0.5629493923237514,0.5804398508381959,0.5832351620863281,0.5810989819592391
66983,AOI-0050,2011-09-17,0.5003126938422411,озимая пшеница,2011,1,3,audit,0.557098925113678,0.523897111415863,0.5171180386216222,0.5174870002676657,0.5424103141575661,0.5320178148033332
66987,AOI-0050,2011-10-02,0.5010601986825474,озимая пшеница,2011,1,3,audit,0.5245157480239868,0.49623626470565796,0.4940342171046247,0.496522491467477,0.5118282734424254,0.5053202782025341
66990,AOI-0050,2012-04-04,0.2047213828158163,озимая пшеница,2012,1,3,audit,0.6322169899940491,0.6322169899940491,0.3179174774200681,0.33460413590828525,0.3719287158060964,0.3554676988013436
66991,AOI-0050,2012-04-06,0.3297452830188679,озимая пшеница,2012,2,3,audit,0.6322169899940491,0.6322169899940491,0.46280263405190214,0.467635129774271,0.4879695264958791,0.47923844934074056
67006,AOI-0050,2012-07-27,0.5366660377358491,озимая пшеница,2012,2,3,audit,0.5755289196968079,0.5516107678413391,0.5622888862999811,0.5638381829181237,0.5890916251719128,0.5784960856668402
67014,AOI-0050,2012-09-29,0.508911320754717,озимая пшеница,2012,2,3,audit,0.4331592321395874,0.4392269253730774,0.5198559480693226,0.5026377452116316,0.5117289426359116,0.5089033418276654
67024,AOI-0050,2013-05-25,0.6024693175192816,озимая пшеница,2013,1,3,audit,0.5744298100471497,0.5713131427764893,0.679238428655936,0.6776481734579455,0.635541555350051,0.6531529162871168
67032,AOI-0050,2013-07-11,0.6857463313580212,озимая пшеница,2013,1,3,audit,0.6211252808570862,0.6519560217857361,0.6299774075002148,0.6381350414351399,0.6424655675213605,0.6402096316761837
67040,AOI-0050,2013-08-20,0.4158508344181545,озимая пшеница,2013,1,3,audit,0.5619539022445679,0.5737666487693787,0.5127660212290699,0.5188898530261017,0.5301743841008159,0.5251376292563912
67042,AOI-0050,2013-08-28,0.4939842966408897,озимая пшеница,2013,1,3,audit,0.49652916193008423,0.5228807926177979,0.48286587781990675,0.4762894731461277,0.5213070724731859,0.5029385557859395
67048,AOI-0050,2013-10-07,0.5646553023873864,озимая пшеница,2013,1,3,audit,0.6604872941970825,0.6453876495361328,0.6295517627011846,0.6143420937891648,0.6184883711863814,0.617608902991549
67055,AOI-0050,2014-04-18,0.3391486101199075,озимая пшеница,2014,1,3,audit,0.5424581170082092,0.5688024163246155,0.45536825116439783,0.45747633386374603,0.5037077647621512,0.4843510361453651
67058,AOI-0050,2014-05-09,0.720367924528302,озимая пшеница,2014,2,3,audit,0.5002054572105408,0.47109130024909973,0.7254926921215581,0.7214682568693371,0.7044091503385729,0.7117322493559504
67064,AOI-0050,2014-06-10,0.6533660377358491,озимая пшеница,2014,2,3,audit,0.7887237071990967,0.7854371070861816,0.7093529397895257,0.7195485154246901,0.7238084849066894,0.721468552360019
67071,AOI-0050,2014-07-15,0.8091775934258961,озимая пшеница,2014,1,3,audit,0.6831051707267761,0.6597962379455566,0.6751532556546914,0.6892942142722033,0.6878841011796667,0.6876843456753738
67072,AOI-0050,2014-07-23,0.8269452876963945,озимая пшеница,2014,1,3,audit,0.6458108425140381,0.6597962379455566,0.7092562956109928,0.703166491932333,0.7121919901033168,0.7087747201974741
67081,AOI-0050,2014-08-24,0.592795744024933,озимая пшеница,2014,1,3,audit,0.533516526222229,0.5358524322509766,0.5717432934882923,0.5762377668388164,0.5762146586405194,0.5759742729915227
67098,AOI-0050,2015-05-09,0.5335358490566039,озимая пшеница,2015,2,3,audit,0.37910735607147217,0.3647244870662689,0.5959529872260172,0.5623457186171607,0.5373135909622269,0.5496002337008346
67100,AOI-0050,2015-05-15,0.4080650853703022,озимая пшеница,2015,1,3,audit,0.40005573630332947,0.3909865617752075,0.32769974367395616,0.33706141099717796,0.36460301432367764,0.35262068561598053
67103,AOI-0050,2015-05-25,0.6719811320754717,озимая пшеница,2015,2,3,audit,0.36994361877441406,0.4212144613265991,0.6343209918410534,0.6148039904366644,0.6240175906586776,0.6212689204673961
67117,AOI-0050,2015-08-26,0.4377160683333102,озимая пшеница,2015,1,3,audit,0.4744982421398163,0.5316593050956726,0.4628873107088505,0.46298311203938375,0.45839183172121184,0.4602971897464619
67119,AOI-0050,2015-08-29,0.432356603773585,озимая пшеница,2015,2,3,audit,0.4520384669303894,0.4423387348651886,0.4819609728396437,0.46850268652035776,0.48420703231010026,0.47842018992846774
67128,AOI-0050,2015-10-05,0.3217322805831786,озимая пшеница,2015,1,3,audit,0.27367931604385376,0.32267701625823975,0.3249280434719249,0.3198505016436547,0.30167709322150227,0.30952249357767053
67134,AOI-0050,2016-04-07,0.2854416935763512,озимая пшеница,2016,1,3,audit,0.5939900875091553,0.47612348198890686,0.34952822444290166,0.33210573114269437,0.3618184240296649,0.3504224363877549
67135,AOI-0050,2016-04-22,0.7281113207547172,озимая пшеница,2016,2,3,audit,0.35825684666633606,0.47612348198890686,0.6130559909899295,0.6434603585476849,0.5958018816606832,0.61394399881935
67137,AOI-0050,2016-04-30,0.3634443636306781,озимая пшеница,2016,1,3,audit,0.5387879610061646,0.5528055429458618,0.4161421952762909,0.40225473758002445,0.4487022982306843,0.43014536789064917
67151,AOI-0050,2016-07-27,0.5254301886792454,озимая пшеница,2016,2,3,audit,0.5960232615470886,0.6354594230651855,0.574963996386399,0.5555392259573398,0.5845850163964352,0.5735779393346471
67156,AOI-0050,2016-08-20,0.4143330421760586,озимая пшеница,2016,1,3,audit,0.3866124749183655,0.3771665394306183,0.386851660249506,0.38705499058894094,0.4041057636849732,0.396998679231528
67170,AOI-0050,2017-04-23,0.5995056603773585,озимая пшеница,2017,2,3,audit,0.4998985230922699,0.44360411167144775,0.613629879864071,0.5878227568468261,0.6686036967311525,0.6364217630054603
67173,AOI-0050,2017-05-01,0.3135387424978546,озимая пшеница,2017,0,3,audit,0.3882068395614624,0.3777991831302643,0.3389814769981818,0.3285047365290145,0.331628813367479,0.33091147346767136
67182,AOI-0050,2017-05-28,0.4556859292010374,озимая пшеница,2017,1,3,audit,0.45854198932647705,0.4729572534561157,0.5272168095865424,0.5329576997282651,0.5111974052541547,0.5199337397708973
67184,AOI-0050,2017-06-05,0.3927286873137787,озимая пшеница,2017,0,3,audit,0.5315194129943848,0.610202968120575,0.5162007669059394,0.518453221681081,0.49863186301995666,0.506755340607182
67187,AOI-0050,2017-06-20,0.6658976050834874,озимая пшеница,2017,1,3,audit,0.6664806008338928,0.6656798720359802,0.6626595082441118,0.6666253164344268,0.670573117945752,0.6687096227390084
67189,AOI-0050,2017-06-26,0.662124528301887,озимая пшеница,2017,2,3,audit,0.7031828761100769,0.692240834236145,0.6789473378880544,0.6864578461740619,0.6883140846129545,0.6871238333308987
67198,AOI-0050,2017-07-30,0.6320700124337638,озимая пшеница,2017,1,3,audit,0.5508261919021606,0.5679387450218201,0.5881795351713986,0.5939550487405142,0.5922211732171431,0.5926214758761206
67199,AOI-0050,2017-07-31,0.7973047914818102,озимая пшеница,2017,1,3,audit,0.5622345805168152,0.5679387450218201,0.6245473428381575,0.6184815150226826,0.6207837791777174,0.6201630869667113
67227,AOI-0050,2018-04-28,0.3220503741129706,озимая пшеница,2018,1,3,audit,0.3428194224834442,0.37069931626319885,0.2666786197577093,0.2573600016620851,0.29832067334886814,0.28179300362585363
67228,AOI-0050,2018-04-29,0.3024976568735923,озимая пшеница,2018,1,3,audit,0.31493955850601196,0.37069931626319885,0.29291750701285285,0.28676243196578965,0.3112349524577336,0.3013929487301655
67232,AOI-0050,2018-05-15,0.4455167104136257,озимая пшеница,2018,1,3,audit,0.4314623177051544,0.506308376789093,0.38776849318342116,0.3988495797264742,0.42572976674895197,0.4139270485123092
67236,AOI-0050,2018-06-07,0.4932554124995731,озимая пшеница,2018,1,3,audit,0.5787602663040161,0.5407022833824158,0.4979482118598851,0.47833918667238734,0.49389359325545007,0.4885112798938218
67237,AOI-0050,2018-06-08,0.5456994637739272,озимая пшеница,2018,1,3,audit,0.5977892279624939,0.5407022833824158,0.48913056625789225,0.47522945713702747,0.46914354649073414,0.47244947260842207
67247,AOI-0050,2018-07-10,0.5322039947440707,озимая пшеница,2018,1,3,audit,0.5957218408584595,0.5985592603683472,0.5595281677587102,0.5602395830992496,0.5553527191937254,0.5573468428352902
67255,AOI-0050,2018-08-26,0.4977535794130446,озимая пшеница,2018,1,3,audit,0.4551267921924591,0.48824867606163025,0.4530818381677316,0.4565694648164279,0.4570423741148691,0.4566515732326986
67271,AOI-0050,2018-10-29,0.3194565819726962,озимая пшеница,2018,1,3,audit,0.2807715833187103,0.34916815161705017,0.3074003696916696,0.3217395240307994,0.3008798547374041,0.30876311602104134
67274,AOI-0050,2019-04-07,0.3191457891650699,озимая пшеница,2019,1,3,audit,0.2719646692276001,0.3377850651741028,0.514529756337863,0.5212445666445399,0.3843208650469293,0.4409289201092819
67275,AOI-0050,2019-04-11,0.3064595711752544,озимая пшеница,2019,0,3,audit,0.3124695122241974,0.3377850651741028,0.24371483276939687,0.2553162693266878,0.28241405972979,0.270491840490117
67278,AOI-0050,2019-04-24,0.5552885087094417,озимая пшеница,2019,1,3,audit,0.44358810782432556,0.4354093670845032,0.4277140864236031,0.4448488726488612,0.44478188090411375,0.44385664818059234
67303,AOI-0050,2019-08-06,0.7957810402072459,озимая пшеница,2019,1,3,audit,0.650972306728363,0.6262892484664917,0.5951096456514102,0.6018225779377624,0.6446704594741253,0.6264656719340198
67308,AOI-0050,2019-08-22,0.4910739694400338,озимая пшеница,2019,1,3,audit,0.4827743470668793,0.4575965702533722,0.4727990101906914,0.48306188095283853,0.503637716809489,0.4945041022138726
67320,AOI-0050,2019-10-09,0.4276013091609908,озимая пшеница,2019,1,3,audit,0.4222019612789154,0.45220088958740234,0.38962383714675475,0.38976644780017417,0.4092966820238388,0.4011611334863463
67325,AOI-0050,2019-10-23,0.3368852009527686,озимая пшеница,2019,0,3,audit,0.23019853234291077,0.23019853234291077,0.297128243416946,0.3070867492144617,0.2901035486122515,0.29661726664873583
67326,AOI-0050,2019-10-25,0.3852451656664774,озимая пшеница,2019,1,3,audit,0.23017123341560364,0.23019853234291077,0.31484104290397186,0.3151023883888612,0.34765754985906944,0.33409500064604425
67334,AOI-0050,2020-04-22,0.4435132075471699,озимая пшеница,2020,2,3,audit,0.3645937144756317,0.3609044551849365,0.5107132436474427,0.49537963310276834,0.5396337319851099,0.5220700643378843
67340,AOI-0050,2020-05-11,0.5569399758200223,озимая пшеница,2020,1,3,audit,0.5804859399795532,0.6121246218681335,0.5514287367963712,0.5468604634506218,0.5447112525620234,0.5458597659943135
67342,AOI-0050,2020-05-19,0.5578696051342924,озимая пшеница,2020,1,3,audit,0.5887423753738403,0.5716444849967957,0.5835249501011778,0.5944010429042937,0.6090065043069335,0.6023233842518882
67344,AOI-0050,2020-05-24,0.7651056603773586,озимая пшеница,2020,2,3,audit,0.6529719233512878,0.645655632019043,0.7473848072321141,0.7369611287507376,0.7621741971798679,0.7522614486800693
67356,AOI-0050,2020-06-29,0.5745403341156402,озимая пшеница,2020,0,3,audit,0.6530604958534241,0.609660804271698,0.5870889624540685,0.5877940286794202,0.5997156820963226,0.5947152006637483
67359,AOI-0050,2020-07-11,0.6742716981132076,озимая пшеница,2020,2,3,audit,0.6520906090736389,0.641552209854126,0.5851496081922297,0.5684119845186933,0.5781086307510926,0.5750043371292285
67366,AOI-0050,2020-07-30,0.5179540295738763,озимая пшеница,2020,1,3,audit,0.4867470860481262,0.5186920166015625,0.5148810774176573,0.5248569252345148,0.5231202992064667,0.5232881055513725
67383,AOI-0050,2020-09-12,0.3177799340996944,озимая пшеница,2020,0,3,audit,0.4022666811943054,0.39816421270370483,0.31716070793440765,0.3220031525589935,0.3289241358563425,0.3257745721147361
67384,AOI-0050,2020-09-13,0.4368245283018868,озимая пшеница,2020,2,3,audit,0.39406174421310425,0.39816421270370483,0.4364076105769953,0.4109970185772145,0.44494560866037197,0.4322311617412675
67395,AOI-0050,2020-10-17,0.2102640861142934,озимая пшеница,2020,0,3,audit,0.30187705159187317,0.26231083273887634,0.22704622103228597,0.21626079363923165,0.21410186422851477,0.21560024736337863
67397,AOI-0050,2021-04-07,0.3917641509433962,озимая пшеница,2021,2,3,audit,0.0579560287296772,0.0579560287296772,0.5312762354015658,0.48815026834095454,0.5826066799395136,0.5456969721919471
67408,AOI-0050,2021-05-20,0.5616547698969089,озимая пшеница,2021,0,3,audit,0.6577748656272888,0.6577748656272888,0.6986322939083934,0.698179044845095,0.7066054999439392,0.7031239953469749
67409,AOI-0050,2021-05-23,0.8064276025018031,озимая пшеница,2021,1,3,audit,0.6600507497787476,0.6577748656272888,0.7681528230490294,0.7740831165588812,0.7735908467387245,0.7734658387218782
67417,AOI-0050,2021-06-24,0.7895590807656407,озимая пшеница,2021,0,3,audit,0.7161805629730225,0.6958420276641846,0.7689188914334677,0.7708298188814086,0.7791995994738777,0.7756101744566983
67432,AOI-0050,2021-07-28,0.4410377358490566,озимая пшеница,2021,2,3,audit,0.6066051721572876,0.5969775915145874,0.5886891501979064,0.5853424406204324,0.5869496678589942,0.5864669698950341
67433,AOI-0050,2021-07-29,0.6147968510780097,озимая пшеница,2021,0,3,audit,0.6001867651939392,0.5969775915145874,0.6000685803479126,0.5842802433787565,0.5910499070187706,0.589110890052946
67435,AOI-0050,2021-08-03,0.5708071808143304,озимая пшеница,2021,0,3,audit,0.5795867443084717,0.6024178862571716,0.5841133298574802,0.5925778779623788,0.5848821334444743,0.5876139252845819
67445,AOI-0050,2021-09-17,0.5045001331477906,озимая пшеница,2021,0,3,audit,0.5845932960510254,0.5689345002174377,0.5410889548411042,0.5347998011061331,0.4934175802813944,0.510988852525566
67453,AOI-0050,2021-10-22,0.4925861919447776,озимая пшеница,2021,0,3,audit,0.4986373782157898,0.4985831677913666,0.4431681378773281,0.43347613541324165,0.43309956533203403,0.433795388615852
67457,AOI-0050,2022-04-23,0.812847169811321,озимая пшеница,2022,2,3,audit,0.583858072757721,0.5464960932731628,0.6935888983829476,0.746169321622736,0.7237760897877145,0.7301704051353626
67470,AOI-0050,2022-06-11,0.4736096465737457,озимая пшеница,2022,1,3,audit,0.4887571930885315,0.5040484070777893,0.43156459153425586,0.42058416098132867,0.5118820634521893,0.4744987116363869
67474,AOI-0050,2022-06-26,0.6267264150943396,озимая пшеница,2022,2,3,audit,0.4541065990924835,0.46487247943878174,0.5503015708009136,0.5333325639884273,0.5669539630853433,0.5539061206510673
67481,AOI-0050,2022-07-13,0.600266598095475,озимая пшеница,2022,1,3,audit,0.5516322255134583,0.5729974508285522,0.5574394004861924,0.5570190351459801,0.55488959075841,0.5557991534758712
67485,AOI-0050,2022-07-24,0.6535961277438188,озимая пшеница,2022,0,3,audit,0.6540748476982117,0.6540748476982117,0.5800675384180864,0.5825851855771195,0.5530685157497487,0.5652119999984868
67495,AOI-0050,2022-08-28,0.6691230793470897,озимая пшеница,2022,0,3,audit,0.592053234577179,0.6550201177597046,0.7435950568060314,0.7493352432599869,0.7306849163830557,0.7381270596793847
67500,AOI-0050,2022-09-14,0.4264433962264151,озимая пшеница,2022,2,3,audit,0.6654024720191956,0.6543059349060059,0.5612118157829755,0.5662029708908813,0.5200290773917756,0.5389669708589074
67501,AOI-0050,2022-09-27,0.6227034845581748,озимая пшеница,2022,0,3,audit,0.6333457231521606,0.6543059349060059,0.5931447463474178,0.6067561308451548,0.5945037760108568,0.5988455371116483
67520,AOI-0050,2023-05-20,0.6634340910459666,озимая пшеница,2023,1,3,audit,0.693047821521759,0.693047821521759,0.6956649203440358,0.7008548788117894,0.6906075327566759,0.6945833347989814
67528,AOI-0050,2023-06-23,0.4450718483628823,озимая пшеница,2023,1,3,audit,0.35434961318969727,0.35434961318969727,0.4648030555156099,0.48471484471603615,0.42585917940301127,0.4492447120566091
67538,AOI-0050,2023-07-31,0.4114910090034788,озимая пшеница,2023,1,3,audit,0.38786056637763977,0.3738018274307251,0.4355881961628147,0.42929853465456164,0.48070009331724856,0.4596589064351811
67542,AOI-0050,2023-08-08,0.3472303302026661,озимая пшеница,2023,0,3,audit,0.4406451880931854,0.4465755522251129,0.3757499421508518,0.37718540057263633,0.3732437626605512,0.3748042507913708
67545,AOI-0050,2023-08-16,0.4443729200469551,озимая пшеница,2023,1,3,audit,0.4225379526615143,0.40901437401771545,0.4050451608185698,0.41621578552269767,0.44045172433011365,0.429744444233557
67555,AOI-0050,2023-09-14,0.4814849056603774,озимая пшеница,2023,2,3,audit,0.3937419652938843,0.3971317708492279,0.4751228741193624,0.4582762123565133,0.4795940365142338,0.4716595900523398
67558,AOI-0050,2023-09-22,0.3510575912249088,озимая пшеница,2023,0,3,audit,0.38504984974861145,0.39710214734077454,0.3650510185780355,0.36055647203597263,0.3744549365905323,0.3689210193679818
67564,AOI-0050,2023-09-30,0.4255056603773584,озимая пшеница,2023,2,3,audit,0.36375007033348083,0.35528481006622314,0.42766095518443664,0.40465904123269425,0.42037504157458405,0.4151142073733955
67572,AOI-0050,2023-10-21,0.2516995677739961,озимая пшеница,2023,1,3,audit,0.37227940559387207,0.37227940559387207,0.32222842817804626,0.31165536808724303,0.341946597925806,0.3299288534881926
67573,AOI-0050,2023-10-22,0.2176016760902883,озимая пшеница,2023,0,3,audit,0.37227940559387207,0.37227940559387207,0.2947435806781057,0.29726499405259554,0.29949978119549,0.2984295100267559
67574,AOI-0050,2024-04-04,0.4098699644239621,озимая пшеница,2024,0,3,audit,0.4409641921520233,0.4409641921520233,0.3626276094247154,0.3503967880579542,0.3730325360704588,0.36429287502494734
67588,AOI-0050,2024-05-30,0.4802621447302728,озимая пшеница,2024,1,3,audit,0.342456579208374,0.34656959772109985,0.4406605383353169,0.44990343326704946,0.4702895710175307,0.4612916358612561
67602,AOI-0050,2024-07-10,0.4125448532310755,озимая пшеница,2024,1,3,audit,0.4905005097389221,0.4905005097389221,0.4182662126859983,0.4120898043243359,0.4323916117210796,0.4242864601640441
67609,AOI-0050,2024-07-28,0.4177309860881866,озимая пшеница,2024,0,3,audit,0.5101432204246521,0.46649646759033203,0.40472228056446236,0.4060980268970192,0.38500838279464494,0.39370843079855933
67612,AOI-0050,2024-08-11,0.3663283606150788,озимая пшеница,2024,1,3,audit,0.33531177043914795,0.33531177043914795,0.35583173124605616,0.36870657312874006,0.3704373332377897,0.36900091277864555
67614,AOI-0050,2024-08-17,0.2935360210740748,озимая пшеница,2024,0,3,audit,0.34506312012672424,0.323516845703125,0.28800290683994895,0.3083392820811924,0.3013095916999752,0.3031038384748498
67629,AOI-0050,2024-09-20,0.3931966950025907,озимая пшеница,2024,1,3,audit,0.3787161707878113,0.3787161707878113,0.38771229247368916,0.3876219326071032,0.41094782225224086,0.4012456493780938
67636,AOI-0050,2024-10-05,0.3627139589799685,озимая пшеница,2024,1,3,audit,0.30963459610939026,0.30513572692871094,0.3319639920088362,0.3356456643662376,0.36897802155506426,0.35490178447657894
67639,AOI-0050,2024-10-15,0.3854679245283019,озимая пшеница,2024,2,3,audit,0.2757711112499237,0.29565948247909546,0.3916596006194513,0.3562812552864121,0.3851063355740322,0.3750785158474842
67640,AOI-0050,2024-10-26,0.3160457435369125,озимая пшеница,2024,0,3,audit,0.3155478239059448,0.29565948247909546,0.2677597947045708,0.27329832542294696,0.2739204242131337,0.2733534570422637
67648,AOI-0052,2010-04-07,0.2590389046750717,озимая пшеница,2010,1,3,audit,0.2593284547328949,0.28627142310142517,0.3709039464720868,0.3718933637515783,0.32507750867323,0.3445051521833107
67671,AOI-0052,2010-04-30,0.3226681690817161,озимая пшеница,2010,1,3,audit,0.34236466884613037,0.3570718467235565,0.33180086863593616,0.3288347101478011,0.33837258411097404,0.3345683353612372
67808,AOI-0052,2010-09-14,0.3206720276235227,озимая пшеница,2010,2,3,audit,0.3081478774547577,0.3063884675502777,0.33544914539889814,0.3363081750524278,0.3284067943112122,0.33164721499521344
67847,AOI-0052,2010-10-23,0.191950491689739,озимая пшеница,2010,1,3,audit,0.22087305784225464,0.19434010982513428,0.20563491751195584,0.20995916245630503,0.2192853615276417,0.21516367835711694
67872,AOI-0052,2011-04-18,0.3419381732945969,озимая пшеница,2011,1,3,audit,0.45411133766174316,0.4348064363002777,0.31056234663774074,0.3036250874288192,0.30077148765278383,0.3023449097989248
67912,AOI-0052,2011-05-28,0.7587085435961349,озимая пшеница,2011,1,3,audit,0.7797847986221313,0.7674432396888733,0.800583865197842,0.7961952313635223,0.7918050697564418,0.7938761749951
68007,AOI-0052,2011-08-31,0.233847370162754,озимая пшеница,2011,1,3,audit,0.3325151205062866,0.28445789217948914,0.30041013807808076,0.2975022481241671,0.2938194045256378,0.2955137899822415
68008,AOI-0052,2011-09-01,0.2381627363594187,озимая пшеница,2011,1,3,audit,0.3164960443973541,0.28445789217948914,0.2908415349509832,0.2900151245126133,0.29450534572580256,0.29268268368310335
68032,AOI-0052,2011-09-25,0.2239620077516397,озимая пшеница,2011,1,3,audit,0.22705066204071045,0.27472156286239624,0.22246347511446984,0.22513146862975827,0.21372477887943583,0.21832333098220097
68039,AOI-0052,2011-10-02,0.2244474136036666,озимая пшеница,2011,1,3,audit,0.32828912138938904,0.29689621925354004,0.23043497936196553,0.22872531005806404,0.22737051675470957,0.22802942082500313
68094,AOI-0052,2012-04-27,0.5437031415085855,озимая пшеница,2012,1,3,audit,0.6452395915985107,0.6483795642852783,0.4494169843608673,0.4499986547185377,0.47144722024091384,0.4624889250132057
68103,AOI-0052,2012-05-06,0.58101282975725,озимая пшеница,2012,1,3,audit,0.6546595096588135,0.6483795642852783,0.5685711022193423,0.5778155946858095,0.5393752040707182,0.5548581679594357
68169,AOI-0052,2012-07-11,0.456445884949452,озимая пшеница,2012,2,3,audit,0.48781463503837585,0.4668777883052826,0.457844505786658,0.4393484375024649,0.4719369830926314,0.459403910240682
68265,AOI-0052,2012-10-15,0.5587694574967964,озимая пшеница,2012,2,3,audit,0.4597413241863251,0.4705815315246582,0.5050487381849592,0.5106015277222792,0.5451466807618996,0.530461652208442
68311,AOI-0052,2013-05-01,0.5906004015090208,озимая пшеница,2013,1,3,audit,0.5573387145996094,0.5632508397102356,0.5852052721099705,0.5866762830841384,0.5834289460146557,0.5846985193887213
68414,AOI-0052,2013-08-12,0.5047187941436084,озимая пшеница,2013,1,3,audit,0.4713849127292633,0.47583475708961487,0.3239476468918264,0.31211097354251577,0.3580980861787252,0.3396187002581822
68447,AOI-0052,2013-09-14,0.3429477858465043,озимая пшеница,2013,2,3,audit,0.24000997841358185,0.2600896954536438,0.3606792018814573,0.3423888944576252,0.3600535351389115,0.3537196832400929
68455,AOI-0052,2013-09-22,0.2385914506824744,озимая пшеница,2013,1,3,audit,0.2614283561706543,0.2600896954536438,0.31210440474997964,0.3008484028445003,0.2823150343401273,0.29065390704995125
68479,AOI-0052,2013-10-16,0.4510279131270146,озимая пшеница,2013,1,3,audit,0.5156630277633667,0.5156630277633667,0.4746098168643913,0.4540384998299139,0.44247161405044055,0.44842950466392273
68510,AOI-0052,2014-04-17,0.8478002795117683,озимая пшеница,2014,1,3,audit,0.7579423785209656,0.7381173372268677,0.7873484026983584,0.7904529725095236,0.7470927784805288,0.7649646753397903
68516,AOI-0052,2014-04-23,0.8937941549195507,озимая пшеница,2014,2,3,audit,0.7842256426811218,0.8058680891990662,0.8684154290074682,0.8657947675064247,0.8725205188952639,0.8698673325878226
68527,AOI-0052,2014-05-04,0.9093279870296048,озимая пшеница,2014,1,3,audit,0.8275105357170105,0.8058680891990662,0.8769023990348483,0.8772475205769871,0.8969016439252823,0.8887032736966618
68591,AOI-0052,2014-07-07,0.2653798796311632,озимая пшеница,2014,1,3,audit,0.3474361002445221,0.3260408639907837,0.31940998418954847,0.32329591710110994,0.31893485247546144,0.32053358126967313
68614,AOI-0052,2014-07-30,0.4091798691661235,озимая пшеница,2014,1,3,audit,0.4489336907863617,0.4297279119491577,0.4112675443786753,0.40352376409345236,0.41345597809965345,0.40975337475037554
68615,AOI-0052,2014-07-31,0.3761089694142212,озимая пшеница,2014,1,3,audit,0.4425317645072937,0.4297279119491577,0.3758106835780367,0.37434388083563136,0.3610556999691776,0.36666724053709904
68676,AOI-0052,2014-09-30,0.2614803573971239,озимая пшеница,2014,2,3,audit,0.21244929730892181,0.2162037342786789,0.27088695587527883,0.2616486139784686,0.2664146594600073,0.2649451200086227
68713,AOI-0052,2015-04-07,0.4233214438274242,озимая пшеница,2015,2,3,audit,0.28855228424072266,0.29894423484802246,0.38761243524332795,0.40311762774795157,0.3943440351513417,0.39713274806297305
68719,AOI-0052,2015-04-13,0.3040309036866974,озимая пшеница,2015,1,3,audit,0.32933735847473145,0.34777313470840454,0.3064643033947999,0.30723602135448114,0.2926169872920448,0.2986578535340406
68830,AOI-0052,2015-08-02,0.6685514757866329,озимая пшеница,2015,1,3,audit,0.6094654202461243,0.617609977722168,0.6421906722948422,0.6641313820379804,0.6467313379078631,0.6527520251418861
68862,AOI-0052,2015-09-03,0.3039966859122217,озимая пшеница,2015,1,3,audit,0.24301035702228546,0.2695193290710449,0.29196839300736843,0.29619711835989854,0.2744825443556784,0.28328396525960914
68879,AOI-0052,2015-09-20,0.2316088217331247,озимая пшеница,2015,1,3,audit,0.27367812395095825,0.24333760142326355,0.2117123708489127,0.21802835184343022,0.20596726448927963,0.2106352307948549
68886,AOI-0052,2015-09-27,0.1460309586070653,озимая пшеница,2015,1,3,audit,0.21299706399440765,0.24333760142326355,0.2210292562040251,0.21944078713427778,0.18829369099390278,0.20134408638098739
68895,AOI-0052,2015-10-06,0.1250154796628337,озимая пшеница,2015,1,3,audit,0.19398075342178345,0.21221093833446503,0.16028064545907655,0.15940218324466982,0.1339452996536569,0.14458818766400844
68926,AOI-0052,2016-04-07,0.6821289188284574,озимая пшеница,2016,1,3,audit,0.8232036828994751,0.8420064449310303,0.7841481910449933,0.7820075656625459,0.7550084293428293,0.7663633414614837
68941,AOI-0052,2016-04-22,0.8910637405667098,озимая пшеница,2016,2,3,audit,0.8608092069625854,0.8420064449310303,0.8628068925751663,0.8708568764664099,0.8636482140793793,0.8662003638475996
68957,AOI-0052,2016-05-08,0.8975628150363092,озимая пшеница,2016,2,3,audit,0.909339964389801,0.909368634223938,0.8790336138123507,0.880135682114129,0.8923175356107761,0.8871866874727297
68965,AOI-0052,2016-05-16,0.907617095682057,озимая пшеница,2016,1,3,audit,0.9127699732780457,0.9112958908081055,0.7958820073075669,0.8212004054581599,0.8088292417364275,0.8125692505437556
69014,AOI-0052,2016-07-04,0.2379809382358402,озимая пшеница,2016,1,3,audit,0.30548346042633057,0.2998793125152588,0.2499873555693461,0.23206824725155437,0.25761489093596496,0.2479802518055871
69038,AOI-0052,2016-07-28,0.2479346187347601,озимая пшеница,2016,1,3,audit,0.2015446126461029,0.21489672362804413,0.2320839054743993,0.22906871086674074,0.24234301662150412,0.23698655854363682
69157,AOI-0052,2017-04-25,0.8474952719815245,озимая пшеница,2017,1,3,audit,0.8466344475746155,0.8449388742446899,0.8469792144175043,0.8760382420321978,0.8251947311391313,0.8447371516537379
69173,AOI-0052,2017-05-11,0.879126982592804,озимая пшеница,2017,1,3,audit,0.8997930288314819,0.8978701829910278,0.8856869235817252,0.8826579576856319,0.8650388964631063,0.8725396513917028
69181,AOI-0052,2017-05-19,0.9227758275418332,озимая пшеница,2017,1,3,audit,0.8929858207702637,0.8937467336654663,0.8670395673428106,0.8834563138852978,0.8600495475314844,0.8688772327040194
69214,AOI-0052,2017-06-21,0.5697017318975088,озимая пшеница,2017,1,3,audit,0.6022863388061523,0.5446668267250061,0.637395328450587,0.6201018826371356,0.6234929559854854,0.6230436789481775
69229,AOI-0052,2017-07-06,0.3120683529332478,озимая пшеница,2017,1,3,audit,0.3970131576061249,0.3957931101322174,0.35984088391100405,0.36415104360798706,0.4117117935123304,0.3916793722278079
69246,AOI-0052,2017-07-23,0.304911559858818,озимая пшеница,2017,1,3,audit,0.28354835510253906,0.30984869599342346,0.30854270311898413,0.3118911628663867,0.3023820850345452,0.30615308484639897
69254,AOI-0052,2017-07-31,0.3421116786390133,озимая пшеница,2017,1,3,audit,0.32401832938194275,0.31498563289642334,0.3452605894847425,0.3477722733176838,0.34866943131658806,0.34815636317689713
69268,AOI-0052,2017-08-14,0.3128034552850851,озимая пшеница,2017,0,3,audit,0.37296608090400696,0.33974313735961914,0.28478988405089806,0.28068445427637345,0.27803752636332213,0.27936742212886934
69323,AOI-0052,2017-10-08,0.2200844872377279,озимая пшеница,2017,0,3,audit,0.27969759702682495,0.2810553312301636,0.1858340690684468,0.1875233956177212,0.2335405348618287,0.21429627795986378
69356,AOI-0052,2018-04-11,0.1665987898484049,озимая пшеница,2018,0,3,audit,0.22756165266036987,0.2624213993549347,0.1769425057515541,0.1750797573940999,0.18421167279355014,0.18051498946965033
69374,AOI-0052,2018-04-29,0.2147249298983121,озимая пшеница,2018,1,3,audit,0.22414857149124146,0.2997671365737915,0.24708496673989247,0.24911841565946546,0.2635840078886308,0.2574509616772781
69376,AOI-0052,2018-05-01,0.1585572523298044,озимая пшеница,2018,0,3,audit,0.27456095814704895,0.2997671365737915,0.20736779986724796,0.20006692664651246,0.21097281734686393,0.20684037658323742
69422,AOI-0052,2018-06-16,0.513029175640807,озимая пшеница,2018,1,3,audit,0.5935840010643005,0.5894758105278015,0.5678699593969905,0.5746031635801132,0.5906455215390609,0.583594874542272
69438,AOI-0052,2018-07-02,0.7006642887218262,озимая пшеница,2018,1,3,audit,0.6715042591094971,0.6504455208778381,0.6180191365832555,0.6258307510294981,0.6590557860890459,0.6447944862809412
69446,AOI-0052,2018-07-10,0.5667120259457695,озимая пшеница,2018,1,3,audit,0.6005945801734924,0.5897082686424255,0.5527880855769632,0.5436307227308262,0.5767553042539142,0.5634796974394423
69477,AOI-0052,2018-08-10,0.218472599139883,озимая пшеница,2018,1,3,audit,0.2506166398525238,0.2441866546869278,0.24501112676592768,0.23445704039583887,0.24033603916073665,0.23847652545172432
69496,AOI-0052,2018-08-29,0.2336891214580664,озимая пшеница,2018,2,3,audit,0.1642439067363739,0.17490066587924957,0.22632249828069848,0.2347743183076619,0.23803579008974213,0.23620838323986815
69557,AOI-0052,2018-10-29,0.307397790902054,озимая пшеница,2018,1,3,audit,0.22584913671016693,0.2280806005001068,0.22794119428065293,0.23708003796348912,0.2271551515862285,0.23077710597738296
69619,AOI-0052,2019-05-31,0.8696537378189461,озимая пшеница,2019,0,3,audit,0.8406972885131836,0.8538251519203186,0.8723252265600352,0.8608908191399952,0.8618882608031657,0.8621092016157723
69624,AOI-0052,2019-06-05,0.7954550840094089,озимая пшеница,2019,0,3,audit,0.7243954539299011,0.6900041103363037,0.7163442018925218,0.6924160312992932,0.7563122401669511,0.7310524658875511
69630,AOI-0052,2019-06-11,0.4577568739805033,озимая пшеница,2019,1,3,audit,0.5137899518013,0.45581671595573425,0.5277093235116851,0.5458380104280026,0.539354502114481,0.5410442534505258
69638,AOI-0052,2019-06-19,0.322553389219773,озимая пшеница,2019,1,3,audit,0.2658151686191559,0.2658151686191559,0.32631330337030845,0.31895093393871277,0.316397601376085,0.31786971213539594
69661,AOI-0052,2019-07-12,0.3620701666908879,озимая пшеница,2019,1,3,audit,0.141386479139328,0.1399044692516327,0.3048844976554975,0.31823023241718595,0.3011804402051386,0.30753345822979106
69718,AOI-0052,2019-09-07,0.2506951381881753,озимая пшеница,2019,1,3,audit,0.13443146646022797,0.1357184797525406,0.21878747911802635,0.21885970866908422,0.2263722781134892,0.22324186271159305
69729,AOI-0052,2019-09-18,-0.0398441244558971,озимая пшеница,2019,0,3,audit,0.140915647149086,0.13741564750671387,0.10259248194840119,0.09780798081456286,0.10867832503613323,0.10442070552254248
69750,AOI-0052,2019-10-09,0.2328848740150396,озимая пшеница,2019,1,3,audit,0.18257714807987213,0.1945112645626068,0.22548620066065,0.22268953894644425,0.23214145060176633,0.22836354739443593
69758,AOI-0052,2019-10-17,0.1615054370489272,озимая пшеница,2019,1,3,audit,0.1748630702495575,0.1748630702495575,0.2023556887679344,0.19734165955213842,0.17674392987962745,0.18559469219757316
69773,AOI-0052,2020-04-02,0.1922087229368783,озимая пшеница,2020,1,3,audit,0.3264874219894409,0.3264874219894409,0.2075848496603034,0.19838636448302077,0.21463660737216686,0.20838563810712346
69836,AOI-0052,2020-06-04,0.5564063533914991,озимая пшеница,2020,0,3,audit,0.5619428753852844,0.623761773109436,0.48633118887905097,0.48341536520500156,0.5058460507173075,0.49667358668440775
69837,AOI-0052,2020-06-05,0.6105209737859816,озимая пшеница,2020,1,3,audit,0.5866703987121582,0.623761773109436,0.5754997349805249,0.5782628334837625,0.5689850167383673,0.5726923363103607
69841,AOI-0052,2020-06-09,0.6729656401158708,озимая пшеница,2020,0,3,audit,0.6855806708335876,0.623761773109436,0.6803926373102263,0.6843359209766539,0.6400008913283415,0.6582318185371712
69869,AOI-0052,2020-07-07,0.5889259539579995,озимая пшеница,2020,1,3,audit,0.6522479057312012,0.6450942158699036,0.6530190100452133,0.6620064604506224,0.6708829618195319,0.6666890349840479
69877,AOI-0052,2020-07-15,0.630685606568534,озимая пшеница,2020,1,3,audit,0.46797239780426025,0.5031079053878784,0.6132664315898585,0.6235802716955723,0.6254937617164036,0.6241237512990616
69924,AOI-0052,2020-08-31,0.4557026194833541,озимая пшеница,2020,1,3,audit,0.4209056496620178,0.4374828338623047,0.4465515179435528,0.45677367006892244,0.444162588927729,0.44884215990209586
69937,AOI-0052,2020-09-13,0.4289519364943758,озимая пшеница,2020,2,3,audit,0.42360612750053406,0.4347071349620819,0.46150929668914975,0.45924966147362034,0.44951487755596997,0.4536917529711054
69951,AOI-0052,2020-09-27,0.3957808357869382,озимая пшеница,2020,0,3,audit,0.4287342429161072,0.4287342429161072,0.3562142372618016,0.36220851814109756,0.343377018458166,0.35088042398560315
69961,AOI-0052,2020-10-07,0.4258650482197574,озимая пшеница,2020,0,3,audit,0.38132548332214355,0.3400062024593353,0.3134757889178693,0.3103097212129819,0.354335085724265,0.33618979524023246
69966,AOI-0052,2020-10-12,0.0891303878585696,озимая пшеница,2020,0,3,audit,0.2780272662639618,0.3400062024593353,0.21694428994515472,0.20885382907424715,0.24111265062258883,0.22813798889906572
70013,AOI-0052,2021-04-29,0.7458168077789434,озимая пшеница,2021,1,3,audit,0.5499476790428162,0.6658461689949036,0.752314452459213,0.7561370192934725,0.6640409257098018,0.7021546008788825
70074,AOI-0052,2021-06-29,0.3939927492448627,озимая пшеница,2021,0,3,audit,0.3710233271121979,0.3710233271121979,0.3534315057968275,0.33063935935194694,0.37534632636959697,0.35800907149235883
70076,AOI-0052,2021-07-01,0.4102026424387099,озимая пшеница,2021,1,3,audit,0.34261369705200195,0.3710233271121979,0.34700397400451966,0.3493101392534739,0.3648688153609675,0.3582657065221788
70084,AOI-0052,2021-07-09,0.2148633263250583,озимая пшеница,2021,0,3,audit,0.2985626757144928,0.3113538920879364,0.25187056611901665,0.2513801797872235,0.24281525601561219,0.24640687424873373
70104,AOI-0052,2021-07-29,0.1644974709386827,озимая пшеница,2021,0,3,audit,0.316600501537323,0.30482277274131775,0.2064418534718802,0.2101581177903622,0.19568229131639833,0.20149977238157574
70109,AOI-0052,2021-08-03,0.1905513875527478,озимая пшеница,2021,0,3,audit,0.28562185168266296,0.28755080699920654,0.2006261945838332,0.20177994264884433,0.1974948694969331,0.1992139500799427
70114,AOI-0052,2021-08-08,0.1552399746838738,озимая пшеница,2021,0,3,audit,0.28776514530181885,0.28755080699920654,0.15796678179048643,0.16559324921890248,0.15434578585237269,0.1586022630131687
70134,AOI-0052,2021-08-28,0.1466253388212462,озимая пшеница,2021,0,3,audit,0.25226786732673645,0.23048651218414307,0.15881444095181999,0.1546288600685008,0.16124716517645604,0.15872574089495922
70151,AOI-0052,2021-09-14,0.2814459063078457,озимая пшеница,2021,2,3,audit,0.17014004290103912,0.17014004290103912,0.21956632923936129,0.23755356714595957,0.2606486251891293,0.2500369591622803
70189,AOI-0052,2021-10-22,0.1913013130269711,озимая пшеница,2021,0,3,audit,0.22425754368305206,0.22059877216815948,0.21856040635046753,0.21472369944720254,0.21157930274230907,0.21310127537962675
70261,AOI-0052,2022-06-03,0.8560719376922511,озимая пшеница,2022,1,3,audit,0.8747694492340088,0.8511071801185608,0.8670597125509325,0.8802351620908037,0.8666499278458165,0.8715706227559875
70288,AOI-0052,2022-06-30,0.2569925218606413,озимая пшеница,2022,1,3,audit,0.2177686244249344,0.20409835875034332,0.29633122549921476,0.2976062758971922,0.2930722596248623,0.2948881919099969
70308,AOI-0052,2022-07-20,0.2164541429065704,озимая пшеница,2022,1,3,audit,0.20984295010566711,0.20984295010566711,0.2034087797731109,0.20444742884846778,0.2386472780330926,0.2243570458302788
70316,AOI-0052,2022-07-28,0.2260675555270437,озимая пшеница,2022,1,3,audit,0.1280754804611206,0.1247040405869484,0.27595074008357573,0.27335002348331006,0.2837530707329753,0.27956844781895596
70324,AOI-0052,2022-08-05,0.2405121657254401,озимая пшеница,2022,1,3,audit,0.14631155133247375,0.14666952192783356,0.17411233289491765,0.18443216835875917,0.18121615347484366,0.1819804816473663
70344,AOI-0052,2022-08-25,0.2556393345655932,озимая пшеница,2022,1,3,audit,0.19039082527160645,0.1851143091917038,0.22429670410563585,0.2234158186670891,0.23694402526711242,0.23136318533049066
70356,AOI-0052,2022-09-06,0.2295480891842372,озимая пшеница,2022,1,3,audit,0.17464613914489746,0.1716088056564331,0.19888023384456366,0.1994079865153028,0.19631188548526732,0.1975709892880764
70381,AOI-0052,2022-10-01,0.2506884274114191,озимая пшеница,2022,1,3,audit,0.24114543199539185,0.2316940426826477,0.26179850382767844,0.26162439646651675,0.24639196066115618,0.2527407083988197
70392,AOI-0052,2022-10-12,0.2342678196201047,озимая пшеница,2022,0,3,audit,0.26138004660606384,0.2619764506816864,0.20923611657312605,0.20262245655841507,0.1946938472182604,0.19836126290057887
70417,AOI-0052,2023-04-07,0.4952951231667379,озимая пшеница,2023,2,3,audit,0.2737119793891907,0.26373010873794556,0.447490067506388,0.4471602290065453,0.4388523140919805,0.4423280462834549
70449,AOI-0052,2023-05-09,0.5533109497365798,озимая пшеница,2023,2,3,audit,0.3231726288795471,0.3206731379032135,0.5180914963729556,0.5092425840482351,0.49246344005118525,0.4999383896027456
70453,AOI-0052,2023-05-13,0.3221738348839604,озимая пшеница,2023,1,3,audit,0.2939116954803467,0.2717827558517456,0.3131447629976177,0.3048954522058623,0.34091585277751585,0.32638462488877584
70460,AOI-0052,2023-05-20,0.3189430121439647,озимая пшеница,2023,1,3,audit,0.21575291454792023,0.21575291454792023,0.20529517181159856,0.21245044364532642,0.228595992205212,0.22147892461653107
70513,AOI-0052,2023-07-12,0.7503040224975084,озимая пшеница,2023,2,3,audit,0.7762097716331482,0.7716076374053955,0.7195454282057254,0.7343588943973568,0.7595369635742384,0.7482349799017132
70516,AOI-0052,2023-07-15,0.7529459567547797,озимая пшеница,2023,1,3,audit,0.8038226962089539,0.7716076374053955,0.718383003525127,0.7325513568058206,0.7374334196856983,0.734613616242543
70549,AOI-0052,2023-08-17,0.5915418088279133,озимая пшеница,2023,1,3,audit,0.5878438353538513,0.5878438353538513,0.610158695182861,0.6099168475952085,0.6071266352486596,0.6083012503001779
70555,AOI-0052,2023-08-23,0.3970399470621401,озимая пшеница,2023,0,3,audit,0.47877237200737,0.49878522753715515,0.38064210189152886,0.39426401685802215,0.3846561245254841,0.38789679205495997
70556,AOI-0052,2023-08-24,0.3656656557254808,озимая пшеница,2023,1,3,audit,0.46543046832084656,0.49878522753715515,0.40170505734338857,0.41758036085664396,0.42644016804913043,0.42187005608929895
70600,AOI-0052,2023-10-07,0.2004668462078025,озимая пшеница,2023,0,3,audit,0.2327548861503601,0.23196294903755188,0.1835761781587738,0.18442159855102974,0.1959179831409567,0.19108667259052967
70615,AOI-0052,2023-10-22,0.0682030420108657,озимая пшеница,2023,0,3,audit,0.07023654133081436,0.07023654133081436,0.1295075810965997,0.1348693031196547,0.11520466676692499,0.12308997245534989
70628,AOI-0052,2024-04-05,0.7001442979078043,озимая пшеница,2024,1,3,audit,0.7270954251289368,0.7270954251289368,0.644624551352515,0.6675271940845394,0.6699456786495785,0.6676652677038923
70632,AOI-0052,2024-04-09,0.7456908856142157,озимая пшеница,2024,0,3,audit,0.7830487489700317,0.7837876677513123,0.7672056188775155,0.7724709926622441,0.7210563388264872,0.7421599506985601
70657,AOI-0052,2024-05-04,0.8756787257866296,озимая пшеница,2024,0,3,audit,0.787487804889679,0.6981896162033081,0.8506418646242101,0.8412501907367913,0.82199066089013,0.8305280276190203
70672,AOI-0052,2024-05-19,0.7768768158525605,озимая пшеница,2024,0,3,audit,0.8526642322540283,0.8253308534622192,0.8097177308105364,0.8104594448569507,0.8073532153487284,0.808604632707218
70683,AOI-0052,2024-05-30,0.8233680798460019,озимая пшеница,2024,1,3,audit,0.7946755290031433,0.8035264015197754,0.8139209376392132,0.8123528059243794,0.7788451275949958,0.7928767611745071
70684,AOI-0052,2024-05-31,0.8140384893286727,озимая пшеница,2024,1,3,audit,0.7858245968818665,0.8035264015197754,0.843917616310923,0.8436480012189697,0.8173822131368661,0.8283278645247334
70700,AOI-0052,2024-06-16,0.7551200596632635,озимая пшеница,2024,1,3,audit,0.2982410490512848,0.3642251789569855,0.4007190146096767,0.39217098491702435,0.4028260374797383,0.39886735670094453
70724,AOI-0052,2024-07-10,0.190498264330046,озимая пшеница,2024,1,3,audit,0.2170753926038742,0.2170753926038742,0.15945248105416107,0.15181567988054145,0.17881956685687303,0.16800654093144252
70731,AOI-0052,2024-07-17,0.1807856291228024,озимая пшеница,2024,1,3,audit,0.11192195117473602,0.11547049880027771,0.1833776462892759,0.1785794375209787,0.19338969947619877,0.18749322369989674
70748,AOI-0052,2024-08-03,0.1908589617339168,озимая пшеница,2024,1,3,audit,0.1431240290403366,0.14537657797336578,0.19035317785616962,0.1844015838699904,0.19483852136817428,0.1908261852862162
70773,AOI-0052,2024-08-28,0.2178836679481704,озимая пшеница,2024,2,3,audit,0.16189758479595184,0.14844654500484467,0.1928602115276407,0.2000552056387957,0.19510499548876262,0.1967648360301897
74036,AOI-0055,2010-04-30,0.3429673123665954,озимая пшеница,2010,1,3,audit,0.3850788474082947,0.42910221219062805,0.3799476654463584,0.3713534170228047,0.36819905720924484,0.36998981130598185
74040,AOI-0055,2010-05-25,0.5683,озимая пшеница,2010,2,3,audit,0.558430016040802,0.554272472858429,0.5870320918454103,0.6203478060603178,0.6170269362718505,0.6165557690989057
74045,AOI-0055,2010-07-19,0.543232201989013,озимая пшеница,2010,1,3,audit,0.5658438801765442,0.5643332600593567,0.5529755093052405,0.5572620566606081,0.5678815975927779,0.5632237798974451
74053,AOI-0055,2010-09-06,0.3318436374005418,озимая пшеница,2010,1,3,audit,0.34022247791290283,0.382387638092041,0.3410763328284683,0.3429417157259607,0.32942324318648897,0.3349452701872802
74063,AOI-0055,2011-05-09,0.5334,озимая пшеница,2011,2,3,audit,0.34095171093940735,0.35850974917411804,0.5598267019107066,0.5699042965331635,0.5310401880759605,0.5466531437244353
74064,AOI-0055,2011-05-25,0.5255000000000001,озимая пшеница,2011,2,3,audit,0.4533231854438782,0.35850974917411804,0.6043486056968999,0.6054108368510106,0.5703678696968748,0.5848921100034964
74071,AOI-0055,2011-06-20,0.5610527483738943,озимая пшеница,2011,1,3,audit,0.5906873345375061,0.5788280963897705,0.5458274028260197,0.5364721886171963,0.5880497250732676,0.5671058234926686
74072,AOI-0055,2011-06-26,0.6452,озимая пшеница,2011,2,3,audit,0.5728984475135803,0.5788280963897705,0.5740940044178819,0.5909088299611477,0.5931537242848038,0.5912841848902733
74074,AOI-0055,2011-07-07,0.668823705613156,озимая пшеница,2011,1,3,audit,0.5488085746765137,0.5599251389503479,0.526528234179996,0.5106106083657891,0.551523790205694,0.5353829493031435
74094,AOI-0055,2012-04-04,0.1758554418807603,озимая пшеница,2012,1,3,audit,0.359499990940094,0.359499990940094,0.22231453979562235,0.21903340561532414,0.20764146285852986,0.21256479440575055
74098,AOI-0055,2012-05-06,0.4000816665126681,озимая пшеница,2012,1,3,audit,0.47890934348106384,0.4402506947517395,0.4065103992192545,0.3981467369297448,0.390996126415417,0.39443711632315437
74104,AOI-0055,2012-06-23,0.6045690198480784,озимая пшеница,2012,1,3,audit,0.5910742282867432,0.594879150390625,0.5888739204352114,0.600445820483252,0.5964861289338147,0.597490296993467
74111,AOI-0055,2012-08-12,0.4928,озимая пшеница,2012,2,3,audit,0.47116848826408386,0.47414547204971313,0.5416685296189624,0.5530648009955099,0.5273450051613847,0.537414531228878
74121,AOI-0055,2013-04-15,0.3642690318837402,озимая пшеница,2013,1,3,audit,0.3278121054172516,0.40345054864883423,0.3504295575101407,0.34350042570769657,0.3421378154561634,0.3430903019132409
74125,AOI-0055,2013-05-09,0.4123858966882976,озимая пшеница,2013,1,3,audit,0.4578803777694702,0.47798529267311096,0.4732832025249021,0.4869048655057337,0.4580469355528671,0.4692986276290547
74132,AOI-0055,2013-07-04,0.586235702400433,озимая пшеница,2013,1,3,audit,0.5550875067710876,0.5539194941520691,0.5618886148276366,0.5618821135909551,0.5660254231625504,0.5643015234006361
74138,AOI-0055,2013-08-05,0.6707448444471578,озимая пшеница,2013,1,3,audit,0.5059381127357483,0.5057429075241089,0.5469551701064495,0.5351818436700561,0.5452945394835221,0.5417409685948759
74142,AOI-0055,2013-08-29,0.5325,озимая пшеница,2013,2,3,audit,0.45915889739990234,0.4566136300563812,0.5020193694483145,0.49033417818911734,0.4790816108032746,0.48441441090414644
74158,AOI-0055,2014-05-20,0.5366507525330779,озимая пшеница,2014,1,3,audit,0.47991499304771423,0.5118290185928345,0.5039697439386585,0.5065451886659736,0.5030111824157572,0.5043386213351905
74162,AOI-0055,2014-06-26,0.6197,озимая пшеница,2014,2,3,audit,0.6786013841629028,0.6393570303916931,0.6172975882165129,0.6085001337312108,0.6208496882169304,0.6161997051084305
74168,AOI-0055,2014-07-28,0.5143,озимая пшеница,2014,2,3,audit,0.606216549873352,0.6166511178016663,0.5580860047615049,0.5416526424098252,0.5396705494284298,0.5414095039282831
74171,AOI-0055,2014-08-07,0.4675016939868723,озимая пшеница,2014,1,3,audit,0.4916766285896301,0.49533379077911377,0.4977649757724501,0.5026032954245826,0.4717991780026173,0.4843493548005714
74176,AOI-0055,2014-08-23,0.3398961419910052,озимая пшеница,2014,1,3,audit,0.41289302706718445,0.4082166850566864,0.413539209777609,0.41623892551276664,0.39025776177875376,0.40091979799601263
74181,AOI-0055,2014-09-16,0.4001258296929659,озимая пшеница,2014,1,3,audit,0.4468249976634979,0.44269999861717224,0.3826379374265652,0.3752589471748924,0.3977223658495357,0.3887845405635991
74201,AOI-0055,2015-06-08,0.5592017228712993,озимая пшеница,2015,1,3,audit,0.5349401235580444,0.550549328327179,0.5412450502854174,0.5548038788589146,0.555109945813119,0.554228373027457
74202,AOI-0055,2015-06-10,0.5361,озимая пшеница,2015,2,3,audit,0.5453462600708008,0.550549328327179,0.5914510397181688,0.6290594747332275,0.5913510323536109,0.6049516654285154
74204,AOI-0055,2015-06-26,0.6057,озимая пшеница,2015,2,3,audit,0.5896291136741638,0.5937808156013489,0.5889265587763165,0.6148185574793814,0.5859842175081296,0.5965435627712454
74205,AOI-0055,2015-07-02,0.6562203054491503,озимая пшеница,2015,1,3,audit,0.5995931625366211,0.5937808156013489,0.5764608149078724,0.5838426447289583,0.5594186820478534,0.5691722407085016
74207,AOI-0055,2015-07-17,0.7036277443619261,озимая пшеница,2015,1,3,audit,0.5970326066017151,0.5912823677062988,0.5944829951840231,0.6108306421782526,0.6070998675491182,0.6077431226339691
74218,AOI-0055,2015-08-29,0.5004000000000001,озимая пшеница,2015,2,3,audit,0.5020981431007385,0.49441617727279663,0.49742521220613367,0.49267836401069715,0.48565194895791053,0.48884007122135487
74232,AOI-0055,2015-10-29,0.3084152593355371,озимая пшеница,2015,1,3,audit,0.34722936153411865,0.36803120374679565,0.29948357608447546,0.2957109146232099,0.29525467211881506,0.29565439190393594
74236,AOI-0055,2016-04-22,0.4759,озимая пшеница,2016,2,3,audit,0.41845619678497314,0.3758194148540497,0.5185968384029279,0.5259354538889267,0.5134876317440848,0.518259656489272
74250,AOI-0055,2016-07-11,0.5888,озимая пшеница,2016,2,3,audit,0.6705610156059265,0.6516513228416443,0.5782061843782337,0.5708741154381507,0.5817703976775223,0.5776436907708045
74264,AOI-0055,2016-09-14,0.544231301608702,озимая пшеница,2016,1,3,audit,0.500541090965271,0.5086418986320496,0.5193196437174562,0.5205162077398923,0.5194574601537754,0.5198315057457964
74266,AOI-0055,2016-10-07,0.4212083265064677,озимая пшеница,2016,1,3,audit,0.5079483985900879,0.5079483985900879,0.489538526978556,0.49928113407432684,0.5021553299451289,0.5004172909066812
74268,AOI-0055,2016-10-24,0.3237689961445655,озимая пшеница,2016,1,3,audit,0.4979967474937439,0.4979967474937439,0.42913979747553577,0.4279489427195156,0.4467032815729137,0.4389647993967111
74274,AOI-0055,2017-05-01,0.3784765341832356,озимая пшеница,2017,0,3,audit,0.42493975162506104,0.41206154227256775,0.4097698434258888,0.40479781233183015,0.40150793100478216,0.40315359957348207
74277,AOI-0055,2017-05-06,0.4095060776409067,озимая пшеница,2017,0,3,audit,0.49928832054138184,0.5200735926628113,0.40636678175869556,0.4018558340463153,0.42454386218920825,0.41535303135699886
74288,AOI-0055,2017-06-13,0.6471392801158657,озимая пшеница,2017,1,3,audit,0.6264781951904297,0.6272282600402832,0.6271940097110781,0.6323001509325663,0.6412881810445834,0.6372637362838801
74289,AOI-0055,2017-06-20,0.6466987109176571,озимая пшеница,2017,1,3,audit,0.6279783248901367,0.6272282600402832,0.612648319362214,0.6158709084794934,0.6132455253068024,0.614158838664474
74295,AOI-0055,2017-07-12,0.6023000000000001,озимая пшеница,2017,2,3,audit,0.614399790763855,0.6246269345283508,0.5944499321098171,0.6087865357504761,0.5668798848525123,0.5835221068095019
74305,AOI-0055,2017-08-09,0.4721064418387605,озимая пшеница,2017,0,3,audit,0.45825129747390747,0.4590608775615692,0.49759211415053944,0.48827228604861095,0.4800920098981065,0.48401468702590333
74306,AOI-0055,2017-08-13,0.4808,озимая пшеница,2017,2,3,audit,0.45987045764923096,0.4590608775615692,0.4786596823615078,0.48865550285518056,0.4753705040768926,0.48034311918969724
74315,AOI-0055,2017-09-16,0.3483920452713624,озимая пшеница,2017,1,3,audit,0.41395992040634155,0.422294944524765,0.3721853530065978,0.381506059135435,0.37814324267048977,0.37902423908094385
74325,AOI-0055,2018-04-04,0.2915038658867928,озимая пшеница,2018,1,3,audit,0.21819321811199188,0.21819321811199188,0.16582306442732694,0.16585823269364608,0.21353880478380438,0.1936943125391017
74340,AOI-0055,2018-06-10,0.5284,озимая пшеница,2018,2,3,audit,0.5167009830474854,0.5163870453834534,0.5297768987242496,0.5480224755362816,0.5452874061573709,0.5454107217954567
74341,AOI-0055,2018-06-15,0.5328476860753267,озимая пшеница,2018,0,3,audit,0.5163085460662842,0.5163870453834534,0.5254196314735814,0.526764423188119,0.5080541695678158,0.5157657427818206
74343,AOI-0055,2018-06-26,0.4972,озимая пшеница,2018,2,3,audit,0.5351032614707947,0.53350430727005,0.5243550481325939,0.5285095149459086,0.5316269065212225,0.5300984970239783
74349,AOI-0055,2018-07-18,0.4428804706036831,озимая пшеница,2018,1,3,audit,0.5626480579376221,0.5652560591697693,0.5534106132248275,0.5526270767398269,0.5600883228586103,0.5570268673927143
74360,AOI-0055,2018-09-11,0.4125103816696575,озимая пшеница,2018,1,3,audit,0.4180435836315155,0.42399635910987854,0.41993441495838657,0.42670202646478633,0.4295595497259694,0.427993931346401
74369,AOI-0055,2018-10-06,0.4790447137156093,озимая пшеница,2018,1,3,audit,0.42818307876586914,0.4539887011051178,0.45043652368820575,0.45438037430862943,0.4419717179732897,0.446916275309874
74374,AOI-0055,2018-10-29,0.4622492547965423,озимая пшеница,2018,1,3,audit,0.41509371995925903,0.42820432782173157,0.4073747535682295,0.4196789243498142,0.41112120412288006,0.4139981353647394
74377,AOI-0055,2019-04-07,0.3524530625872166,озимая пшеница,2019,1,3,audit,0.3177879750728607,0.3459905683994293,0.42960475650796603,0.43650607092711585,0.3446998792947582,0.3825216567508465
74382,AOI-0055,2019-05-16,0.4729905079555271,озимая пшеница,2019,0,3,audit,0.4405846893787384,0.4900912642478943,0.46712489342976066,0.4518724545797974,0.47623098961642446,0.4669424567142424
74384,AOI-0055,2019-05-21,0.478049888762078,озимая пшеница,2019,0,3,audit,0.49914124608039856,0.49914124608039856,0.48251621695230323,0.46381186750915593,0.4954460783533256,0.483321742737619
74408,AOI-0055,2019-08-22,0.5211517415220622,озимая пшеница,2019,1,3,audit,0.44851574301719666,0.4828450381755829,0.5133161966746119,0.5234670144437648,0.5110572334333018,0.5156570001641558
74415,AOI-0055,2019-09-15,0.3395229020493412,озимая пшеница,2019,1,3,audit,0.45688363909721375,0.455844908952713,0.43831049534227545,0.44139070781773254,0.4186193592090257,0.42792444806593866
74416,AOI-0055,2019-09-23,-0.0056383573759714,озимая пшеница,2019,0,3,audit,0.4556965231895447,0.455844908952713,0.3180641829322902,0.3397314324261366,0.3525070435747852,0.3459851746027114
74422,AOI-0055,2019-10-18,0.386195230358368,озимая пшеница,2019,0,3,audit,0.38900619745254517,0.3854188323020935,0.3179476503981507,0.323257177907987,0.3534464416470052,0.3405876720199854
74426,AOI-0055,2019-10-28,0.3237521171596802,озимая пшеница,2019,0,3,audit,0.40836068987846375,0.40836068987846375,0.3348712533360538,0.3257113658511116,0.3544919933064008,0.3430242876387596
74429,AOI-0055,2020-04-09,0.3225267204740463,озимая пшеница,2020,1,3,audit,0.3243921101093292,0.3447614014148712,0.3287569927885346,0.314329320770036,0.3236942523480606,0.3205995140212503
74438,AOI-0055,2020-05-11,0.4979222669761762,озимая пшеница,2020,1,3,audit,0.5206466317176819,0.5156932473182678,0.46183105513030404,0.4679462228398029,0.4667396167315337,0.46690160023433835
74439,AOI-0055,2020-05-12,0.4748672542944717,озимая пшеница,2020,1,3,audit,0.5189955234527588,0.5156932473182678,0.4772967859539012,0.46785876651111635,0.4577422242473792,0.4624772636374973
74442,AOI-0055,2020-05-27,0.566810864294482,озимая пшеница,2020,1,3,audit,0.5259396433830261,0.5318597555160522,0.5247767082254857,0.5120553867799973,0.5566509357655951,0.5387998648144383
74452,AOI-0055,2020-07-04,0.5355165396454584,озимая пшеница,2020,0,3,audit,0.5368754863739014,0.5376319885253906,0.5367018993667896,0.5338849341810371,0.5265228365023922,0.5297433064338188
74453,AOI-0055,2020-07-06,0.5178103166492949,озимая пшеница,2020,1,3,audit,0.5353624820709229,0.5376319885253906,0.5407517531728318,0.5439348343525864,0.5492341609628065,0.5468517597453989
74459,AOI-0055,2020-07-24,0.5047273569996532,озимая пшеница,2020,0,3,audit,0.5727109909057617,0.5624342560768127,0.5599264189188015,0.5823276459770531,0.590657450194229,0.5859449015342855
74460,AOI-0055,2020-07-27,0.5195000000000001,озимая пшеница,2020,2,3,audit,0.5521575212478638,0.5624342560768127,0.5398104546515851,0.5532717908504411,0.5394740146377894,0.5444672578076588
74462,AOI-0055,2020-07-30,0.5468358106524139,озимая пшеница,2020,1,3,audit,0.5443398952484131,0.5443398952484131,0.5493482844927524,0.5648135370944186,0.5608666681390791,0.5616489347164868
74466,AOI-0055,2020-08-08,0.4965071452742056,озимая пшеница,2020,0,3,audit,0.5095736384391785,0.5204585194587708,0.5165574034979232,0.5258075793731173,0.523115561291977,0.5237213244143946
74495,AOI-0055,2021-04-23,0.4382,озимая пшеница,2021,2,3,audit,0.4284638464450836,0.4190305769443512,0.4741928091622122,0.5144183548546988,0.48510686025816696,0.4950674815397932
74497,AOI-0055,2021-04-30,0.3681927219759033,озимая пшеница,2021,0,3,audit,0.4003922939300537,0.40084871649742126,0.36012787534406965,0.3591863896341942,0.3689962614866039,0.3649661981476352
74505,AOI-0055,2021-05-25,0.5794748553307548,озимая пшеница,2021,0,3,audit,0.5412871241569519,0.5655791163444519,0.5913125517717521,0.6214596108196206,0.5781147236892858,0.5944760290341166
74511,AOI-0055,2021-06-24,0.6136813074326787,озимая пшеница,2021,0,3,audit,0.5748633146286011,0.5779724717140198,0.5721099231074974,0.5915920258808529,0.574870177889439,0.5807453884845
74513,AOI-0055,2021-07-02,0.6162423728646581,озимая пшеница,2021,1,3,audit,0.6027429103851318,0.6040297746658325,0.6244196745977592,0.6188038291706148,0.6033417712284772,0.6100887707580658
74521,AOI-0055,2021-07-24,0.6023815996473744,озимая пшеница,2021,0,3,audit,0.5300098657608032,0.5489420294761658,0.5734284569790508,0.5666857676299806,0.5525617684909881,0.5588146073708634
74532,AOI-0055,2021-08-28,0.5832411726001231,озимая пшеница,2021,0,3,audit,0.5183992385864258,0.5089489221572876,0.5759988758491298,0.5686239832199596,0.5583947631206737,0.5630619338885638
74546,AOI-0055,2021-10-22,0.4075923398651502,озимая пшеница,2021,0,3,audit,0.42808717489242554,0.4207005500793457,0.3951300048791218,0.40205563798859334,0.3978521402265529,0.3992162152790234
74552,AOI-0055,2022-05-09,0.5134457806931862,озимая пшеница,2022,1,3,audit,0.497166246175766,0.4798552095890045,0.556511076738462,0.5914250510489485,0.5382289615833382,0.5584247430641542
74557,AOI-0055,2022-06-02,0.5570064323750005,озимая пшеница,2022,1,3,audit,0.527238130569458,0.5372969508171082,0.5293614312864983,0.5268390108734469,0.5472944012077813,0.538922084472086
74562,AOI-0055,2022-06-19,0.5879299887439153,озимая пшеница,2022,0,3,audit,0.5743597149848938,0.5615626573562622,0.559388622452573,0.5623642835203659,0.572393485922501,0.5680542581249222
74566,AOI-0055,2022-07-04,0.5285886987547052,озимая пшеница,2022,0,3,audit,0.563190221786499,0.5681937336921692,0.5599216437986563,0.545972435816006,0.5159484083041496,0.5292189907484185
74573,AOI-0055,2022-07-24,0.5786062615994572,озимая пшеница,2022,0,3,audit,0.5851617455482483,0.5851617455482483,0.5430737251312804,0.5472675263582304,0.5184857968857012,0.5302301965900688
74575,AOI-0055,2022-07-29,0.5792320541098057,озимая пшеница,2022,0,3,audit,0.6211169362068176,0.6312784552574158,0.625961977732488,0.6179362293145665,0.6141331065662639,0.6161622245215999
74576,AOI-0055,2022-08-03,0.2407013530617922,озимая пшеница,2022,0,3,audit,0.6380528807640076,0.6312784552574158,0.551056895267019,0.5482703624469627,0.5609177733161925,0.5558094818735025
74599,AOI-0055,2023-04-07,0.4875,озимая пшеница,2023,2,3,audit,0.4010261297225952,0.40709319710731506,0.5008932318041973,0.505576139746293,0.4758470958288498,0.48795851946993146
74603,AOI-0055,2023-04-27,0.4899414577215237,озимая пшеница,2023,1,3,audit,0.5097737312316895,0.4951240122318268,0.4887055916558203,0.47405223619659453,0.520625766655307,0.5020590158585787
74604,AOI-0055,2023-05-04,0.5045488354577999,озимая пшеница,2023,1,3,audit,0.4804742932319641,0.4951240122318268,0.5023887379022847,0.488116111821611,0.522337560169406,0.50889001940928
74606,AOI-0055,2023-05-09,0.5820000000000001,озимая пшеница,2023,2,3,audit,0.5230141282081604,0.5171734690666199,0.6320525085714304,0.63689872114499,0.6071434991669808,0.6192567332365235
74614,AOI-0055,2023-06-10,0.5816,озимая пшеница,2023,2,3,audit,0.6067555546760559,0.6230417490005493,0.6169457865957356,0.6591385945269925,0.6016234657585549,0.6232117589921204
74619,AOI-0055,2023-06-28,0.6030650836334949,озимая пшеница,2023,1,3,audit,0.6267063021659851,0.6267063021659851,0.5936025950453683,0.5931991864331512,0.6152033125712255,0.6060686120928592
74622,AOI-0055,2023-07-07,0.5880819305772444,озимая пшеница,2023,1,3,audit,0.5629038214683533,0.5628830194473267,0.5894001948578486,0.5971659156539574,0.6102758168702819,0.6043880950163456
74624,AOI-0055,2023-07-15,0.597043116625229,озимая пшеница,2023,1,3,audit,0.5882675051689148,0.5967566967010498,0.5934345675594391,0.5816065405068429,0.604679239535761,0.5957353337070037
74654,AOI-0055,2023-09-26,0.4155433550619244,озимая пшеница,2023,1,3,audit,0.39848774671554565,0.39848774671554565,0.42068159571965663,0.4150156674166897,0.40332704403700775,0.4085064935541342
74661,AOI-0055,2023-10-12,0.3805323444797401,озимая пшеница,2023,0,3,audit,0.3857192397117615,0.38410913944244385,0.3484653196325509,0.34556290420020047,0.3486445502672561,0.3475235511011707
74666,AOI-0055,2024-04-04,0.3888754887514453,озимая пшеница,2024,0,3,audit,0.3652770221233368,0.3652770221233368,0.34027864685565745,0.34159260957600784,0.3698637478661241,0.3580254676232958
74670,AOI-0055,2024-04-13,0.4469423322212602,озимая пшеница,2024,1,3,audit,0.4261765480041504,0.4489052891731262,0.4609409631153246,0.4559961952608564,0.44686778509066,0.4509416735035072
74677,AOI-0055,2024-05-09,0.4614528561410851,озимая пшеница,2024,0,3,audit,0.5340245962142944,0.41173532605171204,0.4891581421256268,0.483756336509523,0.4713366061209632,0.47680561823945133
74680,AOI-0055,2024-05-23,0.4977097156290617,озимая пшеница,2024,1,3,audit,0.49065956473350525,0.49065956473350525,0.5066637339978141,0.5056849862428022,0.5098907821564077,0.5081949589560908
74690,AOI-0055,2024-06-28,0.474108012013909,озимая пшеница,2024,0,3,audit,0.4561511278152466,0.4561511278152466,0.4204243245054059,0.42670641569980516,0.4354504497767561,0.4314621338490604
74710,AOI-0055,2024-08-26,0.4336927074042604,озимая пшеница,2024,1,3,audit,0.3677525818347931,0.40133461356163025,0.44500721951171696,0.4463411057740226,0.4315211905859279,0.437614384370439
74715,AOI-0055,2024-09-04,0.4633333750829774,озимая пшеница,2024,1,3,audit,0.4177156984806061,0.4142341613769531,0.42961304512318305,0.4249842728891926,0.43107301558027833,0.42879662389266227
74719,AOI-0055,2024-09-13,0.4559,озимая пшеница,2024,2,3,audit,0.41410523653030396,0.4052085280418396,0.446636092700373,0.443473040506977,0.44413634743050123,0.444036251344191
74726,AOI-0055,2024-09-28,0.4017312829892047,озимая пшеница,2024,1,3,audit,0.43895164132118225,0.43895164132118225,0.36142638920458625,0.3584778389405041,0.3839571112130204,0.3735177811911937
74730,AOI-0055,2024-10-06,0.3432004197032182,озимая пшеница,2024,0,3,audit,0.3795163035392761,0.3832423985004425,0.3256749129824122,0.3144708634830158,0.32070217771820025,0.3187321997515133
74735,AOI-0056,2010-04-07,0.3382758496558837,озимая пшеница,2010,1,3,audit,0.34974533319473267,0.39832037687301636,0.43648419880680256,0.4165079928666162,0.3711750149021788,0.3911517504412682
74746,AOI-0056,2010-06-26,0.4290443906075288,озимая пшеница,2010,2,3,audit,0.4541389048099518,0.4479696750640869,0.5515594553912805,0.5080694456935569,0.5254205320463606,0.520618885127169
74749,AOI-0056,2010-07-27,0.32077479241024,озимая пшеница,2010,1,3,audit,0.30821359157562256,0.3421991467475891,0.3165690296711537,0.32206690278728495,0.3138200230454563,0.3169461923143788
74757,AOI-0056,2010-09-05,0.2479056628216336,озимая пшеница,2010,1,3,audit,0.23991824686527252,0.23719722032546997,0.24607776880538104,0.23512523081569955,0.22813547477531762,0.23165352877978604
74764,AOI-0056,2011-04-07,0.2827997763697353,озимая пшеница,2011,2,3,audit,0.19114112854003906,0.195386603474617,0.296996694912692,0.3035071746263149,0.3015070543701215,0.3019772742300031
74775,AOI-0056,2011-06-12,0.598575641692707,озимая пшеница,2011,1,3,audit,0.6826189160346985,0.7044925093650818,0.6519497927686907,0.6525679247961537,0.6341298271867827,0.6417685611470529
74780,AOI-0056,2011-07-07,0.8036005746330813,озимая пшеница,2011,1,3,audit,0.7748702764511108,0.7625473737716675,0.7809684339504462,0.7838733743328415,0.7966906595511395,0.7911950893316789
74782,AOI-0056,2011-07-15,0.6994607262416577,озимая пшеница,2011,1,3,audit,0.7156565189361572,0.6683123707771301,0.7368015073662381,0.751023516808964,0.7693021907803932,0.7609043283164707
74789,AOI-0056,2011-08-23,0.4226883062343667,озимая пшеница,2011,1,3,audit,0.4647032618522644,0.47497159242630005,0.46971667258383604,0.46190049077678313,0.43821196182596395,0.4485048454799745
74791,AOI-0056,2011-08-31,0.3948930230625343,озимая пшеница,2011,1,3,audit,0.40104153752326965,0.35175636410713196,0.3666381348406699,0.3669689768018126,0.377323248491643,0.372995857696898
74808,AOI-0056,2012-05-08,0.7170676108833394,озимая пшеница,2012,2,3,audit,0.5335457921028137,0.4837971329689026,0.6847677851415267,0.6721142530634797,0.6755644392375687,0.6748324697835162
74822,AOI-0056,2012-08-12,0.329970145359672,озимая пшеница,2012,2,3,audit,0.3061363399028778,0.2977319359779358,0.3827965472563704,0.38336775273925006,0.373246716456439,0.3774268692136032
74825,AOI-0056,2012-09-11,0.237777090836509,озимая пшеница,2012,1,3,audit,0.2671516537666321,0.2856457829475403,0.2083956032190876,0.20421140591652412,0.21336857940038184,0.20979051392193135
74831,AOI-0056,2012-10-20,0.3483192632295967,озимая пшеница,2012,1,3,audit,0.47706547379493713,0.47706547379493713,0.3557859309443421,0.3528058920241407,0.34496802819597244,0.3483955617382517
74832,AOI-0056,2013-04-07,0.6135325754752143,озимая пшеница,2013,2,3,audit,0.6132282614707947,0.6132282614707947,0.5951544959562516,0.5901723888687145,0.5659705586941312,0.576319411890951
74839,AOI-0056,2013-05-25,0.6600858802528806,озимая пшеница,2013,1,3,audit,0.5666468143463135,0.5476358532905579,0.702581655710084,0.6910469121165486,0.664141894187523,0.675980180332665
74840,AOI-0056,2013-06-09,0.5831111968602862,озимая пшеница,2013,1,3,audit,0.48517125844955444,0.5476358532905579,0.49123476196030097,0.49577640492098374,0.5102506721737953,0.5039744990862365
74841,AOI-0056,2013-06-10,0.5344706054184815,озимая пшеница,2013,1,3,audit,0.47973954677581787,0.5476358532905579,0.5192550564837046,0.521762199412514,0.4865379825436528,0.5010572786209424
74863,AOI-0056,2013-10-16,0.2572344910588025,озимая пшеница,2013,1,3,audit,0.3515133559703827,0.3515133559703827,0.36896550775367076,0.36657787488390275,0.3474175247115998,0.3555240218873694
74869,AOI-0056,2014-05-04,0.5840597505511999,озимая пшеница,2014,1,3,audit,0.7229025363922119,0.7103509902954102,0.6288147003423031,0.6348931045520211,0.6318007051740849,0.6327495170113602
74876,AOI-0056,2014-06-10,0.6047631458619112,озимая пшеница,2014,2,3,audit,0.7237820029258728,0.716554582118988,0.6713012351029397,0.6723753716364731,0.6823847715118578,0.678159555753042
74880,AOI-0056,2014-06-29,0.6359104351245204,озимая пшеница,2014,1,3,audit,0.47095149755477905,0.5265206098556519,0.4937181206186805,0.4931454427426281,0.46268417639851905,0.4753926571438501
74881,AOI-0056,2014-07-07,0.7217380199684909,озимая пшеница,2014,1,3,audit,0.5450435876846313,0.5265206098556519,0.5845749731303665,0.5855681376156754,0.5756719803506716,0.5797350772459863
74896,AOI-0056,2014-08-31,0.3774475303445358,озимая пшеница,2014,1,3,audit,0.32867348194122314,0.3038862645626068,0.3412342761392265,0.33611796779940184,0.3109378707331262,0.32170130001387376
74902,AOI-0056,2014-10-11,0.2571936025470577,озимая пшеница,2014,1,3,audit,0.2567858099937439,0.25489458441734314,0.23719675030059303,0.23312871748014286,0.2214795514912719,0.22655369866344677
74907,AOI-0056,2015-04-07,0.64552754379426,озимая пшеница,2015,2,3,audit,0.5657095909118652,0.556808352470398,0.5586543093826638,0.551042124004533,0.5459378802671567,0.5484854627955006
74917,AOI-0056,2015-05-25,0.8323797241893404,озимая пшеница,2015,2,3,audit,0.7389338612556458,0.7819184064865112,0.762348494197805,0.7666286804316326,0.7569473232105894,0.7607381913511486
74918,AOI-0056,2015-06-07,0.8416500749465715,озимая пшеница,2015,1,3,audit,0.8320670127868652,0.7819184064865112,0.7674338131018926,0.7729671825922897,0.8059305976232023,0.7919048983927204
74927,AOI-0056,2015-07-25,0.4066107599076193,озимая пшеница,2015,1,3,audit,0.45566603541374207,0.45318636298179626,0.45343455742025635,0.4572175717520047,0.4302790075042192,0.44127921348214777
74932,AOI-0056,2015-08-10,0.3000934134315742,озимая пшеница,2015,1,3,audit,0.3336668908596039,0.33380362391471863,0.3394179817607482,0.334850864879458,0.31264188808803095,0.32213832066421283
74941,AOI-0056,2015-09-14,0.2712212821468505,озимая пшеница,2015,2,3,audit,0.23312042653560638,0.23967288434505463,0.29698573672845846,0.30148691540330286,0.2898338764470281,0.2944329783739133
74943,AOI-0056,2015-09-20,0.2282311301784038,озимая пшеница,2015,1,3,audit,0.25880900025367737,0.23758786916732788,0.23211500487090317,0.2292292826454702,0.21323605033352563,0.22005223965317094
74964,AOI-0056,2016-06-17,0.8520809687900364,озимая пшеница,2016,1,3,audit,0.8238173723220825,0.8282891511917114,0.8270219933313296,0.8317340999777426,0.8245205969806018,0.827260428519063
74972,AOI-0056,2016-07-20,0.2785568564342252,озимая пшеница,2016,1,3,audit,0.5994487404823303,0.6020354628562927,0.6260812604014964,0.6323027008017673,0.6220282500526741,0.6259579563305246
74981,AOI-0056,2016-09-05,0.3888085779962495,озимая пшеница,2016,1,3,audit,0.35061487555503845,0.3723587393760681,0.3540806377298676,0.3532892026968264,0.3486038996907665,0.35059773774697967
74984,AOI-0056,2016-09-29,0.3853832650018635,озимая пшеница,2016,2,3,audit,0.28878477215766907,0.28878477215766907,0.3624300433828679,0.3526957147808922,0.3565952522746531,0.35551390390432913
74985,AOI-0056,2016-10-07,0.2973412620309382,озимая пшеница,2016,1,3,audit,0.2906945049762726,0.28878477215766907,0.2577734274578378,0.25642775092869324,0.26900523732626946,0.2638458986171201
74994,AOI-0056,2017-04-26,0.8454970558149849,озимая пшеница,2017,0,3,audit,0.5841337442398071,0.6963501572608948,0.7726396448742772,0.7831411143069685,0.8206529988602441,0.804458081231169
74995,AOI-0056,2017-05-01,0.8332343657064986,озимая пшеница,2017,0,3,audit,0.7711610794067383,0.6963501572608948,0.8451896641025554,0.8376089513447948,0.8780960684196517,0.8616688011979612
74997,AOI-0056,2017-05-04,0.8697761291310709,озимая пшеница,2017,1,3,audit,0.8602029085159302,0.8673183917999268,0.83853909673463,0.8565414348272107,0.8161726000380713,0.8319709470692388
75007,AOI-0056,2017-06-05,0.8742270582452815,озимая пшеница,2017,0,3,audit,0.8656094670295715,0.8051044940948486,0.8787542697207346,0.9013423855223205,0.9027590742402032,0.9009130615869858
75016,AOI-0056,2017-07-06,0.3539560783447714,озимая пшеница,2017,1,3,audit,0.40708208084106445,0.4124878942966461,0.36434856045304875,0.3680137947675315,0.39730530408697196,0.38491160274451397
75030,AOI-0056,2017-08-16,0.2493753356220171,озимая пшеница,2017,1,3,audit,0.1985846906900406,0.1956658512353897,0.25304510596384183,0.2509382786874777,0.2449688916239606,0.24757027628975203
75038,AOI-0056,2017-09-17,0.2303028484325843,озимая пшеница,2017,1,3,audit,0.1789828985929489,0.1789828985929489,0.22855663515378682,0.21755122837732752,0.23329746305280555,0.22735674849518828
75044,AOI-0056,2017-10-08,0.1665127259877717,озимая пшеница,2017,0,3,audit,0.22648553550243378,0.22843673825263977,0.1640385232777609,0.15316820740454382,0.18970608002851932,0.17510529501873356
75046,AOI-0056,2017-10-11,0.135792967652707,озимая пшеница,2017,1,3,audit,0.20003081858158112,0.12652020156383514,0.1915659520766562,0.17655160362119407,0.17693411514161728,0.17761009453265497
75052,AOI-0056,2018-04-11,0.3077174284882829,озимая пшеница,2018,0,3,audit,0.33925002813339233,0.3479744493961334,0.2995457918964688,0.30463621523657336,0.2844332310455567,0.2925576640084099
75063,AOI-0056,2018-05-30,0.6680938017783686,озимая пшеница,2018,1,3,audit,0.6305845975875854,0.6585889458656311,0.6215408058085768,0.6136124442245949,0.6208072116394199,0.6182540791770055
75070,AOI-0056,2018-06-20,0.6411422089191705,озимая пшеница,2018,0,3,audit,0.6200019717216492,0.6344471573829651,0.6562112144331774,0.6401427242326752,0.6234347123456919,0.6312816443535387
75076,AOI-0056,2018-07-12,0.6809562802832649,озимая пшеница,2018,2,3,audit,0.6263372898101807,0.6528468728065491,0.6367544792236798,0.6434582166393499,0.6603911658140104,0.6529715333856033
75087,AOI-0056,2018-08-27,0.3531277778140082,озимая пшеница,2018,1,3,audit,0.3874899744987488,0.37141796946525574,0.37345587914107087,0.36323253930417215,0.3565287883423936,0.35988725854926973
75093,AOI-0056,2018-09-14,0.3546580320536712,озимая пшеница,2018,2,3,audit,0.34047219157218933,0.3451801836490631,0.3662955180098829,0.38715886388655774,0.3580938542524553,0.3690289096345539
75095,AOI-0056,2018-09-19,0.3185335818556951,озимая пшеница,2018,1,3,audit,0.35631221532821655,0.35631221532821655,0.3375238044656171,0.344128282744778,0.32735139394802487,0.33396581984803975
75101,AOI-0056,2018-10-08,0.2548459267251856,озимая пшеница,2018,0,3,audit,0.2987169921398163,0.29994964599609375,0.29372464009644017,0.29867140080802174,0.2990415530448502,0.2986123516720927
75102,AOI-0056,2018-10-13,0.3287087189816827,озимая пшеница,2018,0,3,audit,0.30179861187934875,0.29994964599609375,0.3263466428587249,0.3304933480723512,0.3239789912638555,0.3264593193154076
75108,AOI-0056,2019-04-07,0.700254115629288,озимая пшеница,2019,1,3,audit,0.6665305495262146,0.6665305495262146,0.7127266341621901,0.7292799845208043,0.7356204583434648,0.7320610650885244
75118,AOI-0056,2019-05-16,0.7836039071074347,озимая пшеница,2019,0,3,audit,0.8042132258415222,0.8108537793159485,0.8339615624349324,0.8349844448043501,0.8036327674892031,0.8166230456911561
75119,AOI-0056,2019-05-17,0.7583313793361818,озимая пшеница,2019,1,3,audit,0.797572672367096,0.8108537793159485,0.8101374628018907,0.8111293880937732,0.7950171182073034,0.8016671539721487
75124,AOI-0056,2019-06-05,0.7371671740345632,озимая пшеница,2019,0,3,audit,0.7097974419593811,0.6869345307350159,0.7084576160249594,0.7128743171410096,0.7056747538888455,0.7084252160715961
75126,AOI-0056,2019-06-11,0.5703685736595288,озимая пшеница,2019,1,3,audit,0.5769076347351074,0.5211822986602783,0.5907382649272581,0.5777616660660447,0.5737964643036723,0.5761684202882619
75127,AOI-0056,2019-06-15,0.4551368616770804,озимая пшеница,2019,0,3,audit,0.5026071667671204,0.5211822986602783,0.4861134927212408,0.4806976597053202,0.4778911004556154,0.4793603180488163
75135,AOI-0056,2019-07-05,0.3056472972165014,озимая пшеница,2019,0,3,audit,0.27461716532707214,0.27473729848861694,0.2787897230586198,0.29668614319809894,0.28415719000966316,0.28837570664463497
75155,AOI-0056,2019-09-30,0.2256484337874515,озимая пшеница,2019,1,3,audit,0.14288637042045593,0.1887310892343521,0.2747135618996047,0.2718175703242218,0.2767257119514019,0.2748442491469858
75160,AOI-0056,2019-10-18,0.2034557949144569,озимая пшеница,2019,0,3,audit,0.2099616974592209,0.22225168347358704,0.1915561487243472,0.18888271656625027,0.173829356333212,0.18024260414318688
75174,AOI-0056,2020-05-04,0.7863842522659652,озимая пшеница,2020,1,3,audit,0.6215488314628601,0.6215488314628601,0.6007314474235909,0.5962290261677865,0.6094851319596133,0.6042189739451778
75177,AOI-0056,2020-05-12,0.6567940314643468,озимая пшеница,2020,1,3,audit,0.5922191739082336,0.5416747331619263,0.6048814111395722,0.6098671990654587,0.6263446092552885,0.6192101117767197
75179,AOI-0056,2020-05-19,0.6954812053211307,озимая пшеница,2020,1,3,audit,0.6242968440055847,0.5554051995277405,0.6414644770240703,0.6326906222003595,0.6441665143970539,0.6398787980069784
75185,AOI-0056,2020-06-04,0.7022323603745761,озимая пшеница,2020,1,3,audit,0.7384278178215027,0.6830209493637085,0.6814323412387198,0.6782983381759745,0.6955197512711447,0.6885272911026858
75191,AOI-0056,2020-06-29,0.5280221914206618,озимая пшеница,2020,0,3,audit,0.5775405168533325,0.5453894138336182,0.556280552016566,0.5493813331497798,0.5701588661393941,0.5618959446032867
75208,AOI-0056,2020-08-12,0.3440449496831904,озимая пшеница,2020,2,3,audit,0.2910986542701721,0.2983131408691406,0.3889838362707264,0.40137063269383605,0.3689874381292237,0.3817748774130629
75216,AOI-0056,2020-08-31,0.3030641163870958,озимая пшеница,2020,1,3,audit,0.25930553674697876,0.2763093411922455,0.26306483281458326,0.2709083945940191,0.27103738546584677,0.27054741200201726
75222,AOI-0056,2020-09-13,0.2565816250465896,озимая пшеница,2020,2,3,audit,0.23183833062648773,0.23686186969280243,0.28676801597856627,0.2970294390095394,0.2787762737264754,0.285801645067934
75225,AOI-0056,2020-09-22,0.1957147761121569,озимая пшеница,2020,0,3,audit,0.17601606249809265,0.1852414757013321,0.18800537485424348,0.18517757536210913,0.17928130008989668,0.18189236250218116
75232,AOI-0056,2020-10-12,0.097526897433454,озимая пшеница,2020,0,3,audit,0.17580072581768036,0.17580072581768036,0.1536489503185908,0.1520314317265635,0.158871365097627,0.15611486212771425
75233,AOI-0056,2020-10-15,0.1963356478167502,озимая пшеница,2020,2,3,audit,0.15937556326389313,0.17580072581768036,0.24572513360921205,0.25269548894718513,0.23639777292617226,0.24279243672140996
75250,AOI-0056,2021-05-20,0.5949376953075968,озимая пшеница,2021,0,3,audit,0.5098243951797485,0.49218329787254333,0.4882378774737587,0.4967043925983646,0.46252798999916417,0.4762797459915954
75254,AOI-0056,2021-06-08,0.5724837190773681,озимая пшеница,2021,1,3,audit,0.6538084745407104,0.6839933395385742,0.6968975180417214,0.688315540889814,0.7227021699118893,0.7088693495236421
75265,AOI-0056,2021-07-09,0.5540559926838448,озимая пшеница,2021,0,3,audit,0.5749078989028931,0.5561524629592896,0.5473899245938981,0.5377316966245629,0.5271462233346302,0.5320886599477945
75275,AOI-0056,2021-07-28,0.4841348490495714,озимая пшеница,2021,2,3,audit,0.49914392828941345,0.4971688389778137,0.4818506813350185,0.4786379817598754,0.47774810998407047,0.4782971394813341
75276,AOI-0056,2021-07-29,0.4755555402598609,озимая пшеница,2021,0,3,audit,0.4978272020816803,0.4971688389778137,0.4858837065871387,0.4818922682078938,0.4800518511932906,0.4810397722501245
75280,AOI-0056,2021-08-18,0.4159099412886615,озимая пшеница,2021,0,3,audit,0.42102235555648804,0.42102235555648804,0.39665279163815265,0.40248372170516855,0.40692619673906205,0.40475309415481237
75286,AOI-0056,2021-09-11,0.4134309189661732,озимая пшеница,2021,1,3,audit,0.4611077904701233,0.4586750268936157,0.41546112312840244,0.40717750355276133,0.38644096778709053,0.3955313639432441
75292,AOI-0056,2021-10-02,0.4770683789584068,озимая пшеница,2021,0,3,audit,0.471691757440567,0.4614098370075226,0.37008297945752,0.3776526587205507,0.38099531687827476,0.37918319239075277
75293,AOI-0056,2021-10-06,0.3920883548930453,озимая пшеница,2021,1,3,audit,0.44427332282066345,0.4614098370075226,0.37359148734503766,0.3740996235597328,0.3237599309269683,0.34468081004754036
75303,AOI-0056,2022-04-25,0.7759738175440796,озимая пшеница,2022,0,3,audit,0.7845848202705383,0.8249660134315491,0.8257899846862119,0.8256468960898162,0.7748104924716308,0.7959743046100978
75313,AOI-0056,2022-06-10,0.839047946137927,озимая пшеница,2022,1,3,audit,0.8265319466590881,0.8330395817756653,0.7490435980754918,0.7602445090082081,0.7735564524783687,0.7673935693217593
75318,AOI-0056,2022-06-29,0.3895268365611775,озимая пшеница,2022,0,3,audit,0.35991254448890686,0.3635936975479126,0.3840404765562969,0.3754090864958477,0.3711330078140405,0.37339263745481854
75331,AOI-0056,2022-07-28,0.2591908989955725,озимая пшеница,2022,1,3,audit,0.18710419535636902,0.18781672418117523,0.3177550718950483,0.31196766139343574,0.28788717778476963,0.2982303264274694
75339,AOI-0056,2022-08-23,0.3151584546675327,озимая пшеница,2022,0,3,audit,0.33977726101875305,0.33654502034187317,0.30485565274285076,0.30094144644026316,0.31529075271864715,0.30953693413700223
75348,AOI-0056,2022-09-17,0.1835963138219704,озимая пшеница,2022,0,3,audit,0.24696579575538635,0.24590475857257843,0.19653137833446926,0.205067180070779,0.20584048163581062,0.20504386927069895
75351,AOI-0056,2022-10-01,0.2964050617451226,озимая пшеница,2022,1,3,audit,0.28904423117637634,0.27991387248039246,0.30779239315611795,0.30350304011376544,0.27851270231675973,0.2891511633506
75354,AOI-0056,2022-10-12,0.2856626733879138,озимая пшеница,2022,0,3,audit,0.28865858912467957,0.29067519307136536,0.23719103450484694,0.2413716881460602,0.24193408522653426,0.2414674943139402
75374,AOI-0056,2023-06-10,0.705456764815505,озимая пшеница,2023,2,3,audit,0.6674168705940247,0.6860881447792053,0.7039605549127749,0.7019386894471057,0.7098051996453414,0.7066439725433232
75378,AOI-0056,2023-06-22,0.6956303221566166,озимая пшеница,2023,1,3,audit,0.7065135836601257,0.7065135836601257,0.7056974022950898,0.6998043586930318,0.6899755154490905,0.6943936402348244
75385,AOI-0056,2023-07-04,0.5319992224562589,озимая пшеница,2023,0,3,audit,0.6029129028320312,0.6130691766738892,0.6007551171634626,0.5715679614359122,0.6061309197854241,0.5933708690685721
75387,AOI-0056,2023-07-12,0.4601092433842711,озимая пшеница,2023,2,3,audit,0.4958869218826294,0.48206037282943726,0.5797373956323337,0.5443335774940371,0.5492839138929273,0.5491931189149939
75389,AOI-0056,2023-07-24,0.4830641903662241,озимая пшеница,2023,0,3,audit,0.471426397562027,0.471426397562027,0.45481674674941724,0.4411893895215058,0.4641581646111249,0.45535759391921177
75395,AOI-0056,2023-08-06,0.4979917763548999,озимая пшеница,2023,1,3,audit,0.43595999479293823,0.43420249223709106,0.48172243808796955,0.482678365573994,0.49277922553159376,0.48852252345336444
75397,AOI-0056,2023-08-09,0.4791811467283891,озимая пшеница,2023,1,3,audit,0.4461832344532013,0.45097312331199646,0.4698117488583767,0.47172630191313886,0.463025558396654,0.4665399255327112
75399,AOI-0056,2023-08-16,0.4451942295236878,озимая пшеница,2023,1,3,audit,0.4369998872280121,0.4443187117576599,0.42359933225514895,0.43060120545859587,0.43535060449005164,0.432984640796395
75409,AOI-0056,2023-09-10,0.4367504108668152,озимая пшеница,2023,1,3,audit,0.29370859265327454,0.30124205350875854,0.31819390999238484,0.3176983817885012,0.32332558484079715,0.32101135634752154
75411,AOI-0056,2023-09-14,0.2825496831904583,озимая пшеница,2023,2,3,audit,0.25706639885902405,0.25543928146362305,0.28361508644509437,0.30836920529373574,0.3027639965693253,0.30371970314623836
75419,AOI-0056,2023-09-29,0.2105970426743564,озимая пшеница,2023,1,3,audit,0.24881981313228607,0.24118955433368683,0.21976933178083716,0.21760758305848507,0.218590083267813,0.21830145623909836
75437,AOI-0056,2024-05-04,0.573370803329785,озимая пшеница,2024,0,3,audit,0.6273319125175476,0.6608155965805054,0.6045647047076675,0.6077284182742987,0.581667704894178,0.5923370365527059
75457,AOI-0056,2024-07-09,0.3565380406409599,озимая пшеница,2024,1,3,audit,0.3589535653591156,0.3483715355396271,0.36502944492599354,0.3636887659502994,0.3653232079323655,0.3647176002099891
75461,AOI-0056,2024-07-17,0.3523058538103336,озимая пшеница,2024,1,3,audit,0.30769628286361694,0.3194640278816223,0.3573207707762396,0.3622578396025276,0.3596423274579164,0.3604561660762098
75463,AOI-0056,2024-07-25,0.5489895192695101,озимая пшеница,2024,1,3,audit,0.37121039628982544,0.34062784910202026,0.35754482067732196,0.36304508252102985,0.35231845182803617,0.3564764504155783
75465,AOI-0056,2024-07-27,0.336324301155423,озимая пшеница,2024,2,3,audit,0.3684370815753937,0.3684370815753937,0.39277686485719276,0.44349781054251514,0.3782974028075361,0.40260959544937547
75467,AOI-0056,2024-08-03,0.5313660975012141,озимая пшеница,2024,1,3,audit,0.3713477551937103,0.3726709485054016,0.37587089992615524,0.37989678570792257,0.38404131654790463,0.3820926095554512
75474,AOI-0056,2024-08-22,0.2564528350966124,озимая пшеница,2024,0,3,audit,0.3193182945251465,0.3115200698375702,0.28722851916456155,0.293866975719105,0.2917280038426309,0.2922488889474686
75475,AOI-0056,2024-08-26,0.3156362044909944,озимая пшеница,2024,1,3,audit,0.2881254255771637,0.3115200698375702,0.3305328393589616,0.33241013509165845,0.3204005994533066,0.32529401130205343
75488,AOI-0056,2024-09-21,0.2637404119532984,озимая пшеница,2024,0,3,audit,0.28168025612831116,0.2614547610282898,0.22713611099191733,0.22168061201529596,0.23451430211200122,0.2294769490943316
75489,AOI-0056,2024-09-26,0.182205828264344,озимая пшеница,2024,0,3,audit,0.24122925102710724,0.2614547610282898,0.19666956335251753,0.1966577186773396,0.20667709047512356,0.20250813186719716
98564,AOI-0076,2010-05-09,0.5479086877828054,озимая пшеница,2010,2,3,audit,0.35289230942726135,0.4759461283683777,0.49899970060614657,0.49894951634557433,0.4976832577800307,0.4982130098130698
98570,AOI-0076,2010-07-03,0.5005902361460116,озимая пшеница,2010,1,3,audit,0.6086697578430176,0.6080708503723145,0.5152230853615942,0.5234613814939121,0.4995186682861212,0.5090243118939628
98571,AOI-0076,2010-07-12,0.6117803619909502,озимая пшеница,2010,2,3,audit,0.6074719429016113,0.6080708503723145,0.5671358729817562,0.5803683753891817,0.5697205409856163,0.5734156470374148
98594,AOI-0076,2011-06-26,0.6257624434389142,озимая пшеница,2011,2,3,audit,0.661723256111145,0.6610152721405029,0.654068840544698,0.6394139460018983,0.6372353375223456,0.638957146889086
98595,AOI-0076,2011-07-06,0.4222256898561575,озимая пшеница,2011,1,3,audit,0.6546432375907898,0.6610152721405029,0.6025089571713932,0.6070879075602781,0.5484408636052021,0.5725924568367241
98597,AOI-0076,2011-07-14,0.4679140275346266,озимая пшеница,2011,1,3,audit,0.6425198912620544,0.6188940405845642,0.5130115221095406,0.5131157907357045,0.5330216377408843,0.5247319086004018
98605,AOI-0076,2011-09-14,0.4591720361990951,озимая пшеница,2011,2,3,audit,0.2705543637275696,0.2850119471549988,0.4565643500136004,0.44430344359444685,0.4444226338908182,0.44505503739573826
98609,AOI-0076,2012-04-06,0.2634116742081449,озимая пшеница,2012,2,3,audit,0.45130208134651184,0.45130208134651184,0.31189031818558527,0.32577552038392604,0.31875010714994795,0.32090141641103787
98610,AOI-0076,2012-04-11,0.1943733112507553,озимая пшеница,2012,1,3,audit,0.45130208134651184,0.45130208134651184,0.19641611912278464,0.19133584114219152,0.19759635049045876,0.1952735918736719
98612,AOI-0076,2012-04-27,0.3054946711162218,озимая пшеница,2012,1,3,audit,0.46046340465545654,0.46596017479896545,0.2836951372855362,0.27841994817219434,0.255811854191851,0.2655137676851985
98632,AOI-0076,2013-04-23,0.4349229864253394,озимая пшеница,2013,2,3,audit,0.3044492304325104,0.34089577198028564,0.40224664650733677,0.3543830011838388,0.39212511855100823,0.3790809110685319
98634,AOI-0076,2013-05-16,0.5646207483570195,озимая пшеница,2013,1,3,audit,0.48494505882263184,0.48692837357521057,0.30594654008553984,0.3106814986100258,0.3078882032022991,0.30878726957567076
98638,AOI-0076,2013-06-25,0.70346344121959,озимая пшеница,2013,1,3,audit,0.7740840315818787,0.7150834798812866,0.6885454444115665,0.6836994477200549,0.6872191576802582,0.6860239662672528
98652,AOI-0076,2013-10-23,0.3313912656758873,озимая пшеница,2013,1,3,audit,0.39282822608947754,0.39282822608947754,0.3486327248558201,0.33921534987083424,0.34167657826960307,0.34117615990619266
98657,AOI-0076,2014-05-09,0.4622167420814479,озимая пшеница,2014,2,3,audit,0.3885023593902588,0.32955488562583923,0.5459276997532728,0.5748157666492808,0.5980586018025158,0.5867790857474439
98660,AOI-0076,2014-05-25,0.6725799095022625,озимая пшеница,2014,2,3,audit,0.5911477208137512,0.5680984854698181,0.675663848280899,0.6834396274132755,0.7418087498335201,0.7170855911362758
98665,AOI-0076,2014-06-26,0.8176130316742083,озимая пшеница,2014,2,3,audit,0.7606772184371948,0.7613654732704163,0.7675376500777271,0.7585506398221182,0.7681308879262444,0.7646439110358696
98673,AOI-0076,2014-08-23,0.3436249128628935,озимая пшеница,2014,1,3,audit,0.38302430510520935,0.3769718408584595,0.3243677826217621,0.3346496254513244,0.3153247214147232,0.3227949669780409
98683,AOI-0076,2015-04-23,0.314106334841629,озимая пшеница,2015,2,3,audit,0.2720480263233185,0.25871461629867554,0.4122456061960956,0.45526874933969286,0.41118606307617767,0.42713818356253447
98688,AOI-0076,2015-05-25,0.720378371040724,озимая пшеница,2015,2,3,audit,0.6474773287773132,0.6627911925315857,0.6849386538609514,0.69563842262724,0.7329243384338332,0.7168124286833495
98704,AOI-0076,2015-09-11,0.2415979786653008,озимая пшеница,2015,1,3,audit,0.34827518463134766,0.3411577343940735,0.2399058965664551,0.24656036987957894,0.25725806761726083,0.2524360101385924
98706,AOI-0076,2015-09-19,0.2397915208367929,озимая пшеница,2015,1,3,audit,0.2998897433280945,0.28281182050704956,0.24799762256734995,0.2498108133518572,0.25440450047502405,0.2523919543581645
98713,AOI-0076,2015-10-29,0.2004928997229221,озимая пшеница,2015,1,3,audit,0.20214131474494934,0.20214131474494934,0.22043999301004066,0.2193215309913097,0.19588370423935225,0.20569970032230345
98721,AOI-0076,2016-07-03,0.8456522942375237,озимая пшеница,2016,1,3,audit,0.8102510571479797,0.8102510571479797,0.8593580529626378,0.8434139276061468,0.8514000651291047,0.8489634714026504
98728,AOI-0076,2016-09-13,0.3796111224498387,озимая пшеница,2016,1,3,audit,0.39740312099456787,0.4021030366420746,0.43054051541123445,0.408222226999621,0.37273143689351657,0.38874256792187506
98729,AOI-0076,2016-09-29,0.4509621719457014,озимая пшеница,2016,2,3,audit,0.40366965532302856,0.4021030366420746,0.45995843865838165,0.44200978315313155,0.46103710645605567,0.4541171624101704
98733,AOI-0076,2017-04-29,0.5090113382310367,озимая пшеница,2017,0,3,audit,0.5775108337402344,0.5741333961486816,0.511982187868205,0.4920555800309513,0.4690206215075789,0.47971515301721823
98739,AOI-0076,2017-05-27,0.7648688136909748,озимая пшеница,2017,1,3,audit,0.7925539016723633,0.7989946603775024,0.8155496654099137,0.811650336616637,0.7802729308071678,0.7935477109670552
98742,AOI-0076,2017-06-10,0.749545339366516,озимая пшеница,2017,2,3,audit,0.7752379775047302,0.768110990524292,0.7460963141159476,0.7382685269520072,0.7333879536882949,0.7358544472152104
98746,AOI-0076,2017-06-28,0.649814651650232,озимая пшеница,2017,1,3,audit,0.6031851768493652,0.6031851768493652,0.5805436594771551,0.5883288861445207,0.5886164245886423,0.5880637155221785
98749,AOI-0076,2017-07-12,0.4935729411764706,озимая пшеница,2017,2,3,audit,0.36410412192344666,0.39902907609939575,0.4107737278948656,0.4333186866045883,0.4437655257769758,0.43816396622909226
98769,AOI-0076,2017-10-11,0.1748669663549091,озимая пшеница,2017,0,3,audit,0.22449101507663727,0.23427531123161316,0.20147817852223596,0.20340570763905227,0.1808197053143602,0.1901117785685152
98772,AOI-0076,2018-04-04,-0.0676301960110969,озимая пшеница,2018,1,3,audit,0.15464502573013306,0.15464502573013306,0.127999030863427,0.11549053727700143,0.09730981308774524,0.1055715999611816
98773,AOI-0076,2018-04-07,0.2292342986425339,озимая пшеница,2018,2,3,audit,0.15464502573013306,0.15464502573013306,0.2723200895703578,0.276349110408899,0.2585675031612849,0.2657433064498672
98781,AOI-0076,2018-05-06,0.2784662288607501,озимая пшеница,2018,1,3,audit,0.3032225966453552,0.3234812021255493,0.2741637069295048,0.27709488646324115,0.26210672957001196,0.2681810896444836
98786,AOI-0076,2018-05-26,0.2698460885978164,озимая пшеница,2018,0,3,audit,0.43501508235931396,0.40854647755622864,0.30460674752924705,0.2927314212180599,0.34162462486459294,0.3219380030069713
98788,AOI-0076,2018-06-07,0.5206511012873896,озимая пшеница,2018,1,3,audit,0.6322278380393982,0.5485416650772095,0.4337745093979585,0.4403483111946715,0.4606854010790782,0.45185634409352854
98811,AOI-0076,2018-10-01,0.2450415562952537,озимая пшеница,2018,0,3,audit,0.34480345249176025,0.2869543135166168,0.2733339860089526,0.24895498902248483,0.2287623853250212,0.23852171636690622
98816,AOI-0076,2019-04-06,0.303699276160297,озимая пшеница,2019,0,3,audit,0.40657922625541687,0.3799450695514679,0.27563021116648545,0.2856292662891523,0.3056838859959638,0.2967818529874808
98818,AOI-0076,2019-04-21,0.4559348208225339,озимая пшеница,2019,0,3,audit,0.4397766590118408,0.431256502866745,0.3778402056193119,0.36214076205052387,0.39541961440626333,0.38244370605171074
98833,AOI-0076,2019-05-31,0.8334292780091698,озимая пшеница,2019,0,3,audit,0.7688528299331665,0.7688528299331665,0.7910178853821267,0.7846128473780274,0.7998301911649127,0.7938536848797952
98840,AOI-0076,2019-06-18,0.5211946434273278,озимая пшеница,2019,0,3,audit,0.540074348449707,0.5637134313583374,0.5512809382261951,0.5305634698010462,0.5722450399785466,0.5560514182110742
98860,AOI-0076,2019-08-12,0.4368751444946387,озимая пшеница,2019,0,3,audit,0.45912379026412964,0.4255073070526123,0.36333637197108404,0.3549561004296426,0.3599612299888622,0.35834446474088744
98866,AOI-0076,2019-09-01,0.2273010898955597,озимая пшеница,2019,0,3,audit,0.2250242531299591,0.2248270958662033,0.27352627094068516,0.2638492742697955,0.2447566935149818,0.2532404543485359
98870,AOI-0076,2019-09-13,0.2698358284808183,озимая пшеница,2019,0,3,audit,0.3101283013820648,0.29759708046913147,0.2579207295783015,0.256375625935776,0.27405946655589025,0.2667861830621918
98874,AOI-0076,2019-09-23,0.2352679439956861,озимая пшеница,2019,0,3,audit,0.15317679941654205,0.17365768551826477,0.24509053217996354,0.24820818021538826,0.24260120555521017,0.24476116212307508
98878,AOI-0076,2019-10-13,0.3299377611357675,озимая пшеница,2019,0,3,audit,0.3728892505168915,0.3839760720729828,0.3526839431459581,0.3496149166123906,0.35645820365407105,0.35378104425216317
98882,AOI-0076,2019-10-26,0.4993821891006924,озимая пшеница,2019,0,3,audit,0.41580891609191895,0.41580891609191895,0.39313052693910827,0.378723628641129,0.36132082174640656,0.36936447156721364
98885,AOI-0076,2020-04-06,0.4875874208144795,озимая пшеница,2020,2,3,audit,0.35652869939804077,0.38660553097724915,0.5026063628349332,0.5362195201983858,0.4943442009615422,0.5099011378906221
98909,AOI-0076,2020-06-25,0.5746781900452489,озимая пшеница,2020,2,3,audit,0.38593608140945435,0.37769266963005066,0.44474672426514794,0.4637236649895993,0.5161124215203959,0.493254967874029
98910,AOI-0076,2020-06-27,0.403673868082439,озимая пшеница,2020,0,3,audit,0.3529624044895172,0.37769266963005066,0.355638988792044,0.377296046212078,0.37820498560229937,0.3766220652011065
98916,AOI-0076,2020-07-19,0.2136698973254124,озимая пшеница,2020,0,3,audit,0.23813480138778687,0.23245443403720856,0.2244083020710351,0.23089861117565133,0.2444463182206912,0.23844734500263998
98919,AOI-0076,2020-07-27,0.2595975063973244,озимая пшеница,2020,0,3,audit,0.18615858256816864,0.16982494294643402,0.41833078625062714,0.3867438946720899,0.3978600984355316,0.39499102922102475
98923,AOI-0076,2020-08-06,0.2667392424299277,озимая пшеница,2020,0,3,audit,0.3042256236076355,0.2889418601989746,0.291345095017691,0.27426757327658685,0.2675889770547857,0.2713182385357594
98930,AOI-0076,2020-08-18,0.2773102954510494,озимая пшеница,2020,0,3,audit,0.23050522804260254,0.2278749644756317,0.24772664176739279,0.25118676206724505,0.26131499818145504,0.2569076092119761
98931,AOI-0076,2020-08-21,0.2698004140350199,озимая пшеница,2020,0,3,audit,0.2252447009086609,0.2278749644756317,0.2713114113415465,0.26656287202876094,0.2523750051340765,0.25854349959461037
98935,AOI-0076,2020-08-31,0.2504808871680818,озимая пшеница,2020,0,3,audit,0.1678343415260315,0.14463457465171814,0.272960236440774,0.25720028584925075,0.255372402698489,0.2570097238113501
98940,AOI-0076,2020-09-12,0.2046511915652467,озимая пшеница,2020,0,3,audit,0.34055793285369873,0.3042333126068115,0.186076710326767,0.18064066193878087,0.18042364038559766,0.18081633188961388
98945,AOI-0076,2020-09-22,0.164080276937855,озимая пшеница,2020,0,3,audit,0.20039980113506317,0.20039980113506317,0.20127576441804726,0.21236792786938294,0.22103705705408577,0.21681235596973325
98948,AOI-0076,2020-09-27,0.2008366871878851,озимая пшеница,2020,0,3,audit,0.2619333267211914,0.2619333267211914,0.19385195507455455,0.2018532675072999,0.18891584729002506,0.19385475890292658
98966,AOI-0076,2021-04-28,0.1984119456478993,озимая пшеница,2021,0,3,audit,0.19638550281524658,0.1097293496131897,0.1948857419613366,0.1769855032970284,0.18832206611051647,0.1845999817841369
98971,AOI-0076,2021-05-09,0.4654180090497738,озимая пшеница,2021,2,3,audit,0.2533927857875824,0.2500809133052826,0.4591660282621557,0.4586067032674083,0.5309543119415666,0.5008775631464857
98996,AOI-0076,2021-07-12,0.8062227357410487,озимая пшеница,2021,0,3,audit,0.7988916635513306,0.8028170466423035,0.6939429218639183,0.6812158118997258,0.6726060487206755,0.6768969871825861
98998,AOI-0076,2021-07-17,0.7209453591325382,озимая пшеница,2021,0,3,audit,0.737274169921875,0.7449268698692322,0.7879072885141577,0.769182445642651,0.7806044299069186,0.7768926650579533
98999,AOI-0076,2021-07-18,0.7656544137018575,озимая пшеница,2021,1,3,audit,0.7219688296318054,0.7449268698692322,0.7865640497369667,0.7684919067459335,0.7588382200120346,0.7638609071860718
99004,AOI-0076,2021-07-27,0.7334848125535506,озимая пшеница,2021,0,3,audit,0.5898270010948181,0.6338784098625183,0.7048330981920907,0.7025810558674255,0.7325798511946923,0.7202209536279968
99009,AOI-0076,2021-08-03,0.6274356551781325,озимая пшеница,2021,1,3,audit,0.630358099937439,0.6018673777580261,0.5772449048114757,0.5730752941746263,0.6161288123563836,0.5984437825879287
99013,AOI-0076,2021-08-18,0.3124304930220763,озимая пшеница,2021,0,3,audit,0.307919979095459,0.3363632261753082,0.340355223541869,0.34919944014375254,0.3478192698423522,0.34790168142326294
99014,AOI-0076,2021-08-19,0.3586739759809293,озимая пшеница,2021,1,3,audit,0.27947676181793213,0.3363632261753082,0.35383047500609777,0.35238654482363807,0.33678919937803387,0.34336043939405203
99022,AOI-0076,2021-09-07,0.2625380672792744,озимая пшеница,2021,0,3,audit,0.2577698826789856,0.2587382197380066,0.31377918796452997,0.3061424682203376,0.3225278029335139,0.31613374223198265
99029,AOI-0076,2021-10-06,0.2500611025731365,озимая пшеница,2021,1,3,audit,0.16603830456733704,0.15693068504333496,0.26167673291970367,0.26089937421392234,0.23716250928038657,0.247083978113258
99033,AOI-0076,2021-10-20,0.2720888791946325,озимая пшеница,2021,0,3,audit,0.2310146540403366,0.2208057940006256,0.24524076366210856,0.24712287733107266,0.2406807063518881,0.24325696034893474
99050,AOI-0076,2022-05-20,0.3249321829141965,озимая пшеница,2022,1,3,audit,0.24160140752792358,0.24278385937213898,0.2764798134127875,0.2856337184106929,0.25223525961555276,0.2656250343250788
99053,AOI-0076,2022-05-30,0.3002819821341477,озимая пшеница,2022,0,3,audit,0.4178367853164673,0.45117226243019104,0.25002382434284,0.252205993873531,0.2799849645753099,0.2683032091616061
99060,AOI-0076,2022-06-12,0.3348424286305885,озимая пшеница,2022,0,3,audit,0.3706401288509369,0.3706401288509369,0.3604874307594403,0.3529006332543051,0.3241283712914677,0.33652411943731164
99064,AOI-0076,2022-06-19,0.4982260171628715,озимая пшеница,2022,0,3,audit,0.5556100606918335,0.5947917699813843,0.43563732046308923,0.45626109587661534,0.47401557349303725,0.46547976405858627
99071,AOI-0076,2022-07-05,0.840064754369339,озимая пшеница,2022,1,3,audit,0.8072816729545593,0.8077272176742554,0.7952105107772973,0.7824152108795344,0.806058962406333,0.7969312138392419
99082,AOI-0076,2022-08-06,0.8710092368204354,озимая пшеница,2022,0,3,audit,0.8493454456329346,0.8418387770652771,0.8297797755727747,0.833320776938937,0.850004835789817,0.8428647056623906
99083,AOI-0076,2022-08-13,0.8214411764705885,озимая пшеница,2022,2,3,audit,0.8405876755714417,0.8418387770652771,0.7540707106495166,0.7829804479662965,0.8292248458906377,0.8083718957847994
99084,AOI-0076,2022-08-21,0.7520663254115973,озимая пшеница,2022,0,3,audit,0.8305788040161133,0.8418387770652771,0.8083039680151604,0.8105505445793109,0.8122103296950138,0.8113946364519851
99098,AOI-0076,2022-09-30,0.528801447963801,озимая пшеница,2022,2,3,audit,0.4541793465614319,0.488158643245697,0.5073000908260467,0.49813219183010904,0.5005163002038359,0.5000340988239588
99104,AOI-0076,2022-10-16,0.4225192056402672,озимая пшеница,2022,1,3,audit,0.3930377662181854,0.3930377662181854,0.45213011700121647,0.43097242888518683,0.44594837765315964,0.4408929361396636
99115,AOI-0076,2023-05-09,0.4323121266968325,озимая пшеница,2023,2,3,audit,0.2570177912712097,0.25171053409576416,0.4983206293403434,0.4957303014485069,0.5142975114159979,0.5067147487828312
99117,AOI-0076,2023-05-15,0.2358892590525689,озимая пшеница,2023,0,3,audit,0.2649777829647064,0.2649777829647064,0.21693428962167452,0.22002120376568407,0.22250616813472365,0.2213003286930748
99120,AOI-0076,2023-05-25,0.2772156613425086,озимая пшеница,2023,0,3,audit,0.33339783549308777,0.33339783549308777,0.5414166034414039,0.5603823871313571,0.38726069290623055,0.45825129181600277
99127,AOI-0076,2023-06-09,0.5528176486357411,озимая пшеница,2023,0,3,audit,0.6747731566429138,0.6518118977546692,0.533687708670542,0.5238455586352241,0.5407298127326153,0.5342507996198999
99131,AOI-0076,2023-06-21,0.7151272655040447,озимая пшеница,2023,1,3,audit,0.6081476211547852,0.6250561475753784,0.6075480989573236,0.6041471238969899,0.6249851215058847,0.6165024496686824
99133,AOI-0076,2023-06-23,0.5894584067179409,озимая пшеница,2023,1,3,audit,0.6005498766899109,0.6267690658569336,0.589015726375176,0.5967918888816421,0.6145483057438772,0.6067263296725979
99144,AOI-0076,2023-07-27,0.3356069795127273,озимая пшеница,2023,0,3,audit,0.49736154079437256,0.48097148537635803,0.41531512263632775,0.42374726655303885,0.43200610538939893,0.4281001108364181
99148,AOI-0076,2023-08-03,0.3601563534518318,озимая пшеница,2023,0,3,audit,0.4251375198364258,0.41713207960128784,0.394730583630116,0.41330792722534404,0.3922576776842298,0.39998450338801295
99159,AOI-0076,2023-09-01,0.2805250953862648,озимая пшеница,2023,1,3,audit,0.219355046749115,0.2145395576953888,0.2791369609991243,0.28801669688126785,0.28971933205497685,0.2885168412042562
99170,AOI-0076,2023-09-30,0.1818527194288614,озимая пшеница,2023,0,3,audit,0.19720648229122162,0.17602671682834625,0.30606666246315617,0.3044076276918088,0.31364926033849233,0.3098955861300064
99192,AOI-0076,2024-05-09,0.6276514959820338,озимая пшеница,2024,0,3,audit,0.6977302432060242,0.6769482493400574,0.6050169188751033,0.6000410782231849,0.6307224314723054,0.6182309931888036
99198,AOI-0076,2024-05-27,0.5754475614049848,озимая пшеница,2024,0,3,audit,0.5701509714126587,0.5764111876487732,0.5506822565335897,0.5503135794539195,0.5271848857986892,0.5368305281032558
99203,AOI-0076,2024-06-08,0.4618369484133969,озимая пшеница,2024,0,3,audit,0.5187011361122131,0.5117906332015991,0.47850394070566166,0.4633488460768513,0.4607637431210058,0.46268254074676124
99215,AOI-0076,2024-07-08,0.3751127283639115,озимая пшеница,2024,0,3,audit,0.31274479627609253,0.2927672863006592,0.32316528446945675,0.3045640499363851,0.31078516524992433,0.30923089538852855
99218,AOI-0076,2024-07-16,0.1836609213237663,озимая пшеница,2024,0,3,audit,0.2801477611064911,0.25046592950820923,0.24477899891096416,0.23159771959334252,0.2106451139086828,0.22009785801100565
99225,AOI-0076,2024-07-27,0.5204386425339367,озимая пшеница,2024,2,3,audit,0.23682214319705963,0.23682214319705963,0.4259555036441261,0.3927659426322776,0.43167092136137253,0.41732654592204715
99227,AOI-0076,2024-07-31,0.1717464292404856,озимая пшеница,2024,0,3,audit,0.22132746875286102,0.22311124205589294,0.28839476425054106,0.3004382507954171,0.25474105025037697,0.27308828378309646
99234,AOI-0076,2024-08-20,0.2243303812884994,озимая пшеница,2024,0,3,audit,0.3017648160457611,0.3021594285964966,0.24649589802517236,0.23803173644088746,0.23930383850747367,0.23924525980384548
99235,AOI-0076,2024-08-22,0.2195915966618103,озимая пшеница,2024,0,3,audit,0.3021594285964966,0.3021594285964966,0.20903463090340493,0.21736268147667015,0.2213075050488686,0.21920260213793286
99236,AOI-0076,2024-08-25,0.2024770533964968,озимая пшеница,2024,0,3,audit,0.302751362323761,0.3021594285964966,0.2507369195752651,0.23768177693341472,0.22952171980519492,0.23364375719711694
99238,AOI-0076,2024-08-27,0.2076751613566182,озимая пшеница,2024,0,3,audit,0.36048880219459534,0.36048880219459534,0.20643925298865,0.20476363401172465,0.20797518647575272,0.20673188625637326
99253,AOI-0076,2024-09-29,0.2260639462059682,озимая пшеница,2024,0,3,audit,0.23327817022800446,0.23327817022800446,0.2927355039202642,0.2679267653933307,0.3210424602280125,0.30031803803361906
99257,AOI-0076,2024-10-11,0.2255296176556669,озимая пшеница,2024,0,3,audit,0.2707294225692749,0.26277875900268555,0.1933443131522287,0.19305375784180007,0.19359102468342057,0.1933836000469495
